[gl067.hpc.nyu.edu:1826655] pmix_mca_base_component_repository_open: unable to open /scratch/lf2869/conda_envs/desc/lib/pmix/pmix_mca_pcompress_zlib.so: File /scratch/lf2869/conda_envs/desc/lib/pmix/pmix_mca_pcompress_zlib.so.sl not found (ignored)
E0805 00:28:48.585236 1826655 pjrt_stream_executor_client.cc:2916] Execution of replica 0 failed: INTERNAL: A CUDA call failed.
Traceback (most recent call last):
  File "/scratch/lf2869/project/fem-data/beams-qss/./run_all.py", line 9, in <module>
    Jstress.save_run_vtu(str(out_dir))
  File "/scratch/lf2869/code/coil-fem/src/coil_fem/simsopt/objectives.py", line 316, in save_run_vtu
    return self.fem.save_run_vtu(
           ^^^^^^^^^^^^^^^^^^^^^^
  File "/scratch/lf2869/code/coil-fem/src/coil_fem/coil_fem.py", line 1632, in save_run_vtu
    result = self.run(
             ^^^^^^^^^
  File "/scratch/lf2869/code/coil-fem/src/coil_fem/coil_fem.py", line 917, in run
    solved = self._solve_all(
             ^^^^^^^^^^^^^^^^
  File "/scratch/lf2869/code/coil-fem/src/coil_fem/coil_fem.py", line 827, in _solve_all
    result = solve_monolithic(
             ^^^^^^^^^^^^^^^^^
  File "/scratch/lf2869/code/coil-fem/src/coil_fem/coupling/drivers.py", line 660, in solve_monolithic
    sol_flat = static.merged_solve(
               ^^^^^^^^^^^^^^^^^^^^
  File "/scratch/lf2869/code/coil-fem/src/coil_fem/coupling/drivers.py", line 452, in merged_solve
    sol_flat, inertia = solver_K(f_merged, csr_values)
                        ^^^^^^^^^^^^^^^^^^^^^^^^^^^^^^
  File "/scratch/lf2869/conda_envs/desc/lib/python3.12/site-packages/spineax/cudss/solver.py", line 798, in __call__
    return solve(b, csr_values,
           ^^^^^^^^^^^^^^^^^^^^
ValueError: INTERNAL: A CUDA call failed.
--------------------
For simplicity, JAX has removed its internal frames from the traceback of the following exception. Set JAX_TRACEBACK_FILTERING=off to include these.
E0805 00:28:48.681862 1826655 cuda_executor.cc:251] failed to unload module 0x5642641f9320; leaking: INTERNAL: CUDA error: : CUDA_ERROR_ILLEGAL_ADDRESS: an illegal memory access was encountered
E0805 00:28:48.683573 1826655 cuda_executor.cc:251] failed to unload module 0x5642646a6630; leaking: INTERNAL: CUDA error: : CUDA_ERROR_ILLEGAL_ADDRESS: an illegal memory access was encountered
E0805 00:28:48.685298 1826655 cuda_executor.cc:251] failed to unload module 0x56425e0d85e0; leaking: INTERNAL: CUDA error: : CUDA_ERROR_ILLEGAL_ADDRESS: an illegal memory access was encountered
E0805 00:28:48.695199 1826655 cuda_executor.cc:251] failed to unload module 0x56426ad79cf0; leaking: INTERNAL: CUDA error: : CUDA_ERROR_ILLEGAL_ADDRESS: an illegal memory access was encountered
E0805 00:28:48.696215 1826655 cuda_executor.cc:251] failed to unload module 0x56426af2b2b0; leaking: INTERNAL: CUDA error: : CUDA_ERROR_ILLEGAL_ADDRESS: an illegal memory access was encountered
E0805 00:28:48.699550 1826655 cuda_executor.cc:251] failed to unload module 0x564213d97130; leaking: INTERNAL: CUDA error: : CUDA_ERROR_ILLEGAL_ADDRESS: an illegal memory access was encountered
E0805 00:28:48.700918 1826655 cuda_executor.cc:251] failed to unload module 0x5642146154f0; leaking: INTERNAL: CUDA error: : CUDA_ERROR_ILLEGAL_ADDRESS: an illegal memory access was encountered
E0805 00:28:48.702007 1826655 cuda_executor.cc:251] failed to unload module 0x564214819870; leaking: INTERNAL: CUDA error: : CUDA_ERROR_ILLEGAL_ADDRESS: an illegal memory access was encountered
E0805 00:28:48.702913 1826655 cuda_executor.cc:251] failed to unload module 0x5642143a7c20; leaking: INTERNAL: CUDA error: : CUDA_ERROR_ILLEGAL_ADDRESS: an illegal memory access was encountered
E0805 00:28:48.703705 1826655 cuda_executor.cc:251] failed to unload module 0x5642144ee3b0; leaking: INTERNAL: CUDA error: : CUDA_ERROR_ILLEGAL_ADDRESS: an illegal memory access was encountered
E0805 00:28:48.705511 1826655 cuda_executor.cc:251] failed to unload module 0x564219e19b20; leaking: INTERNAL: CUDA error: : CUDA_ERROR_ILLEGAL_ADDRESS: an illegal memory access was encountered
E0805 00:28:48.706826 1826655 cuda_executor.cc:251] failed to unload module 0x564215f1b810; leaking: INTERNAL: CUDA error: : CUDA_ERROR_ILLEGAL_ADDRESS: an illegal memory access was encountered
E0805 00:28:48.708150 1826655 cuda_executor.cc:251] failed to unload module 0x564218e73770; leaking: INTERNAL: CUDA error: : CUDA_ERROR_ILLEGAL_ADDRESS: an illegal memory access was encountered
E0805 00:28:48.710018 1826655 cuda_executor.cc:251] failed to unload module 0x56421a3902c0; leaking: INTERNAL: CUDA error: : CUDA_ERROR_ILLEGAL_ADDRESS: an illegal memory access was encountered
E0805 00:28:48.711247 1826655 cuda_executor.cc:251] failed to unload module 0x56421a41a4c0; leaking: INTERNAL: CUDA error: : CUDA_ERROR_ILLEGAL_ADDRESS: an illegal memory access was encountered
E0805 00:28:48.712937 1826655 cuda_executor.cc:251] failed to unload module 0x564219f01780; leaking: INTERNAL: CUDA error: : CUDA_ERROR_ILLEGAL_ADDRESS: an illegal memory access was encountered
E0805 00:28:48.713983 1826655 cuda_executor.cc:251] failed to unload module 0x56421d4c0560; leaking: INTERNAL: CUDA error: : CUDA_ERROR_ILLEGAL_ADDRESS: an illegal memory access was encountered
E0805 00:28:48.715066 1826655 cuda_executor.cc:251] failed to unload module 0x56421f8a10b0; leaking: INTERNAL: CUDA error: : CUDA_ERROR_ILLEGAL_ADDRESS: an illegal memory access was encountered
E0805 00:28:48.716480 1826655 cuda_executor.cc:251] failed to unload module 0x56420f9f3850; leaking: INTERNAL: CUDA error: : CUDA_ERROR_ILLEGAL_ADDRESS: an illegal memory access was encountered
E0805 00:28:48.717615 1826655 cuda_executor.cc:251] failed to unload module 0x56421deda740; leaking: INTERNAL: CUDA error: : CUDA_ERROR_ILLEGAL_ADDRESS: an illegal memory access was encountered
E0805 00:28:48.718486 1826655 cuda_executor.cc:251] failed to unload module 0x564220cd2840; leaking: INTERNAL: CUDA error: : CUDA_ERROR_ILLEGAL_ADDRESS: an illegal memory access was encountered
E0805 00:28:48.720051 1826655 cuda_executor.cc:251] failed to unload module 0x56421669dae0; leaking: INTERNAL: CUDA error: : CUDA_ERROR_ILLEGAL_ADDRESS: an illegal memory access was encountered
E0805 00:28:48.723398 1826655 cuda_executor.cc:251] failed to unload module 0x5642177faa30; leaking: INTERNAL: CUDA error: : CUDA_ERROR_ILLEGAL_ADDRESS: an illegal memory access was encountered
E0805 00:28:48.753758 1826655 cuda_executor.cc:251] failed to unload module 0x56421c8f5830; leaking: INTERNAL: CUDA error: : CUDA_ERROR_ILLEGAL_ADDRESS: an illegal memory access was encountered
E0805 00:28:48.768490 1826655 cuda_executor.cc:251] failed to unload module 0x56421cae0c40; leaking: INTERNAL: CUDA error: : CUDA_ERROR_ILLEGAL_ADDRESS: an illegal memory access was encountered
E0805 00:28:48.772888 1826655 cuda_executor.cc:251] failed to unload module 0x5642544a4ee0; leaking: INTERNAL: CUDA error: : CUDA_ERROR_ILLEGAL_ADDRESS: an illegal memory access was encountered
E0805 00:28:48.776386 1826655 cuda_executor.cc:251] failed to unload module 0x56425fac2fd0; leaking: INTERNAL: CUDA error: : CUDA_ERROR_ILLEGAL_ADDRESS: an illegal memory access was encountered
E0805 00:28:48.778374 1826655 cuda_executor.cc:251] failed to unload module 0x56422d764390; leaking: INTERNAL: CUDA error: : CUDA_ERROR_ILLEGAL_ADDRESS: an illegal memory access was encountered
E0805 00:28:48.779617 1826655 cuda_executor.cc:251] failed to unload module 0x56424ab75d10; leaking: INTERNAL: CUDA error: : CUDA_ERROR_ILLEGAL_ADDRESS: an illegal memory access was encountered
E0805 00:28:48.781538 1826655 cuda_executor.cc:251] failed to unload module 0x56423a6582a0; leaking: INTERNAL: CUDA error: : CUDA_ERROR_ILLEGAL_ADDRESS: an illegal memory access was encountered
E0805 00:28:48.782840 1826655 cuda_executor.cc:251] failed to unload module 0x56423d6c2c60; leaking: INTERNAL: CUDA error: : CUDA_ERROR_ILLEGAL_ADDRESS: an illegal memory access was encountered
E0805 00:28:48.784129 1826655 cuda_executor.cc:251] failed to unload module 0x56424efac160; leaking: INTERNAL: CUDA error: : CUDA_ERROR_ILLEGAL_ADDRESS: an illegal memory access was encountered
E0805 00:28:48.785706 1826655 cuda_executor.cc:251] failed to unload module 0x56424acf8b40; leaking: INTERNAL: CUDA error: : CUDA_ERROR_ILLEGAL_ADDRESS: an illegal memory access was encountered
E0805 00:28:48.787262 1826655 cuda_executor.cc:251] failed to unload module 0x564230746720; leaking: INTERNAL: CUDA error: : CUDA_ERROR_ILLEGAL_ADDRESS: an illegal memory access was encountered
E0805 00:28:48.788639 1826655 cuda_executor.cc:251] failed to unload module 0x56425035d940; leaking: INTERNAL: CUDA error: : CUDA_ERROR_ILLEGAL_ADDRESS: an illegal memory access was encountered
E0805 00:28:48.789918 1826655 cuda_executor.cc:251] failed to unload module 0x5642458ef700; leaking: INTERNAL: CUDA error: : CUDA_ERROR_ILLEGAL_ADDRESS: an illegal memory access was encountered
E0805 00:28:48.791086 1826655 cuda_executor.cc:251] failed to unload module 0x56424234a0e0; leaking: INTERNAL: CUDA error: : CUDA_ERROR_ILLEGAL_ADDRESS: an illegal memory access was encountered
E0805 00:28:48.792303 1826655 cuda_executor.cc:251] failed to unload module 0x56424f6c9870; leaking: INTERNAL: CUDA error: : CUDA_ERROR_ILLEGAL_ADDRESS: an illegal memory access was encountered
E0805 00:28:48.793564 1826655 cuda_executor.cc:251] failed to unload module 0x56422fda6600; leaking: INTERNAL: CUDA error: : CUDA_ERROR_ILLEGAL_ADDRESS: an illegal memory access was encountered
E0805 00:28:48.798008 1826655 cuda_executor.cc:251] failed to unload module 0x56421a6c63d0; leaking: INTERNAL: CUDA error: : CUDA_ERROR_ILLEGAL_ADDRESS: an illegal memory access was encountered
E0805 00:28:48.807766 1826655 cuda_executor.cc:251] failed to unload module 0x56424e0acb70; leaking: INTERNAL: CUDA error: : CUDA_ERROR_ILLEGAL_ADDRESS: an illegal memory access was encountered
E0805 00:28:48.812700 1826655 cuda_executor.cc:251] failed to unload module 0x564240c0a310; leaking: INTERNAL: CUDA error: : CUDA_ERROR_ILLEGAL_ADDRESS: an illegal memory access was encountered
E0805 00:28:48.817071 1826655 cuda_executor.cc:251] failed to unload module 0x56423b3211b0; leaking: INTERNAL: CUDA error: : CUDA_ERROR_ILLEGAL_ADDRESS: an illegal memory access was encountered
E0805 00:28:48.819139 1826655 cuda_executor.cc:251] failed to unload module 0x56425d475f30; leaking: INTERNAL: CUDA error: : CUDA_ERROR_ILLEGAL_ADDRESS: an illegal memory access was encountered
E0805 00:28:48.825197 1826655 cuda_executor.cc:251] failed to unload module 0x564267892fe0; leaking: INTERNAL: CUDA error: : CUDA_ERROR_ILLEGAL_ADDRESS: an illegal memory access was encountered
E0805 00:28:48.826128 1826655 cuda_executor.cc:251] failed to unload module 0x5642674d5d90; leaking: INTERNAL: CUDA error: : CUDA_ERROR_ILLEGAL_ADDRESS: an illegal memory access was encountered
E0805 00:28:48.826825 1826655 cuda_executor.cc:251] failed to unload module 0x564242ba6ff0; leaking: INTERNAL: CUDA error: : CUDA_ERROR_ILLEGAL_ADDRESS: an illegal memory access was encountered
E0805 00:28:48.827036 1826655 cuda_executor.cc:251] failed to unload module 0x56425a3e7b40; leaking: INTERNAL: CUDA error: : CUDA_ERROR_ILLEGAL_ADDRESS: an illegal memory access was encountered
E0805 00:28:48.836007 1826655 cuda_executor.cc:251] failed to unload module 0x5642275bc640; leaking: INTERNAL: CUDA error: : CUDA_ERROR_ILLEGAL_ADDRESS: an illegal memory access was encountered
E0805 00:28:48.841973 1826655 cuda_executor.cc:251] failed to unload module 0x564251763860; leaking: INTERNAL: CUDA error: : CUDA_ERROR_ILLEGAL_ADDRESS: an illegal memory access was encountered
E0805 00:28:48.845072 1826655 cuda_executor.cc:251] failed to unload module 0x56422d445d30; leaking: INTERNAL: CUDA error: : CUDA_ERROR_ILLEGAL_ADDRESS: an illegal memory access was encountered
E0805 00:28:48.846378 1826655 cuda_executor.cc:251] failed to unload module 0x56423284d530; leaking: INTERNAL: CUDA error: : CUDA_ERROR_ILLEGAL_ADDRESS: an illegal memory access was encountered
E0805 00:28:48.853823 1826655 cuda_executor.cc:251] failed to unload module 0x56421d3fd610; leaking: INTERNAL: CUDA error: : CUDA_ERROR_ILLEGAL_ADDRESS: an illegal memory access was encountered
E0805 00:28:48.855177 1826655 cuda_executor.cc:251] failed to unload module 0x56421d67d270; leaking: INTERNAL: CUDA error: : CUDA_ERROR_ILLEGAL_ADDRESS: an illegal memory access was encountered
E0805 00:28:48.859032 1826655 cuda_executor.cc:251] failed to unload module 0x56422ea42dc0; leaking: INTERNAL: CUDA error: : CUDA_ERROR_ILLEGAL_ADDRESS: an illegal memory access was encountered
E0805 00:28:48.861130 1826655 cuda_executor.cc:251] failed to unload module 0x56422bc390e0; leaking: INTERNAL: CUDA error: : CUDA_ERROR_ILLEGAL_ADDRESS: an illegal memory access was encountered
E0805 00:28:48.863633 1826655 cuda_executor.cc:251] failed to unload module 0x5642390d1a70; leaking: INTERNAL: CUDA error: : CUDA_ERROR_ILLEGAL_ADDRESS: an illegal memory access was encountered
E0805 00:28:48.865445 1826655 cuda_executor.cc:251] failed to unload module 0x56424149c870; leaking: INTERNAL: CUDA error: : CUDA_ERROR_ILLEGAL_ADDRESS: an illegal memory access was encountered
E0805 00:28:48.866759 1826655 cuda_executor.cc:251] failed to unload module 0x5642311cfa40; leaking: INTERNAL: CUDA error: : CUDA_ERROR_ILLEGAL_ADDRESS: an illegal memory access was encountered
E0805 00:28:48.867781 1826655 cuda_executor.cc:251] failed to unload module 0x5642302938e0; leaking: INTERNAL: CUDA error: : CUDA_ERROR_ILLEGAL_ADDRESS: an illegal memory access was encountered
E0805 00:28:48.868718 1826655 cuda_executor.cc:251] failed to unload module 0x56424481a080; leaking: INTERNAL: CUDA error: : CUDA_ERROR_ILLEGAL_ADDRESS: an illegal memory access was encountered
E0805 00:28:48.869676 1826655 cuda_executor.cc:251] failed to unload module 0x56425087ba90; leaking: INTERNAL: CUDA error: : CUDA_ERROR_ILLEGAL_ADDRESS: an illegal memory access was encountered
E0805 00:28:48.870648 1826655 cuda_executor.cc:251] failed to unload module 0x564250fa6f30; leaking: INTERNAL: CUDA error: : CUDA_ERROR_ILLEGAL_ADDRESS: an illegal memory access was encountered
E0805 00:28:48.871893 1826655 cuda_executor.cc:251] failed to unload module 0x564240c80360; leaking: INTERNAL: CUDA error: : CUDA_ERROR_ILLEGAL_ADDRESS: an illegal memory access was encountered
E0805 00:28:48.873068 1826655 cuda_executor.cc:251] failed to unload module 0x5642466757f0; leaking: INTERNAL: CUDA error: : CUDA_ERROR_ILLEGAL_ADDRESS: an illegal memory access was encountered
E0805 00:28:48.874181 1826655 cuda_executor.cc:251] failed to unload module 0x564244313ce0; leaking: INTERNAL: CUDA error: : CUDA_ERROR_ILLEGAL_ADDRESS: an illegal memory access was encountered
E0805 00:28:48.875105 1826655 cuda_executor.cc:251] failed to unload module 0x56422eef2720; leaking: INTERNAL: CUDA error: : CUDA_ERROR_ILLEGAL_ADDRESS: an illegal memory access was encountered
E0805 00:28:48.876028 1826655 cuda_executor.cc:251] failed to unload module 0x56424b2503b0; leaking: INTERNAL: CUDA error: : CUDA_ERROR_ILLEGAL_ADDRESS: an illegal memory access was encountered
E0805 00:28:48.877057 1826655 cuda_executor.cc:251] failed to unload module 0x56422c28d640; leaking: INTERNAL: CUDA error: : CUDA_ERROR_ILLEGAL_ADDRESS: an illegal memory access was encountered
E0805 00:28:48.877952 1826655 cuda_executor.cc:251] failed to unload module 0x564255658470; leaking: INTERNAL: CUDA error: : CUDA_ERROR_ILLEGAL_ADDRESS: an illegal memory access was encountered
E0805 00:28:48.880589 1826655 cuda_executor.cc:251] failed to unload module 0x5642382fb130; leaking: INTERNAL: CUDA error: : CUDA_ERROR_ILLEGAL_ADDRESS: an illegal memory access was encountered
E0805 00:28:48.881970 1826655 cuda_executor.cc:251] failed to unload module 0x564231886d30; leaking: INTERNAL: CUDA error: : CUDA_ERROR_ILLEGAL_ADDRESS: an illegal memory access was encountered
E0805 00:28:48.885455 1826655 cuda_executor.cc:251] failed to unload module 0x56421e900690; leaking: INTERNAL: CUDA error: : CUDA_ERROR_ILLEGAL_ADDRESS: an illegal memory access was encountered
E0805 00:28:48.897976 1826655 cuda_executor.cc:251] failed to unload module 0x56423e7475b0; leaking: INTERNAL: CUDA error: : CUDA_ERROR_ILLEGAL_ADDRESS: an illegal memory access was encountered
E0805 00:28:48.899115 1826655 cuda_executor.cc:251] failed to unload module 0x564259c30ba0; leaking: INTERNAL: CUDA error: : CUDA_ERROR_ILLEGAL_ADDRESS: an illegal memory access was encountered
E0805 00:28:48.900047 1826655 cuda_executor.cc:251] failed to unload module 0x5642474ed100; leaking: INTERNAL: CUDA error: : CUDA_ERROR_ILLEGAL_ADDRESS: an illegal memory access was encountered
E0805 00:28:48.900206 1826655 cuda_executor.cc:251] failed to unload module 0x56424d7394e0; leaking: INTERNAL: CUDA error: : CUDA_ERROR_ILLEGAL_ADDRESS: an illegal memory access was encountered
E0805 00:28:48.902033 1826655 cuda_executor.cc:251] failed to unload module 0x56423a90a1a0; leaking: INTERNAL: CUDA error: : CUDA_ERROR_ILLEGAL_ADDRESS: an illegal memory access was encountered
E0805 00:28:48.902302 1826655 cuda_executor.cc:251] failed to unload module 0x564245a0fd70; leaking: INTERNAL: CUDA error: : CUDA_ERROR_ILLEGAL_ADDRESS: an illegal memory access was encountered
E0805 00:28:48.903973 1826655 cuda_executor.cc:251] failed to unload module 0x56426d19bcd0; leaking: INTERNAL: CUDA error: : CUDA_ERROR_ILLEGAL_ADDRESS: an illegal memory access was encountered
E0805 00:28:48.904516 1826655 cuda_executor.cc:251] failed to unload module 0x56422b157cc0; leaking: INTERNAL: CUDA error: : CUDA_ERROR_ILLEGAL_ADDRESS: an illegal memory access was encountered
E0805 00:28:48.905446 1826655 cuda_executor.cc:251] failed to unload module 0x564249335120; leaking: INTERNAL: CUDA error: : CUDA_ERROR_ILLEGAL_ADDRESS: an illegal memory access was encountered
E0805 00:28:48.906332 1826655 cuda_executor.cc:526] failed to free device memory at 0x14b9913ebe00; result: INTERNAL: CUDA error: : CUDA_ERROR_ILLEGAL_ADDRESS: an illegal memory access was encountered
E0805 00:28:48.906645 1826655 cuda_executor.cc:251] failed to unload module 0x56426200bc90; leaking: INTERNAL: CUDA error: : CUDA_ERROR_ILLEGAL_ADDRESS: an illegal memory access was encountered
E0805 00:28:48.907656 1826655 cuda_executor.cc:251] failed to unload module 0x5642509dc830; leaking: INTERNAL: CUDA error: : CUDA_ERROR_ILLEGAL_ADDRESS: an illegal memory access was encountered
E0805 00:28:48.908478 1826655 cuda_executor.cc:251] failed to unload module 0x564239410ee0; leaking: INTERNAL: CUDA error: : CUDA_ERROR_ILLEGAL_ADDRESS: an illegal memory access was encountered
E0805 00:28:48.909509 1826655 cuda_executor.cc:251] failed to unload module 0x5642486f28f0; leaking: INTERNAL: CUDA error: : CUDA_ERROR_ILLEGAL_ADDRESS: an illegal memory access was encountered
E0805 00:28:48.910544 1826655 cuda_executor.cc:251] failed to unload module 0x56425f7bf660; leaking: INTERNAL: CUDA error: : CUDA_ERROR_ILLEGAL_ADDRESS: an illegal memory access was encountered
E0805 00:28:48.912275 1826655 cuda_executor.cc:251] failed to unload module 0x564245444bb0; leaking: INTERNAL: CUDA error: : CUDA_ERROR_ILLEGAL_ADDRESS: an illegal memory access was encountered
E0805 00:28:48.913367 1826655 cuda_executor.cc:251] failed to unload module 0x56424c208960; leaking: INTERNAL: CUDA error: : CUDA_ERROR_ILLEGAL_ADDRESS: an illegal memory access was encountered
E0805 00:28:48.915269 1826655 cuda_executor.cc:251] failed to unload module 0x564254541f90; leaking: INTERNAL: CUDA error: : CUDA_ERROR_ILLEGAL_ADDRESS: an illegal memory access was encountered
E0805 00:28:48.916228 1826655 cuda_executor.cc:251] failed to unload module 0x56425f224c70; leaking: INTERNAL: CUDA error: : CUDA_ERROR_ILLEGAL_ADDRESS: an illegal memory access was encountered
E0805 00:28:48.916951 1826655 cuda_executor.cc:251] failed to unload module 0x564255931340; leaking: INTERNAL: CUDA error: : CUDA_ERROR_ILLEGAL_ADDRESS: an illegal memory access was encountered
E0805 00:28:48.917950 1826655 cuda_executor.cc:251] failed to unload module 0x56425a2b40e0; leaking: INTERNAL: CUDA error: : CUDA_ERROR_ILLEGAL_ADDRESS: an illegal memory access was encountered
E0805 00:28:48.918916 1826655 cuda_executor.cc:251] failed to unload module 0x56424192e840; leaking: INTERNAL: CUDA error: : CUDA_ERROR_ILLEGAL_ADDRESS: an illegal memory access was encountered
E0805 00:28:48.919651 1826655 cuda_executor.cc:251] failed to unload module 0x564217fd6070; leaking: INTERNAL: CUDA error: : CUDA_ERROR_ILLEGAL_ADDRESS: an illegal memory access was encountered
E0805 00:28:48.921210 1826655 cuda_executor.cc:251] failed to unload module 0x56421ada42d0; leaking: INTERNAL: CUDA error: : CUDA_ERROR_ILLEGAL_ADDRESS: an illegal memory access was encountered
E0805 00:28:48.922356 1826655 cuda_executor.cc:251] failed to unload module 0x56421af11860; leaking: INTERNAL: CUDA error: : CUDA_ERROR_ILLEGAL_ADDRESS: an illegal memory access was encountered
E0805 00:28:48.926238 1826655 cuda_executor.cc:251] failed to unload module 0x564217679ef0; leaking: INTERNAL: CUDA error: : CUDA_ERROR_ILLEGAL_ADDRESS: an illegal memory access was encountered
E0805 00:28:48.927275 1826655 cuda_executor.cc:251] failed to unload module 0x56424830ee30; leaking: INTERNAL: CUDA error: : CUDA_ERROR_ILLEGAL_ADDRESS: an illegal memory access was encountered
E0805 00:28:48.930690 1826655 cuda_executor.cc:251] failed to unload module 0x56425d6b57c0; leaking: INTERNAL: CUDA error: : CUDA_ERROR_ILLEGAL_ADDRESS: an illegal memory access was encountered
E0805 00:28:48.931588 1826655 cuda_executor.cc:251] failed to unload module 0x56425cb34840; leaking: INTERNAL: CUDA error: : CUDA_ERROR_ILLEGAL_ADDRESS: an illegal memory access was encountered
E0805 00:28:48.933049 1826655 cuda_executor.cc:251] failed to unload module 0x564240329a50; leaking: INTERNAL: CUDA error: : CUDA_ERROR_ILLEGAL_ADDRESS: an illegal memory access was encountered
E0805 00:28:48.933940 1826655 cuda_executor.cc:251] failed to unload module 0x56422e7e5610; leaking: INTERNAL: CUDA error: : CUDA_ERROR_ILLEGAL_ADDRESS: an illegal memory access was encountered
E0805 00:28:48.936671 1826655 cuda_executor.cc:251] failed to unload module 0x56425f5faf40; leaking: INTERNAL: CUDA error: : CUDA_ERROR_ILLEGAL_ADDRESS: an illegal memory access was encountered
E0805 00:28:48.938364 1826655 cuda_executor.cc:251] failed to unload module 0x564247cb3db0; leaking: INTERNAL: CUDA error: : CUDA_ERROR_ILLEGAL_ADDRESS: an illegal memory access was encountered
E0805 00:28:48.940438 1826655 cuda_executor.cc:251] failed to unload module 0x5642498045c0; leaking: INTERNAL: CUDA error: : CUDA_ERROR_ILLEGAL_ADDRESS: an illegal memory access was encountered
E0805 00:28:48.943315 1826655 cuda_executor.cc:251] failed to unload module 0x5642346bd320; leaking: INTERNAL: CUDA error: : CUDA_ERROR_ILLEGAL_ADDRESS: an illegal memory access was encountered
E0805 00:28:48.952833 1826655 cuda_executor.cc:251] failed to unload module 0x56422b6f0790; leaking: INTERNAL: CUDA error: : CUDA_ERROR_ILLEGAL_ADDRESS: an illegal memory access was encountered
E0805 00:28:48.953558 1826655 cuda_executor.cc:251] failed to unload module 0x564227976450; leaking: INTERNAL: CUDA error: : CUDA_ERROR_ILLEGAL_ADDRESS: an illegal memory access was encountered
E0805 00:28:48.954470 1826655 cuda_executor.cc:251] failed to unload module 0x56422198b020; leaking: INTERNAL: CUDA error: : CUDA_ERROR_ILLEGAL_ADDRESS: an illegal memory access was encountered
E0805 00:28:48.954608 1826655 cuda_executor.cc:251] failed to unload module 0x564216cfe480; leaking: INTERNAL: CUDA error: : CUDA_ERROR_ILLEGAL_ADDRESS: an illegal memory access was encountered
E0805 00:28:48.958734 1826655 cuda_executor.cc:251] failed to unload module 0x56425420c2d0; leaking: INTERNAL: CUDA error: : CUDA_ERROR_ILLEGAL_ADDRESS: an illegal memory access was encountered
E0805 00:28:48.968189 1826655 cuda_executor.cc:251] failed to unload module 0x564251b71890; leaking: INTERNAL: CUDA error: : CUDA_ERROR_ILLEGAL_ADDRESS: an illegal memory access was encountered
E0805 00:28:48.968631 1826655 cuda_executor.cc:251] failed to unload module 0x56423edd8ee0; leaking: INTERNAL: CUDA error: : CUDA_ERROR_ILLEGAL_ADDRESS: an illegal memory access was encountered
E0805 00:28:48.968940 1826655 cuda_executor.cc:251] failed to unload module 0x564233b67b50; leaking: INTERNAL: CUDA error: : CUDA_ERROR_ILLEGAL_ADDRESS: an illegal memory access was encountered
E0805 00:28:48.969827 1826655 cuda_executor.cc:251] failed to unload module 0x56423073ed80; leaking: INTERNAL: CUDA error: : CUDA_ERROR_ILLEGAL_ADDRESS: an illegal memory access was encountered
E0805 00:28:48.969959 1826655 cuda_executor.cc:251] failed to unload module 0x56424ac51260; leaking: INTERNAL: CUDA error: : CUDA_ERROR_ILLEGAL_ADDRESS: an illegal memory access was encountered
E0805 00:28:48.970086 1826655 cuda_executor.cc:251] failed to unload module 0x56426d11cdb0; leaking: INTERNAL: CUDA error: : CUDA_ERROR_ILLEGAL_ADDRESS: an illegal memory access was encountered
E0805 00:28:48.970199 1826655 cuda_executor.cc:251] failed to unload module 0x5642538509c0; leaking: INTERNAL: CUDA error: : CUDA_ERROR_ILLEGAL_ADDRESS: an illegal memory access was encountered
E0805 00:28:48.972803 1826655 cuda_executor.cc:251] failed to unload module 0x564231957aa0; leaking: INTERNAL: CUDA error: : CUDA_ERROR_ILLEGAL_ADDRESS: an illegal memory access was encountered
E0805 00:28:48.979991 1826655 cuda_executor.cc:251] failed to unload module 0x56424e74a100; leaking: INTERNAL: CUDA error: : CUDA_ERROR_ILLEGAL_ADDRESS: an illegal memory access was encountered
E0805 00:28:48.980921 1826655 cuda_executor.cc:251] failed to unload module 0x564235c74600; leaking: INTERNAL: CUDA error: : CUDA_ERROR_ILLEGAL_ADDRESS: an illegal memory access was encountered
E0805 00:28:48.983536 1826655 cuda_executor.cc:251] failed to unload module 0x564247eeb8d0; leaking: INTERNAL: CUDA error: : CUDA_ERROR_ILLEGAL_ADDRESS: an illegal memory access was encountered
E0805 00:28:48.984985 1826655 cuda_executor.cc:251] failed to unload module 0x564257727f70; leaking: INTERNAL: CUDA error: : CUDA_ERROR_ILLEGAL_ADDRESS: an illegal memory access was encountered
E0805 00:28:48.985754 1826655 cuda_executor.cc:251] failed to unload module 0x5642429fc560; leaking: INTERNAL: CUDA error: : CUDA_ERROR_ILLEGAL_ADDRESS: an illegal memory access was encountered
E0805 00:28:48.986776 1826655 cuda_executor.cc:251] failed to unload module 0x564242a45a40; leaking: INTERNAL: CUDA error: : CUDA_ERROR_ILLEGAL_ADDRESS: an illegal memory access was encountered
E0805 00:28:48.987535 1826655 cuda_executor.cc:251] failed to unload module 0x56422fc12720; leaking: INTERNAL: CUDA error: : CUDA_ERROR_ILLEGAL_ADDRESS: an illegal memory access was encountered
E0805 00:28:48.987888 1826655 cuda_executor.cc:251] failed to unload module 0x56426c73df90; leaking: INTERNAL: CUDA error: : CUDA_ERROR_ILLEGAL_ADDRESS: an illegal memory access was encountered
E0805 00:28:48.988894 1826655 cuda_executor.cc:251] failed to unload module 0x56424a7a75a0; leaking: INTERNAL: CUDA error: : CUDA_ERROR_ILLEGAL_ADDRESS: an illegal memory access was encountered
E0805 00:28:48.992230 1826655 cuda_executor.cc:251] failed to unload module 0x564231c6d160; leaking: INTERNAL: CUDA error: : CUDA_ERROR_ILLEGAL_ADDRESS: an illegal memory access was encountered
E0805 00:28:48.992436 1826655 cuda_executor.cc:251] failed to unload module 0x5642308146c0; leaking: INTERNAL: CUDA error: : CUDA_ERROR_ILLEGAL_ADDRESS: an illegal memory access was encountered
E0805 00:28:48.995658 1826655 cuda_executor.cc:251] failed to unload module 0x56421ae8f170; leaking: INTERNAL: CUDA error: : CUDA_ERROR_ILLEGAL_ADDRESS: an illegal memory access was encountered
E0805 00:28:48.997828 1826655 cuda_executor.cc:251] failed to unload module 0x5642141b61c0; leaking: INTERNAL: CUDA error: : CUDA_ERROR_ILLEGAL_ADDRESS: an illegal memory access was encountered
E0805 00:28:48.998562 1826655 cuda_executor.cc:251] failed to unload module 0x564230fc64e0; leaking: INTERNAL: CUDA error: : CUDA_ERROR_ILLEGAL_ADDRESS: an illegal memory access was encountered
E0805 00:28:49.010957 1826655 cuda_executor.cc:251] failed to unload module 0x564258568270; leaking: INTERNAL: CUDA error: : CUDA_ERROR_ILLEGAL_ADDRESS: an illegal memory access was encountered
E0805 00:28:49.012429 1826655 cuda_executor.cc:251] failed to unload module 0x5642346b43b0; leaking: INTERNAL: CUDA error: : CUDA_ERROR_ILLEGAL_ADDRESS: an illegal memory access was encountered
E0805 00:28:49.012650 1826655 cuda_executor.cc:251] failed to unload module 0x564250e0dca0; leaking: INTERNAL: CUDA error: : CUDA_ERROR_ILLEGAL_ADDRESS: an illegal memory access was encountered
E0805 00:28:49.013701 1826655 cuda_executor.cc:251] failed to unload module 0x564234146690; leaking: INTERNAL: CUDA error: : CUDA_ERROR_ILLEGAL_ADDRESS: an illegal memory access was encountered
E0805 00:28:49.014281 1826655 cuda_executor.cc:251] failed to unload module 0x5642449fd870; leaking: INTERNAL: CUDA error: : CUDA_ERROR_ILLEGAL_ADDRESS: an illegal memory access was encountered
E0805 00:28:49.014441 1826655 cuda_executor.cc:251] failed to unload module 0x564267bcdc20; leaking: INTERNAL: CUDA error: : CUDA_ERROR_ILLEGAL_ADDRESS: an illegal memory access was encountered
E0805 00:28:49.014602 1826655 cuda_executor.cc:251] failed to unload module 0x56422b0e8e20; leaking: INTERNAL: CUDA error: : CUDA_ERROR_ILLEGAL_ADDRESS: an illegal memory access was encountered
E0805 00:28:49.014776 1826655 cuda_executor.cc:251] failed to unload module 0x564231bb9110; leaking: INTERNAL: CUDA error: : CUDA_ERROR_ILLEGAL_ADDRESS: an illegal memory access was encountered
E0805 00:28:49.014993 1826655 cuda_executor.cc:251] failed to unload module 0x564223b5b700; leaking: INTERNAL: CUDA error: : CUDA_ERROR_ILLEGAL_ADDRESS: an illegal memory access was encountered
E0805 00:28:49.015192 1826655 cuda_executor.cc:251] failed to unload module 0x564260165ec0; leaking: INTERNAL: CUDA error: : CUDA_ERROR_ILLEGAL_ADDRESS: an illegal memory access was encountered
E0805 00:28:49.015349 1826655 cuda_executor.cc:251] failed to unload module 0x56422deed440; leaking: INTERNAL: CUDA error: : CUDA_ERROR_ILLEGAL_ADDRESS: an illegal memory access was encountered
E0805 00:28:49.015595 1826655 cuda_executor.cc:251] failed to unload module 0x56421712ba30; leaking: INTERNAL: CUDA error: : CUDA_ERROR_ILLEGAL_ADDRESS: an illegal memory access was encountered
E0805 00:28:49.022629 1826655 cuda_executor.cc:251] failed to unload module 0x56423bd16440; leaking: INTERNAL: CUDA error: : CUDA_ERROR_ILLEGAL_ADDRESS: an illegal memory access was encountered
E0805 00:28:49.027461 1826655 cuda_executor.cc:251] failed to unload module 0x564267a7bd50; leaking: INTERNAL: CUDA error: : CUDA_ERROR_ILLEGAL_ADDRESS: an illegal memory access was encountered
E0805 00:28:49.027655 1826655 cuda_executor.cc:251] failed to unload module 0x5642577719c0; leaking: INTERNAL: CUDA error: : CUDA_ERROR_ILLEGAL_ADDRESS: an illegal memory access was encountered
E0805 00:28:49.028753 1826655 cuda_executor.cc:251] failed to unload module 0x564235638200; leaking: INTERNAL: CUDA error: : CUDA_ERROR_ILLEGAL_ADDRESS: an illegal memory access was encountered
E0805 00:28:49.029090 1826655 cuda_executor.cc:251] failed to unload module 0x5642613ef5e0; leaking: INTERNAL: CUDA error: : CUDA_ERROR_ILLEGAL_ADDRESS: an illegal memory access was encountered
E0805 00:28:49.029251 1826655 cuda_executor.cc:251] failed to unload module 0x56424ed99d90; leaking: INTERNAL: CUDA error: : CUDA_ERROR_ILLEGAL_ADDRESS: an illegal memory access was encountered
E0805 00:28:49.029455 1826655 cuda_executor.cc:251] failed to unload module 0x564231c0f170; leaking: INTERNAL: CUDA error: : CUDA_ERROR_ILLEGAL_ADDRESS: an illegal memory access was encountered
E0805 00:28:49.029659 1826655 cuda_executor.cc:251] failed to unload module 0x564236672a00; leaking: INTERNAL: CUDA error: : CUDA_ERROR_ILLEGAL_ADDRESS: an illegal memory access was encountered
E0805 00:28:49.029815 1826655 cuda_executor.cc:251] failed to unload module 0x564237abf490; leaking: INTERNAL: CUDA error: : CUDA_ERROR_ILLEGAL_ADDRESS: an illegal memory access was encountered
E0805 00:28:49.029986 1826655 cuda_executor.cc:251] failed to unload module 0x56422369fad0; leaking: INTERNAL: CUDA error: : CUDA_ERROR_ILLEGAL_ADDRESS: an illegal memory access was encountered
E0805 00:28:49.030228 1826655 cuda_executor.cc:251] failed to unload module 0x56425b66bce0; leaking: INTERNAL: CUDA error: : CUDA_ERROR_ILLEGAL_ADDRESS: an illegal memory access was encountered
E0805 00:28:49.030409 1826655 cuda_executor.cc:251] failed to unload module 0x564217594340; leaking: INTERNAL: CUDA error: : CUDA_ERROR_ILLEGAL_ADDRESS: an illegal memory access was encountered
E0805 00:28:49.033426 1826655 cuda_executor.cc:251] failed to unload module 0x56423fad9520; leaking: INTERNAL: CUDA error: : CUDA_ERROR_ILLEGAL_ADDRESS: an illegal memory access was encountered
E0805 00:28:49.033667 1826655 cuda_executor.cc:251] failed to unload module 0x56425e770140; leaking: INTERNAL: CUDA error: : CUDA_ERROR_ILLEGAL_ADDRESS: an illegal memory access was encountered
E0805 00:28:49.064023 1826655 cuda_executor.cc:251] failed to unload module 0x564261ea8e00; leaking: INTERNAL: CUDA error: : CUDA_ERROR_ILLEGAL_ADDRESS: an illegal memory access was encountered
E0805 00:28:49.069960 1826655 cuda_executor.cc:251] failed to unload module 0x56425864eef0; leaking: INTERNAL: CUDA error: : CUDA_ERROR_ILLEGAL_ADDRESS: an illegal memory access was encountered
E0805 00:28:49.070159 1826655 cuda_executor.cc:251] failed to unload module 0x56425863d240; leaking: INTERNAL: CUDA error: : CUDA_ERROR_ILLEGAL_ADDRESS: an illegal memory access was encountered
E0805 00:28:49.071461 1826655 cuda_executor.cc:251] failed to unload module 0x56425908f1a0; leaking: INTERNAL: CUDA error: : CUDA_ERROR_ILLEGAL_ADDRESS: an illegal memory access was encountered
E0805 00:28:49.072162 1826655 cuda_executor.cc:251] failed to unload module 0x564258d59760; leaking: INTERNAL: CUDA error: : CUDA_ERROR_ILLEGAL_ADDRESS: an illegal memory access was encountered
E0805 00:28:49.072696 1826655 cuda_executor.cc:251] failed to unload module 0x56424b10cc30; leaking: INTERNAL: CUDA error: : CUDA_ERROR_ILLEGAL_ADDRESS: an illegal memory access was encountered
E0805 00:28:49.072900 1826655 cuda_executor.cc:251] failed to unload module 0x56425dc61a80; leaking: INTERNAL: CUDA error: : CUDA_ERROR_ILLEGAL_ADDRESS: an illegal memory access was encountered
E0805 00:28:49.073089 1826655 cuda_executor.cc:251] failed to unload module 0x56425d0fa0d0; leaking: INTERNAL: CUDA error: : CUDA_ERROR_ILLEGAL_ADDRESS: an illegal memory access was encountered
E0805 00:28:49.073204 1826655 cuda_executor.cc:251] failed to unload module 0x564215862c20; leaking: INTERNAL: CUDA error: : CUDA_ERROR_ILLEGAL_ADDRESS: an illegal memory access was encountered
E0805 00:28:49.073367 1826655 cuda_executor.cc:251] failed to unload module 0x564221581d50; leaking: INTERNAL: CUDA error: : CUDA_ERROR_ILLEGAL_ADDRESS: an illegal memory access was encountered
E0805 00:28:49.073583 1826655 cuda_executor.cc:251] failed to unload module 0x564251667790; leaking: INTERNAL: CUDA error: : CUDA_ERROR_ILLEGAL_ADDRESS: an illegal memory access was encountered
E0805 00:28:49.073741 1826655 cuda_executor.cc:251] failed to unload module 0x564221bf8ee0; leaking: INTERNAL: CUDA error: : CUDA_ERROR_ILLEGAL_ADDRESS: an illegal memory access was encountered
E0805 00:28:49.073900 1826655 cuda_executor.cc:251] failed to unload module 0x56424d08a2f0; leaking: INTERNAL: CUDA error: : CUDA_ERROR_ILLEGAL_ADDRESS: an illegal memory access was encountered
E0805 00:28:49.074032 1826655 cuda_executor.cc:251] failed to unload module 0x564215b39130; leaking: INTERNAL: CUDA error: : CUDA_ERROR_ILLEGAL_ADDRESS: an illegal memory access was encountered
E0805 00:28:49.074171 1826655 cuda_executor.cc:251] failed to unload module 0x564215cdd380; leaking: INTERNAL: CUDA error: : CUDA_ERROR_ILLEGAL_ADDRESS: an illegal memory access was encountered
E0805 00:28:49.074343 1826655 cuda_executor.cc:251] failed to unload module 0x564258d283b0; leaking: INTERNAL: CUDA error: : CUDA_ERROR_ILLEGAL_ADDRESS: an illegal memory access was encountered
E0805 00:28:49.074487 1826655 cuda_executor.cc:251] failed to unload module 0x564215815780; leaking: INTERNAL: CUDA error: : CUDA_ERROR_ILLEGAL_ADDRESS: an illegal memory access was encountered
E0805 00:28:49.074723 1826655 cuda_executor.cc:251] failed to unload module 0x564214fb1fa0; leaking: INTERNAL: CUDA error: : CUDA_ERROR_ILLEGAL_ADDRESS: an illegal memory access was encountered
E0805 00:28:49.074869 1826655 cuda_executor.cc:251] failed to unload module 0x564239cf6290; leaking: INTERNAL: CUDA error: : CUDA_ERROR_ILLEGAL_ADDRESS: an illegal memory access was encountered
E0805 00:28:49.075030 1826655 cuda_executor.cc:251] failed to unload module 0x564258ca97d0; leaking: INTERNAL: CUDA error: : CUDA_ERROR_ILLEGAL_ADDRESS: an illegal memory access was encountered
E0805 00:28:49.075178 1826655 cuda_executor.cc:251] failed to unload module 0x564214fde100; leaking: INTERNAL: CUDA error: : CUDA_ERROR_ILLEGAL_ADDRESS: an illegal memory access was encountered
E0805 00:28:49.075314 1826655 cuda_executor.cc:251] failed to unload module 0x56421db693e0; leaking: INTERNAL: CUDA error: : CUDA_ERROR_ILLEGAL_ADDRESS: an illegal memory access was encountered
E0805 00:28:49.075422 1826655 cuda_executor.cc:251] failed to unload module 0x56421501d640; leaking: INTERNAL: CUDA error: : CUDA_ERROR_ILLEGAL_ADDRESS: an illegal memory access was encountered
E0805 00:28:49.075544 1826655 cuda_executor.cc:251] failed to unload module 0x564221364c60; leaking: INTERNAL: CUDA error: : CUDA_ERROR_ILLEGAL_ADDRESS: an illegal memory access was encountered
E0805 00:28:49.075674 1826655 cuda_executor.cc:251] failed to unload module 0x564259bd8b60; leaking: INTERNAL: CUDA error: : CUDA_ERROR_ILLEGAL_ADDRESS: an illegal memory access was encountered
E0805 00:28:49.075828 1826655 cuda_executor.cc:251] failed to unload module 0x564221bd7fe0; leaking: INTERNAL: CUDA error: : CUDA_ERROR_ILLEGAL_ADDRESS: an illegal memory access was encountered
E0805 00:28:49.075988 1826655 cuda_executor.cc:251] failed to unload module 0x564247640950; leaking: INTERNAL: CUDA error: : CUDA_ERROR_ILLEGAL_ADDRESS: an illegal memory access was encountered
E0805 00:28:49.076107 1826655 cuda_executor.cc:251] failed to unload module 0x5642215f64a0; leaking: INTERNAL: CUDA error: : CUDA_ERROR_ILLEGAL_ADDRESS: an illegal memory access was encountered
E0805 00:28:49.076252 1826655 cuda_executor.cc:251] failed to unload module 0x564221d0f770; leaking: INTERNAL: CUDA error: : CUDA_ERROR_ILLEGAL_ADDRESS: an illegal memory access was encountered
E0805 00:28:49.076378 1826655 cuda_executor.cc:251] failed to unload module 0x56425e690320; leaking: INTERNAL: CUDA error: : CUDA_ERROR_ILLEGAL_ADDRESS: an illegal memory access was encountered
E0805 00:28:49.076524 1826655 cuda_executor.cc:251] failed to unload module 0x564214e4bcb0; leaking: INTERNAL: CUDA error: : CUDA_ERROR_ILLEGAL_ADDRESS: an illegal memory access was encountered
E0805 00:28:49.076725 1826655 cuda_executor.cc:251] failed to unload module 0x56425f9ae5b0; leaking: INTERNAL: CUDA error: : CUDA_ERROR_ILLEGAL_ADDRESS: an illegal memory access was encountered
E0805 00:28:49.076869 1826655 cuda_executor.cc:251] failed to unload module 0x56422f157e90; leaking: INTERNAL: CUDA error: : CUDA_ERROR_ILLEGAL_ADDRESS: an illegal memory access was encountered
E0805 00:28:49.077067 1826655 cuda_executor.cc:251] failed to unload module 0x564257d7ff40; leaking: INTERNAL: CUDA error: : CUDA_ERROR_ILLEGAL_ADDRESS: an illegal memory access was encountered
E0805 00:28:49.077272 1826655 cuda_executor.cc:251] failed to unload module 0x56424d0f8010; leaking: INTERNAL: CUDA error: : CUDA_ERROR_ILLEGAL_ADDRESS: an illegal memory access was encountered
E0805 00:28:49.077422 1826655 cuda_executor.cc:251] failed to unload module 0x56423e38f880; leaking: INTERNAL: CUDA error: : CUDA_ERROR_ILLEGAL_ADDRESS: an illegal memory access was encountered
E0805 00:28:49.077591 1826655 cuda_executor.cc:251] failed to unload module 0x56424dfcce80; leaking: INTERNAL: CUDA error: : CUDA_ERROR_ILLEGAL_ADDRESS: an illegal memory access was encountered
E0805 00:28:49.077722 1826655 cuda_executor.cc:251] failed to unload module 0x5642342ac120; leaking: INTERNAL: CUDA error: : CUDA_ERROR_ILLEGAL_ADDRESS: an illegal memory access was encountered
E0805 00:28:49.077877 1826655 cuda_executor.cc:251] failed to unload module 0x564236588540; leaking: INTERNAL: CUDA error: : CUDA_ERROR_ILLEGAL_ADDRESS: an illegal memory access was encountered
E0805 00:28:49.078052 1826655 cuda_executor.cc:251] failed to unload module 0x564254a66cb0; leaking: INTERNAL: CUDA error: : CUDA_ERROR_ILLEGAL_ADDRESS: an illegal memory access was encountered
E0805 00:28:49.078192 1826655 cuda_executor.cc:251] failed to unload module 0x564239ca9e50; leaking: INTERNAL: CUDA error: : CUDA_ERROR_ILLEGAL_ADDRESS: an illegal memory access was encountered
E0805 00:28:49.116184 1826655 cuda_executor.cc:489] error unregistering host memory at 0x14b9b92e5000: INTERNAL: CUDA error: : CUDA_ERROR_ILLEGAL_ADDRESS: an illegal memory access was encountered
E0805 00:28:49.116314 1826655 cuda_executor.cc:489] error unregistering host memory at 0x14b9b92e4000: INTERNAL: CUDA error: : CUDA_ERROR_ILLEGAL_ADDRESS: an illegal memory access was encountered
E0805 00:28:49.116390 1826655 cuda_executor.cc:489] error unregistering host memory at 0x14b9b92e3000: INTERNAL: CUDA error: : CUDA_ERROR_ILLEGAL_ADDRESS: an illegal memory access was encountered
E0805 00:28:49.117397 1826655 cuda_executor.cc:489] error unregistering host memory at 0x14b9b92e2000: INTERNAL: CUDA error: : CUDA_ERROR_ILLEGAL_ADDRESS: an illegal memory access was encountered
E0805 00:28:49.118098 1826655 cuda_executor.cc:489] error unregistering host memory at 0x14b9b9297000: INTERNAL: CUDA error: : CUDA_ERROR_ILLEGAL_ADDRESS: an illegal memory access was encountered
E0805 00:28:49.118824 1826655 cuda_executor.cc:489] error unregistering host memory at 0x14b9b9296000: INTERNAL: CUDA error: : CUDA_ERROR_ILLEGAL_ADDRESS: an illegal memory access was encountered
E0805 00:28:49.119582 1826655 cuda_executor.cc:489] error unregistering host memory at 0x14b9b9295000: INTERNAL: CUDA error: : CUDA_ERROR_ILLEGAL_ADDRESS: an illegal memory access was encountered
E0805 00:28:49.120323 1826655 cuda_executor.cc:489] error unregistering host memory at 0x14b9b9294000: INTERNAL: CUDA error: : CUDA_ERROR_ILLEGAL_ADDRESS: an illegal memory access was encountered
E0805 00:28:49.121073 1826655 cuda_executor.cc:489] error unregistering host memory at 0x14b9b9293000: INTERNAL: CUDA error: : CUDA_ERROR_ILLEGAL_ADDRESS: an illegal memory access was encountered
E0805 00:28:49.121681 1826655 cuda_executor.cc:489] error unregistering host memory at 0x14b9b9292000: INTERNAL: CUDA error: : CUDA_ERROR_ILLEGAL_ADDRESS: an illegal memory access was encountered
E0805 00:28:49.122618 1826655 cuda_executor.cc:489] error unregistering host memory at 0x14b9b9291000: INTERNAL: CUDA error: : CUDA_ERROR_ILLEGAL_ADDRESS: an illegal memory access was encountered
E0805 00:28:49.123655 1826655 cuda_executor.cc:489] error unregistering host memory at 0x14b9b9290000: INTERNAL: CUDA error: : CUDA_ERROR_ILLEGAL_ADDRESS: an illegal memory access was encountered
E0805 00:28:49.124437 1826655 cuda_executor.cc:489] error unregistering host memory at 0x14b9b928f000: INTERNAL: CUDA error: : CUDA_ERROR_ILLEGAL_ADDRESS: an illegal memory access was encountered
E0805 00:28:49.124452 1826655 cuda_executor.cc:489] error unregistering host memory at 0x14b9b928e000: INTERNAL: CUDA error: : CUDA_ERROR_ILLEGAL_ADDRESS: an illegal memory access was encountered
E0805 00:28:49.124488 1826655 cuda_executor.cc:489] error unregistering host memory at 0x14b9b928d000: INTERNAL: CUDA error: : CUDA_ERROR_ILLEGAL_ADDRESS: an illegal memory access was encountered
E0805 00:28:49.124594 1826655 cuda_executor.cc:489] error unregistering host memory at 0x14b9b928c000: INTERNAL: CUDA error: : CUDA_ERROR_ILLEGAL_ADDRESS: an illegal memory access was encountered
E0805 00:28:49.124609 1826655 cuda_executor.cc:489] error unregistering host memory at 0x14b9b928b000: INTERNAL: CUDA error: : CUDA_ERROR_ILLEGAL_ADDRESS: an illegal memory access was encountered
E0805 00:28:49.124623 1826655 cuda_executor.cc:489] error unregistering host memory at 0x14b9b928a000: INTERNAL: CUDA error: : CUDA_ERROR_ILLEGAL_ADDRESS: an illegal memory access was encountered
E0805 00:28:49.124643 1826655 cuda_executor.cc:489] error unregistering host memory at 0x14b9b9289000: INTERNAL: CUDA error: : CUDA_ERROR_ILLEGAL_ADDRESS: an illegal memory access was encountered
E0805 00:28:49.124658 1826655 cuda_executor.cc:489] error unregistering host memory at 0x14b9b9288000: INTERNAL: CUDA error: : CUDA_ERROR_ILLEGAL_ADDRESS: an illegal memory access was encountered
E0805 00:28:49.124672 1826655 cuda_executor.cc:489] error unregistering host memory at 0x14b9b9287000: INTERNAL: CUDA error: : CUDA_ERROR_ILLEGAL_ADDRESS: an illegal memory access was encountered
E0805 00:28:49.124699 1826655 cuda_executor.cc:489] error unregistering host memory at 0x14b9b9286000: INTERNAL: CUDA error: : CUDA_ERROR_ILLEGAL_ADDRESS: an illegal memory access was encountered
E0805 00:28:49.124714 1826655 cuda_executor.cc:489] error unregistering host memory at 0x14b9b9285000: INTERNAL: CUDA error: : CUDA_ERROR_ILLEGAL_ADDRESS: an illegal memory access was encountered
E0805 00:28:49.124737 1826655 cuda_executor.cc:489] error unregistering host memory at 0x14b9b9284000: INTERNAL: CUDA error: : CUDA_ERROR_ILLEGAL_ADDRESS: an illegal memory access was encountered
E0805 00:28:49.124758 1826655 cuda_executor.cc:251] failed to unload module 0x56425e4f4fa0; leaking: INTERNAL: CUDA error: : CUDA_ERROR_ILLEGAL_ADDRESS: an illegal memory access was encountered
E0805 00:28:49.181254 1826655 cuda_executor.cc:489] error unregistering host memory at 0x14b9b9322000: INTERNAL: CUDA error: : CUDA_ERROR_ILLEGAL_ADDRESS: an illegal memory access was encountered
E0805 00:28:49.181329 1826655 cuda_executor.cc:489] error unregistering host memory at 0x14b9b9321000: INTERNAL: CUDA error: : CUDA_ERROR_ILLEGAL_ADDRESS: an illegal memory access was encountered
E0805 00:28:49.182395 1826655 cuda_executor.cc:489] error unregistering host memory at 0x14b9b9320000: INTERNAL: CUDA error: : CUDA_ERROR_ILLEGAL_ADDRESS: an illegal memory access was encountered
E0805 00:28:49.183231 1826655 cuda_executor.cc:489] error unregistering host memory at 0x14b9b931f000: INTERNAL: CUDA error: : CUDA_ERROR_ILLEGAL_ADDRESS: an illegal memory access was encountered
E0805 00:28:49.184152 1826655 cuda_executor.cc:489] error unregistering host memory at 0x14b9b92f9000: INTERNAL: CUDA error: : CUDA_ERROR_ILLEGAL_ADDRESS: an illegal memory access was encountered
E0805 00:28:49.185240 1826655 cuda_executor.cc:489] error unregistering host memory at 0x14b9b92f8000: INTERNAL: CUDA error: : CUDA_ERROR_ILLEGAL_ADDRESS: an illegal memory access was encountered
E0805 00:28:49.186860 1826655 cuda_executor.cc:489] error unregistering host memory at 0x14b9b92f7000: INTERNAL: CUDA error: : CUDA_ERROR_ILLEGAL_ADDRESS: an illegal memory access was encountered
E0805 00:28:49.188843 1826655 cuda_executor.cc:489] error unregistering host memory at 0x14b9b92f6000: INTERNAL: CUDA error: : CUDA_ERROR_ILLEGAL_ADDRESS: an illegal memory access was encountered
E0805 00:28:49.189763 1826655 cuda_executor.cc:489] error unregistering host memory at 0x14b9b92f5000: INTERNAL: CUDA error: : CUDA_ERROR_ILLEGAL_ADDRESS: an illegal memory access was encountered
E0805 00:28:49.190397 1826655 cuda_executor.cc:489] error unregistering host memory at 0x14b9b92f4000: INTERNAL: CUDA error: : CUDA_ERROR_ILLEGAL_ADDRESS: an illegal memory access was encountered
E0805 00:28:49.191206 1826655 cuda_executor.cc:489] error unregistering host memory at 0x14b9b92f3000: INTERNAL: CUDA error: : CUDA_ERROR_ILLEGAL_ADDRESS: an illegal memory access was encountered
E0805 00:28:49.191815 1826655 cuda_executor.cc:489] error unregistering host memory at 0x14b9b92f2000: INTERNAL: CUDA error: : CUDA_ERROR_ILLEGAL_ADDRESS: an illegal memory access was encountered
E0805 00:28:49.192492 1826655 cuda_executor.cc:489] error unregistering host memory at 0x14b9b92f1000: INTERNAL: CUDA error: : CUDA_ERROR_ILLEGAL_ADDRESS: an illegal memory access was encountered
E0805 00:28:49.193552 1826655 cuda_executor.cc:489] error unregistering host memory at 0x14b9b92f0000: INTERNAL: CUDA error: : CUDA_ERROR_ILLEGAL_ADDRESS: an illegal memory access was encountered
E0805 00:28:49.194512 1826655 cuda_executor.cc:489] error unregistering host memory at 0x14b9b92ef000: INTERNAL: CUDA error: : CUDA_ERROR_ILLEGAL_ADDRESS: an illegal memory access was encountered
E0805 00:28:49.194986 1826655 cuda_executor.cc:489] error unregistering host memory at 0x14b9b92ee000: INTERNAL: CUDA error: : CUDA_ERROR_ILLEGAL_ADDRESS: an illegal memory access was encountered
E0805 00:28:49.195151 1826655 cuda_executor.cc:489] error unregistering host memory at 0x14b9b92ed000: INTERNAL: CUDA error: : CUDA_ERROR_ILLEGAL_ADDRESS: an illegal memory access was encountered
E0805 00:28:49.195176 1826655 cuda_executor.cc:489] error unregistering host memory at 0x14b9b92ec000: INTERNAL: CUDA error: : CUDA_ERROR_ILLEGAL_ADDRESS: an illegal memory access was encountered
E0805 00:28:49.195209 1826655 cuda_executor.cc:489] error unregistering host memory at 0x14b9b92eb000: INTERNAL: CUDA error: : CUDA_ERROR_ILLEGAL_ADDRESS: an illegal memory access was encountered
E0805 00:28:49.195237 1826655 cuda_executor.cc:489] error unregistering host memory at 0x14b9b92ea000: INTERNAL: CUDA error: : CUDA_ERROR_ILLEGAL_ADDRESS: an illegal memory access was encountered
E0805 00:28:49.195258 1826655 cuda_executor.cc:489] error unregistering host memory at 0x14b9b92e9000: INTERNAL: CUDA error: : CUDA_ERROR_ILLEGAL_ADDRESS: an illegal memory access was encountered
E0805 00:28:49.195276 1826655 cuda_executor.cc:489] error unregistering host memory at 0x14b9b92e8000: INTERNAL: CUDA error: : CUDA_ERROR_ILLEGAL_ADDRESS: an illegal memory access was encountered
E0805 00:28:49.195293 1826655 cuda_executor.cc:489] error unregistering host memory at 0x14b9b92e7000: INTERNAL: CUDA error: : CUDA_ERROR_ILLEGAL_ADDRESS: an illegal memory access was encountered
E0805 00:28:49.195319 1826655 cuda_executor.cc:489] error unregistering host memory at 0x14b9b92e6000: INTERNAL: CUDA error: : CUDA_ERROR_ILLEGAL_ADDRESS: an illegal memory access was encountered
E0805 00:28:49.195336 1826655 cuda_executor.cc:251] failed to unload module 0x564224be8ab0; leaking: INTERNAL: CUDA error: : CUDA_ERROR_ILLEGAL_ADDRESS: an illegal memory access was encountered
E0805 00:28:49.249532 1826655 cuda_executor.cc:489] error unregistering host memory at 0x14b9b935f000: INTERNAL: CUDA error: : CUDA_ERROR_ILLEGAL_ADDRESS: an illegal memory access was encountered
E0805 00:28:49.249600 1826655 cuda_executor.cc:489] error unregistering host memory at 0x14b9b935e000: INTERNAL: CUDA error: : CUDA_ERROR_ILLEGAL_ADDRESS: an illegal memory access was encountered
E0805 00:28:49.250818 1826655 cuda_executor.cc:489] error unregistering host memory at 0x14b9b935d000: INTERNAL: CUDA error: : CUDA_ERROR_ILLEGAL_ADDRESS: an illegal memory access was encountered
E0805 00:28:49.251711 1826655 cuda_executor.cc:489] error unregistering host memory at 0x14b9b935c000: INTERNAL: CUDA error: : CUDA_ERROR_ILLEGAL_ADDRESS: an illegal memory access was encountered
E0805 00:28:49.252702 1826655 cuda_executor.cc:489] error unregistering host memory at 0x14b9b9336000: INTERNAL: CUDA error: : CUDA_ERROR_ILLEGAL_ADDRESS: an illegal memory access was encountered
E0805 00:28:49.253859 1826655 cuda_executor.cc:489] error unregistering host memory at 0x14b9b9335000: INTERNAL: CUDA error: : CUDA_ERROR_ILLEGAL_ADDRESS: an illegal memory access was encountered
E0805 00:28:49.255742 1826655 cuda_executor.cc:489] error unregistering host memory at 0x14b9b9334000: INTERNAL: CUDA error: : CUDA_ERROR_ILLEGAL_ADDRESS: an illegal memory access was encountered
E0805 00:28:49.258104 1826655 cuda_executor.cc:489] error unregistering host memory at 0x14b9b9333000: INTERNAL: CUDA error: : CUDA_ERROR_ILLEGAL_ADDRESS: an illegal memory access was encountered
E0805 00:28:49.259087 1826655 cuda_executor.cc:489] error unregistering host memory at 0x14b9b9332000: INTERNAL: CUDA error: : CUDA_ERROR_ILLEGAL_ADDRESS: an illegal memory access was encountered
E0805 00:28:49.259869 1826655 cuda_executor.cc:489] error unregistering host memory at 0x14b9b9331000: INTERNAL: CUDA error: : CUDA_ERROR_ILLEGAL_ADDRESS: an illegal memory access was encountered
E0805 00:28:49.260690 1826655 cuda_executor.cc:489] error unregistering host memory at 0x14b9b9330000: INTERNAL: CUDA error: : CUDA_ERROR_ILLEGAL_ADDRESS: an illegal memory access was encountered
E0805 00:28:49.261389 1826655 cuda_executor.cc:489] error unregistering host memory at 0x14b9b932f000: INTERNAL: CUDA error: : CUDA_ERROR_ILLEGAL_ADDRESS: an illegal memory access was encountered
E0805 00:28:49.262053 1826655 cuda_executor.cc:489] error unregistering host memory at 0x14b9b932e000: INTERNAL: CUDA error: : CUDA_ERROR_ILLEGAL_ADDRESS: an illegal memory access was encountered
E0805 00:28:49.263096 1826655 cuda_executor.cc:489] error unregistering host memory at 0x14b9b932d000: INTERNAL: CUDA error: : CUDA_ERROR_ILLEGAL_ADDRESS: an illegal memory access was encountered
E0805 00:28:49.264098 1826655 cuda_executor.cc:489] error unregistering host memory at 0x14b9b932c000: INTERNAL: CUDA error: : CUDA_ERROR_ILLEGAL_ADDRESS: an illegal memory access was encountered
E0805 00:28:49.264750 1826655 cuda_executor.cc:489] error unregistering host memory at 0x14b9b932b000: INTERNAL: CUDA error: : CUDA_ERROR_ILLEGAL_ADDRESS: an illegal memory access was encountered
E0805 00:28:49.264908 1826655 cuda_executor.cc:489] error unregistering host memory at 0x14b9b932a000: INTERNAL: CUDA error: : CUDA_ERROR_ILLEGAL_ADDRESS: an illegal memory access was encountered
E0805 00:28:49.264928 1826655 cuda_executor.cc:489] error unregistering host memory at 0x14b9b9329000: INTERNAL: CUDA error: : CUDA_ERROR_ILLEGAL_ADDRESS: an illegal memory access was encountered
E0805 00:28:49.264954 1826655 cuda_executor.cc:489] error unregistering host memory at 0x14b9b9328000: INTERNAL: CUDA error: : CUDA_ERROR_ILLEGAL_ADDRESS: an illegal memory access was encountered
E0805 00:28:49.264971 1826655 cuda_executor.cc:489] error unregistering host memory at 0x14b9b9327000: INTERNAL: CUDA error: : CUDA_ERROR_ILLEGAL_ADDRESS: an illegal memory access was encountered
E0805 00:28:49.264992 1826655 cuda_executor.cc:489] error unregistering host memory at 0x14b9b9326000: INTERNAL: CUDA error: : CUDA_ERROR_ILLEGAL_ADDRESS: an illegal memory access was encountered
E0805 00:28:49.265014 1826655 cuda_executor.cc:489] error unregistering host memory at 0x14b9b9325000: INTERNAL: CUDA error: : CUDA_ERROR_ILLEGAL_ADDRESS: an illegal memory access was encountered
E0805 00:28:49.265031 1826655 cuda_executor.cc:489] error unregistering host memory at 0x14b9b9324000: INTERNAL: CUDA error: : CUDA_ERROR_ILLEGAL_ADDRESS: an illegal memory access was encountered
E0805 00:28:49.265060 1826655 cuda_executor.cc:489] error unregistering host memory at 0x14b9b9323000: INTERNAL: CUDA error: : CUDA_ERROR_ILLEGAL_ADDRESS: an illegal memory access was encountered
E0805 00:28:49.265082 1826655 cuda_executor.cc:251] failed to unload module 0x5642492ea7b0; leaking: INTERNAL: CUDA error: : CUDA_ERROR_ILLEGAL_ADDRESS: an illegal memory access was encountered
E0805 00:28:49.301829 1826655 cuda_executor.cc:526] failed to free device memory at 0x14b05eb8a000; result: INTERNAL: CUDA error: : CUDA_ERROR_ILLEGAL_ADDRESS: an illegal memory access was encountered
E0805 00:28:49.303080 1826655 cuda_executor.cc:526] failed to free device memory at 0x14b05eb96000; result: INTERNAL: CUDA error: : CUDA_ERROR_ILLEGAL_ADDRESS: an illegal memory access was encountered
E0805 00:28:49.303708 1826655 cuda_executor.cc:526] failed to free device memory at 0x14b05eba2000; result: INTERNAL: CUDA error: : CUDA_ERROR_ILLEGAL_ADDRESS: an illegal memory access was encountered
E0805 00:28:49.304806 1826655 cuda_executor.cc:526] failed to free device memory at 0x14b05ebae000; result: INTERNAL: CUDA error: : CUDA_ERROR_ILLEGAL_ADDRESS: an illegal memory access was encountered
E0805 00:28:49.305712 1826655 cuda_executor.cc:526] failed to free device memory at 0x14b05ebba000; result: INTERNAL: CUDA error: : CUDA_ERROR_ILLEGAL_ADDRESS: an illegal memory access was encountered
E0805 00:28:49.306882 1826655 cuda_executor.cc:526] failed to free device memory at 0x14b05ebc6000; result: INTERNAL: CUDA error: : CUDA_ERROR_ILLEGAL_ADDRESS: an illegal memory access was encountered
E0805 00:28:49.308189 1826655 cuda_executor.cc:526] failed to free device memory at 0x14b05ebd2000; result: INTERNAL: CUDA error: : CUDA_ERROR_ILLEGAL_ADDRESS: an illegal memory access was encountered
E0805 00:28:49.310243 1826655 cuda_executor.cc:526] failed to free device memory at 0x14b05ebde000; result: INTERNAL: CUDA error: : CUDA_ERROR_ILLEGAL_ADDRESS: an illegal memory access was encountered
E0805 00:28:49.312638 1826655 cuda_executor.cc:526] failed to free device memory at 0x14b05ebea000; result: INTERNAL: CUDA error: : CUDA_ERROR_ILLEGAL_ADDRESS: an illegal memory access was encountered
E0805 00:28:49.313588 1826655 cuda_executor.cc:526] failed to free device memory at 0x14b991263000; result: INTERNAL: CUDA error: : CUDA_ERROR_ILLEGAL_ADDRESS: an illegal memory access was encountered
E0805 00:28:49.314496 1826655 cuda_executor.cc:526] failed to free device memory at 0x14b99126f000; result: INTERNAL: CUDA error: : CUDA_ERROR_ILLEGAL_ADDRESS: an illegal memory access was encountered
E0805 00:28:49.314879 1826655 cuda_executor.cc:526] failed to free device memory at 0x14b99127b000; result: INTERNAL: CUDA error: : CUDA_ERROR_ILLEGAL_ADDRESS: an illegal memory access was encountered
E0805 00:28:49.314884 1826655 cuda_executor.cc:526] failed to free device memory at 0x14b991287000; result: INTERNAL: CUDA error: : CUDA_ERROR_ILLEGAL_ADDRESS: an illegal memory access was encountered
E0805 00:28:49.314893 1826655 cuda_executor.cc:526] failed to free device memory at 0x14b991293000; result: INTERNAL: CUDA error: : CUDA_ERROR_ILLEGAL_ADDRESS: an illegal memory access was encountered
E0805 00:28:49.314898 1826655 cuda_executor.cc:526] failed to free device memory at 0x14b99129f000; result: INTERNAL: CUDA error: : CUDA_ERROR_ILLEGAL_ADDRESS: an illegal memory access was encountered
E0805 00:28:49.314902 1826655 cuda_executor.cc:526] failed to free device memory at 0x14b9912ab000; result: INTERNAL: CUDA error: : CUDA_ERROR_ILLEGAL_ADDRESS: an illegal memory access was encountered
E0805 00:28:49.314905 1826655 cuda_executor.cc:526] failed to free device memory at 0x14b9912b7000; result: INTERNAL: CUDA error: : CUDA_ERROR_ILLEGAL_ADDRESS: an illegal memory access was encountered
E0805 00:28:49.314910 1826655 cuda_executor.cc:526] failed to free device memory at 0x14b9912c3000; result: INTERNAL: CUDA error: : CUDA_ERROR_ILLEGAL_ADDRESS: an illegal memory access was encountered
E0805 00:28:49.314914 1826655 cuda_executor.cc:526] failed to free device memory at 0x14b9912cf000; result: INTERNAL: CUDA error: : CUDA_ERROR_ILLEGAL_ADDRESS: an illegal memory access was encountered
E0805 00:28:49.314917 1826655 cuda_executor.cc:526] failed to free device memory at 0x14b9912db000; result: INTERNAL: CUDA error: : CUDA_ERROR_ILLEGAL_ADDRESS: an illegal memory access was encountered
E0805 00:28:49.314939 1826655 cuda_executor.cc:526] failed to free device memory at 0x14b9912e7000; result: INTERNAL: CUDA error: : CUDA_ERROR_ILLEGAL_ADDRESS: an illegal memory access was encountered
E0805 00:28:49.314944 1826655 cuda_executor.cc:526] failed to free device memory at 0x14b9912f3000; result: INTERNAL: CUDA error: : CUDA_ERROR_ILLEGAL_ADDRESS: an illegal memory access was encountered
E0805 00:28:49.314948 1826655 cuda_executor.cc:526] failed to free device memory at 0x14b9912ff000; result: INTERNAL: CUDA error: : CUDA_ERROR_ILLEGAL_ADDRESS: an illegal memory access was encountered
E0805 00:28:49.314952 1826655 cuda_executor.cc:526] failed to free device memory at 0x14b99130b000; result: INTERNAL: CUDA error: : CUDA_ERROR_ILLEGAL_ADDRESS: an illegal memory access was encountered
E0805 00:28:49.314956 1826655 cuda_executor.cc:526] failed to free device memory at 0x14b05eb7e000; result: INTERNAL: CUDA error: : CUDA_ERROR_ILLEGAL_ADDRESS: an illegal memory access was encountered
E0805 00:28:49.331089 1826655 cuda_executor.cc:489] error unregistering host memory at 0x14b9b93c1000: INTERNAL: CUDA error: : CUDA_ERROR_ILLEGAL_ADDRESS: an illegal memory access was encountered
E0805 00:28:49.331153 1826655 cuda_executor.cc:489] error unregistering host memory at 0x14b9b93c0000: INTERNAL: CUDA error: : CUDA_ERROR_ILLEGAL_ADDRESS: an illegal memory access was encountered
E0805 00:28:49.331179 1826655 cuda_executor.cc:489] error unregistering host memory at 0x14b9b93bf000: INTERNAL: CUDA error: : CUDA_ERROR_ILLEGAL_ADDRESS: an illegal memory access was encountered
E0805 00:28:49.332135 1826655 cuda_executor.cc:489] error unregistering host memory at 0x14b9b93be000: INTERNAL: CUDA error: : CUDA_ERROR_ILLEGAL_ADDRESS: an illegal memory access was encountered
E0805 00:28:49.332872 1826655 cuda_executor.cc:489] error unregistering host memory at 0x14b9b9373000: INTERNAL: CUDA error: : CUDA_ERROR_ILLEGAL_ADDRESS: an illegal memory access was encountered
E0805 00:28:49.333591 1826655 cuda_executor.cc:489] error unregistering host memory at 0x14b9b9372000: INTERNAL: CUDA error: : CUDA_ERROR_ILLEGAL_ADDRESS: an illegal memory access was encountered
E0805 00:28:49.334655 1826655 cuda_executor.cc:489] error unregistering host memory at 0x14b9b9371000: INTERNAL: CUDA error: : CUDA_ERROR_ILLEGAL_ADDRESS: an illegal memory access was encountered
E0805 00:28:49.335712 1826655 cuda_executor.cc:489] error unregistering host memory at 0x14b9b9370000: INTERNAL: CUDA error: : CUDA_ERROR_ILLEGAL_ADDRESS: an illegal memory access was encountered
E0805 00:28:49.336507 1826655 cuda_executor.cc:489] error unregistering host memory at 0x14b9b936f000: INTERNAL: CUDA error: : CUDA_ERROR_ILLEGAL_ADDRESS: an illegal memory access was encountered
E0805 00:28:49.336555 1826655 cuda_executor.cc:489] error unregistering host memory at 0x14b9b936e000: INTERNAL: CUDA error: : CUDA_ERROR_ILLEGAL_ADDRESS: an illegal memory access was encountered
E0805 00:28:49.336630 1826655 cuda_executor.cc:489] error unregistering host memory at 0x14b9b936d000: INTERNAL: CUDA error: : CUDA_ERROR_ILLEGAL_ADDRESS: an illegal memory access was encountered
E0805 00:28:49.336653 1826655 cuda_executor.cc:489] error unregistering host memory at 0x14b9b936c000: INTERNAL: CUDA error: : CUDA_ERROR_ILLEGAL_ADDRESS: an illegal memory access was encountered
E0805 00:28:49.336678 1826655 cuda_executor.cc:489] error unregistering host memory at 0x14b9b936b000: INTERNAL: CUDA error: : CUDA_ERROR_ILLEGAL_ADDRESS: an illegal memory access was encountered
E0805 00:28:49.336698 1826655 cuda_executor.cc:489] error unregistering host memory at 0x14b9b936a000: INTERNAL: CUDA error: : CUDA_ERROR_ILLEGAL_ADDRESS: an illegal memory access was encountered
E0805 00:28:49.336714 1826655 cuda_executor.cc:489] error unregistering host memory at 0x14b9b9369000: INTERNAL: CUDA error: : CUDA_ERROR_ILLEGAL_ADDRESS: an illegal memory access was encountered
E0805 00:28:49.336740 1826655 cuda_executor.cc:489] error unregistering host memory at 0x14b9b9368000: INTERNAL: CUDA error: : CUDA_ERROR_ILLEGAL_ADDRESS: an illegal memory access was encountered
E0805 00:28:49.336757 1826655 cuda_executor.cc:489] error unregistering host memory at 0x14b9b9367000: INTERNAL: CUDA error: : CUDA_ERROR_ILLEGAL_ADDRESS: an illegal memory access was encountered
E0805 00:28:49.336771 1826655 cuda_executor.cc:489] error unregistering host memory at 0x14b9b9366000: INTERNAL: CUDA error: : CUDA_ERROR_ILLEGAL_ADDRESS: an illegal memory access was encountered
E0805 00:28:49.336792 1826655 cuda_executor.cc:489] error unregistering host memory at 0x14b9b9365000: INTERNAL: CUDA error: : CUDA_ERROR_ILLEGAL_ADDRESS: an illegal memory access was encountered
E0805 00:28:49.336809 1826655 cuda_executor.cc:489] error unregistering host memory at 0x14b9b9364000: INTERNAL: CUDA error: : CUDA_ERROR_ILLEGAL_ADDRESS: an illegal memory access was encountered
E0805 00:28:49.336822 1826655 cuda_executor.cc:489] error unregistering host memory at 0x14b9b9363000: INTERNAL: CUDA error: : CUDA_ERROR_ILLEGAL_ADDRESS: an illegal memory access was encountered
E0805 00:28:49.336848 1826655 cuda_executor.cc:489] error unregistering host memory at 0x14b9b9362000: INTERNAL: CUDA error: : CUDA_ERROR_ILLEGAL_ADDRESS: an illegal memory access was encountered
E0805 00:28:49.336877 1826655 cuda_executor.cc:489] error unregistering host memory at 0x14b9b9361000: INTERNAL: CUDA error: : CUDA_ERROR_ILLEGAL_ADDRESS: an illegal memory access was encountered
E0805 00:28:49.336901 1826655 cuda_executor.cc:489] error unregistering host memory at 0x14b9b9360000: INTERNAL: CUDA error: : CUDA_ERROR_ILLEGAL_ADDRESS: an illegal memory access was encountered
E0805 00:28:49.336928 1826655 cuda_executor.cc:251] failed to unload module 0x564258c2bdf0; leaking: INTERNAL: CUDA error: : CUDA_ERROR_ILLEGAL_ADDRESS: an illegal memory access was encountered
E0805 00:28:49.429794 1826655 cuda_executor.cc:251] failed to unload module 0x564239f90620; leaking: INTERNAL: CUDA error: : CUDA_ERROR_ILLEGAL_ADDRESS: an illegal memory access was encountered
E0805 00:28:49.483245 1826655 cuda_executor.cc:251] failed to unload module 0x56421b9a9000; leaking: INTERNAL: CUDA error: : CUDA_ERROR_ILLEGAL_ADDRESS: an illegal memory access was encountered
E0805 00:28:49.485655 1826655 cuda_executor.cc:251] failed to unload module 0x5642192f59d0; leaking: INTERNAL: CUDA error: : CUDA_ERROR_ILLEGAL_ADDRESS: an illegal memory access was encountered
E0805 00:28:49.489576 1826655 cuda_executor.cc:251] failed to unload module 0x564233ed3ad0; leaking: INTERNAL: CUDA error: : CUDA_ERROR_ILLEGAL_ADDRESS: an illegal memory access was encountered
E0805 00:28:49.521237 1826655 cuda_executor.cc:526] failed to free device memory at 0x14b9913ec600; result: INTERNAL: CUDA error: : CUDA_ERROR_ILLEGAL_ADDRESS: an illegal memory access was encountered
E0805 00:28:49.524846 1826655 cuda_executor.cc:526] failed to free device memory at 0x14b9913ec800; result: INTERNAL: CUDA error: : CUDA_ERROR_ILLEGAL_ADDRESS: an illegal memory access was encountered
E0805 00:28:49.528061 1826655 cuda_executor.cc:526] failed to free device memory at 0x14b9913f0600; result: INTERNAL: CUDA error: : CUDA_ERROR_ILLEGAL_ADDRESS: an illegal memory access was encountered
E0805 00:28:49.529933 1826655 cuda_executor.cc:526] failed to free device memory at 0x14b9913f0800; result: INTERNAL: CUDA error: : CUDA_ERROR_ILLEGAL_ADDRESS: an illegal memory access was encountered
E0805 00:28:49.531271 1826655 cuda_executor.cc:526] failed to free device memory at 0x14b9913f0a00; result: INTERNAL: CUDA error: : CUDA_ERROR_ILLEGAL_ADDRESS: an illegal memory access was encountered
E0805 00:28:49.533342 1826655 cuda_executor.cc:526] failed to free device memory at 0x14b9913f0c00; result: INTERNAL: CUDA error: : CUDA_ERROR_ILLEGAL_ADDRESS: an illegal memory access was encountered
E0805 00:28:49.534946 1826655 cuda_executor.cc:526] failed to free device memory at 0x14b9913f0e00; result: INTERNAL: CUDA error: : CUDA_ERROR_ILLEGAL_ADDRESS: an illegal memory access was encountered
E0805 00:28:49.536569 1826655 cuda_executor.cc:526] failed to free device memory at 0x14b9913f1000; result: INTERNAL: CUDA error: : CUDA_ERROR_ILLEGAL_ADDRESS: an illegal memory access was encountered
E0805 00:28:49.538041 1826655 cuda_executor.cc:526] failed to free device memory at 0x14b9913f1200; result: INTERNAL: CUDA error: : CUDA_ERROR_ILLEGAL_ADDRESS: an illegal memory access was encountered
E0805 00:28:49.540214 1826655 cuda_executor.cc:526] failed to free device memory at 0x14b9913f1400; result: INTERNAL: CUDA error: : CUDA_ERROR_ILLEGAL_ADDRESS: an illegal memory access was encountered
E0805 00:28:49.540725 1826655 cuda_executor.cc:526] failed to free device memory at 0x14b9913f4400; result: INTERNAL: CUDA error: : CUDA_ERROR_ILLEGAL_ADDRESS: an illegal memory access was encountered
E0805 00:28:49.542972 1826655 cuda_executor.cc:526] failed to free device memory at 0x14b9913f7400; result: INTERNAL: CUDA error: : CUDA_ERROR_ILLEGAL_ADDRESS: an illegal memory access was encountered
E0805 00:28:49.544989 1826655 cuda_executor.cc:526] failed to free device memory at 0x14b9913fa400; result: INTERNAL: CUDA error: : CUDA_ERROR_ILLEGAL_ADDRESS: an illegal memory access was encountered
E0805 00:28:49.547230 1826655 cuda_executor.cc:526] failed to free device memory at 0x14b0643c8800; result: INTERNAL: CUDA error: : CUDA_ERROR_ILLEGAL_ADDRESS: an illegal memory access was encountered
E0805 00:28:49.549706 1826655 cuda_executor.cc:526] failed to free device memory at 0x14b0643cb800; result: INTERNAL: CUDA error: : CUDA_ERROR_ILLEGAL_ADDRESS: an illegal memory access was encountered
E0805 00:28:49.551061 1826655 cuda_executor.cc:526] failed to free device memory at 0x14b0643ce800; result: INTERNAL: CUDA error: : CUDA_ERROR_ILLEGAL_ADDRESS: an illegal memory access was encountered
E0805 00:28:49.552424 1826655 cuda_executor.cc:526] failed to free device memory at 0x14b0643d1800; result: INTERNAL: CUDA error: : CUDA_ERROR_ILLEGAL_ADDRESS: an illegal memory access was encountered
E0805 00:28:49.552431 1826655 cuda_executor.cc:526] failed to free device memory at 0x14b0643d4800; result: INTERNAL: CUDA error: : CUDA_ERROR_ILLEGAL_ADDRESS: an illegal memory access was encountered
E0805 00:28:49.552435 1826655 cuda_executor.cc:526] failed to free device memory at 0x14b0643d7800; result: INTERNAL: CUDA error: : CUDA_ERROR_ILLEGAL_ADDRESS: an illegal memory access was encountered
E0805 00:28:49.552439 1826655 cuda_executor.cc:526] failed to free device memory at 0x14b0643da800; result: INTERNAL: CUDA error: : CUDA_ERROR_ILLEGAL_ADDRESS: an illegal memory access was encountered
E0805 00:28:49.552442 1826655 cuda_executor.cc:526] failed to free device memory at 0x14b0643dd800; result: INTERNAL: CUDA error: : CUDA_ERROR_ILLEGAL_ADDRESS: an illegal memory access was encountered
E0805 00:28:49.552447 1826655 cuda_executor.cc:526] failed to free device memory at 0x14b0643e0800; result: INTERNAL: CUDA error: : CUDA_ERROR_ILLEGAL_ADDRESS: an illegal memory access was encountered
E0805 00:28:49.552453 1826655 cuda_executor.cc:526] failed to free device memory at 0x14b0643e3800; result: INTERNAL: CUDA error: : CUDA_ERROR_ILLEGAL_ADDRESS: an illegal memory access was encountered
E0805 00:28:49.552457 1826655 cuda_executor.cc:526] failed to free device memory at 0x14b0643e6800; result: INTERNAL: CUDA error: : CUDA_ERROR_ILLEGAL_ADDRESS: an illegal memory access was encountered
E0805 00:28:49.552461 1826655 cuda_executor.cc:526] failed to free device memory at 0x14b0643e9800; result: INTERNAL: CUDA error: : CUDA_ERROR_ILLEGAL_ADDRESS: an illegal memory access was encountered
E0805 00:28:49.552465 1826655 cuda_executor.cc:526] failed to free device memory at 0x14b0643ec800; result: INTERNAL: CUDA error: : CUDA_ERROR_ILLEGAL_ADDRESS: an illegal memory access was encountered
E0805 00:28:49.552469 1826655 cuda_executor.cc:526] failed to free device memory at 0x14b0643ef800; result: INTERNAL: CUDA error: : CUDA_ERROR_ILLEGAL_ADDRESS: an illegal memory access was encountered
E0805 00:28:49.552473 1826655 cuda_executor.cc:526] failed to free device memory at 0x14b0643f2800; result: INTERNAL: CUDA error: : CUDA_ERROR_ILLEGAL_ADDRESS: an illegal memory access was encountered
E0805 00:28:49.552477 1826655 cuda_executor.cc:526] failed to free device memory at 0x14b0643f5800; result: INTERNAL: CUDA error: : CUDA_ERROR_ILLEGAL_ADDRESS: an illegal memory access was encountered
E0805 00:28:49.552481 1826655 cuda_executor.cc:526] failed to free device memory at 0x14b0643f8800; result: INTERNAL: CUDA error: : CUDA_ERROR_ILLEGAL_ADDRESS: an illegal memory access was encountered
E0805 00:28:49.552485 1826655 cuda_executor.cc:526] failed to free device memory at 0x14b0643fb800; result: INTERNAL: CUDA error: : CUDA_ERROR_ILLEGAL_ADDRESS: an illegal memory access was encountered
E0805 00:28:49.552489 1826655 cuda_executor.cc:526] failed to free device memory at 0x14b05eb69000; result: INTERNAL: CUDA error: : CUDA_ERROR_ILLEGAL_ADDRESS: an illegal memory access was encountered
E0805 00:28:49.552493 1826655 cuda_executor.cc:526] failed to free device memory at 0x14b05eb6c000; result: INTERNAL: CUDA error: : CUDA_ERROR_ILLEGAL_ADDRESS: an illegal memory access was encountered
E0805 00:28:49.552497 1826655 cuda_executor.cc:526] failed to free device memory at 0x14b9913ed200; result: INTERNAL: CUDA error: : CUDA_ERROR_ILLEGAL_ADDRESS: an illegal memory access was encountered
E0805 00:28:49.552501 1826655 cuda_executor.cc:526] failed to free device memory at 0x14b9913f0200; result: INTERNAL: CUDA error: : CUDA_ERROR_ILLEGAL_ADDRESS: an illegal memory access was encountered
E0805 00:28:49.552505 1826655 cuda_executor.cc:526] failed to free device memory at 0x14b0643fe800; result: INTERNAL: CUDA error: : CUDA_ERROR_ILLEGAL_ADDRESS: an illegal memory access was encountered
E0805 00:28:49.552510 1826655 cuda_executor.cc:526] failed to free device memory at 0x14b9913eca00; result: INTERNAL: CUDA error: : CUDA_ERROR_ILLEGAL_ADDRESS: an illegal memory access was encountered
E0805 00:28:49.552514 1826655 cuda_executor.cc:526] failed to free device memory at 0x14b9913ece00; result: INTERNAL: CUDA error: : CUDA_ERROR_ILLEGAL_ADDRESS: an illegal memory access was encountered
E0805 00:28:49.567938 1826655 cuda_executor.cc:489] error unregistering host memory at 0x14ba8e80c000: INTERNAL: CUDA error: : CUDA_ERROR_ILLEGAL_ADDRESS: an illegal memory access was encountered
E0805 00:28:49.568002 1826655 cuda_executor.cc:489] error unregistering host memory at 0x14ba8e80b000: INTERNAL: CUDA error: : CUDA_ERROR_ILLEGAL_ADDRESS: an illegal memory access was encountered
E0805 00:28:49.569293 1826655 cuda_executor.cc:489] error unregistering host memory at 0x14ba8e80a000: INTERNAL: CUDA error: : CUDA_ERROR_ILLEGAL_ADDRESS: an illegal memory access was encountered
E0805 00:28:49.570286 1826655 cuda_executor.cc:489] error unregistering host memory at 0x14ba8e809000: INTERNAL: CUDA error: : CUDA_ERROR_ILLEGAL_ADDRESS: an illegal memory access was encountered
E0805 00:28:49.571294 1826655 cuda_executor.cc:489] error unregistering host memory at 0x14ba8e808000: INTERNAL: CUDA error: : CUDA_ERROR_ILLEGAL_ADDRESS: an illegal memory access was encountered
E0805 00:28:49.572654 1826655 cuda_executor.cc:489] error unregistering host memory at 0x14ba8e807000: INTERNAL: CUDA error: : CUDA_ERROR_ILLEGAL_ADDRESS: an illegal memory access was encountered
E0805 00:28:49.573971 1826655 cuda_executor.cc:489] error unregistering host memory at 0x14ba8e806000: INTERNAL: CUDA error: : CUDA_ERROR_ILLEGAL_ADDRESS: an illegal memory access was encountered
E0805 00:28:49.574845 1826655 cuda_executor.cc:489] error unregistering host memory at 0x14ba8e805000: INTERNAL: CUDA error: : CUDA_ERROR_ILLEGAL_ADDRESS: an illegal memory access was encountered
E0805 00:28:49.574972 1826655 cuda_executor.cc:489] error unregistering host memory at 0x14ba8e804000: INTERNAL: CUDA error: : CUDA_ERROR_ILLEGAL_ADDRESS: an illegal memory access was encountered
E0805 00:28:49.575001 1826655 cuda_executor.cc:489] error unregistering host memory at 0x14ba8e803000: INTERNAL: CUDA error: : CUDA_ERROR_ILLEGAL_ADDRESS: an illegal memory access was encountered
E0805 00:28:49.575030 1826655 cuda_executor.cc:489] error unregistering host memory at 0x14ba8e802000: INTERNAL: CUDA error: : CUDA_ERROR_ILLEGAL_ADDRESS: an illegal memory access was encountered
E0805 00:28:49.575052 1826655 cuda_executor.cc:489] error unregistering host memory at 0x14ba8e801000: INTERNAL: CUDA error: : CUDA_ERROR_ILLEGAL_ADDRESS: an illegal memory access was encountered
E0805 00:28:49.575075 1826655 cuda_executor.cc:489] error unregistering host memory at 0x14ba8e800000: INTERNAL: CUDA error: : CUDA_ERROR_ILLEGAL_ADDRESS: an illegal memory access was encountered
E0805 00:28:49.575093 1826655 cuda_executor.cc:489] error unregistering host memory at 0x14b9c8000000: INTERNAL: CUDA error: : CUDA_ERROR_ILLEGAL_ADDRESS: an illegal memory access was encountered
E0805 00:28:49.575115 1826655 cuda_executor.cc:489] error unregistering host memory at 0x14b9c0001000: INTERNAL: CUDA error: : CUDA_ERROR_ILLEGAL_ADDRESS: an illegal memory access was encountered
E0805 00:28:49.575144 1826655 cuda_executor.cc:489] error unregistering host memory at 0x14b9c0000000: INTERNAL: CUDA error: : CUDA_ERROR_ILLEGAL_ADDRESS: an illegal memory access was encountered
E0805 00:28:49.575177 1826655 cuda_executor.cc:489] error unregistering host memory at 0x14b9b93c9000: INTERNAL: CUDA error: : CUDA_ERROR_ILLEGAL_ADDRESS: an illegal memory access was encountered
E0805 00:28:49.575217 1826655 cuda_executor.cc:489] error unregistering host memory at 0x14b9b93c8000: INTERNAL: CUDA error: : CUDA_ERROR_ILLEGAL_ADDRESS: an illegal memory access was encountered
E0805 00:28:49.575260 1826655 cuda_executor.cc:489] error unregistering host memory at 0x14b9b93c7000: INTERNAL: CUDA error: : CUDA_ERROR_ILLEGAL_ADDRESS: an illegal memory access was encountered
E0805 00:28:49.575285 1826655 cuda_executor.cc:489] error unregistering host memory at 0x14b9b93c6000: INTERNAL: CUDA error: : CUDA_ERROR_ILLEGAL_ADDRESS: an illegal memory access was encountered
E0805 00:28:49.575307 1826655 cuda_executor.cc:489] error unregistering host memory at 0x14b9b93c5000: INTERNAL: CUDA error: : CUDA_ERROR_ILLEGAL_ADDRESS: an illegal memory access was encountered
E0805 00:28:49.575323 1826655 cuda_executor.cc:489] error unregistering host memory at 0x14b9b93c4000: INTERNAL: CUDA error: : CUDA_ERROR_ILLEGAL_ADDRESS: an illegal memory access was encountered
E0805 00:28:49.575339 1826655 cuda_executor.cc:489] error unregistering host memory at 0x14b9b93c3000: INTERNAL: CUDA error: : CUDA_ERROR_ILLEGAL_ADDRESS: an illegal memory access was encountered
E0805 00:28:49.575364 1826655 cuda_executor.cc:489] error unregistering host memory at 0x14b9b93c2000: INTERNAL: CUDA error: : CUDA_ERROR_ILLEGAL_ADDRESS: an illegal memory access was encountered
E0805 00:28:49.575386 1826655 cuda_executor.cc:251] failed to unload module 0x564252175d10; leaking: INTERNAL: CUDA error: : CUDA_ERROR_ILLEGAL_ADDRESS: an illegal memory access was encountered
E0805 00:28:49.634886 1826655 cuda_executor.cc:251] failed to unload module 0x564250430b00; leaking: INTERNAL: CUDA error: : CUDA_ERROR_ILLEGAL_ADDRESS: an illegal memory access was encountered
E0805 00:28:49.635501 1826655 cuda_executor.cc:251] failed to unload module 0x564261713d00; leaking: INTERNAL: CUDA error: : CUDA_ERROR_ILLEGAL_ADDRESS: an illegal memory access was encountered
E0805 00:28:49.637716 1826655 cuda_executor.cc:251] failed to unload module 0x5642363432a0; leaking: INTERNAL: CUDA error: : CUDA_ERROR_ILLEGAL_ADDRESS: an illegal memory access was encountered
E0805 00:28:49.640796 1826655 cuda_executor.cc:251] failed to unload module 0x564260258aa0; leaking: INTERNAL: CUDA error: : CUDA_ERROR_ILLEGAL_ADDRESS: an illegal memory access was encountered
E0805 00:28:49.643365 1826655 cuda_executor.cc:251] failed to unload module 0x5642334ea4c0; leaking: INTERNAL: CUDA error: : CUDA_ERROR_ILLEGAL_ADDRESS: an illegal memory access was encountered
E0805 00:28:49.663704 1826655 cuda_executor.cc:251] failed to unload module 0x56421b721800; leaking: INTERNAL: CUDA error: : CUDA_ERROR_ILLEGAL_ADDRESS: an illegal memory access was encountered
E0805 00:28:49.665399 1826655 cuda_executor.cc:251] failed to unload module 0x56421997d280; leaking: INTERNAL: CUDA error: : CUDA_ERROR_ILLEGAL_ADDRESS: an illegal memory access was encountered
E0805 00:28:49.674749 1826655 cuda_executor.cc:251] failed to unload module 0x56421b73d4d0; leaking: INTERNAL: CUDA error: : CUDA_ERROR_ILLEGAL_ADDRESS: an illegal memory access was encountered
E0805 00:28:49.679875 1826655 cuda_executor.cc:251] failed to unload module 0x564219919780; leaking: INTERNAL: CUDA error: : CUDA_ERROR_ILLEGAL_ADDRESS: an illegal memory access was encountered
E0805 00:28:49.695232 1826655 cuda_executor.cc:251] failed to unload module 0x56426a661d70; leaking: INTERNAL: CUDA error: : CUDA_ERROR_ILLEGAL_ADDRESS: an illegal memory access was encountered
E0805 00:28:49.698881 1826655 cuda_executor.cc:251] failed to unload module 0x564213f33d60; leaking: INTERNAL: CUDA error: : CUDA_ERROR_ILLEGAL_ADDRESS: an illegal memory access was encountered
E0805 00:28:49.702870 1826655 cuda_executor.cc:251] failed to unload module 0x564213c30f60; leaking: INTERNAL: CUDA error: : CUDA_ERROR_ILLEGAL_ADDRESS: an illegal memory access was encountered
E0805 00:28:49.703738 1826655 cuda_executor.cc:251] failed to unload module 0x564214bc0450; leaking: INTERNAL: CUDA error: : CUDA_ERROR_ILLEGAL_ADDRESS: an illegal memory access was encountered
E0805 00:28:49.706785 1826655 cuda_executor.cc:251] failed to unload module 0x564215670270; leaking: INTERNAL: CUDA error: : CUDA_ERROR_ILLEGAL_ADDRESS: an illegal memory access was encountered
E0805 00:28:49.708542 1826655 cuda_executor.cc:251] failed to unload module 0x564214d65ff0; leaking: INTERNAL: CUDA error: : CUDA_ERROR_ILLEGAL_ADDRESS: an illegal memory access was encountered
E0805 00:28:49.713350 1826655 cuda_executor.cc:251] failed to unload module 0x564215818100; leaking: INTERNAL: CUDA error: : CUDA_ERROR_ILLEGAL_ADDRESS: an illegal memory access was encountered
E0805 00:28:49.716928 1826655 cuda_executor.cc:251] failed to unload module 0x564268cba850; leaking: INTERNAL: CUDA error: : CUDA_ERROR_ILLEGAL_ADDRESS: an illegal memory access was encountered
E0805 00:28:49.717556 1826655 cuda_executor.cc:251] failed to unload module 0x564251092990; leaking: INTERNAL: CUDA error: : CUDA_ERROR_ILLEGAL_ADDRESS: an illegal memory access was encountered
E0805 00:28:49.717868 1826655 cuda_executor.cc:251] failed to unload module 0x5642618bf3a0; leaking: INTERNAL: CUDA error: : CUDA_ERROR_ILLEGAL_ADDRESS: an illegal memory access was encountered
E0805 00:28:49.718244 1826655 cuda_executor.cc:251] failed to unload module 0x5642172863e0; leaking: INTERNAL: CUDA error: : CUDA_ERROR_ILLEGAL_ADDRESS: an illegal memory access was encountered
E0805 00:28:49.718410 1826655 cuda_executor.cc:251] failed to unload module 0x56422de7f090; leaking: INTERNAL: CUDA error: : CUDA_ERROR_ILLEGAL_ADDRESS: an illegal memory access was encountered
E0805 00:28:49.718639 1826655 cuda_executor.cc:251] failed to unload module 0x564226c13f80; leaking: INTERNAL: CUDA error: : CUDA_ERROR_ILLEGAL_ADDRESS: an illegal memory access was encountered
E0805 00:28:49.718907 1826655 cuda_executor.cc:251] failed to unload module 0x564237a7e020; leaking: INTERNAL: CUDA error: : CUDA_ERROR_ILLEGAL_ADDRESS: an illegal memory access was encountered
E0805 00:28:49.719205 1826655 cuda_executor.cc:251] failed to unload module 0x56423a6aab90; leaking: INTERNAL: CUDA error: : CUDA_ERROR_ILLEGAL_ADDRESS: an illegal memory access was encountered
E0805 00:28:49.719616 1826655 cuda_executor.cc:251] failed to unload module 0x56424527b0b0; leaking: INTERNAL: CUDA error: : CUDA_ERROR_ILLEGAL_ADDRESS: an illegal memory access was encountered
E0805 00:28:49.719882 1826655 cuda_executor.cc:251] failed to unload module 0x56423d9c0f20; leaking: INTERNAL: CUDA error: : CUDA_ERROR_ILLEGAL_ADDRESS: an illegal memory access was encountered
E0805 00:28:49.720243 1826655 cuda_executor.cc:251] failed to unload module 0x564246645f70; leaking: INTERNAL: CUDA error: : CUDA_ERROR_ILLEGAL_ADDRESS: an illegal memory access was encountered
E0805 00:28:49.720482 1826655 cuda_executor.cc:251] failed to unload module 0x56423e262870; leaking: INTERNAL: CUDA error: : CUDA_ERROR_ILLEGAL_ADDRESS: an illegal memory access was encountered
E0805 00:28:49.720839 1826655 cuda_executor.cc:251] failed to unload module 0x56426601eea0; leaking: INTERNAL: CUDA error: : CUDA_ERROR_ILLEGAL_ADDRESS: an illegal memory access was encountered
E0805 00:28:49.721180 1826655 cuda_executor.cc:251] failed to unload module 0x564251bfb6d0; leaking: INTERNAL: CUDA error: : CUDA_ERROR_ILLEGAL_ADDRESS: an illegal memory access was encountered
E0805 00:28:49.721472 1826655 cuda_executor.cc:251] failed to unload module 0x56425d261910; leaking: INTERNAL: CUDA error: : CUDA_ERROR_ILLEGAL_ADDRESS: an illegal memory access was encountered
E0805 00:28:49.721848 1826655 cuda_executor.cc:251] failed to unload module 0x564234db1180; leaking: INTERNAL: CUDA error: : CUDA_ERROR_ILLEGAL_ADDRESS: an illegal memory access was encountered
E0805 00:28:49.722153 1826655 cuda_executor.cc:251] failed to unload module 0x56426498c2e0; leaking: INTERNAL: CUDA error: : CUDA_ERROR_ILLEGAL_ADDRESS: an illegal memory access was encountered
E0805 00:28:49.722420 1826655 cuda_executor.cc:251] failed to unload module 0x56425cf54bf0; leaking: INTERNAL: CUDA error: : CUDA_ERROR_ILLEGAL_ADDRESS: an illegal memory access was encountered
E0805 00:28:49.722673 1826655 cuda_executor.cc:251] failed to unload module 0x564231309be0; leaking: INTERNAL: CUDA error: : CUDA_ERROR_ILLEGAL_ADDRESS: an illegal memory access was encountered
E0805 00:28:49.722939 1826655 cuda_executor.cc:251] failed to unload module 0x564235d3a0a0; leaking: INTERNAL: CUDA error: : CUDA_ERROR_ILLEGAL_ADDRESS: an illegal memory access was encountered
E0805 00:28:49.723206 1826655 cuda_executor.cc:251] failed to unload module 0x5642226ff300; leaking: INTERNAL: CUDA error: : CUDA_ERROR_ILLEGAL_ADDRESS: an illegal memory access was encountered
E0805 00:28:49.723458 1826655 cuda_executor.cc:251] failed to unload module 0x564264a5d420; leaking: INTERNAL: CUDA error: : CUDA_ERROR_ILLEGAL_ADDRESS: an illegal memory access was encountered
E0805 00:28:49.723695 1826655 cuda_executor.cc:251] failed to unload module 0x56426d680530; leaking: INTERNAL: CUDA error: : CUDA_ERROR_ILLEGAL_ADDRESS: an illegal memory access was encountered
E0805 00:28:49.723929 1826655 cuda_executor.cc:251] failed to unload module 0x5642667c8a90; leaking: INTERNAL: CUDA error: : CUDA_ERROR_ILLEGAL_ADDRESS: an illegal memory access was encountered
E0805 00:28:49.724113 1826655 cuda_executor.cc:251] failed to unload module 0x564269f7fa10; leaking: INTERNAL: CUDA error: : CUDA_ERROR_ILLEGAL_ADDRESS: an illegal memory access was encountered
E0805 00:28:49.724379 1826655 cuda_executor.cc:251] failed to unload module 0x564266362aa0; leaking: INTERNAL: CUDA error: : CUDA_ERROR_ILLEGAL_ADDRESS: an illegal memory access was encountered
E0805 00:28:49.724558 1826655 cuda_executor.cc:251] failed to unload module 0x564265811410; leaking: INTERNAL: CUDA error: : CUDA_ERROR_ILLEGAL_ADDRESS: an illegal memory access was encountered
E0805 00:28:49.724744 1826655 cuda_executor.cc:251] failed to unload module 0x56426520d920; leaking: INTERNAL: CUDA error: : CUDA_ERROR_ILLEGAL_ADDRESS: an illegal memory access was encountered
E0805 00:28:49.724960 1826655 cuda_executor.cc:251] failed to unload module 0x564266f39610; leaking: INTERNAL: CUDA error: : CUDA_ERROR_ILLEGAL_ADDRESS: an illegal memory access was encountered
E0805 00:28:49.725117 1826655 cuda_executor.cc:251] failed to unload module 0x564264d0c3f0; leaking: INTERNAL: CUDA error: : CUDA_ERROR_ILLEGAL_ADDRESS: an illegal memory access was encountered
E0805 00:28:49.725280 1826655 cuda_executor.cc:251] failed to unload module 0x564249e9d210; leaking: INTERNAL: CUDA error: : CUDA_ERROR_ILLEGAL_ADDRESS: an illegal memory access was encountered
E0805 00:28:49.725486 1826655 cuda_executor.cc:251] failed to unload module 0x56425182d180; leaking: INTERNAL: CUDA error: : CUDA_ERROR_ILLEGAL_ADDRESS: an illegal memory access was encountered
E0805 00:28:49.725651 1826655 cuda_executor.cc:251] failed to unload module 0x56425363fad0; leaking: INTERNAL: CUDA error: : CUDA_ERROR_ILLEGAL_ADDRESS: an illegal memory access was encountered
E0805 00:28:49.725873 1826655 cuda_executor.cc:251] failed to unload module 0x5642668f1390; leaking: INTERNAL: CUDA error: : CUDA_ERROR_ILLEGAL_ADDRESS: an illegal memory access was encountered
E0805 00:28:49.726075 1826655 cuda_executor.cc:251] failed to unload module 0x564241c74d20; leaking: INTERNAL: CUDA error: : CUDA_ERROR_ILLEGAL_ADDRESS: an illegal memory access was encountered
E0805 00:28:49.726247 1826655 cuda_executor.cc:251] failed to unload module 0x56422f81d990; leaking: INTERNAL: CUDA error: : CUDA_ERROR_ILLEGAL_ADDRESS: an illegal memory access was encountered
E0805 00:28:49.726466 1826655 cuda_executor.cc:251] failed to unload module 0x564223a9fd00; leaking: INTERNAL: CUDA error: : CUDA_ERROR_ILLEGAL_ADDRESS: an illegal memory access was encountered
E0805 00:28:49.726665 1826655 cuda_executor.cc:251] failed to unload module 0x564265c18550; leaking: INTERNAL: CUDA error: : CUDA_ERROR_ILLEGAL_ADDRESS: an illegal memory access was encountered
E0805 00:28:49.726857 1826655 cuda_executor.cc:251] failed to unload module 0x56424708bf80; leaking: INTERNAL: CUDA error: : CUDA_ERROR_ILLEGAL_ADDRESS: an illegal memory access was encountered
E0805 00:28:49.727046 1826655 cuda_executor.cc:251] failed to unload module 0x56424747d170; leaking: INTERNAL: CUDA error: : CUDA_ERROR_ILLEGAL_ADDRESS: an illegal memory access was encountered
E0805 00:28:49.727340 1826655 cuda_executor.cc:251] failed to unload module 0x564217025ff0; leaking: INTERNAL: CUDA error: : CUDA_ERROR_ILLEGAL_ADDRESS: an illegal memory access was encountered
E0805 00:28:49.727531 1826655 cuda_executor.cc:251] failed to unload module 0x564266a34870; leaking: INTERNAL: CUDA error: : CUDA_ERROR_ILLEGAL_ADDRESS: an illegal memory access was encountered
E0805 00:28:49.727745 1826655 cuda_executor.cc:251] failed to unload module 0x56421624f430; leaking: INTERNAL: CUDA error: : CUDA_ERROR_ILLEGAL_ADDRESS: an illegal memory access was encountered
E0805 00:28:49.727976 1826655 cuda_executor.cc:251] failed to unload module 0x564243ea1c50; leaking: INTERNAL: CUDA error: : CUDA_ERROR_ILLEGAL_ADDRESS: an illegal memory access was encountered
E0805 00:28:49.728150 1826655 cuda_executor.cc:251] failed to unload module 0x564220da81a0; leaking: INTERNAL: CUDA error: : CUDA_ERROR_ILLEGAL_ADDRESS: an illegal memory access was encountered
E0805 00:28:49.728335 1826655 cuda_executor.cc:251] failed to unload module 0x564217ba6450; leaking: INTERNAL: CUDA error: : CUDA_ERROR_ILLEGAL_ADDRESS: an illegal memory access was encountered
E0805 00:28:49.728536 1826655 cuda_executor.cc:251] failed to unload module 0x564216611c60; leaking: INTERNAL: CUDA error: : CUDA_ERROR_ILLEGAL_ADDRESS: an illegal memory access was encountered
E0805 00:28:49.728753 1826655 cuda_executor.cc:251] failed to unload module 0x5642652aadf0; leaking: INTERNAL: CUDA error: : CUDA_ERROR_ILLEGAL_ADDRESS: an illegal memory access was encountered
E0805 00:28:49.728954 1826655 cuda_executor.cc:251] failed to unload module 0x56424c77cc30; leaking: INTERNAL: CUDA error: : CUDA_ERROR_ILLEGAL_ADDRESS: an illegal memory access was encountered
E0805 00:28:49.729190 1826655 cuda_executor.cc:251] failed to unload module 0x56425fa98400; leaking: INTERNAL: CUDA error: : CUDA_ERROR_ILLEGAL_ADDRESS: an illegal memory access was encountered
E0805 00:28:49.729410 1826655 cuda_executor.cc:251] failed to unload module 0x56424e118030; leaking: INTERNAL: CUDA error: : CUDA_ERROR_ILLEGAL_ADDRESS: an illegal memory access was encountered
E0805 00:28:49.729612 1826655 cuda_executor.cc:251] failed to unload module 0x56425d142610; leaking: INTERNAL: CUDA error: : CUDA_ERROR_ILLEGAL_ADDRESS: an illegal memory access was encountered
E0805 00:28:49.729835 1826655 cuda_executor.cc:251] failed to unload module 0x564241390ff0; leaking: INTERNAL: CUDA error: : CUDA_ERROR_ILLEGAL_ADDRESS: an illegal memory access was encountered
E0805 00:28:49.730116 1826655 cuda_executor.cc:251] failed to unload module 0x56422154b3e0; leaking: INTERNAL: CUDA error: : CUDA_ERROR_ILLEGAL_ADDRESS: an illegal memory access was encountered
E0805 00:28:49.730318 1826655 cuda_executor.cc:251] failed to unload module 0x5642164735b0; leaking: INTERNAL: CUDA error: : CUDA_ERROR_ILLEGAL_ADDRESS: an illegal memory access was encountered
E0805 00:28:49.730554 1826655 cuda_executor.cc:251] failed to unload module 0x56422f331b40; leaking: INTERNAL: CUDA error: : CUDA_ERROR_ILLEGAL_ADDRESS: an illegal memory access was encountered
E0805 00:28:49.730824 1826655 cuda_executor.cc:251] failed to unload module 0x56426b9eb7a0; leaking: INTERNAL: CUDA error: : CUDA_ERROR_ILLEGAL_ADDRESS: an illegal memory access was encountered
E0805 00:28:49.731089 1826655 cuda_executor.cc:251] failed to unload module 0x564232d8fef0; leaking: INTERNAL: CUDA error: : CUDA_ERROR_ILLEGAL_ADDRESS: an illegal memory access was encountered
E0805 00:28:49.731318 1826655 cuda_executor.cc:251] failed to unload module 0x56421af61b40; leaking: INTERNAL: CUDA error: : CUDA_ERROR_ILLEGAL_ADDRESS: an illegal memory access was encountered
E0805 00:28:49.731707 1826655 cuda_executor.cc:251] failed to unload module 0x5642435b0270; leaking: INTERNAL: CUDA error: : CUDA_ERROR_ILLEGAL_ADDRESS: an illegal memory access was encountered
E0805 00:28:49.731894 1826655 cuda_executor.cc:251] failed to unload module 0x56423dbb1430; leaking: INTERNAL: CUDA error: : CUDA_ERROR_ILLEGAL_ADDRESS: an illegal memory access was encountered
E0805 00:28:49.732167 1826655 cuda_executor.cc:251] failed to unload module 0x5642457b35a0; leaking: INTERNAL: CUDA error: : CUDA_ERROR_ILLEGAL_ADDRESS: an illegal memory access was encountered
E0805 00:28:49.732434 1826655 cuda_executor.cc:251] failed to unload module 0x5642164a9900; leaking: INTERNAL: CUDA error: : CUDA_ERROR_ILLEGAL_ADDRESS: an illegal memory access was encountered
E0805 00:28:49.732583 1826655 cuda_executor.cc:251] failed to unload module 0x56423e7f93d0; leaking: INTERNAL: CUDA error: : CUDA_ERROR_ILLEGAL_ADDRESS: an illegal memory access was encountered
E0805 00:28:49.732729 1826655 cuda_executor.cc:251] failed to unload module 0x564239a984b0; leaking: INTERNAL: CUDA error: : CUDA_ERROR_ILLEGAL_ADDRESS: an illegal memory access was encountered
E0805 00:28:49.732934 1826655 cuda_executor.cc:251] failed to unload module 0x56426d347c60; leaking: INTERNAL: CUDA error: : CUDA_ERROR_ILLEGAL_ADDRESS: an illegal memory access was encountered
E0805 00:28:49.733198 1826655 cuda_executor.cc:251] failed to unload module 0x56423aa89f20; leaking: INTERNAL: CUDA error: : CUDA_ERROR_ILLEGAL_ADDRESS: an illegal memory access was encountered
E0805 00:28:49.733377 1826655 cuda_executor.cc:251] failed to unload module 0x5642668dc490; leaking: INTERNAL: CUDA error: : CUDA_ERROR_ILLEGAL_ADDRESS: an illegal memory access was encountered
E0805 00:28:49.733594 1826655 cuda_executor.cc:251] failed to unload module 0x564265239230; leaking: INTERNAL: CUDA error: : CUDA_ERROR_ILLEGAL_ADDRESS: an illegal memory access was encountered
E0805 00:28:49.733802 1826655 cuda_executor.cc:251] failed to unload module 0x5642566fbb20; leaking: INTERNAL: CUDA error: : CUDA_ERROR_ILLEGAL_ADDRESS: an illegal memory access was encountered
E0805 00:28:49.734043 1826655 cuda_executor.cc:251] failed to unload module 0x564232c797f0; leaking: INTERNAL: CUDA error: : CUDA_ERROR_ILLEGAL_ADDRESS: an illegal memory access was encountered
E0805 00:28:49.734268 1826655 cuda_executor.cc:251] failed to unload module 0x5642655c7b50; leaking: INTERNAL: CUDA error: : CUDA_ERROR_ILLEGAL_ADDRESS: an illegal memory access was encountered
E0805 00:28:49.734548 1826655 cuda_executor.cc:251] failed to unload module 0x564247840a60; leaking: INTERNAL: CUDA error: : CUDA_ERROR_ILLEGAL_ADDRESS: an illegal memory access was encountered
E0805 00:28:49.734776 1826655 cuda_executor.cc:251] failed to unload module 0x5642184a2480; leaking: INTERNAL: CUDA error: : CUDA_ERROR_ILLEGAL_ADDRESS: an illegal memory access was encountered
E0805 00:28:49.734940 1826655 cuda_executor.cc:251] failed to unload module 0x56423d3c6450; leaking: INTERNAL: CUDA error: : CUDA_ERROR_ILLEGAL_ADDRESS: an illegal memory access was encountered
E0805 00:28:49.735199 1826655 cuda_executor.cc:251] failed to unload module 0x56426d3c89e0; leaking: INTERNAL: CUDA error: : CUDA_ERROR_ILLEGAL_ADDRESS: an illegal memory access was encountered
E0805 00:28:49.735396 1826655 cuda_executor.cc:251] failed to unload module 0x564213c682b0; leaking: INTERNAL: CUDA error: : CUDA_ERROR_ILLEGAL_ADDRESS: an illegal memory access was encountered
E0805 00:28:49.735568 1826655 cuda_executor.cc:251] failed to unload module 0x5642661de840; leaking: INTERNAL: CUDA error: : CUDA_ERROR_ILLEGAL_ADDRESS: an illegal memory access was encountered
E0805 00:28:49.735789 1826655 cuda_executor.cc:251] failed to unload module 0x564217252570; leaking: INTERNAL: CUDA error: : CUDA_ERROR_ILLEGAL_ADDRESS: an illegal memory access was encountered
E0805 00:28:49.735991 1826655 cuda_executor.cc:251] failed to unload module 0x564266885b30; leaking: INTERNAL: CUDA error: : CUDA_ERROR_ILLEGAL_ADDRESS: an illegal memory access was encountered
E0805 00:28:49.736177 1826655 cuda_executor.cc:251] failed to unload module 0x56422116bce0; leaking: INTERNAL: CUDA error: : CUDA_ERROR_ILLEGAL_ADDRESS: an illegal memory access was encountered
E0805 00:28:49.736369 1826655 cuda_executor.cc:251] failed to unload module 0x5642650482a0; leaking: INTERNAL: CUDA error: : CUDA_ERROR_ILLEGAL_ADDRESS: an illegal memory access was encountered
E0805 00:28:49.736596 1826655 cuda_executor.cc:251] failed to unload module 0x56424ba44d60; leaking: INTERNAL: CUDA error: : CUDA_ERROR_ILLEGAL_ADDRESS: an illegal memory access was encountered
E0805 00:28:49.736802 1826655 cuda_executor.cc:251] failed to unload module 0x56425b81aed0; leaking: INTERNAL: CUDA error: : CUDA_ERROR_ILLEGAL_ADDRESS: an illegal memory access was encountered
E0805 00:28:49.737046 1826655 cuda_executor.cc:251] failed to unload module 0x56425120abf0; leaking: INTERNAL: CUDA error: : CUDA_ERROR_ILLEGAL_ADDRESS: an illegal memory access was encountered
E0805 00:28:49.737261 1826655 cuda_executor.cc:251] failed to unload module 0x5642658c9740; leaking: INTERNAL: CUDA error: : CUDA_ERROR_ILLEGAL_ADDRESS: an illegal memory access was encountered
E0805 00:28:49.737464 1826655 cuda_executor.cc:251] failed to unload module 0x56423cc80840; leaking: INTERNAL: CUDA error: : CUDA_ERROR_ILLEGAL_ADDRESS: an illegal memory access was encountered
E0805 00:28:49.737683 1826655 cuda_executor.cc:251] failed to unload module 0x5642692c98e0; leaking: INTERNAL: CUDA error: : CUDA_ERROR_ILLEGAL_ADDRESS: an illegal memory access was encountered
E0805 00:28:49.737913 1826655 cuda_executor.cc:251] failed to unload module 0x5642697ea390; leaking: INTERNAL: CUDA error: : CUDA_ERROR_ILLEGAL_ADDRESS: an illegal memory access was encountered
E0805 00:28:49.738158 1826655 cuda_executor.cc:251] failed to unload module 0x56426cff7020; leaking: INTERNAL: CUDA error: : CUDA_ERROR_ILLEGAL_ADDRESS: an illegal memory access was encountered
E0805 00:28:49.738366 1826655 cuda_executor.cc:251] failed to unload module 0x56426b49a230; leaking: INTERNAL: CUDA error: : CUDA_ERROR_ILLEGAL_ADDRESS: an illegal memory access was encountered
E0805 00:28:49.738526 1826655 cuda_executor.cc:251] failed to unload module 0x564266b77d10; leaking: INTERNAL: CUDA error: : CUDA_ERROR_ILLEGAL_ADDRESS: an illegal memory access was encountered
E0805 00:28:49.738756 1826655 cuda_executor.cc:251] failed to unload module 0x5642226fbcc0; leaking: INTERNAL: CUDA error: : CUDA_ERROR_ILLEGAL_ADDRESS: an illegal memory access was encountered
E0805 00:28:49.738952 1826655 cuda_executor.cc:251] failed to unload module 0x564265b5a4b0; leaking: INTERNAL: CUDA error: : CUDA_ERROR_ILLEGAL_ADDRESS: an illegal memory access was encountered
E0805 00:28:49.739143 1826655 cuda_executor.cc:251] failed to unload module 0x564213e60a70; leaking: INTERNAL: CUDA error: : CUDA_ERROR_ILLEGAL_ADDRESS: an illegal memory access was encountered
E0805 00:28:49.739352 1826655 cuda_executor.cc:251] failed to unload module 0x56422716c150; leaking: INTERNAL: CUDA error: : CUDA_ERROR_ILLEGAL_ADDRESS: an illegal memory access was encountered
E0805 00:28:49.739617 1826655 cuda_executor.cc:251] failed to unload module 0x564216860a10; leaking: INTERNAL: CUDA error: : CUDA_ERROR_ILLEGAL_ADDRESS: an illegal memory access was encountered
E0805 00:28:49.739807 1826655 cuda_executor.cc:251] failed to unload module 0x564216ef09c0; leaking: INTERNAL: CUDA error: : CUDA_ERROR_ILLEGAL_ADDRESS: an illegal memory access was encountered
E0805 00:28:49.740019 1826655 cuda_executor.cc:251] failed to unload module 0x564264b68620; leaking: INTERNAL: CUDA error: : CUDA_ERROR_ILLEGAL_ADDRESS: an illegal memory access was encountered
E0805 00:28:49.740216 1826655 cuda_executor.cc:251] failed to unload module 0x564217beb570; leaking: INTERNAL: CUDA error: : CUDA_ERROR_ILLEGAL_ADDRESS: an illegal memory access was encountered
E0805 00:28:49.740453 1826655 cuda_executor.cc:251] failed to unload module 0x564217a2de30; leaking: INTERNAL: CUDA error: : CUDA_ERROR_ILLEGAL_ADDRESS: an illegal memory access was encountered
E0805 00:28:49.740716 1826655 cuda_executor.cc:251] failed to unload module 0x56421819c750; leaking: INTERNAL: CUDA error: : CUDA_ERROR_ILLEGAL_ADDRESS: an illegal memory access was encountered
E0805 00:28:49.740933 1826655 cuda_executor.cc:251] failed to unload module 0x564213f71a10; leaking: INTERNAL: CUDA error: : CUDA_ERROR_ILLEGAL_ADDRESS: an illegal memory access was encountered
E0805 00:28:49.741148 1826655 cuda_executor.cc:251] failed to unload module 0x56421a6b7f90; leaking: INTERNAL: CUDA error: : CUDA_ERROR_ILLEGAL_ADDRESS: an illegal memory access was encountered
E0805 00:28:49.741360 1826655 cuda_executor.cc:251] failed to unload module 0x56422d1933d0; leaking: INTERNAL: CUDA error: : CUDA_ERROR_ILLEGAL_ADDRESS: an illegal memory access was encountered
E0805 00:28:49.741569 1826655 cuda_executor.cc:251] failed to unload module 0x5642212732c0; leaking: INTERNAL: CUDA error: : CUDA_ERROR_ILLEGAL_ADDRESS: an illegal memory access was encountered
E0805 00:28:49.741791 1826655 cuda_executor.cc:251] failed to unload module 0x56422f5e8e00; leaking: INTERNAL: CUDA error: : CUDA_ERROR_ILLEGAL_ADDRESS: an illegal memory access was encountered
E0805 00:28:49.742036 1826655 cuda_executor.cc:251] failed to unload module 0x5642664901d0; leaking: INTERNAL: CUDA error: : CUDA_ERROR_ILLEGAL_ADDRESS: an illegal memory access was encountered
E0805 00:28:49.742284 1826655 cuda_executor.cc:251] failed to unload module 0x56426507bd20; leaking: INTERNAL: CUDA error: : CUDA_ERROR_ILLEGAL_ADDRESS: an illegal memory access was encountered
E0805 00:28:49.742549 1826655 cuda_executor.cc:251] failed to unload module 0x5642671ceb90; leaking: INTERNAL: CUDA error: : CUDA_ERROR_ILLEGAL_ADDRESS: an illegal memory access was encountered
E0805 00:28:49.742730 1826655 cuda_executor.cc:251] failed to unload module 0x5642655dca40; leaking: INTERNAL: CUDA error: : CUDA_ERROR_ILLEGAL_ADDRESS: an illegal memory access was encountered
E0805 00:28:49.742929 1826655 cuda_executor.cc:251] failed to unload module 0x564267fe6e80; leaking: INTERNAL: CUDA error: : CUDA_ERROR_ILLEGAL_ADDRESS: an illegal memory access was encountered
E0805 00:28:49.743190 1826655 cuda_executor.cc:251] failed to unload module 0x56424790bbb0; leaking: INTERNAL: CUDA error: : CUDA_ERROR_ILLEGAL_ADDRESS: an illegal memory access was encountered
E0805 00:28:49.743394 1826655 cuda_executor.cc:251] failed to unload module 0x56424092e860; leaking: INTERNAL: CUDA error: : CUDA_ERROR_ILLEGAL_ADDRESS: an illegal memory access was encountered
E0805 00:28:49.743596 1826655 cuda_executor.cc:251] failed to unload module 0x56422ec002a0; leaking: INTERNAL: CUDA error: : CUDA_ERROR_ILLEGAL_ADDRESS: an illegal memory access was encountered
E0805 00:28:49.743763 1826655 cuda_executor.cc:251] failed to unload module 0x56422d3e03c0; leaking: INTERNAL: CUDA error: : CUDA_ERROR_ILLEGAL_ADDRESS: an illegal memory access was encountered
E0805 00:28:49.743997 1826655 cuda_executor.cc:251] failed to unload module 0x5642666e3260; leaking: INTERNAL: CUDA error: : CUDA_ERROR_ILLEGAL_ADDRESS: an illegal memory access was encountered
E0805 00:28:49.744222 1826655 cuda_executor.cc:251] failed to unload module 0x56423652bb50; leaking: INTERNAL: CUDA error: : CUDA_ERROR_ILLEGAL_ADDRESS: an illegal memory access was encountered
E0805 00:28:49.744435 1826655 cuda_executor.cc:251] failed to unload module 0x564218c289a0; leaking: INTERNAL: CUDA error: : CUDA_ERROR_ILLEGAL_ADDRESS: an illegal memory access was encountered
E0805 00:28:49.744545 1826655 cuda_executor.cc:251] failed to unload module 0x5642186dec40; leaking: INTERNAL: CUDA error: : CUDA_ERROR_ILLEGAL_ADDRESS: an illegal memory access was encountered
E0805 00:28:49.744729 1826655 cuda_executor.cc:251] failed to unload module 0x564265963da0; leaking: INTERNAL: CUDA error: : CUDA_ERROR_ILLEGAL_ADDRESS: an illegal memory access was encountered
E0805 00:28:49.744975 1826655 cuda_executor.cc:251] failed to unload module 0x56424d0e0010; leaking: INTERNAL: CUDA error: : CUDA_ERROR_ILLEGAL_ADDRESS: an illegal memory access was encountered
E0805 00:28:49.745181 1826655 cuda_executor.cc:251] failed to unload module 0x564266e28f30; leaking: INTERNAL: CUDA error: : CUDA_ERROR_ILLEGAL_ADDRESS: an illegal memory access was encountered
E0805 00:28:49.745399 1826655 cuda_executor.cc:251] failed to unload module 0x56422c549060; leaking: INTERNAL: CUDA error: : CUDA_ERROR_ILLEGAL_ADDRESS: an illegal memory access was encountered
E0805 00:28:49.745574 1826655 cuda_executor.cc:251] failed to unload module 0x56424d16e5b0; leaking: INTERNAL: CUDA error: : CUDA_ERROR_ILLEGAL_ADDRESS: an illegal memory access was encountered
E0805 00:28:49.745857 1826655 cuda_executor.cc:251] failed to unload module 0x564260305210; leaking: INTERNAL: CUDA error: : CUDA_ERROR_ILLEGAL_ADDRESS: an illegal memory access was encountered
E0805 00:28:49.746089 1826655 cuda_executor.cc:251] failed to unload module 0x56423ecbff00; leaking: INTERNAL: CUDA error: : CUDA_ERROR_ILLEGAL_ADDRESS: an illegal memory access was encountered
E0805 00:28:49.746357 1826655 cuda_executor.cc:251] failed to unload module 0x56424fa543a0; leaking: INTERNAL: CUDA error: : CUDA_ERROR_ILLEGAL_ADDRESS: an illegal memory access was encountered
E0805 00:28:49.746686 1826655 cuda_executor.cc:251] failed to unload module 0x564217c2ff70; leaking: INTERNAL: CUDA error: : CUDA_ERROR_ILLEGAL_ADDRESS: an illegal memory access was encountered
E0805 00:28:49.746891 1826655 cuda_executor.cc:251] failed to unload module 0x564215218910; leaking: INTERNAL: CUDA error: : CUDA_ERROR_ILLEGAL_ADDRESS: an illegal memory access was encountered
E0805 00:28:49.747152 1826655 cuda_executor.cc:251] failed to unload module 0x564266fa4420; leaking: INTERNAL: CUDA error: : CUDA_ERROR_ILLEGAL_ADDRESS: an illegal memory access was encountered
E0805 00:28:49.747369 1826655 cuda_executor.cc:251] failed to unload module 0x564265e30320; leaking: INTERNAL: CUDA error: : CUDA_ERROR_ILLEGAL_ADDRESS: an illegal memory access was encountered
E0805 00:28:49.747699 1826655 cuda_executor.cc:251] failed to unload module 0x564268cc4fa0; leaking: INTERNAL: CUDA error: : CUDA_ERROR_ILLEGAL_ADDRESS: an illegal memory access was encountered
E0805 00:28:49.748056 1826655 cuda_executor.cc:251] failed to unload module 0x5642683fe230; leaking: INTERNAL: CUDA error: : CUDA_ERROR_ILLEGAL_ADDRESS: an illegal memory access was encountered
E0805 00:28:49.748364 1826655 cuda_executor.cc:251] failed to unload module 0x5642672c0a00; leaking: INTERNAL: CUDA error: : CUDA_ERROR_ILLEGAL_ADDRESS: an illegal memory access was encountered
E0805 00:28:49.748575 1826655 cuda_executor.cc:251] failed to unload module 0x564266c616a0; leaking: INTERNAL: CUDA error: : CUDA_ERROR_ILLEGAL_ADDRESS: an illegal memory access was encountered
E0805 00:28:49.748786 1826655 cuda_executor.cc:251] failed to unload module 0x564218660da0; leaking: INTERNAL: CUDA error: : CUDA_ERROR_ILLEGAL_ADDRESS: an illegal memory access was encountered
E0805 00:28:49.750019 1826655 cuda_executor.cc:251] failed to unload module 0x56426c6b3d30; leaking: INTERNAL: CUDA error: : CUDA_ERROR_ILLEGAL_ADDRESS: an illegal memory access was encountered
E0805 00:28:49.750353 1826655 cuda_executor.cc:251] failed to unload module 0x56424d3d3750; leaking: INTERNAL: CUDA error: : CUDA_ERROR_ILLEGAL_ADDRESS: an illegal memory access was encountered
E0805 00:28:49.750588 1826655 cuda_executor.cc:251] failed to unload module 0x56426197dfe0; leaking: INTERNAL: CUDA error: : CUDA_ERROR_ILLEGAL_ADDRESS: an illegal memory access was encountered
E0805 00:28:49.750815 1826655 cuda_executor.cc:251] failed to unload module 0x56421abcc7f0; leaking: INTERNAL: CUDA error: : CUDA_ERROR_ILLEGAL_ADDRESS: an illegal memory access was encountered
E0805 00:28:49.752356 1826655 cuda_executor.cc:251] failed to unload module 0x5642459a0ed0; leaking: INTERNAL: CUDA error: : CUDA_ERROR_ILLEGAL_ADDRESS: an illegal memory access was encountered
E0805 00:28:49.752628 1826655 cuda_executor.cc:251] failed to unload module 0x564259b163c0; leaking: INTERNAL: CUDA error: : CUDA_ERROR_ILLEGAL_ADDRESS: an illegal memory access was encountered
E0805 00:28:49.752874 1826655 cuda_executor.cc:251] failed to unload module 0x5642185f6690; leaking: INTERNAL: CUDA error: : CUDA_ERROR_ILLEGAL_ADDRESS: an illegal memory access was encountered
E0805 00:28:49.753092 1826655 cuda_executor.cc:251] failed to unload module 0x564218e3fc40; leaking: INTERNAL: CUDA error: : CUDA_ERROR_ILLEGAL_ADDRESS: an illegal memory access was encountered
E0805 00:28:49.753374 1826655 cuda_executor.cc:251] failed to unload module 0x56421dfcded0; leaking: INTERNAL: CUDA error: : CUDA_ERROR_ILLEGAL_ADDRESS: an illegal memory access was encountered
E0805 00:28:49.753640 1826655 cuda_executor.cc:251] failed to unload module 0x564216bfb450; leaking: INTERNAL: CUDA error: : CUDA_ERROR_ILLEGAL_ADDRESS: an illegal memory access was encountered
E0805 00:28:49.753902 1826655 cuda_executor.cc:251] failed to unload module 0x564220d4d170; leaking: INTERNAL: CUDA error: : CUDA_ERROR_ILLEGAL_ADDRESS: an illegal memory access was encountered
E0805 00:28:49.754045 1826655 cuda_executor.cc:251] failed to unload module 0x5642169c9fc0; leaking: INTERNAL: CUDA error: : CUDA_ERROR_ILLEGAL_ADDRESS: an illegal memory access was encountered
E0805 00:28:49.754705 1826655 cuda_executor.cc:526] failed to free device memory at 0x14b99121d000; result: INTERNAL: CUDA error: : CUDA_ERROR_ILLEGAL_ADDRESS: an illegal memory access was encountered
E0805 00:28:49.755440 1826655 cuda_executor.cc:526] failed to free device memory at 0x14b99121d200; result: INTERNAL: CUDA error: : CUDA_ERROR_ILLEGAL_ADDRESS: an illegal memory access was encountered
E0805 00:28:49.755576 1826655 cuda_executor.cc:526] failed to free device memory at 0x14b99121d400; result: INTERNAL: CUDA error: : CUDA_ERROR_ILLEGAL_ADDRESS: an illegal memory access was encountered
E0805 00:28:49.755741 1826655 cuda_executor.cc:526] failed to free device memory at 0x14b99121d600; result: INTERNAL: CUDA error: : CUDA_ERROR_ILLEGAL_ADDRESS: an illegal memory access was encountered
E0805 00:28:49.757393 1826655 cuda_executor.cc:526] failed to free device memory at 0x14b99121d800; result: INTERNAL: CUDA error: : CUDA_ERROR_ILLEGAL_ADDRESS: an illegal memory access was encountered
E0805 00:28:49.757397 1826655 cuda_executor.cc:526] failed to free device memory at 0x14b99121da00; result: INTERNAL: CUDA error: : CUDA_ERROR_ILLEGAL_ADDRESS: an illegal memory access was encountered
E0805 00:28:49.757401 1826655 cuda_executor.cc:526] failed to free device memory at 0x14b99121dc00; result: INTERNAL: CUDA error: : CUDA_ERROR_ILLEGAL_ADDRESS: an illegal memory access was encountered
E0805 00:28:49.757406 1826655 cuda_executor.cc:526] failed to free device memory at 0x14b99121de00; result: INTERNAL: CUDA error: : CUDA_ERROR_ILLEGAL_ADDRESS: an illegal memory access was encountered
E0805 00:28:49.757410 1826655 cuda_executor.cc:526] failed to free device memory at 0x14b99121e000; result: INTERNAL: CUDA error: : CUDA_ERROR_ILLEGAL_ADDRESS: an illegal memory access was encountered
E0805 00:28:49.757414 1826655 cuda_executor.cc:526] failed to free device memory at 0x14b99121e200; result: INTERNAL: CUDA error: : CUDA_ERROR_ILLEGAL_ADDRESS: an illegal memory access was encountered
E0805 00:28:49.757418 1826655 cuda_executor.cc:526] failed to free device memory at 0x14b99121e400; result: INTERNAL: CUDA error: : CUDA_ERROR_ILLEGAL_ADDRESS: an illegal memory access was encountered
E0805 00:28:49.763599 1826655 cuda_executor.cc:489] error unregistering host memory at 0x14baabe4c000: INTERNAL: CUDA error: : CUDA_ERROR_ILLEGAL_ADDRESS: an illegal memory access was encountered
E0805 00:28:49.763674 1826655 cuda_executor.cc:489] error unregistering host memory at 0x14baabe4b000: INTERNAL: CUDA error: : CUDA_ERROR_ILLEGAL_ADDRESS: an illegal memory access was encountered
E0805 00:28:49.763738 1826655 cuda_executor.cc:489] error unregistering host memory at 0x14baabe4a000: INTERNAL: CUDA error: : CUDA_ERROR_ILLEGAL_ADDRESS: an illegal memory access was encountered
E0805 00:28:49.763805 1826655 cuda_executor.cc:489] error unregistering host memory at 0x14baabe49000: INTERNAL: CUDA error: : CUDA_ERROR_ILLEGAL_ADDRESS: an illegal memory access was encountered
E0805 00:28:49.764221 1826655 cuda_executor.cc:489] error unregistering host memory at 0x14baa4000000: INTERNAL: CUDA error: : CUDA_ERROR_ILLEGAL_ADDRESS: an illegal memory access was encountered
E0805 00:28:49.766995 1826655 cuda_executor.cc:251] failed to unload module 0x56423f0b8200; leaking: INTERNAL: CUDA error: : CUDA_ERROR_ILLEGAL_ADDRESS: an illegal memory access was encountered
E0805 00:28:49.781001 1826655 cuda_executor.cc:251] failed to unload module 0x56423d0e9f40; leaking: INTERNAL: CUDA error: : CUDA_ERROR_ILLEGAL_ADDRESS: an illegal memory access was encountered
E0805 00:28:49.782942 1826655 cuda_executor.cc:526] failed to free device memory at 0x14b0643ff200; result: INTERNAL: CUDA error: : CUDA_ERROR_ILLEGAL_ADDRESS: an illegal memory access was encountered
E0805 00:28:49.783402 1826655 cuda_executor.cc:251] failed to unload module 0x56428203b990; leaking: INTERNAL: CUDA error: : CUDA_ERROR_ILLEGAL_ADDRESS: an illegal memory access was encountered
E0805 00:28:49.784503 1826655 cuda_executor.cc:251] failed to unload module 0x5642431af410; leaking: INTERNAL: CUDA error: : CUDA_ERROR_ILLEGAL_ADDRESS: an illegal memory access was encountered
E0805 00:28:49.785960 1826655 cuda_executor.cc:251] failed to unload module 0x564267dfa0b0; leaking: INTERNAL: CUDA error: : CUDA_ERROR_ILLEGAL_ADDRESS: an illegal memory access was encountered
E0805 00:28:49.792763 1826655 cuda_executor.cc:526] failed to free device memory at 0x14b0643fee00; result: INTERNAL: CUDA error: : CUDA_ERROR_ILLEGAL_ADDRESS: an illegal memory access was encountered
E0805 00:28:49.795223 1826655 cuda_executor.cc:251] failed to unload module 0x564246fee5c0; leaking: INTERNAL: CUDA error: : CUDA_ERROR_ILLEGAL_ADDRESS: an illegal memory access was encountered
E0805 00:28:49.802429 1826655 cuda_executor.cc:526] failed to free device memory at 0x14b0643fea00; result: INTERNAL: CUDA error: : CUDA_ERROR_ILLEGAL_ADDRESS: an illegal memory access was encountered
E0805 00:28:49.808900 1826655 cuda_executor.cc:251] failed to unload module 0x564248a27070; leaking: INTERNAL: CUDA error: : CUDA_ERROR_ILLEGAL_ADDRESS: an illegal memory access was encountered
E0805 00:28:49.811895 1826655 cuda_executor.cc:251] failed to unload module 0x56424d56cb00; leaking: INTERNAL: CUDA error: : CUDA_ERROR_ILLEGAL_ADDRESS: an illegal memory access was encountered
E0805 00:28:49.813629 1826655 cuda_executor.cc:251] failed to unload module 0x56422c5fb0d0; leaking: INTERNAL: CUDA error: : CUDA_ERROR_ILLEGAL_ADDRESS: an illegal memory access was encountered
E0805 00:28:49.818420 1826655 cuda_executor.cc:526] failed to free device memory at 0x14b99120d600; result: INTERNAL: CUDA error: : CUDA_ERROR_ILLEGAL_ADDRESS: an illegal memory access was encountered
E0805 00:28:49.820065 1826655 cuda_executor.cc:526] failed to free device memory at 0x14b991210800; result: INTERNAL: CUDA error: : CUDA_ERROR_ILLEGAL_ADDRESS: an illegal memory access was encountered
E0805 00:28:49.823842 1826655 cuda_executor.cc:526] failed to free device memory at 0x14b991216c00; result: INTERNAL: CUDA error: : CUDA_ERROR_ILLEGAL_ADDRESS: an illegal memory access was encountered
E0805 00:28:49.828308 1826655 cuda_executor.cc:251] failed to unload module 0x56421b99f390; leaking: INTERNAL: CUDA error: : CUDA_ERROR_ILLEGAL_ADDRESS: an illegal memory access was encountered
E0805 00:28:49.830306 1826655 cuda_executor.cc:526] failed to free device memory at 0x14b991206e00; result: INTERNAL: CUDA error: : CUDA_ERROR_ILLEGAL_ADDRESS: an illegal memory access was encountered
E0805 00:28:49.831088 1826655 cuda_executor.cc:526] failed to free device memory at 0x14b991207000; result: INTERNAL: CUDA error: : CUDA_ERROR_ILLEGAL_ADDRESS: an illegal memory access was encountered
E0805 00:28:49.835190 1826655 cuda_executor.cc:526] failed to free device memory at 0x14b991207200; result: INTERNAL: CUDA error: : CUDA_ERROR_ILLEGAL_ADDRESS: an illegal memory access was encountered
E0805 00:28:49.836596 1826655 cuda_executor.cc:526] failed to free device memory at 0x14b991207400; result: INTERNAL: CUDA error: : CUDA_ERROR_ILLEGAL_ADDRESS: an illegal memory access was encountered
E0805 00:28:49.842122 1826655 cuda_executor.cc:526] failed to free device memory at 0x14b991207600; result: INTERNAL: CUDA error: : CUDA_ERROR_ILLEGAL_ADDRESS: an illegal memory access was encountered
E0805 00:28:49.842878 1826655 cuda_executor.cc:526] failed to free device memory at 0x14b991207800; result: INTERNAL: CUDA error: : CUDA_ERROR_ILLEGAL_ADDRESS: an illegal memory access was encountered
E0805 00:28:49.847853 1826655 cuda_executor.cc:526] failed to free device memory at 0x14b991207a00; result: INTERNAL: CUDA error: : CUDA_ERROR_ILLEGAL_ADDRESS: an illegal memory access was encountered
E0805 00:28:49.852256 1826655 cuda_executor.cc:526] failed to free device memory at 0x14b991207c00; result: INTERNAL: CUDA error: : CUDA_ERROR_ILLEGAL_ADDRESS: an illegal memory access was encountered
E0805 00:28:49.852260 1826655 cuda_executor.cc:526] failed to free device memory at 0x14b99120a000; result: INTERNAL: CUDA error: : CUDA_ERROR_ILLEGAL_ADDRESS: an illegal memory access was encountered
E0805 00:28:49.852265 1826655 cuda_executor.cc:526] failed to free device memory at 0x14b99120c400; result: INTERNAL: CUDA error: : CUDA_ERROR_ILLEGAL_ADDRESS: an illegal memory access was encountered
E0805 00:28:49.852741 1826655 cuda_executor.cc:251] failed to unload module 0x564219403410; leaking: INTERNAL: CUDA error: : CUDA_ERROR_ILLEGAL_ADDRESS: an illegal memory access was encountered
E0805 00:28:49.854096 1826655 cuda_executor.cc:526] failed to free device memory at 0x14b99123ee00; result: INTERNAL: CUDA error: : CUDA_ERROR_ILLEGAL_ADDRESS: an illegal memory access was encountered
E0805 00:28:49.854232 1826655 cuda_executor.cc:251] failed to unload module 0x564240129100; leaking: INTERNAL: CUDA error: : CUDA_ERROR_ILLEGAL_ADDRESS: an illegal memory access was encountered
E0805 00:28:49.854978 1826655 cuda_executor.cc:489] error unregistering host memory at 0x14bab0007000: INTERNAL: CUDA error: : CUDA_ERROR_ILLEGAL_ADDRESS: an illegal memory access was encountered
E0805 00:28:49.855022 1826655 cuda_executor.cc:251] failed to unload module 0x56421842f330; leaking: INTERNAL: CUDA error: : CUDA_ERROR_ILLEGAL_ADDRESS: an illegal memory access was encountered
E0805 00:28:49.855593 1826655 cuda_executor.cc:526] failed to free device memory at 0x14b99123ea00; result: INTERNAL: CUDA error: : CUDA_ERROR_ILLEGAL_ADDRESS: an illegal memory access was encountered
E0805 00:28:49.855663 1826655 cuda_executor.cc:526] failed to free device memory at 0x14b05eb6f000; result: INTERNAL: CUDA error: : CUDA_ERROR_ILLEGAL_ADDRESS: an illegal memory access was encountered
E0805 00:28:49.855667 1826655 cuda_executor.cc:526] failed to free device memory at 0x14b991242a00; result: INTERNAL: CUDA error: : CUDA_ERROR_ILLEGAL_ADDRESS: an illegal memory access was encountered
E0805 00:28:49.855779 1826655 cuda_executor.cc:251] failed to unload module 0x564255ef8e80; leaking: INTERNAL: CUDA error: : CUDA_ERROR_ILLEGAL_ADDRESS: an illegal memory access was encountered
E0805 00:28:49.856478 1826655 cuda_executor.cc:251] failed to unload module 0x56424e150de0; leaking: INTERNAL: CUDA error: : CUDA_ERROR_ILLEGAL_ADDRESS: an illegal memory access was encountered
E0805 00:28:49.858131 1826655 cuda_executor.cc:251] failed to unload module 0x5642547493c0; leaking: INTERNAL: CUDA error: : CUDA_ERROR_ILLEGAL_ADDRESS: an illegal memory access was encountered
E0805 00:28:49.859789 1826655 cuda_executor.cc:251] failed to unload module 0x56424d4eb650; leaking: INTERNAL: CUDA error: : CUDA_ERROR_ILLEGAL_ADDRESS: an illegal memory access was encountered
E0805 00:28:49.864062 1826655 cuda_executor.cc:251] failed to unload module 0x56421c2cde40; leaking: INTERNAL: CUDA error: : CUDA_ERROR_ILLEGAL_ADDRESS: an illegal memory access was encountered
E0805 00:28:49.865469 1826655 cuda_executor.cc:251] failed to unload module 0x564285d3f170; leaking: INTERNAL: CUDA error: : CUDA_ERROR_ILLEGAL_ADDRESS: an illegal memory access was encountered
E0805 00:28:49.865852 1826655 cuda_executor.cc:251] failed to unload module 0x56425b7c5570; leaking: INTERNAL: CUDA error: : CUDA_ERROR_ILLEGAL_ADDRESS: an illegal memory access was encountered
E0805 00:28:49.866615 1826655 cuda_executor.cc:251] failed to unload module 0x5642544ed190; leaking: INTERNAL: CUDA error: : CUDA_ERROR_ILLEGAL_ADDRESS: an illegal memory access was encountered
E0805 00:28:49.867681 1826655 cuda_executor.cc:251] failed to unload module 0x56421c6bb6b0; leaking: INTERNAL: CUDA error: : CUDA_ERROR_ILLEGAL_ADDRESS: an illegal memory access was encountered
E0805 00:28:49.878689 1826655 cuda_executor.cc:251] failed to unload module 0x5642273b9730; leaking: INTERNAL: CUDA error: : CUDA_ERROR_ILLEGAL_ADDRESS: an illegal memory access was encountered
E0805 00:28:49.883468 1826655 cuda_executor.cc:251] failed to unload module 0x564261315aa0; leaking: INTERNAL: CUDA error: : CUDA_ERROR_ILLEGAL_ADDRESS: an illegal memory access was encountered
E0805 00:28:49.885848 1826655 cuda_executor.cc:251] failed to unload module 0x564240cbf6b0; leaking: INTERNAL: CUDA error: : CUDA_ERROR_ILLEGAL_ADDRESS: an illegal memory access was encountered
E0805 00:28:49.890274 1826655 cuda_executor.cc:251] failed to unload module 0x56422f7c1500; leaking: INTERNAL: CUDA error: : CUDA_ERROR_ILLEGAL_ADDRESS: an illegal memory access was encountered
E0805 00:28:49.894053 1826655 cuda_executor.cc:251] failed to unload module 0x56424cfae410; leaking: INTERNAL: CUDA error: : CUDA_ERROR_ILLEGAL_ADDRESS: an illegal memory access was encountered
E0805 00:28:49.898851 1826655 cuda_executor.cc:251] failed to unload module 0x5642564d0670; leaking: INTERNAL: CUDA error: : CUDA_ERROR_ILLEGAL_ADDRESS: an illegal memory access was encountered
E0805 00:28:49.903988 1826655 cuda_executor.cc:251] failed to unload module 0x56424d513970; leaking: INTERNAL: CUDA error: : CUDA_ERROR_ILLEGAL_ADDRESS: an illegal memory access was encountered
E0805 00:28:49.907107 1826655 cuda_executor.cc:251] failed to unload module 0x56424cb519e0; leaking: INTERNAL: CUDA error: : CUDA_ERROR_ILLEGAL_ADDRESS: an illegal memory access was encountered
E0805 00:28:49.908917 1826655 cuda_executor.cc:251] failed to unload module 0x564234f8cb40; leaking: INTERNAL: CUDA error: : CUDA_ERROR_ILLEGAL_ADDRESS: an illegal memory access was encountered
E0805 00:28:49.911199 1826655 cuda_executor.cc:251] failed to unload module 0x56424ad83dc0; leaking: INTERNAL: CUDA error: : CUDA_ERROR_ILLEGAL_ADDRESS: an illegal memory access was encountered
E0805 00:28:49.913629 1826655 cuda_executor.cc:251] failed to unload module 0x56424de3a920; leaking: INTERNAL: CUDA error: : CUDA_ERROR_ILLEGAL_ADDRESS: an illegal memory access was encountered
E0805 00:28:49.915115 1826655 cuda_executor.cc:251] failed to unload module 0x5642429c3990; leaking: INTERNAL: CUDA error: : CUDA_ERROR_ILLEGAL_ADDRESS: an illegal memory access was encountered
E0805 00:28:49.920573 1826655 cuda_executor.cc:251] failed to unload module 0x564269f9ced0; leaking: INTERNAL: CUDA error: : CUDA_ERROR_ILLEGAL_ADDRESS: an illegal memory access was encountered
E0805 00:28:49.922859 1826655 cuda_executor.cc:526] failed to free device memory at 0x14b0643ff600; result: INTERNAL: CUDA error: : CUDA_ERROR_ILLEGAL_ADDRESS: an illegal memory access was encountered
E0805 00:28:49.928537 1826655 cuda_executor.cc:251] failed to unload module 0x5642874c9350; leaking: INTERNAL: CUDA error: : CUDA_ERROR_ILLEGAL_ADDRESS: an illegal memory access was encountered
E0805 00:28:49.936158 1826655 cuda_executor.cc:251] failed to unload module 0x56422b871b70; leaking: INTERNAL: CUDA error: : CUDA_ERROR_ILLEGAL_ADDRESS: an illegal memory access was encountered
E0805 00:28:49.942976 1826655 cuda_executor.cc:251] failed to unload module 0x56421af49280; leaking: INTERNAL: CUDA error: : CUDA_ERROR_ILLEGAL_ADDRESS: an illegal memory access was encountered
E0805 00:28:49.946337 1826655 cuda_executor.cc:251] failed to unload module 0x56424b327be0; leaking: INTERNAL: CUDA error: : CUDA_ERROR_ILLEGAL_ADDRESS: an illegal memory access was encountered
E0805 00:28:49.947182 1826655 cuda_executor.cc:251] failed to unload module 0x56425f79b380; leaking: INTERNAL: CUDA error: : CUDA_ERROR_ILLEGAL_ADDRESS: an illegal memory access was encountered
E0805 00:28:49.947712 1826655 cuda_executor.cc:251] failed to unload module 0x5642491775d0; leaking: INTERNAL: CUDA error: : CUDA_ERROR_ILLEGAL_ADDRESS: an illegal memory access was encountered
E0805 00:28:49.949677 1826655 cuda_executor.cc:251] failed to unload module 0x5642617f7d80; leaking: INTERNAL: CUDA error: : CUDA_ERROR_ILLEGAL_ADDRESS: an illegal memory access was encountered
E0805 00:28:49.952376 1826655 cuda_executor.cc:251] failed to unload module 0x56423994f8a0; leaking: INTERNAL: CUDA error: : CUDA_ERROR_ILLEGAL_ADDRESS: an illegal memory access was encountered
E0805 00:28:49.955458 1826655 cuda_executor.cc:251] failed to unload module 0x5642428c3670; leaking: INTERNAL: CUDA error: : CUDA_ERROR_ILLEGAL_ADDRESS: an illegal memory access was encountered
E0805 00:28:49.955844 1826655 cuda_executor.cc:251] failed to unload module 0x564257d22ef0; leaking: INTERNAL: CUDA error: : CUDA_ERROR_ILLEGAL_ADDRESS: an illegal memory access was encountered
E0805 00:28:49.956742 1826655 cuda_executor.cc:251] failed to unload module 0x564258068070; leaking: INTERNAL: CUDA error: : CUDA_ERROR_ILLEGAL_ADDRESS: an illegal memory access was encountered
F0805 00:28:50.194279 1826655 pjrt_stream_executor_client.cc:1393] Non-OK-status: Release( false).status()
Status: INTERNAL: CUDA error: : CUDA_ERROR_ILLEGAL_ADDRESS: an illegal memory access was encountered
*** Check failure stack trace: ***
    @     0x14b9d43b4754  absl::lts_20230802::log_internal::LogMessage::SendToLog()
    @     0x14b9d43b45c4  absl::lts_20230802::log_internal::LogMessage::Flush()
    @     0x14b9d43b4af9  absl::lts_20230802::log_internal::LogMessageFatal::~LogMessageFatal()
    @     0x14b9cc0f1020  xla::PjRtStreamExecutorBuffer::Delete()
    @     0x14b9cc0f0db8  xla::PjRtStreamExecutorBuffer::~PjRtStreamExecutorBuffer()
    @     0x14b9cc067eca  PJRT_Buffer::~PJRT_Buffer()
    @     0x14b9cc067dd4  pjrt::PJRT_Buffer_Destroy()
    @     0x14baf436b830  std::_Function_handler<>::_M_invoke()
    @     0x14baf435f3ad  xla::PjRtCApiBuffer::~PjRtCApiBuffer()
    @     0x14baf435f40e  xla::PjRtCApiBuffer::~PjRtCApiBuffer()
    @     0x14bafa9e9999  absl::lts_20230802::inlined_vector_internal::Storage<>::DestroyContents()
    @     0x14bafc33192a  xla::ifrt::PjRtArray::~PjRtArray()
    @     0x14bafc3319ee  xla::ifrt::PjRtArray::~PjRtArray()
    @     0x14bafa9fdd82  xla::PyArray_Storage::~PyArray_Storage()
    @     0x14bafa9efce3  PyArray_tp_dealloc
    @     0x56420acdc03f  cell_dealloc
Fatal Python error: Aborted

Current thread 0x000014bb03559480 (most recent call first):
  Garbage-collecting
  <no Python frame>
/opt/slurm/data/slurmd/job15288851/slurm_script: line 23: 1826655 Aborted                 (core dumped) python -u ./run_all.py
