[gl056.hpc.nyu.edu:3735399] pmix_mca_base_component_repository_open: unable to open /scratch/lf2869/conda_envs/desc/lib/pmix/pmix_mca_pcompress_zlib.so: File /scratch/lf2869/conda_envs/desc/lib/pmix/pmix_mca_pcompress_zlib.so.sl not found (ignored)
[07-02 12:01:05][INFO] jax_fem: pyamgx not installed. AMGX solver disabled.
[07-02 12:01:08][DEBUG] jax_fem: Computing shape function values, gradients, etc.
[07-02 12:01:08][DEBUG] jax_fem: ele_type = TET10, quad_points.shape = (num_quads, dim) = (4, 3)
[07-02 12:01:08][DEBUG] jax_fem: face_quad_points.shape = (num_faces, num_face_quads, dim) = (4, 3, 3)
[07-02 12:01:08][DEBUG] jax_fem: Done pre-computations, took 0.009556055068969727 [s]
[07-02 12:01:08][INFO] jax_fem: Solving a problem with 1920 cells, 4000x3 = 12000 dofs.
[07-02 12:01:08][INFO] jax_fem: Element type is TET10, using 4 quad points per element.
[07-02 12:01:08][DEBUG] jax_fem: face_quad_points.shape = (num_faces, num_face_quads, dim) = (4, 3, 3)
[07-02 12:01:08][DEBUG] jax_fem: face_quad_points.shape = (num_faces, num_face_quads, dim) = (4, 6, 3)
[07-02 12:01:08][INFO] jax_fem: CuDSSNewtonSolver: building CSR pattern …
[07-02 12:01:08][INFO] jax_fem: CuDSSNewtonSolver: CSR pattern built in 0.23s  n=12000  nnz_csr=800640
[07-02 12:01:08][INFO] jax_fem: CuDSSNewtonSolver: building BC metadata …
[07-02 12:01:08][INFO] jax_fem: CuDSSNewtonSolver: instantiating cuDSS solver …
[07-02 12:01:08][DEBUG] jax_fem: Computing shape function values, gradients, etc.
[07-02 12:01:08][DEBUG] jax_fem: ele_type = TET10, quad_points.shape = (num_quads, dim) = (4, 3)
[07-02 12:01:08][DEBUG] jax_fem: face_quad_points.shape = (num_faces, num_face_quads, dim) = (4, 3, 3)
[07-02 12:01:09][DEBUG] jax_fem: Done pre-computations, took 0.00804448127746582 [s]
[07-02 12:01:09][INFO] jax_fem: Solving a problem with 1920 cells, 4000x3 = 12000 dofs.
[07-02 12:01:09][INFO] jax_fem: Element type is TET10, using 4 quad points per element.
[07-02 12:01:09][DEBUG] jax_fem: face_quad_points.shape = (num_faces, num_face_quads, dim) = (4, 3, 3)
[07-02 12:01:09][DEBUG] jax_fem: face_quad_points.shape = (num_faces, num_face_quads, dim) = (4, 6, 3)
[07-02 12:01:09][INFO] jax_fem: CuDSSNewtonSolver: building CSR pattern …
[07-02 12:01:09][INFO] jax_fem: CuDSSNewtonSolver: CSR pattern built in 0.21s  n=12000  nnz_csr=800640
[07-02 12:01:09][INFO] jax_fem: CuDSSNewtonSolver: building BC metadata …
[07-02 12:01:09][INFO] jax_fem: CuDSSNewtonSolver: instantiating cuDSS solver …
[07-02 12:01:09][DEBUG] jax_fem: Computing shape function values, gradients, etc.
[07-02 12:01:09][DEBUG] jax_fem: ele_type = TET10, quad_points.shape = (num_quads, dim) = (4, 3)
[07-02 12:01:09][DEBUG] jax_fem: face_quad_points.shape = (num_faces, num_face_quads, dim) = (4, 3, 3)
[07-02 12:01:09][DEBUG] jax_fem: Done pre-computations, took 0.008411407470703125 [s]
[07-02 12:01:09][INFO] jax_fem: Solving a problem with 1920 cells, 4000x3 = 12000 dofs.
[07-02 12:01:09][INFO] jax_fem: Element type is TET10, using 4 quad points per element.
[07-02 12:01:09][DEBUG] jax_fem: face_quad_points.shape = (num_faces, num_face_quads, dim) = (4, 3, 3)
[07-02 12:01:09][DEBUG] jax_fem: face_quad_points.shape = (num_faces, num_face_quads, dim) = (4, 6, 3)
[07-02 12:01:09][INFO] jax_fem: CuDSSNewtonSolver: building CSR pattern …
[07-02 12:01:09][INFO] jax_fem: CuDSSNewtonSolver: CSR pattern built in 0.21s  n=12000  nnz_csr=800640
[07-02 12:01:09][INFO] jax_fem: CuDSSNewtonSolver: building BC metadata …
[07-02 12:01:09][INFO] jax_fem: CuDSSNewtonSolver: instantiating cuDSS solver …
[07-02 12:01:09][DEBUG] jax_fem: Computing shape function values, gradients, etc.
[07-02 12:01:09][DEBUG] jax_fem: ele_type = TET10, quad_points.shape = (num_quads, dim) = (4, 3)
[07-02 12:01:09][DEBUG] jax_fem: face_quad_points.shape = (num_faces, num_face_quads, dim) = (4, 3, 3)
[07-02 12:01:09][DEBUG] jax_fem: Done pre-computations, took 0.00817251205444336 [s]
[07-02 12:01:09][INFO] jax_fem: Solving a problem with 1920 cells, 4000x3 = 12000 dofs.
[07-02 12:01:09][INFO] jax_fem: Element type is TET10, using 4 quad points per element.
[07-02 12:01:09][DEBUG] jax_fem: face_quad_points.shape = (num_faces, num_face_quads, dim) = (4, 3, 3)
[07-02 12:01:09][DEBUG] jax_fem: face_quad_points.shape = (num_faces, num_face_quads, dim) = (4, 6, 3)
[07-02 12:01:09][INFO] jax_fem: CuDSSNewtonSolver: building CSR pattern …
[07-02 12:01:09][INFO] jax_fem: CuDSSNewtonSolver: CSR pattern built in 0.21s  n=12000  nnz_csr=800640
[07-02 12:01:09][INFO] jax_fem: CuDSSNewtonSolver: building BC metadata …
[07-02 12:01:09][INFO] jax_fem: CuDSSNewtonSolver: instantiating cuDSS solver …
[07-02 12:01:09][DEBUG] jax_fem: Computing shape function values, gradients, etc.
[07-02 12:01:09][DEBUG] jax_fem: ele_type = TET10, quad_points.shape = (num_quads, dim) = (4, 3)
[07-02 12:01:09][DEBUG] jax_fem: face_quad_points.shape = (num_faces, num_face_quads, dim) = (4, 3, 3)
[07-02 12:01:09][DEBUG] jax_fem: Done pre-computations, took 0.008170604705810547 [s]
[07-02 12:01:09][INFO] jax_fem: Solving a problem with 1920 cells, 4000x3 = 12000 dofs.
[07-02 12:01:09][INFO] jax_fem: Element type is TET10, using 4 quad points per element.
[07-02 12:01:09][DEBUG] jax_fem: face_quad_points.shape = (num_faces, num_face_quads, dim) = (4, 3, 3)
[07-02 12:01:09][DEBUG] jax_fem: face_quad_points.shape = (num_faces, num_face_quads, dim) = (4, 6, 3)
[07-02 12:01:09][INFO] jax_fem: CuDSSNewtonSolver: building CSR pattern …
[07-02 12:01:10][INFO] jax_fem: CuDSSNewtonSolver: CSR pattern built in 0.22s  n=12000  nnz_csr=800640
[07-02 12:01:10][INFO] jax_fem: CuDSSNewtonSolver: building BC metadata …
[07-02 12:01:10][INFO] jax_fem: CuDSSNewtonSolver: instantiating cuDSS solver …
[07-02 12:01:29][DEBUG] jax_fem: CuDSSNewtonSolver: starting Newton loop
[07-02 12:01:30][DEBUG] jax_fem: DeviceProblem: computing Jacobian on device
[07-02 12:01:30][DEBUG] jax_fem: Function split_and_compute_cell took 0.6106 seconds
[07-02 12:01:31][DEBUG] jax_fem: CuDSSNewtonSolver: initial residual = 2.235e+08
[07-02 12:01:32][DEBUG] jax_fem: DeviceProblem: computing Jacobian on device
[07-02 12:01:32][DEBUG] jax_fem: Function split_and_compute_cell took 0.0231 seconds
[07-02 12:01:32][DEBUG] jax_fem: CuDSSNewtonSolver: iter=1  res=1.491e-05  rel=6.673e-14
[07-02 12:01:32][INFO] jax_fem: CuDSSNewtonSolver: solve finished in 2.92s  res=1.491e-05
[07-02 12:01:32][DEBUG] jax_fem: CuDSSNewtonSolver: starting Newton loop
[07-02 12:01:32][DEBUG] jax_fem: DeviceProblem: computing Jacobian on device
[07-02 12:01:33][DEBUG] jax_fem: Function split_and_compute_cell took 0.2194 seconds
[07-02 12:01:33][DEBUG] jax_fem: CuDSSNewtonSolver: initial residual = 2.217e+08
[07-02 12:01:33][DEBUG] jax_fem: DeviceProblem: computing Jacobian on device
[07-02 12:01:33][DEBUG] jax_fem: Function split_and_compute_cell took 0.0255 seconds
[07-02 12:01:33][DEBUG] jax_fem: CuDSSNewtonSolver: iter=1  res=1.724e-05  rel=7.776e-14
[07-02 12:01:33][INFO] jax_fem: CuDSSNewtonSolver: solve finished in 0.41s  res=1.724e-05
[07-02 12:01:33][DEBUG] jax_fem: CuDSSNewtonSolver: starting Newton loop
[07-02 12:01:33][DEBUG] jax_fem: DeviceProblem: computing Jacobian on device
[07-02 12:01:33][DEBUG] jax_fem: Function split_and_compute_cell took 0.2157 seconds
[07-02 12:01:33][DEBUG] jax_fem: CuDSSNewtonSolver: initial residual = 2.211e+08
[07-02 12:01:34][DEBUG] jax_fem: DeviceProblem: computing Jacobian on device
[07-02 12:01:34][DEBUG] jax_fem: Function split_and_compute_cell took 0.0234 seconds
[07-02 12:01:34][DEBUG] jax_fem: CuDSSNewtonSolver: iter=1  res=1.665e-05  rel=7.529e-14
[07-02 12:01:34][INFO] jax_fem: CuDSSNewtonSolver: solve finished in 0.40s  res=1.665e-05
[07-02 12:01:34][DEBUG] jax_fem: CuDSSNewtonSolver: starting Newton loop
[07-02 12:01:34][DEBUG] jax_fem: DeviceProblem: computing Jacobian on device
[07-02 12:01:34][DEBUG] jax_fem: Function split_and_compute_cell took 0.2203 seconds
[07-02 12:01:34][DEBUG] jax_fem: CuDSSNewtonSolver: initial residual = 2.237e+08
[07-02 12:01:34][DEBUG] jax_fem: DeviceProblem: computing Jacobian on device
[07-02 12:01:34][DEBUG] jax_fem: Function split_and_compute_cell took 0.0323 seconds
[07-02 12:01:34][DEBUG] jax_fem: CuDSSNewtonSolver: iter=1  res=1.519e-05  rel=6.791e-14
[07-02 12:01:34][INFO] jax_fem: CuDSSNewtonSolver: solve finished in 0.51s  res=1.519e-05
[07-02 12:01:35][DEBUG] jax_fem: CuDSSNewtonSolver: starting Newton loop
[07-02 12:01:35][DEBUG] jax_fem: DeviceProblem: computing Jacobian on device
[07-02 12:01:35][DEBUG] jax_fem: Function split_and_compute_cell took 0.2273 seconds
[07-02 12:01:35][DEBUG] jax_fem: CuDSSNewtonSolver: initial residual = 2.223e+08
[07-02 12:01:35][DEBUG] jax_fem: DeviceProblem: computing Jacobian on device
[07-02 12:01:35][DEBUG] jax_fem: Function split_and_compute_cell took 0.0230 seconds
[07-02 12:01:35][DEBUG] jax_fem: CuDSSNewtonSolver: iter=1  res=1.366e-05  rel=6.143e-14
[07-02 12:01:35][INFO] jax_fem: CuDSSNewtonSolver: solve finished in 0.41s  res=1.366e-05
[07-02 12:01:58][DEBUG] jax_fem: CuDSSNewtonSolver: starting Newton loop
[07-02 12:01:58][DEBUG] jax_fem: DeviceProblem: computing Jacobian on device
[07-02 12:01:58][DEBUG] jax_fem: Function split_and_compute_cell took 0.0268 seconds
[07-02 12:01:58][DEBUG] jax_fem: CuDSSNewtonSolver: initial residual = 2.235e+08
[07-02 12:01:58][DEBUG] jax_fem: DeviceProblem: computing Jacobian on device
[07-02 12:01:58][DEBUG] jax_fem: Function split_and_compute_cell took 0.0265 seconds
[07-02 12:01:58][DEBUG] jax_fem: CuDSSNewtonSolver: iter=1  res=1.505e-05  rel=6.733e-14
[07-02 12:01:58][INFO] jax_fem: CuDSSNewtonSolver: solve finished in 0.09s  res=1.505e-05
[07-02 12:01:59][DEBUG] jax_fem: CuDSSNewtonSolver: starting Newton loop
[07-02 12:01:59][DEBUG] jax_fem: DeviceProblem: computing Jacobian on device
[07-02 12:01:59][DEBUG] jax_fem: Function split_and_compute_cell took 0.0293 seconds
[07-02 12:01:59][DEBUG] jax_fem: CuDSSNewtonSolver: initial residual = 2.217e+08
[07-02 12:01:59][DEBUG] jax_fem: DeviceProblem: computing Jacobian on device
[07-02 12:01:59][DEBUG] jax_fem: Function split_and_compute_cell took 0.0235 seconds
[07-02 12:01:59][DEBUG] jax_fem: CuDSSNewtonSolver: iter=1  res=1.458e-05  rel=6.579e-14
[07-02 12:01:59][INFO] jax_fem: CuDSSNewtonSolver: solve finished in 0.23s  res=1.458e-05
[07-02 12:02:00][DEBUG] jax_fem: CuDSSNewtonSolver: starting Newton loop
[07-02 12:02:00][DEBUG] jax_fem: DeviceProblem: computing Jacobian on device
[07-02 12:02:00][DEBUG] jax_fem: Function split_and_compute_cell took 0.0263 seconds
[07-02 12:02:00][DEBUG] jax_fem: CuDSSNewtonSolver: initial residual = 2.211e+08
[07-02 12:02:00][DEBUG] jax_fem: DeviceProblem: computing Jacobian on device
[07-02 12:02:00][DEBUG] jax_fem: Function split_and_compute_cell took 0.0260 seconds
[07-02 12:02:00][DEBUG] jax_fem: CuDSSNewtonSolver: iter=1  res=1.652e-05  rel=7.473e-14
[07-02 12:02:00][INFO] jax_fem: CuDSSNewtonSolver: solve finished in 0.08s  res=1.652e-05
[07-02 12:02:00][DEBUG] jax_fem: CuDSSNewtonSolver: starting Newton loop
[07-02 12:02:00][DEBUG] jax_fem: DeviceProblem: computing Jacobian on device
[07-02 12:02:00][DEBUG] jax_fem: Function split_and_compute_cell took 0.0269 seconds
[07-02 12:02:00][DEBUG] jax_fem: CuDSSNewtonSolver: initial residual = 2.237e+08
[07-02 12:02:00][DEBUG] jax_fem: DeviceProblem: computing Jacobian on device
[07-02 12:02:00][DEBUG] jax_fem: Function split_and_compute_cell took 0.0255 seconds
[07-02 12:02:00][DEBUG] jax_fem: CuDSSNewtonSolver: iter=1  res=1.560e-05  rel=6.975e-14
[07-02 12:02:00][INFO] jax_fem: CuDSSNewtonSolver: solve finished in 0.09s  res=1.560e-05
[07-02 12:02:01][DEBUG] jax_fem: CuDSSNewtonSolver: starting Newton loop
[07-02 12:02:01][DEBUG] jax_fem: DeviceProblem: computing Jacobian on device
[07-02 12:02:01][DEBUG] jax_fem: Function split_and_compute_cell took 0.0289 seconds
[07-02 12:02:01][DEBUG] jax_fem: CuDSSNewtonSolver: initial residual = 2.223e+08
[07-02 12:02:01][DEBUG] jax_fem: DeviceProblem: computing Jacobian on device
[07-02 12:02:01][DEBUG] jax_fem: Function split_and_compute_cell took 0.0264 seconds
[07-02 12:02:01][DEBUG] jax_fem: CuDSSNewtonSolver: iter=1  res=1.345e-05  rel=6.048e-14
[07-02 12:02:01][INFO] jax_fem: CuDSSNewtonSolver: solve finished in 0.09s  res=1.345e-05
[07-02 12:02:02][INFO] jax_fem: CuDSS backward: solving adjoint problem …
[07-02 12:02:04][DEBUG] jax_fem: DeviceProblem: computing Jacobian on device
[07-02 12:02:04][DEBUG] jax_fem: Function split_and_compute_cell took 0.6067 seconds
[07-02 12:02:07][DEBUG] jax_fem: Computing cell residual...
[07-02 12:02:07][DEBUG] jax_fem: Function split_and_compute_cell took 0.2148 seconds
[07-02 12:02:28][INFO] jax_fem: CuDSS backward: solving adjoint problem …
[07-02 12:02:28][DEBUG] jax_fem: DeviceProblem: computing Jacobian on device
[07-02 12:02:29][DEBUG] jax_fem: Function split_and_compute_cell took 0.2218 seconds
[07-02 12:02:29][DEBUG] jax_fem: Computing cell residual...
[07-02 12:02:29][DEBUG] jax_fem: Function split_and_compute_cell took 0.1760 seconds
[07-02 12:02:29][INFO] jax_fem: CuDSS backward: solving adjoint problem …
[07-02 12:02:29][DEBUG] jax_fem: DeviceProblem: computing Jacobian on device
[07-02 12:02:30][DEBUG] jax_fem: Function split_and_compute_cell took 0.2135 seconds
[07-02 12:02:30][DEBUG] jax_fem: Computing cell residual...
[07-02 12:02:30][DEBUG] jax_fem: Function split_and_compute_cell took 0.1813 seconds
[07-02 12:02:30][INFO] jax_fem: CuDSS backward: solving adjoint problem …
[07-02 12:02:30][DEBUG] jax_fem: DeviceProblem: computing Jacobian on device
[07-02 12:02:31][DEBUG] jax_fem: Function split_and_compute_cell took 0.2139 seconds
[07-02 12:02:31][DEBUG] jax_fem: Computing cell residual...
[07-02 12:02:31][DEBUG] jax_fem: Function split_and_compute_cell took 0.1872 seconds
[07-02 12:02:31][INFO] jax_fem: CuDSS backward: solving adjoint problem …
[07-02 12:02:31][DEBUG] jax_fem: DeviceProblem: computing Jacobian on device
[07-02 12:02:32][DEBUG] jax_fem: Function split_and_compute_cell took 0.2151 seconds
[07-02 12:02:32][DEBUG] jax_fem: Computing cell residual...
[07-02 12:02:32][DEBUG] jax_fem: Function split_and_compute_cell took 0.1715 seconds
[07-02 12:02:35][DEBUG] jax_fem: CuDSSNewtonSolver: starting Newton loop
[07-02 12:02:35][DEBUG] jax_fem: DeviceProblem: computing Jacobian on device
[07-02 12:02:35][DEBUG] jax_fem: Function split_and_compute_cell took 0.0273 seconds
[07-02 12:02:35][DEBUG] jax_fem: CuDSSNewtonSolver: initial residual = 2.266e+08
[07-02 12:02:35][DEBUG] jax_fem: DeviceProblem: computing Jacobian on device
[07-02 12:02:35][DEBUG] jax_fem: Function split_and_compute_cell took 0.0277 seconds
[07-02 12:02:35][DEBUG] jax_fem: CuDSSNewtonSolver: iter=1  res=1.636e-05  rel=7.222e-14
[07-02 12:02:35][INFO] jax_fem: CuDSSNewtonSolver: solve finished in 0.10s  res=1.636e-05
[07-02 12:02:35][DEBUG] jax_fem: CuDSSNewtonSolver: starting Newton loop
[07-02 12:02:35][DEBUG] jax_fem: DeviceProblem: computing Jacobian on device
[07-02 12:02:35][DEBUG] jax_fem: Function split_and_compute_cell took 0.0299 seconds
[07-02 12:02:35][DEBUG] jax_fem: CuDSSNewtonSolver: initial residual = 2.236e+08
[07-02 12:02:35][DEBUG] jax_fem: DeviceProblem: computing Jacobian on device
[07-02 12:02:35][DEBUG] jax_fem: Function split_and_compute_cell took 0.0297 seconds
[07-02 12:02:35][DEBUG] jax_fem: CuDSSNewtonSolver: iter=1  res=1.425e-05  rel=6.373e-14
[07-02 12:02:35][INFO] jax_fem: CuDSSNewtonSolver: solve finished in 0.10s  res=1.425e-05
[07-02 12:02:36][DEBUG] jax_fem: CuDSSNewtonSolver: starting Newton loop
[07-02 12:02:36][DEBUG] jax_fem: DeviceProblem: computing Jacobian on device
[07-02 12:02:36][DEBUG] jax_fem: Function split_and_compute_cell took 0.0261 seconds
[07-02 12:02:36][DEBUG] jax_fem: CuDSSNewtonSolver: initial residual = 2.206e+08
[07-02 12:02:36][DEBUG] jax_fem: DeviceProblem: computing Jacobian on device
[07-02 12:02:36][DEBUG] jax_fem: Function split_and_compute_cell took 0.0267 seconds
[07-02 12:02:36][DEBUG] jax_fem: CuDSSNewtonSolver: iter=1  res=1.954e-05  rel=8.856e-14
[07-02 12:02:36][INFO] jax_fem: CuDSSNewtonSolver: solve finished in 0.09s  res=1.954e-05
[07-02 12:02:36][DEBUG] jax_fem: CuDSSNewtonSolver: starting Newton loop
[07-02 12:02:36][DEBUG] jax_fem: DeviceProblem: computing Jacobian on device
[07-02 12:02:36][DEBUG] jax_fem: Function split_and_compute_cell took 0.0334 seconds
[07-02 12:02:36][DEBUG] jax_fem: CuDSSNewtonSolver: initial residual = 1.003e+09
[07-02 12:02:36][DEBUG] jax_fem: DeviceProblem: computing Jacobian on device
[07-02 12:02:36][DEBUG] jax_fem: Function split_and_compute_cell took 0.0233 seconds
[07-02 12:02:36][DEBUG] jax_fem: CuDSSNewtonSolver: iter=1  res=2.337e-03  rel=2.330e-12
[07-02 12:02:36][INFO] jax_fem: CuDSSNewtonSolver: solve finished in 0.09s  res=2.337e-03
[07-02 12:02:36][DEBUG] jax_fem: CuDSSNewtonSolver: starting Newton loop
[07-02 12:02:36][DEBUG] jax_fem: DeviceProblem: computing Jacobian on device
[07-02 12:02:36][DEBUG] jax_fem: Function split_and_compute_cell took 0.0310 seconds
[07-02 12:02:36][DEBUG] jax_fem: CuDSSNewtonSolver: initial residual = 2.221e+08
[07-02 12:02:36][DEBUG] jax_fem: DeviceProblem: computing Jacobian on device
[07-02 12:02:36][DEBUG] jax_fem: Function split_and_compute_cell took 0.0334 seconds
[07-02 12:02:36][DEBUG] jax_fem: CuDSSNewtonSolver: iter=1  res=2.269e-05  rel=1.022e-13
[07-02 12:02:36][INFO] jax_fem: CuDSSNewtonSolver: solve finished in 0.10s  res=2.269e-05
[07-02 12:02:38][DEBUG] jax_fem: CuDSSNewtonSolver: starting Newton loop
[07-02 12:02:38][DEBUG] jax_fem: DeviceProblem: computing Jacobian on device
[07-02 12:02:38][DEBUG] jax_fem: Function split_and_compute_cell took 0.0270 seconds
[07-02 12:02:38][DEBUG] jax_fem: CuDSSNewtonSolver: initial residual = 2.266e+08
[07-02 12:02:38][DEBUG] jax_fem: DeviceProblem: computing Jacobian on device
[07-02 12:02:38][DEBUG] jax_fem: Function split_and_compute_cell took 0.0276 seconds
[07-02 12:02:38][DEBUG] jax_fem: CuDSSNewtonSolver: iter=1  res=1.654e-05  rel=7.300e-14
[07-02 12:02:38][INFO] jax_fem: CuDSSNewtonSolver: solve finished in 0.09s  res=1.654e-05
[07-02 12:02:39][DEBUG] jax_fem: CuDSSNewtonSolver: starting Newton loop
[07-02 12:02:39][DEBUG] jax_fem: DeviceProblem: computing Jacobian on device
[07-02 12:02:39][DEBUG] jax_fem: Function split_and_compute_cell took 0.0270 seconds
[07-02 12:02:39][DEBUG] jax_fem: CuDSSNewtonSolver: initial residual = 2.236e+08
[07-02 12:02:39][DEBUG] jax_fem: DeviceProblem: computing Jacobian on device
[07-02 12:02:39][DEBUG] jax_fem: Function split_and_compute_cell took 0.0270 seconds
[07-02 12:02:39][DEBUG] jax_fem: CuDSSNewtonSolver: iter=1  res=1.407e-05  rel=6.292e-14
[07-02 12:02:39][INFO] jax_fem: CuDSSNewtonSolver: solve finished in 0.09s  res=1.407e-05
[07-02 12:02:39][DEBUG] jax_fem: CuDSSNewtonSolver: starting Newton loop
[07-02 12:02:39][DEBUG] jax_fem: DeviceProblem: computing Jacobian on device
[07-02 12:02:39][DEBUG] jax_fem: Function split_and_compute_cell took 0.0256 seconds
[07-02 12:02:39][DEBUG] jax_fem: CuDSSNewtonSolver: initial residual = 2.206e+08
[07-02 12:02:39][DEBUG] jax_fem: DeviceProblem: computing Jacobian on device
[07-02 12:02:39][DEBUG] jax_fem: Function split_and_compute_cell took 0.0262 seconds
[07-02 12:02:39][DEBUG] jax_fem: CuDSSNewtonSolver: iter=1  res=1.984e-05  rel=8.992e-14
[07-02 12:02:39][INFO] jax_fem: CuDSSNewtonSolver: solve finished in 0.08s  res=1.984e-05
[07-02 12:02:40][DEBUG] jax_fem: CuDSSNewtonSolver: starting Newton loop
[07-02 12:02:40][DEBUG] jax_fem: DeviceProblem: computing Jacobian on device
[07-02 12:02:40][DEBUG] jax_fem: Function split_and_compute_cell took 0.0276 seconds
[07-02 12:02:40][DEBUG] jax_fem: CuDSSNewtonSolver: initial residual = 1.003e+09
[07-02 12:02:40][DEBUG] jax_fem: DeviceProblem: computing Jacobian on device
[07-02 12:02:40][DEBUG] jax_fem: Function split_and_compute_cell took 0.0262 seconds
[07-02 12:02:40][DEBUG] jax_fem: CuDSSNewtonSolver: iter=1  res=2.145e-03  rel=2.138e-12
[07-02 12:02:40][INFO] jax_fem: CuDSSNewtonSolver: solve finished in 0.09s  res=2.145e-03
[07-02 12:02:41][DEBUG] jax_fem: CuDSSNewtonSolver: starting Newton loop
[07-02 12:02:41][DEBUG] jax_fem: DeviceProblem: computing Jacobian on device
[07-02 12:02:41][DEBUG] jax_fem: Function split_and_compute_cell took 0.0262 seconds
[07-02 12:02:41][DEBUG] jax_fem: CuDSSNewtonSolver: initial residual = 2.221e+08
[07-02 12:02:41][DEBUG] jax_fem: DeviceProblem: computing Jacobian on device
[07-02 12:02:41][DEBUG] jax_fem: Function split_and_compute_cell took 0.0270 seconds
[07-02 12:02:41][DEBUG] jax_fem: CuDSSNewtonSolver: iter=1  res=2.248e-05  rel=1.012e-13
[07-02 12:02:41][INFO] jax_fem: CuDSSNewtonSolver: solve finished in 0.09s  res=2.248e-05
[07-02 12:02:41][INFO] jax_fem: CuDSS backward: solving adjoint problem …
[07-02 12:02:41][DEBUG] jax_fem: DeviceProblem: computing Jacobian on device
[07-02 12:02:41][DEBUG] jax_fem: Function split_and_compute_cell took 0.0292 seconds
[07-02 12:02:41][DEBUG] jax_fem: Computing cell residual...
[07-02 12:02:41][DEBUG] jax_fem: Function split_and_compute_cell took 0.0689 seconds
[07-02 12:02:41][INFO] jax_fem: CuDSS backward: solving adjoint problem …
[07-02 12:02:41][DEBUG] jax_fem: DeviceProblem: computing Jacobian on device
[07-02 12:02:41][DEBUG] jax_fem: Function split_and_compute_cell took 0.0262 seconds
[07-02 12:02:41][DEBUG] jax_fem: Computing cell residual...
[07-02 12:02:41][DEBUG] jax_fem: Function split_and_compute_cell took 0.0617 seconds
[07-02 12:02:42][INFO] jax_fem: CuDSS backward: solving adjoint problem …
[07-02 12:02:42][DEBUG] jax_fem: DeviceProblem: computing Jacobian on device
[07-02 12:02:42][DEBUG] jax_fem: Function split_and_compute_cell took 0.0293 seconds
[07-02 12:02:42][DEBUG] jax_fem: Computing cell residual...
[07-02 12:02:42][DEBUG] jax_fem: Function split_and_compute_cell took 0.0517 seconds
[07-02 12:02:42][INFO] jax_fem: CuDSS backward: solving adjoint problem …
[07-02 12:02:42][DEBUG] jax_fem: DeviceProblem: computing Jacobian on device
[07-02 12:02:42][DEBUG] jax_fem: Function split_and_compute_cell took 0.0433 seconds
[07-02 12:02:42][DEBUG] jax_fem: Computing cell residual...
[07-02 12:02:42][DEBUG] jax_fem: Function split_and_compute_cell took 0.0690 seconds
[07-02 12:02:42][INFO] jax_fem: CuDSS backward: solving adjoint problem …
[07-02 12:02:42][DEBUG] jax_fem: DeviceProblem: computing Jacobian on device
[07-02 12:02:42][DEBUG] jax_fem: Function split_and_compute_cell took 0.0387 seconds
[07-02 12:02:43][DEBUG] jax_fem: Computing cell residual...
[07-02 12:02:43][DEBUG] jax_fem: Function split_and_compute_cell took 0.0657 seconds
[07-02 12:02:44][DEBUG] jax_fem: CuDSSNewtonSolver: starting Newton loop
[07-02 12:02:44][DEBUG] jax_fem: DeviceProblem: computing Jacobian on device
[07-02 12:02:44][DEBUG] jax_fem: Function split_and_compute_cell took 0.0250 seconds
[07-02 12:02:44][DEBUG] jax_fem: CuDSSNewtonSolver: initial residual = 2.235e+08
[07-02 12:02:44][DEBUG] jax_fem: DeviceProblem: computing Jacobian on device
[07-02 12:02:44][DEBUG] jax_fem: Function split_and_compute_cell took 0.0289 seconds
[07-02 12:02:44][DEBUG] jax_fem: CuDSSNewtonSolver: iter=1  res=1.558e-05  rel=6.971e-14
[07-02 12:02:44][INFO] jax_fem: CuDSSNewtonSolver: solve finished in 0.09s  res=1.558e-05
[07-02 12:02:44][DEBUG] jax_fem: CuDSSNewtonSolver: starting Newton loop
[07-02 12:02:44][DEBUG] jax_fem: DeviceProblem: computing Jacobian on device
[07-02 12:02:44][DEBUG] jax_fem: Function split_and_compute_cell took 0.0356 seconds
[07-02 12:02:44][DEBUG] jax_fem: CuDSSNewtonSolver: initial residual = 2.217e+08
[07-02 12:02:44][DEBUG] jax_fem: DeviceProblem: computing Jacobian on device
[07-02 12:02:44][DEBUG] jax_fem: Function split_and_compute_cell took 0.0460 seconds
[07-02 12:02:44][DEBUG] jax_fem: CuDSSNewtonSolver: iter=1  res=1.585e-05  rel=7.151e-14
[07-02 12:02:44][INFO] jax_fem: CuDSSNewtonSolver: solve finished in 0.12s  res=1.585e-05
[07-02 12:02:45][DEBUG] jax_fem: CuDSSNewtonSolver: starting Newton loop
[07-02 12:02:45][DEBUG] jax_fem: DeviceProblem: computing Jacobian on device
[07-02 12:02:45][DEBUG] jax_fem: Function split_and_compute_cell took 0.0409 seconds
[07-02 12:02:45][DEBUG] jax_fem: CuDSSNewtonSolver: initial residual = 2.211e+08
[07-02 12:02:45][DEBUG] jax_fem: DeviceProblem: computing Jacobian on device
[07-02 12:02:45][DEBUG] jax_fem: Function split_and_compute_cell took 0.0431 seconds
[07-02 12:02:45][DEBUG] jax_fem: CuDSSNewtonSolver: iter=1  res=1.666e-05  rel=7.535e-14
[07-02 12:02:45][INFO] jax_fem: CuDSSNewtonSolver: solve finished in 0.12s  res=1.666e-05
[07-02 12:02:45][DEBUG] jax_fem: CuDSSNewtonSolver: starting Newton loop
[07-02 12:02:45][DEBUG] jax_fem: DeviceProblem: computing Jacobian on device
[07-02 12:02:45][DEBUG] jax_fem: Function split_and_compute_cell took 0.0379 seconds
[07-02 12:02:45][DEBUG] jax_fem: CuDSSNewtonSolver: initial residual = 2.237e+08
[07-02 12:02:45][DEBUG] jax_fem: DeviceProblem: computing Jacobian on device
[07-02 12:02:45][DEBUG] jax_fem: Function split_and_compute_cell took 0.0259 seconds
[07-02 12:02:45][DEBUG] jax_fem: CuDSSNewtonSolver: iter=1  res=1.549e-05  rel=6.927e-14
[07-02 12:02:45][INFO] jax_fem: CuDSSNewtonSolver: solve finished in 0.10s  res=1.549e-05
[07-02 12:02:45][DEBUG] jax_fem: CuDSSNewtonSolver: starting Newton loop
[07-02 12:02:45][DEBUG] jax_fem: DeviceProblem: computing Jacobian on device
[07-02 12:02:45][DEBUG] jax_fem: Function split_and_compute_cell took 0.0301 seconds
[07-02 12:02:45][DEBUG] jax_fem: CuDSSNewtonSolver: initial residual = 2.223e+08
[07-02 12:02:45][DEBUG] jax_fem: DeviceProblem: computing Jacobian on device
[07-02 12:02:45][DEBUG] jax_fem: Function split_and_compute_cell took 0.0468 seconds
[07-02 12:02:46][DEBUG] jax_fem: CuDSSNewtonSolver: iter=1  res=1.283e-05  rel=5.771e-14
[07-02 12:02:46][INFO] jax_fem: CuDSSNewtonSolver: solve finished in 0.12s  res=1.283e-05
[07-02 12:02:47][DEBUG] jax_fem: CuDSSNewtonSolver: starting Newton loop
[07-02 12:02:47][DEBUG] jax_fem: DeviceProblem: computing Jacobian on device
[07-02 12:02:47][DEBUG] jax_fem: Function split_and_compute_cell took 0.0265 seconds
[07-02 12:02:47][DEBUG] jax_fem: CuDSSNewtonSolver: initial residual = 2.235e+08
[07-02 12:02:47][DEBUG] jax_fem: DeviceProblem: computing Jacobian on device
[07-02 12:02:47][DEBUG] jax_fem: Function split_and_compute_cell took 0.0288 seconds
[07-02 12:02:47][DEBUG] jax_fem: CuDSSNewtonSolver: iter=1  res=1.490e-05  rel=6.665e-14
[07-02 12:02:47][INFO] jax_fem: CuDSSNewtonSolver: solve finished in 0.09s  res=1.490e-05
[07-02 12:02:48][DEBUG] jax_fem: CuDSSNewtonSolver: starting Newton loop
[07-02 12:02:48][DEBUG] jax_fem: DeviceProblem: computing Jacobian on device
[07-02 12:02:48][DEBUG] jax_fem: Function split_and_compute_cell took 0.0264 seconds
[07-02 12:02:48][DEBUG] jax_fem: CuDSSNewtonSolver: initial residual = 2.217e+08
[07-02 12:02:48][DEBUG] jax_fem: DeviceProblem: computing Jacobian on device
[07-02 12:02:48][DEBUG] jax_fem: Function split_and_compute_cell took 0.0271 seconds
[07-02 12:02:48][DEBUG] jax_fem: CuDSSNewtonSolver: iter=1  res=1.520e-05  rel=6.858e-14
[07-02 12:02:48][INFO] jax_fem: CuDSSNewtonSolver: solve finished in 0.09s  res=1.520e-05
[07-02 12:02:48][DEBUG] jax_fem: CuDSSNewtonSolver: starting Newton loop
[07-02 12:02:48][DEBUG] jax_fem: DeviceProblem: computing Jacobian on device
[07-02 12:02:48][DEBUG] jax_fem: Function split_and_compute_cell took 0.0268 seconds
[07-02 12:02:48][DEBUG] jax_fem: CuDSSNewtonSolver: initial residual = 2.211e+08
[07-02 12:02:48][DEBUG] jax_fem: DeviceProblem: computing Jacobian on device
[07-02 12:02:48][DEBUG] jax_fem: Function split_and_compute_cell took 0.0268 seconds
[07-02 12:02:48][DEBUG] jax_fem: CuDSSNewtonSolver: iter=1  res=1.708e-05  rel=7.725e-14
[07-02 12:02:48][INFO] jax_fem: CuDSSNewtonSolver: solve finished in 0.09s  res=1.708e-05
[07-02 12:02:49][DEBUG] jax_fem: CuDSSNewtonSolver: starting Newton loop
[07-02 12:02:49][DEBUG] jax_fem: DeviceProblem: computing Jacobian on device
[07-02 12:02:49][DEBUG] jax_fem: Function split_and_compute_cell took 0.0261 seconds
[07-02 12:02:49][DEBUG] jax_fem: CuDSSNewtonSolver: initial residual = 2.237e+08
[07-02 12:02:49][DEBUG] jax_fem: DeviceProblem: computing Jacobian on device
[07-02 12:02:49][DEBUG] jax_fem: Function split_and_compute_cell took 0.0256 seconds
[07-02 12:02:49][DEBUG] jax_fem: CuDSSNewtonSolver: iter=1  res=1.414e-05  rel=6.320e-14
[07-02 12:02:49][INFO] jax_fem: CuDSSNewtonSolver: solve finished in 0.09s  res=1.414e-05
[07-02 12:02:50][DEBUG] jax_fem: CuDSSNewtonSolver: starting Newton loop
[07-02 12:02:50][DEBUG] jax_fem: DeviceProblem: computing Jacobian on device
[07-02 12:02:50][DEBUG] jax_fem: Function split_and_compute_cell took 0.0270 seconds
[07-02 12:02:50][DEBUG] jax_fem: CuDSSNewtonSolver: initial residual = 2.223e+08
[07-02 12:02:50][DEBUG] jax_fem: DeviceProblem: computing Jacobian on device
[07-02 12:02:50][DEBUG] jax_fem: Function split_and_compute_cell took 0.0263 seconds
[07-02 12:02:50][DEBUG] jax_fem: CuDSSNewtonSolver: iter=1  res=1.263e-05  rel=5.682e-14
[07-02 12:02:50][INFO] jax_fem: CuDSSNewtonSolver: solve finished in 0.09s  res=1.263e-05
[07-02 12:02:50][INFO] jax_fem: CuDSS backward: solving adjoint problem …
[07-02 12:02:50][DEBUG] jax_fem: DeviceProblem: computing Jacobian on device
[07-02 12:02:50][DEBUG] jax_fem: Function split_and_compute_cell took 0.0385 seconds
[07-02 12:02:50][DEBUG] jax_fem: Computing cell residual...
[07-02 12:02:50][DEBUG] jax_fem: Function split_and_compute_cell took 0.0609 seconds
[07-02 12:02:50][INFO] jax_fem: CuDSS backward: solving adjoint problem …
[07-02 12:02:50][DEBUG] jax_fem: DeviceProblem: computing Jacobian on device
[07-02 12:02:50][DEBUG] jax_fem: Function split_and_compute_cell took 0.0361 seconds
[07-02 12:02:50][DEBUG] jax_fem: Computing cell residual...
[07-02 12:02:50][DEBUG] jax_fem: Function split_and_compute_cell took 0.0636 seconds
[07-02 12:02:51][INFO] jax_fem: CuDSS backward: solving adjoint problem …
[07-02 12:02:51][DEBUG] jax_fem: DeviceProblem: computing Jacobian on device
[07-02 12:02:51][DEBUG] jax_fem: Function split_and_compute_cell took 0.0442 seconds
[07-02 12:02:51][DEBUG] jax_fem: Computing cell residual...
[07-02 12:02:51][DEBUG] jax_fem: Function split_and_compute_cell took 0.0556 seconds
[07-02 12:02:51][INFO] jax_fem: CuDSS backward: solving adjoint problem …
[07-02 12:02:51][DEBUG] jax_fem: DeviceProblem: computing Jacobian on device
[07-02 12:02:51][DEBUG] jax_fem: Function split_and_compute_cell took 0.0357 seconds
[07-02 12:02:51][DEBUG] jax_fem: Computing cell residual...
[07-02 12:02:51][DEBUG] jax_fem: Function split_and_compute_cell took 0.0654 seconds
[07-02 12:02:51][INFO] jax_fem: CuDSS backward: solving adjoint problem …
[07-02 12:02:51][DEBUG] jax_fem: DeviceProblem: computing Jacobian on device
[07-02 12:02:51][DEBUG] jax_fem: Function split_and_compute_cell took 0.0474 seconds
[07-02 12:02:51][DEBUG] jax_fem: Computing cell residual...
[07-02 12:02:52][DEBUG] jax_fem: Function split_and_compute_cell took 0.0613 seconds
[07-02 12:02:53][DEBUG] jax_fem: CuDSSNewtonSolver: starting Newton loop
[07-02 12:02:53][DEBUG] jax_fem: DeviceProblem: computing Jacobian on device
[07-02 12:02:53][DEBUG] jax_fem: Function split_and_compute_cell took 0.0252 seconds
[07-02 12:02:53][DEBUG] jax_fem: CuDSSNewtonSolver: initial residual = 2.235e+08
[07-02 12:02:53][DEBUG] jax_fem: DeviceProblem: computing Jacobian on device
[07-02 12:02:53][DEBUG] jax_fem: Function split_and_compute_cell took 0.0517 seconds
[07-02 12:02:53][DEBUG] jax_fem: CuDSSNewtonSolver: iter=1  res=1.636e-05  rel=7.319e-14
[07-02 12:02:53][INFO] jax_fem: CuDSSNewtonSolver: solve finished in 0.12s  res=1.636e-05
[07-02 12:02:53][DEBUG] jax_fem: CuDSSNewtonSolver: starting Newton loop
[07-02 12:02:53][DEBUG] jax_fem: DeviceProblem: computing Jacobian on device
[07-02 12:02:53][DEBUG] jax_fem: Function split_and_compute_cell took 0.0264 seconds
[07-02 12:02:53][DEBUG] jax_fem: CuDSSNewtonSolver: initial residual = 2.217e+08
[07-02 12:02:53][DEBUG] jax_fem: DeviceProblem: computing Jacobian on device
[07-02 12:02:53][DEBUG] jax_fem: Function split_and_compute_cell took 0.0396 seconds
[07-02 12:02:53][DEBUG] jax_fem: CuDSSNewtonSolver: iter=1  res=1.542e-05  rel=6.958e-14
[07-02 12:02:53][INFO] jax_fem: CuDSSNewtonSolver: solve finished in 0.10s  res=1.542e-05
[07-02 12:02:54][DEBUG] jax_fem: CuDSSNewtonSolver: starting Newton loop
[07-02 12:02:54][DEBUG] jax_fem: DeviceProblem: computing Jacobian on device
[07-02 12:02:54][DEBUG] jax_fem: Function split_and_compute_cell took 0.0492 seconds
[07-02 12:02:54][DEBUG] jax_fem: CuDSSNewtonSolver: initial residual = 2.211e+08
[07-02 12:02:54][DEBUG] jax_fem: DeviceProblem: computing Jacobian on device
[07-02 12:02:54][DEBUG] jax_fem: Function split_and_compute_cell took 0.0338 seconds
[07-02 12:02:54][DEBUG] jax_fem: CuDSSNewtonSolver: iter=1  res=1.585e-05  rel=7.168e-14
[07-02 12:02:54][INFO] jax_fem: CuDSSNewtonSolver: solve finished in 0.12s  res=1.585e-05
[07-02 12:02:54][DEBUG] jax_fem: CuDSSNewtonSolver: starting Newton loop
[07-02 12:02:54][DEBUG] jax_fem: DeviceProblem: computing Jacobian on device
[07-02 12:02:54][DEBUG] jax_fem: Function split_and_compute_cell took 0.0472 seconds
[07-02 12:02:54][DEBUG] jax_fem: CuDSSNewtonSolver: initial residual = 2.237e+08
[07-02 12:02:54][DEBUG] jax_fem: DeviceProblem: computing Jacobian on device
[07-02 12:02:54][DEBUG] jax_fem: Function split_and_compute_cell took 0.0384 seconds
[07-02 12:02:54][DEBUG] jax_fem: CuDSSNewtonSolver: iter=1  res=1.463e-05  rel=6.541e-14
[07-02 12:02:54][INFO] jax_fem: CuDSSNewtonSolver: solve finished in 0.13s  res=1.463e-05
[07-02 12:02:54][DEBUG] jax_fem: CuDSSNewtonSolver: starting Newton loop
[07-02 12:02:54][DEBUG] jax_fem: DeviceProblem: computing Jacobian on device
[07-02 12:02:54][DEBUG] jax_fem: Function split_and_compute_cell took 0.0614 seconds
[07-02 12:02:54][DEBUG] jax_fem: CuDSSNewtonSolver: initial residual = 2.223e+08
[07-02 12:02:54][DEBUG] jax_fem: DeviceProblem: computing Jacobian on device
[07-02 12:02:55][DEBUG] jax_fem: Function split_and_compute_cell took 0.0375 seconds
[07-02 12:02:55][DEBUG] jax_fem: CuDSSNewtonSolver: iter=1  res=1.394e-05  rel=6.272e-14
[07-02 12:02:55][INFO] jax_fem: CuDSSNewtonSolver: solve finished in 0.14s  res=1.394e-05
[07-02 12:02:56][DEBUG] jax_fem: CuDSSNewtonSolver: starting Newton loop
[07-02 12:02:56][DEBUG] jax_fem: DeviceProblem: computing Jacobian on device
[07-02 12:02:56][DEBUG] jax_fem: Function split_and_compute_cell took 0.0275 seconds
[07-02 12:02:56][DEBUG] jax_fem: CuDSSNewtonSolver: initial residual = 2.235e+08
[07-02 12:02:56][DEBUG] jax_fem: DeviceProblem: computing Jacobian on device
[07-02 12:02:56][DEBUG] jax_fem: Function split_and_compute_cell took 0.0267 seconds
[07-02 12:02:56][DEBUG] jax_fem: CuDSSNewtonSolver: iter=1  res=1.486e-05  rel=6.648e-14
[07-02 12:02:56][INFO] jax_fem: CuDSSNewtonSolver: solve finished in 0.09s  res=1.486e-05
[07-02 12:02:57][DEBUG] jax_fem: CuDSSNewtonSolver: starting Newton loop
[07-02 12:02:57][DEBUG] jax_fem: DeviceProblem: computing Jacobian on device
[07-02 12:02:57][DEBUG] jax_fem: Function split_and_compute_cell took 0.0271 seconds
[07-02 12:02:57][DEBUG] jax_fem: CuDSSNewtonSolver: initial residual = 2.217e+08
[07-02 12:02:57][DEBUG] jax_fem: DeviceProblem: computing Jacobian on device
[07-02 12:02:57][DEBUG] jax_fem: Function split_and_compute_cell took 0.0277 seconds
[07-02 12:02:57][DEBUG] jax_fem: CuDSSNewtonSolver: iter=1  res=1.536e-05  rel=6.929e-14
[07-02 12:02:57][INFO] jax_fem: CuDSSNewtonSolver: solve finished in 0.09s  res=1.536e-05
[07-02 12:02:57][DEBUG] jax_fem: CuDSSNewtonSolver: starting Newton loop
[07-02 12:02:57][DEBUG] jax_fem: DeviceProblem: computing Jacobian on device
[07-02 12:02:57][DEBUG] jax_fem: Function split_and_compute_cell took 0.0282 seconds
[07-02 12:02:57][DEBUG] jax_fem: CuDSSNewtonSolver: initial residual = 2.211e+08
[07-02 12:02:57][DEBUG] jax_fem: DeviceProblem: computing Jacobian on device
[07-02 12:02:57][DEBUG] jax_fem: Function split_and_compute_cell took 0.0263 seconds
[07-02 12:02:57][DEBUG] jax_fem: CuDSSNewtonSolver: iter=1  res=1.682e-05  rel=7.607e-14
[07-02 12:02:57][INFO] jax_fem: CuDSSNewtonSolver: solve finished in 0.09s  res=1.682e-05
[07-02 12:02:58][DEBUG] jax_fem: CuDSSNewtonSolver: starting Newton loop
[07-02 12:02:58][DEBUG] jax_fem: DeviceProblem: computing Jacobian on device
[07-02 12:02:58][DEBUG] jax_fem: Function split_and_compute_cell took 0.0265 seconds
[07-02 12:02:58][DEBUG] jax_fem: CuDSSNewtonSolver: initial residual = 2.237e+08
[07-02 12:02:58][DEBUG] jax_fem: DeviceProblem: computing Jacobian on device
[07-02 12:02:58][DEBUG] jax_fem: Function split_and_compute_cell took 0.0271 seconds
[07-02 12:02:58][DEBUG] jax_fem: CuDSSNewtonSolver: iter=1  res=1.494e-05  rel=6.678e-14
[07-02 12:02:58][INFO] jax_fem: CuDSSNewtonSolver: solve finished in 0.09s  res=1.494e-05
[07-02 12:02:59][DEBUG] jax_fem: CuDSSNewtonSolver: starting Newton loop
[07-02 12:02:59][DEBUG] jax_fem: DeviceProblem: computing Jacobian on device
[07-02 12:02:59][DEBUG] jax_fem: Function split_and_compute_cell took 0.0289 seconds
[07-02 12:02:59][DEBUG] jax_fem: CuDSSNewtonSolver: initial residual = 2.223e+08
[07-02 12:02:59][DEBUG] jax_fem: DeviceProblem: computing Jacobian on device
[07-02 12:02:59][DEBUG] jax_fem: Function split_and_compute_cell took 0.0270 seconds
[07-02 12:02:59][DEBUG] jax_fem: CuDSSNewtonSolver: iter=1  res=1.331e-05  rel=5.984e-14
[07-02 12:02:59][INFO] jax_fem: CuDSSNewtonSolver: solve finished in 0.09s  res=1.331e-05
[07-02 12:02:59][INFO] jax_fem: CuDSS backward: solving adjoint problem …
[07-02 12:02:59][DEBUG] jax_fem: DeviceProblem: computing Jacobian on device
[07-02 12:02:59][DEBUG] jax_fem: Function split_and_compute_cell took 0.0334 seconds
[07-02 12:02:59][DEBUG] jax_fem: Computing cell residual...
[07-02 12:02:59][DEBUG] jax_fem: Function split_and_compute_cell took 0.0541 seconds
[07-02 12:02:59][INFO] jax_fem: CuDSS backward: solving adjoint problem …
[07-02 12:02:59][DEBUG] jax_fem: DeviceProblem: computing Jacobian on device
[07-02 12:02:59][DEBUG] jax_fem: Function split_and_compute_cell took 0.0451 seconds
[07-02 12:02:59][DEBUG] jax_fem: Computing cell residual...
[07-02 12:02:59][DEBUG] jax_fem: Function split_and_compute_cell took 0.0614 seconds
[07-02 12:02:59][INFO] jax_fem: CuDSS backward: solving adjoint problem …
[07-02 12:02:59][DEBUG] jax_fem: DeviceProblem: computing Jacobian on device
[07-02 12:03:00][DEBUG] jax_fem: Function split_and_compute_cell took 0.0338 seconds
[07-02 12:03:00][DEBUG] jax_fem: Computing cell residual...
[07-02 12:03:00][DEBUG] jax_fem: Function split_and_compute_cell took 0.0533 seconds
[07-02 12:03:00][INFO] jax_fem: CuDSS backward: solving adjoint problem …
[07-02 12:03:00][DEBUG] jax_fem: DeviceProblem: computing Jacobian on device
[07-02 12:03:00][DEBUG] jax_fem: Function split_and_compute_cell took 0.0363 seconds
[07-02 12:03:00][DEBUG] jax_fem: Computing cell residual...
[07-02 12:03:00][DEBUG] jax_fem: Function split_and_compute_cell took 0.0575 seconds
[07-02 12:03:00][INFO] jax_fem: CuDSS backward: solving adjoint problem …
[07-02 12:03:00][DEBUG] jax_fem: DeviceProblem: computing Jacobian on device
[07-02 12:03:00][DEBUG] jax_fem: Function split_and_compute_cell took 0.0420 seconds
[07-02 12:03:00][DEBUG] jax_fem: Computing cell residual...
[07-02 12:03:00][DEBUG] jax_fem: Function split_and_compute_cell took 0.0755 seconds
[07-02 12:03:02][DEBUG] jax_fem: CuDSSNewtonSolver: starting Newton loop
[07-02 12:03:02][DEBUG] jax_fem: DeviceProblem: computing Jacobian on device
[07-02 12:03:02][DEBUG] jax_fem: Function split_and_compute_cell took 0.0264 seconds
[07-02 12:03:02][DEBUG] jax_fem: CuDSSNewtonSolver: initial residual = 2.235e+08
[07-02 12:03:02][DEBUG] jax_fem: DeviceProblem: computing Jacobian on device
[07-02 12:03:02][DEBUG] jax_fem: Function split_and_compute_cell took 0.0322 seconds
[07-02 12:03:02][DEBUG] jax_fem: CuDSSNewtonSolver: iter=1  res=1.559e-05  rel=6.973e-14
[07-02 12:03:02][INFO] jax_fem: CuDSSNewtonSolver: solve finished in 0.09s  res=1.559e-05
[07-02 12:03:02][DEBUG] jax_fem: CuDSSNewtonSolver: starting Newton loop
[07-02 12:03:02][DEBUG] jax_fem: DeviceProblem: computing Jacobian on device
[07-02 12:03:02][DEBUG] jax_fem: Function split_and_compute_cell took 0.0464 seconds
[07-02 12:03:02][DEBUG] jax_fem: CuDSSNewtonSolver: initial residual = 2.217e+08
[07-02 12:03:02][DEBUG] jax_fem: DeviceProblem: computing Jacobian on device
[07-02 12:03:02][DEBUG] jax_fem: Function split_and_compute_cell took 0.0429 seconds
[07-02 12:03:02][DEBUG] jax_fem: CuDSSNewtonSolver: iter=1  res=1.604e-05  rel=7.236e-14
[07-02 12:03:02][INFO] jax_fem: CuDSSNewtonSolver: solve finished in 0.13s  res=1.604e-05
[07-02 12:03:03][DEBUG] jax_fem: CuDSSNewtonSolver: starting Newton loop
[07-02 12:03:03][DEBUG] jax_fem: DeviceProblem: computing Jacobian on device
[07-02 12:03:03][DEBUG] jax_fem: Function split_and_compute_cell took 0.0506 seconds
[07-02 12:03:03][DEBUG] jax_fem: CuDSSNewtonSolver: initial residual = 2.211e+08
[07-02 12:03:03][DEBUG] jax_fem: DeviceProblem: computing Jacobian on device
[07-02 12:03:03][DEBUG] jax_fem: Function split_and_compute_cell took 0.0475 seconds
[07-02 12:03:03][DEBUG] jax_fem: CuDSSNewtonSolver: iter=1  res=1.710e-05  rel=7.733e-14
[07-02 12:03:03][INFO] jax_fem: CuDSSNewtonSolver: solve finished in 0.14s  res=1.710e-05
[07-02 12:03:03][DEBUG] jax_fem: CuDSSNewtonSolver: starting Newton loop
[07-02 12:03:03][DEBUG] jax_fem: DeviceProblem: computing Jacobian on device
[07-02 12:03:03][DEBUG] jax_fem: Function split_and_compute_cell took 0.0418 seconds
[07-02 12:03:03][DEBUG] jax_fem: CuDSSNewtonSolver: initial residual = 2.237e+08
[07-02 12:03:03][DEBUG] jax_fem: DeviceProblem: computing Jacobian on device
[07-02 12:03:03][DEBUG] jax_fem: Function split_and_compute_cell took 0.0392 seconds
[07-02 12:03:03][DEBUG] jax_fem: CuDSSNewtonSolver: iter=1  res=1.556e-05  rel=6.957e-14
[07-02 12:03:03][INFO] jax_fem: CuDSSNewtonSolver: solve finished in 0.12s  res=1.556e-05
[07-02 12:03:03][DEBUG] jax_fem: CuDSSNewtonSolver: starting Newton loop
[07-02 12:03:03][DEBUG] jax_fem: DeviceProblem: computing Jacobian on device
[07-02 12:03:03][DEBUG] jax_fem: Function split_and_compute_cell took 0.0289 seconds
[07-02 12:03:03][DEBUG] jax_fem: CuDSSNewtonSolver: initial residual = 2.223e+08
[07-02 12:03:03][DEBUG] jax_fem: DeviceProblem: computing Jacobian on device
[07-02 12:03:03][DEBUG] jax_fem: Function split_and_compute_cell took 0.0283 seconds
[07-02 12:03:03][DEBUG] jax_fem: CuDSSNewtonSolver: iter=1  res=1.364e-05  rel=6.135e-14
[07-02 12:03:03][INFO] jax_fem: CuDSSNewtonSolver: solve finished in 0.10s  res=1.364e-05
[07-02 12:03:05][DEBUG] jax_fem: CuDSSNewtonSolver: starting Newton loop
[07-02 12:03:05][DEBUG] jax_fem: DeviceProblem: computing Jacobian on device
[07-02 12:03:05][DEBUG] jax_fem: Function split_and_compute_cell took 0.0272 seconds
[07-02 12:03:05][DEBUG] jax_fem: CuDSSNewtonSolver: initial residual = 2.235e+08
[07-02 12:03:05][DEBUG] jax_fem: DeviceProblem: computing Jacobian on device
[07-02 12:03:05][DEBUG] jax_fem: Function split_and_compute_cell took 0.0275 seconds
[07-02 12:03:05][DEBUG] jax_fem: CuDSSNewtonSolver: iter=1  res=1.532e-05  rel=6.854e-14
[07-02 12:03:05][INFO] jax_fem: CuDSSNewtonSolver: solve finished in 0.09s  res=1.532e-05
[07-02 12:03:06][DEBUG] jax_fem: CuDSSNewtonSolver: starting Newton loop
[07-02 12:03:06][DEBUG] jax_fem: DeviceProblem: computing Jacobian on device
[07-02 12:03:06][DEBUG] jax_fem: Function split_and_compute_cell took 0.0249 seconds
[07-02 12:03:06][DEBUG] jax_fem: CuDSSNewtonSolver: initial residual = 2.217e+08
[07-02 12:03:06][DEBUG] jax_fem: DeviceProblem: computing Jacobian on device
[07-02 12:03:06][DEBUG] jax_fem: Function split_and_compute_cell took 0.0263 seconds
[07-02 12:03:06][DEBUG] jax_fem: CuDSSNewtonSolver: iter=1  res=1.490e-05  rel=6.722e-14
[07-02 12:03:06][INFO] jax_fem: CuDSSNewtonSolver: solve finished in 0.09s  res=1.490e-05
[07-02 12:03:06][DEBUG] jax_fem: CuDSSNewtonSolver: starting Newton loop
[07-02 12:03:06][DEBUG] jax_fem: DeviceProblem: computing Jacobian on device
[07-02 12:03:06][DEBUG] jax_fem: Function split_and_compute_cell took 0.0287 seconds
[07-02 12:03:06][DEBUG] jax_fem: CuDSSNewtonSolver: initial residual = 2.211e+08
[07-02 12:03:06][DEBUG] jax_fem: DeviceProblem: computing Jacobian on device
[07-02 12:03:06][DEBUG] jax_fem: Function split_and_compute_cell took 0.0259 seconds
[07-02 12:03:06][DEBUG] jax_fem: CuDSSNewtonSolver: iter=1  res=1.659e-05  rel=7.506e-14
[07-02 12:03:06][INFO] jax_fem: CuDSSNewtonSolver: solve finished in 0.09s  res=1.659e-05
[07-02 12:03:07][DEBUG] jax_fem: CuDSSNewtonSolver: starting Newton loop
[07-02 12:03:07][DEBUG] jax_fem: DeviceProblem: computing Jacobian on device
[07-02 12:03:07][DEBUG] jax_fem: Function split_and_compute_cell took 0.0264 seconds
[07-02 12:03:07][DEBUG] jax_fem: CuDSSNewtonSolver: initial residual = 2.237e+08
[07-02 12:03:07][DEBUG] jax_fem: DeviceProblem: computing Jacobian on device
[07-02 12:03:07][DEBUG] jax_fem: Function split_and_compute_cell took 0.0260 seconds
[07-02 12:03:07][DEBUG] jax_fem: CuDSSNewtonSolver: iter=1  res=1.522e-05  rel=6.803e-14
[07-02 12:03:07][INFO] jax_fem: CuDSSNewtonSolver: solve finished in 0.09s  res=1.522e-05
[07-02 12:03:08][DEBUG] jax_fem: CuDSSNewtonSolver: starting Newton loop
[07-02 12:03:08][DEBUG] jax_fem: DeviceProblem: computing Jacobian on device
[07-02 12:03:08][DEBUG] jax_fem: Function split_and_compute_cell took 0.0265 seconds
[07-02 12:03:08][DEBUG] jax_fem: CuDSSNewtonSolver: initial residual = 2.223e+08
[07-02 12:03:08][DEBUG] jax_fem: DeviceProblem: computing Jacobian on device
[07-02 12:03:08][DEBUG] jax_fem: Function split_and_compute_cell took 0.0268 seconds
[07-02 12:03:08][DEBUG] jax_fem: CuDSSNewtonSolver: iter=1  res=1.329e-05  rel=5.976e-14
[07-02 12:03:08][INFO] jax_fem: CuDSSNewtonSolver: solve finished in 0.09s  res=1.329e-05
[07-02 12:03:08][INFO] jax_fem: CuDSS backward: solving adjoint problem …
[07-02 12:03:08][DEBUG] jax_fem: DeviceProblem: computing Jacobian on device
[07-02 12:03:08][DEBUG] jax_fem: Function split_and_compute_cell took 0.0368 seconds
[07-02 12:03:08][DEBUG] jax_fem: Computing cell residual...
[07-02 12:03:08][DEBUG] jax_fem: Function split_and_compute_cell took 0.0605 seconds
[07-02 12:03:08][INFO] jax_fem: CuDSS backward: solving adjoint problem …
[07-02 12:03:08][DEBUG] jax_fem: DeviceProblem: computing Jacobian on device
[07-02 12:03:08][DEBUG] jax_fem: Function split_and_compute_cell took 0.0305 seconds
[07-02 12:03:08][DEBUG] jax_fem: Computing cell residual...
[07-02 12:03:08][DEBUG] jax_fem: Function split_and_compute_cell took 0.0601 seconds
[07-02 12:03:09][INFO] jax_fem: CuDSS backward: solving adjoint problem …
[07-02 12:03:09][DEBUG] jax_fem: DeviceProblem: computing Jacobian on device
[07-02 12:03:09][DEBUG] jax_fem: Function split_and_compute_cell took 0.0313 seconds
[07-02 12:03:09][DEBUG] jax_fem: Computing cell residual...
[07-02 12:03:09][DEBUG] jax_fem: Function split_and_compute_cell took 0.0670 seconds
[07-02 12:03:09][INFO] jax_fem: CuDSS backward: solving adjoint problem …
[07-02 12:03:09][DEBUG] jax_fem: DeviceProblem: computing Jacobian on device
[07-02 12:03:09][DEBUG] jax_fem: Function split_and_compute_cell took 0.0349 seconds
[07-02 12:03:09][DEBUG] jax_fem: Computing cell residual...
[07-02 12:03:09][DEBUG] jax_fem: Function split_and_compute_cell took 0.0696 seconds
[07-02 12:03:09][INFO] jax_fem: CuDSS backward: solving adjoint problem …
[07-02 12:03:09][DEBUG] jax_fem: DeviceProblem: computing Jacobian on device
[07-02 12:03:09][DEBUG] jax_fem: Function split_and_compute_cell took 0.0300 seconds
[07-02 12:03:09][DEBUG] jax_fem: Computing cell residual...
[07-02 12:03:09][DEBUG] jax_fem: Function split_and_compute_cell took 0.0716 seconds
[07-02 12:03:11][DEBUG] jax_fem: CuDSSNewtonSolver: starting Newton loop
[07-02 12:03:11][DEBUG] jax_fem: DeviceProblem: computing Jacobian on device
[07-02 12:03:11][DEBUG] jax_fem: Function split_and_compute_cell took 0.0239 seconds
[07-02 12:03:11][DEBUG] jax_fem: CuDSSNewtonSolver: initial residual = 2.235e+08
[07-02 12:03:11][DEBUG] jax_fem: DeviceProblem: computing Jacobian on device
[07-02 12:03:11][DEBUG] jax_fem: Function split_and_compute_cell took 0.0319 seconds
[07-02 12:03:11][DEBUG] jax_fem: CuDSSNewtonSolver: iter=1  res=1.546e-05  rel=6.916e-14
[07-02 12:03:11][INFO] jax_fem: CuDSSNewtonSolver: solve finished in 0.09s  res=1.546e-05
[07-02 12:03:11][DEBUG] jax_fem: CuDSSNewtonSolver: starting Newton loop
[07-02 12:03:11][DEBUG] jax_fem: DeviceProblem: computing Jacobian on device
[07-02 12:03:11][DEBUG] jax_fem: Function split_and_compute_cell took 0.0328 seconds
[07-02 12:03:11][DEBUG] jax_fem: CuDSSNewtonSolver: initial residual = 2.217e+08
[07-02 12:03:11][DEBUG] jax_fem: DeviceProblem: computing Jacobian on device
[07-02 12:03:11][DEBUG] jax_fem: Function split_and_compute_cell took 0.0293 seconds
[07-02 12:03:11][DEBUG] jax_fem: CuDSSNewtonSolver: iter=1  res=1.507e-05  rel=6.800e-14
[07-02 12:03:11][INFO] jax_fem: CuDSSNewtonSolver: solve finished in 0.10s  res=1.507e-05
[07-02 12:03:12][DEBUG] jax_fem: CuDSSNewtonSolver: starting Newton loop
[07-02 12:03:12][DEBUG] jax_fem: DeviceProblem: computing Jacobian on device
[07-02 12:03:12][DEBUG] jax_fem: Function split_and_compute_cell took 0.0284 seconds
[07-02 12:03:12][DEBUG] jax_fem: CuDSSNewtonSolver: initial residual = 2.211e+08
[07-02 12:03:12][DEBUG] jax_fem: DeviceProblem: computing Jacobian on device
[07-02 12:03:12][DEBUG] jax_fem: Function split_and_compute_cell took 0.0333 seconds
[07-02 12:03:12][DEBUG] jax_fem: CuDSSNewtonSolver: iter=1  res=1.582e-05  rel=7.156e-14
[07-02 12:03:12][INFO] jax_fem: CuDSSNewtonSolver: solve finished in 0.10s  res=1.582e-05
[07-02 12:03:12][DEBUG] jax_fem: CuDSSNewtonSolver: starting Newton loop
[07-02 12:03:12][DEBUG] jax_fem: DeviceProblem: computing Jacobian on device
[07-02 12:03:12][DEBUG] jax_fem: Function split_and_compute_cell took 0.0287 seconds
[07-02 12:03:12][DEBUG] jax_fem: CuDSSNewtonSolver: initial residual = 2.237e+08
[07-02 12:03:12][DEBUG] jax_fem: DeviceProblem: computing Jacobian on device
[07-02 12:03:12][DEBUG] jax_fem: Function split_and_compute_cell took 0.0245 seconds
[07-02 12:03:12][DEBUG] jax_fem: CuDSSNewtonSolver: iter=1  res=1.466e-05  rel=6.553e-14
[07-02 12:03:12][INFO] jax_fem: CuDSSNewtonSolver: solve finished in 0.09s  res=1.466e-05
[07-02 12:03:12][DEBUG] jax_fem: CuDSSNewtonSolver: starting Newton loop
[07-02 12:03:12][DEBUG] jax_fem: DeviceProblem: computing Jacobian on device
[07-02 12:03:12][DEBUG] jax_fem: Function split_and_compute_cell took 0.0321 seconds
[07-02 12:03:12][DEBUG] jax_fem: CuDSSNewtonSolver: initial residual = 2.223e+08
[07-02 12:03:12][DEBUG] jax_fem: DeviceProblem: computing Jacobian on device
[07-02 12:03:12][DEBUG] jax_fem: Function split_and_compute_cell took 0.0356 seconds
[07-02 12:03:12][DEBUG] jax_fem: CuDSSNewtonSolver: iter=1  res=1.366e-05  rel=6.142e-14
[07-02 12:03:12][INFO] jax_fem: CuDSSNewtonSolver: solve finished in 0.11s  res=1.366e-05
[07-02 12:03:14][DEBUG] jax_fem: CuDSSNewtonSolver: starting Newton loop
[07-02 12:03:14][DEBUG] jax_fem: DeviceProblem: computing Jacobian on device
[07-02 12:03:14][DEBUG] jax_fem: Function split_and_compute_cell took 0.0270 seconds
[07-02 12:03:14][DEBUG] jax_fem: CuDSSNewtonSolver: initial residual = 2.235e+08
[07-02 12:03:14][DEBUG] jax_fem: DeviceProblem: computing Jacobian on device
[07-02 12:03:14][DEBUG] jax_fem: Function split_and_compute_cell took 0.0259 seconds
[07-02 12:03:14][DEBUG] jax_fem: CuDSSNewtonSolver: iter=1  res=1.592e-05  rel=7.125e-14
[07-02 12:03:14][INFO] jax_fem: CuDSSNewtonSolver: solve finished in 0.09s  res=1.592e-05
[07-02 12:03:15][DEBUG] jax_fem: CuDSSNewtonSolver: starting Newton loop
[07-02 12:03:15][DEBUG] jax_fem: DeviceProblem: computing Jacobian on device
[07-02 12:03:15][DEBUG] jax_fem: Function split_and_compute_cell took 0.0274 seconds
[07-02 12:03:15][DEBUG] jax_fem: CuDSSNewtonSolver: initial residual = 2.217e+08
[07-02 12:03:15][DEBUG] jax_fem: DeviceProblem: computing Jacobian on device
[07-02 12:03:15][DEBUG] jax_fem: Function split_and_compute_cell took 0.0274 seconds
[07-02 12:03:15][DEBUG] jax_fem: CuDSSNewtonSolver: iter=1  res=1.531e-05  rel=6.905e-14
[07-02 12:03:15][INFO] jax_fem: CuDSSNewtonSolver: solve finished in 0.09s  res=1.531e-05
[07-02 12:03:15][DEBUG] jax_fem: CuDSSNewtonSolver: starting Newton loop
[07-02 12:03:15][DEBUG] jax_fem: DeviceProblem: computing Jacobian on device
[07-02 12:03:15][DEBUG] jax_fem: Function split_and_compute_cell took 0.0283 seconds
[07-02 12:03:15][DEBUG] jax_fem: CuDSSNewtonSolver: initial residual = 2.211e+08
[07-02 12:03:15][DEBUG] jax_fem: DeviceProblem: computing Jacobian on device
[07-02 12:03:15][DEBUG] jax_fem: Function split_and_compute_cell took 0.0265 seconds
[07-02 12:03:15][DEBUG] jax_fem: CuDSSNewtonSolver: iter=1  res=1.689e-05  rel=7.642e-14
[07-02 12:03:15][INFO] jax_fem: CuDSSNewtonSolver: solve finished in 0.09s  res=1.689e-05
[07-02 12:03:16][DEBUG] jax_fem: CuDSSNewtonSolver: starting Newton loop
[07-02 12:03:16][DEBUG] jax_fem: DeviceProblem: computing Jacobian on device
[07-02 12:03:16][DEBUG] jax_fem: Function split_and_compute_cell took 0.0272 seconds
[07-02 12:03:16][DEBUG] jax_fem: CuDSSNewtonSolver: initial residual = 2.237e+08
[07-02 12:03:16][DEBUG] jax_fem: DeviceProblem: computing Jacobian on device
[07-02 12:03:16][DEBUG] jax_fem: Function split_and_compute_cell took 0.0284 seconds
[07-02 12:03:16][DEBUG] jax_fem: CuDSSNewtonSolver: iter=1  res=1.511e-05  rel=6.758e-14
[07-02 12:03:16][INFO] jax_fem: CuDSSNewtonSolver: solve finished in 0.09s  res=1.511e-05
[07-02 12:03:16][DEBUG] jax_fem: CuDSSNewtonSolver: starting Newton loop
[07-02 12:03:16][DEBUG] jax_fem: DeviceProblem: computing Jacobian on device
[07-02 12:03:17][DEBUG] jax_fem: Function split_and_compute_cell took 0.0280 seconds
[07-02 12:03:17][DEBUG] jax_fem: CuDSSNewtonSolver: initial residual = 2.223e+08
[07-02 12:03:17][DEBUG] jax_fem: DeviceProblem: computing Jacobian on device
[07-02 12:03:17][DEBUG] jax_fem: Function split_and_compute_cell took 0.0284 seconds
[07-02 12:03:17][DEBUG] jax_fem: CuDSSNewtonSolver: iter=1  res=1.379e-05  rel=6.200e-14
[07-02 12:03:17][INFO] jax_fem: CuDSSNewtonSolver: solve finished in 0.09s  res=1.379e-05
[07-02 12:03:17][INFO] jax_fem: CuDSS backward: solving adjoint problem …
[07-02 12:03:17][DEBUG] jax_fem: DeviceProblem: computing Jacobian on device
[07-02 12:03:17][DEBUG] jax_fem: Function split_and_compute_cell took 0.0382 seconds
[07-02 12:03:17][DEBUG] jax_fem: Computing cell residual...
[07-02 12:03:17][DEBUG] jax_fem: Function split_and_compute_cell took 0.0572 seconds
[07-02 12:03:17][INFO] jax_fem: CuDSS backward: solving adjoint problem …
[07-02 12:03:17][DEBUG] jax_fem: DeviceProblem: computing Jacobian on device
[07-02 12:03:17][DEBUG] jax_fem: Function split_and_compute_cell took 0.0420 seconds
[07-02 12:03:17][DEBUG] jax_fem: Computing cell residual...
[07-02 12:03:17][DEBUG] jax_fem: Function split_and_compute_cell took 0.0573 seconds
[07-02 12:03:17][INFO] jax_fem: CuDSS backward: solving adjoint problem …
[07-02 12:03:17][DEBUG] jax_fem: DeviceProblem: computing Jacobian on device
[07-02 12:03:17][DEBUG] jax_fem: Function split_and_compute_cell took 0.0333 seconds
[07-02 12:03:17][DEBUG] jax_fem: Computing cell residual...
[07-02 12:03:18][DEBUG] jax_fem: Function split_and_compute_cell took 0.0581 seconds
[07-02 12:03:18][INFO] jax_fem: CuDSS backward: solving adjoint problem …
[07-02 12:03:18][DEBUG] jax_fem: DeviceProblem: computing Jacobian on device
[07-02 12:03:18][DEBUG] jax_fem: Function split_and_compute_cell took 0.0422 seconds
[07-02 12:03:18][DEBUG] jax_fem: Computing cell residual...
[07-02 12:03:18][DEBUG] jax_fem: Function split_and_compute_cell took 0.0521 seconds
[07-02 12:03:18][INFO] jax_fem: CuDSS backward: solving adjoint problem …
[07-02 12:03:18][DEBUG] jax_fem: DeviceProblem: computing Jacobian on device
[07-02 12:03:18][DEBUG] jax_fem: Function split_and_compute_cell took 0.0279 seconds
[07-02 12:03:18][DEBUG] jax_fem: Computing cell residual...
[07-02 12:03:18][DEBUG] jax_fem: Function split_and_compute_cell took 0.0591 seconds
[07-02 12:03:20][DEBUG] jax_fem: CuDSSNewtonSolver: starting Newton loop
[07-02 12:03:20][DEBUG] jax_fem: DeviceProblem: computing Jacobian on device
[07-02 12:03:20][DEBUG] jax_fem: Function split_and_compute_cell took 0.0337 seconds
[07-02 12:03:20][DEBUG] jax_fem: CuDSSNewtonSolver: initial residual = 2.235e+08
[07-02 12:03:20][DEBUG] jax_fem: DeviceProblem: computing Jacobian on device
[07-02 12:03:20][DEBUG] jax_fem: Function split_and_compute_cell took 0.0385 seconds
[07-02 12:03:20][DEBUG] jax_fem: CuDSSNewtonSolver: iter=1  res=1.522e-05  rel=6.812e-14
[07-02 12:03:20][INFO] jax_fem: CuDSSNewtonSolver: solve finished in 0.11s  res=1.522e-05
[07-02 12:03:20][DEBUG] jax_fem: CuDSSNewtonSolver: starting Newton loop
[07-02 12:03:20][DEBUG] jax_fem: DeviceProblem: computing Jacobian on device
[07-02 12:03:20][DEBUG] jax_fem: Function split_and_compute_cell took 0.0368 seconds
[07-02 12:03:20][DEBUG] jax_fem: CuDSSNewtonSolver: initial residual = 2.217e+08
[07-02 12:03:20][DEBUG] jax_fem: DeviceProblem: computing Jacobian on device
[07-02 12:03:20][DEBUG] jax_fem: Function split_and_compute_cell took 0.0258 seconds
[07-02 12:03:20][DEBUG] jax_fem: CuDSSNewtonSolver: iter=1  res=1.511e-05  rel=6.817e-14
[07-02 12:03:20][INFO] jax_fem: CuDSSNewtonSolver: solve finished in 0.10s  res=1.511e-05
[07-02 12:03:20][DEBUG] jax_fem: CuDSSNewtonSolver: starting Newton loop
[07-02 12:03:20][DEBUG] jax_fem: DeviceProblem: computing Jacobian on device
[07-02 12:03:20][DEBUG] jax_fem: Function split_and_compute_cell took 0.0535 seconds
[07-02 12:03:20][DEBUG] jax_fem: CuDSSNewtonSolver: initial residual = 2.211e+08
[07-02 12:03:20][DEBUG] jax_fem: DeviceProblem: computing Jacobian on device
[07-02 12:03:20][DEBUG] jax_fem: Function split_and_compute_cell took 0.0231 seconds
[07-02 12:03:20][DEBUG] jax_fem: CuDSSNewtonSolver: iter=1  res=1.608e-05  rel=7.273e-14
[07-02 12:03:20][INFO] jax_fem: CuDSSNewtonSolver: solve finished in 0.11s  res=1.608e-05
[07-02 12:03:21][DEBUG] jax_fem: CuDSSNewtonSolver: starting Newton loop
[07-02 12:03:21][DEBUG] jax_fem: DeviceProblem: computing Jacobian on device
[07-02 12:03:21][DEBUG] jax_fem: Function split_and_compute_cell took 0.0440 seconds
[07-02 12:03:21][DEBUG] jax_fem: CuDSSNewtonSolver: initial residual = 2.237e+08
[07-02 12:03:21][DEBUG] jax_fem: DeviceProblem: computing Jacobian on device
[07-02 12:03:21][DEBUG] jax_fem: Function split_and_compute_cell took 0.0358 seconds
[07-02 12:03:21][DEBUG] jax_fem: CuDSSNewtonSolver: iter=1  res=1.521e-05  rel=6.798e-14
[07-02 12:03:21][INFO] jax_fem: CuDSSNewtonSolver: solve finished in 0.12s  res=1.521e-05
[07-02 12:03:21][DEBUG] jax_fem: CuDSSNewtonSolver: starting Newton loop
[07-02 12:03:21][DEBUG] jax_fem: DeviceProblem: computing Jacobian on device
[07-02 12:03:21][DEBUG] jax_fem: Function split_and_compute_cell took 0.0387 seconds
[07-02 12:03:21][DEBUG] jax_fem: CuDSSNewtonSolver: initial residual = 2.223e+08
[07-02 12:03:21][DEBUG] jax_fem: DeviceProblem: computing Jacobian on device
[07-02 12:03:21][DEBUG] jax_fem: Function split_and_compute_cell took 0.0378 seconds
[07-02 12:03:21][DEBUG] jax_fem: CuDSSNewtonSolver: iter=1  res=1.321e-05  rel=5.939e-14
[07-02 12:03:21][INFO] jax_fem: CuDSSNewtonSolver: solve finished in 0.11s  res=1.321e-05
[07-02 12:03:23][DEBUG] jax_fem: CuDSSNewtonSolver: starting Newton loop
[07-02 12:03:23][DEBUG] jax_fem: DeviceProblem: computing Jacobian on device
[07-02 12:03:23][DEBUG] jax_fem: Function split_and_compute_cell took 0.0266 seconds
[07-02 12:03:23][DEBUG] jax_fem: CuDSSNewtonSolver: initial residual = 2.235e+08
[07-02 12:03:23][DEBUG] jax_fem: DeviceProblem: computing Jacobian on device
[07-02 12:03:23][DEBUG] jax_fem: Function split_and_compute_cell took 0.0270 seconds
[07-02 12:03:23][DEBUG] jax_fem: CuDSSNewtonSolver: iter=1  res=1.478e-05  rel=6.612e-14
[07-02 12:03:23][INFO] jax_fem: CuDSSNewtonSolver: solve finished in 0.09s  res=1.478e-05
[07-02 12:03:23][DEBUG] jax_fem: CuDSSNewtonSolver: starting Newton loop
[07-02 12:03:23][DEBUG] jax_fem: DeviceProblem: computing Jacobian on device
[07-02 12:03:23][DEBUG] jax_fem: Function split_and_compute_cell took 0.0254 seconds
[07-02 12:03:23][DEBUG] jax_fem: CuDSSNewtonSolver: initial residual = 2.217e+08
[07-02 12:03:23][DEBUG] jax_fem: DeviceProblem: computing Jacobian on device
[07-02 12:03:24][DEBUG] jax_fem: Function split_and_compute_cell took 0.0268 seconds
[07-02 12:03:24][DEBUG] jax_fem: CuDSSNewtonSolver: iter=1  res=1.711e-05  rel=7.721e-14
[07-02 12:03:24][INFO] jax_fem: CuDSSNewtonSolver: solve finished in 0.09s  res=1.711e-05
[07-02 12:03:24][DEBUG] jax_fem: CuDSSNewtonSolver: starting Newton loop
[07-02 12:03:24][DEBUG] jax_fem: DeviceProblem: computing Jacobian on device
[07-02 12:03:24][DEBUG] jax_fem: Function split_and_compute_cell took 0.0269 seconds
[07-02 12:03:24][DEBUG] jax_fem: CuDSSNewtonSolver: initial residual = 2.211e+08
[07-02 12:03:24][DEBUG] jax_fem: DeviceProblem: computing Jacobian on device
[07-02 12:03:24][DEBUG] jax_fem: Function split_and_compute_cell took 0.0271 seconds
[07-02 12:03:24][DEBUG] jax_fem: CuDSSNewtonSolver: iter=1  res=1.588e-05  rel=7.182e-14
[07-02 12:03:24][INFO] jax_fem: CuDSSNewtonSolver: solve finished in 0.09s  res=1.588e-05
[07-02 12:03:25][DEBUG] jax_fem: CuDSSNewtonSolver: starting Newton loop
[07-02 12:03:25][DEBUG] jax_fem: DeviceProblem: computing Jacobian on device
[07-02 12:03:25][DEBUG] jax_fem: Function split_and_compute_cell took 0.0273 seconds
[07-02 12:03:25][DEBUG] jax_fem: CuDSSNewtonSolver: initial residual = 2.237e+08
[07-02 12:03:25][DEBUG] jax_fem: DeviceProblem: computing Jacobian on device
[07-02 12:03:25][DEBUG] jax_fem: Function split_and_compute_cell took 0.0265 seconds
[07-02 12:03:25][DEBUG] jax_fem: CuDSSNewtonSolver: iter=1  res=1.499e-05  rel=6.702e-14
[07-02 12:03:25][INFO] jax_fem: CuDSSNewtonSolver: solve finished in 0.09s  res=1.499e-05
[07-02 12:03:25][DEBUG] jax_fem: CuDSSNewtonSolver: starting Newton loop
[07-02 12:03:25][DEBUG] jax_fem: DeviceProblem: computing Jacobian on device
[07-02 12:03:25][DEBUG] jax_fem: Function split_and_compute_cell took 0.0266 seconds
[07-02 12:03:25][DEBUG] jax_fem: CuDSSNewtonSolver: initial residual = 2.223e+08
[07-02 12:03:25][DEBUG] jax_fem: DeviceProblem: computing Jacobian on device
[07-02 12:03:25][DEBUG] jax_fem: Function split_and_compute_cell took 0.0272 seconds
[07-02 12:03:25][DEBUG] jax_fem: CuDSSNewtonSolver: iter=1  res=1.337e-05  rel=6.015e-14
[07-02 12:03:25][INFO] jax_fem: CuDSSNewtonSolver: solve finished in 0.09s  res=1.337e-05
[07-02 12:03:25][INFO] jax_fem: CuDSS backward: solving adjoint problem …
[07-02 12:03:25][DEBUG] jax_fem: DeviceProblem: computing Jacobian on device
[07-02 12:03:25][DEBUG] jax_fem: Function split_and_compute_cell took 0.0261 seconds
[07-02 12:03:25][DEBUG] jax_fem: Computing cell residual...
[07-02 12:03:26][DEBUG] jax_fem: Function split_and_compute_cell took 0.0664 seconds
[07-02 12:03:26][INFO] jax_fem: CuDSS backward: solving adjoint problem …
[07-02 12:03:26][DEBUG] jax_fem: DeviceProblem: computing Jacobian on device
[07-02 12:03:26][DEBUG] jax_fem: Function split_and_compute_cell took 0.0330 seconds
[07-02 12:03:26][DEBUG] jax_fem: Computing cell residual...
[07-02 12:03:26][DEBUG] jax_fem: Function split_and_compute_cell took 0.0671 seconds
[07-02 12:03:26][INFO] jax_fem: CuDSS backward: solving adjoint problem …
[07-02 12:03:26][DEBUG] jax_fem: DeviceProblem: computing Jacobian on device
[07-02 12:03:26][DEBUG] jax_fem: Function split_and_compute_cell took 0.0588 seconds
[07-02 12:03:26][DEBUG] jax_fem: Computing cell residual...
[07-02 12:03:26][DEBUG] jax_fem: Function split_and_compute_cell took 0.0634 seconds
[07-02 12:03:27][INFO] jax_fem: CuDSS backward: solving adjoint problem …
[07-02 12:03:27][DEBUG] jax_fem: DeviceProblem: computing Jacobian on device
[07-02 12:03:27][DEBUG] jax_fem: Function split_and_compute_cell took 0.0579 seconds
[07-02 12:03:27][DEBUG] jax_fem: Computing cell residual...
[07-02 12:03:27][DEBUG] jax_fem: Function split_and_compute_cell took 0.0653 seconds
[07-02 12:03:27][INFO] jax_fem: CuDSS backward: solving adjoint problem …
[07-02 12:03:27][DEBUG] jax_fem: DeviceProblem: computing Jacobian on device
[07-02 12:03:27][DEBUG] jax_fem: Function split_and_compute_cell took 0.0446 seconds
[07-02 12:03:27][DEBUG] jax_fem: Computing cell residual...
[07-02 12:03:27][DEBUG] jax_fem: Function split_and_compute_cell took 0.0601 seconds
[07-02 12:03:29][DEBUG] jax_fem: CuDSSNewtonSolver: starting Newton loop
[07-02 12:03:29][DEBUG] jax_fem: DeviceProblem: computing Jacobian on device
[07-02 12:03:29][DEBUG] jax_fem: Function split_and_compute_cell took 0.0573 seconds
[07-02 12:03:29][DEBUG] jax_fem: CuDSSNewtonSolver: initial residual = 2.235e+08
[07-02 12:03:29][DEBUG] jax_fem: DeviceProblem: computing Jacobian on device
[07-02 12:03:29][DEBUG] jax_fem: Function split_and_compute_cell took 0.0260 seconds
[07-02 12:03:29][DEBUG] jax_fem: CuDSSNewtonSolver: iter=1  res=1.501e-05  rel=6.715e-14
[07-02 12:03:29][INFO] jax_fem: CuDSSNewtonSolver: solve finished in 0.12s  res=1.501e-05
[07-02 12:03:29][DEBUG] jax_fem: CuDSSNewtonSolver: starting Newton loop
[07-02 12:03:29][DEBUG] jax_fem: DeviceProblem: computing Jacobian on device
[07-02 12:03:29][DEBUG] jax_fem: Function split_and_compute_cell took 0.0252 seconds
[07-02 12:03:29][DEBUG] jax_fem: CuDSSNewtonSolver: initial residual = 2.216e+08
[07-02 12:03:29][DEBUG] jax_fem: DeviceProblem: computing Jacobian on device
[07-02 12:03:29][DEBUG] jax_fem: Function split_and_compute_cell took 0.0334 seconds
[07-02 12:03:29][DEBUG] jax_fem: CuDSSNewtonSolver: iter=1  res=1.529e-05  rel=6.897e-14
[07-02 12:03:29][INFO] jax_fem: CuDSSNewtonSolver: solve finished in 0.10s  res=1.529e-05
[07-02 12:03:29][DEBUG] jax_fem: CuDSSNewtonSolver: starting Newton loop
[07-02 12:03:29][DEBUG] jax_fem: DeviceProblem: computing Jacobian on device
[07-02 12:03:29][DEBUG] jax_fem: Function split_and_compute_cell took 0.0242 seconds
[07-02 12:03:29][DEBUG] jax_fem: CuDSSNewtonSolver: initial residual = 2.211e+08
[07-02 12:03:29][DEBUG] jax_fem: DeviceProblem: computing Jacobian on device
[07-02 12:03:29][DEBUG] jax_fem: Function split_and_compute_cell took 0.0232 seconds
[07-02 12:03:29][DEBUG] jax_fem: CuDSSNewtonSolver: iter=1  res=1.682e-05  rel=7.610e-14
[07-02 12:03:29][INFO] jax_fem: CuDSSNewtonSolver: solve finished in 0.08s  res=1.682e-05
[07-02 12:03:30][DEBUG] jax_fem: CuDSSNewtonSolver: starting Newton loop
[07-02 12:03:30][DEBUG] jax_fem: DeviceProblem: computing Jacobian on device
[07-02 12:03:30][DEBUG] jax_fem: Function split_and_compute_cell took 0.0599 seconds
[07-02 12:03:30][DEBUG] jax_fem: CuDSSNewtonSolver: initial residual = 2.236e+08
[07-02 12:03:30][DEBUG] jax_fem: DeviceProblem: computing Jacobian on device
[07-02 12:03:30][DEBUG] jax_fem: Function split_and_compute_cell took 0.0450 seconds
[07-02 12:03:30][DEBUG] jax_fem: CuDSSNewtonSolver: iter=1  res=1.495e-05  rel=6.685e-14
[07-02 12:03:30][INFO] jax_fem: CuDSSNewtonSolver: solve finished in 0.14s  res=1.495e-05
[07-02 12:03:30][DEBUG] jax_fem: CuDSSNewtonSolver: starting Newton loop
[07-02 12:03:30][DEBUG] jax_fem: DeviceProblem: computing Jacobian on device
[07-02 12:03:30][DEBUG] jax_fem: Function split_and_compute_cell took 0.0418 seconds
[07-02 12:03:30][DEBUG] jax_fem: CuDSSNewtonSolver: initial residual = 2.223e+08
[07-02 12:03:30][DEBUG] jax_fem: DeviceProblem: computing Jacobian on device
[07-02 12:03:30][DEBUG] jax_fem: Function split_and_compute_cell took 0.0446 seconds
[07-02 12:03:30][DEBUG] jax_fem: CuDSSNewtonSolver: iter=1  res=1.317e-05  rel=5.922e-14
[07-02 12:03:30][INFO] jax_fem: CuDSSNewtonSolver: solve finished in 0.13s  res=1.317e-05
[07-02 12:03:32][DEBUG] jax_fem: CuDSSNewtonSolver: starting Newton loop
[07-02 12:03:32][DEBUG] jax_fem: DeviceProblem: computing Jacobian on device
[07-02 12:03:32][DEBUG] jax_fem: Function split_and_compute_cell took 0.0259 seconds
[07-02 12:03:32][DEBUG] jax_fem: CuDSSNewtonSolver: initial residual = 2.235e+08
[07-02 12:03:32][DEBUG] jax_fem: DeviceProblem: computing Jacobian on device
[07-02 12:03:32][DEBUG] jax_fem: Function split_and_compute_cell took 0.0260 seconds
[07-02 12:03:32][DEBUG] jax_fem: CuDSSNewtonSolver: iter=1  res=1.567e-05  rel=7.011e-14
[07-02 12:03:32][INFO] jax_fem: CuDSSNewtonSolver: solve finished in 0.09s  res=1.567e-05
[07-02 12:03:33][DEBUG] jax_fem: CuDSSNewtonSolver: starting Newton loop
[07-02 12:03:33][DEBUG] jax_fem: DeviceProblem: computing Jacobian on device
[07-02 12:03:33][DEBUG] jax_fem: Function split_and_compute_cell took 0.0278 seconds
[07-02 12:03:33][DEBUG] jax_fem: CuDSSNewtonSolver: initial residual = 2.216e+08
[07-02 12:03:33][DEBUG] jax_fem: DeviceProblem: computing Jacobian on device
[07-02 12:03:33][DEBUG] jax_fem: Function split_and_compute_cell took 0.0279 seconds
[07-02 12:03:33][DEBUG] jax_fem: CuDSSNewtonSolver: iter=1  res=1.540e-05  rel=6.949e-14
[07-02 12:03:33][INFO] jax_fem: CuDSSNewtonSolver: solve finished in 0.09s  res=1.540e-05
[07-02 12:03:33][DEBUG] jax_fem: CuDSSNewtonSolver: starting Newton loop
[07-02 12:03:33][DEBUG] jax_fem: DeviceProblem: computing Jacobian on device
[07-02 12:03:33][DEBUG] jax_fem: Function split_and_compute_cell took 0.0278 seconds
[07-02 12:03:33][DEBUG] jax_fem: CuDSSNewtonSolver: initial residual = 2.211e+08
[07-02 12:03:33][DEBUG] jax_fem: DeviceProblem: computing Jacobian on device
[07-02 12:03:33][DEBUG] jax_fem: Function split_and_compute_cell took 0.0265 seconds
[07-02 12:03:33][DEBUG] jax_fem: CuDSSNewtonSolver: iter=1  res=1.654e-05  rel=7.482e-14
[07-02 12:03:33][INFO] jax_fem: CuDSSNewtonSolver: solve finished in 0.09s  res=1.654e-05
[07-02 12:03:34][DEBUG] jax_fem: CuDSSNewtonSolver: starting Newton loop
[07-02 12:03:34][DEBUG] jax_fem: DeviceProblem: computing Jacobian on device
[07-02 12:03:34][DEBUG] jax_fem: Function split_and_compute_cell took 0.0262 seconds
[07-02 12:03:34][DEBUG] jax_fem: CuDSSNewtonSolver: initial residual = 2.236e+08
[07-02 12:03:34][DEBUG] jax_fem: DeviceProblem: computing Jacobian on device
[07-02 12:03:34][DEBUG] jax_fem: Function split_and_compute_cell took 0.0257 seconds
[07-02 12:03:34][DEBUG] jax_fem: CuDSSNewtonSolver: iter=1  res=1.407e-05  rel=6.292e-14
[07-02 12:03:34][INFO] jax_fem: CuDSSNewtonSolver: solve finished in 0.09s  res=1.407e-05
[07-02 12:03:34][DEBUG] jax_fem: CuDSSNewtonSolver: starting Newton loop
[07-02 12:03:34][DEBUG] jax_fem: DeviceProblem: computing Jacobian on device
[07-02 12:03:34][DEBUG] jax_fem: Function split_and_compute_cell took 0.0259 seconds
[07-02 12:03:34][DEBUG] jax_fem: CuDSSNewtonSolver: initial residual = 2.223e+08
[07-02 12:03:34][DEBUG] jax_fem: DeviceProblem: computing Jacobian on device
[07-02 12:03:34][DEBUG] jax_fem: Function split_and_compute_cell took 0.0272 seconds
[07-02 12:03:34][DEBUG] jax_fem: CuDSSNewtonSolver: iter=1  res=1.322e-05  rel=5.946e-14
[07-02 12:03:34][INFO] jax_fem: CuDSSNewtonSolver: solve finished in 0.09s  res=1.322e-05
[07-02 12:03:35][INFO] jax_fem: CuDSS backward: solving adjoint problem …
[07-02 12:03:35][DEBUG] jax_fem: DeviceProblem: computing Jacobian on device
[07-02 12:03:35][DEBUG] jax_fem: Function split_and_compute_cell took 0.0371 seconds
[07-02 12:03:35][DEBUG] jax_fem: Computing cell residual...
[07-02 12:03:35][DEBUG] jax_fem: Function split_and_compute_cell took 0.0726 seconds
[07-02 12:03:35][INFO] jax_fem: CuDSS backward: solving adjoint problem …
[07-02 12:03:35][DEBUG] jax_fem: DeviceProblem: computing Jacobian on device
[07-02 12:03:35][DEBUG] jax_fem: Function split_and_compute_cell took 0.0395 seconds
[07-02 12:03:35][DEBUG] jax_fem: Computing cell residual...
[07-02 12:03:35][DEBUG] jax_fem: Function split_and_compute_cell took 0.0720 seconds
[07-02 12:03:35][INFO] jax_fem: CuDSS backward: solving adjoint problem …
[07-02 12:03:35][DEBUG] jax_fem: DeviceProblem: computing Jacobian on device
[07-02 12:03:35][DEBUG] jax_fem: Function split_and_compute_cell took 0.0397 seconds
[07-02 12:03:35][DEBUG] jax_fem: Computing cell residual...
[07-02 12:03:35][DEBUG] jax_fem: Function split_and_compute_cell took 0.0583 seconds
[07-02 12:03:36][INFO] jax_fem: CuDSS backward: solving adjoint problem …
[07-02 12:03:36][DEBUG] jax_fem: DeviceProblem: computing Jacobian on device
[07-02 12:03:36][DEBUG] jax_fem: Function split_and_compute_cell took 0.0376 seconds
[07-02 12:03:36][DEBUG] jax_fem: Computing cell residual...
[07-02 12:03:36][DEBUG] jax_fem: Function split_and_compute_cell took 0.0556 seconds
[07-02 12:03:36][INFO] jax_fem: CuDSS backward: solving adjoint problem …
[07-02 12:03:36][DEBUG] jax_fem: DeviceProblem: computing Jacobian on device
[07-02 12:03:36][DEBUG] jax_fem: Function split_and_compute_cell took 0.0280 seconds
[07-02 12:03:36][DEBUG] jax_fem: Computing cell residual...
[07-02 12:03:36][DEBUG] jax_fem: Function split_and_compute_cell took 0.0560 seconds
[07-02 12:03:38][DEBUG] jax_fem: CuDSSNewtonSolver: starting Newton loop
[07-02 12:03:38][DEBUG] jax_fem: DeviceProblem: computing Jacobian on device
[07-02 12:03:38][DEBUG] jax_fem: Function split_and_compute_cell took 0.0295 seconds
[07-02 12:03:38][DEBUG] jax_fem: CuDSSNewtonSolver: initial residual = 2.235e+08
[07-02 12:03:38][DEBUG] jax_fem: DeviceProblem: computing Jacobian on device
[07-02 12:03:38][DEBUG] jax_fem: Function split_and_compute_cell took 0.0369 seconds
[07-02 12:03:38][DEBUG] jax_fem: CuDSSNewtonSolver: iter=1  res=1.581e-05  rel=7.073e-14
[07-02 12:03:38][INFO] jax_fem: CuDSSNewtonSolver: solve finished in 0.11s  res=1.581e-05
[07-02 12:03:38][DEBUG] jax_fem: CuDSSNewtonSolver: starting Newton loop
[07-02 12:03:38][DEBUG] jax_fem: DeviceProblem: computing Jacobian on device
[07-02 12:03:38][DEBUG] jax_fem: Function split_and_compute_cell took 0.0319 seconds
[07-02 12:03:38][DEBUG] jax_fem: CuDSSNewtonSolver: initial residual = 2.216e+08
[07-02 12:03:38][DEBUG] jax_fem: DeviceProblem: computing Jacobian on device
[07-02 12:03:38][DEBUG] jax_fem: Function split_and_compute_cell took 0.0386 seconds
[07-02 12:03:38][DEBUG] jax_fem: CuDSSNewtonSolver: iter=1  res=1.533e-05  rel=6.918e-14
[07-02 12:03:38][INFO] jax_fem: CuDSSNewtonSolver: solve finished in 0.11s  res=1.533e-05
[07-02 12:03:38][DEBUG] jax_fem: CuDSSNewtonSolver: starting Newton loop
[07-02 12:03:38][DEBUG] jax_fem: DeviceProblem: computing Jacobian on device
[07-02 12:03:39][DEBUG] jax_fem: Function split_and_compute_cell took 0.0439 seconds
[07-02 12:03:39][DEBUG] jax_fem: CuDSSNewtonSolver: initial residual = 2.210e+08
[07-02 12:03:39][DEBUG] jax_fem: DeviceProblem: computing Jacobian on device
[07-02 12:03:39][DEBUG] jax_fem: Function split_and_compute_cell took 0.0480 seconds
[07-02 12:03:39][DEBUG] jax_fem: CuDSSNewtonSolver: iter=1  res=1.581e-05  rel=7.153e-14
[07-02 12:03:39][INFO] jax_fem: CuDSSNewtonSolver: solve finished in 0.13s  res=1.581e-05
[07-02 12:03:39][DEBUG] jax_fem: CuDSSNewtonSolver: starting Newton loop
[07-02 12:03:39][DEBUG] jax_fem: DeviceProblem: computing Jacobian on device
[07-02 12:03:39][DEBUG] jax_fem: Function split_and_compute_cell took 0.0449 seconds
[07-02 12:03:39][DEBUG] jax_fem: CuDSSNewtonSolver: initial residual = 2.236e+08
[07-02 12:03:39][DEBUG] jax_fem: DeviceProblem: computing Jacobian on device
[07-02 12:03:39][DEBUG] jax_fem: Function split_and_compute_cell took 0.0376 seconds
[07-02 12:03:39][DEBUG] jax_fem: CuDSSNewtonSolver: iter=1  res=1.455e-05  rel=6.504e-14
[07-02 12:03:39][INFO] jax_fem: CuDSSNewtonSolver: solve finished in 0.12s  res=1.455e-05
[07-02 12:03:39][DEBUG] jax_fem: CuDSSNewtonSolver: starting Newton loop
[07-02 12:03:39][DEBUG] jax_fem: DeviceProblem: computing Jacobian on device
[07-02 12:03:39][DEBUG] jax_fem: Function split_and_compute_cell took 0.0275 seconds
[07-02 12:03:39][DEBUG] jax_fem: CuDSSNewtonSolver: initial residual = 2.223e+08
[07-02 12:03:39][DEBUG] jax_fem: DeviceProblem: computing Jacobian on device
[07-02 12:03:39][DEBUG] jax_fem: Function split_and_compute_cell took 0.0317 seconds
[07-02 12:03:39][DEBUG] jax_fem: CuDSSNewtonSolver: iter=1  res=1.293e-05  rel=5.818e-14
[07-02 12:03:39][INFO] jax_fem: CuDSSNewtonSolver: solve finished in 0.10s  res=1.293e-05
[07-02 12:03:41][DEBUG] jax_fem: CuDSSNewtonSolver: starting Newton loop
[07-02 12:03:41][DEBUG] jax_fem: DeviceProblem: computing Jacobian on device
[07-02 12:03:41][DEBUG] jax_fem: Function split_and_compute_cell took 0.0263 seconds
[07-02 12:03:41][DEBUG] jax_fem: CuDSSNewtonSolver: initial residual = 2.235e+08
[07-02 12:03:41][DEBUG] jax_fem: DeviceProblem: computing Jacobian on device
[07-02 12:03:41][DEBUG] jax_fem: Function split_and_compute_cell took 0.0261 seconds
[07-02 12:03:41][DEBUG] jax_fem: CuDSSNewtonSolver: iter=1  res=1.567e-05  rel=7.011e-14
[07-02 12:03:41][INFO] jax_fem: CuDSSNewtonSolver: solve finished in 0.09s  res=1.567e-05
[07-02 12:03:41][DEBUG] jax_fem: CuDSSNewtonSolver: starting Newton loop
[07-02 12:03:41][DEBUG] jax_fem: DeviceProblem: computing Jacobian on device
[07-02 12:03:42][DEBUG] jax_fem: Function split_and_compute_cell took 0.0259 seconds
[07-02 12:03:42][DEBUG] jax_fem: CuDSSNewtonSolver: initial residual = 2.216e+08
[07-02 12:03:42][DEBUG] jax_fem: DeviceProblem: computing Jacobian on device
[07-02 12:03:42][DEBUG] jax_fem: Function split_and_compute_cell took 0.0270 seconds
[07-02 12:03:42][DEBUG] jax_fem: CuDSSNewtonSolver: iter=1  res=1.465e-05  rel=6.609e-14
[07-02 12:03:42][INFO] jax_fem: CuDSSNewtonSolver: solve finished in 0.09s  res=1.465e-05
[07-02 12:03:42][DEBUG] jax_fem: CuDSSNewtonSolver: starting Newton loop
[07-02 12:03:42][DEBUG] jax_fem: DeviceProblem: computing Jacobian on device
[07-02 12:03:42][DEBUG] jax_fem: Function split_and_compute_cell took 0.0276 seconds
[07-02 12:03:42][DEBUG] jax_fem: CuDSSNewtonSolver: initial residual = 2.210e+08
[07-02 12:03:42][DEBUG] jax_fem: DeviceProblem: computing Jacobian on device
[07-02 12:03:42][DEBUG] jax_fem: Function split_and_compute_cell took 0.0269 seconds
[07-02 12:03:42][DEBUG] jax_fem: CuDSSNewtonSolver: iter=1  res=1.622e-05  rel=7.339e-14
[07-02 12:03:42][INFO] jax_fem: CuDSSNewtonSolver: solve finished in 0.09s  res=1.622e-05
[07-02 12:03:43][DEBUG] jax_fem: CuDSSNewtonSolver: starting Newton loop
[07-02 12:03:43][DEBUG] jax_fem: DeviceProblem: computing Jacobian on device
[07-02 12:03:43][DEBUG] jax_fem: Function split_and_compute_cell took 0.0269 seconds
[07-02 12:03:43][DEBUG] jax_fem: CuDSSNewtonSolver: initial residual = 2.236e+08
[07-02 12:03:43][DEBUG] jax_fem: DeviceProblem: computing Jacobian on device
[07-02 12:03:43][DEBUG] jax_fem: Function split_and_compute_cell took 0.0266 seconds
[07-02 12:03:43][DEBUG] jax_fem: CuDSSNewtonSolver: iter=1  res=1.493e-05  rel=6.677e-14
[07-02 12:03:43][INFO] jax_fem: CuDSSNewtonSolver: solve finished in 0.09s  res=1.493e-05
[07-02 12:03:43][DEBUG] jax_fem: CuDSSNewtonSolver: starting Newton loop
[07-02 12:03:43][DEBUG] jax_fem: DeviceProblem: computing Jacobian on device
[07-02 12:03:43][DEBUG] jax_fem: Function split_and_compute_cell took 0.0265 seconds
[07-02 12:03:43][DEBUG] jax_fem: CuDSSNewtonSolver: initial residual = 2.223e+08
[07-02 12:03:43][DEBUG] jax_fem: DeviceProblem: computing Jacobian on device
[07-02 12:03:44][DEBUG] jax_fem: Function split_and_compute_cell took 0.0276 seconds
[07-02 12:03:44][DEBUG] jax_fem: CuDSSNewtonSolver: iter=1  res=1.301e-05  rel=5.853e-14
[07-02 12:03:44][INFO] jax_fem: CuDSSNewtonSolver: solve finished in 0.09s  res=1.301e-05
[07-02 12:03:44][INFO] jax_fem: CuDSS backward: solving adjoint problem …
[07-02 12:03:44][DEBUG] jax_fem: DeviceProblem: computing Jacobian on device
[07-02 12:03:44][DEBUG] jax_fem: Function split_and_compute_cell took 0.0382 seconds
[07-02 12:03:44][DEBUG] jax_fem: Computing cell residual...
[07-02 12:03:44][DEBUG] jax_fem: Function split_and_compute_cell took 0.0561 seconds
[07-02 12:03:44][INFO] jax_fem: CuDSS backward: solving adjoint problem …
[07-02 12:03:44][DEBUG] jax_fem: DeviceProblem: computing Jacobian on device
[07-02 12:03:44][DEBUG] jax_fem: Function split_and_compute_cell took 0.0256 seconds
[07-02 12:03:44][DEBUG] jax_fem: Computing cell residual...
[07-02 12:03:44][DEBUG] jax_fem: Function split_and_compute_cell took 0.0629 seconds
[07-02 12:03:44][INFO] jax_fem: CuDSS backward: solving adjoint problem …
[07-02 12:03:44][DEBUG] jax_fem: DeviceProblem: computing Jacobian on device
[07-02 12:03:44][DEBUG] jax_fem: Function split_and_compute_cell took 0.0274 seconds
[07-02 12:03:44][DEBUG] jax_fem: Computing cell residual...
[07-02 12:03:44][DEBUG] jax_fem: Function split_and_compute_cell took 0.0598 seconds
[07-02 12:03:45][INFO] jax_fem: CuDSS backward: solving adjoint problem …
[07-02 12:03:45][DEBUG] jax_fem: DeviceProblem: computing Jacobian on device
[07-02 12:03:45][DEBUG] jax_fem: Function split_and_compute_cell took 0.0366 seconds
[07-02 12:03:45][DEBUG] jax_fem: Computing cell residual...
[07-02 12:03:45][DEBUG] jax_fem: Function split_and_compute_cell took 0.0669 seconds
[07-02 12:03:45][INFO] jax_fem: CuDSS backward: solving adjoint problem …
[07-02 12:03:45][DEBUG] jax_fem: DeviceProblem: computing Jacobian on device
[07-02 12:03:45][DEBUG] jax_fem: Function split_and_compute_cell took 0.0237 seconds
[07-02 12:03:45][DEBUG] jax_fem: Computing cell residual...
[07-02 12:03:45][DEBUG] jax_fem: Function split_and_compute_cell took 0.0666 seconds
[07-02 12:03:47][DEBUG] jax_fem: CuDSSNewtonSolver: starting Newton loop
[07-02 12:03:47][DEBUG] jax_fem: DeviceProblem: computing Jacobian on device
[07-02 12:03:47][DEBUG] jax_fem: Function split_and_compute_cell took 0.0336 seconds
[07-02 12:03:47][DEBUG] jax_fem: CuDSSNewtonSolver: initial residual = 2.235e+08
[07-02 12:03:47][DEBUG] jax_fem: DeviceProblem: computing Jacobian on device
[07-02 12:03:47][DEBUG] jax_fem: Function split_and_compute_cell took 0.0297 seconds
[07-02 12:03:47][DEBUG] jax_fem: CuDSSNewtonSolver: iter=1  res=1.407e-05  rel=6.295e-14
[07-02 12:03:47][INFO] jax_fem: CuDSSNewtonSolver: solve finished in 0.11s  res=1.407e-05
[07-02 12:03:47][DEBUG] jax_fem: CuDSSNewtonSolver: starting Newton loop
[07-02 12:03:47][DEBUG] jax_fem: DeviceProblem: computing Jacobian on device
[07-02 12:03:47][DEBUG] jax_fem: Function split_and_compute_cell took 0.0260 seconds
[07-02 12:03:47][DEBUG] jax_fem: CuDSSNewtonSolver: initial residual = 2.216e+08
[07-02 12:03:47][DEBUG] jax_fem: DeviceProblem: computing Jacobian on device
[07-02 12:03:47][DEBUG] jax_fem: Function split_and_compute_cell took 0.0500 seconds
[07-02 12:03:47][DEBUG] jax_fem: CuDSSNewtonSolver: iter=1  res=1.520e-05  rel=6.857e-14
[07-02 12:03:47][INFO] jax_fem: CuDSSNewtonSolver: solve finished in 0.11s  res=1.520e-05
[07-02 12:03:47][DEBUG] jax_fem: CuDSSNewtonSolver: starting Newton loop
[07-02 12:03:47][DEBUG] jax_fem: DeviceProblem: computing Jacobian on device
[07-02 12:03:47][DEBUG] jax_fem: Function split_and_compute_cell took 0.0260 seconds
[07-02 12:03:47][DEBUG] jax_fem: CuDSSNewtonSolver: initial residual = 2.211e+08
[07-02 12:03:47][DEBUG] jax_fem: DeviceProblem: computing Jacobian on device
[07-02 12:03:48][DEBUG] jax_fem: Function split_and_compute_cell took 0.0381 seconds
[07-02 12:03:48][DEBUG] jax_fem: CuDSSNewtonSolver: iter=1  res=1.547e-05  rel=6.998e-14
[07-02 12:03:48][INFO] jax_fem: CuDSSNewtonSolver: solve finished in 0.10s  res=1.547e-05
[07-02 12:03:48][DEBUG] jax_fem: CuDSSNewtonSolver: starting Newton loop
[07-02 12:03:48][DEBUG] jax_fem: DeviceProblem: computing Jacobian on device
[07-02 12:03:48][DEBUG] jax_fem: Function split_and_compute_cell took 0.0239 seconds
[07-02 12:03:48][DEBUG] jax_fem: CuDSSNewtonSolver: initial residual = 2.236e+08
[07-02 12:03:48][DEBUG] jax_fem: DeviceProblem: computing Jacobian on device
[07-02 12:03:48][DEBUG] jax_fem: Function split_and_compute_cell took 0.0537 seconds
[07-02 12:03:48][DEBUG] jax_fem: CuDSSNewtonSolver: iter=1  res=1.471e-05  rel=6.578e-14
[07-02 12:03:48][INFO] jax_fem: CuDSSNewtonSolver: solve finished in 0.12s  res=1.471e-05
[07-02 12:03:48][DEBUG] jax_fem: CuDSSNewtonSolver: starting Newton loop
[07-02 12:03:48][DEBUG] jax_fem: DeviceProblem: computing Jacobian on device
[07-02 12:03:48][DEBUG] jax_fem: Function split_and_compute_cell took 0.0327 seconds
[07-02 12:03:48][DEBUG] jax_fem: CuDSSNewtonSolver: initial residual = 2.223e+08
[07-02 12:03:48][DEBUG] jax_fem: DeviceProblem: computing Jacobian on device
[07-02 12:03:48][DEBUG] jax_fem: Function split_and_compute_cell took 0.0278 seconds
[07-02 12:03:48][DEBUG] jax_fem: CuDSSNewtonSolver: iter=1  res=1.353e-05  rel=6.084e-14
[07-02 12:03:48][INFO] jax_fem: CuDSSNewtonSolver: solve finished in 0.10s  res=1.353e-05
[07-02 12:03:50][DEBUG] jax_fem: CuDSSNewtonSolver: starting Newton loop
[07-02 12:03:50][DEBUG] jax_fem: DeviceProblem: computing Jacobian on device
[07-02 12:03:50][DEBUG] jax_fem: Function split_and_compute_cell took 0.0265 seconds
[07-02 12:03:50][DEBUG] jax_fem: CuDSSNewtonSolver: initial residual = 2.235e+08
[07-02 12:03:50][DEBUG] jax_fem: DeviceProblem: computing Jacobian on device
[07-02 12:03:50][DEBUG] jax_fem: Function split_and_compute_cell took 0.0275 seconds
[07-02 12:03:50][DEBUG] jax_fem: CuDSSNewtonSolver: iter=1  res=1.595e-05  rel=7.135e-14
[07-02 12:03:50][INFO] jax_fem: CuDSSNewtonSolver: solve finished in 0.09s  res=1.595e-05
[07-02 12:03:50][DEBUG] jax_fem: CuDSSNewtonSolver: starting Newton loop
[07-02 12:03:50][DEBUG] jax_fem: DeviceProblem: computing Jacobian on device
[07-02 12:03:50][DEBUG] jax_fem: Function split_and_compute_cell took 0.0264 seconds
[07-02 12:03:50][DEBUG] jax_fem: CuDSSNewtonSolver: initial residual = 2.216e+08
[07-02 12:03:50][DEBUG] jax_fem: DeviceProblem: computing Jacobian on device
[07-02 12:03:51][DEBUG] jax_fem: Function split_and_compute_cell took 0.0266 seconds
[07-02 12:03:51][DEBUG] jax_fem: CuDSSNewtonSolver: iter=1  res=1.522e-05  rel=6.865e-14
[07-02 12:03:51][INFO] jax_fem: CuDSSNewtonSolver: solve finished in 0.09s  res=1.522e-05
[07-02 12:03:51][DEBUG] jax_fem: CuDSSNewtonSolver: starting Newton loop
[07-02 12:03:51][DEBUG] jax_fem: DeviceProblem: computing Jacobian on device
[07-02 12:03:51][DEBUG] jax_fem: Function split_and_compute_cell took 0.0268 seconds
[07-02 12:03:51][DEBUG] jax_fem: CuDSSNewtonSolver: initial residual = 2.211e+08
[07-02 12:03:51][DEBUG] jax_fem: DeviceProblem: computing Jacobian on device
[07-02 12:03:51][DEBUG] jax_fem: Function split_and_compute_cell took 0.0264 seconds
[07-02 12:03:51][DEBUG] jax_fem: CuDSSNewtonSolver: iter=1  res=1.648e-05  rel=7.455e-14
[07-02 12:03:51][INFO] jax_fem: CuDSSNewtonSolver: solve finished in 0.09s  res=1.648e-05
[07-02 12:03:52][DEBUG] jax_fem: CuDSSNewtonSolver: starting Newton loop
[07-02 12:03:52][DEBUG] jax_fem: DeviceProblem: computing Jacobian on device
[07-02 12:03:52][DEBUG] jax_fem: Function split_and_compute_cell took 0.0275 seconds
[07-02 12:03:52][DEBUG] jax_fem: CuDSSNewtonSolver: initial residual = 2.236e+08
[07-02 12:03:52][DEBUG] jax_fem: DeviceProblem: computing Jacobian on device
[07-02 12:03:52][DEBUG] jax_fem: Function split_and_compute_cell took 0.0263 seconds
[07-02 12:03:52][DEBUG] jax_fem: CuDSSNewtonSolver: iter=1  res=1.533e-05  rel=6.853e-14
[07-02 12:03:52][INFO] jax_fem: CuDSSNewtonSolver: solve finished in 0.09s  res=1.533e-05
[07-02 12:03:52][DEBUG] jax_fem: CuDSSNewtonSolver: starting Newton loop
[07-02 12:03:52][DEBUG] jax_fem: DeviceProblem: computing Jacobian on device
[07-02 12:03:52][DEBUG] jax_fem: Function split_and_compute_cell took 0.0272 seconds
[07-02 12:03:52][DEBUG] jax_fem: CuDSSNewtonSolver: initial residual = 2.223e+08
[07-02 12:03:52][DEBUG] jax_fem: DeviceProblem: computing Jacobian on device
[07-02 12:03:52][DEBUG] jax_fem: Function split_and_compute_cell took 0.0261 seconds
[07-02 12:03:52][DEBUG] jax_fem: CuDSSNewtonSolver: iter=1  res=1.284e-05  rel=5.777e-14
[07-02 12:03:52][INFO] jax_fem: CuDSSNewtonSolver: solve finished in 0.09s  res=1.284e-05
[07-02 12:03:52][INFO] jax_fem: CuDSS backward: solving adjoint problem …
[07-02 12:03:52][DEBUG] jax_fem: DeviceProblem: computing Jacobian on device
[07-02 12:03:52][DEBUG] jax_fem: Function split_and_compute_cell took 0.0471 seconds
[07-02 12:03:52][DEBUG] jax_fem: Computing cell residual...
[07-02 12:03:53][DEBUG] jax_fem: Function split_and_compute_cell took 0.0627 seconds
[07-02 12:03:53][INFO] jax_fem: CuDSS backward: solving adjoint problem …
[07-02 12:03:53][DEBUG] jax_fem: DeviceProblem: computing Jacobian on device
[07-02 12:03:53][DEBUG] jax_fem: Function split_and_compute_cell took 0.0299 seconds
[07-02 12:03:53][DEBUG] jax_fem: Computing cell residual...
[07-02 12:03:53][DEBUG] jax_fem: Function split_and_compute_cell took 0.0637 seconds
[07-02 12:03:53][INFO] jax_fem: CuDSS backward: solving adjoint problem …
[07-02 12:03:53][DEBUG] jax_fem: DeviceProblem: computing Jacobian on device
[07-02 12:03:53][DEBUG] jax_fem: Function split_and_compute_cell took 0.0363 seconds
[07-02 12:03:53][DEBUG] jax_fem: Computing cell residual...
[07-02 12:03:53][DEBUG] jax_fem: Function split_and_compute_cell took 0.0637 seconds
[07-02 12:03:54][INFO] jax_fem: CuDSS backward: solving adjoint problem …
[07-02 12:03:54][DEBUG] jax_fem: DeviceProblem: computing Jacobian on device
[07-02 12:03:54][DEBUG] jax_fem: Function split_and_compute_cell took 0.0274 seconds
[07-02 12:03:54][DEBUG] jax_fem: Computing cell residual...
[07-02 12:03:54][DEBUG] jax_fem: Function split_and_compute_cell took 0.0539 seconds
[07-02 12:03:54][INFO] jax_fem: CuDSS backward: solving adjoint problem …
[07-02 12:03:54][DEBUG] jax_fem: DeviceProblem: computing Jacobian on device
[07-02 12:03:54][DEBUG] jax_fem: Function split_and_compute_cell took 0.0442 seconds
[07-02 12:03:54][DEBUG] jax_fem: Computing cell residual...
[07-02 12:03:54][DEBUG] jax_fem: Function split_and_compute_cell took 0.0552 seconds
[07-02 12:03:56][DEBUG] jax_fem: CuDSSNewtonSolver: starting Newton loop
[07-02 12:03:56][DEBUG] jax_fem: DeviceProblem: computing Jacobian on device
[07-02 12:03:56][DEBUG] jax_fem: Function split_and_compute_cell took 0.0405 seconds
[07-02 12:03:56][DEBUG] jax_fem: CuDSSNewtonSolver: initial residual = 2.235e+08
[07-02 12:03:56][DEBUG] jax_fem: DeviceProblem: computing Jacobian on device
[07-02 12:03:56][DEBUG] jax_fem: Function split_and_compute_cell took 0.0410 seconds
[07-02 12:03:56][DEBUG] jax_fem: CuDSSNewtonSolver: iter=1  res=1.540e-05  rel=6.889e-14
[07-02 12:03:56][INFO] jax_fem: CuDSSNewtonSolver: solve finished in 0.12s  res=1.540e-05
[07-02 12:03:56][DEBUG] jax_fem: CuDSSNewtonSolver: starting Newton loop
[07-02 12:03:56][DEBUG] jax_fem: DeviceProblem: computing Jacobian on device
[07-02 12:03:56][DEBUG] jax_fem: Function split_and_compute_cell took 0.0339 seconds
[07-02 12:03:56][DEBUG] jax_fem: CuDSSNewtonSolver: initial residual = 2.216e+08
[07-02 12:03:56][DEBUG] jax_fem: DeviceProblem: computing Jacobian on device
[07-02 12:03:56][DEBUG] jax_fem: Function split_and_compute_cell took 0.0271 seconds
[07-02 12:03:56][DEBUG] jax_fem: CuDSSNewtonSolver: iter=1  res=1.503e-05  rel=6.781e-14
[07-02 12:03:56][INFO] jax_fem: CuDSSNewtonSolver: solve finished in 0.10s  res=1.503e-05
[07-02 12:03:56][DEBUG] jax_fem: CuDSSNewtonSolver: starting Newton loop
[07-02 12:03:56][DEBUG] jax_fem: DeviceProblem: computing Jacobian on device
[07-02 12:03:56][DEBUG] jax_fem: Function split_and_compute_cell took 0.0289 seconds
[07-02 12:03:56][DEBUG] jax_fem: CuDSSNewtonSolver: initial residual = 2.211e+08
[07-02 12:03:56][DEBUG] jax_fem: DeviceProblem: computing Jacobian on device
[07-02 12:03:56][DEBUG] jax_fem: Function split_and_compute_cell took 0.0395 seconds
[07-02 12:03:56][DEBUG] jax_fem: CuDSSNewtonSolver: iter=1  res=1.599e-05  rel=7.236e-14
[07-02 12:03:56][INFO] jax_fem: CuDSSNewtonSolver: solve finished in 0.10s  res=1.599e-05
[07-02 12:03:57][DEBUG] jax_fem: CuDSSNewtonSolver: starting Newton loop
[07-02 12:03:57][DEBUG] jax_fem: DeviceProblem: computing Jacobian on device
[07-02 12:03:57][DEBUG] jax_fem: Function split_and_compute_cell took 0.0369 seconds
[07-02 12:03:57][DEBUG] jax_fem: CuDSSNewtonSolver: initial residual = 2.236e+08
[07-02 12:03:57][DEBUG] jax_fem: DeviceProblem: computing Jacobian on device
[07-02 12:03:57][DEBUG] jax_fem: Function split_and_compute_cell took 0.0425 seconds
[07-02 12:03:57][DEBUG] jax_fem: CuDSSNewtonSolver: iter=1  res=1.578e-05  rel=7.056e-14
[07-02 12:03:57][INFO] jax_fem: CuDSSNewtonSolver: solve finished in 0.12s  res=1.578e-05
[07-02 12:03:57][DEBUG] jax_fem: CuDSSNewtonSolver: starting Newton loop
[07-02 12:03:57][DEBUG] jax_fem: DeviceProblem: computing Jacobian on device
[07-02 12:03:57][DEBUG] jax_fem: Function split_and_compute_cell took 0.0395 seconds
[07-02 12:03:57][DEBUG] jax_fem: CuDSSNewtonSolver: initial residual = 2.223e+08
[07-02 12:03:57][DEBUG] jax_fem: DeviceProblem: computing Jacobian on device
[07-02 12:03:57][DEBUG] jax_fem: Function split_and_compute_cell took 0.0338 seconds
[07-02 12:03:57][DEBUG] jax_fem: CuDSSNewtonSolver: iter=1  res=1.329e-05  rel=5.976e-14
[07-02 12:03:57][INFO] jax_fem: CuDSSNewtonSolver: solve finished in 0.12s  res=1.329e-05
[07-02 12:03:59][DEBUG] jax_fem: CuDSSNewtonSolver: starting Newton loop
[07-02 12:03:59][DEBUG] jax_fem: DeviceProblem: computing Jacobian on device
[07-02 12:03:59][DEBUG] jax_fem: Function split_and_compute_cell took 0.0268 seconds
[07-02 12:03:59][DEBUG] jax_fem: CuDSSNewtonSolver: initial residual = 2.235e+08
[07-02 12:03:59][DEBUG] jax_fem: DeviceProblem: computing Jacobian on device
[07-02 12:03:59][DEBUG] jax_fem: Function split_and_compute_cell took 0.0256 seconds
[07-02 12:03:59][DEBUG] jax_fem: CuDSSNewtonSolver: iter=1  res=1.466e-05  rel=6.558e-14
[07-02 12:03:59][INFO] jax_fem: CuDSSNewtonSolver: solve finished in 0.09s  res=1.466e-05
[07-02 12:03:59][DEBUG] jax_fem: CuDSSNewtonSolver: starting Newton loop
[07-02 12:03:59][DEBUG] jax_fem: DeviceProblem: computing Jacobian on device
[07-02 12:03:59][DEBUG] jax_fem: Function split_and_compute_cell took 0.0278 seconds
[07-02 12:03:59][DEBUG] jax_fem: CuDSSNewtonSolver: initial residual = 2.216e+08
[07-02 12:03:59][DEBUG] jax_fem: DeviceProblem: computing Jacobian on device
[07-02 12:04:00][DEBUG] jax_fem: Function split_and_compute_cell took 0.0274 seconds
[07-02 12:04:00][DEBUG] jax_fem: CuDSSNewtonSolver: iter=1  res=1.623e-05  rel=7.325e-14
[07-02 12:04:00][INFO] jax_fem: CuDSSNewtonSolver: solve finished in 0.09s  res=1.623e-05
[07-02 12:04:00][DEBUG] jax_fem: CuDSSNewtonSolver: starting Newton loop
[07-02 12:04:00][DEBUG] jax_fem: DeviceProblem: computing Jacobian on device
[07-02 12:04:00][DEBUG] jax_fem: Function split_and_compute_cell took 0.0252 seconds
[07-02 12:04:00][DEBUG] jax_fem: CuDSSNewtonSolver: initial residual = 2.211e+08
[07-02 12:04:00][DEBUG] jax_fem: DeviceProblem: computing Jacobian on device
[07-02 12:04:00][DEBUG] jax_fem: Function split_and_compute_cell took 0.0274 seconds
[07-02 12:04:00][DEBUG] jax_fem: CuDSSNewtonSolver: iter=1  res=1.646e-05  rel=7.446e-14
[07-02 12:04:00][INFO] jax_fem: CuDSSNewtonSolver: solve finished in 0.09s  res=1.646e-05
[07-02 12:04:01][DEBUG] jax_fem: CuDSSNewtonSolver: starting Newton loop
[07-02 12:04:01][DEBUG] jax_fem: DeviceProblem: computing Jacobian on device
[07-02 12:04:01][DEBUG] jax_fem: Function split_and_compute_cell took 0.0257 seconds
[07-02 12:04:01][DEBUG] jax_fem: CuDSSNewtonSolver: initial residual = 2.236e+08
[07-02 12:04:01][DEBUG] jax_fem: DeviceProblem: computing Jacobian on device
[07-02 12:04:01][DEBUG] jax_fem: Function split_and_compute_cell took 0.0254 seconds
[07-02 12:04:01][DEBUG] jax_fem: CuDSSNewtonSolver: iter=1  res=1.560e-05  rel=6.974e-14
[07-02 12:04:01][INFO] jax_fem: CuDSSNewtonSolver: solve finished in 0.09s  res=1.560e-05
[07-02 12:04:01][DEBUG] jax_fem: CuDSSNewtonSolver: starting Newton loop
[07-02 12:04:01][DEBUG] jax_fem: DeviceProblem: computing Jacobian on device
[07-02 12:04:01][DEBUG] jax_fem: Function split_and_compute_cell took 0.0260 seconds
[07-02 12:04:01][DEBUG] jax_fem: CuDSSNewtonSolver: initial residual = 2.223e+08
[07-02 12:04:01][DEBUG] jax_fem: DeviceProblem: computing Jacobian on device
[07-02 12:04:01][DEBUG] jax_fem: Function split_and_compute_cell took 0.0260 seconds
[07-02 12:04:01][DEBUG] jax_fem: CuDSSNewtonSolver: iter=1  res=1.311e-05  rel=5.896e-14
[07-02 12:04:01][INFO] jax_fem: CuDSSNewtonSolver: solve finished in 0.09s  res=1.311e-05
[07-02 12:04:01][INFO] jax_fem: CuDSS backward: solving adjoint problem …
[07-02 12:04:01][DEBUG] jax_fem: DeviceProblem: computing Jacobian on device
[07-02 12:04:01][DEBUG] jax_fem: Function split_and_compute_cell took 0.0317 seconds
[07-02 12:04:01][DEBUG] jax_fem: Computing cell residual...
[07-02 12:04:02][DEBUG] jax_fem: Function split_and_compute_cell took 0.0647 seconds
[07-02 12:04:02][INFO] jax_fem: CuDSS backward: solving adjoint problem …
[07-02 12:04:02][DEBUG] jax_fem: DeviceProblem: computing Jacobian on device
[07-02 12:04:02][DEBUG] jax_fem: Function split_and_compute_cell took 0.0307 seconds
[07-02 12:04:02][DEBUG] jax_fem: Computing cell residual...
[07-02 12:04:02][DEBUG] jax_fem: Function split_and_compute_cell took 0.0612 seconds
[07-02 12:04:02][INFO] jax_fem: CuDSS backward: solving adjoint problem …
[07-02 12:04:02][DEBUG] jax_fem: DeviceProblem: computing Jacobian on device
[07-02 12:04:02][DEBUG] jax_fem: Function split_and_compute_cell took 0.0453 seconds
[07-02 12:04:02][DEBUG] jax_fem: Computing cell residual...
[07-02 12:04:02][DEBUG] jax_fem: Function split_and_compute_cell took 0.0619 seconds
[07-02 12:04:03][INFO] jax_fem: CuDSS backward: solving adjoint problem …
[07-02 12:04:03][DEBUG] jax_fem: DeviceProblem: computing Jacobian on device
[07-02 12:04:03][DEBUG] jax_fem: Function split_and_compute_cell took 0.0552 seconds
[07-02 12:04:03][DEBUG] jax_fem: Computing cell residual...
[07-02 12:04:03][DEBUG] jax_fem: Function split_and_compute_cell took 0.0587 seconds
[07-02 12:04:03][INFO] jax_fem: CuDSS backward: solving adjoint problem …
[07-02 12:04:03][DEBUG] jax_fem: DeviceProblem: computing Jacobian on device
[07-02 12:04:03][DEBUG] jax_fem: Function split_and_compute_cell took 0.0300 seconds
[07-02 12:04:03][DEBUG] jax_fem: Computing cell residual...
[07-02 12:04:03][DEBUG] jax_fem: Function split_and_compute_cell took 0.0682 seconds
[07-02 12:04:05][DEBUG] jax_fem: CuDSSNewtonSolver: starting Newton loop
[07-02 12:04:05][DEBUG] jax_fem: DeviceProblem: computing Jacobian on device
[07-02 12:04:05][DEBUG] jax_fem: Function split_and_compute_cell took 0.0405 seconds
[07-02 12:04:05][DEBUG] jax_fem: CuDSSNewtonSolver: initial residual = 2.235e+08
[07-02 12:04:05][DEBUG] jax_fem: DeviceProblem: computing Jacobian on device
[07-02 12:04:05][DEBUG] jax_fem: Function split_and_compute_cell took 0.0568 seconds
[07-02 12:04:05][DEBUG] jax_fem: CuDSSNewtonSolver: iter=1  res=1.514e-05  rel=6.775e-14
[07-02 12:04:05][INFO] jax_fem: CuDSSNewtonSolver: solve finished in 0.14s  res=1.514e-05
[07-02 12:04:05][DEBUG] jax_fem: CuDSSNewtonSolver: starting Newton loop
[07-02 12:04:05][DEBUG] jax_fem: DeviceProblem: computing Jacobian on device
[07-02 12:04:05][DEBUG] jax_fem: Function split_and_compute_cell took 0.0400 seconds
[07-02 12:04:05][DEBUG] jax_fem: CuDSSNewtonSolver: initial residual = 2.216e+08
[07-02 12:04:05][DEBUG] jax_fem: DeviceProblem: computing Jacobian on device
[07-02 12:04:05][DEBUG] jax_fem: Function split_and_compute_cell took 0.0380 seconds
[07-02 12:04:05][DEBUG] jax_fem: CuDSSNewtonSolver: iter=1  res=1.497e-05  rel=6.753e-14
[07-02 12:04:05][INFO] jax_fem: CuDSSNewtonSolver: solve finished in 0.12s  res=1.497e-05
[07-02 12:04:05][DEBUG] jax_fem: CuDSSNewtonSolver: starting Newton loop
[07-02 12:04:05][DEBUG] jax_fem: DeviceProblem: computing Jacobian on device
[07-02 12:04:05][DEBUG] jax_fem: Function split_and_compute_cell took 0.0357 seconds
[07-02 12:04:05][DEBUG] jax_fem: CuDSSNewtonSolver: initial residual = 2.211e+08
[07-02 12:04:05][DEBUG] jax_fem: DeviceProblem: computing Jacobian on device
[07-02 12:04:05][DEBUG] jax_fem: Function split_and_compute_cell took 0.0284 seconds
[07-02 12:04:05][DEBUG] jax_fem: CuDSSNewtonSolver: iter=1  res=1.600e-05  rel=7.236e-14
[07-02 12:04:05][INFO] jax_fem: CuDSSNewtonSolver: solve finished in 0.10s  res=1.600e-05
[07-02 12:04:06][DEBUG] jax_fem: CuDSSNewtonSolver: starting Newton loop
[07-02 12:04:06][DEBUG] jax_fem: DeviceProblem: computing Jacobian on device
[07-02 12:04:06][DEBUG] jax_fem: Function split_and_compute_cell took 0.0366 seconds
[07-02 12:04:06][DEBUG] jax_fem: CuDSSNewtonSolver: initial residual = 2.236e+08
[07-02 12:04:06][DEBUG] jax_fem: DeviceProblem: computing Jacobian on device
[07-02 12:04:06][DEBUG] jax_fem: Function split_and_compute_cell took 0.0320 seconds
[07-02 12:04:06][DEBUG] jax_fem: CuDSSNewtonSolver: iter=1  res=1.499e-05  rel=6.702e-14
[07-02 12:04:06][INFO] jax_fem: CuDSSNewtonSolver: solve finished in 0.11s  res=1.499e-05
[07-02 12:04:06][DEBUG] jax_fem: CuDSSNewtonSolver: starting Newton loop
[07-02 12:04:06][DEBUG] jax_fem: DeviceProblem: computing Jacobian on device
[07-02 12:04:06][DEBUG] jax_fem: Function split_and_compute_cell took 0.0421 seconds
[07-02 12:04:06][DEBUG] jax_fem: CuDSSNewtonSolver: initial residual = 2.223e+08
[07-02 12:04:06][DEBUG] jax_fem: DeviceProblem: computing Jacobian on device
[07-02 12:04:06][DEBUG] jax_fem: Function split_and_compute_cell took 0.0572 seconds
[07-02 12:04:06][DEBUG] jax_fem: CuDSSNewtonSolver: iter=1  res=1.283e-05  rel=5.768e-14
[07-02 12:04:06][INFO] jax_fem: CuDSSNewtonSolver: solve finished in 0.14s  res=1.283e-05
[07-02 12:04:08][DEBUG] jax_fem: CuDSSNewtonSolver: starting Newton loop
[07-02 12:04:08][DEBUG] jax_fem: DeviceProblem: computing Jacobian on device
[07-02 12:04:08][DEBUG] jax_fem: Function split_and_compute_cell took 0.0281 seconds
[07-02 12:04:08][DEBUG] jax_fem: CuDSSNewtonSolver: initial residual = 2.235e+08
[07-02 12:04:08][DEBUG] jax_fem: DeviceProblem: computing Jacobian on device
[07-02 12:04:08][DEBUG] jax_fem: Function split_and_compute_cell took 0.0271 seconds
[07-02 12:04:08][DEBUG] jax_fem: CuDSSNewtonSolver: iter=1  res=1.493e-05  rel=6.681e-14
[07-02 12:04:08][INFO] jax_fem: CuDSSNewtonSolver: solve finished in 0.09s  res=1.493e-05
[07-02 12:04:08][DEBUG] jax_fem: CuDSSNewtonSolver: starting Newton loop
[07-02 12:04:08][DEBUG] jax_fem: DeviceProblem: computing Jacobian on device
[07-02 12:04:09][DEBUG] jax_fem: Function split_and_compute_cell took 0.0252 seconds
[07-02 12:04:09][DEBUG] jax_fem: CuDSSNewtonSolver: initial residual = 2.216e+08
[07-02 12:04:09][DEBUG] jax_fem: DeviceProblem: computing Jacobian on device
[07-02 12:04:09][DEBUG] jax_fem: Function split_and_compute_cell took 0.0271 seconds
[07-02 12:04:09][DEBUG] jax_fem: CuDSSNewtonSolver: iter=1  res=1.538e-05  rel=6.939e-14
[07-02 12:04:09][INFO] jax_fem: CuDSSNewtonSolver: solve finished in 0.09s  res=1.538e-05
[07-02 12:04:09][DEBUG] jax_fem: CuDSSNewtonSolver: starting Newton loop
[07-02 12:04:09][DEBUG] jax_fem: DeviceProblem: computing Jacobian on device
[07-02 12:04:09][DEBUG] jax_fem: Function split_and_compute_cell took 0.0257 seconds
[07-02 12:04:09][DEBUG] jax_fem: CuDSSNewtonSolver: initial residual = 2.211e+08
[07-02 12:04:09][DEBUG] jax_fem: DeviceProblem: computing Jacobian on device
[07-02 12:04:09][DEBUG] jax_fem: Function split_and_compute_cell took 0.0279 seconds
[07-02 12:04:09][DEBUG] jax_fem: CuDSSNewtonSolver: iter=1  res=1.670e-05  rel=7.554e-14
[07-02 12:04:09][INFO] jax_fem: CuDSSNewtonSolver: solve finished in 0.09s  res=1.670e-05
[07-02 12:04:10][DEBUG] jax_fem: CuDSSNewtonSolver: starting Newton loop
[07-02 12:04:10][DEBUG] jax_fem: DeviceProblem: computing Jacobian on device
[07-02 12:04:10][DEBUG] jax_fem: Function split_and_compute_cell took 0.0276 seconds
[07-02 12:04:10][DEBUG] jax_fem: CuDSSNewtonSolver: initial residual = 2.236e+08
[07-02 12:04:10][DEBUG] jax_fem: DeviceProblem: computing Jacobian on device
[07-02 12:04:10][DEBUG] jax_fem: Function split_and_compute_cell took 0.0274 seconds
[07-02 12:04:10][DEBUG] jax_fem: CuDSSNewtonSolver: iter=1  res=1.489e-05  rel=6.659e-14
[07-02 12:04:10][INFO] jax_fem: CuDSSNewtonSolver: solve finished in 0.09s  res=1.489e-05
[07-02 12:04:10][DEBUG] jax_fem: CuDSSNewtonSolver: starting Newton loop
[07-02 12:04:10][DEBUG] jax_fem: DeviceProblem: computing Jacobian on device
[07-02 12:04:10][DEBUG] jax_fem: Function split_and_compute_cell took 0.0264 seconds
[07-02 12:04:10][DEBUG] jax_fem: CuDSSNewtonSolver: initial residual = 2.223e+08
[07-02 12:04:10][DEBUG] jax_fem: DeviceProblem: computing Jacobian on device
[07-02 12:04:10][DEBUG] jax_fem: Function split_and_compute_cell took 0.0264 seconds
[07-02 12:04:10][DEBUG] jax_fem: CuDSSNewtonSolver: iter=1  res=1.357e-05  rel=6.105e-14
[07-02 12:04:10][INFO] jax_fem: CuDSSNewtonSolver: solve finished in 0.09s  res=1.357e-05
[07-02 12:04:10][INFO] jax_fem: CuDSS backward: solving adjoint problem …
[07-02 12:04:10][DEBUG] jax_fem: DeviceProblem: computing Jacobian on device
[07-02 12:04:10][DEBUG] jax_fem: Function split_and_compute_cell took 0.0508 seconds
[07-02 12:04:11][DEBUG] jax_fem: Computing cell residual...
[07-02 12:04:11][DEBUG] jax_fem: Function split_and_compute_cell took 0.0658 seconds
[07-02 12:04:11][INFO] jax_fem: CuDSS backward: solving adjoint problem …
[07-02 12:04:11][DEBUG] jax_fem: DeviceProblem: computing Jacobian on device
[07-02 12:04:11][DEBUG] jax_fem: Function split_and_compute_cell took 0.0256 seconds
[07-02 12:04:11][DEBUG] jax_fem: Computing cell residual...
[07-02 12:04:11][DEBUG] jax_fem: Function split_and_compute_cell took 0.0684 seconds
[07-02 12:04:11][INFO] jax_fem: CuDSS backward: solving adjoint problem …
[07-02 12:04:11][DEBUG] jax_fem: DeviceProblem: computing Jacobian on device
[07-02 12:04:11][DEBUG] jax_fem: Function split_and_compute_cell took 0.0417 seconds
[07-02 12:04:11][DEBUG] jax_fem: Computing cell residual...
[07-02 12:04:11][DEBUG] jax_fem: Function split_and_compute_cell took 0.0685 seconds
[07-02 12:04:12][INFO] jax_fem: CuDSS backward: solving adjoint problem …
[07-02 12:04:12][DEBUG] jax_fem: DeviceProblem: computing Jacobian on device
[07-02 12:04:12][DEBUG] jax_fem: Function split_and_compute_cell took 0.0281 seconds
[07-02 12:04:12][DEBUG] jax_fem: Computing cell residual...
[07-02 12:04:12][DEBUG] jax_fem: Function split_and_compute_cell took 0.0717 seconds
[07-02 12:04:12][INFO] jax_fem: CuDSS backward: solving adjoint problem …
[07-02 12:04:12][DEBUG] jax_fem: DeviceProblem: computing Jacobian on device
[07-02 12:04:12][DEBUG] jax_fem: Function split_and_compute_cell took 0.0255 seconds
[07-02 12:04:12][DEBUG] jax_fem: Computing cell residual...
[07-02 12:04:12][DEBUG] jax_fem: Function split_and_compute_cell took 0.0629 seconds
[07-02 12:04:14][DEBUG] jax_fem: CuDSSNewtonSolver: starting Newton loop
[07-02 12:04:14][DEBUG] jax_fem: DeviceProblem: computing Jacobian on device
[07-02 12:04:14][DEBUG] jax_fem: Function split_and_compute_cell took 0.0317 seconds
[07-02 12:04:14][DEBUG] jax_fem: CuDSSNewtonSolver: initial residual = 2.235e+08
[07-02 12:04:14][DEBUG] jax_fem: DeviceProblem: computing Jacobian on device
[07-02 12:04:14][DEBUG] jax_fem: Function split_and_compute_cell took 0.0406 seconds
[07-02 12:04:14][DEBUG] jax_fem: CuDSSNewtonSolver: iter=1  res=1.521e-05  rel=6.808e-14
[07-02 12:04:14][INFO] jax_fem: CuDSSNewtonSolver: solve finished in 0.11s  res=1.521e-05
[07-02 12:04:14][DEBUG] jax_fem: CuDSSNewtonSolver: starting Newton loop
[07-02 12:04:14][DEBUG] jax_fem: DeviceProblem: computing Jacobian on device
[07-02 12:04:14][DEBUG] jax_fem: Function split_and_compute_cell took 0.0268 seconds
[07-02 12:04:14][DEBUG] jax_fem: CuDSSNewtonSolver: initial residual = 2.216e+08
[07-02 12:04:14][DEBUG] jax_fem: DeviceProblem: computing Jacobian on device
[07-02 12:04:14][DEBUG] jax_fem: Function split_and_compute_cell took 0.0327 seconds
[07-02 12:04:14][DEBUG] jax_fem: CuDSSNewtonSolver: iter=1  res=1.591e-05  rel=7.177e-14
[07-02 12:04:14][INFO] jax_fem: CuDSSNewtonSolver: solve finished in 0.10s  res=1.591e-05
[07-02 12:04:14][DEBUG] jax_fem: CuDSSNewtonSolver: starting Newton loop
[07-02 12:04:14][DEBUG] jax_fem: DeviceProblem: computing Jacobian on device
[07-02 12:04:14][DEBUG] jax_fem: Function split_and_compute_cell took 0.0349 seconds
[07-02 12:04:14][DEBUG] jax_fem: CuDSSNewtonSolver: initial residual = 2.211e+08
[07-02 12:04:14][DEBUG] jax_fem: DeviceProblem: computing Jacobian on device
[07-02 12:04:14][DEBUG] jax_fem: Function split_and_compute_cell took 0.0448 seconds
[07-02 12:04:14][DEBUG] jax_fem: CuDSSNewtonSolver: iter=1  res=1.635e-05  rel=7.398e-14
[07-02 12:04:14][INFO] jax_fem: CuDSSNewtonSolver: solve finished in 0.12s  res=1.635e-05
[07-02 12:04:15][DEBUG] jax_fem: CuDSSNewtonSolver: starting Newton loop
[07-02 12:04:15][DEBUG] jax_fem: DeviceProblem: computing Jacobian on device
[07-02 12:04:15][DEBUG] jax_fem: Function split_and_compute_cell took 0.0330 seconds
[07-02 12:04:15][DEBUG] jax_fem: CuDSSNewtonSolver: initial residual = 2.236e+08
[07-02 12:04:15][DEBUG] jax_fem: DeviceProblem: computing Jacobian on device
[07-02 12:04:15][DEBUG] jax_fem: Function split_and_compute_cell took 0.0432 seconds
[07-02 12:04:15][DEBUG] jax_fem: CuDSSNewtonSolver: iter=1  res=1.523e-05  rel=6.811e-14
[07-02 12:04:15][INFO] jax_fem: CuDSSNewtonSolver: solve finished in 0.12s  res=1.523e-05
[07-02 12:04:15][DEBUG] jax_fem: CuDSSNewtonSolver: starting Newton loop
[07-02 12:04:15][DEBUG] jax_fem: DeviceProblem: computing Jacobian on device
[07-02 12:04:15][DEBUG] jax_fem: Function split_and_compute_cell took 0.0323 seconds
[07-02 12:04:15][DEBUG] jax_fem: CuDSSNewtonSolver: initial residual = 2.223e+08
[07-02 12:04:15][DEBUG] jax_fem: DeviceProblem: computing Jacobian on device
[07-02 12:04:15][DEBUG] jax_fem: Function split_and_compute_cell took 0.0316 seconds
[07-02 12:04:15][DEBUG] jax_fem: CuDSSNewtonSolver: iter=1  res=1.400e-05  rel=6.298e-14
[07-02 12:04:15][INFO] jax_fem: CuDSSNewtonSolver: solve finished in 0.10s  res=1.400e-05
[07-02 12:04:17][DEBUG] jax_fem: CuDSSNewtonSolver: starting Newton loop
[07-02 12:04:17][DEBUG] jax_fem: DeviceProblem: computing Jacobian on device
[07-02 12:04:17][DEBUG] jax_fem: Function split_and_compute_cell took 0.0256 seconds
[07-02 12:04:17][DEBUG] jax_fem: CuDSSNewtonSolver: initial residual = 2.235e+08
[07-02 12:04:17][DEBUG] jax_fem: DeviceProblem: computing Jacobian on device
[07-02 12:04:17][DEBUG] jax_fem: Function split_and_compute_cell took 0.0278 seconds
[07-02 12:04:17][DEBUG] jax_fem: CuDSSNewtonSolver: iter=1  res=1.491e-05  rel=6.671e-14
[07-02 12:04:17][INFO] jax_fem: CuDSSNewtonSolver: solve finished in 0.09s  res=1.491e-05
[07-02 12:04:17][DEBUG] jax_fem: CuDSSNewtonSolver: starting Newton loop
[07-02 12:04:17][DEBUG] jax_fem: DeviceProblem: computing Jacobian on device
[07-02 12:04:17][DEBUG] jax_fem: Function split_and_compute_cell took 0.0281 seconds
[07-02 12:04:17][DEBUG] jax_fem: CuDSSNewtonSolver: initial residual = 2.216e+08
[07-02 12:04:17][DEBUG] jax_fem: DeviceProblem: computing Jacobian on device
[07-02 12:04:17][DEBUG] jax_fem: Function split_and_compute_cell took 0.0279 seconds
[07-02 12:04:17][DEBUG] jax_fem: CuDSSNewtonSolver: iter=1  res=1.621e-05  rel=7.316e-14
[07-02 12:04:17][INFO] jax_fem: CuDSSNewtonSolver: solve finished in 0.09s  res=1.621e-05
[07-02 12:04:18][DEBUG] jax_fem: CuDSSNewtonSolver: starting Newton loop
[07-02 12:04:18][DEBUG] jax_fem: DeviceProblem: computing Jacobian on device
[07-02 12:04:18][DEBUG] jax_fem: Function split_and_compute_cell took 0.0272 seconds
[07-02 12:04:18][DEBUG] jax_fem: CuDSSNewtonSolver: initial residual = 2.211e+08
[07-02 12:04:18][DEBUG] jax_fem: DeviceProblem: computing Jacobian on device
[07-02 12:04:18][DEBUG] jax_fem: Function split_and_compute_cell took 0.0262 seconds
[07-02 12:04:18][DEBUG] jax_fem: CuDSSNewtonSolver: iter=1  res=1.627e-05  rel=7.358e-14
[07-02 12:04:18][INFO] jax_fem: CuDSSNewtonSolver: solve finished in 0.09s  res=1.627e-05
[07-02 12:04:19][DEBUG] jax_fem: CuDSSNewtonSolver: starting Newton loop
[07-02 12:04:19][DEBUG] jax_fem: DeviceProblem: computing Jacobian on device
[07-02 12:04:19][DEBUG] jax_fem: Function split_and_compute_cell took 0.0270 seconds
[07-02 12:04:19][DEBUG] jax_fem: CuDSSNewtonSolver: initial residual = 2.236e+08
[07-02 12:04:19][DEBUG] jax_fem: DeviceProblem: computing Jacobian on device
[07-02 12:04:19][DEBUG] jax_fem: Function split_and_compute_cell took 0.0260 seconds
[07-02 12:04:19][DEBUG] jax_fem: CuDSSNewtonSolver: iter=1  res=1.515e-05  rel=6.773e-14
[07-02 12:04:19][INFO] jax_fem: CuDSSNewtonSolver: solve finished in 0.09s  res=1.515e-05
[07-02 12:04:19][DEBUG] jax_fem: CuDSSNewtonSolver: starting Newton loop
[07-02 12:04:19][DEBUG] jax_fem: DeviceProblem: computing Jacobian on device
[07-02 12:04:19][DEBUG] jax_fem: Function split_and_compute_cell took 0.0271 seconds
[07-02 12:04:19][DEBUG] jax_fem: CuDSSNewtonSolver: initial residual = 2.223e+08
[07-02 12:04:19][DEBUG] jax_fem: DeviceProblem: computing Jacobian on device
[07-02 12:04:19][DEBUG] jax_fem: Function split_and_compute_cell took 0.0264 seconds
[07-02 12:04:19][DEBUG] jax_fem: CuDSSNewtonSolver: iter=1  res=1.312e-05  rel=5.902e-14
[07-02 12:04:19][INFO] jax_fem: CuDSSNewtonSolver: solve finished in 0.09s  res=1.312e-05
[07-02 12:04:19][INFO] jax_fem: CuDSS backward: solving adjoint problem …
[07-02 12:04:19][DEBUG] jax_fem: DeviceProblem: computing Jacobian on device
[07-02 12:04:19][DEBUG] jax_fem: Function split_and_compute_cell took 0.0279 seconds
[07-02 12:04:20][DEBUG] jax_fem: Computing cell residual...
[07-02 12:04:20][DEBUG] jax_fem: Function split_and_compute_cell took 0.0631 seconds
[07-02 12:04:20][INFO] jax_fem: CuDSS backward: solving adjoint problem …
[07-02 12:04:20][DEBUG] jax_fem: DeviceProblem: computing Jacobian on device
[07-02 12:04:20][DEBUG] jax_fem: Function split_and_compute_cell took 0.0527 seconds
[07-02 12:04:20][DEBUG] jax_fem: Computing cell residual...
[07-02 12:04:20][DEBUG] jax_fem: Function split_and_compute_cell took 0.0612 seconds
[07-02 12:04:20][INFO] jax_fem: CuDSS backward: solving adjoint problem …
[07-02 12:04:20][DEBUG] jax_fem: DeviceProblem: computing Jacobian on device
[07-02 12:04:20][DEBUG] jax_fem: Function split_and_compute_cell took 0.0594 seconds
[07-02 12:04:20][DEBUG] jax_fem: Computing cell residual...
[07-02 12:04:20][DEBUG] jax_fem: Function split_and_compute_cell took 0.0712 seconds
[07-02 12:04:21][INFO] jax_fem: CuDSS backward: solving adjoint problem …
[07-02 12:04:21][DEBUG] jax_fem: DeviceProblem: computing Jacobian on device
[07-02 12:04:21][DEBUG] jax_fem: Function split_and_compute_cell took 0.0454 seconds
[07-02 12:04:21][DEBUG] jax_fem: Computing cell residual...
[07-02 12:04:21][DEBUG] jax_fem: Function split_and_compute_cell took 0.0645 seconds
[07-02 12:04:21][INFO] jax_fem: CuDSS backward: solving adjoint problem …
[07-02 12:04:21][DEBUG] jax_fem: DeviceProblem: computing Jacobian on device
[07-02 12:04:21][DEBUG] jax_fem: Function split_and_compute_cell took 0.0315 seconds
[07-02 12:04:21][DEBUG] jax_fem: Computing cell residual...
[07-02 12:04:21][DEBUG] jax_fem: Function split_and_compute_cell took 0.0651 seconds
[07-02 12:04:23][DEBUG] jax_fem: CuDSSNewtonSolver: starting Newton loop
[07-02 12:04:23][DEBUG] jax_fem: DeviceProblem: computing Jacobian on device
[07-02 12:04:23][DEBUG] jax_fem: Function split_and_compute_cell took 0.0441 seconds
[07-02 12:04:23][DEBUG] jax_fem: CuDSSNewtonSolver: initial residual = 2.235e+08
[07-02 12:04:23][DEBUG] jax_fem: DeviceProblem: computing Jacobian on device
[07-02 12:04:23][DEBUG] jax_fem: Function split_and_compute_cell took 0.0356 seconds
[07-02 12:04:23][DEBUG] jax_fem: CuDSSNewtonSolver: iter=1  res=1.578e-05  rel=7.060e-14
[07-02 12:04:23][INFO] jax_fem: CuDSSNewtonSolver: solve finished in 0.12s  res=1.578e-05
[07-02 12:04:23][DEBUG] jax_fem: CuDSSNewtonSolver: starting Newton loop
[07-02 12:04:23][DEBUG] jax_fem: DeviceProblem: computing Jacobian on device
[07-02 12:04:23][DEBUG] jax_fem: Function split_and_compute_cell took 0.0471 seconds
[07-02 12:04:23][DEBUG] jax_fem: CuDSSNewtonSolver: initial residual = 2.216e+08
[07-02 12:04:23][DEBUG] jax_fem: DeviceProblem: computing Jacobian on device
[07-02 12:04:23][DEBUG] jax_fem: Function split_and_compute_cell took 0.0269 seconds
[07-02 12:04:23][DEBUG] jax_fem: CuDSSNewtonSolver: iter=1  res=1.525e-05  rel=6.880e-14
[07-02 12:04:23][INFO] jax_fem: CuDSSNewtonSolver: solve finished in 0.11s  res=1.525e-05
[07-02 12:04:23][DEBUG] jax_fem: CuDSSNewtonSolver: starting Newton loop
[07-02 12:04:23][DEBUG] jax_fem: DeviceProblem: computing Jacobian on device
[07-02 12:04:23][DEBUG] jax_fem: Function split_and_compute_cell took 0.0284 seconds
[07-02 12:04:23][DEBUG] jax_fem: CuDSSNewtonSolver: initial residual = 2.211e+08
[07-02 12:04:23][DEBUG] jax_fem: DeviceProblem: computing Jacobian on device
[07-02 12:04:23][DEBUG] jax_fem: Function split_and_compute_cell took 0.0273 seconds
[07-02 12:04:23][DEBUG] jax_fem: CuDSSNewtonSolver: iter=1  res=1.676e-05  rel=7.580e-14
[07-02 12:04:23][INFO] jax_fem: CuDSSNewtonSolver: solve finished in 0.09s  res=1.676e-05
[07-02 12:04:24][DEBUG] jax_fem: CuDSSNewtonSolver: starting Newton loop
[07-02 12:04:24][DEBUG] jax_fem: DeviceProblem: computing Jacobian on device
[07-02 12:04:24][DEBUG] jax_fem: Function split_and_compute_cell took 0.0275 seconds
[07-02 12:04:24][DEBUG] jax_fem: CuDSSNewtonSolver: initial residual = 2.236e+08
[07-02 12:04:24][DEBUG] jax_fem: DeviceProblem: computing Jacobian on device
[07-02 12:04:24][DEBUG] jax_fem: Function split_and_compute_cell took 0.0452 seconds
[07-02 12:04:24][DEBUG] jax_fem: CuDSSNewtonSolver: iter=1  res=1.494e-05  rel=6.680e-14
[07-02 12:04:24][INFO] jax_fem: CuDSSNewtonSolver: solve finished in 0.11s  res=1.494e-05
[07-02 12:04:24][DEBUG] jax_fem: CuDSSNewtonSolver: starting Newton loop
[07-02 12:04:24][DEBUG] jax_fem: DeviceProblem: computing Jacobian on device
[07-02 12:04:24][DEBUG] jax_fem: Function split_and_compute_cell took 0.0364 seconds
[07-02 12:04:24][DEBUG] jax_fem: CuDSSNewtonSolver: initial residual = 2.223e+08
[07-02 12:04:24][DEBUG] jax_fem: DeviceProblem: computing Jacobian on device
[07-02 12:04:24][DEBUG] jax_fem: Function split_and_compute_cell took 0.0421 seconds
[07-02 12:04:24][DEBUG] jax_fem: CuDSSNewtonSolver: iter=1  res=1.325e-05  rel=5.958e-14
[07-02 12:04:24][INFO] jax_fem: CuDSSNewtonSolver: solve finished in 0.11s  res=1.325e-05
[07-02 12:04:26][DEBUG] jax_fem: CuDSSNewtonSolver: starting Newton loop
[07-02 12:04:26][DEBUG] jax_fem: DeviceProblem: computing Jacobian on device
[07-02 12:04:26][DEBUG] jax_fem: Function split_and_compute_cell took 0.0398 seconds
[07-02 12:04:26][DEBUG] jax_fem: CuDSSNewtonSolver: initial residual = 2.235e+08
[07-02 12:04:26][DEBUG] jax_fem: DeviceProblem: computing Jacobian on device
[07-02 12:04:26][DEBUG] jax_fem: Function split_and_compute_cell took 0.0265 seconds
[07-02 12:04:26][DEBUG] jax_fem: CuDSSNewtonSolver: iter=1  res=1.505e-05  rel=6.735e-14
[07-02 12:04:26][INFO] jax_fem: CuDSSNewtonSolver: solve finished in 0.10s  res=1.505e-05
[07-02 12:04:26][DEBUG] jax_fem: CuDSSNewtonSolver: starting Newton loop
[07-02 12:04:26][DEBUG] jax_fem: DeviceProblem: computing Jacobian on device
[07-02 12:04:26][DEBUG] jax_fem: Function split_and_compute_cell took 0.0274 seconds
[07-02 12:04:26][DEBUG] jax_fem: CuDSSNewtonSolver: initial residual = 2.216e+08
[07-02 12:04:26][DEBUG] jax_fem: DeviceProblem: computing Jacobian on device
[07-02 12:04:26][DEBUG] jax_fem: Function split_and_compute_cell took 0.0270 seconds
[07-02 12:04:26][DEBUG] jax_fem: CuDSSNewtonSolver: iter=1  res=1.485e-05  rel=6.698e-14
[07-02 12:04:26][INFO] jax_fem: CuDSSNewtonSolver: solve finished in 0.09s  res=1.485e-05
[07-02 12:04:27][DEBUG] jax_fem: CuDSSNewtonSolver: starting Newton loop
[07-02 12:04:27][DEBUG] jax_fem: DeviceProblem: computing Jacobian on device
[07-02 12:04:27][DEBUG] jax_fem: Function split_and_compute_cell took 0.0259 seconds
[07-02 12:04:27][DEBUG] jax_fem: CuDSSNewtonSolver: initial residual = 2.211e+08
[07-02 12:04:27][DEBUG] jax_fem: DeviceProblem: computing Jacobian on device
[07-02 12:04:27][DEBUG] jax_fem: Function split_and_compute_cell took 0.0269 seconds
[07-02 12:04:27][DEBUG] jax_fem: CuDSSNewtonSolver: iter=1  res=1.583e-05  rel=7.163e-14
[07-02 12:04:27][INFO] jax_fem: CuDSSNewtonSolver: solve finished in 0.09s  res=1.583e-05
[07-02 12:04:28][DEBUG] jax_fem: CuDSSNewtonSolver: starting Newton loop
[07-02 12:04:28][DEBUG] jax_fem: DeviceProblem: computing Jacobian on device
[07-02 12:04:28][DEBUG] jax_fem: Function split_and_compute_cell took 0.0270 seconds
[07-02 12:04:28][DEBUG] jax_fem: CuDSSNewtonSolver: initial residual = 2.236e+08
[07-02 12:04:28][DEBUG] jax_fem: DeviceProblem: computing Jacobian on device
[07-02 12:04:28][DEBUG] jax_fem: Function split_and_compute_cell took 0.0272 seconds
[07-02 12:04:28][DEBUG] jax_fem: CuDSSNewtonSolver: iter=1  res=1.489e-05  rel=6.656e-14
[07-02 12:04:28][INFO] jax_fem: CuDSSNewtonSolver: solve finished in 0.09s  res=1.489e-05
[07-02 12:04:28][DEBUG] jax_fem: CuDSSNewtonSolver: starting Newton loop
[07-02 12:04:28][DEBUG] jax_fem: DeviceProblem: computing Jacobian on device
[07-02 12:04:28][DEBUG] jax_fem: Function split_and_compute_cell took 0.0268 seconds
[07-02 12:04:28][DEBUG] jax_fem: CuDSSNewtonSolver: initial residual = 2.223e+08
[07-02 12:04:28][DEBUG] jax_fem: DeviceProblem: computing Jacobian on device
[07-02 12:04:28][DEBUG] jax_fem: Function split_and_compute_cell took 0.0251 seconds
[07-02 12:04:28][DEBUG] jax_fem: CuDSSNewtonSolver: iter=1  res=1.329e-05  rel=5.977e-14
[07-02 12:04:28][INFO] jax_fem: CuDSSNewtonSolver: solve finished in 0.09s  res=1.329e-05
[07-02 12:04:28][INFO] jax_fem: CuDSS backward: solving adjoint problem …
[07-02 12:04:28][DEBUG] jax_fem: DeviceProblem: computing Jacobian on device
[07-02 12:04:28][DEBUG] jax_fem: Function split_and_compute_cell took 0.0245 seconds
[07-02 12:04:28][DEBUG] jax_fem: Computing cell residual...
[07-02 12:04:28][DEBUG] jax_fem: Function split_and_compute_cell took 0.0668 seconds
[07-02 12:04:29][INFO] jax_fem: CuDSS backward: solving adjoint problem …
[07-02 12:04:29][DEBUG] jax_fem: DeviceProblem: computing Jacobian on device
[07-02 12:04:29][DEBUG] jax_fem: Function split_and_compute_cell took 0.0461 seconds
[07-02 12:04:29][DEBUG] jax_fem: Computing cell residual...
[07-02 12:04:29][DEBUG] jax_fem: Function split_and_compute_cell took 0.0672 seconds
[07-02 12:04:29][INFO] jax_fem: CuDSS backward: solving adjoint problem …
[07-02 12:04:29][DEBUG] jax_fem: DeviceProblem: computing Jacobian on device
[07-02 12:04:29][DEBUG] jax_fem: Function split_and_compute_cell took 0.0508 seconds
[07-02 12:04:29][DEBUG] jax_fem: Computing cell residual...
[07-02 12:04:29][DEBUG] jax_fem: Function split_and_compute_cell took 0.0586 seconds
[07-02 12:04:29][INFO] jax_fem: CuDSS backward: solving adjoint problem …
[07-02 12:04:30][DEBUG] jax_fem: DeviceProblem: computing Jacobian on device
[07-02 12:04:30][DEBUG] jax_fem: Function split_and_compute_cell took 0.0431 seconds
[07-02 12:04:30][DEBUG] jax_fem: Computing cell residual...
[07-02 12:04:30][DEBUG] jax_fem: Function split_and_compute_cell took 0.0557 seconds
[07-02 12:04:30][INFO] jax_fem: CuDSS backward: solving adjoint problem …
[07-02 12:04:30][DEBUG] jax_fem: DeviceProblem: computing Jacobian on device
[07-02 12:04:30][DEBUG] jax_fem: Function split_and_compute_cell took 0.0285 seconds
[07-02 12:04:30][DEBUG] jax_fem: Computing cell residual...
[07-02 12:04:30][DEBUG] jax_fem: Function split_and_compute_cell took 0.0665 seconds
[07-02 12:04:31][DEBUG] jax_fem: CuDSSNewtonSolver: starting Newton loop
[07-02 12:04:31][DEBUG] jax_fem: DeviceProblem: computing Jacobian on device
[07-02 12:04:31][DEBUG] jax_fem: Function split_and_compute_cell took 0.0315 seconds
[07-02 12:04:31][DEBUG] jax_fem: CuDSSNewtonSolver: initial residual = 2.235e+08
[07-02 12:04:32][DEBUG] jax_fem: DeviceProblem: computing Jacobian on device
[07-02 12:04:32][DEBUG] jax_fem: Function split_and_compute_cell took 0.0349 seconds
[07-02 12:04:32][DEBUG] jax_fem: CuDSSNewtonSolver: iter=1  res=1.515e-05  rel=6.777e-14
[07-02 12:04:32][INFO] jax_fem: CuDSSNewtonSolver: solve finished in 0.11s  res=1.515e-05
[07-02 12:04:32][DEBUG] jax_fem: CuDSSNewtonSolver: starting Newton loop
[07-02 12:04:32][DEBUG] jax_fem: DeviceProblem: computing Jacobian on device
[07-02 12:04:32][DEBUG] jax_fem: Function split_and_compute_cell took 0.0302 seconds
[07-02 12:04:32][DEBUG] jax_fem: CuDSSNewtonSolver: initial residual = 2.216e+08
[07-02 12:04:32][DEBUG] jax_fem: DeviceProblem: computing Jacobian on device
[07-02 12:04:32][DEBUG] jax_fem: Function split_and_compute_cell took 0.0335 seconds
[07-02 12:04:32][DEBUG] jax_fem: CuDSSNewtonSolver: iter=1  res=1.655e-05  rel=7.468e-14
[07-02 12:04:32][INFO] jax_fem: CuDSSNewtonSolver: solve finished in 0.10s  res=1.655e-05
[07-02 12:04:32][DEBUG] jax_fem: CuDSSNewtonSolver: starting Newton loop
[07-02 12:04:32][DEBUG] jax_fem: DeviceProblem: computing Jacobian on device
[07-02 12:04:32][DEBUG] jax_fem: Function split_and_compute_cell took 0.0423 seconds
[07-02 12:04:32][DEBUG] jax_fem: CuDSSNewtonSolver: initial residual = 2.211e+08
[07-02 12:04:32][DEBUG] jax_fem: DeviceProblem: computing Jacobian on device
[07-02 12:04:32][DEBUG] jax_fem: Function split_and_compute_cell took 0.0448 seconds
[07-02 12:04:32][DEBUG] jax_fem: CuDSSNewtonSolver: iter=1  res=1.666e-05  rel=7.535e-14
[07-02 12:04:32][INFO] jax_fem: CuDSSNewtonSolver: solve finished in 0.12s  res=1.666e-05
[07-02 12:04:32][DEBUG] jax_fem: CuDSSNewtonSolver: starting Newton loop
[07-02 12:04:32][DEBUG] jax_fem: DeviceProblem: computing Jacobian on device
[07-02 12:04:32][DEBUG] jax_fem: Function split_and_compute_cell took 0.0467 seconds
[07-02 12:04:32][DEBUG] jax_fem: CuDSSNewtonSolver: initial residual = 2.236e+08
[07-02 12:04:32][DEBUG] jax_fem: DeviceProblem: computing Jacobian on device
[07-02 12:04:33][DEBUG] jax_fem: Function split_and_compute_cell took 0.0306 seconds
[07-02 12:04:33][DEBUG] jax_fem: CuDSSNewtonSolver: iter=1  res=1.568e-05  rel=7.009e-14
[07-02 12:04:33][INFO] jax_fem: CuDSSNewtonSolver: solve finished in 0.12s  res=1.568e-05
[07-02 12:04:33][DEBUG] jax_fem: CuDSSNewtonSolver: starting Newton loop
[07-02 12:04:33][DEBUG] jax_fem: DeviceProblem: computing Jacobian on device
[07-02 12:04:33][DEBUG] jax_fem: Function split_and_compute_cell took 0.0268 seconds
[07-02 12:04:33][DEBUG] jax_fem: CuDSSNewtonSolver: initial residual = 2.223e+08
[07-02 12:04:33][DEBUG] jax_fem: DeviceProblem: computing Jacobian on device
[07-02 12:04:33][DEBUG] jax_fem: Function split_and_compute_cell took 0.0305 seconds
[07-02 12:04:33][DEBUG] jax_fem: CuDSSNewtonSolver: iter=1  res=1.339e-05  rel=6.021e-14
[07-02 12:04:33][INFO] jax_fem: CuDSSNewtonSolver: solve finished in 0.10s  res=1.339e-05
[07-02 12:04:35][DEBUG] jax_fem: CuDSSNewtonSolver: starting Newton loop
[07-02 12:04:35][DEBUG] jax_fem: DeviceProblem: computing Jacobian on device
[07-02 12:04:35][DEBUG] jax_fem: Function split_and_compute_cell took 0.0264 seconds
[07-02 12:04:35][DEBUG] jax_fem: CuDSSNewtonSolver: initial residual = 2.235e+08
[07-02 12:04:35][DEBUG] jax_fem: DeviceProblem: computing Jacobian on device
[07-02 12:04:35][DEBUG] jax_fem: Function split_and_compute_cell took 0.0277 seconds
[07-02 12:04:35][DEBUG] jax_fem: CuDSSNewtonSolver: iter=1  res=1.559e-05  rel=6.975e-14
[07-02 12:04:35][INFO] jax_fem: CuDSSNewtonSolver: solve finished in 0.09s  res=1.559e-05
[07-02 12:04:35][DEBUG] jax_fem: CuDSSNewtonSolver: starting Newton loop
[07-02 12:04:35][DEBUG] jax_fem: DeviceProblem: computing Jacobian on device
[07-02 12:04:35][DEBUG] jax_fem: Function split_and_compute_cell took 0.0265 seconds
[07-02 12:04:35][DEBUG] jax_fem: CuDSSNewtonSolver: initial residual = 2.216e+08
[07-02 12:04:35][DEBUG] jax_fem: DeviceProblem: computing Jacobian on device
[07-02 12:04:35][DEBUG] jax_fem: Function split_and_compute_cell took 0.0266 seconds
[07-02 12:04:35][DEBUG] jax_fem: CuDSSNewtonSolver: iter=1  res=1.608e-05  rel=7.255e-14
[07-02 12:04:35][INFO] jax_fem: CuDSSNewtonSolver: solve finished in 0.09s  res=1.608e-05
[07-02 12:04:36][DEBUG] jax_fem: CuDSSNewtonSolver: starting Newton loop
[07-02 12:04:36][DEBUG] jax_fem: DeviceProblem: computing Jacobian on device
[07-02 12:04:36][DEBUG] jax_fem: Function split_and_compute_cell took 0.0261 seconds
[07-02 12:04:36][DEBUG] jax_fem: CuDSSNewtonSolver: initial residual = 2.211e+08
[07-02 12:04:36][DEBUG] jax_fem: DeviceProblem: computing Jacobian on device
[07-02 12:04:36][DEBUG] jax_fem: Function split_and_compute_cell took 0.0258 seconds
[07-02 12:04:36][DEBUG] jax_fem: CuDSSNewtonSolver: iter=1  res=1.694e-05  rel=7.664e-14
[07-02 12:04:36][INFO] jax_fem: CuDSSNewtonSolver: solve finished in 0.08s  res=1.694e-05
[07-02 12:04:37][DEBUG] jax_fem: CuDSSNewtonSolver: starting Newton loop
[07-02 12:04:37][DEBUG] jax_fem: DeviceProblem: computing Jacobian on device
[07-02 12:04:37][DEBUG] jax_fem: Function split_and_compute_cell took 0.0269 seconds
[07-02 12:04:37][DEBUG] jax_fem: CuDSSNewtonSolver: initial residual = 2.236e+08
[07-02 12:04:37][DEBUG] jax_fem: DeviceProblem: computing Jacobian on device
[07-02 12:04:37][DEBUG] jax_fem: Function split_and_compute_cell took 0.0269 seconds
[07-02 12:04:37][DEBUG] jax_fem: CuDSSNewtonSolver: iter=1  res=1.577e-05  rel=7.052e-14
[07-02 12:04:37][INFO] jax_fem: CuDSSNewtonSolver: solve finished in 0.09s  res=1.577e-05
[07-02 12:04:37][DEBUG] jax_fem: CuDSSNewtonSolver: starting Newton loop
[07-02 12:04:37][DEBUG] jax_fem: DeviceProblem: computing Jacobian on device
[07-02 12:04:37][DEBUG] jax_fem: Function split_and_compute_cell took 0.0265 seconds
[07-02 12:04:37][DEBUG] jax_fem: CuDSSNewtonSolver: initial residual = 2.223e+08
[07-02 12:04:37][DEBUG] jax_fem: DeviceProblem: computing Jacobian on device
[07-02 12:04:37][DEBUG] jax_fem: Function split_and_compute_cell took 0.0264 seconds
[07-02 12:04:37][DEBUG] jax_fem: CuDSSNewtonSolver: iter=1  res=1.403e-05  rel=6.312e-14
[07-02 12:04:37][INFO] jax_fem: CuDSSNewtonSolver: solve finished in 0.09s  res=1.403e-05
[07-02 12:04:37][INFO] jax_fem: CuDSS backward: solving adjoint problem …
[07-02 12:04:37][DEBUG] jax_fem: DeviceProblem: computing Jacobian on device
[07-02 12:04:37][DEBUG] jax_fem: Function split_and_compute_cell took 0.0222 seconds
[07-02 12:04:37][DEBUG] jax_fem: Computing cell residual...
[07-02 12:04:37][DEBUG] jax_fem: Function split_and_compute_cell took 0.0482 seconds
[07-02 12:04:38][INFO] jax_fem: CuDSS backward: solving adjoint problem …
[07-02 12:04:38][DEBUG] jax_fem: DeviceProblem: computing Jacobian on device
[07-02 12:04:38][DEBUG] jax_fem: Function split_and_compute_cell took 0.0477 seconds
[07-02 12:04:38][DEBUG] jax_fem: Computing cell residual...
[07-02 12:04:38][DEBUG] jax_fem: Function split_and_compute_cell took 0.0587 seconds
[07-02 12:04:38][INFO] jax_fem: CuDSS backward: solving adjoint problem …
[07-02 12:04:38][DEBUG] jax_fem: DeviceProblem: computing Jacobian on device
[07-02 12:04:38][DEBUG] jax_fem: Function split_and_compute_cell took 0.0516 seconds
[07-02 12:04:38][DEBUG] jax_fem: Computing cell residual...
[07-02 12:04:38][DEBUG] jax_fem: Function split_and_compute_cell took 0.0707 seconds
[07-02 12:04:38][INFO] jax_fem: CuDSS backward: solving adjoint problem …
[07-02 12:04:38][DEBUG] jax_fem: DeviceProblem: computing Jacobian on device
[07-02 12:04:38][DEBUG] jax_fem: Function split_and_compute_cell took 0.0379 seconds
[07-02 12:04:39][DEBUG] jax_fem: Computing cell residual...
[07-02 12:04:39][DEBUG] jax_fem: Function split_and_compute_cell took 0.0737 seconds
[07-02 12:04:39][INFO] jax_fem: CuDSS backward: solving adjoint problem …
[07-02 12:04:39][DEBUG] jax_fem: DeviceProblem: computing Jacobian on device
[07-02 12:04:39][DEBUG] jax_fem: Function split_and_compute_cell took 0.0308 seconds
[07-02 12:04:39][DEBUG] jax_fem: Computing cell residual...
[07-02 12:04:39][DEBUG] jax_fem: Function split_and_compute_cell took 0.0669 seconds
[07-02 12:04:40][DEBUG] jax_fem: CuDSSNewtonSolver: starting Newton loop
[07-02 12:04:40][DEBUG] jax_fem: DeviceProblem: computing Jacobian on device
[07-02 12:04:40][DEBUG] jax_fem: Function split_and_compute_cell took 0.0469 seconds
[07-02 12:04:40][DEBUG] jax_fem: CuDSSNewtonSolver: initial residual = 2.235e+08
[07-02 12:04:41][DEBUG] jax_fem: DeviceProblem: computing Jacobian on device
[07-02 12:04:41][DEBUG] jax_fem: Function split_and_compute_cell took 0.0567 seconds
[07-02 12:04:41][DEBUG] jax_fem: CuDSSNewtonSolver: iter=1  res=1.540e-05  rel=6.889e-14
[07-02 12:04:41][INFO] jax_fem: CuDSSNewtonSolver: solve finished in 0.15s  res=1.540e-05
[07-02 12:04:41][DEBUG] jax_fem: CuDSSNewtonSolver: starting Newton loop
[07-02 12:04:41][DEBUG] jax_fem: DeviceProblem: computing Jacobian on device
[07-02 12:04:41][DEBUG] jax_fem: Function split_and_compute_cell took 0.0425 seconds
[07-02 12:04:41][DEBUG] jax_fem: CuDSSNewtonSolver: initial residual = 2.216e+08
[07-02 12:04:41][DEBUG] jax_fem: DeviceProblem: computing Jacobian on device
[07-02 12:04:41][DEBUG] jax_fem: Function split_and_compute_cell took 0.0335 seconds
[07-02 12:04:41][DEBUG] jax_fem: CuDSSNewtonSolver: iter=1  res=1.474e-05  rel=6.649e-14
[07-02 12:04:41][INFO] jax_fem: CuDSSNewtonSolver: solve finished in 0.12s  res=1.474e-05
[07-02 12:04:41][DEBUG] jax_fem: CuDSSNewtonSolver: starting Newton loop
[07-02 12:04:41][DEBUG] jax_fem: DeviceProblem: computing Jacobian on device
[07-02 12:04:41][DEBUG] jax_fem: Function split_and_compute_cell took 0.0509 seconds
[07-02 12:04:41][DEBUG] jax_fem: CuDSSNewtonSolver: initial residual = 2.211e+08
[07-02 12:04:41][DEBUG] jax_fem: DeviceProblem: computing Jacobian on device
[07-02 12:04:41][DEBUG] jax_fem: Function split_and_compute_cell took 0.0398 seconds
[07-02 12:04:41][DEBUG] jax_fem: CuDSSNewtonSolver: iter=1  res=1.656e-05  rel=7.493e-14
[07-02 12:04:41][INFO] jax_fem: CuDSSNewtonSolver: solve finished in 0.14s  res=1.656e-05
[07-02 12:04:42][DEBUG] jax_fem: CuDSSNewtonSolver: starting Newton loop
[07-02 12:04:42][DEBUG] jax_fem: DeviceProblem: computing Jacobian on device
[07-02 12:04:42][DEBUG] jax_fem: Function split_and_compute_cell took 0.0255 seconds
[07-02 12:04:42][DEBUG] jax_fem: CuDSSNewtonSolver: initial residual = 2.236e+08
[07-02 12:04:42][DEBUG] jax_fem: DeviceProblem: computing Jacobian on device
[07-02 12:04:42][DEBUG] jax_fem: Function split_and_compute_cell took 0.0255 seconds
[07-02 12:04:42][DEBUG] jax_fem: CuDSSNewtonSolver: iter=1  res=1.484e-05  rel=6.635e-14
[07-02 12:04:42][INFO] jax_fem: CuDSSNewtonSolver: solve finished in 0.09s  res=1.484e-05
[07-02 12:04:42][DEBUG] jax_fem: CuDSSNewtonSolver: starting Newton loop
[07-02 12:04:42][DEBUG] jax_fem: DeviceProblem: computing Jacobian on device
[07-02 12:04:42][DEBUG] jax_fem: Function split_and_compute_cell took 0.0315 seconds
[07-02 12:04:42][DEBUG] jax_fem: CuDSSNewtonSolver: initial residual = 2.223e+08
[07-02 12:04:42][DEBUG] jax_fem: DeviceProblem: computing Jacobian on device
[07-02 12:04:42][DEBUG] jax_fem: Function split_and_compute_cell took 0.0339 seconds
[07-02 12:04:42][DEBUG] jax_fem: CuDSSNewtonSolver: iter=1  res=1.362e-05  rel=6.128e-14
[07-02 12:04:42][INFO] jax_fem: CuDSSNewtonSolver: solve finished in 0.11s  res=1.362e-05
[07-02 12:04:44][DEBUG] jax_fem: CuDSSNewtonSolver: starting Newton loop
[07-02 12:04:44][DEBUG] jax_fem: DeviceProblem: computing Jacobian on device
[07-02 12:04:44][DEBUG] jax_fem: Function split_and_compute_cell took 0.0284 seconds
[07-02 12:04:44][DEBUG] jax_fem: CuDSSNewtonSolver: initial residual = 2.235e+08
[07-02 12:04:44][DEBUG] jax_fem: DeviceProblem: computing Jacobian on device
[07-02 12:04:44][DEBUG] jax_fem: Function split_and_compute_cell took 0.0268 seconds
[07-02 12:04:44][DEBUG] jax_fem: CuDSSNewtonSolver: iter=1  res=1.470e-05  rel=6.576e-14
[07-02 12:04:44][INFO] jax_fem: CuDSSNewtonSolver: solve finished in 0.09s  res=1.470e-05
[07-02 12:04:44][DEBUG] jax_fem: CuDSSNewtonSolver: starting Newton loop
[07-02 12:04:44][DEBUG] jax_fem: DeviceProblem: computing Jacobian on device
[07-02 12:04:44][DEBUG] jax_fem: Function split_and_compute_cell took 0.0265 seconds
[07-02 12:04:44][DEBUG] jax_fem: CuDSSNewtonSolver: initial residual = 2.216e+08
[07-02 12:04:44][DEBUG] jax_fem: DeviceProblem: computing Jacobian on device
[07-02 12:04:44][DEBUG] jax_fem: Function split_and_compute_cell took 0.0289 seconds
[07-02 12:04:44][DEBUG] jax_fem: CuDSSNewtonSolver: iter=1  res=1.623e-05  rel=7.324e-14
[07-02 12:04:44][INFO] jax_fem: CuDSSNewtonSolver: solve finished in 0.09s  res=1.623e-05
[07-02 12:04:45][DEBUG] jax_fem: CuDSSNewtonSolver: starting Newton loop
[07-02 12:04:45][DEBUG] jax_fem: DeviceProblem: computing Jacobian on device
[07-02 12:04:45][DEBUG] jax_fem: Function split_and_compute_cell took 0.0262 seconds
[07-02 12:04:45][DEBUG] jax_fem: CuDSSNewtonSolver: initial residual = 2.211e+08
[07-02 12:04:45][DEBUG] jax_fem: DeviceProblem: computing Jacobian on device
[07-02 12:04:45][DEBUG] jax_fem: Function split_and_compute_cell took 0.0264 seconds
[07-02 12:04:45][DEBUG] jax_fem: CuDSSNewtonSolver: iter=1  res=1.680e-05  rel=7.598e-14
[07-02 12:04:45][INFO] jax_fem: CuDSSNewtonSolver: solve finished in 0.09s  res=1.680e-05
[07-02 12:04:46][DEBUG] jax_fem: CuDSSNewtonSolver: starting Newton loop
[07-02 12:04:46][DEBUG] jax_fem: DeviceProblem: computing Jacobian on device
[07-02 12:04:46][DEBUG] jax_fem: Function split_and_compute_cell took 0.0268 seconds
[07-02 12:04:46][DEBUG] jax_fem: CuDSSNewtonSolver: initial residual = 2.236e+08
[07-02 12:04:46][DEBUG] jax_fem: DeviceProblem: computing Jacobian on device
[07-02 12:04:46][DEBUG] jax_fem: Function split_and_compute_cell took 0.0274 seconds
[07-02 12:04:46][DEBUG] jax_fem: CuDSSNewtonSolver: iter=1  res=1.562e-05  rel=6.985e-14
[07-02 12:04:46][INFO] jax_fem: CuDSSNewtonSolver: solve finished in 0.09s  res=1.562e-05
[07-02 12:04:46][DEBUG] jax_fem: CuDSSNewtonSolver: starting Newton loop
[07-02 12:04:46][DEBUG] jax_fem: DeviceProblem: computing Jacobian on device
[07-02 12:04:46][DEBUG] jax_fem: Function split_and_compute_cell took 0.0262 seconds
[07-02 12:04:46][DEBUG] jax_fem: CuDSSNewtonSolver: initial residual = 2.223e+08
[07-02 12:04:46][DEBUG] jax_fem: DeviceProblem: computing Jacobian on device
[07-02 12:04:46][DEBUG] jax_fem: Function split_and_compute_cell took 0.0270 seconds
[07-02 12:04:46][DEBUG] jax_fem: CuDSSNewtonSolver: iter=1  res=1.315e-05  rel=5.914e-14
[07-02 12:04:46][INFO] jax_fem: CuDSSNewtonSolver: solve finished in 0.09s  res=1.315e-05
[07-02 12:04:46][INFO] jax_fem: CuDSS backward: solving adjoint problem …
[07-02 12:04:46][DEBUG] jax_fem: DeviceProblem: computing Jacobian on device
[07-02 12:04:47][DEBUG] jax_fem: Function split_and_compute_cell took 0.0534 seconds
[07-02 12:04:47][DEBUG] jax_fem: Computing cell residual...
[07-02 12:04:47][DEBUG] jax_fem: Function split_and_compute_cell took 0.0643 seconds
[07-02 12:04:47][INFO] jax_fem: CuDSS backward: solving adjoint problem …
[07-02 12:04:47][DEBUG] jax_fem: DeviceProblem: computing Jacobian on device
[07-02 12:04:47][DEBUG] jax_fem: Function split_and_compute_cell took 0.0511 seconds
[07-02 12:04:47][DEBUG] jax_fem: Computing cell residual...
[07-02 12:04:47][DEBUG] jax_fem: Function split_and_compute_cell took 0.0586 seconds
[07-02 12:04:47][INFO] jax_fem: CuDSS backward: solving adjoint problem …
[07-02 12:04:47][DEBUG] jax_fem: DeviceProblem: computing Jacobian on device
[07-02 12:04:47][DEBUG] jax_fem: Function split_and_compute_cell took 0.0318 seconds
[07-02 12:04:47][DEBUG] jax_fem: Computing cell residual...
[07-02 12:04:47][DEBUG] jax_fem: Function split_and_compute_cell took 0.0634 seconds
[07-02 12:04:48][INFO] jax_fem: CuDSS backward: solving adjoint problem …
[07-02 12:04:48][DEBUG] jax_fem: DeviceProblem: computing Jacobian on device
[07-02 12:04:48][DEBUG] jax_fem: Function split_and_compute_cell took 0.0313 seconds
[07-02 12:04:48][DEBUG] jax_fem: Computing cell residual...
[07-02 12:04:48][DEBUG] jax_fem: Function split_and_compute_cell took 0.0557 seconds
[07-02 12:04:48][INFO] jax_fem: CuDSS backward: solving adjoint problem …
[07-02 12:04:48][DEBUG] jax_fem: DeviceProblem: computing Jacobian on device
[07-02 12:04:48][DEBUG] jax_fem: Function split_and_compute_cell took 0.0259 seconds
[07-02 12:04:48][DEBUG] jax_fem: Computing cell residual...
[07-02 12:04:48][DEBUG] jax_fem: Function split_and_compute_cell took 0.0507 seconds
[07-02 12:04:49][DEBUG] jax_fem: CuDSSNewtonSolver: starting Newton loop
[07-02 12:04:49][DEBUG] jax_fem: DeviceProblem: computing Jacobian on device
[07-02 12:04:50][DEBUG] jax_fem: Function split_and_compute_cell took 0.0456 seconds
[07-02 12:04:50][DEBUG] jax_fem: CuDSSNewtonSolver: initial residual = 2.235e+08
[07-02 12:04:50][DEBUG] jax_fem: DeviceProblem: computing Jacobian on device
[07-02 12:04:50][DEBUG] jax_fem: Function split_and_compute_cell took 0.0304 seconds
[07-02 12:04:50][DEBUG] jax_fem: CuDSSNewtonSolver: iter=1  res=1.589e-05  rel=7.110e-14
[07-02 12:04:50][INFO] jax_fem: CuDSSNewtonSolver: solve finished in 0.11s  res=1.589e-05
[07-02 12:04:50][DEBUG] jax_fem: CuDSSNewtonSolver: starting Newton loop
[07-02 12:04:50][DEBUG] jax_fem: DeviceProblem: computing Jacobian on device
[07-02 12:04:50][DEBUG] jax_fem: Function split_and_compute_cell took 0.0506 seconds
[07-02 12:04:50][DEBUG] jax_fem: CuDSSNewtonSolver: initial residual = 2.216e+08
[07-02 12:04:50][DEBUG] jax_fem: DeviceProblem: computing Jacobian on device
[07-02 12:04:50][DEBUG] jax_fem: Function split_and_compute_cell took 0.0525 seconds
[07-02 12:04:50][DEBUG] jax_fem: CuDSSNewtonSolver: iter=1  res=1.560e-05  rel=7.039e-14
[07-02 12:04:50][INFO] jax_fem: CuDSSNewtonSolver: solve finished in 0.14s  res=1.560e-05
[07-02 12:04:50][DEBUG] jax_fem: CuDSSNewtonSolver: starting Newton loop
[07-02 12:04:50][DEBUG] jax_fem: DeviceProblem: computing Jacobian on device
[07-02 12:04:50][DEBUG] jax_fem: Function split_and_compute_cell took 0.0513 seconds
[07-02 12:04:50][DEBUG] jax_fem: CuDSSNewtonSolver: initial residual = 2.211e+08
[07-02 12:04:50][DEBUG] jax_fem: DeviceProblem: computing Jacobian on device
[07-02 12:04:50][DEBUG] jax_fem: Function split_and_compute_cell took 0.0401 seconds
[07-02 12:04:50][DEBUG] jax_fem: CuDSSNewtonSolver: iter=1  res=1.612e-05  rel=7.294e-14
[07-02 12:04:50][INFO] jax_fem: CuDSSNewtonSolver: solve finished in 0.13s  res=1.612e-05
[07-02 12:04:51][DEBUG] jax_fem: CuDSSNewtonSolver: starting Newton loop
[07-02 12:04:51][DEBUG] jax_fem: DeviceProblem: computing Jacobian on device
[07-02 12:04:51][DEBUG] jax_fem: Function split_and_compute_cell took 0.0540 seconds
[07-02 12:04:51][DEBUG] jax_fem: CuDSSNewtonSolver: initial residual = 2.236e+08
[07-02 12:04:51][DEBUG] jax_fem: DeviceProblem: computing Jacobian on device
[07-02 12:04:51][DEBUG] jax_fem: Function split_and_compute_cell took 0.0300 seconds
[07-02 12:04:51][DEBUG] jax_fem: CuDSSNewtonSolver: iter=1  res=1.519e-05  rel=6.793e-14
[07-02 12:04:51][INFO] jax_fem: CuDSSNewtonSolver: solve finished in 0.13s  res=1.519e-05
[07-02 12:04:51][DEBUG] jax_fem: CuDSSNewtonSolver: starting Newton loop
[07-02 12:04:51][DEBUG] jax_fem: DeviceProblem: computing Jacobian on device
[07-02 12:04:51][DEBUG] jax_fem: Function split_and_compute_cell took 0.0342 seconds
[07-02 12:04:51][DEBUG] jax_fem: CuDSSNewtonSolver: initial residual = 2.223e+08
[07-02 12:04:51][DEBUG] jax_fem: DeviceProblem: computing Jacobian on device
[07-02 12:04:51][DEBUG] jax_fem: Function split_and_compute_cell took 0.0317 seconds
[07-02 12:04:51][DEBUG] jax_fem: CuDSSNewtonSolver: iter=1  res=1.335e-05  rel=6.003e-14
[07-02 12:04:51][INFO] jax_fem: CuDSSNewtonSolver: solve finished in 0.11s  res=1.335e-05
[07-02 12:04:53][DEBUG] jax_fem: CuDSSNewtonSolver: starting Newton loop
[07-02 12:04:53][DEBUG] jax_fem: DeviceProblem: computing Jacobian on device
[07-02 12:04:53][DEBUG] jax_fem: Function split_and_compute_cell took 0.0277 seconds
[07-02 12:04:53][DEBUG] jax_fem: CuDSSNewtonSolver: initial residual = 2.235e+08
[07-02 12:04:53][DEBUG] jax_fem: DeviceProblem: computing Jacobian on device
[07-02 12:04:53][DEBUG] jax_fem: Function split_and_compute_cell took 0.0286 seconds
[07-02 12:04:53][DEBUG] jax_fem: CuDSSNewtonSolver: iter=1  res=1.508e-05  rel=6.750e-14
[07-02 12:04:53][INFO] jax_fem: CuDSSNewtonSolver: solve finished in 0.09s  res=1.508e-05
[07-02 12:04:53][DEBUG] jax_fem: CuDSSNewtonSolver: starting Newton loop
[07-02 12:04:53][DEBUG] jax_fem: DeviceProblem: computing Jacobian on device
[07-02 12:04:53][DEBUG] jax_fem: Function split_and_compute_cell took 0.0258 seconds
[07-02 12:04:53][DEBUG] jax_fem: CuDSSNewtonSolver: initial residual = 2.216e+08
[07-02 12:04:53][DEBUG] jax_fem: DeviceProblem: computing Jacobian on device
[07-02 12:04:53][DEBUG] jax_fem: Function split_and_compute_cell took 0.0260 seconds
[07-02 12:04:53][DEBUG] jax_fem: CuDSSNewtonSolver: iter=1  res=1.483e-05  rel=6.692e-14
[07-02 12:04:53][INFO] jax_fem: CuDSSNewtonSolver: solve finished in 0.09s  res=1.483e-05
[07-02 12:04:54][DEBUG] jax_fem: CuDSSNewtonSolver: starting Newton loop
[07-02 12:04:54][DEBUG] jax_fem: DeviceProblem: computing Jacobian on device
[07-02 12:04:54][DEBUG] jax_fem: Function split_and_compute_cell took 0.0260 seconds
[07-02 12:04:54][DEBUG] jax_fem: CuDSSNewtonSolver: initial residual = 2.211e+08
[07-02 12:04:54][DEBUG] jax_fem: DeviceProblem: computing Jacobian on device
[07-02 12:04:54][DEBUG] jax_fem: Function split_and_compute_cell took 0.0267 seconds
[07-02 12:04:54][DEBUG] jax_fem: CuDSSNewtonSolver: iter=1  res=1.695e-05  rel=7.668e-14
[07-02 12:04:54][INFO] jax_fem: CuDSSNewtonSolver: solve finished in 0.09s  res=1.695e-05
[07-02 12:04:55][DEBUG] jax_fem: CuDSSNewtonSolver: starting Newton loop
[07-02 12:04:55][DEBUG] jax_fem: DeviceProblem: computing Jacobian on device
[07-02 12:04:55][DEBUG] jax_fem: Function split_and_compute_cell took 0.0264 seconds
[07-02 12:04:55][DEBUG] jax_fem: CuDSSNewtonSolver: initial residual = 2.236e+08
[07-02 12:04:55][DEBUG] jax_fem: DeviceProblem: computing Jacobian on device
[07-02 12:04:55][DEBUG] jax_fem: Function split_and_compute_cell took 0.0274 seconds
[07-02 12:04:55][DEBUG] jax_fem: CuDSSNewtonSolver: iter=1  res=1.596e-05  rel=7.137e-14
[07-02 12:04:55][INFO] jax_fem: CuDSSNewtonSolver: solve finished in 0.09s  res=1.596e-05
[07-02 12:04:55][DEBUG] jax_fem: CuDSSNewtonSolver: starting Newton loop
[07-02 12:04:55][DEBUG] jax_fem: DeviceProblem: computing Jacobian on device
[07-02 12:04:55][DEBUG] jax_fem: Function split_and_compute_cell took 0.0283 seconds
[07-02 12:04:55][DEBUG] jax_fem: CuDSSNewtonSolver: initial residual = 2.223e+08
[07-02 12:04:55][DEBUG] jax_fem: DeviceProblem: computing Jacobian on device
[07-02 12:04:55][DEBUG] jax_fem: Function split_and_compute_cell took 0.0264 seconds
[07-02 12:04:55][DEBUG] jax_fem: CuDSSNewtonSolver: iter=1  res=1.307e-05  rel=5.880e-14
[07-02 12:04:55][INFO] jax_fem: CuDSSNewtonSolver: solve finished in 0.09s  res=1.307e-05
[07-02 12:04:55][INFO] jax_fem: CuDSS backward: solving adjoint problem …
[07-02 12:04:55][DEBUG] jax_fem: DeviceProblem: computing Jacobian on device
[07-02 12:04:55][DEBUG] jax_fem: Function split_and_compute_cell took 0.0394 seconds
[07-02 12:04:55][DEBUG] jax_fem: Computing cell residual...
[07-02 12:04:55][DEBUG] jax_fem: Function split_and_compute_cell took 0.0558 seconds
[07-02 12:04:56][INFO] jax_fem: CuDSS backward: solving adjoint problem …
[07-02 12:04:56][DEBUG] jax_fem: DeviceProblem: computing Jacobian on device
[07-02 12:04:56][DEBUG] jax_fem: Function split_and_compute_cell took 0.0274 seconds
[07-02 12:04:56][DEBUG] jax_fem: Computing cell residual...
[07-02 12:04:56][DEBUG] jax_fem: Function split_and_compute_cell took 0.0706 seconds
[07-02 12:04:56][INFO] jax_fem: CuDSS backward: solving adjoint problem …
[07-02 12:04:56][DEBUG] jax_fem: DeviceProblem: computing Jacobian on device
[07-02 12:04:56][DEBUG] jax_fem: Function split_and_compute_cell took 0.0310 seconds
[07-02 12:04:56][DEBUG] jax_fem: Computing cell residual...
[07-02 12:04:56][DEBUG] jax_fem: Function split_and_compute_cell took 0.0635 seconds
[07-02 12:04:56][INFO] jax_fem: CuDSS backward: solving adjoint problem …
[07-02 12:04:56][DEBUG] jax_fem: DeviceProblem: computing Jacobian on device
[07-02 12:04:56][DEBUG] jax_fem: Function split_and_compute_cell took 0.0541 seconds
[07-02 12:04:57][DEBUG] jax_fem: Computing cell residual...
[07-02 12:04:57][DEBUG] jax_fem: Function split_and_compute_cell took 0.0565 seconds
[07-02 12:04:57][INFO] jax_fem: CuDSS backward: solving adjoint problem …
[07-02 12:04:57][DEBUG] jax_fem: DeviceProblem: computing Jacobian on device
[07-02 12:04:57][DEBUG] jax_fem: Function split_and_compute_cell took 0.0497 seconds
[07-02 12:04:57][DEBUG] jax_fem: Computing cell residual...
[07-02 12:04:57][DEBUG] jax_fem: Function split_and_compute_cell took 0.0620 seconds
[07-02 12:04:58][DEBUG] jax_fem: CuDSSNewtonSolver: starting Newton loop
[07-02 12:04:58][DEBUG] jax_fem: DeviceProblem: computing Jacobian on device
[07-02 12:04:58][DEBUG] jax_fem: Function split_and_compute_cell took 0.0362 seconds
[07-02 12:04:58][DEBUG] jax_fem: CuDSSNewtonSolver: initial residual = 2.235e+08
[07-02 12:04:58][DEBUG] jax_fem: DeviceProblem: computing Jacobian on device
[07-02 12:04:59][DEBUG] jax_fem: Function split_and_compute_cell took 0.0428 seconds
[07-02 12:04:59][DEBUG] jax_fem: CuDSSNewtonSolver: iter=1  res=1.586e-05  rel=7.098e-14
[07-02 12:04:59][INFO] jax_fem: CuDSSNewtonSolver: solve finished in 0.12s  res=1.586e-05
[07-02 12:04:59][DEBUG] jax_fem: CuDSSNewtonSolver: starting Newton loop
[07-02 12:04:59][DEBUG] jax_fem: DeviceProblem: computing Jacobian on device
[07-02 12:04:59][DEBUG] jax_fem: Function split_and_compute_cell took 0.0403 seconds
[07-02 12:04:59][DEBUG] jax_fem: CuDSSNewtonSolver: initial residual = 2.216e+08
[07-02 12:04:59][DEBUG] jax_fem: DeviceProblem: computing Jacobian on device
[07-02 12:04:59][DEBUG] jax_fem: Function split_and_compute_cell took 0.0584 seconds
[07-02 12:04:59][DEBUG] jax_fem: CuDSSNewtonSolver: iter=1  res=1.569e-05  rel=7.081e-14
[07-02 12:04:59][INFO] jax_fem: CuDSSNewtonSolver: solve finished in 0.14s  res=1.569e-05
[07-02 12:04:59][DEBUG] jax_fem: CuDSSNewtonSolver: starting Newton loop
[07-02 12:04:59][DEBUG] jax_fem: DeviceProblem: computing Jacobian on device
[07-02 12:04:59][DEBUG] jax_fem: Function split_and_compute_cell took 0.0446 seconds
[07-02 12:04:59][DEBUG] jax_fem: CuDSSNewtonSolver: initial residual = 2.211e+08
[07-02 12:04:59][DEBUG] jax_fem: DeviceProblem: computing Jacobian on device
[07-02 12:04:59][DEBUG] jax_fem: Function split_and_compute_cell took 0.0464 seconds
[07-02 12:04:59][DEBUG] jax_fem: CuDSSNewtonSolver: iter=1  res=1.547e-05  rel=6.998e-14
[07-02 12:04:59][INFO] jax_fem: CuDSSNewtonSolver: solve finished in 0.14s  res=1.547e-05
[07-02 12:05:00][DEBUG] jax_fem: CuDSSNewtonSolver: starting Newton loop
[07-02 12:05:00][DEBUG] jax_fem: DeviceProblem: computing Jacobian on device
[07-02 12:05:00][DEBUG] jax_fem: Function split_and_compute_cell took 0.0249 seconds
[07-02 12:05:00][DEBUG] jax_fem: CuDSSNewtonSolver: initial residual = 2.236e+08
[07-02 12:05:00][DEBUG] jax_fem: DeviceProblem: computing Jacobian on device
[07-02 12:05:00][DEBUG] jax_fem: Function split_and_compute_cell took 0.0255 seconds
[07-02 12:05:00][DEBUG] jax_fem: CuDSSNewtonSolver: iter=1  res=1.508e-05  rel=6.743e-14
[07-02 12:05:00][INFO] jax_fem: CuDSSNewtonSolver: solve finished in 0.09s  res=1.508e-05
[07-02 12:05:00][DEBUG] jax_fem: CuDSSNewtonSolver: starting Newton loop
[07-02 12:05:00][DEBUG] jax_fem: DeviceProblem: computing Jacobian on device
[07-02 12:05:00][DEBUG] jax_fem: Function split_and_compute_cell took 0.0260 seconds
[07-02 12:05:00][DEBUG] jax_fem: CuDSSNewtonSolver: initial residual = 2.223e+08
[07-02 12:05:00][DEBUG] jax_fem: DeviceProblem: computing Jacobian on device
[07-02 12:05:00][DEBUG] jax_fem: Function split_and_compute_cell took 0.0267 seconds
[07-02 12:05:00][DEBUG] jax_fem: CuDSSNewtonSolver: iter=1  res=1.316e-05  rel=5.917e-14
[07-02 12:05:00][INFO] jax_fem: CuDSSNewtonSolver: solve finished in 0.09s  res=1.316e-05
[07-02 12:05:02][DEBUG] jax_fem: CuDSSNewtonSolver: starting Newton loop
[07-02 12:05:02][DEBUG] jax_fem: DeviceProblem: computing Jacobian on device
[07-02 12:05:02][DEBUG] jax_fem: Function split_and_compute_cell took 0.0267 seconds
[07-02 12:05:02][DEBUG] jax_fem: CuDSSNewtonSolver: initial residual = 2.235e+08
[07-02 12:05:02][DEBUG] jax_fem: DeviceProblem: computing Jacobian on device
[07-02 12:05:02][DEBUG] jax_fem: Function split_and_compute_cell took 0.0265 seconds
[07-02 12:05:02][DEBUG] jax_fem: CuDSSNewtonSolver: iter=1  res=1.495e-05  rel=6.688e-14
[07-02 12:05:02][INFO] jax_fem: CuDSSNewtonSolver: solve finished in 0.09s  res=1.495e-05
[07-02 12:05:02][DEBUG] jax_fem: CuDSSNewtonSolver: starting Newton loop
[07-02 12:05:02][DEBUG] jax_fem: DeviceProblem: computing Jacobian on device
[07-02 12:05:02][DEBUG] jax_fem: Function split_and_compute_cell took 0.0266 seconds
[07-02 12:05:02][DEBUG] jax_fem: CuDSSNewtonSolver: initial residual = 2.216e+08
[07-02 12:05:02][DEBUG] jax_fem: DeviceProblem: computing Jacobian on device
[07-02 12:05:02][DEBUG] jax_fem: Function split_and_compute_cell took 0.0266 seconds
[07-02 12:05:02][DEBUG] jax_fem: CuDSSNewtonSolver: iter=1  res=1.576e-05  rel=7.110e-14
[07-02 12:05:02][INFO] jax_fem: CuDSSNewtonSolver: solve finished in 0.09s  res=1.576e-05
[07-02 12:05:03][DEBUG] jax_fem: CuDSSNewtonSolver: starting Newton loop
[07-02 12:05:03][DEBUG] jax_fem: DeviceProblem: computing Jacobian on device
[07-02 12:05:03][DEBUG] jax_fem: Function split_and_compute_cell took 0.0271 seconds
[07-02 12:05:03][DEBUG] jax_fem: CuDSSNewtonSolver: initial residual = 2.211e+08
[07-02 12:05:03][DEBUG] jax_fem: DeviceProblem: computing Jacobian on device
[07-02 12:05:03][DEBUG] jax_fem: Function split_and_compute_cell took 0.0266 seconds
[07-02 12:05:03][DEBUG] jax_fem: CuDSSNewtonSolver: iter=1  res=1.619e-05  rel=7.326e-14
[07-02 12:05:03][INFO] jax_fem: CuDSSNewtonSolver: solve finished in 0.09s  res=1.619e-05
[07-02 12:05:04][DEBUG] jax_fem: CuDSSNewtonSolver: starting Newton loop
[07-02 12:05:04][DEBUG] jax_fem: DeviceProblem: computing Jacobian on device
[07-02 12:05:04][DEBUG] jax_fem: Function split_and_compute_cell took 0.0270 seconds
[07-02 12:05:04][DEBUG] jax_fem: CuDSSNewtonSolver: initial residual = 2.236e+08
[07-02 12:05:04][DEBUG] jax_fem: DeviceProblem: computing Jacobian on device
[07-02 12:05:04][DEBUG] jax_fem: Function split_and_compute_cell took 0.0262 seconds
[07-02 12:05:04][DEBUG] jax_fem: CuDSSNewtonSolver: iter=1  res=1.516e-05  rel=6.778e-14
[07-02 12:05:04][INFO] jax_fem: CuDSSNewtonSolver: solve finished in 0.08s  res=1.516e-05
[07-02 12:05:04][DEBUG] jax_fem: CuDSSNewtonSolver: starting Newton loop
[07-02 12:05:04][DEBUG] jax_fem: DeviceProblem: computing Jacobian on device
[07-02 12:05:04][DEBUG] jax_fem: Function split_and_compute_cell took 0.0253 seconds
[07-02 12:05:04][DEBUG] jax_fem: CuDSSNewtonSolver: initial residual = 2.223e+08
[07-02 12:05:04][DEBUG] jax_fem: DeviceProblem: computing Jacobian on device
[07-02 12:05:04][DEBUG] jax_fem: Function split_and_compute_cell took 0.0267 seconds
[07-02 12:05:04][DEBUG] jax_fem: CuDSSNewtonSolver: iter=1  res=1.309e-05  rel=5.888e-14
[07-02 12:05:04][INFO] jax_fem: CuDSSNewtonSolver: solve finished in 0.09s  res=1.309e-05
[07-02 12:05:04][INFO] jax_fem: CuDSS backward: solving adjoint problem …
[07-02 12:05:04][DEBUG] jax_fem: DeviceProblem: computing Jacobian on device
[07-02 12:05:04][DEBUG] jax_fem: Function split_and_compute_cell took 0.0364 seconds
[07-02 12:05:04][DEBUG] jax_fem: Computing cell residual...
[07-02 12:05:04][DEBUG] jax_fem: Function split_and_compute_cell took 0.0580 seconds
[07-02 12:05:05][INFO] jax_fem: CuDSS backward: solving adjoint problem …
[07-02 12:05:05][DEBUG] jax_fem: DeviceProblem: computing Jacobian on device
[07-02 12:05:05][DEBUG] jax_fem: Function split_and_compute_cell took 0.0282 seconds
[07-02 12:05:05][DEBUG] jax_fem: Computing cell residual...
[07-02 12:05:05][DEBUG] jax_fem: Function split_and_compute_cell took 0.0723 seconds
[07-02 12:05:05][INFO] jax_fem: CuDSS backward: solving adjoint problem …
[07-02 12:05:05][DEBUG] jax_fem: DeviceProblem: computing Jacobian on device
[07-02 12:05:05][DEBUG] jax_fem: Function split_and_compute_cell took 0.0332 seconds
[07-02 12:05:05][DEBUG] jax_fem: Computing cell residual...
[07-02 12:05:05][DEBUG] jax_fem: Function split_and_compute_cell took 0.0624 seconds
[07-02 12:05:05][INFO] jax_fem: CuDSS backward: solving adjoint problem …
[07-02 12:05:05][DEBUG] jax_fem: DeviceProblem: computing Jacobian on device
[07-02 12:05:05][DEBUG] jax_fem: Function split_and_compute_cell took 0.0281 seconds
[07-02 12:05:06][DEBUG] jax_fem: Computing cell residual...
[07-02 12:05:06][DEBUG] jax_fem: Function split_and_compute_cell took 0.0633 seconds
[07-02 12:05:06][INFO] jax_fem: CuDSS backward: solving adjoint problem …
[07-02 12:05:06][DEBUG] jax_fem: DeviceProblem: computing Jacobian on device
[07-02 12:05:06][DEBUG] jax_fem: Function split_and_compute_cell took 0.0333 seconds
[07-02 12:05:06][DEBUG] jax_fem: Computing cell residual...
[07-02 12:05:06][DEBUG] jax_fem: Function split_and_compute_cell took 0.0722 seconds
[07-02 12:05:07][DEBUG] jax_fem: CuDSSNewtonSolver: starting Newton loop
[07-02 12:05:07][DEBUG] jax_fem: DeviceProblem: computing Jacobian on device
[07-02 12:05:07][DEBUG] jax_fem: Function split_and_compute_cell took 0.0347 seconds
[07-02 12:05:07][DEBUG] jax_fem: CuDSSNewtonSolver: initial residual = 2.235e+08
[07-02 12:05:07][DEBUG] jax_fem: DeviceProblem: computing Jacobian on device
[07-02 12:05:07][DEBUG] jax_fem: Function split_and_compute_cell took 0.0358 seconds
[07-02 12:05:08][DEBUG] jax_fem: CuDSSNewtonSolver: iter=1  res=1.615e-05  rel=7.224e-14
[07-02 12:05:08][INFO] jax_fem: CuDSSNewtonSolver: solve finished in 0.11s  res=1.615e-05
[07-02 12:05:08][DEBUG] jax_fem: CuDSSNewtonSolver: starting Newton loop
[07-02 12:05:08][DEBUG] jax_fem: DeviceProblem: computing Jacobian on device
[07-02 12:05:08][DEBUG] jax_fem: Function split_and_compute_cell took 0.0262 seconds
[07-02 12:05:08][DEBUG] jax_fem: CuDSSNewtonSolver: initial residual = 2.216e+08
[07-02 12:05:08][DEBUG] jax_fem: DeviceProblem: computing Jacobian on device
[07-02 12:05:08][DEBUG] jax_fem: Function split_and_compute_cell took 0.0233 seconds
[07-02 12:05:08][DEBUG] jax_fem: CuDSSNewtonSolver: iter=1  res=1.498e-05  rel=6.758e-14
[07-02 12:05:08][INFO] jax_fem: CuDSSNewtonSolver: solve finished in 0.09s  res=1.498e-05
[07-02 12:05:08][DEBUG] jax_fem: CuDSSNewtonSolver: starting Newton loop
[07-02 12:05:08][DEBUG] jax_fem: DeviceProblem: computing Jacobian on device
[07-02 12:05:08][DEBUG] jax_fem: Function split_and_compute_cell took 0.0237 seconds
[07-02 12:05:08][DEBUG] jax_fem: CuDSSNewtonSolver: initial residual = 2.211e+08
[07-02 12:05:08][DEBUG] jax_fem: DeviceProblem: computing Jacobian on device
[07-02 12:05:08][DEBUG] jax_fem: Function split_and_compute_cell took 0.0237 seconds
[07-02 12:05:08][DEBUG] jax_fem: CuDSSNewtonSolver: iter=1  res=1.690e-05  rel=7.647e-14
[07-02 12:05:08][INFO] jax_fem: CuDSSNewtonSolver: solve finished in 0.08s  res=1.690e-05
[07-02 12:05:08][DEBUG] jax_fem: CuDSSNewtonSolver: starting Newton loop
[07-02 12:05:08][DEBUG] jax_fem: DeviceProblem: computing Jacobian on device
[07-02 12:05:08][DEBUG] jax_fem: Function split_and_compute_cell took 0.0406 seconds
[07-02 12:05:08][DEBUG] jax_fem: CuDSSNewtonSolver: initial residual = 2.236e+08
[07-02 12:05:08][DEBUG] jax_fem: DeviceProblem: computing Jacobian on device
[07-02 12:05:08][DEBUG] jax_fem: Function split_and_compute_cell took 0.0639 seconds
[07-02 12:05:08][DEBUG] jax_fem: CuDSSNewtonSolver: iter=1  res=1.506e-05  rel=6.732e-14
[07-02 12:05:08][INFO] jax_fem: CuDSSNewtonSolver: solve finished in 0.15s  res=1.506e-05
[07-02 12:05:09][DEBUG] jax_fem: CuDSSNewtonSolver: starting Newton loop
[07-02 12:05:09][DEBUG] jax_fem: DeviceProblem: computing Jacobian on device
[07-02 12:05:09][DEBUG] jax_fem: Function split_and_compute_cell took 0.0459 seconds
[07-02 12:05:09][DEBUG] jax_fem: CuDSSNewtonSolver: initial residual = 2.223e+08
[07-02 12:05:09][DEBUG] jax_fem: DeviceProblem: computing Jacobian on device
[07-02 12:05:09][DEBUG] jax_fem: Function split_and_compute_cell took 0.0637 seconds
[07-02 12:05:09][DEBUG] jax_fem: CuDSSNewtonSolver: iter=1  res=1.341e-05  rel=6.033e-14
[07-02 12:05:09][INFO] jax_fem: CuDSSNewtonSolver: solve finished in 0.15s  res=1.341e-05
[07-02 12:05:11][DEBUG] jax_fem: CuDSSNewtonSolver: starting Newton loop
[07-02 12:05:11][DEBUG] jax_fem: DeviceProblem: computing Jacobian on device
[07-02 12:05:11][DEBUG] jax_fem: Function split_and_compute_cell took 0.0287 seconds
[07-02 12:05:11][DEBUG] jax_fem: CuDSSNewtonSolver: initial residual = 2.235e+08
[07-02 12:05:11][DEBUG] jax_fem: DeviceProblem: computing Jacobian on device
[07-02 12:05:11][DEBUG] jax_fem: Function split_and_compute_cell took 0.0263 seconds
[07-02 12:05:11][DEBUG] jax_fem: CuDSSNewtonSolver: iter=1  res=1.552e-05  rel=6.946e-14
[07-02 12:05:11][INFO] jax_fem: CuDSSNewtonSolver: solve finished in 0.09s  res=1.552e-05
[07-02 12:05:11][DEBUG] jax_fem: CuDSSNewtonSolver: starting Newton loop
[07-02 12:05:11][DEBUG] jax_fem: DeviceProblem: computing Jacobian on device
[07-02 12:05:11][DEBUG] jax_fem: Function split_and_compute_cell took 0.0276 seconds
[07-02 12:05:11][DEBUG] jax_fem: CuDSSNewtonSolver: initial residual = 2.216e+08
[07-02 12:05:11][DEBUG] jax_fem: DeviceProblem: computing Jacobian on device
[07-02 12:05:11][DEBUG] jax_fem: Function split_and_compute_cell took 0.0275 seconds
[07-02 12:05:11][DEBUG] jax_fem: CuDSSNewtonSolver: iter=1  res=1.593e-05  rel=7.189e-14
[07-02 12:05:11][INFO] jax_fem: CuDSSNewtonSolver: solve finished in 0.09s  res=1.593e-05
[07-02 12:05:12][DEBUG] jax_fem: CuDSSNewtonSolver: starting Newton loop
[07-02 12:05:12][DEBUG] jax_fem: DeviceProblem: computing Jacobian on device
[07-02 12:05:12][DEBUG] jax_fem: Function split_and_compute_cell took 0.0277 seconds
[07-02 12:05:12][DEBUG] jax_fem: CuDSSNewtonSolver: initial residual = 2.211e+08
[07-02 12:05:12][DEBUG] jax_fem: DeviceProblem: computing Jacobian on device
[07-02 12:05:12][DEBUG] jax_fem: Function split_and_compute_cell took 0.0274 seconds
[07-02 12:05:12][DEBUG] jax_fem: CuDSSNewtonSolver: iter=1  res=1.626e-05  rel=7.355e-14
[07-02 12:05:12][INFO] jax_fem: CuDSSNewtonSolver: solve finished in 0.09s  res=1.626e-05
[07-02 12:05:12][DEBUG] jax_fem: CuDSSNewtonSolver: starting Newton loop
[07-02 12:05:12][DEBUG] jax_fem: DeviceProblem: computing Jacobian on device
[07-02 12:05:13][DEBUG] jax_fem: Function split_and_compute_cell took 0.0265 seconds
[07-02 12:05:13][DEBUG] jax_fem: CuDSSNewtonSolver: initial residual = 2.236e+08
[07-02 12:05:13][DEBUG] jax_fem: DeviceProblem: computing Jacobian on device
[07-02 12:05:13][DEBUG] jax_fem: Function split_and_compute_cell took 0.0273 seconds
[07-02 12:05:13][DEBUG] jax_fem: CuDSSNewtonSolver: iter=1  res=1.498e-05  rel=6.699e-14
[07-02 12:05:13][INFO] jax_fem: CuDSSNewtonSolver: solve finished in 0.09s  res=1.498e-05
[07-02 12:05:13][DEBUG] jax_fem: CuDSSNewtonSolver: starting Newton loop
[07-02 12:05:13][DEBUG] jax_fem: DeviceProblem: computing Jacobian on device
[07-02 12:05:13][DEBUG] jax_fem: Function split_and_compute_cell took 0.0271 seconds
[07-02 12:05:13][DEBUG] jax_fem: CuDSSNewtonSolver: initial residual = 2.223e+08
[07-02 12:05:13][DEBUG] jax_fem: DeviceProblem: computing Jacobian on device
[07-02 12:05:13][DEBUG] jax_fem: Function split_and_compute_cell took 0.0290 seconds
[07-02 12:05:13][DEBUG] jax_fem: CuDSSNewtonSolver: iter=1  res=1.467e-05  rel=6.599e-14
[07-02 12:05:13][INFO] jax_fem: CuDSSNewtonSolver: solve finished in 0.09s  res=1.467e-05
[07-02 12:05:13][INFO] jax_fem: CuDSS backward: solving adjoint problem …
[07-02 12:05:13][DEBUG] jax_fem: DeviceProblem: computing Jacobian on device
[07-02 12:05:13][DEBUG] jax_fem: Function split_and_compute_cell took 0.0529 seconds
[07-02 12:05:13][DEBUG] jax_fem: Computing cell residual...
[07-02 12:05:13][DEBUG] jax_fem: Function split_and_compute_cell took 0.0548 seconds
[07-02 12:05:14][INFO] jax_fem: CuDSS backward: solving adjoint problem …
[07-02 12:05:14][DEBUG] jax_fem: DeviceProblem: computing Jacobian on device
[07-02 12:05:14][DEBUG] jax_fem: Function split_and_compute_cell took 0.0422 seconds
[07-02 12:05:14][DEBUG] jax_fem: Computing cell residual...
[07-02 12:05:14][DEBUG] jax_fem: Function split_and_compute_cell took 0.0622 seconds
[07-02 12:05:14][INFO] jax_fem: CuDSS backward: solving adjoint problem …
[07-02 12:05:14][DEBUG] jax_fem: DeviceProblem: computing Jacobian on device
[07-02 12:05:14][DEBUG] jax_fem: Function split_and_compute_cell took 0.0448 seconds
[07-02 12:05:14][DEBUG] jax_fem: Computing cell residual...
[07-02 12:05:14][DEBUG] jax_fem: Function split_and_compute_cell took 0.0681 seconds
[07-02 12:05:14][INFO] jax_fem: CuDSS backward: solving adjoint problem …
[07-02 12:05:14][DEBUG] jax_fem: DeviceProblem: computing Jacobian on device
[07-02 12:05:14][DEBUG] jax_fem: Function split_and_compute_cell took 0.0427 seconds
[07-02 12:05:14][DEBUG] jax_fem: Computing cell residual...
[07-02 12:05:15][DEBUG] jax_fem: Function split_and_compute_cell took 0.0732 seconds
[07-02 12:05:15][INFO] jax_fem: CuDSS backward: solving adjoint problem …
[07-02 12:05:15][DEBUG] jax_fem: DeviceProblem: computing Jacobian on device
[07-02 12:05:15][DEBUG] jax_fem: Function split_and_compute_cell took 0.0311 seconds
[07-02 12:05:15][DEBUG] jax_fem: Computing cell residual...
[07-02 12:05:15][DEBUG] jax_fem: Function split_and_compute_cell took 0.0596 seconds
[07-02 12:05:16][DEBUG] jax_fem: CuDSSNewtonSolver: starting Newton loop
[07-02 12:05:16][DEBUG] jax_fem: DeviceProblem: computing Jacobian on device
[07-02 12:05:16][DEBUG] jax_fem: Function split_and_compute_cell took 0.0403 seconds
[07-02 12:05:16][DEBUG] jax_fem: CuDSSNewtonSolver: initial residual = 2.235e+08
[07-02 12:05:16][DEBUG] jax_fem: DeviceProblem: computing Jacobian on device
[07-02 12:05:16][DEBUG] jax_fem: Function split_and_compute_cell took 0.0385 seconds
[07-02 12:05:16][DEBUG] jax_fem: CuDSSNewtonSolver: iter=1  res=1.516e-05  rel=6.785e-14
[07-02 12:05:16][INFO] jax_fem: CuDSSNewtonSolver: solve finished in 0.12s  res=1.516e-05
[07-02 12:05:17][DEBUG] jax_fem: CuDSSNewtonSolver: starting Newton loop
[07-02 12:05:17][DEBUG] jax_fem: DeviceProblem: computing Jacobian on device
[07-02 12:05:17][DEBUG] jax_fem: Function split_and_compute_cell took 0.0288 seconds
[07-02 12:05:17][DEBUG] jax_fem: CuDSSNewtonSolver: initial residual = 2.216e+08
[07-02 12:05:17][DEBUG] jax_fem: DeviceProblem: computing Jacobian on device
[07-02 12:05:17][DEBUG] jax_fem: Function split_and_compute_cell took 0.0560 seconds
[07-02 12:05:17][DEBUG] jax_fem: CuDSSNewtonSolver: iter=1  res=1.528e-05  rel=6.893e-14
[07-02 12:05:17][INFO] jax_fem: CuDSSNewtonSolver: solve finished in 0.13s  res=1.528e-05
[07-02 12:05:17][DEBUG] jax_fem: CuDSSNewtonSolver: starting Newton loop
[07-02 12:05:17][DEBUG] jax_fem: DeviceProblem: computing Jacobian on device
[07-02 12:05:17][DEBUG] jax_fem: Function split_and_compute_cell took 0.0450 seconds
[07-02 12:05:17][DEBUG] jax_fem: CuDSSNewtonSolver: initial residual = 2.211e+08
[07-02 12:05:17][DEBUG] jax_fem: DeviceProblem: computing Jacobian on device
[07-02 12:05:17][DEBUG] jax_fem: Function split_and_compute_cell took 0.0252 seconds
[07-02 12:05:17][DEBUG] jax_fem: CuDSSNewtonSolver: iter=1  res=1.596e-05  rel=7.219e-14
[07-02 12:05:17][INFO] jax_fem: CuDSSNewtonSolver: solve finished in 0.11s  res=1.596e-05
[07-02 12:05:17][DEBUG] jax_fem: CuDSSNewtonSolver: starting Newton loop
[07-02 12:05:17][DEBUG] jax_fem: DeviceProblem: computing Jacobian on device
[07-02 12:05:17][DEBUG] jax_fem: Function split_and_compute_cell took 0.0358 seconds
[07-02 12:05:17][DEBUG] jax_fem: CuDSSNewtonSolver: initial residual = 2.236e+08
[07-02 12:05:17][DEBUG] jax_fem: DeviceProblem: computing Jacobian on device
[07-02 12:05:18][DEBUG] jax_fem: Function split_and_compute_cell took 0.0478 seconds
[07-02 12:05:18][DEBUG] jax_fem: CuDSSNewtonSolver: iter=1  res=1.559e-05  rel=6.970e-14
[07-02 12:05:18][INFO] jax_fem: CuDSSNewtonSolver: solve finished in 0.12s  res=1.559e-05
[07-02 12:05:18][DEBUG] jax_fem: CuDSSNewtonSolver: starting Newton loop
[07-02 12:05:18][DEBUG] jax_fem: DeviceProblem: computing Jacobian on device
[07-02 12:05:18][DEBUG] jax_fem: Function split_and_compute_cell took 0.0470 seconds
[07-02 12:05:18][DEBUG] jax_fem: CuDSSNewtonSolver: initial residual = 2.223e+08
[07-02 12:05:18][DEBUG] jax_fem: DeviceProblem: computing Jacobian on device
[07-02 12:05:18][DEBUG] jax_fem: Function split_and_compute_cell took 0.0359 seconds
[07-02 12:05:18][DEBUG] jax_fem: CuDSSNewtonSolver: iter=1  res=1.371e-05  rel=6.166e-14
[07-02 12:05:18][INFO] jax_fem: CuDSSNewtonSolver: solve finished in 0.12s  res=1.371e-05
[07-02 12:05:20][DEBUG] jax_fem: CuDSSNewtonSolver: starting Newton loop
[07-02 12:05:20][DEBUG] jax_fem: DeviceProblem: computing Jacobian on device
[07-02 12:05:20][DEBUG] jax_fem: Function split_and_compute_cell took 0.0270 seconds
[07-02 12:05:20][DEBUG] jax_fem: CuDSSNewtonSolver: initial residual = 2.235e+08
[07-02 12:05:20][DEBUG] jax_fem: DeviceProblem: computing Jacobian on device
[07-02 12:05:20][DEBUG] jax_fem: Function split_and_compute_cell took 0.0264 seconds
[07-02 12:05:20][DEBUG] jax_fem: CuDSSNewtonSolver: iter=1  res=1.597e-05  rel=7.145e-14
[07-02 12:05:20][INFO] jax_fem: CuDSSNewtonSolver: solve finished in 0.09s  res=1.597e-05
[07-02 12:05:20][DEBUG] jax_fem: CuDSSNewtonSolver: starting Newton loop
[07-02 12:05:20][DEBUG] jax_fem: DeviceProblem: computing Jacobian on device
[07-02 12:05:20][DEBUG] jax_fem: Function split_and_compute_cell took 0.0259 seconds
[07-02 12:05:20][DEBUG] jax_fem: CuDSSNewtonSolver: initial residual = 2.216e+08
[07-02 12:05:20][DEBUG] jax_fem: DeviceProblem: computing Jacobian on device
[07-02 12:05:20][DEBUG] jax_fem: Function split_and_compute_cell took 0.0280 seconds
[07-02 12:05:20][DEBUG] jax_fem: CuDSSNewtonSolver: iter=1  res=1.550e-05  rel=6.992e-14
[07-02 12:05:20][INFO] jax_fem: CuDSSNewtonSolver: solve finished in 0.09s  res=1.550e-05
[07-02 12:05:21][DEBUG] jax_fem: CuDSSNewtonSolver: starting Newton loop
[07-02 12:05:21][DEBUG] jax_fem: DeviceProblem: computing Jacobian on device
[07-02 12:05:21][DEBUG] jax_fem: Function split_and_compute_cell took 0.0267 seconds
[07-02 12:05:21][DEBUG] jax_fem: CuDSSNewtonSolver: initial residual = 2.211e+08
[07-02 12:05:21][DEBUG] jax_fem: DeviceProblem: computing Jacobian on device
[07-02 12:05:21][DEBUG] jax_fem: Function split_and_compute_cell took 0.0386 seconds
[07-02 12:05:21][DEBUG] jax_fem: CuDSSNewtonSolver: iter=1  res=1.733e-05  rel=7.837e-14
[07-02 12:05:21][INFO] jax_fem: CuDSSNewtonSolver: solve finished in 0.10s  res=1.733e-05
[07-02 12:05:21][DEBUG] jax_fem: CuDSSNewtonSolver: starting Newton loop
[07-02 12:05:21][DEBUG] jax_fem: DeviceProblem: computing Jacobian on device
[07-02 12:05:21][DEBUG] jax_fem: Function split_and_compute_cell took 0.0293 seconds
[07-02 12:05:21][DEBUG] jax_fem: CuDSSNewtonSolver: initial residual = 2.236e+08
[07-02 12:05:21][DEBUG] jax_fem: DeviceProblem: computing Jacobian on device
[07-02 12:05:21][DEBUG] jax_fem: Function split_and_compute_cell took 0.0274 seconds
[07-02 12:05:21][DEBUG] jax_fem: CuDSSNewtonSolver: iter=1  res=1.502e-05  rel=6.715e-14
[07-02 12:05:21][INFO] jax_fem: CuDSSNewtonSolver: solve finished in 0.09s  res=1.502e-05
[07-02 12:05:22][DEBUG] jax_fem: CuDSSNewtonSolver: starting Newton loop
[07-02 12:05:22][DEBUG] jax_fem: DeviceProblem: computing Jacobian on device
[07-02 12:05:22][DEBUG] jax_fem: Function split_and_compute_cell took 0.0279 seconds
[07-02 12:05:22][DEBUG] jax_fem: CuDSSNewtonSolver: initial residual = 2.223e+08
[07-02 12:05:22][DEBUG] jax_fem: DeviceProblem: computing Jacobian on device
[07-02 12:05:22][DEBUG] jax_fem: Function split_and_compute_cell took 0.0267 seconds
[07-02 12:05:22][DEBUG] jax_fem: CuDSSNewtonSolver: iter=1  res=1.334e-05  rel=6.000e-14
[07-02 12:05:22][INFO] jax_fem: CuDSSNewtonSolver: solve finished in 0.09s  res=1.334e-05
[07-02 12:05:22][INFO] jax_fem: CuDSS backward: solving adjoint problem …
[07-02 12:05:22][DEBUG] jax_fem: DeviceProblem: computing Jacobian on device
[07-02 12:05:22][DEBUG] jax_fem: Function split_and_compute_cell took 0.0452 seconds
[07-02 12:05:22][DEBUG] jax_fem: Computing cell residual...
[07-02 12:05:22][DEBUG] jax_fem: Function split_and_compute_cell took 0.0624 seconds
[07-02 12:05:23][INFO] jax_fem: CuDSS backward: solving adjoint problem …
[07-02 12:05:23][DEBUG] jax_fem: DeviceProblem: computing Jacobian on device
[07-02 12:05:23][DEBUG] jax_fem: Function split_and_compute_cell took 0.0436 seconds
[07-02 12:05:23][DEBUG] jax_fem: Computing cell residual...
[07-02 12:05:23][DEBUG] jax_fem: Function split_and_compute_cell took 0.0701 seconds
[07-02 12:05:23][INFO] jax_fem: CuDSS backward: solving adjoint problem …
[07-02 12:05:23][DEBUG] jax_fem: DeviceProblem: computing Jacobian on device
[07-02 12:05:23][DEBUG] jax_fem: Function split_and_compute_cell took 0.0250 seconds
[07-02 12:05:23][DEBUG] jax_fem: Computing cell residual...
[07-02 12:05:23][DEBUG] jax_fem: Function split_and_compute_cell took 0.0613 seconds
[07-02 12:05:23][INFO] jax_fem: CuDSS backward: solving adjoint problem …
[07-02 12:05:23][DEBUG] jax_fem: DeviceProblem: computing Jacobian on device
[07-02 12:05:24][DEBUG] jax_fem: Function split_and_compute_cell took 0.0290 seconds
[07-02 12:05:24][DEBUG] jax_fem: Computing cell residual...
[07-02 12:05:24][DEBUG] jax_fem: Function split_and_compute_cell took 0.0587 seconds
[07-02 12:05:24][INFO] jax_fem: CuDSS backward: solving adjoint problem …
[07-02 12:05:24][DEBUG] jax_fem: DeviceProblem: computing Jacobian on device
[07-02 12:05:24][DEBUG] jax_fem: Function split_and_compute_cell took 0.0350 seconds
[07-02 12:05:24][DEBUG] jax_fem: Computing cell residual...
[07-02 12:05:24][DEBUG] jax_fem: Function split_and_compute_cell took 0.0645 seconds
[07-02 12:05:25][DEBUG] jax_fem: CuDSSNewtonSolver: starting Newton loop
[07-02 12:05:25][DEBUG] jax_fem: DeviceProblem: computing Jacobian on device
[07-02 12:05:26][DEBUG] jax_fem: Function split_and_compute_cell took 0.0281 seconds
[07-02 12:05:26][DEBUG] jax_fem: CuDSSNewtonSolver: initial residual = 2.235e+08
[07-02 12:05:26][DEBUG] jax_fem: DeviceProblem: computing Jacobian on device
[07-02 12:05:26][DEBUG] jax_fem: Function split_and_compute_cell took 0.0336 seconds
[07-02 12:05:26][DEBUG] jax_fem: CuDSSNewtonSolver: iter=1  res=1.595e-05  rel=7.136e-14
[07-02 12:05:26][INFO] jax_fem: CuDSSNewtonSolver: solve finished in 0.11s  res=1.595e-05
[07-02 12:05:26][DEBUG] jax_fem: CuDSSNewtonSolver: starting Newton loop
[07-02 12:05:26][DEBUG] jax_fem: DeviceProblem: computing Jacobian on device
[07-02 12:05:26][DEBUG] jax_fem: Function split_and_compute_cell took 0.0515 seconds
[07-02 12:05:26][DEBUG] jax_fem: CuDSSNewtonSolver: initial residual = 2.216e+08
[07-02 12:05:26][DEBUG] jax_fem: DeviceProblem: computing Jacobian on device
[07-02 12:05:26][DEBUG] jax_fem: Function split_and_compute_cell took 0.0307 seconds
[07-02 12:05:26][DEBUG] jax_fem: CuDSSNewtonSolver: iter=1  res=1.544e-05  rel=6.965e-14
[07-02 12:05:26][INFO] jax_fem: CuDSSNewtonSolver: solve finished in 0.12s  res=1.544e-05
[07-02 12:05:26][DEBUG] jax_fem: CuDSSNewtonSolver: starting Newton loop
[07-02 12:05:26][DEBUG] jax_fem: DeviceProblem: computing Jacobian on device
[07-02 12:05:26][DEBUG] jax_fem: Function split_and_compute_cell took 0.0386 seconds
[07-02 12:05:26][DEBUG] jax_fem: CuDSSNewtonSolver: initial residual = 2.211e+08
[07-02 12:05:26][DEBUG] jax_fem: DeviceProblem: computing Jacobian on device
[07-02 12:05:26][DEBUG] jax_fem: Function split_and_compute_cell took 0.0298 seconds
[07-02 12:05:26][DEBUG] jax_fem: CuDSSNewtonSolver: iter=1  res=1.619e-05  rel=7.325e-14
[07-02 12:05:26][INFO] jax_fem: CuDSSNewtonSolver: solve finished in 0.11s  res=1.619e-05
[07-02 12:05:27][DEBUG] jax_fem: CuDSSNewtonSolver: starting Newton loop
[07-02 12:05:27][DEBUG] jax_fem: DeviceProblem: computing Jacobian on device
[07-02 12:05:27][DEBUG] jax_fem: Function split_and_compute_cell took 0.0446 seconds
[07-02 12:05:27][DEBUG] jax_fem: CuDSSNewtonSolver: initial residual = 2.236e+08
[07-02 12:05:27][DEBUG] jax_fem: DeviceProblem: computing Jacobian on device
[07-02 12:05:27][DEBUG] jax_fem: Function split_and_compute_cell took 0.0454 seconds
[07-02 12:05:27][DEBUG] jax_fem: CuDSSNewtonSolver: iter=1  res=1.530e-05  rel=6.839e-14
[07-02 12:05:27][INFO] jax_fem: CuDSSNewtonSolver: solve finished in 0.13s  res=1.530e-05
[07-02 12:05:27][DEBUG] jax_fem: CuDSSNewtonSolver: starting Newton loop
[07-02 12:05:27][DEBUG] jax_fem: DeviceProblem: computing Jacobian on device
[07-02 12:05:27][DEBUG] jax_fem: Function split_and_compute_cell took 0.0513 seconds
[07-02 12:05:27][DEBUG] jax_fem: CuDSSNewtonSolver: initial residual = 2.223e+08
[07-02 12:05:27][DEBUG] jax_fem: DeviceProblem: computing Jacobian on device
[07-02 12:05:27][DEBUG] jax_fem: Function split_and_compute_cell took 0.0375 seconds
[07-02 12:05:27][DEBUG] jax_fem: CuDSSNewtonSolver: iter=1  res=1.352e-05  rel=6.082e-14
[07-02 12:05:27][INFO] jax_fem: CuDSSNewtonSolver: solve finished in 0.13s  res=1.352e-05
[07-02 12:05:29][DEBUG] jax_fem: CuDSSNewtonSolver: starting Newton loop
[07-02 12:05:29][DEBUG] jax_fem: DeviceProblem: computing Jacobian on device
[07-02 12:05:29][DEBUG] jax_fem: Function split_and_compute_cell took 0.0277 seconds
[07-02 12:05:29][DEBUG] jax_fem: CuDSSNewtonSolver: initial residual = 2.235e+08
[07-02 12:05:29][DEBUG] jax_fem: DeviceProblem: computing Jacobian on device
[07-02 12:05:29][DEBUG] jax_fem: Function split_and_compute_cell took 0.0261 seconds
[07-02 12:05:29][DEBUG] jax_fem: CuDSSNewtonSolver: iter=1  res=1.477e-05  rel=6.610e-14
[07-02 12:05:29][INFO] jax_fem: CuDSSNewtonSolver: solve finished in 0.09s  res=1.477e-05
[07-02 12:05:29][DEBUG] jax_fem: CuDSSNewtonSolver: starting Newton loop
[07-02 12:05:29][DEBUG] jax_fem: DeviceProblem: computing Jacobian on device
[07-02 12:05:29][DEBUG] jax_fem: Function split_and_compute_cell took 0.0275 seconds
[07-02 12:05:29][DEBUG] jax_fem: CuDSSNewtonSolver: initial residual = 2.216e+08
[07-02 12:05:29][DEBUG] jax_fem: DeviceProblem: computing Jacobian on device
[07-02 12:05:29][DEBUG] jax_fem: Function split_and_compute_cell took 0.0256 seconds
[07-02 12:05:29][DEBUG] jax_fem: CuDSSNewtonSolver: iter=1  res=1.497e-05  rel=6.752e-14
[07-02 12:05:29][INFO] jax_fem: CuDSSNewtonSolver: solve finished in 0.09s  res=1.497e-05
[07-02 12:05:30][DEBUG] jax_fem: CuDSSNewtonSolver: starting Newton loop
[07-02 12:05:30][DEBUG] jax_fem: DeviceProblem: computing Jacobian on device
[07-02 12:05:30][DEBUG] jax_fem: Function split_and_compute_cell took 0.0274 seconds
[07-02 12:05:30][DEBUG] jax_fem: CuDSSNewtonSolver: initial residual = 2.211e+08
[07-02 12:05:30][DEBUG] jax_fem: DeviceProblem: computing Jacobian on device
[07-02 12:05:30][DEBUG] jax_fem: Function split_and_compute_cell took 0.0263 seconds
[07-02 12:05:30][DEBUG] jax_fem: CuDSSNewtonSolver: iter=1  res=1.637e-05  rel=7.406e-14
[07-02 12:05:30][INFO] jax_fem: CuDSSNewtonSolver: solve finished in 0.09s  res=1.637e-05
[07-02 12:05:31][DEBUG] jax_fem: CuDSSNewtonSolver: starting Newton loop
[07-02 12:05:31][DEBUG] jax_fem: DeviceProblem: computing Jacobian on device
[07-02 12:05:31][DEBUG] jax_fem: Function split_and_compute_cell took 0.0278 seconds
[07-02 12:05:31][DEBUG] jax_fem: CuDSSNewtonSolver: initial residual = 2.236e+08
[07-02 12:05:31][DEBUG] jax_fem: DeviceProblem: computing Jacobian on device
[07-02 12:05:31][DEBUG] jax_fem: Function split_and_compute_cell took 0.0259 seconds
[07-02 12:05:31][DEBUG] jax_fem: CuDSSNewtonSolver: iter=1  res=1.578e-05  rel=7.056e-14
[07-02 12:05:31][INFO] jax_fem: CuDSSNewtonSolver: solve finished in 0.09s  res=1.578e-05
[07-02 12:05:31][DEBUG] jax_fem: CuDSSNewtonSolver: starting Newton loop
[07-02 12:05:31][DEBUG] jax_fem: DeviceProblem: computing Jacobian on device
[07-02 12:05:31][DEBUG] jax_fem: Function split_and_compute_cell took 0.0298 seconds
[07-02 12:05:31][DEBUG] jax_fem: CuDSSNewtonSolver: initial residual = 2.223e+08
[07-02 12:05:31][DEBUG] jax_fem: DeviceProblem: computing Jacobian on device
[07-02 12:05:31][DEBUG] jax_fem: Function split_and_compute_cell took 0.0267 seconds
[07-02 12:05:31][DEBUG] jax_fem: CuDSSNewtonSolver: iter=1  res=1.289e-05  rel=5.796e-14
[07-02 12:05:31][INFO] jax_fem: CuDSSNewtonSolver: solve finished in 0.09s  res=1.289e-05
[07-02 12:05:31][INFO] jax_fem: CuDSS backward: solving adjoint problem …
[07-02 12:05:31][DEBUG] jax_fem: DeviceProblem: computing Jacobian on device
[07-02 12:05:31][DEBUG] jax_fem: Function split_and_compute_cell took 0.0295 seconds
[07-02 12:05:31][DEBUG] jax_fem: Computing cell residual...
[07-02 12:05:31][DEBUG] jax_fem: Function split_and_compute_cell took 0.0656 seconds
[07-02 12:05:32][INFO] jax_fem: CuDSS backward: solving adjoint problem …
[07-02 12:05:32][DEBUG] jax_fem: DeviceProblem: computing Jacobian on device
[07-02 12:05:32][DEBUG] jax_fem: Function split_and_compute_cell took 0.0554 seconds
[07-02 12:05:32][DEBUG] jax_fem: Computing cell residual...
[07-02 12:05:32][DEBUG] jax_fem: Function split_and_compute_cell took 0.0574 seconds
[07-02 12:05:32][INFO] jax_fem: CuDSS backward: solving adjoint problem …
[07-02 12:05:32][DEBUG] jax_fem: DeviceProblem: computing Jacobian on device
[07-02 12:05:32][DEBUG] jax_fem: Function split_and_compute_cell took 0.0341 seconds
[07-02 12:05:32][DEBUG] jax_fem: Computing cell residual...
[07-02 12:05:32][DEBUG] jax_fem: Function split_and_compute_cell took 0.0578 seconds
[07-02 12:05:32][INFO] jax_fem: CuDSS backward: solving adjoint problem …
[07-02 12:05:32][DEBUG] jax_fem: DeviceProblem: computing Jacobian on device
[07-02 12:05:32][DEBUG] jax_fem: Function split_and_compute_cell took 0.0614 seconds
[07-02 12:05:33][DEBUG] jax_fem: Computing cell residual...
[07-02 12:05:33][DEBUG] jax_fem: Function split_and_compute_cell took 0.0610 seconds
[07-02 12:05:33][INFO] jax_fem: CuDSS backward: solving adjoint problem …
[07-02 12:05:33][DEBUG] jax_fem: DeviceProblem: computing Jacobian on device
[07-02 12:05:33][DEBUG] jax_fem: Function split_and_compute_cell took 0.0355 seconds
[07-02 12:05:33][DEBUG] jax_fem: Computing cell residual...
[07-02 12:05:33][DEBUG] jax_fem: Function split_and_compute_cell took 0.0715 seconds
[07-02 12:05:34][DEBUG] jax_fem: CuDSSNewtonSolver: starting Newton loop
[07-02 12:05:34][DEBUG] jax_fem: DeviceProblem: computing Jacobian on device
[07-02 12:05:35][DEBUG] jax_fem: Function split_and_compute_cell took 0.0266 seconds
[07-02 12:05:35][DEBUG] jax_fem: CuDSSNewtonSolver: initial residual = 2.235e+08
[07-02 12:05:35][DEBUG] jax_fem: DeviceProblem: computing Jacobian on device
[07-02 12:05:35][DEBUG] jax_fem: Function split_and_compute_cell took 0.0333 seconds
[07-02 12:05:35][DEBUG] jax_fem: CuDSSNewtonSolver: iter=1  res=1.528e-05  rel=6.838e-14
[07-02 12:05:35][INFO] jax_fem: CuDSSNewtonSolver: solve finished in 0.10s  res=1.528e-05
[07-02 12:05:35][DEBUG] jax_fem: CuDSSNewtonSolver: starting Newton loop
[07-02 12:05:35][DEBUG] jax_fem: DeviceProblem: computing Jacobian on device
[07-02 12:05:35][DEBUG] jax_fem: Function split_and_compute_cell took 0.0432 seconds
[07-02 12:05:35][DEBUG] jax_fem: CuDSSNewtonSolver: initial residual = 2.216e+08
[07-02 12:05:35][DEBUG] jax_fem: DeviceProblem: computing Jacobian on device
[07-02 12:05:35][DEBUG] jax_fem: Function split_and_compute_cell took 0.0329 seconds
[07-02 12:05:35][DEBUG] jax_fem: CuDSSNewtonSolver: iter=1  res=1.510e-05  rel=6.813e-14
[07-02 12:05:35][INFO] jax_fem: CuDSSNewtonSolver: solve finished in 0.11s  res=1.510e-05
[07-02 12:05:35][DEBUG] jax_fem: CuDSSNewtonSolver: starting Newton loop
[07-02 12:05:35][DEBUG] jax_fem: DeviceProblem: computing Jacobian on device
[07-02 12:05:35][DEBUG] jax_fem: Function split_and_compute_cell took 0.0241 seconds
[07-02 12:05:35][DEBUG] jax_fem: CuDSSNewtonSolver: initial residual = 2.211e+08
[07-02 12:05:35][DEBUG] jax_fem: DeviceProblem: computing Jacobian on device
[07-02 12:05:35][DEBUG] jax_fem: Function split_and_compute_cell took 0.0316 seconds
[07-02 12:05:35][DEBUG] jax_fem: CuDSSNewtonSolver: iter=1  res=1.657e-05  rel=7.494e-14
[07-02 12:05:35][INFO] jax_fem: CuDSSNewtonSolver: solve finished in 0.10s  res=1.657e-05
[07-02 12:05:36][DEBUG] jax_fem: CuDSSNewtonSolver: starting Newton loop
[07-02 12:05:36][DEBUG] jax_fem: DeviceProblem: computing Jacobian on device
[07-02 12:05:36][DEBUG] jax_fem: Function split_and_compute_cell took 0.0368 seconds
[07-02 12:05:36][DEBUG] jax_fem: CuDSSNewtonSolver: initial residual = 2.236e+08
[07-02 12:05:36][DEBUG] jax_fem: DeviceProblem: computing Jacobian on device
[07-02 12:05:36][DEBUG] jax_fem: Function split_and_compute_cell took 0.0240 seconds
[07-02 12:05:36][DEBUG] jax_fem: CuDSSNewtonSolver: iter=1  res=1.481e-05  rel=6.620e-14
[07-02 12:05:36][INFO] jax_fem: CuDSSNewtonSolver: solve finished in 0.10s  res=1.481e-05
[07-02 12:05:36][DEBUG] jax_fem: CuDSSNewtonSolver: starting Newton loop
[07-02 12:05:36][DEBUG] jax_fem: DeviceProblem: computing Jacobian on device
[07-02 12:05:36][DEBUG] jax_fem: Function split_and_compute_cell took 0.0309 seconds
[07-02 12:05:36][DEBUG] jax_fem: CuDSSNewtonSolver: initial residual = 2.223e+08
[07-02 12:05:36][DEBUG] jax_fem: DeviceProblem: computing Jacobian on device
[07-02 12:05:36][DEBUG] jax_fem: Function split_and_compute_cell took 0.0273 seconds
[07-02 12:05:36][DEBUG] jax_fem: CuDSSNewtonSolver: iter=1  res=1.256e-05  rel=5.648e-14
[07-02 12:05:36][INFO] jax_fem: CuDSSNewtonSolver: solve finished in 0.09s  res=1.256e-05
[07-02 12:05:38][DEBUG] jax_fem: CuDSSNewtonSolver: starting Newton loop
[07-02 12:05:38][DEBUG] jax_fem: DeviceProblem: computing Jacobian on device
[07-02 12:05:38][DEBUG] jax_fem: Function split_and_compute_cell took 0.0266 seconds
[07-02 12:05:38][DEBUG] jax_fem: CuDSSNewtonSolver: initial residual = 2.235e+08
[07-02 12:05:38][DEBUG] jax_fem: DeviceProblem: computing Jacobian on device
[07-02 12:05:38][DEBUG] jax_fem: Function split_and_compute_cell took 0.0269 seconds
[07-02 12:05:38][DEBUG] jax_fem: CuDSSNewtonSolver: iter=1  res=1.587e-05  rel=7.099e-14
[07-02 12:05:38][INFO] jax_fem: CuDSSNewtonSolver: solve finished in 0.09s  res=1.587e-05
[07-02 12:05:38][DEBUG] jax_fem: CuDSSNewtonSolver: starting Newton loop
[07-02 12:05:38][DEBUG] jax_fem: DeviceProblem: computing Jacobian on device
[07-02 12:05:38][DEBUG] jax_fem: Function split_and_compute_cell took 0.0259 seconds
[07-02 12:05:38][DEBUG] jax_fem: CuDSSNewtonSolver: initial residual = 2.216e+08
[07-02 12:05:38][DEBUG] jax_fem: DeviceProblem: computing Jacobian on device
[07-02 12:05:38][DEBUG] jax_fem: Function split_and_compute_cell took 0.0271 seconds
[07-02 12:05:38][DEBUG] jax_fem: CuDSSNewtonSolver: iter=1  res=1.500e-05  rel=6.766e-14
[07-02 12:05:38][INFO] jax_fem: CuDSSNewtonSolver: solve finished in 0.09s  res=1.500e-05
[07-02 12:05:39][DEBUG] jax_fem: CuDSSNewtonSolver: starting Newton loop
[07-02 12:05:39][DEBUG] jax_fem: DeviceProblem: computing Jacobian on device
[07-02 12:05:39][DEBUG] jax_fem: Function split_and_compute_cell took 0.0272 seconds
[07-02 12:05:39][DEBUG] jax_fem: CuDSSNewtonSolver: initial residual = 2.211e+08
[07-02 12:05:39][DEBUG] jax_fem: DeviceProblem: computing Jacobian on device
[07-02 12:05:39][DEBUG] jax_fem: Function split_and_compute_cell took 0.0262 seconds
[07-02 12:05:39][DEBUG] jax_fem: CuDSSNewtonSolver: iter=1  res=1.596e-05  rel=7.219e-14
[07-02 12:05:39][INFO] jax_fem: CuDSSNewtonSolver: solve finished in 0.09s  res=1.596e-05
[07-02 12:05:40][DEBUG] jax_fem: CuDSSNewtonSolver: starting Newton loop
[07-02 12:05:40][DEBUG] jax_fem: DeviceProblem: computing Jacobian on device
[07-02 12:05:40][DEBUG] jax_fem: Function split_and_compute_cell took 0.0277 seconds
[07-02 12:05:40][DEBUG] jax_fem: CuDSSNewtonSolver: initial residual = 2.236e+08
[07-02 12:05:40][DEBUG] jax_fem: DeviceProblem: computing Jacobian on device
[07-02 12:05:40][DEBUG] jax_fem: Function split_and_compute_cell took 0.0266 seconds
[07-02 12:05:40][DEBUG] jax_fem: CuDSSNewtonSolver: iter=1  res=1.569e-05  rel=7.014e-14
[07-02 12:05:40][INFO] jax_fem: CuDSSNewtonSolver: solve finished in 0.09s  res=1.569e-05
[07-02 12:05:40][DEBUG] jax_fem: CuDSSNewtonSolver: starting Newton loop
[07-02 12:05:40][DEBUG] jax_fem: DeviceProblem: computing Jacobian on device
[07-02 12:05:40][DEBUG] jax_fem: Function split_and_compute_cell took 0.0270 seconds
[07-02 12:05:40][DEBUG] jax_fem: CuDSSNewtonSolver: initial residual = 2.223e+08
[07-02 12:05:40][DEBUG] jax_fem: DeviceProblem: computing Jacobian on device
[07-02 12:05:40][DEBUG] jax_fem: Function split_and_compute_cell took 0.0266 seconds
[07-02 12:05:40][DEBUG] jax_fem: CuDSSNewtonSolver: iter=1  res=1.384e-05  rel=6.225e-14
[07-02 12:05:40][INFO] jax_fem: CuDSSNewtonSolver: solve finished in 0.09s  res=1.384e-05
[07-02 12:05:40][INFO] jax_fem: CuDSS backward: solving adjoint problem …
[07-02 12:05:40][DEBUG] jax_fem: DeviceProblem: computing Jacobian on device
[07-02 12:05:40][DEBUG] jax_fem: Function split_and_compute_cell took 0.0283 seconds
[07-02 12:05:40][DEBUG] jax_fem: Computing cell residual...
[07-02 12:05:40][DEBUG] jax_fem: Function split_and_compute_cell took 0.0656 seconds
[07-02 12:05:41][INFO] jax_fem: CuDSS backward: solving adjoint problem …
[07-02 12:05:41][DEBUG] jax_fem: DeviceProblem: computing Jacobian on device
[07-02 12:05:41][DEBUG] jax_fem: Function split_and_compute_cell took 0.0232 seconds
[07-02 12:05:41][DEBUG] jax_fem: Computing cell residual...
[07-02 12:05:41][DEBUG] jax_fem: Function split_and_compute_cell took 0.0608 seconds
[07-02 12:05:41][INFO] jax_fem: CuDSS backward: solving adjoint problem …
[07-02 12:05:41][DEBUG] jax_fem: DeviceProblem: computing Jacobian on device
[07-02 12:05:41][DEBUG] jax_fem: Function split_and_compute_cell took 0.0241 seconds
[07-02 12:05:41][DEBUG] jax_fem: Computing cell residual...
[07-02 12:05:41][DEBUG] jax_fem: Function split_and_compute_cell took 0.0612 seconds
[07-02 12:05:41][INFO] jax_fem: CuDSS backward: solving adjoint problem …
[07-02 12:05:41][DEBUG] jax_fem: DeviceProblem: computing Jacobian on device
[07-02 12:05:41][DEBUG] jax_fem: Function split_and_compute_cell took 0.0296 seconds
[07-02 12:05:42][DEBUG] jax_fem: Computing cell residual...
[07-02 12:05:42][DEBUG] jax_fem: Function split_and_compute_cell took 0.0561 seconds
[07-02 12:05:42][INFO] jax_fem: CuDSS backward: solving adjoint problem …
[07-02 12:05:42][DEBUG] jax_fem: DeviceProblem: computing Jacobian on device
[07-02 12:05:42][DEBUG] jax_fem: Function split_and_compute_cell took 0.0339 seconds
[07-02 12:05:42][DEBUG] jax_fem: Computing cell residual...
[07-02 12:05:42][DEBUG] jax_fem: Function split_and_compute_cell took 0.0576 seconds
[07-02 12:05:43][DEBUG] jax_fem: CuDSSNewtonSolver: starting Newton loop
[07-02 12:05:43][DEBUG] jax_fem: DeviceProblem: computing Jacobian on device
[07-02 12:05:44][DEBUG] jax_fem: Function split_and_compute_cell took 0.0238 seconds
[07-02 12:05:44][DEBUG] jax_fem: CuDSSNewtonSolver: initial residual = 2.235e+08
[07-02 12:05:44][DEBUG] jax_fem: DeviceProblem: computing Jacobian on device
[07-02 12:05:44][DEBUG] jax_fem: Function split_and_compute_cell took 0.0538 seconds
[07-02 12:05:44][DEBUG] jax_fem: CuDSSNewtonSolver: iter=1  res=1.578e-05  rel=7.060e-14
[07-02 12:05:44][INFO] jax_fem: CuDSSNewtonSolver: solve finished in 0.11s  res=1.578e-05
[07-02 12:05:44][DEBUG] jax_fem: CuDSSNewtonSolver: starting Newton loop
[07-02 12:05:44][DEBUG] jax_fem: DeviceProblem: computing Jacobian on device
[07-02 12:05:44][DEBUG] jax_fem: Function split_and_compute_cell took 0.0235 seconds
[07-02 12:05:44][DEBUG] jax_fem: CuDSSNewtonSolver: initial residual = 2.216e+08
[07-02 12:05:44][DEBUG] jax_fem: DeviceProblem: computing Jacobian on device
[07-02 12:05:44][DEBUG] jax_fem: Function split_and_compute_cell took 0.0290 seconds
[07-02 12:05:44][DEBUG] jax_fem: CuDSSNewtonSolver: iter=1  res=1.517e-05  rel=6.845e-14
[07-02 12:05:44][INFO] jax_fem: CuDSSNewtonSolver: solve finished in 0.09s  res=1.517e-05
[07-02 12:05:44][DEBUG] jax_fem: CuDSSNewtonSolver: starting Newton loop
[07-02 12:05:44][DEBUG] jax_fem: DeviceProblem: computing Jacobian on device
[07-02 12:05:44][DEBUG] jax_fem: Function split_and_compute_cell took 0.0261 seconds
[07-02 12:05:44][DEBUG] jax_fem: CuDSSNewtonSolver: initial residual = 2.211e+08
[07-02 12:05:44][DEBUG] jax_fem: DeviceProblem: computing Jacobian on device
[07-02 12:05:44][DEBUG] jax_fem: Function split_and_compute_cell took 0.0451 seconds
[07-02 12:05:44][DEBUG] jax_fem: CuDSSNewtonSolver: iter=1  res=1.668e-05  rel=7.544e-14
[07-02 12:05:44][INFO] jax_fem: CuDSSNewtonSolver: solve finished in 0.11s  res=1.668e-05
[07-02 12:05:44][DEBUG] jax_fem: CuDSSNewtonSolver: starting Newton loop
[07-02 12:05:45][DEBUG] jax_fem: DeviceProblem: computing Jacobian on device
[07-02 12:05:45][DEBUG] jax_fem: Function split_and_compute_cell took 0.0375 seconds
[07-02 12:05:45][DEBUG] jax_fem: CuDSSNewtonSolver: initial residual = 2.236e+08
[07-02 12:05:45][DEBUG] jax_fem: DeviceProblem: computing Jacobian on device
[07-02 12:05:45][DEBUG] jax_fem: Function split_and_compute_cell took 0.0318 seconds
[07-02 12:05:45][DEBUG] jax_fem: CuDSSNewtonSolver: iter=1  res=1.477e-05  rel=6.606e-14
[07-02 12:05:45][INFO] jax_fem: CuDSSNewtonSolver: solve finished in 0.11s  res=1.477e-05
[07-02 12:05:45][DEBUG] jax_fem: CuDSSNewtonSolver: starting Newton loop
[07-02 12:05:45][DEBUG] jax_fem: DeviceProblem: computing Jacobian on device
[07-02 12:05:45][DEBUG] jax_fem: Function split_and_compute_cell took 0.0325 seconds
[07-02 12:05:45][DEBUG] jax_fem: CuDSSNewtonSolver: initial residual = 2.223e+08
[07-02 12:05:45][DEBUG] jax_fem: DeviceProblem: computing Jacobian on device
[07-02 12:05:45][DEBUG] jax_fem: Function split_and_compute_cell took 0.0332 seconds
[07-02 12:05:45][DEBUG] jax_fem: CuDSSNewtonSolver: iter=1  res=1.323e-05  rel=5.951e-14
[07-02 12:05:45][INFO] jax_fem: CuDSSNewtonSolver: solve finished in 0.10s  res=1.323e-05
[07-02 12:05:47][DEBUG] jax_fem: CuDSSNewtonSolver: starting Newton loop
[07-02 12:05:47][DEBUG] jax_fem: DeviceProblem: computing Jacobian on device
[07-02 12:05:47][DEBUG] jax_fem: Function split_and_compute_cell took 0.0276 seconds
[07-02 12:05:47][DEBUG] jax_fem: CuDSSNewtonSolver: initial residual = 2.235e+08
[07-02 12:05:47][DEBUG] jax_fem: DeviceProblem: computing Jacobian on device
[07-02 12:05:47][DEBUG] jax_fem: Function split_and_compute_cell took 0.0271 seconds
[07-02 12:05:47][DEBUG] jax_fem: CuDSSNewtonSolver: iter=1  res=1.483e-05  rel=6.636e-14
[07-02 12:05:47][INFO] jax_fem: CuDSSNewtonSolver: solve finished in 0.09s  res=1.483e-05
[07-02 12:05:47][DEBUG] jax_fem: CuDSSNewtonSolver: starting Newton loop
[07-02 12:05:47][DEBUG] jax_fem: DeviceProblem: computing Jacobian on device
[07-02 12:05:47][DEBUG] jax_fem: Function split_and_compute_cell took 0.0289 seconds
[07-02 12:05:47][DEBUG] jax_fem: CuDSSNewtonSolver: initial residual = 2.216e+08
[07-02 12:05:47][DEBUG] jax_fem: DeviceProblem: computing Jacobian on device
[07-02 12:05:47][DEBUG] jax_fem: Function split_and_compute_cell took 0.0254 seconds
[07-02 12:05:47][DEBUG] jax_fem: CuDSSNewtonSolver: iter=1  res=1.602e-05  rel=7.228e-14
[07-02 12:05:47][INFO] jax_fem: CuDSSNewtonSolver: solve finished in 0.09s  res=1.602e-05
[07-02 12:05:48][DEBUG] jax_fem: CuDSSNewtonSolver: starting Newton loop
[07-02 12:05:48][DEBUG] jax_fem: DeviceProblem: computing Jacobian on device
[07-02 12:05:48][DEBUG] jax_fem: Function split_and_compute_cell took 0.0283 seconds
[07-02 12:05:48][DEBUG] jax_fem: CuDSSNewtonSolver: initial residual = 2.211e+08
[07-02 12:05:48][DEBUG] jax_fem: DeviceProblem: computing Jacobian on device
[07-02 12:05:48][DEBUG] jax_fem: Function split_and_compute_cell took 0.0262 seconds
[07-02 12:05:48][DEBUG] jax_fem: CuDSSNewtonSolver: iter=1  res=1.603e-05  rel=7.254e-14
[07-02 12:05:48][INFO] jax_fem: CuDSSNewtonSolver: solve finished in 0.09s  res=1.603e-05
[07-02 12:05:48][DEBUG] jax_fem: CuDSSNewtonSolver: starting Newton loop
[07-02 12:05:48][DEBUG] jax_fem: DeviceProblem: computing Jacobian on device
[07-02 12:05:48][DEBUG] jax_fem: Function split_and_compute_cell took 0.0266 seconds
[07-02 12:05:48][DEBUG] jax_fem: CuDSSNewtonSolver: initial residual = 2.236e+08
[07-02 12:05:48][DEBUG] jax_fem: DeviceProblem: computing Jacobian on device
[07-02 12:05:48][DEBUG] jax_fem: Function split_and_compute_cell took 0.0268 seconds
[07-02 12:05:48][DEBUG] jax_fem: CuDSSNewtonSolver: iter=1  res=1.442e-05  rel=6.446e-14
[07-02 12:05:48][INFO] jax_fem: CuDSSNewtonSolver: solve finished in 0.09s  res=1.442e-05
[07-02 12:05:49][DEBUG] jax_fem: CuDSSNewtonSolver: starting Newton loop
[07-02 12:05:49][DEBUG] jax_fem: DeviceProblem: computing Jacobian on device
[07-02 12:05:49][DEBUG] jax_fem: Function split_and_compute_cell took 0.0261 seconds
[07-02 12:05:49][DEBUG] jax_fem: CuDSSNewtonSolver: initial residual = 2.223e+08
[07-02 12:05:49][DEBUG] jax_fem: DeviceProblem: computing Jacobian on device
[07-02 12:05:49][DEBUG] jax_fem: Function split_and_compute_cell took 0.0271 seconds
[07-02 12:05:49][DEBUG] jax_fem: CuDSSNewtonSolver: iter=1  res=1.331e-05  rel=5.986e-14
[07-02 12:05:49][INFO] jax_fem: CuDSSNewtonSolver: solve finished in 0.09s  res=1.331e-05
[07-02 12:05:49][INFO] jax_fem: CuDSS backward: solving adjoint problem …
[07-02 12:05:49][DEBUG] jax_fem: DeviceProblem: computing Jacobian on device
[07-02 12:05:49][DEBUG] jax_fem: Function split_and_compute_cell took 0.0255 seconds
[07-02 12:05:49][DEBUG] jax_fem: Computing cell residual...
[07-02 12:05:49][DEBUG] jax_fem: Function split_and_compute_cell took 0.0531 seconds
[07-02 12:05:50][INFO] jax_fem: CuDSS backward: solving adjoint problem …
[07-02 12:05:50][DEBUG] jax_fem: DeviceProblem: computing Jacobian on device
[07-02 12:05:50][DEBUG] jax_fem: Function split_and_compute_cell took 0.0348 seconds
[07-02 12:05:50][DEBUG] jax_fem: Computing cell residual...
[07-02 12:05:50][DEBUG] jax_fem: Function split_and_compute_cell took 0.0726 seconds
[07-02 12:05:50][INFO] jax_fem: CuDSS backward: solving adjoint problem …
[07-02 12:05:50][DEBUG] jax_fem: DeviceProblem: computing Jacobian on device
[07-02 12:05:50][DEBUG] jax_fem: Function split_and_compute_cell took 0.0313 seconds
[07-02 12:05:50][DEBUG] jax_fem: Computing cell residual...
[07-02 12:05:50][DEBUG] jax_fem: Function split_and_compute_cell took 0.0629 seconds
[07-02 12:05:50][INFO] jax_fem: CuDSS backward: solving adjoint problem …
[07-02 12:05:50][DEBUG] jax_fem: DeviceProblem: computing Jacobian on device
[07-02 12:05:50][DEBUG] jax_fem: Function split_and_compute_cell took 0.0273 seconds
[07-02 12:05:51][DEBUG] jax_fem: Computing cell residual...
[07-02 12:05:51][DEBUG] jax_fem: Function split_and_compute_cell took 0.0588 seconds
[07-02 12:05:51][INFO] jax_fem: CuDSS backward: solving adjoint problem …
[07-02 12:05:51][DEBUG] jax_fem: DeviceProblem: computing Jacobian on device
[07-02 12:05:51][DEBUG] jax_fem: Function split_and_compute_cell took 0.0312 seconds
[07-02 12:05:51][DEBUG] jax_fem: Computing cell residual...
[07-02 12:05:51][DEBUG] jax_fem: Function split_and_compute_cell took 0.0558 seconds
[07-02 12:05:53][DEBUG] jax_fem: CuDSSNewtonSolver: starting Newton loop
[07-02 12:05:53][DEBUG] jax_fem: DeviceProblem: computing Jacobian on device
[07-02 12:05:53][DEBUG] jax_fem: Function split_and_compute_cell took 0.0398 seconds
[07-02 12:05:53][DEBUG] jax_fem: CuDSSNewtonSolver: initial residual = 2.234e+08
[07-02 12:05:53][DEBUG] jax_fem: DeviceProblem: computing Jacobian on device
[07-02 12:05:53][DEBUG] jax_fem: Function split_and_compute_cell took 0.0542 seconds
[07-02 12:05:53][DEBUG] jax_fem: CuDSSNewtonSolver: iter=1  res=1.539e-05  rel=6.891e-14
[07-02 12:05:53][INFO] jax_fem: CuDSSNewtonSolver: solve finished in 0.14s  res=1.539e-05
[07-02 12:05:53][DEBUG] jax_fem: CuDSSNewtonSolver: starting Newton loop
[07-02 12:05:53][DEBUG] jax_fem: DeviceProblem: computing Jacobian on device
[07-02 12:05:53][DEBUG] jax_fem: Function split_and_compute_cell took 0.0254 seconds
[07-02 12:05:53][DEBUG] jax_fem: CuDSSNewtonSolver: initial residual = 2.215e+08
[07-02 12:05:53][DEBUG] jax_fem: DeviceProblem: computing Jacobian on device
[07-02 12:05:53][DEBUG] jax_fem: Function split_and_compute_cell took 0.0322 seconds
[07-02 12:05:53][DEBUG] jax_fem: CuDSSNewtonSolver: iter=1  res=1.502e-05  rel=6.783e-14
[07-02 12:05:53][INFO] jax_fem: CuDSSNewtonSolver: solve finished in 0.10s  res=1.502e-05
[07-02 12:05:53][DEBUG] jax_fem: CuDSSNewtonSolver: starting Newton loop
[07-02 12:05:53][DEBUG] jax_fem: DeviceProblem: computing Jacobian on device
[07-02 12:05:53][DEBUG] jax_fem: Function split_and_compute_cell took 0.0267 seconds
[07-02 12:05:53][DEBUG] jax_fem: CuDSSNewtonSolver: initial residual = 2.209e+08
[07-02 12:05:53][DEBUG] jax_fem: DeviceProblem: computing Jacobian on device
[07-02 12:05:53][DEBUG] jax_fem: Function split_and_compute_cell took 0.0338 seconds
[07-02 12:05:53][DEBUG] jax_fem: CuDSSNewtonSolver: iter=1  res=1.658e-05  rel=7.505e-14
[07-02 12:05:53][INFO] jax_fem: CuDSSNewtonSolver: solve finished in 0.10s  res=1.658e-05
[07-02 12:05:54][DEBUG] jax_fem: CuDSSNewtonSolver: starting Newton loop
[07-02 12:05:54][DEBUG] jax_fem: DeviceProblem: computing Jacobian on device
[07-02 12:05:54][DEBUG] jax_fem: Function split_and_compute_cell took 0.0287 seconds
[07-02 12:05:54][DEBUG] jax_fem: CuDSSNewtonSolver: initial residual = 2.235e+08
[07-02 12:05:54][DEBUG] jax_fem: DeviceProblem: computing Jacobian on device
[07-02 12:05:54][DEBUG] jax_fem: Function split_and_compute_cell took 0.0234 seconds
[07-02 12:05:54][DEBUG] jax_fem: CuDSSNewtonSolver: iter=1  res=1.653e-05  rel=7.395e-14
[07-02 12:05:54][INFO] jax_fem: CuDSSNewtonSolver: solve finished in 0.09s  res=1.653e-05
[07-02 12:05:54][DEBUG] jax_fem: CuDSSNewtonSolver: starting Newton loop
[07-02 12:05:54][DEBUG] jax_fem: DeviceProblem: computing Jacobian on device
[07-02 12:05:54][DEBUG] jax_fem: Function split_and_compute_cell took 0.0253 seconds
[07-02 12:05:54][DEBUG] jax_fem: CuDSSNewtonSolver: initial residual = 2.223e+08
[07-02 12:05:54][DEBUG] jax_fem: DeviceProblem: computing Jacobian on device
[07-02 12:05:54][DEBUG] jax_fem: Function split_and_compute_cell took 0.0320 seconds
[07-02 12:05:54][DEBUG] jax_fem: CuDSSNewtonSolver: iter=1  res=1.285e-05  rel=5.780e-14
[07-02 12:05:54][INFO] jax_fem: CuDSSNewtonSolver: solve finished in 0.09s  res=1.285e-05
[07-02 12:05:56][DEBUG] jax_fem: CuDSSNewtonSolver: starting Newton loop
[07-02 12:05:56][DEBUG] jax_fem: DeviceProblem: computing Jacobian on device
[07-02 12:05:56][DEBUG] jax_fem: Function split_and_compute_cell took 0.0256 seconds
[07-02 12:05:56][DEBUG] jax_fem: CuDSSNewtonSolver: initial residual = 2.234e+08
[07-02 12:05:56][DEBUG] jax_fem: DeviceProblem: computing Jacobian on device
[07-02 12:05:56][DEBUG] jax_fem: Function split_and_compute_cell took 0.0274 seconds
[07-02 12:05:56][DEBUG] jax_fem: CuDSSNewtonSolver: iter=1  res=1.478e-05  rel=6.616e-14
[07-02 12:05:56][INFO] jax_fem: CuDSSNewtonSolver: solve finished in 0.09s  res=1.478e-05
[07-02 12:05:56][DEBUG] jax_fem: CuDSSNewtonSolver: starting Newton loop
[07-02 12:05:56][DEBUG] jax_fem: DeviceProblem: computing Jacobian on device
[07-02 12:05:56][DEBUG] jax_fem: Function split_and_compute_cell took 0.0278 seconds
[07-02 12:05:56][DEBUG] jax_fem: CuDSSNewtonSolver: initial residual = 2.215e+08
[07-02 12:05:56][DEBUG] jax_fem: DeviceProblem: computing Jacobian on device
[07-02 12:05:56][DEBUG] jax_fem: Function split_and_compute_cell took 0.0268 seconds
[07-02 12:05:56][DEBUG] jax_fem: CuDSSNewtonSolver: iter=1  res=1.496e-05  rel=6.752e-14
[07-02 12:05:56][INFO] jax_fem: CuDSSNewtonSolver: solve finished in 0.09s  res=1.496e-05
[07-02 12:05:57][DEBUG] jax_fem: CuDSSNewtonSolver: starting Newton loop
[07-02 12:05:57][DEBUG] jax_fem: DeviceProblem: computing Jacobian on device
[07-02 12:05:57][DEBUG] jax_fem: Function split_and_compute_cell took 0.0269 seconds
[07-02 12:05:57][DEBUG] jax_fem: CuDSSNewtonSolver: initial residual = 2.209e+08
[07-02 12:05:57][DEBUG] jax_fem: DeviceProblem: computing Jacobian on device
[07-02 12:05:57][DEBUG] jax_fem: Function split_and_compute_cell took 0.0273 seconds
[07-02 12:05:57][DEBUG] jax_fem: CuDSSNewtonSolver: iter=1  res=1.581e-05  rel=7.154e-14
[07-02 12:05:57][INFO] jax_fem: CuDSSNewtonSolver: solve finished in 0.09s  res=1.581e-05
[07-02 12:05:57][DEBUG] jax_fem: CuDSSNewtonSolver: starting Newton loop
[07-02 12:05:57][DEBUG] jax_fem: DeviceProblem: computing Jacobian on device
[07-02 12:05:57][DEBUG] jax_fem: Function split_and_compute_cell took 0.0272 seconds
[07-02 12:05:57][DEBUG] jax_fem: CuDSSNewtonSolver: initial residual = 2.235e+08
[07-02 12:05:57][DEBUG] jax_fem: DeviceProblem: computing Jacobian on device
[07-02 12:05:57][DEBUG] jax_fem: Function split_and_compute_cell took 0.0265 seconds
[07-02 12:05:57][DEBUG] jax_fem: CuDSSNewtonSolver: iter=1  res=1.546e-05  rel=6.915e-14
[07-02 12:05:57][INFO] jax_fem: CuDSSNewtonSolver: solve finished in 0.09s  res=1.546e-05
[07-02 12:05:58][DEBUG] jax_fem: CuDSSNewtonSolver: starting Newton loop
[07-02 12:05:58][DEBUG] jax_fem: DeviceProblem: computing Jacobian on device
[07-02 12:05:58][DEBUG] jax_fem: Function split_and_compute_cell took 0.0266 seconds
[07-02 12:05:58][DEBUG] jax_fem: CuDSSNewtonSolver: initial residual = 2.223e+08
[07-02 12:05:58][DEBUG] jax_fem: DeviceProblem: computing Jacobian on device
[07-02 12:05:58][DEBUG] jax_fem: Function split_and_compute_cell took 0.0274 seconds
[07-02 12:05:58][DEBUG] jax_fem: CuDSSNewtonSolver: iter=1  res=1.280e-05  rel=5.759e-14
[07-02 12:05:58][INFO] jax_fem: CuDSSNewtonSolver: solve finished in 0.09s  res=1.280e-05
[07-02 12:05:58][INFO] jax_fem: CuDSS backward: solving adjoint problem …
[07-02 12:05:58][DEBUG] jax_fem: DeviceProblem: computing Jacobian on device
[07-02 12:05:58][DEBUG] jax_fem: Function split_and_compute_cell took 0.0343 seconds
[07-02 12:05:58][DEBUG] jax_fem: Computing cell residual...
[07-02 12:05:58][DEBUG] jax_fem: Function split_and_compute_cell took 0.0682 seconds
[07-02 12:05:58][INFO] jax_fem: CuDSS backward: solving adjoint problem …
[07-02 12:05:58][DEBUG] jax_fem: DeviceProblem: computing Jacobian on device
[07-02 12:05:59][DEBUG] jax_fem: Function split_and_compute_cell took 0.0360 seconds
[07-02 12:05:59][DEBUG] jax_fem: Computing cell residual...
[07-02 12:05:59][DEBUG] jax_fem: Function split_and_compute_cell took 0.0744 seconds
[07-02 12:05:59][INFO] jax_fem: CuDSS backward: solving adjoint problem …
[07-02 12:05:59][DEBUG] jax_fem: DeviceProblem: computing Jacobian on device
[07-02 12:05:59][DEBUG] jax_fem: Function split_and_compute_cell took 0.0349 seconds
[07-02 12:05:59][DEBUG] jax_fem: Computing cell residual...
[07-02 12:05:59][DEBUG] jax_fem: Function split_and_compute_cell took 0.0584 seconds
[07-02 12:05:59][INFO] jax_fem: CuDSS backward: solving adjoint problem …
[07-02 12:05:59][DEBUG] jax_fem: DeviceProblem: computing Jacobian on device
[07-02 12:05:59][DEBUG] jax_fem: Function split_and_compute_cell took 0.0468 seconds
[07-02 12:05:59][DEBUG] jax_fem: Computing cell residual...
[07-02 12:05:59][DEBUG] jax_fem: Function split_and_compute_cell took 0.0638 seconds
[07-02 12:06:00][INFO] jax_fem: CuDSS backward: solving adjoint problem …
[07-02 12:06:00][DEBUG] jax_fem: DeviceProblem: computing Jacobian on device
[07-02 12:06:00][DEBUG] jax_fem: Function split_and_compute_cell took 0.0323 seconds
[07-02 12:06:00][DEBUG] jax_fem: Computing cell residual...
[07-02 12:06:00][DEBUG] jax_fem: Function split_and_compute_cell took 0.0604 seconds
[07-02 12:06:01][DEBUG] jax_fem: CuDSSNewtonSolver: starting Newton loop
[07-02 12:06:01][DEBUG] jax_fem: DeviceProblem: computing Jacobian on device
[07-02 12:06:01][DEBUG] jax_fem: Function split_and_compute_cell took 0.0427 seconds
[07-02 12:06:01][DEBUG] jax_fem: CuDSSNewtonSolver: initial residual = 2.235e+08
[07-02 12:06:01][DEBUG] jax_fem: DeviceProblem: computing Jacobian on device
[07-02 12:06:01][DEBUG] jax_fem: Function split_and_compute_cell took 0.0443 seconds
[07-02 12:06:01][DEBUG] jax_fem: CuDSSNewtonSolver: iter=1  res=1.641e-05  rel=7.343e-14
[07-02 12:06:01][INFO] jax_fem: CuDSSNewtonSolver: solve finished in 0.13s  res=1.641e-05
[07-02 12:06:02][DEBUG] jax_fem: CuDSSNewtonSolver: starting Newton loop
[07-02 12:06:02][DEBUG] jax_fem: DeviceProblem: computing Jacobian on device
[07-02 12:06:02][DEBUG] jax_fem: Function split_and_compute_cell took 0.0317 seconds
[07-02 12:06:02][DEBUG] jax_fem: CuDSSNewtonSolver: initial residual = 2.216e+08
[07-02 12:06:02][DEBUG] jax_fem: DeviceProblem: computing Jacobian on device
[07-02 12:06:02][DEBUG] jax_fem: Function split_and_compute_cell took 0.0262 seconds
[07-02 12:06:02][DEBUG] jax_fem: CuDSSNewtonSolver: iter=1  res=1.480e-05  rel=6.680e-14
[07-02 12:06:02][INFO] jax_fem: CuDSSNewtonSolver: solve finished in 0.10s  res=1.480e-05
[07-02 12:06:02][DEBUG] jax_fem: CuDSSNewtonSolver: starting Newton loop
[07-02 12:06:02][DEBUG] jax_fem: DeviceProblem: computing Jacobian on device
[07-02 12:06:02][DEBUG] jax_fem: Function split_and_compute_cell took 0.0375 seconds
[07-02 12:06:02][DEBUG] jax_fem: CuDSSNewtonSolver: initial residual = 2.210e+08
[07-02 12:06:02][DEBUG] jax_fem: DeviceProblem: computing Jacobian on device
[07-02 12:06:02][DEBUG] jax_fem: Function split_and_compute_cell took 0.0259 seconds
[07-02 12:06:02][DEBUG] jax_fem: CuDSSNewtonSolver: iter=1  res=1.613e-05  rel=7.296e-14
[07-02 12:06:02][INFO] jax_fem: CuDSSNewtonSolver: solve finished in 0.10s  res=1.613e-05
[07-02 12:06:02][DEBUG] jax_fem: CuDSSNewtonSolver: starting Newton loop
[07-02 12:06:02][DEBUG] jax_fem: DeviceProblem: computing Jacobian on device
[07-02 12:06:02][DEBUG] jax_fem: Function split_and_compute_cell took 0.0391 seconds
[07-02 12:06:02][DEBUG] jax_fem: CuDSSNewtonSolver: initial residual = 2.236e+08
[07-02 12:06:02][DEBUG] jax_fem: DeviceProblem: computing Jacobian on device
[07-02 12:06:02][DEBUG] jax_fem: Function split_and_compute_cell took 0.0303 seconds
[07-02 12:06:02][DEBUG] jax_fem: CuDSSNewtonSolver: iter=1  res=1.632e-05  rel=7.296e-14
[07-02 12:06:02][INFO] jax_fem: CuDSSNewtonSolver: solve finished in 0.11s  res=1.632e-05
[07-02 12:06:03][DEBUG] jax_fem: CuDSSNewtonSolver: starting Newton loop
[07-02 12:06:03][DEBUG] jax_fem: DeviceProblem: computing Jacobian on device
[07-02 12:06:03][DEBUG] jax_fem: Function split_and_compute_cell took 0.0340 seconds
[07-02 12:06:03][DEBUG] jax_fem: CuDSSNewtonSolver: initial residual = 2.223e+08
[07-02 12:06:03][DEBUG] jax_fem: DeviceProblem: computing Jacobian on device
[07-02 12:06:03][DEBUG] jax_fem: Function split_and_compute_cell took 0.0358 seconds
[07-02 12:06:03][DEBUG] jax_fem: CuDSSNewtonSolver: iter=1  res=1.312e-05  rel=5.903e-14
[07-02 12:06:03][INFO] jax_fem: CuDSSNewtonSolver: solve finished in 0.11s  res=1.312e-05
[07-02 12:06:04][DEBUG] jax_fem: CuDSSNewtonSolver: starting Newton loop
[07-02 12:06:05][DEBUG] jax_fem: DeviceProblem: computing Jacobian on device
[07-02 12:06:05][DEBUG] jax_fem: Function split_and_compute_cell took 0.0258 seconds
[07-02 12:06:05][DEBUG] jax_fem: CuDSSNewtonSolver: initial residual = 2.235e+08
[07-02 12:06:05][DEBUG] jax_fem: DeviceProblem: computing Jacobian on device
[07-02 12:06:05][DEBUG] jax_fem: Function split_and_compute_cell took 0.0261 seconds
[07-02 12:06:05][DEBUG] jax_fem: CuDSSNewtonSolver: iter=1  res=1.492e-05  rel=6.677e-14
[07-02 12:06:05][INFO] jax_fem: CuDSSNewtonSolver: solve finished in 0.09s  res=1.492e-05
[07-02 12:06:05][DEBUG] jax_fem: CuDSSNewtonSolver: starting Newton loop
[07-02 12:06:05][DEBUG] jax_fem: DeviceProblem: computing Jacobian on device
[07-02 12:06:05][DEBUG] jax_fem: Function split_and_compute_cell took 0.0276 seconds
[07-02 12:06:05][DEBUG] jax_fem: CuDSSNewtonSolver: initial residual = 2.216e+08
[07-02 12:06:05][DEBUG] jax_fem: DeviceProblem: computing Jacobian on device
[07-02 12:06:05][DEBUG] jax_fem: Function split_and_compute_cell took 0.0263 seconds
[07-02 12:06:05][DEBUG] jax_fem: CuDSSNewtonSolver: iter=1  res=1.554e-05  rel=7.013e-14
[07-02 12:06:05][INFO] jax_fem: CuDSSNewtonSolver: solve finished in 0.09s  res=1.554e-05
[07-02 12:06:06][DEBUG] jax_fem: CuDSSNewtonSolver: starting Newton loop
[07-02 12:06:06][DEBUG] jax_fem: DeviceProblem: computing Jacobian on device
[07-02 12:06:06][DEBUG] jax_fem: Function split_and_compute_cell took 0.0259 seconds
[07-02 12:06:06][DEBUG] jax_fem: CuDSSNewtonSolver: initial residual = 2.210e+08
[07-02 12:06:06][DEBUG] jax_fem: DeviceProblem: computing Jacobian on device
[07-02 12:06:06][DEBUG] jax_fem: Function split_and_compute_cell took 0.0265 seconds
[07-02 12:06:06][DEBUG] jax_fem: CuDSSNewtonSolver: iter=1  res=1.572e-05  rel=7.111e-14
[07-02 12:06:06][INFO] jax_fem: CuDSSNewtonSolver: solve finished in 0.09s  res=1.572e-05
[07-02 12:06:06][DEBUG] jax_fem: CuDSSNewtonSolver: starting Newton loop
[07-02 12:06:06][DEBUG] jax_fem: DeviceProblem: computing Jacobian on device
[07-02 12:06:06][DEBUG] jax_fem: Function split_and_compute_cell took 0.0269 seconds
[07-02 12:06:06][DEBUG] jax_fem: CuDSSNewtonSolver: initial residual = 2.236e+08
[07-02 12:06:06][DEBUG] jax_fem: DeviceProblem: computing Jacobian on device
[07-02 12:06:06][DEBUG] jax_fem: Function split_and_compute_cell took 0.0262 seconds
[07-02 12:06:06][DEBUG] jax_fem: CuDSSNewtonSolver: iter=1  res=1.525e-05  rel=6.821e-14
[07-02 12:06:06][INFO] jax_fem: CuDSSNewtonSolver: solve finished in 0.09s  res=1.525e-05
[07-02 12:06:07][DEBUG] jax_fem: CuDSSNewtonSolver: starting Newton loop
[07-02 12:06:07][DEBUG] jax_fem: DeviceProblem: computing Jacobian on device
[07-02 12:06:07][DEBUG] jax_fem: Function split_and_compute_cell took 0.0263 seconds
[07-02 12:06:07][DEBUG] jax_fem: CuDSSNewtonSolver: initial residual = 2.223e+08
[07-02 12:06:07][DEBUG] jax_fem: DeviceProblem: computing Jacobian on device
[07-02 12:06:07][DEBUG] jax_fem: Function split_and_compute_cell took 0.0264 seconds
[07-02 12:06:07][DEBUG] jax_fem: CuDSSNewtonSolver: iter=1  res=1.297e-05  rel=5.832e-14
[07-02 12:06:07][INFO] jax_fem: CuDSSNewtonSolver: solve finished in 0.09s  res=1.297e-05
[07-02 12:06:07][INFO] jax_fem: CuDSS backward: solving adjoint problem …
[07-02 12:06:07][DEBUG] jax_fem: DeviceProblem: computing Jacobian on device
[07-02 12:06:07][DEBUG] jax_fem: Function split_and_compute_cell took 0.0398 seconds
[07-02 12:06:07][DEBUG] jax_fem: Computing cell residual...
[07-02 12:06:07][DEBUG] jax_fem: Function split_and_compute_cell took 0.0626 seconds
[07-02 12:06:07][INFO] jax_fem: CuDSS backward: solving adjoint problem …
[07-02 12:06:07][DEBUG] jax_fem: DeviceProblem: computing Jacobian on device
[07-02 12:06:07][DEBUG] jax_fem: Function split_and_compute_cell took 0.0372 seconds
[07-02 12:06:08][DEBUG] jax_fem: Computing cell residual...
[07-02 12:06:08][DEBUG] jax_fem: Function split_and_compute_cell took 0.0709 seconds
[07-02 12:06:08][INFO] jax_fem: CuDSS backward: solving adjoint problem …
[07-02 12:06:08][DEBUG] jax_fem: DeviceProblem: computing Jacobian on device
[07-02 12:06:08][DEBUG] jax_fem: Function split_and_compute_cell took 0.0312 seconds
[07-02 12:06:08][DEBUG] jax_fem: Computing cell residual...
[07-02 12:06:08][DEBUG] jax_fem: Function split_and_compute_cell took 0.0598 seconds
[07-02 12:06:08][INFO] jax_fem: CuDSS backward: solving adjoint problem …
[07-02 12:06:08][DEBUG] jax_fem: DeviceProblem: computing Jacobian on device
[07-02 12:06:08][DEBUG] jax_fem: Function split_and_compute_cell took 0.0301 seconds
[07-02 12:06:08][DEBUG] jax_fem: Computing cell residual...
[07-02 12:06:08][DEBUG] jax_fem: Function split_and_compute_cell took 0.0753 seconds
[07-02 12:06:09][INFO] jax_fem: CuDSS backward: solving adjoint problem …
[07-02 12:06:09][DEBUG] jax_fem: DeviceProblem: computing Jacobian on device
[07-02 12:06:09][DEBUG] jax_fem: Function split_and_compute_cell took 0.0499 seconds
[07-02 12:06:09][DEBUG] jax_fem: Computing cell residual...
[07-02 12:06:09][DEBUG] jax_fem: Function split_and_compute_cell took 0.0682 seconds
[07-02 12:06:10][DEBUG] jax_fem: CuDSSNewtonSolver: starting Newton loop
[07-02 12:06:10][DEBUG] jax_fem: DeviceProblem: computing Jacobian on device
[07-02 12:06:10][DEBUG] jax_fem: Function split_and_compute_cell took 0.0591 seconds
[07-02 12:06:10][DEBUG] jax_fem: CuDSSNewtonSolver: initial residual = 2.235e+08
[07-02 12:06:10][DEBUG] jax_fem: DeviceProblem: computing Jacobian on device
[07-02 12:06:11][DEBUG] jax_fem: Function split_and_compute_cell took 0.0542 seconds
[07-02 12:06:11][DEBUG] jax_fem: CuDSSNewtonSolver: iter=1  res=1.619e-05  rel=7.246e-14
[07-02 12:06:11][INFO] jax_fem: CuDSSNewtonSolver: solve finished in 0.15s  res=1.619e-05
[07-02 12:06:11][DEBUG] jax_fem: CuDSSNewtonSolver: starting Newton loop
[07-02 12:06:11][DEBUG] jax_fem: DeviceProblem: computing Jacobian on device
[07-02 12:06:11][DEBUG] jax_fem: Function split_and_compute_cell took 0.0448 seconds
[07-02 12:06:11][DEBUG] jax_fem: CuDSSNewtonSolver: initial residual = 2.216e+08
[07-02 12:06:11][DEBUG] jax_fem: DeviceProblem: computing Jacobian on device
[07-02 12:06:11][DEBUG] jax_fem: Function split_and_compute_cell took 0.0477 seconds
[07-02 12:06:11][DEBUG] jax_fem: CuDSSNewtonSolver: iter=1  res=1.481e-05  rel=6.681e-14
[07-02 12:06:11][INFO] jax_fem: CuDSSNewtonSolver: solve finished in 0.13s  res=1.481e-05
[07-02 12:06:11][DEBUG] jax_fem: CuDSSNewtonSolver: starting Newton loop
[07-02 12:06:11][DEBUG] jax_fem: DeviceProblem: computing Jacobian on device
[07-02 12:06:11][DEBUG] jax_fem: Function split_and_compute_cell took 0.0393 seconds
[07-02 12:06:11][DEBUG] jax_fem: CuDSSNewtonSolver: initial residual = 2.211e+08
[07-02 12:06:11][DEBUG] jax_fem: DeviceProblem: computing Jacobian on device
[07-02 12:06:11][DEBUG] jax_fem: Function split_and_compute_cell took 0.0321 seconds
[07-02 12:06:11][DEBUG] jax_fem: CuDSSNewtonSolver: iter=1  res=1.633e-05  rel=7.387e-14
[07-02 12:06:11][INFO] jax_fem: CuDSSNewtonSolver: solve finished in 0.11s  res=1.633e-05
[07-02 12:06:12][DEBUG] jax_fem: CuDSSNewtonSolver: starting Newton loop
[07-02 12:06:12][DEBUG] jax_fem: DeviceProblem: computing Jacobian on device
[07-02 12:06:12][DEBUG] jax_fem: Function split_and_compute_cell took 0.0327 seconds
[07-02 12:06:12][DEBUG] jax_fem: CuDSSNewtonSolver: initial residual = 2.236e+08
[07-02 12:06:12][DEBUG] jax_fem: DeviceProblem: computing Jacobian on device
[07-02 12:06:12][DEBUG] jax_fem: Function split_and_compute_cell took 0.0267 seconds
[07-02 12:06:12][DEBUG] jax_fem: CuDSSNewtonSolver: iter=1  res=1.509e-05  rel=6.746e-14
[07-02 12:06:12][INFO] jax_fem: CuDSSNewtonSolver: solve finished in 0.10s  res=1.509e-05
[07-02 12:06:12][DEBUG] jax_fem: CuDSSNewtonSolver: starting Newton loop
[07-02 12:06:12][DEBUG] jax_fem: DeviceProblem: computing Jacobian on device
[07-02 12:06:12][DEBUG] jax_fem: Function split_and_compute_cell took 0.0250 seconds
[07-02 12:06:12][DEBUG] jax_fem: CuDSSNewtonSolver: initial residual = 2.223e+08
[07-02 12:06:12][DEBUG] jax_fem: DeviceProblem: computing Jacobian on device
[07-02 12:06:12][DEBUG] jax_fem: Function split_and_compute_cell took 0.0264 seconds
[07-02 12:06:12][DEBUG] jax_fem: CuDSSNewtonSolver: iter=1  res=1.382e-05  rel=6.218e-14
[07-02 12:06:12][INFO] jax_fem: CuDSSNewtonSolver: solve finished in 0.09s  res=1.382e-05
[07-02 12:06:14][DEBUG] jax_fem: CuDSSNewtonSolver: starting Newton loop
[07-02 12:06:14][DEBUG] jax_fem: DeviceProblem: computing Jacobian on device
[07-02 12:06:14][DEBUG] jax_fem: Function split_and_compute_cell took 0.0259 seconds
[07-02 12:06:14][DEBUG] jax_fem: CuDSSNewtonSolver: initial residual = 2.235e+08
[07-02 12:06:14][DEBUG] jax_fem: DeviceProblem: computing Jacobian on device
[07-02 12:06:14][DEBUG] jax_fem: Function split_and_compute_cell took 0.0260 seconds
[07-02 12:06:14][DEBUG] jax_fem: CuDSSNewtonSolver: iter=1  res=1.662e-05  rel=7.434e-14
[07-02 12:06:14][INFO] jax_fem: CuDSSNewtonSolver: solve finished in 0.09s  res=1.662e-05
[07-02 12:06:14][DEBUG] jax_fem: CuDSSNewtonSolver: starting Newton loop
[07-02 12:06:14][DEBUG] jax_fem: DeviceProblem: computing Jacobian on device
[07-02 12:06:14][DEBUG] jax_fem: Function split_and_compute_cell took 0.0288 seconds
[07-02 12:06:14][DEBUG] jax_fem: CuDSSNewtonSolver: initial residual = 2.216e+08
[07-02 12:06:14][DEBUG] jax_fem: DeviceProblem: computing Jacobian on device
[07-02 12:06:14][DEBUG] jax_fem: Function split_and_compute_cell took 0.0267 seconds
[07-02 12:06:14][DEBUG] jax_fem: CuDSSNewtonSolver: iter=1  res=1.510e-05  rel=6.814e-14
[07-02 12:06:14][INFO] jax_fem: CuDSSNewtonSolver: solve finished in 0.09s  res=1.510e-05
[07-02 12:06:15][DEBUG] jax_fem: CuDSSNewtonSolver: starting Newton loop
[07-02 12:06:15][DEBUG] jax_fem: DeviceProblem: computing Jacobian on device
[07-02 12:06:15][DEBUG] jax_fem: Function split_and_compute_cell took 0.0262 seconds
[07-02 12:06:15][DEBUG] jax_fem: CuDSSNewtonSolver: initial residual = 2.211e+08
[07-02 12:06:15][DEBUG] jax_fem: DeviceProblem: computing Jacobian on device
[07-02 12:06:15][DEBUG] jax_fem: Function split_and_compute_cell took 0.0267 seconds
[07-02 12:06:15][DEBUG] jax_fem: CuDSSNewtonSolver: iter=1  res=1.630e-05  rel=7.374e-14
[07-02 12:06:15][INFO] jax_fem: CuDSSNewtonSolver: solve finished in 0.09s  res=1.630e-05
[07-02 12:06:15][DEBUG] jax_fem: CuDSSNewtonSolver: starting Newton loop
[07-02 12:06:15][DEBUG] jax_fem: DeviceProblem: computing Jacobian on device
[07-02 12:06:15][DEBUG] jax_fem: Function split_and_compute_cell took 0.0274 seconds
[07-02 12:06:15][DEBUG] jax_fem: CuDSSNewtonSolver: initial residual = 2.236e+08
[07-02 12:06:15][DEBUG] jax_fem: DeviceProblem: computing Jacobian on device
[07-02 12:06:16][DEBUG] jax_fem: Function split_and_compute_cell took 0.0266 seconds
[07-02 12:06:16][DEBUG] jax_fem: CuDSSNewtonSolver: iter=1  res=1.510e-05  rel=6.752e-14
[07-02 12:06:16][INFO] jax_fem: CuDSSNewtonSolver: solve finished in 0.09s  res=1.510e-05
[07-02 12:06:16][DEBUG] jax_fem: CuDSSNewtonSolver: starting Newton loop
[07-02 12:06:16][DEBUG] jax_fem: DeviceProblem: computing Jacobian on device
[07-02 12:06:16][DEBUG] jax_fem: Function split_and_compute_cell took 0.0274 seconds
[07-02 12:06:16][DEBUG] jax_fem: CuDSSNewtonSolver: initial residual = 2.223e+08
[07-02 12:06:16][DEBUG] jax_fem: DeviceProblem: computing Jacobian on device
[07-02 12:06:16][DEBUG] jax_fem: Function split_and_compute_cell took 0.0266 seconds
[07-02 12:06:16][DEBUG] jax_fem: CuDSSNewtonSolver: iter=1  res=1.314e-05  rel=5.909e-14
[07-02 12:06:16][INFO] jax_fem: CuDSSNewtonSolver: solve finished in 0.09s  res=1.314e-05
[07-02 12:06:16][INFO] jax_fem: CuDSS backward: solving adjoint problem …
[07-02 12:06:16][DEBUG] jax_fem: DeviceProblem: computing Jacobian on device
[07-02 12:06:16][DEBUG] jax_fem: Function split_and_compute_cell took 0.0458 seconds
[07-02 12:06:16][DEBUG] jax_fem: Computing cell residual...
[07-02 12:06:17][DEBUG] jax_fem: Function split_and_compute_cell took 0.0633 seconds
[07-02 12:06:17][INFO] jax_fem: CuDSS backward: solving adjoint problem …
[07-02 12:06:17][DEBUG] jax_fem: DeviceProblem: computing Jacobian on device
[07-02 12:06:17][DEBUG] jax_fem: Function split_and_compute_cell took 0.0451 seconds
[07-02 12:06:17][DEBUG] jax_fem: Computing cell residual...
[07-02 12:06:17][DEBUG] jax_fem: Function split_and_compute_cell took 0.0706 seconds
[07-02 12:06:17][INFO] jax_fem: CuDSS backward: solving adjoint problem …
[07-02 12:06:17][DEBUG] jax_fem: DeviceProblem: computing Jacobian on device
[07-02 12:06:17][DEBUG] jax_fem: Function split_and_compute_cell took 0.0395 seconds
[07-02 12:06:17][DEBUG] jax_fem: Computing cell residual...
[07-02 12:06:17][DEBUG] jax_fem: Function split_and_compute_cell took 0.0609 seconds
[07-02 12:06:18][INFO] jax_fem: CuDSS backward: solving adjoint problem …
[07-02 12:06:18][DEBUG] jax_fem: DeviceProblem: computing Jacobian on device
[07-02 12:06:18][DEBUG] jax_fem: Function split_and_compute_cell took 0.0316 seconds
[07-02 12:06:18][DEBUG] jax_fem: Computing cell residual...
[07-02 12:06:18][DEBUG] jax_fem: Function split_and_compute_cell took 0.0609 seconds
[07-02 12:06:18][INFO] jax_fem: CuDSS backward: solving adjoint problem …
[07-02 12:06:18][DEBUG] jax_fem: DeviceProblem: computing Jacobian on device
[07-02 12:06:18][DEBUG] jax_fem: Function split_and_compute_cell took 0.0560 seconds
[07-02 12:06:18][DEBUG] jax_fem: Computing cell residual...
[07-02 12:06:18][DEBUG] jax_fem: Function split_and_compute_cell took 0.0664 seconds
[07-02 12:06:20][DEBUG] jax_fem: CuDSSNewtonSolver: starting Newton loop
[07-02 12:06:20][DEBUG] jax_fem: DeviceProblem: computing Jacobian on device
[07-02 12:06:20][DEBUG] jax_fem: Function split_and_compute_cell took 0.0407 seconds
[07-02 12:06:20][DEBUG] jax_fem: CuDSSNewtonSolver: initial residual = 2.235e+08
[07-02 12:06:20][DEBUG] jax_fem: DeviceProblem: computing Jacobian on device
[07-02 12:06:20][DEBUG] jax_fem: Function split_and_compute_cell took 0.0372 seconds
[07-02 12:06:20][DEBUG] jax_fem: CuDSSNewtonSolver: iter=1  res=1.543e-05  rel=6.904e-14
[07-02 12:06:20][INFO] jax_fem: CuDSSNewtonSolver: solve finished in 0.12s  res=1.543e-05
[07-02 12:06:20][DEBUG] jax_fem: CuDSSNewtonSolver: starting Newton loop
[07-02 12:06:20][DEBUG] jax_fem: DeviceProblem: computing Jacobian on device
[07-02 12:06:20][DEBUG] jax_fem: Function split_and_compute_cell took 0.0334 seconds
[07-02 12:06:20][DEBUG] jax_fem: CuDSSNewtonSolver: initial residual = 2.216e+08
[07-02 12:06:20][DEBUG] jax_fem: DeviceProblem: computing Jacobian on device
[07-02 12:06:20][DEBUG] jax_fem: Function split_and_compute_cell took 0.0287 seconds
[07-02 12:06:20][DEBUG] jax_fem: CuDSSNewtonSolver: iter=1  res=1.652e-05  rel=7.456e-14
[07-02 12:06:20][INFO] jax_fem: CuDSSNewtonSolver: solve finished in 0.10s  res=1.652e-05
[07-02 12:06:20][DEBUG] jax_fem: CuDSSNewtonSolver: starting Newton loop
[07-02 12:06:20][DEBUG] jax_fem: DeviceProblem: computing Jacobian on device
[07-02 12:06:20][DEBUG] jax_fem: Function split_and_compute_cell took 0.0503 seconds
[07-02 12:06:20][DEBUG] jax_fem: CuDSSNewtonSolver: initial residual = 2.211e+08
[07-02 12:06:20][DEBUG] jax_fem: DeviceProblem: computing Jacobian on device
[07-02 12:06:20][DEBUG] jax_fem: Function split_and_compute_cell took 0.0334 seconds
[07-02 12:06:20][DEBUG] jax_fem: CuDSSNewtonSolver: iter=1  res=1.635e-05  rel=7.395e-14
[07-02 12:06:20][INFO] jax_fem: CuDSSNewtonSolver: solve finished in 0.13s  res=1.635e-05
[07-02 12:06:21][DEBUG] jax_fem: CuDSSNewtonSolver: starting Newton loop
[07-02 12:06:21][DEBUG] jax_fem: DeviceProblem: computing Jacobian on device
[07-02 12:06:21][DEBUG] jax_fem: Function split_and_compute_cell took 0.0538 seconds
[07-02 12:06:21][DEBUG] jax_fem: CuDSSNewtonSolver: initial residual = 2.236e+08
[07-02 12:06:21][DEBUG] jax_fem: DeviceProblem: computing Jacobian on device
[07-02 12:06:21][DEBUG] jax_fem: Function split_and_compute_cell took 0.0418 seconds
[07-02 12:06:21][DEBUG] jax_fem: CuDSSNewtonSolver: iter=1  res=1.468e-05  rel=6.566e-14
[07-02 12:06:21][INFO] jax_fem: CuDSSNewtonSolver: solve finished in 0.14s  res=1.468e-05
[07-02 12:06:21][DEBUG] jax_fem: CuDSSNewtonSolver: starting Newton loop
[07-02 12:06:21][DEBUG] jax_fem: DeviceProblem: computing Jacobian on device
[07-02 12:06:21][DEBUG] jax_fem: Function split_and_compute_cell took 0.0331 seconds
[07-02 12:06:21][DEBUG] jax_fem: CuDSSNewtonSolver: initial residual = 2.223e+08
[07-02 12:06:21][DEBUG] jax_fem: DeviceProblem: computing Jacobian on device
[07-02 12:06:21][DEBUG] jax_fem: Function split_and_compute_cell took 0.0328 seconds
[07-02 12:06:21][DEBUG] jax_fem: CuDSSNewtonSolver: iter=1  res=1.357e-05  rel=6.101e-14
[07-02 12:06:21][INFO] jax_fem: CuDSSNewtonSolver: solve finished in 0.10s  res=1.357e-05
[07-02 12:06:23][DEBUG] jax_fem: CuDSSNewtonSolver: starting Newton loop
[07-02 12:06:23][DEBUG] jax_fem: DeviceProblem: computing Jacobian on device
[07-02 12:06:23][DEBUG] jax_fem: Function split_and_compute_cell took 0.0262 seconds
[07-02 12:06:23][DEBUG] jax_fem: CuDSSNewtonSolver: initial residual = 2.235e+08
[07-02 12:06:23][DEBUG] jax_fem: DeviceProblem: computing Jacobian on device
[07-02 12:06:23][DEBUG] jax_fem: Function split_and_compute_cell took 0.0260 seconds
[07-02 12:06:23][DEBUG] jax_fem: CuDSSNewtonSolver: iter=1  res=1.530e-05  rel=6.846e-14
[07-02 12:06:23][INFO] jax_fem: CuDSSNewtonSolver: solve finished in 0.09s  res=1.530e-05
[07-02 12:06:23][DEBUG] jax_fem: CuDSSNewtonSolver: starting Newton loop
[07-02 12:06:23][DEBUG] jax_fem: DeviceProblem: computing Jacobian on device
[07-02 12:06:23][DEBUG] jax_fem: Function split_and_compute_cell took 0.0264 seconds
[07-02 12:06:23][DEBUG] jax_fem: CuDSSNewtonSolver: initial residual = 2.216e+08
[07-02 12:06:23][DEBUG] jax_fem: DeviceProblem: computing Jacobian on device
[07-02 12:06:24][DEBUG] jax_fem: Function split_and_compute_cell took 0.0260 seconds
[07-02 12:06:24][DEBUG] jax_fem: CuDSSNewtonSolver: iter=1  res=1.482e-05  rel=6.687e-14
[07-02 12:06:24][INFO] jax_fem: CuDSSNewtonSolver: solve finished in 0.09s  res=1.482e-05
[07-02 12:06:24][DEBUG] jax_fem: CuDSSNewtonSolver: starting Newton loop
[07-02 12:06:24][DEBUG] jax_fem: DeviceProblem: computing Jacobian on device
[07-02 12:06:24][DEBUG] jax_fem: Function split_and_compute_cell took 0.0280 seconds
[07-02 12:06:24][DEBUG] jax_fem: CuDSSNewtonSolver: initial residual = 2.211e+08
[07-02 12:06:24][DEBUG] jax_fem: DeviceProblem: computing Jacobian on device
[07-02 12:06:24][DEBUG] jax_fem: Function split_and_compute_cell took 0.0276 seconds
[07-02 12:06:24][DEBUG] jax_fem: CuDSSNewtonSolver: iter=1  res=1.575e-05  rel=7.126e-14
[07-02 12:06:24][INFO] jax_fem: CuDSSNewtonSolver: solve finished in 0.09s  res=1.575e-05
[07-02 12:06:25][DEBUG] jax_fem: CuDSSNewtonSolver: starting Newton loop
[07-02 12:06:25][DEBUG] jax_fem: DeviceProblem: computing Jacobian on device
[07-02 12:06:25][DEBUG] jax_fem: Function split_and_compute_cell took 0.0263 seconds
[07-02 12:06:25][DEBUG] jax_fem: CuDSSNewtonSolver: initial residual = 2.236e+08
[07-02 12:06:25][DEBUG] jax_fem: DeviceProblem: computing Jacobian on device
[07-02 12:06:25][DEBUG] jax_fem: Function split_and_compute_cell took 0.0265 seconds
[07-02 12:06:25][DEBUG] jax_fem: CuDSSNewtonSolver: iter=1  res=1.457e-05  rel=6.516e-14
[07-02 12:06:25][INFO] jax_fem: CuDSSNewtonSolver: solve finished in 0.09s  res=1.457e-05
[07-02 12:06:25][DEBUG] jax_fem: CuDSSNewtonSolver: starting Newton loop
[07-02 12:06:25][DEBUG] jax_fem: DeviceProblem: computing Jacobian on device
[07-02 12:06:25][DEBUG] jax_fem: Function split_and_compute_cell took 0.0287 seconds
[07-02 12:06:25][DEBUG] jax_fem: CuDSSNewtonSolver: initial residual = 2.223e+08
[07-02 12:06:25][DEBUG] jax_fem: DeviceProblem: computing Jacobian on device
[07-02 12:06:25][DEBUG] jax_fem: Function split_and_compute_cell took 0.0276 seconds
[07-02 12:06:25][DEBUG] jax_fem: CuDSSNewtonSolver: iter=1  res=1.341e-05  rel=6.031e-14
[07-02 12:06:25][INFO] jax_fem: CuDSSNewtonSolver: solve finished in 0.09s  res=1.341e-05
[07-02 12:06:25][INFO] jax_fem: CuDSS backward: solving adjoint problem …
[07-02 12:06:25][DEBUG] jax_fem: DeviceProblem: computing Jacobian on device
[07-02 12:06:25][DEBUG] jax_fem: Function split_and_compute_cell took 0.0279 seconds
[07-02 12:06:25][DEBUG] jax_fem: Computing cell residual...
[07-02 12:06:26][DEBUG] jax_fem: Function split_and_compute_cell took 0.0720 seconds
[07-02 12:06:26][INFO] jax_fem: CuDSS backward: solving adjoint problem …
[07-02 12:06:26][DEBUG] jax_fem: DeviceProblem: computing Jacobian on device
[07-02 12:06:26][DEBUG] jax_fem: Function split_and_compute_cell took 0.0397 seconds
[07-02 12:06:26][DEBUG] jax_fem: Computing cell residual...
[07-02 12:06:26][DEBUG] jax_fem: Function split_and_compute_cell took 0.0561 seconds
[07-02 12:06:26][INFO] jax_fem: CuDSS backward: solving adjoint problem …
[07-02 12:06:26][DEBUG] jax_fem: DeviceProblem: computing Jacobian on device
[07-02 12:06:26][DEBUG] jax_fem: Function split_and_compute_cell took 0.0517 seconds
[07-02 12:06:26][DEBUG] jax_fem: Computing cell residual...
[07-02 12:06:26][DEBUG] jax_fem: Function split_and_compute_cell took 0.0622 seconds
[07-02 12:06:27][INFO] jax_fem: CuDSS backward: solving adjoint problem …
[07-02 12:06:27][DEBUG] jax_fem: DeviceProblem: computing Jacobian on device
[07-02 12:06:27][DEBUG] jax_fem: Function split_and_compute_cell took 0.0397 seconds
[07-02 12:06:27][DEBUG] jax_fem: Computing cell residual...
[07-02 12:06:27][DEBUG] jax_fem: Function split_and_compute_cell took 0.0669 seconds
[07-02 12:06:27][INFO] jax_fem: CuDSS backward: solving adjoint problem …
[07-02 12:06:27][DEBUG] jax_fem: DeviceProblem: computing Jacobian on device
[07-02 12:06:27][DEBUG] jax_fem: Function split_and_compute_cell took 0.0303 seconds
[07-02 12:06:27][DEBUG] jax_fem: Computing cell residual...
[07-02 12:06:27][DEBUG] jax_fem: Function split_and_compute_cell took 0.0656 seconds
[07-02 12:06:29][DEBUG] jax_fem: CuDSSNewtonSolver: starting Newton loop
[07-02 12:06:29][DEBUG] jax_fem: DeviceProblem: computing Jacobian on device
[07-02 12:06:29][DEBUG] jax_fem: Function split_and_compute_cell took 0.0500 seconds
[07-02 12:06:29][DEBUG] jax_fem: CuDSSNewtonSolver: initial residual = 2.235e+08
[07-02 12:06:29][DEBUG] jax_fem: DeviceProblem: computing Jacobian on device
[07-02 12:06:29][DEBUG] jax_fem: Function split_and_compute_cell took 0.0454 seconds
[07-02 12:06:29][DEBUG] jax_fem: CuDSSNewtonSolver: iter=1  res=1.552e-05  rel=6.943e-14
[07-02 12:06:29][INFO] jax_fem: CuDSSNewtonSolver: solve finished in 0.14s  res=1.552e-05
[07-02 12:06:29][DEBUG] jax_fem: CuDSSNewtonSolver: starting Newton loop
[07-02 12:06:29][DEBUG] jax_fem: DeviceProblem: computing Jacobian on device
[07-02 12:06:29][DEBUG] jax_fem: Function split_and_compute_cell took 0.0291 seconds
[07-02 12:06:29][DEBUG] jax_fem: CuDSSNewtonSolver: initial residual = 2.216e+08
[07-02 12:06:29][DEBUG] jax_fem: DeviceProblem: computing Jacobian on device
[07-02 12:06:29][DEBUG] jax_fem: Function split_and_compute_cell took 0.0282 seconds
[07-02 12:06:29][DEBUG] jax_fem: CuDSSNewtonSolver: iter=1  res=1.622e-05  rel=7.318e-14
[07-02 12:06:29][INFO] jax_fem: CuDSSNewtonSolver: solve finished in 0.10s  res=1.622e-05
[07-02 12:06:29][DEBUG] jax_fem: CuDSSNewtonSolver: starting Newton loop
[07-02 12:06:29][DEBUG] jax_fem: DeviceProblem: computing Jacobian on device
[07-02 12:06:29][DEBUG] jax_fem: Function split_and_compute_cell took 0.0408 seconds
[07-02 12:06:29][DEBUG] jax_fem: CuDSSNewtonSolver: initial residual = 2.211e+08
[07-02 12:06:29][DEBUG] jax_fem: DeviceProblem: computing Jacobian on device
[07-02 12:06:30][DEBUG] jax_fem: Function split_and_compute_cell took 0.0355 seconds
[07-02 12:06:30][DEBUG] jax_fem: CuDSSNewtonSolver: iter=1  res=1.729e-05  rel=7.821e-14
[07-02 12:06:30][INFO] jax_fem: CuDSSNewtonSolver: solve finished in 0.12s  res=1.729e-05
[07-02 12:06:30][DEBUG] jax_fem: CuDSSNewtonSolver: starting Newton loop
[07-02 12:06:30][DEBUG] jax_fem: DeviceProblem: computing Jacobian on device
[07-02 12:06:30][DEBUG] jax_fem: Function split_and_compute_cell took 0.0373 seconds
[07-02 12:06:30][DEBUG] jax_fem: CuDSSNewtonSolver: initial residual = 2.236e+08
[07-02 12:06:30][DEBUG] jax_fem: DeviceProblem: computing Jacobian on device
[07-02 12:06:30][DEBUG] jax_fem: Function split_and_compute_cell took 0.0470 seconds
[07-02 12:06:30][DEBUG] jax_fem: CuDSSNewtonSolver: iter=1  res=1.609e-05  rel=7.193e-14
[07-02 12:06:30][INFO] jax_fem: CuDSSNewtonSolver: solve finished in 0.13s  res=1.609e-05
[07-02 12:06:30][DEBUG] jax_fem: CuDSSNewtonSolver: starting Newton loop
[07-02 12:06:30][DEBUG] jax_fem: DeviceProblem: computing Jacobian on device
[07-02 12:06:30][DEBUG] jax_fem: Function split_and_compute_cell took 0.0499 seconds
[07-02 12:06:30][DEBUG] jax_fem: CuDSSNewtonSolver: initial residual = 2.223e+08
[07-02 12:06:30][DEBUG] jax_fem: DeviceProblem: computing Jacobian on device
[07-02 12:06:30][DEBUG] jax_fem: Function split_and_compute_cell took 0.0482 seconds
[07-02 12:06:30][DEBUG] jax_fem: CuDSSNewtonSolver: iter=1  res=1.289e-05  rel=5.797e-14
[07-02 12:06:30][INFO] jax_fem: CuDSSNewtonSolver: solve finished in 0.14s  res=1.289e-05
[07-02 12:06:32][DEBUG] jax_fem: CuDSSNewtonSolver: starting Newton loop
[07-02 12:06:32][DEBUG] jax_fem: DeviceProblem: computing Jacobian on device
[07-02 12:06:32][DEBUG] jax_fem: Function split_and_compute_cell took 0.0278 seconds
[07-02 12:06:32][DEBUG] jax_fem: CuDSSNewtonSolver: initial residual = 2.235e+08
[07-02 12:06:32][DEBUG] jax_fem: DeviceProblem: computing Jacobian on device
[07-02 12:06:32][DEBUG] jax_fem: Function split_and_compute_cell took 0.0287 seconds
[07-02 12:06:32][DEBUG] jax_fem: CuDSSNewtonSolver: iter=1  res=1.506e-05  rel=6.740e-14
[07-02 12:06:32][INFO] jax_fem: CuDSSNewtonSolver: solve finished in 0.09s  res=1.506e-05
[07-02 12:06:33][DEBUG] jax_fem: CuDSSNewtonSolver: starting Newton loop
[07-02 12:06:33][DEBUG] jax_fem: DeviceProblem: computing Jacobian on device
[07-02 12:06:33][DEBUG] jax_fem: Function split_and_compute_cell took 0.0260 seconds
[07-02 12:06:33][DEBUG] jax_fem: CuDSSNewtonSolver: initial residual = 2.216e+08
[07-02 12:06:33][DEBUG] jax_fem: DeviceProblem: computing Jacobian on device
[07-02 12:06:33][DEBUG] jax_fem: Function split_and_compute_cell took 0.0271 seconds
[07-02 12:06:33][DEBUG] jax_fem: CuDSSNewtonSolver: iter=1  res=1.540e-05  rel=6.948e-14
[07-02 12:06:33][INFO] jax_fem: CuDSSNewtonSolver: solve finished in 0.09s  res=1.540e-05
[07-02 12:06:33][DEBUG] jax_fem: CuDSSNewtonSolver: starting Newton loop
[07-02 12:06:33][DEBUG] jax_fem: DeviceProblem: computing Jacobian on device
[07-02 12:06:33][DEBUG] jax_fem: Function split_and_compute_cell took 0.0262 seconds
[07-02 12:06:33][DEBUG] jax_fem: CuDSSNewtonSolver: initial residual = 2.211e+08
[07-02 12:06:33][DEBUG] jax_fem: DeviceProblem: computing Jacobian on device
[07-02 12:06:33][DEBUG] jax_fem: Function split_and_compute_cell took 0.0283 seconds
[07-02 12:06:33][DEBUG] jax_fem: CuDSSNewtonSolver: iter=1  res=1.645e-05  rel=7.439e-14
[07-02 12:06:33][INFO] jax_fem: CuDSSNewtonSolver: solve finished in 0.09s  res=1.645e-05
[07-02 12:06:34][DEBUG] jax_fem: CuDSSNewtonSolver: starting Newton loop
[07-02 12:06:34][DEBUG] jax_fem: DeviceProblem: computing Jacobian on device
[07-02 12:06:34][DEBUG] jax_fem: Function split_and_compute_cell took 0.0262 seconds
[07-02 12:06:34][DEBUG] jax_fem: CuDSSNewtonSolver: initial residual = 2.236e+08
[07-02 12:06:34][DEBUG] jax_fem: DeviceProblem: computing Jacobian on device
[07-02 12:06:34][DEBUG] jax_fem: Function split_and_compute_cell took 0.0273 seconds
[07-02 12:06:34][DEBUG] jax_fem: CuDSSNewtonSolver: iter=1  res=1.644e-05  rel=7.349e-14
[07-02 12:06:34][INFO] jax_fem: CuDSSNewtonSolver: solve finished in 0.09s  res=1.644e-05
[07-02 12:06:35][DEBUG] jax_fem: CuDSSNewtonSolver: starting Newton loop
[07-02 12:06:35][DEBUG] jax_fem: DeviceProblem: computing Jacobian on device
[07-02 12:06:35][DEBUG] jax_fem: Function split_and_compute_cell took 0.0264 seconds
[07-02 12:06:35][DEBUG] jax_fem: CuDSSNewtonSolver: initial residual = 2.223e+08
[07-02 12:06:35][DEBUG] jax_fem: DeviceProblem: computing Jacobian on device
[07-02 12:06:35][DEBUG] jax_fem: Function split_and_compute_cell took 0.0274 seconds
[07-02 12:06:35][DEBUG] jax_fem: CuDSSNewtonSolver: iter=1  res=1.345e-05  rel=6.049e-14
[07-02 12:06:35][INFO] jax_fem: CuDSSNewtonSolver: solve finished in 0.09s  res=1.345e-05
[07-02 12:06:35][INFO] jax_fem: CuDSS backward: solving adjoint problem …
[07-02 12:06:35][DEBUG] jax_fem: DeviceProblem: computing Jacobian on device
[07-02 12:06:35][DEBUG] jax_fem: Function split_and_compute_cell took 0.0424 seconds
[07-02 12:06:35][DEBUG] jax_fem: Computing cell residual...
[07-02 12:06:35][DEBUG] jax_fem: Function split_and_compute_cell took 0.0706 seconds
[07-02 12:06:35][INFO] jax_fem: CuDSS backward: solving adjoint problem …
[07-02 12:06:35][DEBUG] jax_fem: DeviceProblem: computing Jacobian on device
[07-02 12:06:35][DEBUG] jax_fem: Function split_and_compute_cell took 0.0349 seconds
[07-02 12:06:35][DEBUG] jax_fem: Computing cell residual...
[07-02 12:06:35][DEBUG] jax_fem: Function split_and_compute_cell took 0.0604 seconds
[07-02 12:06:35][INFO] jax_fem: CuDSS backward: solving adjoint problem …
[07-02 12:06:35][DEBUG] jax_fem: DeviceProblem: computing Jacobian on device
[07-02 12:06:36][DEBUG] jax_fem: Function split_and_compute_cell took 0.0425 seconds
[07-02 12:06:36][DEBUG] jax_fem: Computing cell residual...
[07-02 12:06:36][DEBUG] jax_fem: Function split_and_compute_cell took 0.0664 seconds
[07-02 12:06:36][INFO] jax_fem: CuDSS backward: solving adjoint problem …
[07-02 12:06:36][DEBUG] jax_fem: DeviceProblem: computing Jacobian on device
[07-02 12:06:36][DEBUG] jax_fem: Function split_and_compute_cell took 0.0389 seconds
[07-02 12:06:36][DEBUG] jax_fem: Computing cell residual...
[07-02 12:06:36][DEBUG] jax_fem: Function split_and_compute_cell took 0.0613 seconds
[07-02 12:06:36][INFO] jax_fem: CuDSS backward: solving adjoint problem …
[07-02 12:06:36][DEBUG] jax_fem: DeviceProblem: computing Jacobian on device
[07-02 12:06:36][DEBUG] jax_fem: Function split_and_compute_cell took 0.0399 seconds
[07-02 12:06:36][DEBUG] jax_fem: Computing cell residual...
[07-02 12:06:36][DEBUG] jax_fem: Function split_and_compute_cell took 0.0656 seconds
[07-02 12:06:38][DEBUG] jax_fem: CuDSSNewtonSolver: starting Newton loop
[07-02 12:06:38][DEBUG] jax_fem: DeviceProblem: computing Jacobian on device
[07-02 12:06:38][DEBUG] jax_fem: Function split_and_compute_cell took 0.0305 seconds
[07-02 12:06:38][DEBUG] jax_fem: CuDSSNewtonSolver: initial residual = 2.235e+08
[07-02 12:06:38][DEBUG] jax_fem: DeviceProblem: computing Jacobian on device
[07-02 12:06:38][DEBUG] jax_fem: Function split_and_compute_cell took 0.0578 seconds
[07-02 12:06:38][DEBUG] jax_fem: CuDSSNewtonSolver: iter=1  res=1.490e-05  rel=6.666e-14
[07-02 12:06:38][INFO] jax_fem: CuDSSNewtonSolver: solve finished in 0.13s  res=1.490e-05
[07-02 12:06:38][DEBUG] jax_fem: CuDSSNewtonSolver: starting Newton loop
[07-02 12:06:38][DEBUG] jax_fem: DeviceProblem: computing Jacobian on device
[07-02 12:06:38][DEBUG] jax_fem: Function split_and_compute_cell took 0.0273 seconds
[07-02 12:06:38][DEBUG] jax_fem: CuDSSNewtonSolver: initial residual = 2.216e+08
[07-02 12:06:38][DEBUG] jax_fem: DeviceProblem: computing Jacobian on device
[07-02 12:06:38][DEBUG] jax_fem: Function split_and_compute_cell took 0.0585 seconds
[07-02 12:06:38][DEBUG] jax_fem: CuDSSNewtonSolver: iter=1  res=1.515e-05  rel=6.838e-14
[07-02 12:06:38][INFO] jax_fem: CuDSSNewtonSolver: solve finished in 0.12s  res=1.515e-05
[07-02 12:06:39][DEBUG] jax_fem: CuDSSNewtonSolver: starting Newton loop
[07-02 12:06:39][DEBUG] jax_fem: DeviceProblem: computing Jacobian on device
[07-02 12:06:39][DEBUG] jax_fem: Function split_and_compute_cell took 0.0464 seconds
[07-02 12:06:39][DEBUG] jax_fem: CuDSSNewtonSolver: initial residual = 2.211e+08
[07-02 12:06:39][DEBUG] jax_fem: DeviceProblem: computing Jacobian on device
[07-02 12:06:39][DEBUG] jax_fem: Function split_and_compute_cell took 0.0288 seconds
[07-02 12:06:39][DEBUG] jax_fem: CuDSSNewtonSolver: iter=1  res=1.603e-05  rel=7.250e-14
[07-02 12:06:39][INFO] jax_fem: CuDSSNewtonSolver: solve finished in 0.12s  res=1.603e-05
[07-02 12:06:39][DEBUG] jax_fem: CuDSSNewtonSolver: starting Newton loop
[07-02 12:06:39][DEBUG] jax_fem: DeviceProblem: computing Jacobian on device
[07-02 12:06:39][DEBUG] jax_fem: Function split_and_compute_cell took 0.0561 seconds
[07-02 12:06:39][DEBUG] jax_fem: CuDSSNewtonSolver: initial residual = 2.236e+08
[07-02 12:06:39][DEBUG] jax_fem: DeviceProblem: computing Jacobian on device
[07-02 12:06:39][DEBUG] jax_fem: Function split_and_compute_cell took 0.0470 seconds
[07-02 12:06:39][DEBUG] jax_fem: CuDSSNewtonSolver: iter=1  res=1.544e-05  rel=6.905e-14
[07-02 12:06:39][INFO] jax_fem: CuDSSNewtonSolver: solve finished in 0.14s  res=1.544e-05
[07-02 12:06:39][DEBUG] jax_fem: CuDSSNewtonSolver: starting Newton loop
[07-02 12:06:39][DEBUG] jax_fem: DeviceProblem: computing Jacobian on device
[07-02 12:06:39][DEBUG] jax_fem: Function split_and_compute_cell took 0.0436 seconds
[07-02 12:06:39][DEBUG] jax_fem: CuDSSNewtonSolver: initial residual = 2.223e+08
[07-02 12:06:39][DEBUG] jax_fem: DeviceProblem: computing Jacobian on device
[07-02 12:06:40][DEBUG] jax_fem: Function split_and_compute_cell took 0.0246 seconds
[07-02 12:06:40][DEBUG] jax_fem: CuDSSNewtonSolver: iter=1  res=1.356e-05  rel=6.101e-14
[07-02 12:06:40][INFO] jax_fem: CuDSSNewtonSolver: solve finished in 0.10s  res=1.356e-05
[07-02 12:06:41][DEBUG] jax_fem: CuDSSNewtonSolver: starting Newton loop
[07-02 12:06:41][DEBUG] jax_fem: DeviceProblem: computing Jacobian on device
[07-02 12:06:41][DEBUG] jax_fem: Function split_and_compute_cell took 0.0256 seconds
[07-02 12:06:41][DEBUG] jax_fem: CuDSSNewtonSolver: initial residual = 2.235e+08
[07-02 12:06:41][DEBUG] jax_fem: DeviceProblem: computing Jacobian on device
[07-02 12:06:41][DEBUG] jax_fem: Function split_and_compute_cell took 0.0255 seconds
[07-02 12:06:41][DEBUG] jax_fem: CuDSSNewtonSolver: iter=1  res=1.523e-05  rel=6.816e-14
[07-02 12:06:41][INFO] jax_fem: CuDSSNewtonSolver: solve finished in 0.09s  res=1.523e-05
[07-02 12:06:42][DEBUG] jax_fem: CuDSSNewtonSolver: starting Newton loop
[07-02 12:06:42][DEBUG] jax_fem: DeviceProblem: computing Jacobian on device
[07-02 12:06:42][DEBUG] jax_fem: Function split_and_compute_cell took 0.0266 seconds
[07-02 12:06:42][DEBUG] jax_fem: CuDSSNewtonSolver: initial residual = 2.216e+08
[07-02 12:06:42][DEBUG] jax_fem: DeviceProblem: computing Jacobian on device
[07-02 12:06:42][DEBUG] jax_fem: Function split_and_compute_cell took 0.0261 seconds
[07-02 12:06:42][DEBUG] jax_fem: CuDSSNewtonSolver: iter=1  res=1.506e-05  rel=6.793e-14
[07-02 12:06:42][INFO] jax_fem: CuDSSNewtonSolver: solve finished in 0.09s  res=1.506e-05
[07-02 12:06:42][DEBUG] jax_fem: CuDSSNewtonSolver: starting Newton loop
[07-02 12:06:42][DEBUG] jax_fem: DeviceProblem: computing Jacobian on device
[07-02 12:06:42][DEBUG] jax_fem: Function split_and_compute_cell took 0.0275 seconds
[07-02 12:06:42][DEBUG] jax_fem: CuDSSNewtonSolver: initial residual = 2.211e+08
[07-02 12:06:42][DEBUG] jax_fem: DeviceProblem: computing Jacobian on device
[07-02 12:06:42][DEBUG] jax_fem: Function split_and_compute_cell took 0.0263 seconds
[07-02 12:06:42][DEBUG] jax_fem: CuDSSNewtonSolver: iter=1  res=1.652e-05  rel=7.475e-14
[07-02 12:06:42][INFO] jax_fem: CuDSSNewtonSolver: solve finished in 0.09s  res=1.652e-05
[07-02 12:06:43][DEBUG] jax_fem: CuDSSNewtonSolver: starting Newton loop
[07-02 12:06:43][DEBUG] jax_fem: DeviceProblem: computing Jacobian on device
[07-02 12:06:43][DEBUG] jax_fem: Function split_and_compute_cell took 0.0259 seconds
[07-02 12:06:43][DEBUG] jax_fem: CuDSSNewtonSolver: initial residual = 2.236e+08
[07-02 12:06:43][DEBUG] jax_fem: DeviceProblem: computing Jacobian on device
[07-02 12:06:43][DEBUG] jax_fem: Function split_and_compute_cell took 0.0272 seconds
[07-02 12:06:43][DEBUG] jax_fem: CuDSSNewtonSolver: iter=1  res=1.465e-05  rel=6.553e-14
[07-02 12:06:43][INFO] jax_fem: CuDSSNewtonSolver: solve finished in 0.09s  res=1.465e-05
[07-02 12:06:44][DEBUG] jax_fem: CuDSSNewtonSolver: starting Newton loop
[07-02 12:06:44][DEBUG] jax_fem: DeviceProblem: computing Jacobian on device
[07-02 12:06:44][DEBUG] jax_fem: Function split_and_compute_cell took 0.0271 seconds
[07-02 12:06:44][DEBUG] jax_fem: CuDSSNewtonSolver: initial residual = 2.223e+08
[07-02 12:06:44][DEBUG] jax_fem: DeviceProblem: computing Jacobian on device
[07-02 12:06:44][DEBUG] jax_fem: Function split_and_compute_cell took 0.0265 seconds
[07-02 12:06:44][DEBUG] jax_fem: CuDSSNewtonSolver: iter=1  res=1.363e-05  rel=6.128e-14
[07-02 12:06:44][INFO] jax_fem: CuDSSNewtonSolver: solve finished in 0.09s  res=1.363e-05
[07-02 12:06:44][INFO] jax_fem: CuDSS backward: solving adjoint problem …
[07-02 12:06:44][DEBUG] jax_fem: DeviceProblem: computing Jacobian on device
[07-02 12:06:44][DEBUG] jax_fem: Function split_and_compute_cell took 0.0237 seconds
[07-02 12:06:44][DEBUG] jax_fem: Computing cell residual...
[07-02 12:06:44][DEBUG] jax_fem: Function split_and_compute_cell took 0.0685 seconds
[07-02 12:06:44][INFO] jax_fem: CuDSS backward: solving adjoint problem …
[07-02 12:06:44][DEBUG] jax_fem: DeviceProblem: computing Jacobian on device
[07-02 12:06:44][DEBUG] jax_fem: Function split_and_compute_cell took 0.0302 seconds
[07-02 12:06:44][DEBUG] jax_fem: Computing cell residual...
[07-02 12:06:44][DEBUG] jax_fem: Function split_and_compute_cell took 0.0698 seconds
[07-02 12:06:45][INFO] jax_fem: CuDSS backward: solving adjoint problem …
[07-02 12:06:45][DEBUG] jax_fem: DeviceProblem: computing Jacobian on device
[07-02 12:06:45][DEBUG] jax_fem: Function split_and_compute_cell took 0.0378 seconds
[07-02 12:06:45][DEBUG] jax_fem: Computing cell residual...
[07-02 12:06:45][DEBUG] jax_fem: Function split_and_compute_cell took 0.0625 seconds
[07-02 12:06:45][INFO] jax_fem: CuDSS backward: solving adjoint problem …
[07-02 12:06:45][DEBUG] jax_fem: DeviceProblem: computing Jacobian on device
[07-02 12:06:45][DEBUG] jax_fem: Function split_and_compute_cell took 0.0416 seconds
[07-02 12:06:45][DEBUG] jax_fem: Computing cell residual...
[07-02 12:06:45][DEBUG] jax_fem: Function split_and_compute_cell took 0.0629 seconds
[07-02 12:06:45][INFO] jax_fem: CuDSS backward: solving adjoint problem …
[07-02 12:06:45][DEBUG] jax_fem: DeviceProblem: computing Jacobian on device
[07-02 12:06:45][DEBUG] jax_fem: Function split_and_compute_cell took 0.0394 seconds
[07-02 12:06:45][DEBUG] jax_fem: Computing cell residual...
[07-02 12:06:46][DEBUG] jax_fem: Function split_and_compute_cell took 0.0592 seconds
[07-02 12:06:47][DEBUG] jax_fem: CuDSSNewtonSolver: starting Newton loop
[07-02 12:06:47][DEBUG] jax_fem: DeviceProblem: computing Jacobian on device
[07-02 12:06:47][DEBUG] jax_fem: Function split_and_compute_cell took 0.0303 seconds
[07-02 12:06:47][DEBUG] jax_fem: CuDSSNewtonSolver: initial residual = 2.235e+08
[07-02 12:06:47][DEBUG] jax_fem: DeviceProblem: computing Jacobian on device
[07-02 12:06:47][DEBUG] jax_fem: Function split_and_compute_cell took 0.0243 seconds
[07-02 12:06:47][DEBUG] jax_fem: CuDSSNewtonSolver: iter=1  res=1.605e-05  rel=7.181e-14
[07-02 12:06:47][INFO] jax_fem: CuDSSNewtonSolver: solve finished in 0.09s  res=1.605e-05
[07-02 12:06:47][DEBUG] jax_fem: CuDSSNewtonSolver: starting Newton loop
[07-02 12:06:47][DEBUG] jax_fem: DeviceProblem: computing Jacobian on device
[07-02 12:06:47][DEBUG] jax_fem: Function split_and_compute_cell took 0.0307 seconds
[07-02 12:06:47][DEBUG] jax_fem: CuDSSNewtonSolver: initial residual = 2.216e+08
[07-02 12:06:47][DEBUG] jax_fem: DeviceProblem: computing Jacobian on device
[07-02 12:06:48][DEBUG] jax_fem: Function split_and_compute_cell took 0.0513 seconds
[07-02 12:06:48][DEBUG] jax_fem: CuDSSNewtonSolver: iter=1  res=1.568e-05  rel=7.076e-14
[07-02 12:06:48][INFO] jax_fem: CuDSSNewtonSolver: solve finished in 0.12s  res=1.568e-05
[07-02 12:06:48][DEBUG] jax_fem: CuDSSNewtonSolver: starting Newton loop
[07-02 12:06:48][DEBUG] jax_fem: DeviceProblem: computing Jacobian on device
[07-02 12:06:48][DEBUG] jax_fem: Function split_and_compute_cell took 0.0321 seconds
[07-02 12:06:48][DEBUG] jax_fem: CuDSSNewtonSolver: initial residual = 2.211e+08
[07-02 12:06:48][DEBUG] jax_fem: DeviceProblem: computing Jacobian on device
[07-02 12:06:48][DEBUG] jax_fem: Function split_and_compute_cell took 0.0257 seconds
[07-02 12:06:48][DEBUG] jax_fem: CuDSSNewtonSolver: iter=1  res=1.650e-05  rel=7.466e-14
[07-02 12:06:48][INFO] jax_fem: CuDSSNewtonSolver: solve finished in 0.10s  res=1.650e-05
[07-02 12:06:48][DEBUG] jax_fem: CuDSSNewtonSolver: starting Newton loop
[07-02 12:06:48][DEBUG] jax_fem: DeviceProblem: computing Jacobian on device
[07-02 12:06:48][DEBUG] jax_fem: Function split_and_compute_cell took 0.0545 seconds
[07-02 12:06:48][DEBUG] jax_fem: CuDSSNewtonSolver: initial residual = 2.236e+08
[07-02 12:06:48][DEBUG] jax_fem: DeviceProblem: computing Jacobian on device
[07-02 12:06:48][DEBUG] jax_fem: Function split_and_compute_cell took 0.0320 seconds
[07-02 12:06:48][DEBUG] jax_fem: CuDSSNewtonSolver: iter=1  res=1.515e-05  rel=6.774e-14
[07-02 12:06:48][INFO] jax_fem: CuDSSNewtonSolver: solve finished in 0.13s  res=1.515e-05
[07-02 12:06:48][DEBUG] jax_fem: CuDSSNewtonSolver: starting Newton loop
[07-02 12:06:48][DEBUG] jax_fem: DeviceProblem: computing Jacobian on device
[07-02 12:06:48][DEBUG] jax_fem: Function split_and_compute_cell took 0.0431 seconds
[07-02 12:06:48][DEBUG] jax_fem: CuDSSNewtonSolver: initial residual = 2.223e+08
[07-02 12:06:48][DEBUG] jax_fem: DeviceProblem: computing Jacobian on device
[07-02 12:06:49][DEBUG] jax_fem: Function split_and_compute_cell took 0.0369 seconds
[07-02 12:06:49][DEBUG] jax_fem: CuDSSNewtonSolver: iter=1  res=1.328e-05  rel=5.974e-14
[07-02 12:06:49][INFO] jax_fem: CuDSSNewtonSolver: solve finished in 0.12s  res=1.328e-05
[07-02 12:06:50][DEBUG] jax_fem: CuDSSNewtonSolver: starting Newton loop
[07-02 12:06:50][DEBUG] jax_fem: DeviceProblem: computing Jacobian on device
[07-02 12:06:50][DEBUG] jax_fem: Function split_and_compute_cell took 0.0254 seconds
[07-02 12:06:50][DEBUG] jax_fem: CuDSSNewtonSolver: initial residual = 2.235e+08
[07-02 12:06:50][DEBUG] jax_fem: DeviceProblem: computing Jacobian on device
[07-02 12:06:50][DEBUG] jax_fem: Function split_and_compute_cell took 0.0277 seconds
[07-02 12:06:50][DEBUG] jax_fem: CuDSSNewtonSolver: iter=1  res=1.627e-05  rel=7.280e-14
[07-02 12:06:50][INFO] jax_fem: CuDSSNewtonSolver: solve finished in 0.09s  res=1.627e-05
[07-02 12:06:51][DEBUG] jax_fem: CuDSSNewtonSolver: starting Newton loop
[07-02 12:06:51][DEBUG] jax_fem: DeviceProblem: computing Jacobian on device
[07-02 12:06:51][DEBUG] jax_fem: Function split_and_compute_cell took 0.0265 seconds
[07-02 12:06:51][DEBUG] jax_fem: CuDSSNewtonSolver: initial residual = 2.216e+08
[07-02 12:06:51][DEBUG] jax_fem: DeviceProblem: computing Jacobian on device
[07-02 12:06:51][DEBUG] jax_fem: Function split_and_compute_cell took 0.0255 seconds
[07-02 12:06:51][DEBUG] jax_fem: CuDSSNewtonSolver: iter=1  res=1.486e-05  rel=6.707e-14
[07-02 12:06:51][INFO] jax_fem: CuDSSNewtonSolver: solve finished in 0.09s  res=1.486e-05
[07-02 12:06:51][DEBUG] jax_fem: CuDSSNewtonSolver: starting Newton loop
[07-02 12:06:51][DEBUG] jax_fem: DeviceProblem: computing Jacobian on device
[07-02 12:06:51][DEBUG] jax_fem: Function split_and_compute_cell took 0.0266 seconds
[07-02 12:06:51][DEBUG] jax_fem: CuDSSNewtonSolver: initial residual = 2.211e+08
[07-02 12:06:51][DEBUG] jax_fem: DeviceProblem: computing Jacobian on device
[07-02 12:06:51][DEBUG] jax_fem: Function split_and_compute_cell took 0.0281 seconds
[07-02 12:06:51][DEBUG] jax_fem: CuDSSNewtonSolver: iter=1  res=1.600e-05  rel=7.239e-14
[07-02 12:06:51][INFO] jax_fem: CuDSSNewtonSolver: solve finished in 0.09s  res=1.600e-05
[07-02 12:06:52][DEBUG] jax_fem: CuDSSNewtonSolver: starting Newton loop
[07-02 12:06:52][DEBUG] jax_fem: DeviceProblem: computing Jacobian on device
[07-02 12:06:52][DEBUG] jax_fem: Function split_and_compute_cell took 0.0263 seconds
[07-02 12:06:52][DEBUG] jax_fem: CuDSSNewtonSolver: initial residual = 2.236e+08
[07-02 12:06:52][DEBUG] jax_fem: DeviceProblem: computing Jacobian on device
[07-02 12:06:52][DEBUG] jax_fem: Function split_and_compute_cell took 0.0276 seconds
[07-02 12:06:52][DEBUG] jax_fem: CuDSSNewtonSolver: iter=1  res=1.495e-05  rel=6.685e-14
[07-02 12:06:52][INFO] jax_fem: CuDSSNewtonSolver: solve finished in 0.09s  res=1.495e-05
[07-02 12:06:53][DEBUG] jax_fem: CuDSSNewtonSolver: starting Newton loop
[07-02 12:06:53][DEBUG] jax_fem: DeviceProblem: computing Jacobian on device
[07-02 12:06:53][DEBUG] jax_fem: Function split_and_compute_cell took 0.0263 seconds
[07-02 12:06:53][DEBUG] jax_fem: CuDSSNewtonSolver: initial residual = 2.223e+08
[07-02 12:06:53][DEBUG] jax_fem: DeviceProblem: computing Jacobian on device
[07-02 12:06:53][DEBUG] jax_fem: Function split_and_compute_cell took 0.0279 seconds
[07-02 12:06:53][DEBUG] jax_fem: CuDSSNewtonSolver: iter=1  res=1.327e-05  rel=5.967e-14
[07-02 12:06:53][INFO] jax_fem: CuDSSNewtonSolver: solve finished in 0.09s  res=1.327e-05
[07-02 12:06:53][INFO] jax_fem: CuDSS backward: solving adjoint problem …
[07-02 12:06:53][DEBUG] jax_fem: DeviceProblem: computing Jacobian on device
[07-02 12:06:53][DEBUG] jax_fem: Function split_and_compute_cell took 0.0458 seconds
[07-02 12:06:53][DEBUG] jax_fem: Computing cell residual...
[07-02 12:06:53][DEBUG] jax_fem: Function split_and_compute_cell took 0.0555 seconds
[07-02 12:06:53][INFO] jax_fem: CuDSS backward: solving adjoint problem …
[07-02 12:06:53][DEBUG] jax_fem: DeviceProblem: computing Jacobian on device
[07-02 12:06:53][DEBUG] jax_fem: Function split_and_compute_cell took 0.0303 seconds
[07-02 12:06:53][DEBUG] jax_fem: Computing cell residual...
[07-02 12:06:53][DEBUG] jax_fem: Function split_and_compute_cell took 0.0528 seconds
[07-02 12:06:54][INFO] jax_fem: CuDSS backward: solving adjoint problem …
[07-02 12:06:54][DEBUG] jax_fem: DeviceProblem: computing Jacobian on device
[07-02 12:06:54][DEBUG] jax_fem: Function split_and_compute_cell took 0.0428 seconds
[07-02 12:06:54][DEBUG] jax_fem: Computing cell residual...
[07-02 12:06:54][DEBUG] jax_fem: Function split_and_compute_cell took 0.2138 seconds
[07-02 12:06:54][INFO] jax_fem: CuDSS backward: solving adjoint problem …
[07-02 12:06:54][DEBUG] jax_fem: DeviceProblem: computing Jacobian on device
[07-02 12:06:54][DEBUG] jax_fem: Function split_and_compute_cell took 0.0338 seconds
[07-02 12:06:54][DEBUG] jax_fem: Computing cell residual...
[07-02 12:06:54][DEBUG] jax_fem: Function split_and_compute_cell took 0.0667 seconds
[07-02 12:06:54][INFO] jax_fem: CuDSS backward: solving adjoint problem …
[07-02 12:06:54][DEBUG] jax_fem: DeviceProblem: computing Jacobian on device
[07-02 12:06:54][DEBUG] jax_fem: Function split_and_compute_cell took 0.0463 seconds
[07-02 12:06:55][DEBUG] jax_fem: Computing cell residual...
[07-02 12:06:55][DEBUG] jax_fem: Function split_and_compute_cell took 0.0544 seconds
[07-02 12:06:56][DEBUG] jax_fem: CuDSSNewtonSolver: starting Newton loop
[07-02 12:06:56][DEBUG] jax_fem: DeviceProblem: computing Jacobian on device
[07-02 12:06:56][DEBUG] jax_fem: Function split_and_compute_cell took 0.0430 seconds
[07-02 12:06:56][DEBUG] jax_fem: CuDSSNewtonSolver: initial residual = 2.235e+08
[07-02 12:06:56][DEBUG] jax_fem: DeviceProblem: computing Jacobian on device
[07-02 12:06:56][DEBUG] jax_fem: Function split_and_compute_cell took 0.0255 seconds
[07-02 12:06:56][DEBUG] jax_fem: CuDSSNewtonSolver: iter=1  res=1.498e-05  rel=6.702e-14
[07-02 12:06:56][INFO] jax_fem: CuDSSNewtonSolver: solve finished in 0.11s  res=1.498e-05
[07-02 12:06:56][DEBUG] jax_fem: CuDSSNewtonSolver: starting Newton loop
[07-02 12:06:56][DEBUG] jax_fem: DeviceProblem: computing Jacobian on device
[07-02 12:06:56][DEBUG] jax_fem: Function split_and_compute_cell took 0.0505 seconds
[07-02 12:06:56][DEBUG] jax_fem: CuDSSNewtonSolver: initial residual = 2.216e+08
[07-02 12:06:56][DEBUG] jax_fem: DeviceProblem: computing Jacobian on device
[07-02 12:06:57][DEBUG] jax_fem: Function split_and_compute_cell took 0.0289 seconds
[07-02 12:06:57][DEBUG] jax_fem: CuDSSNewtonSolver: iter=1  res=1.640e-05  rel=7.402e-14
[07-02 12:06:57][INFO] jax_fem: CuDSSNewtonSolver: solve finished in 0.12s  res=1.640e-05
[07-02 12:06:57][DEBUG] jax_fem: CuDSSNewtonSolver: starting Newton loop
[07-02 12:06:57][DEBUG] jax_fem: DeviceProblem: computing Jacobian on device
[07-02 12:06:57][DEBUG] jax_fem: Function split_and_compute_cell took 0.0434 seconds
[07-02 12:06:57][DEBUG] jax_fem: CuDSSNewtonSolver: initial residual = 2.211e+08
[07-02 12:06:57][DEBUG] jax_fem: DeviceProblem: computing Jacobian on device
[07-02 12:06:57][DEBUG] jax_fem: Function split_and_compute_cell took 0.0265 seconds
[07-02 12:06:57][DEBUG] jax_fem: CuDSSNewtonSolver: iter=1  res=1.691e-05  rel=7.648e-14
[07-02 12:06:57][INFO] jax_fem: CuDSSNewtonSolver: solve finished in 0.11s  res=1.691e-05
[07-02 12:06:57][DEBUG] jax_fem: CuDSSNewtonSolver: starting Newton loop
[07-02 12:06:57][DEBUG] jax_fem: DeviceProblem: computing Jacobian on device
[07-02 12:06:57][DEBUG] jax_fem: Function split_and_compute_cell took 0.0335 seconds
[07-02 12:06:57][DEBUG] jax_fem: CuDSSNewtonSolver: initial residual = 2.236e+08
[07-02 12:06:57][DEBUG] jax_fem: DeviceProblem: computing Jacobian on device
[07-02 12:06:57][DEBUG] jax_fem: Function split_and_compute_cell took 0.0429 seconds
[07-02 12:06:57][DEBUG] jax_fem: CuDSSNewtonSolver: iter=1  res=1.460e-05  rel=6.527e-14
[07-02 12:06:57][INFO] jax_fem: CuDSSNewtonSolver: solve finished in 0.12s  res=1.460e-05
[07-02 12:06:57][DEBUG] jax_fem: CuDSSNewtonSolver: starting Newton loop
[07-02 12:06:57][DEBUG] jax_fem: DeviceProblem: computing Jacobian on device
[07-02 12:06:57][DEBUG] jax_fem: Function split_and_compute_cell took 0.0296 seconds
[07-02 12:06:58][DEBUG] jax_fem: CuDSSNewtonSolver: initial residual = 2.223e+08
[07-02 12:06:58][DEBUG] jax_fem: DeviceProblem: computing Jacobian on device
[07-02 12:06:58][DEBUG] jax_fem: Function split_and_compute_cell took 0.0438 seconds
[07-02 12:06:58][DEBUG] jax_fem: CuDSSNewtonSolver: iter=1  res=1.389e-05  rel=6.248e-14
[07-02 12:06:58][INFO] jax_fem: CuDSSNewtonSolver: solve finished in 0.11s  res=1.389e-05
[07-02 12:06:59][DEBUG] jax_fem: CuDSSNewtonSolver: starting Newton loop
[07-02 12:06:59][DEBUG] jax_fem: DeviceProblem: computing Jacobian on device
[07-02 12:06:59][DEBUG] jax_fem: Function split_and_compute_cell took 0.0280 seconds
[07-02 12:06:59][DEBUG] jax_fem: CuDSSNewtonSolver: initial residual = 2.235e+08
[07-02 12:06:59][DEBUG] jax_fem: DeviceProblem: computing Jacobian on device
[07-02 12:06:59][DEBUG] jax_fem: Function split_and_compute_cell took 0.0263 seconds
[07-02 12:06:59][DEBUG] jax_fem: CuDSSNewtonSolver: iter=1  res=1.642e-05  rel=7.346e-14
[07-02 12:06:59][INFO] jax_fem: CuDSSNewtonSolver: solve finished in 0.09s  res=1.642e-05
[07-02 12:07:00][DEBUG] jax_fem: CuDSSNewtonSolver: starting Newton loop
[07-02 12:07:00][DEBUG] jax_fem: DeviceProblem: computing Jacobian on device
[07-02 12:07:00][DEBUG] jax_fem: Function split_and_compute_cell took 0.0279 seconds
[07-02 12:07:00][DEBUG] jax_fem: CuDSSNewtonSolver: initial residual = 2.216e+08
[07-02 12:07:00][DEBUG] jax_fem: DeviceProblem: computing Jacobian on device
[07-02 12:07:00][DEBUG] jax_fem: Function split_and_compute_cell took 0.0278 seconds
[07-02 12:07:00][DEBUG] jax_fem: CuDSSNewtonSolver: iter=1  res=1.559e-05  rel=7.034e-14
[07-02 12:07:00][INFO] jax_fem: CuDSSNewtonSolver: solve finished in 0.09s  res=1.559e-05
[07-02 12:07:00][DEBUG] jax_fem: CuDSSNewtonSolver: starting Newton loop
[07-02 12:07:00][DEBUG] jax_fem: DeviceProblem: computing Jacobian on device
[07-02 12:07:00][DEBUG] jax_fem: Function split_and_compute_cell took 0.0266 seconds
[07-02 12:07:00][DEBUG] jax_fem: CuDSSNewtonSolver: initial residual = 2.211e+08
[07-02 12:07:00][DEBUG] jax_fem: DeviceProblem: computing Jacobian on device
[07-02 12:07:00][DEBUG] jax_fem: Function split_and_compute_cell took 0.0262 seconds
[07-02 12:07:00][DEBUG] jax_fem: CuDSSNewtonSolver: iter=1  res=1.644e-05  rel=7.439e-14
[07-02 12:07:00][INFO] jax_fem: CuDSSNewtonSolver: solve finished in 0.09s  res=1.644e-05
[07-02 12:07:01][DEBUG] jax_fem: CuDSSNewtonSolver: starting Newton loop
[07-02 12:07:01][DEBUG] jax_fem: DeviceProblem: computing Jacobian on device
[07-02 12:07:01][DEBUG] jax_fem: Function split_and_compute_cell took 0.0274 seconds
[07-02 12:07:01][DEBUG] jax_fem: CuDSSNewtonSolver: initial residual = 2.236e+08
[07-02 12:07:01][DEBUG] jax_fem: DeviceProblem: computing Jacobian on device
[07-02 12:07:01][DEBUG] jax_fem: Function split_and_compute_cell took 0.0263 seconds
[07-02 12:07:01][DEBUG] jax_fem: CuDSSNewtonSolver: iter=1  res=1.487e-05  rel=6.651e-14
[07-02 12:07:01][INFO] jax_fem: CuDSSNewtonSolver: solve finished in 0.09s  res=1.487e-05
[07-02 12:07:02][DEBUG] jax_fem: CuDSSNewtonSolver: starting Newton loop
[07-02 12:07:02][DEBUG] jax_fem: DeviceProblem: computing Jacobian on device
[07-02 12:07:02][DEBUG] jax_fem: Function split_and_compute_cell took 0.0263 seconds
[07-02 12:07:02][DEBUG] jax_fem: CuDSSNewtonSolver: initial residual = 2.223e+08
[07-02 12:07:02][DEBUG] jax_fem: DeviceProblem: computing Jacobian on device
[07-02 12:07:02][DEBUG] jax_fem: Function split_and_compute_cell took 0.0270 seconds
[07-02 12:07:02][DEBUG] jax_fem: CuDSSNewtonSolver: iter=1  res=1.338e-05  rel=6.016e-14
[07-02 12:07:02][INFO] jax_fem: CuDSSNewtonSolver: solve finished in 0.09s  res=1.338e-05
[07-02 12:07:02][INFO] jax_fem: CuDSS backward: solving adjoint problem …
[07-02 12:07:02][DEBUG] jax_fem: DeviceProblem: computing Jacobian on device
[07-02 12:07:02][DEBUG] jax_fem: Function split_and_compute_cell took 0.0423 seconds
[07-02 12:07:02][DEBUG] jax_fem: Computing cell residual...
[07-02 12:07:02][DEBUG] jax_fem: Function split_and_compute_cell took 0.0494 seconds
[07-02 12:07:02][INFO] jax_fem: CuDSS backward: solving adjoint problem …
[07-02 12:07:02][DEBUG] jax_fem: DeviceProblem: computing Jacobian on device
[07-02 12:07:02][DEBUG] jax_fem: Function split_and_compute_cell took 0.0394 seconds
[07-02 12:07:02][DEBUG] jax_fem: Computing cell residual...
[07-02 12:07:02][DEBUG] jax_fem: Function split_and_compute_cell took 0.0751 seconds
[07-02 12:07:03][INFO] jax_fem: CuDSS backward: solving adjoint problem …
[07-02 12:07:03][DEBUG] jax_fem: DeviceProblem: computing Jacobian on device
[07-02 12:07:03][DEBUG] jax_fem: Function split_and_compute_cell took 0.0453 seconds
[07-02 12:07:03][DEBUG] jax_fem: Computing cell residual...
[07-02 12:07:03][DEBUG] jax_fem: Function split_and_compute_cell took 0.0592 seconds
[07-02 12:07:03][INFO] jax_fem: CuDSS backward: solving adjoint problem …
[07-02 12:07:03][DEBUG] jax_fem: DeviceProblem: computing Jacobian on device
[07-02 12:07:03][DEBUG] jax_fem: Function split_and_compute_cell took 0.0393 seconds
[07-02 12:07:03][DEBUG] jax_fem: Computing cell residual...
[07-02 12:07:03][DEBUG] jax_fem: Function split_and_compute_cell took 0.0581 seconds
[07-02 12:07:03][INFO] jax_fem: CuDSS backward: solving adjoint problem …
[07-02 12:07:03][DEBUG] jax_fem: DeviceProblem: computing Jacobian on device
[07-02 12:07:03][DEBUG] jax_fem: Function split_and_compute_cell took 0.0361 seconds
[07-02 12:07:03][DEBUG] jax_fem: Computing cell residual...
[07-02 12:07:03][DEBUG] jax_fem: Function split_and_compute_cell took 0.0654 seconds
[07-02 12:07:05][DEBUG] jax_fem: CuDSSNewtonSolver: starting Newton loop
[07-02 12:07:05][DEBUG] jax_fem: DeviceProblem: computing Jacobian on device
[07-02 12:07:05][DEBUG] jax_fem: Function split_and_compute_cell took 0.0396 seconds
[07-02 12:07:05][DEBUG] jax_fem: CuDSSNewtonSolver: initial residual = 2.235e+08
[07-02 12:07:05][DEBUG] jax_fem: DeviceProblem: computing Jacobian on device
[07-02 12:07:05][DEBUG] jax_fem: Function split_and_compute_cell took 0.0310 seconds
[07-02 12:07:05][DEBUG] jax_fem: CuDSSNewtonSolver: iter=1  res=1.513e-05  rel=6.768e-14
[07-02 12:07:05][INFO] jax_fem: CuDSSNewtonSolver: solve finished in 0.11s  res=1.513e-05
[07-02 12:07:05][DEBUG] jax_fem: CuDSSNewtonSolver: starting Newton loop
[07-02 12:07:05][DEBUG] jax_fem: DeviceProblem: computing Jacobian on device
[07-02 12:07:05][DEBUG] jax_fem: Function split_and_compute_cell took 0.0421 seconds
[07-02 12:07:05][DEBUG] jax_fem: CuDSSNewtonSolver: initial residual = 2.216e+08
[07-02 12:07:05][DEBUG] jax_fem: DeviceProblem: computing Jacobian on device
[07-02 12:07:05][DEBUG] jax_fem: Function split_and_compute_cell took 0.0351 seconds
[07-02 12:07:05][DEBUG] jax_fem: CuDSSNewtonSolver: iter=1  res=1.559e-05  rel=7.033e-14
[07-02 12:07:05][INFO] jax_fem: CuDSSNewtonSolver: solve finished in 0.12s  res=1.559e-05
[07-02 12:07:06][DEBUG] jax_fem: CuDSSNewtonSolver: starting Newton loop
[07-02 12:07:06][DEBUG] jax_fem: DeviceProblem: computing Jacobian on device
[07-02 12:07:06][DEBUG] jax_fem: Function split_and_compute_cell took 0.0255 seconds
[07-02 12:07:06][DEBUG] jax_fem: CuDSSNewtonSolver: initial residual = 2.211e+08
[07-02 12:07:06][DEBUG] jax_fem: DeviceProblem: computing Jacobian on device
[07-02 12:07:06][DEBUG] jax_fem: Function split_and_compute_cell took 0.0373 seconds
[07-02 12:07:06][DEBUG] jax_fem: CuDSSNewtonSolver: iter=1  res=1.623e-05  rel=7.343e-14
[07-02 12:07:06][INFO] jax_fem: CuDSSNewtonSolver: solve finished in 0.10s  res=1.623e-05
[07-02 12:07:06][DEBUG] jax_fem: CuDSSNewtonSolver: starting Newton loop
[07-02 12:07:06][DEBUG] jax_fem: DeviceProblem: computing Jacobian on device
[07-02 12:07:06][DEBUG] jax_fem: Function split_and_compute_cell took 0.0385 seconds
[07-02 12:07:06][DEBUG] jax_fem: CuDSSNewtonSolver: initial residual = 2.236e+08
[07-02 12:07:06][DEBUG] jax_fem: DeviceProblem: computing Jacobian on device
[07-02 12:07:06][DEBUG] jax_fem: Function split_and_compute_cell took 0.0522 seconds
[07-02 12:07:06][DEBUG] jax_fem: CuDSSNewtonSolver: iter=1  res=1.482e-05  rel=6.624e-14
[07-02 12:07:06][INFO] jax_fem: CuDSSNewtonSolver: solve finished in 0.13s  res=1.482e-05
[07-02 12:07:06][DEBUG] jax_fem: CuDSSNewtonSolver: starting Newton loop
[07-02 12:07:06][DEBUG] jax_fem: DeviceProblem: computing Jacobian on device
[07-02 12:07:07][DEBUG] jax_fem: Function split_and_compute_cell took 0.0502 seconds
[07-02 12:07:07][DEBUG] jax_fem: CuDSSNewtonSolver: initial residual = 2.223e+08
[07-02 12:07:07][DEBUG] jax_fem: DeviceProblem: computing Jacobian on device
[07-02 12:07:07][DEBUG] jax_fem: Function split_and_compute_cell took 0.0296 seconds
[07-02 12:07:07][DEBUG] jax_fem: CuDSSNewtonSolver: iter=1  res=1.335e-05  rel=6.007e-14
[07-02 12:07:07][INFO] jax_fem: CuDSSNewtonSolver: solve finished in 0.12s  res=1.335e-05
[07-02 12:07:08][DEBUG] jax_fem: CuDSSNewtonSolver: starting Newton loop
[07-02 12:07:08][DEBUG] jax_fem: DeviceProblem: computing Jacobian on device
[07-02 12:07:08][DEBUG] jax_fem: Function split_and_compute_cell took 0.0273 seconds
[07-02 12:07:08][DEBUG] jax_fem: CuDSSNewtonSolver: initial residual = 2.235e+08
[07-02 12:07:08][DEBUG] jax_fem: DeviceProblem: computing Jacobian on device
[07-02 12:07:08][DEBUG] jax_fem: Function split_and_compute_cell took 0.0271 seconds
[07-02 12:07:08][DEBUG] jax_fem: CuDSSNewtonSolver: iter=1  res=1.403e-05  rel=6.277e-14
[07-02 12:07:08][INFO] jax_fem: CuDSSNewtonSolver: solve finished in 0.09s  res=1.403e-05
[07-02 12:07:09][DEBUG] jax_fem: CuDSSNewtonSolver: starting Newton loop
[07-02 12:07:09][DEBUG] jax_fem: DeviceProblem: computing Jacobian on device
[07-02 12:07:09][DEBUG] jax_fem: Function split_and_compute_cell took 0.0278 seconds
[07-02 12:07:09][DEBUG] jax_fem: CuDSSNewtonSolver: initial residual = 2.216e+08
[07-02 12:07:09][DEBUG] jax_fem: DeviceProblem: computing Jacobian on device
[07-02 12:07:09][DEBUG] jax_fem: Function split_and_compute_cell took 0.0267 seconds
[07-02 12:07:09][DEBUG] jax_fem: CuDSSNewtonSolver: iter=1  res=1.535e-05  rel=6.925e-14
[07-02 12:07:09][INFO] jax_fem: CuDSSNewtonSolver: solve finished in 0.09s  res=1.535e-05
[07-02 12:07:10][DEBUG] jax_fem: CuDSSNewtonSolver: starting Newton loop
[07-02 12:07:10][DEBUG] jax_fem: DeviceProblem: computing Jacobian on device
[07-02 12:07:10][DEBUG] jax_fem: Function split_and_compute_cell took 0.0267 seconds
[07-02 12:07:10][DEBUG] jax_fem: CuDSSNewtonSolver: initial residual = 2.211e+08
[07-02 12:07:10][DEBUG] jax_fem: DeviceProblem: computing Jacobian on device
[07-02 12:07:10][DEBUG] jax_fem: Function split_and_compute_cell took 0.0269 seconds
[07-02 12:07:10][DEBUG] jax_fem: CuDSSNewtonSolver: iter=1  res=1.654e-05  rel=7.481e-14
[07-02 12:07:10][INFO] jax_fem: CuDSSNewtonSolver: solve finished in 0.09s  res=1.654e-05
[07-02 12:07:10][DEBUG] jax_fem: CuDSSNewtonSolver: starting Newton loop
[07-02 12:07:10][DEBUG] jax_fem: DeviceProblem: computing Jacobian on device
[07-02 12:07:10][DEBUG] jax_fem: Function split_and_compute_cell took 0.0267 seconds
[07-02 12:07:10][DEBUG] jax_fem: CuDSSNewtonSolver: initial residual = 2.236e+08
[07-02 12:07:10][DEBUG] jax_fem: DeviceProblem: computing Jacobian on device
[07-02 12:07:10][DEBUG] jax_fem: Function split_and_compute_cell took 0.0285 seconds
[07-02 12:07:10][DEBUG] jax_fem: CuDSSNewtonSolver: iter=1  res=1.405e-05  rel=6.280e-14
[07-02 12:07:10][INFO] jax_fem: CuDSSNewtonSolver: solve finished in 0.09s  res=1.405e-05
[07-02 12:07:11][DEBUG] jax_fem: CuDSSNewtonSolver: starting Newton loop
[07-02 12:07:11][DEBUG] jax_fem: DeviceProblem: computing Jacobian on device
[07-02 12:07:11][DEBUG] jax_fem: Function split_and_compute_cell took 0.0268 seconds
[07-02 12:07:11][DEBUG] jax_fem: CuDSSNewtonSolver: initial residual = 2.223e+08
[07-02 12:07:11][DEBUG] jax_fem: DeviceProblem: computing Jacobian on device
[07-02 12:07:11][DEBUG] jax_fem: Function split_and_compute_cell took 0.0280 seconds
[07-02 12:07:11][DEBUG] jax_fem: CuDSSNewtonSolver: iter=1  res=1.373e-05  rel=6.175e-14
[07-02 12:07:11][INFO] jax_fem: CuDSSNewtonSolver: solve finished in 0.09s  res=1.373e-05
[07-02 12:07:11][INFO] jax_fem: CuDSS backward: solving adjoint problem …
[07-02 12:07:11][DEBUG] jax_fem: DeviceProblem: computing Jacobian on device
[07-02 12:07:11][DEBUG] jax_fem: Function split_and_compute_cell took 0.0426 seconds
[07-02 12:07:11][DEBUG] jax_fem: Computing cell residual...
[07-02 12:07:11][DEBUG] jax_fem: Function split_and_compute_cell took 0.0651 seconds
[07-02 12:07:11][INFO] jax_fem: CuDSS backward: solving adjoint problem …
[07-02 12:07:11][DEBUG] jax_fem: DeviceProblem: computing Jacobian on device
[07-02 12:07:11][DEBUG] jax_fem: Function split_and_compute_cell took 0.0322 seconds
[07-02 12:07:12][DEBUG] jax_fem: Computing cell residual...
[07-02 12:07:12][DEBUG] jax_fem: Function split_and_compute_cell took 0.0631 seconds
[07-02 12:07:12][INFO] jax_fem: CuDSS backward: solving adjoint problem …
[07-02 12:07:12][DEBUG] jax_fem: DeviceProblem: computing Jacobian on device
[07-02 12:07:12][DEBUG] jax_fem: Function split_and_compute_cell took 0.0458 seconds
[07-02 12:07:12][DEBUG] jax_fem: Computing cell residual...
[07-02 12:07:12][DEBUG] jax_fem: Function split_and_compute_cell took 0.0615 seconds
[07-02 12:07:12][INFO] jax_fem: CuDSS backward: solving adjoint problem …
[07-02 12:07:12][DEBUG] jax_fem: DeviceProblem: computing Jacobian on device
[07-02 12:07:12][DEBUG] jax_fem: Function split_and_compute_cell took 0.0411 seconds
[07-02 12:07:12][DEBUG] jax_fem: Computing cell residual...
[07-02 12:07:12][DEBUG] jax_fem: Function split_and_compute_cell took 0.0520 seconds
[07-02 12:07:13][INFO] jax_fem: CuDSS backward: solving adjoint problem …
[07-02 12:07:13][DEBUG] jax_fem: DeviceProblem: computing Jacobian on device
[07-02 12:07:13][DEBUG] jax_fem: Function split_and_compute_cell took 0.0440 seconds
[07-02 12:07:13][DEBUG] jax_fem: Computing cell residual...
[07-02 12:07:13][DEBUG] jax_fem: Function split_and_compute_cell took 0.0569 seconds
[07-02 12:07:14][DEBUG] jax_fem: CuDSSNewtonSolver: starting Newton loop
[07-02 12:07:14][DEBUG] jax_fem: DeviceProblem: computing Jacobian on device
[07-02 12:07:14][DEBUG] jax_fem: Function split_and_compute_cell took 0.0376 seconds
[07-02 12:07:14][DEBUG] jax_fem: CuDSSNewtonSolver: initial residual = 2.235e+08
[07-02 12:07:14][DEBUG] jax_fem: DeviceProblem: computing Jacobian on device
[07-02 12:07:14][DEBUG] jax_fem: Function split_and_compute_cell took 0.0536 seconds
[07-02 12:07:14][DEBUG] jax_fem: CuDSSNewtonSolver: iter=1  res=1.593e-05  rel=7.129e-14
[07-02 12:07:14][INFO] jax_fem: CuDSSNewtonSolver: solve finished in 0.13s  res=1.593e-05
[07-02 12:07:15][DEBUG] jax_fem: CuDSSNewtonSolver: starting Newton loop
[07-02 12:07:15][DEBUG] jax_fem: DeviceProblem: computing Jacobian on device
[07-02 12:07:15][DEBUG] jax_fem: Function split_and_compute_cell took 0.0573 seconds
[07-02 12:07:15][DEBUG] jax_fem: CuDSSNewtonSolver: initial residual = 2.216e+08
[07-02 12:07:15][DEBUG] jax_fem: DeviceProblem: computing Jacobian on device
[07-02 12:07:15][DEBUG] jax_fem: Function split_and_compute_cell took 0.0389 seconds
[07-02 12:07:15][DEBUG] jax_fem: CuDSSNewtonSolver: iter=1  res=1.502e-05  rel=6.776e-14
[07-02 12:07:15][INFO] jax_fem: CuDSSNewtonSolver: solve finished in 0.14s  res=1.502e-05
[07-02 12:07:15][DEBUG] jax_fem: CuDSSNewtonSolver: starting Newton loop
[07-02 12:07:15][DEBUG] jax_fem: DeviceProblem: computing Jacobian on device
[07-02 12:07:15][DEBUG] jax_fem: Function split_and_compute_cell took 0.0355 seconds
[07-02 12:07:15][DEBUG] jax_fem: CuDSSNewtonSolver: initial residual = 2.211e+08
[07-02 12:07:15][DEBUG] jax_fem: DeviceProblem: computing Jacobian on device
[07-02 12:07:15][DEBUG] jax_fem: Function split_and_compute_cell took 0.0423 seconds
[07-02 12:07:15][DEBUG] jax_fem: CuDSSNewtonSolver: iter=1  res=1.602e-05  rel=7.249e-14
[07-02 12:07:15][INFO] jax_fem: CuDSSNewtonSolver: solve finished in 0.12s  res=1.602e-05
[07-02 12:07:15][DEBUG] jax_fem: CuDSSNewtonSolver: starting Newton loop
[07-02 12:07:15][DEBUG] jax_fem: DeviceProblem: computing Jacobian on device
[07-02 12:07:15][DEBUG] jax_fem: Function split_and_compute_cell took 0.0246 seconds
[07-02 12:07:15][DEBUG] jax_fem: CuDSSNewtonSolver: initial residual = 2.236e+08
[07-02 12:07:15][DEBUG] jax_fem: DeviceProblem: computing Jacobian on device
[07-02 12:07:15][DEBUG] jax_fem: Function split_and_compute_cell took 0.0343 seconds
[07-02 12:07:15][DEBUG] jax_fem: CuDSSNewtonSolver: iter=1  res=1.554e-05  rel=6.948e-14
[07-02 12:07:15][INFO] jax_fem: CuDSSNewtonSolver: solve finished in 0.09s  res=1.554e-05
[07-02 12:07:16][DEBUG] jax_fem: CuDSSNewtonSolver: starting Newton loop
[07-02 12:07:16][DEBUG] jax_fem: DeviceProblem: computing Jacobian on device
[07-02 12:07:16][DEBUG] jax_fem: Function split_and_compute_cell took 0.0367 seconds
[07-02 12:07:16][DEBUG] jax_fem: CuDSSNewtonSolver: initial residual = 2.223e+08
[07-02 12:07:16][DEBUG] jax_fem: DeviceProblem: computing Jacobian on device
[07-02 12:07:16][DEBUG] jax_fem: Function split_and_compute_cell took 0.0372 seconds
[07-02 12:07:16][DEBUG] jax_fem: CuDSSNewtonSolver: iter=1  res=1.319e-05  rel=5.934e-14
[07-02 12:07:16][INFO] jax_fem: CuDSSNewtonSolver: solve finished in 0.12s  res=1.319e-05
[07-02 12:07:17][DEBUG] jax_fem: CuDSSNewtonSolver: starting Newton loop
[07-02 12:07:17][DEBUG] jax_fem: DeviceProblem: computing Jacobian on device
[07-02 12:07:17][DEBUG] jax_fem: Function split_and_compute_cell took 0.0264 seconds
[07-02 12:07:17][DEBUG] jax_fem: CuDSSNewtonSolver: initial residual = 2.235e+08
[07-02 12:07:17][DEBUG] jax_fem: DeviceProblem: computing Jacobian on device
[07-02 12:07:17][DEBUG] jax_fem: Function split_and_compute_cell took 0.0267 seconds
[07-02 12:07:17][DEBUG] jax_fem: CuDSSNewtonSolver: iter=1  res=1.521e-05  rel=6.804e-14
[07-02 12:07:17][INFO] jax_fem: CuDSSNewtonSolver: solve finished in 0.09s  res=1.521e-05
[07-02 12:07:18][DEBUG] jax_fem: CuDSSNewtonSolver: starting Newton loop
[07-02 12:07:18][DEBUG] jax_fem: DeviceProblem: computing Jacobian on device
[07-02 12:07:18][DEBUG] jax_fem: Function split_and_compute_cell took 0.0267 seconds
[07-02 12:07:18][DEBUG] jax_fem: CuDSSNewtonSolver: initial residual = 2.216e+08
[07-02 12:07:18][DEBUG] jax_fem: DeviceProblem: computing Jacobian on device
[07-02 12:07:18][DEBUG] jax_fem: Function split_and_compute_cell took 0.0263 seconds
[07-02 12:07:18][DEBUG] jax_fem: CuDSSNewtonSolver: iter=1  res=1.551e-05  rel=7.000e-14
[07-02 12:07:18][INFO] jax_fem: CuDSSNewtonSolver: solve finished in 0.09s  res=1.551e-05
[07-02 12:07:19][DEBUG] jax_fem: CuDSSNewtonSolver: starting Newton loop
[07-02 12:07:19][DEBUG] jax_fem: DeviceProblem: computing Jacobian on device
[07-02 12:07:19][DEBUG] jax_fem: Function split_and_compute_cell took 0.0267 seconds
[07-02 12:07:19][DEBUG] jax_fem: CuDSSNewtonSolver: initial residual = 2.211e+08
[07-02 12:07:19][DEBUG] jax_fem: DeviceProblem: computing Jacobian on device
[07-02 12:07:19][DEBUG] jax_fem: Function split_and_compute_cell took 0.0268 seconds
[07-02 12:07:19][DEBUG] jax_fem: CuDSSNewtonSolver: iter=1  res=1.641e-05  rel=7.422e-14
[07-02 12:07:19][INFO] jax_fem: CuDSSNewtonSolver: solve finished in 0.09s  res=1.641e-05
[07-02 12:07:19][DEBUG] jax_fem: CuDSSNewtonSolver: starting Newton loop
[07-02 12:07:19][DEBUG] jax_fem: DeviceProblem: computing Jacobian on device
[07-02 12:07:19][DEBUG] jax_fem: Function split_and_compute_cell took 0.0254 seconds
[07-02 12:07:19][DEBUG] jax_fem: CuDSSNewtonSolver: initial residual = 2.236e+08
[07-02 12:07:19][DEBUG] jax_fem: DeviceProblem: computing Jacobian on device
[07-02 12:07:19][DEBUG] jax_fem: Function split_and_compute_cell took 0.0265 seconds
[07-02 12:07:19][DEBUG] jax_fem: CuDSSNewtonSolver: iter=1  res=1.450e-05  rel=6.484e-14
[07-02 12:07:19][INFO] jax_fem: CuDSSNewtonSolver: solve finished in 0.09s  res=1.450e-05
[07-02 12:07:20][DEBUG] jax_fem: CuDSSNewtonSolver: starting Newton loop
[07-02 12:07:20][DEBUG] jax_fem: DeviceProblem: computing Jacobian on device
[07-02 12:07:20][DEBUG] jax_fem: Function split_and_compute_cell took 0.0266 seconds
[07-02 12:07:20][DEBUG] jax_fem: CuDSSNewtonSolver: initial residual = 2.223e+08
[07-02 12:07:20][DEBUG] jax_fem: DeviceProblem: computing Jacobian on device
[07-02 12:07:20][DEBUG] jax_fem: Function split_and_compute_cell took 0.0268 seconds
[07-02 12:07:20][DEBUG] jax_fem: CuDSSNewtonSolver: iter=1  res=1.363e-05  rel=6.130e-14
[07-02 12:07:20][INFO] jax_fem: CuDSSNewtonSolver: solve finished in 0.09s  res=1.363e-05
[07-02 12:07:20][INFO] jax_fem: CuDSS backward: solving adjoint problem …
[07-02 12:07:20][DEBUG] jax_fem: DeviceProblem: computing Jacobian on device
[07-02 12:07:20][DEBUG] jax_fem: Function split_and_compute_cell took 0.0258 seconds
[07-02 12:07:20][DEBUG] jax_fem: Computing cell residual...
[07-02 12:07:20][DEBUG] jax_fem: Function split_and_compute_cell took 0.0676 seconds
[07-02 12:07:21][INFO] jax_fem: CuDSS backward: solving adjoint problem …
[07-02 12:07:21][DEBUG] jax_fem: DeviceProblem: computing Jacobian on device
[07-02 12:07:21][DEBUG] jax_fem: Function split_and_compute_cell took 0.0313 seconds
[07-02 12:07:21][DEBUG] jax_fem: Computing cell residual...
[07-02 12:07:21][DEBUG] jax_fem: Function split_and_compute_cell took 0.0656 seconds
[07-02 12:07:21][INFO] jax_fem: CuDSS backward: solving adjoint problem …
[07-02 12:07:21][DEBUG] jax_fem: DeviceProblem: computing Jacobian on device
[07-02 12:07:21][DEBUG] jax_fem: Function split_and_compute_cell took 0.0271 seconds
[07-02 12:07:21][DEBUG] jax_fem: Computing cell residual...
[07-02 12:07:21][DEBUG] jax_fem: Function split_and_compute_cell took 0.0590 seconds
[07-02 12:07:21][INFO] jax_fem: CuDSS backward: solving adjoint problem …
[07-02 12:07:21][DEBUG] jax_fem: DeviceProblem: computing Jacobian on device
[07-02 12:07:21][DEBUG] jax_fem: Function split_and_compute_cell took 0.0240 seconds
[07-02 12:07:21][DEBUG] jax_fem: Computing cell residual...
[07-02 12:07:21][DEBUG] jax_fem: Function split_and_compute_cell took 0.0510 seconds
[07-02 12:07:22][INFO] jax_fem: CuDSS backward: solving adjoint problem …
[07-02 12:07:22][DEBUG] jax_fem: DeviceProblem: computing Jacobian on device
[07-02 12:07:22][DEBUG] jax_fem: Function split_and_compute_cell took 0.0264 seconds
[07-02 12:07:22][DEBUG] jax_fem: Computing cell residual...
[07-02 12:07:22][DEBUG] jax_fem: Function split_and_compute_cell took 0.0645 seconds
[07-02 12:07:23][DEBUG] jax_fem: CuDSSNewtonSolver: starting Newton loop
[07-02 12:07:23][DEBUG] jax_fem: DeviceProblem: computing Jacobian on device
[07-02 12:07:23][DEBUG] jax_fem: Function split_and_compute_cell took 0.0268 seconds
[07-02 12:07:23][DEBUG] jax_fem: CuDSSNewtonSolver: initial residual = 2.235e+08
[07-02 12:07:23][DEBUG] jax_fem: DeviceProblem: computing Jacobian on device
[07-02 12:07:23][DEBUG] jax_fem: Function split_and_compute_cell took 0.0393 seconds
[07-02 12:07:23][DEBUG] jax_fem: CuDSSNewtonSolver: iter=1  res=1.515e-05  rel=6.781e-14
[07-02 12:07:23][INFO] jax_fem: CuDSSNewtonSolver: solve finished in 0.11s  res=1.515e-05
[07-02 12:07:24][DEBUG] jax_fem: CuDSSNewtonSolver: starting Newton loop
[07-02 12:07:24][DEBUG] jax_fem: DeviceProblem: computing Jacobian on device
[07-02 12:07:24][DEBUG] jax_fem: Function split_and_compute_cell took 0.0234 seconds
[07-02 12:07:24][DEBUG] jax_fem: CuDSSNewtonSolver: initial residual = 2.216e+08
[07-02 12:07:24][DEBUG] jax_fem: DeviceProblem: computing Jacobian on device
[07-02 12:07:24][DEBUG] jax_fem: Function split_and_compute_cell took 0.0235 seconds
[07-02 12:07:24][DEBUG] jax_fem: CuDSSNewtonSolver: iter=1  res=1.504e-05  rel=6.787e-14
[07-02 12:07:24][INFO] jax_fem: CuDSSNewtonSolver: solve finished in 0.08s  res=1.504e-05
[07-02 12:07:24][DEBUG] jax_fem: CuDSSNewtonSolver: starting Newton loop
[07-02 12:07:24][DEBUG] jax_fem: DeviceProblem: computing Jacobian on device
[07-02 12:07:24][DEBUG] jax_fem: Function split_and_compute_cell took 0.0257 seconds
[07-02 12:07:24][DEBUG] jax_fem: CuDSSNewtonSolver: initial residual = 2.211e+08
[07-02 12:07:24][DEBUG] jax_fem: DeviceProblem: computing Jacobian on device
[07-02 12:07:24][DEBUG] jax_fem: Function split_and_compute_cell took 0.0251 seconds
[07-02 12:07:24][DEBUG] jax_fem: CuDSSNewtonSolver: iter=1  res=1.658e-05  rel=7.502e-14
[07-02 12:07:24][INFO] jax_fem: CuDSSNewtonSolver: solve finished in 0.09s  res=1.658e-05
[07-02 12:07:24][DEBUG] jax_fem: CuDSSNewtonSolver: starting Newton loop
[07-02 12:07:24][DEBUG] jax_fem: DeviceProblem: computing Jacobian on device
[07-02 12:07:24][DEBUG] jax_fem: Function split_and_compute_cell took 0.0253 seconds
[07-02 12:07:24][DEBUG] jax_fem: CuDSSNewtonSolver: initial residual = 2.236e+08
[07-02 12:07:24][DEBUG] jax_fem: DeviceProblem: computing Jacobian on device
[07-02 12:07:24][DEBUG] jax_fem: Function split_and_compute_cell took 0.0312 seconds
[07-02 12:07:24][DEBUG] jax_fem: CuDSSNewtonSolver: iter=1  res=1.473e-05  rel=6.586e-14
[07-02 12:07:24][INFO] jax_fem: CuDSSNewtonSolver: solve finished in 0.10s  res=1.473e-05
[07-02 12:07:25][DEBUG] jax_fem: CuDSSNewtonSolver: starting Newton loop
[07-02 12:07:25][DEBUG] jax_fem: DeviceProblem: computing Jacobian on device
[07-02 12:07:25][DEBUG] jax_fem: Function split_and_compute_cell took 0.0505 seconds
[07-02 12:07:25][DEBUG] jax_fem: CuDSSNewtonSolver: initial residual = 2.223e+08
[07-02 12:07:25][DEBUG] jax_fem: DeviceProblem: computing Jacobian on device
[07-02 12:07:25][DEBUG] jax_fem: Function split_and_compute_cell took 0.0304 seconds
[07-02 12:07:25][DEBUG] jax_fem: CuDSSNewtonSolver: iter=1  res=1.315e-05  rel=5.915e-14
[07-02 12:07:25][INFO] jax_fem: CuDSSNewtonSolver: solve finished in 0.12s  res=1.315e-05
[07-02 12:07:26][DEBUG] jax_fem: CuDSSNewtonSolver: starting Newton loop
[07-02 12:07:26][DEBUG] jax_fem: DeviceProblem: computing Jacobian on device
[07-02 12:07:26][DEBUG] jax_fem: Function split_and_compute_cell took 0.0261 seconds
[07-02 12:07:26][DEBUG] jax_fem: CuDSSNewtonSolver: initial residual = 2.235e+08
[07-02 12:07:26][DEBUG] jax_fem: DeviceProblem: computing Jacobian on device
[07-02 12:07:26][DEBUG] jax_fem: Function split_and_compute_cell took 0.0265 seconds
[07-02 12:07:26][DEBUG] jax_fem: CuDSSNewtonSolver: iter=1  res=1.508e-05  rel=6.749e-14
[07-02 12:07:26][INFO] jax_fem: CuDSSNewtonSolver: solve finished in 0.09s  res=1.508e-05
[07-02 12:07:27][DEBUG] jax_fem: CuDSSNewtonSolver: starting Newton loop
[07-02 12:07:27][DEBUG] jax_fem: DeviceProblem: computing Jacobian on device
[07-02 12:07:27][DEBUG] jax_fem: Function split_and_compute_cell took 0.0282 seconds
[07-02 12:07:27][DEBUG] jax_fem: CuDSSNewtonSolver: initial residual = 2.216e+08
[07-02 12:07:27][DEBUG] jax_fem: DeviceProblem: computing Jacobian on device
[07-02 12:07:27][DEBUG] jax_fem: Function split_and_compute_cell took 0.0267 seconds
[07-02 12:07:27][DEBUG] jax_fem: CuDSSNewtonSolver: iter=1  res=1.534e-05  rel=6.921e-14
[07-02 12:07:27][INFO] jax_fem: CuDSSNewtonSolver: solve finished in 0.09s  res=1.534e-05
[07-02 12:07:28][DEBUG] jax_fem: CuDSSNewtonSolver: starting Newton loop
[07-02 12:07:28][DEBUG] jax_fem: DeviceProblem: computing Jacobian on device
[07-02 12:07:28][DEBUG] jax_fem: Function split_and_compute_cell took 0.0276 seconds
[07-02 12:07:28][DEBUG] jax_fem: CuDSSNewtonSolver: initial residual = 2.211e+08
[07-02 12:07:28][DEBUG] jax_fem: DeviceProblem: computing Jacobian on device
[07-02 12:07:28][DEBUG] jax_fem: Function split_and_compute_cell took 0.0259 seconds
[07-02 12:07:28][DEBUG] jax_fem: CuDSSNewtonSolver: iter=1  res=1.647e-05  rel=7.451e-14
[07-02 12:07:28][INFO] jax_fem: CuDSSNewtonSolver: solve finished in 0.09s  res=1.647e-05
[07-02 12:07:28][DEBUG] jax_fem: CuDSSNewtonSolver: starting Newton loop
[07-02 12:07:28][DEBUG] jax_fem: DeviceProblem: computing Jacobian on device
[07-02 12:07:28][DEBUG] jax_fem: Function split_and_compute_cell took 0.0265 seconds
[07-02 12:07:28][DEBUG] jax_fem: CuDSSNewtonSolver: initial residual = 2.236e+08
[07-02 12:07:28][DEBUG] jax_fem: DeviceProblem: computing Jacobian on device
[07-02 12:07:28][DEBUG] jax_fem: Function split_and_compute_cell took 0.0254 seconds
[07-02 12:07:28][DEBUG] jax_fem: CuDSSNewtonSolver: iter=1  res=1.540e-05  rel=6.887e-14
[07-02 12:07:28][INFO] jax_fem: CuDSSNewtonSolver: solve finished in 0.08s  res=1.540e-05
[07-02 12:07:29][DEBUG] jax_fem: CuDSSNewtonSolver: starting Newton loop
[07-02 12:07:29][DEBUG] jax_fem: DeviceProblem: computing Jacobian on device
[07-02 12:07:29][DEBUG] jax_fem: Function split_and_compute_cell took 0.0275 seconds
[07-02 12:07:29][DEBUG] jax_fem: CuDSSNewtonSolver: initial residual = 2.223e+08
[07-02 12:07:29][DEBUG] jax_fem: DeviceProblem: computing Jacobian on device
[07-02 12:07:29][DEBUG] jax_fem: Function split_and_compute_cell took 0.0277 seconds
[07-02 12:07:29][DEBUG] jax_fem: CuDSSNewtonSolver: iter=1  res=1.340e-05  rel=6.025e-14
[07-02 12:07:29][INFO] jax_fem: CuDSSNewtonSolver: solve finished in 0.09s  res=1.340e-05
[07-02 12:07:29][INFO] jax_fem: CuDSS backward: solving adjoint problem …
[07-02 12:07:29][DEBUG] jax_fem: DeviceProblem: computing Jacobian on device
[07-02 12:07:29][DEBUG] jax_fem: Function split_and_compute_cell took 0.0242 seconds
[07-02 12:07:29][DEBUG] jax_fem: Computing cell residual...
[07-02 12:07:29][DEBUG] jax_fem: Function split_and_compute_cell took 0.0603 seconds
[07-02 12:07:29][INFO] jax_fem: CuDSS backward: solving adjoint problem …
[07-02 12:07:29][DEBUG] jax_fem: DeviceProblem: computing Jacobian on device
[07-02 12:07:29][DEBUG] jax_fem: Function split_and_compute_cell took 0.0385 seconds
[07-02 12:07:29][DEBUG] jax_fem: Computing cell residual...
[07-02 12:07:29][DEBUG] jax_fem: Function split_and_compute_cell took 0.0602 seconds
[07-02 12:07:30][INFO] jax_fem: CuDSS backward: solving adjoint problem …
[07-02 12:07:30][DEBUG] jax_fem: DeviceProblem: computing Jacobian on device
[07-02 12:07:30][DEBUG] jax_fem: Function split_and_compute_cell took 0.0330 seconds
[07-02 12:07:30][DEBUG] jax_fem: Computing cell residual...
[07-02 12:07:30][DEBUG] jax_fem: Function split_and_compute_cell took 0.0649 seconds
[07-02 12:07:30][INFO] jax_fem: CuDSS backward: solving adjoint problem …
[07-02 12:07:30][DEBUG] jax_fem: DeviceProblem: computing Jacobian on device
[07-02 12:07:30][DEBUG] jax_fem: Function split_and_compute_cell took 0.0518 seconds
[07-02 12:07:30][DEBUG] jax_fem: Computing cell residual...
[07-02 12:07:30][DEBUG] jax_fem: Function split_and_compute_cell took 0.0517 seconds
[07-02 12:07:30][INFO] jax_fem: CuDSS backward: solving adjoint problem …
[07-02 12:07:30][DEBUG] jax_fem: DeviceProblem: computing Jacobian on device
[07-02 12:07:31][DEBUG] jax_fem: Function split_and_compute_cell took 0.0428 seconds
[07-02 12:07:31][DEBUG] jax_fem: Computing cell residual...
[07-02 12:07:31][DEBUG] jax_fem: Function split_and_compute_cell took 0.0663 seconds
[07-02 12:07:32][DEBUG] jax_fem: CuDSSNewtonSolver: starting Newton loop
[07-02 12:07:32][DEBUG] jax_fem: DeviceProblem: computing Jacobian on device
[07-02 12:07:32][DEBUG] jax_fem: Function split_and_compute_cell took 0.0254 seconds
[07-02 12:07:32][DEBUG] jax_fem: CuDSSNewtonSolver: initial residual = 2.235e+08
[07-02 12:07:32][DEBUG] jax_fem: DeviceProblem: computing Jacobian on device
[07-02 12:07:32][DEBUG] jax_fem: Function split_and_compute_cell took 0.0266 seconds
[07-02 12:07:32][DEBUG] jax_fem: CuDSSNewtonSolver: iter=1  res=1.567e-05  rel=7.013e-14
[07-02 12:07:32][INFO] jax_fem: CuDSSNewtonSolver: solve finished in 0.09s  res=1.567e-05
[07-02 12:07:32][DEBUG] jax_fem: CuDSSNewtonSolver: starting Newton loop
[07-02 12:07:32][DEBUG] jax_fem: DeviceProblem: computing Jacobian on device
[07-02 12:07:32][DEBUG] jax_fem: Function split_and_compute_cell took 0.0438 seconds
[07-02 12:07:32][DEBUG] jax_fem: CuDSSNewtonSolver: initial residual = 2.216e+08
[07-02 12:07:32][DEBUG] jax_fem: DeviceProblem: computing Jacobian on device
[07-02 12:07:32][DEBUG] jax_fem: Function split_and_compute_cell took 0.0394 seconds
[07-02 12:07:33][DEBUG] jax_fem: CuDSSNewtonSolver: iter=1  res=1.507e-05  rel=6.800e-14
[07-02 12:07:33][INFO] jax_fem: CuDSSNewtonSolver: solve finished in 0.12s  res=1.507e-05
[07-02 12:07:33][DEBUG] jax_fem: CuDSSNewtonSolver: starting Newton loop
[07-02 12:07:33][DEBUG] jax_fem: DeviceProblem: computing Jacobian on device
[07-02 12:07:33][DEBUG] jax_fem: Function split_and_compute_cell took 0.0290 seconds
[07-02 12:07:33][DEBUG] jax_fem: CuDSSNewtonSolver: initial residual = 2.211e+08
[07-02 12:07:33][DEBUG] jax_fem: DeviceProblem: computing Jacobian on device
[07-02 12:07:33][DEBUG] jax_fem: Function split_and_compute_cell took 0.0311 seconds
[07-02 12:07:33][DEBUG] jax_fem: CuDSSNewtonSolver: iter=1  res=1.626e-05  rel=7.354e-14
[07-02 12:07:33][INFO] jax_fem: CuDSSNewtonSolver: solve finished in 0.10s  res=1.626e-05
[07-02 12:07:33][DEBUG] jax_fem: CuDSSNewtonSolver: starting Newton loop
[07-02 12:07:33][DEBUG] jax_fem: DeviceProblem: computing Jacobian on device
[07-02 12:07:33][DEBUG] jax_fem: Function split_and_compute_cell took 0.0256 seconds
[07-02 12:07:33][DEBUG] jax_fem: CuDSSNewtonSolver: initial residual = 2.236e+08
[07-02 12:07:33][DEBUG] jax_fem: DeviceProblem: computing Jacobian on device
[07-02 12:07:33][DEBUG] jax_fem: Function split_and_compute_cell took 0.0338 seconds
[07-02 12:07:33][DEBUG] jax_fem: CuDSSNewtonSolver: iter=1  res=1.547e-05  rel=6.918e-14
[07-02 12:07:33][INFO] jax_fem: CuDSSNewtonSolver: solve finished in 0.10s  res=1.547e-05
[07-02 12:07:33][DEBUG] jax_fem: CuDSSNewtonSolver: starting Newton loop
[07-02 12:07:33][DEBUG] jax_fem: DeviceProblem: computing Jacobian on device
[07-02 12:07:33][DEBUG] jax_fem: Function split_and_compute_cell took 0.0469 seconds
[07-02 12:07:33][DEBUG] jax_fem: CuDSSNewtonSolver: initial residual = 2.223e+08
[07-02 12:07:33][DEBUG] jax_fem: DeviceProblem: computing Jacobian on device
[07-02 12:07:34][DEBUG] jax_fem: Function split_and_compute_cell took 0.0244 seconds
[07-02 12:07:34][DEBUG] jax_fem: CuDSSNewtonSolver: iter=1  res=1.389e-05  rel=6.247e-14
[07-02 12:07:34][INFO] jax_fem: CuDSSNewtonSolver: solve finished in 0.12s  res=1.389e-05
[07-02 12:07:35][DEBUG] jax_fem: CuDSSNewtonSolver: starting Newton loop
[07-02 12:07:35][DEBUG] jax_fem: DeviceProblem: computing Jacobian on device
[07-02 12:07:35][DEBUG] jax_fem: Function split_and_compute_cell took 0.0258 seconds
[07-02 12:07:35][DEBUG] jax_fem: CuDSSNewtonSolver: initial residual = 2.235e+08
[07-02 12:07:35][DEBUG] jax_fem: DeviceProblem: computing Jacobian on device
[07-02 12:07:35][DEBUG] jax_fem: Function split_and_compute_cell took 0.0275 seconds
[07-02 12:07:35][DEBUG] jax_fem: CuDSSNewtonSolver: iter=1  res=1.646e-05  rel=7.366e-14
[07-02 12:07:35][INFO] jax_fem: CuDSSNewtonSolver: solve finished in 0.09s  res=1.646e-05
[07-02 12:07:36][DEBUG] jax_fem: CuDSSNewtonSolver: starting Newton loop
[07-02 12:07:36][DEBUG] jax_fem: DeviceProblem: computing Jacobian on device
[07-02 12:07:36][DEBUG] jax_fem: Function split_and_compute_cell took 0.0264 seconds
[07-02 12:07:36][DEBUG] jax_fem: CuDSSNewtonSolver: initial residual = 2.216e+08
[07-02 12:07:36][DEBUG] jax_fem: DeviceProblem: computing Jacobian on device
[07-02 12:07:36][DEBUG] jax_fem: Function split_and_compute_cell took 0.0269 seconds
[07-02 12:07:36][DEBUG] jax_fem: CuDSSNewtonSolver: iter=1  res=1.492e-05  rel=6.732e-14
[07-02 12:07:36][INFO] jax_fem: CuDSSNewtonSolver: solve finished in 0.09s  res=1.492e-05
[07-02 12:07:37][DEBUG] jax_fem: CuDSSNewtonSolver: starting Newton loop
[07-02 12:07:37][DEBUG] jax_fem: DeviceProblem: computing Jacobian on device
[07-02 12:07:37][DEBUG] jax_fem: Function split_and_compute_cell took 0.0265 seconds
[07-02 12:07:37][DEBUG] jax_fem: CuDSSNewtonSolver: initial residual = 2.211e+08
[07-02 12:07:37][DEBUG] jax_fem: DeviceProblem: computing Jacobian on device
[07-02 12:07:37][DEBUG] jax_fem: Function split_and_compute_cell took 0.0262 seconds
[07-02 12:07:37][DEBUG] jax_fem: CuDSSNewtonSolver: iter=1  res=1.613e-05  rel=7.294e-14
[07-02 12:07:37][INFO] jax_fem: CuDSSNewtonSolver: solve finished in 0.09s  res=1.613e-05
[07-02 12:07:37][DEBUG] jax_fem: CuDSSNewtonSolver: starting Newton loop
[07-02 12:07:37][DEBUG] jax_fem: DeviceProblem: computing Jacobian on device
[07-02 12:07:37][DEBUG] jax_fem: Function split_and_compute_cell took 0.0270 seconds
[07-02 12:07:37][DEBUG] jax_fem: CuDSSNewtonSolver: initial residual = 2.236e+08
[07-02 12:07:37][DEBUG] jax_fem: DeviceProblem: computing Jacobian on device
[07-02 12:07:37][DEBUG] jax_fem: Function split_and_compute_cell took 0.0274 seconds
[07-02 12:07:37][DEBUG] jax_fem: CuDSSNewtonSolver: iter=1  res=1.454e-05  rel=6.500e-14
[07-02 12:07:37][INFO] jax_fem: CuDSSNewtonSolver: solve finished in 0.09s  res=1.454e-05
[07-02 12:07:38][DEBUG] jax_fem: CuDSSNewtonSolver: starting Newton loop
[07-02 12:07:38][DEBUG] jax_fem: DeviceProblem: computing Jacobian on device
[07-02 12:07:38][DEBUG] jax_fem: Function split_and_compute_cell took 0.0271 seconds
[07-02 12:07:38][DEBUG] jax_fem: CuDSSNewtonSolver: initial residual = 2.223e+08
[07-02 12:07:38][DEBUG] jax_fem: DeviceProblem: computing Jacobian on device
[07-02 12:07:38][DEBUG] jax_fem: Function split_and_compute_cell took 0.0266 seconds
[07-02 12:07:38][DEBUG] jax_fem: CuDSSNewtonSolver: iter=1  res=1.370e-05  rel=6.163e-14
[07-02 12:07:38][INFO] jax_fem: CuDSSNewtonSolver: solve finished in 0.09s  res=1.370e-05
[07-02 12:07:38][INFO] jax_fem: CuDSS backward: solving adjoint problem …
[07-02 12:07:38][DEBUG] jax_fem: DeviceProblem: computing Jacobian on device
[07-02 12:07:38][DEBUG] jax_fem: Function split_and_compute_cell took 0.0374 seconds
[07-02 12:07:38][DEBUG] jax_fem: Computing cell residual...
[07-02 12:07:38][DEBUG] jax_fem: Function split_and_compute_cell took 0.0674 seconds
[07-02 12:07:38][INFO] jax_fem: CuDSS backward: solving adjoint problem …
[07-02 12:07:38][DEBUG] jax_fem: DeviceProblem: computing Jacobian on device
[07-02 12:07:38][DEBUG] jax_fem: Function split_and_compute_cell took 0.0476 seconds
[07-02 12:07:38][DEBUG] jax_fem: Computing cell residual...
[07-02 12:07:38][DEBUG] jax_fem: Function split_and_compute_cell took 0.0730 seconds
[07-02 12:07:39][INFO] jax_fem: CuDSS backward: solving adjoint problem …
[07-02 12:07:39][DEBUG] jax_fem: DeviceProblem: computing Jacobian on device
[07-02 12:07:39][DEBUG] jax_fem: Function split_and_compute_cell took 0.0255 seconds
[07-02 12:07:39][DEBUG] jax_fem: Computing cell residual...
[07-02 12:07:39][DEBUG] jax_fem: Function split_and_compute_cell took 0.0594 seconds
[07-02 12:07:39][INFO] jax_fem: CuDSS backward: solving adjoint problem …
[07-02 12:07:39][DEBUG] jax_fem: DeviceProblem: computing Jacobian on device
[07-02 12:07:39][DEBUG] jax_fem: Function split_and_compute_cell took 0.0291 seconds
[07-02 12:07:39][DEBUG] jax_fem: Computing cell residual...
[07-02 12:07:39][DEBUG] jax_fem: Function split_and_compute_cell took 0.0590 seconds
[07-02 12:07:39][INFO] jax_fem: CuDSS backward: solving adjoint problem …
[07-02 12:07:39][DEBUG] jax_fem: DeviceProblem: computing Jacobian on device
[07-02 12:07:39][DEBUG] jax_fem: Function split_and_compute_cell took 0.0298 seconds
[07-02 12:07:39][DEBUG] jax_fem: Computing cell residual...
[07-02 12:07:40][DEBUG] jax_fem: Function split_and_compute_cell took 0.0683 seconds
[07-02 12:07:41][DEBUG] jax_fem: CuDSSNewtonSolver: starting Newton loop
[07-02 12:07:41][DEBUG] jax_fem: DeviceProblem: computing Jacobian on device
[07-02 12:07:41][DEBUG] jax_fem: Function split_and_compute_cell took 0.0315 seconds
[07-02 12:07:41][DEBUG] jax_fem: CuDSSNewtonSolver: initial residual = 2.235e+08
[07-02 12:07:41][DEBUG] jax_fem: DeviceProblem: computing Jacobian on device
[07-02 12:07:41][DEBUG] jax_fem: Function split_and_compute_cell took 0.0400 seconds
[07-02 12:07:41][DEBUG] jax_fem: CuDSSNewtonSolver: iter=1  res=1.635e-05  rel=7.317e-14
[07-02 12:07:41][INFO] jax_fem: CuDSSNewtonSolver: solve finished in 0.12s  res=1.635e-05
[07-02 12:07:41][DEBUG] jax_fem: CuDSSNewtonSolver: starting Newton loop
[07-02 12:07:41][DEBUG] jax_fem: DeviceProblem: computing Jacobian on device
[07-02 12:07:41][DEBUG] jax_fem: Function split_and_compute_cell took 0.0546 seconds
[07-02 12:07:41][DEBUG] jax_fem: CuDSSNewtonSolver: initial residual = 2.216e+08
[07-02 12:07:41][DEBUG] jax_fem: DeviceProblem: computing Jacobian on device
[07-02 12:07:41][DEBUG] jax_fem: Function split_and_compute_cell took 0.0253 seconds
[07-02 12:07:41][DEBUG] jax_fem: CuDSSNewtonSolver: iter=1  res=1.488e-05  rel=6.714e-14
[07-02 12:07:41][INFO] jax_fem: CuDSSNewtonSolver: solve finished in 0.12s  res=1.488e-05
[07-02 12:07:42][DEBUG] jax_fem: CuDSSNewtonSolver: starting Newton loop
[07-02 12:07:42][DEBUG] jax_fem: DeviceProblem: computing Jacobian on device
[07-02 12:07:42][DEBUG] jax_fem: Function split_and_compute_cell took 0.0341 seconds
[07-02 12:07:42][DEBUG] jax_fem: CuDSSNewtonSolver: initial residual = 2.211e+08
[07-02 12:07:42][DEBUG] jax_fem: DeviceProblem: computing Jacobian on device
[07-02 12:07:42][DEBUG] jax_fem: Function split_and_compute_cell took 0.0308 seconds
[07-02 12:07:42][DEBUG] jax_fem: CuDSSNewtonSolver: iter=1  res=1.627e-05  rel=7.359e-14
[07-02 12:07:42][INFO] jax_fem: CuDSSNewtonSolver: solve finished in 0.10s  res=1.627e-05
[07-02 12:07:42][DEBUG] jax_fem: CuDSSNewtonSolver: starting Newton loop
[07-02 12:07:42][DEBUG] jax_fem: DeviceProblem: computing Jacobian on device
[07-02 12:07:42][DEBUG] jax_fem: Function split_and_compute_cell took 0.0257 seconds
[07-02 12:07:42][DEBUG] jax_fem: CuDSSNewtonSolver: initial residual = 2.236e+08
[07-02 12:07:42][DEBUG] jax_fem: DeviceProblem: computing Jacobian on device
[07-02 12:07:42][DEBUG] jax_fem: Function split_and_compute_cell took 0.0338 seconds
[07-02 12:07:42][DEBUG] jax_fem: CuDSSNewtonSolver: iter=1  res=1.528e-05  rel=6.833e-14
[07-02 12:07:42][INFO] jax_fem: CuDSSNewtonSolver: solve finished in 0.10s  res=1.528e-05
[07-02 12:07:42][DEBUG] jax_fem: CuDSSNewtonSolver: starting Newton loop
[07-02 12:07:43][DEBUG] jax_fem: DeviceProblem: computing Jacobian on device
[07-02 12:07:43][DEBUG] jax_fem: Function split_and_compute_cell took 0.0354 seconds
[07-02 12:07:43][DEBUG] jax_fem: CuDSSNewtonSolver: initial residual = 2.223e+08
[07-02 12:07:43][DEBUG] jax_fem: DeviceProblem: computing Jacobian on device
[07-02 12:07:43][DEBUG] jax_fem: Function split_and_compute_cell took 0.0296 seconds
[07-02 12:07:43][DEBUG] jax_fem: CuDSSNewtonSolver: iter=1  res=1.318e-05  rel=5.928e-14
[07-02 12:07:43][INFO] jax_fem: CuDSSNewtonSolver: solve finished in 0.11s  res=1.318e-05
[07-02 12:07:44][DEBUG] jax_fem: CuDSSNewtonSolver: starting Newton loop
[07-02 12:07:44][DEBUG] jax_fem: DeviceProblem: computing Jacobian on device
[07-02 12:07:44][DEBUG] jax_fem: Function split_and_compute_cell took 0.0266 seconds
[07-02 12:07:44][DEBUG] jax_fem: CuDSSNewtonSolver: initial residual = 2.235e+08
[07-02 12:07:44][DEBUG] jax_fem: DeviceProblem: computing Jacobian on device
[07-02 12:07:44][DEBUG] jax_fem: Function split_and_compute_cell took 0.0266 seconds
[07-02 12:07:44][DEBUG] jax_fem: CuDSSNewtonSolver: iter=1  res=1.575e-05  rel=7.045e-14
[07-02 12:07:44][INFO] jax_fem: CuDSSNewtonSolver: solve finished in 0.09s  res=1.575e-05
[07-02 12:07:45][DEBUG] jax_fem: CuDSSNewtonSolver: starting Newton loop
[07-02 12:07:45][DEBUG] jax_fem: DeviceProblem: computing Jacobian on device
[07-02 12:07:45][DEBUG] jax_fem: Function split_and_compute_cell took 0.0284 seconds
[07-02 12:07:45][DEBUG] jax_fem: CuDSSNewtonSolver: initial residual = 2.216e+08
[07-02 12:07:45][DEBUG] jax_fem: DeviceProblem: computing Jacobian on device
[07-02 12:07:45][DEBUG] jax_fem: Function split_and_compute_cell took 0.0259 seconds
[07-02 12:07:45][DEBUG] jax_fem: CuDSSNewtonSolver: iter=1  res=1.505e-05  rel=6.790e-14
[07-02 12:07:45][INFO] jax_fem: CuDSSNewtonSolver: solve finished in 0.09s  res=1.505e-05
[07-02 12:07:45][DEBUG] jax_fem: CuDSSNewtonSolver: starting Newton loop
[07-02 12:07:45][DEBUG] jax_fem: DeviceProblem: computing Jacobian on device
[07-02 12:07:45][DEBUG] jax_fem: Function split_and_compute_cell took 0.0270 seconds
[07-02 12:07:45][DEBUG] jax_fem: CuDSSNewtonSolver: initial residual = 2.211e+08
[07-02 12:07:45][DEBUG] jax_fem: DeviceProblem: computing Jacobian on device
[07-02 12:07:46][DEBUG] jax_fem: Function split_and_compute_cell took 0.0283 seconds
[07-02 12:07:46][DEBUG] jax_fem: CuDSSNewtonSolver: iter=1  res=1.624e-05  rel=7.345e-14
[07-02 12:07:46][INFO] jax_fem: CuDSSNewtonSolver: solve finished in 0.09s  res=1.624e-05
[07-02 12:07:46][DEBUG] jax_fem: CuDSSNewtonSolver: starting Newton loop
[07-02 12:07:46][DEBUG] jax_fem: DeviceProblem: computing Jacobian on device
[07-02 12:07:46][DEBUG] jax_fem: Function split_and_compute_cell took 0.0270 seconds
[07-02 12:07:46][DEBUG] jax_fem: CuDSSNewtonSolver: initial residual = 2.236e+08
[07-02 12:07:46][DEBUG] jax_fem: DeviceProblem: computing Jacobian on device
[07-02 12:07:46][DEBUG] jax_fem: Function split_and_compute_cell took 0.0263 seconds
[07-02 12:07:46][DEBUG] jax_fem: CuDSSNewtonSolver: iter=1  res=1.519e-05  rel=6.793e-14
[07-02 12:07:46][INFO] jax_fem: CuDSSNewtonSolver: solve finished in 0.09s  res=1.519e-05
[07-02 12:07:47][DEBUG] jax_fem: CuDSSNewtonSolver: starting Newton loop
[07-02 12:07:47][DEBUG] jax_fem: DeviceProblem: computing Jacobian on device
[07-02 12:07:47][DEBUG] jax_fem: Function split_and_compute_cell took 0.0287 seconds
[07-02 12:07:47][DEBUG] jax_fem: CuDSSNewtonSolver: initial residual = 2.223e+08
[07-02 12:07:47][DEBUG] jax_fem: DeviceProblem: computing Jacobian on device
[07-02 12:07:47][DEBUG] jax_fem: Function split_and_compute_cell took 0.0273 seconds
[07-02 12:07:47][DEBUG] jax_fem: CuDSSNewtonSolver: iter=1  res=1.340e-05  rel=6.026e-14
[07-02 12:07:47][INFO] jax_fem: CuDSSNewtonSolver: solve finished in 0.09s  res=1.340e-05
[07-02 12:07:47][INFO] jax_fem: CuDSS backward: solving adjoint problem …
[07-02 12:07:47][DEBUG] jax_fem: DeviceProblem: computing Jacobian on device
[07-02 12:07:47][DEBUG] jax_fem: Function split_and_compute_cell took 0.0430 seconds
[07-02 12:07:47][DEBUG] jax_fem: Computing cell residual...
[07-02 12:07:47][DEBUG] jax_fem: Function split_and_compute_cell took 0.0676 seconds
[07-02 12:07:47][INFO] jax_fem: CuDSS backward: solving adjoint problem …
[07-02 12:07:47][DEBUG] jax_fem: DeviceProblem: computing Jacobian on device
[07-02 12:07:47][DEBUG] jax_fem: Function split_and_compute_cell took 0.0421 seconds
[07-02 12:07:47][DEBUG] jax_fem: Computing cell residual...
[07-02 12:07:48][DEBUG] jax_fem: Function split_and_compute_cell took 0.0639 seconds
[07-02 12:07:48][INFO] jax_fem: CuDSS backward: solving adjoint problem …
[07-02 12:07:48][DEBUG] jax_fem: DeviceProblem: computing Jacobian on device
[07-02 12:07:48][DEBUG] jax_fem: Function split_and_compute_cell took 0.0234 seconds
[07-02 12:07:48][DEBUG] jax_fem: Computing cell residual...
[07-02 12:07:48][DEBUG] jax_fem: Function split_and_compute_cell took 0.0582 seconds
[07-02 12:07:48][INFO] jax_fem: CuDSS backward: solving adjoint problem …
[07-02 12:07:48][DEBUG] jax_fem: DeviceProblem: computing Jacobian on device
[07-02 12:07:48][DEBUG] jax_fem: Function split_and_compute_cell took 0.0347 seconds
[07-02 12:07:48][DEBUG] jax_fem: Computing cell residual...
[07-02 12:07:48][DEBUG] jax_fem: Function split_and_compute_cell took 0.0721 seconds
[07-02 12:07:48][INFO] jax_fem: CuDSS backward: solving adjoint problem …
[07-02 12:07:49][DEBUG] jax_fem: DeviceProblem: computing Jacobian on device
[07-02 12:07:49][DEBUG] jax_fem: Function split_and_compute_cell took 0.0353 seconds
[07-02 12:07:49][DEBUG] jax_fem: Computing cell residual...
[07-02 12:07:49][DEBUG] jax_fem: Function split_and_compute_cell took 0.0636 seconds
[07-02 12:07:50][DEBUG] jax_fem: CuDSSNewtonSolver: starting Newton loop
[07-02 12:07:50][DEBUG] jax_fem: DeviceProblem: computing Jacobian on device
[07-02 12:07:50][DEBUG] jax_fem: Function split_and_compute_cell took 0.0296 seconds
[07-02 12:07:50][DEBUG] jax_fem: CuDSSNewtonSolver: initial residual = 2.235e+08
[07-02 12:07:50][DEBUG] jax_fem: DeviceProblem: computing Jacobian on device
[07-02 12:07:50][DEBUG] jax_fem: Function split_and_compute_cell took 0.0326 seconds
[07-02 12:07:50][DEBUG] jax_fem: CuDSSNewtonSolver: iter=1  res=1.626e-05  rel=7.277e-14
[07-02 12:07:50][INFO] jax_fem: CuDSSNewtonSolver: solve finished in 0.11s  res=1.626e-05
[07-02 12:07:51][DEBUG] jax_fem: CuDSSNewtonSolver: starting Newton loop
[07-02 12:07:51][DEBUG] jax_fem: DeviceProblem: computing Jacobian on device
[07-02 12:07:51][DEBUG] jax_fem: Function split_and_compute_cell took 0.0565 seconds
[07-02 12:07:51][DEBUG] jax_fem: CuDSSNewtonSolver: initial residual = 2.216e+08
[07-02 12:07:51][DEBUG] jax_fem: DeviceProblem: computing Jacobian on device
[07-02 12:07:51][DEBUG] jax_fem: Function split_and_compute_cell took 0.0342 seconds
[07-02 12:07:51][DEBUG] jax_fem: CuDSSNewtonSolver: iter=1  res=1.527e-05  rel=6.888e-14
[07-02 12:07:51][INFO] jax_fem: CuDSSNewtonSolver: solve finished in 0.13s  res=1.527e-05
[07-02 12:07:51][DEBUG] jax_fem: CuDSSNewtonSolver: starting Newton loop
[07-02 12:07:51][DEBUG] jax_fem: DeviceProblem: computing Jacobian on device
[07-02 12:07:51][DEBUG] jax_fem: Function split_and_compute_cell took 0.0260 seconds
[07-02 12:07:51][DEBUG] jax_fem: CuDSSNewtonSolver: initial residual = 2.211e+08
[07-02 12:07:51][DEBUG] jax_fem: DeviceProblem: computing Jacobian on device
[07-02 12:07:51][DEBUG] jax_fem: Function split_and_compute_cell took 0.0298 seconds
[07-02 12:07:51][DEBUG] jax_fem: CuDSSNewtonSolver: iter=1  res=1.572e-05  rel=7.113e-14
[07-02 12:07:51][INFO] jax_fem: CuDSSNewtonSolver: solve finished in 0.10s  res=1.572e-05
[07-02 12:07:51][DEBUG] jax_fem: CuDSSNewtonSolver: starting Newton loop
[07-02 12:07:51][DEBUG] jax_fem: DeviceProblem: computing Jacobian on device
[07-02 12:07:51][DEBUG] jax_fem: Function split_and_compute_cell took 0.0365 seconds
[07-02 12:07:51][DEBUG] jax_fem: CuDSSNewtonSolver: initial residual = 2.236e+08
[07-02 12:07:51][DEBUG] jax_fem: DeviceProblem: computing Jacobian on device
[07-02 12:07:51][DEBUG] jax_fem: Function split_and_compute_cell took 0.0352 seconds
[07-02 12:07:51][DEBUG] jax_fem: CuDSSNewtonSolver: iter=1  res=1.569e-05  rel=7.016e-14
[07-02 12:07:51][INFO] jax_fem: CuDSSNewtonSolver: solve finished in 0.11s  res=1.569e-05
[07-02 12:07:52][DEBUG] jax_fem: CuDSSNewtonSolver: starting Newton loop
[07-02 12:07:52][DEBUG] jax_fem: DeviceProblem: computing Jacobian on device
[07-02 12:07:52][DEBUG] jax_fem: Function split_and_compute_cell took 0.0311 seconds
[07-02 12:07:52][DEBUG] jax_fem: CuDSSNewtonSolver: initial residual = 2.223e+08
[07-02 12:07:52][DEBUG] jax_fem: DeviceProblem: computing Jacobian on device
[07-02 12:07:52][DEBUG] jax_fem: Function split_and_compute_cell took 0.0327 seconds
[07-02 12:07:52][DEBUG] jax_fem: CuDSSNewtonSolver: iter=1  res=1.356e-05  rel=6.101e-14
[07-02 12:07:52][INFO] jax_fem: CuDSSNewtonSolver: solve finished in 0.10s  res=1.356e-05
[07-02 12:07:53][DEBUG] jax_fem: CuDSSNewtonSolver: starting Newton loop
[07-02 12:07:53][DEBUG] jax_fem: DeviceProblem: computing Jacobian on device
[07-02 12:07:53][DEBUG] jax_fem: Function split_and_compute_cell took 0.0266 seconds
[07-02 12:07:53][DEBUG] jax_fem: CuDSSNewtonSolver: initial residual = 2.235e+08
[07-02 12:07:53][DEBUG] jax_fem: DeviceProblem: computing Jacobian on device
[07-02 12:07:53][DEBUG] jax_fem: Function split_and_compute_cell took 0.0249 seconds
[07-02 12:07:53][DEBUG] jax_fem: CuDSSNewtonSolver: iter=1  res=1.520e-05  rel=6.801e-14
[07-02 12:07:53][INFO] jax_fem: CuDSSNewtonSolver: solve finished in 0.09s  res=1.520e-05
[07-02 12:07:54][DEBUG] jax_fem: CuDSSNewtonSolver: starting Newton loop
[07-02 12:07:54][DEBUG] jax_fem: DeviceProblem: computing Jacobian on device
[07-02 12:07:54][DEBUG] jax_fem: Function split_and_compute_cell took 0.0258 seconds
[07-02 12:07:54][DEBUG] jax_fem: CuDSSNewtonSolver: initial residual = 2.216e+08
[07-02 12:07:54][DEBUG] jax_fem: DeviceProblem: computing Jacobian on device
[07-02 12:07:54][DEBUG] jax_fem: Function split_and_compute_cell took 0.0263 seconds
[07-02 12:07:54][DEBUG] jax_fem: CuDSSNewtonSolver: iter=1  res=1.503e-05  rel=6.782e-14
[07-02 12:07:54][INFO] jax_fem: CuDSSNewtonSolver: solve finished in 0.09s  res=1.503e-05
[07-02 12:07:55][DEBUG] jax_fem: CuDSSNewtonSolver: starting Newton loop
[07-02 12:07:55][DEBUG] jax_fem: DeviceProblem: computing Jacobian on device
[07-02 12:07:55][DEBUG] jax_fem: Function split_and_compute_cell took 0.0257 seconds
[07-02 12:07:55][DEBUG] jax_fem: CuDSSNewtonSolver: initial residual = 2.211e+08
[07-02 12:07:55][DEBUG] jax_fem: DeviceProblem: computing Jacobian on device
[07-02 12:07:55][DEBUG] jax_fem: Function split_and_compute_cell took 0.0284 seconds
[07-02 12:07:55][DEBUG] jax_fem: CuDSSNewtonSolver: iter=1  res=1.598e-05  rel=7.227e-14
[07-02 12:07:55][INFO] jax_fem: CuDSSNewtonSolver: solve finished in 0.09s  res=1.598e-05
[07-02 12:07:55][DEBUG] jax_fem: CuDSSNewtonSolver: starting Newton loop
[07-02 12:07:55][DEBUG] jax_fem: DeviceProblem: computing Jacobian on device
[07-02 12:07:55][DEBUG] jax_fem: Function split_and_compute_cell took 0.0269 seconds
[07-02 12:07:55][DEBUG] jax_fem: CuDSSNewtonSolver: initial residual = 2.236e+08
[07-02 12:07:55][DEBUG] jax_fem: DeviceProblem: computing Jacobian on device
[07-02 12:07:55][DEBUG] jax_fem: Function split_and_compute_cell took 0.0266 seconds
[07-02 12:07:55][DEBUG] jax_fem: CuDSSNewtonSolver: iter=1  res=1.454e-05  rel=6.502e-14
[07-02 12:07:55][INFO] jax_fem: CuDSSNewtonSolver: solve finished in 0.09s  res=1.454e-05
[07-02 12:07:56][DEBUG] jax_fem: CuDSSNewtonSolver: starting Newton loop
[07-02 12:07:56][DEBUG] jax_fem: DeviceProblem: computing Jacobian on device
[07-02 12:07:56][DEBUG] jax_fem: Function split_and_compute_cell took 0.0269 seconds
[07-02 12:07:56][DEBUG] jax_fem: CuDSSNewtonSolver: initial residual = 2.223e+08
[07-02 12:07:56][DEBUG] jax_fem: DeviceProblem: computing Jacobian on device
[07-02 12:07:56][DEBUG] jax_fem: Function split_and_compute_cell took 0.0268 seconds
[07-02 12:07:56][DEBUG] jax_fem: CuDSSNewtonSolver: iter=1  res=1.395e-05  rel=6.274e-14
[07-02 12:07:56][INFO] jax_fem: CuDSSNewtonSolver: solve finished in 0.09s  res=1.395e-05
[07-02 12:07:56][INFO] jax_fem: CuDSS backward: solving adjoint problem …
[07-02 12:07:56][DEBUG] jax_fem: DeviceProblem: computing Jacobian on device
[07-02 12:07:56][DEBUG] jax_fem: Function split_and_compute_cell took 0.0274 seconds
[07-02 12:07:56][DEBUG] jax_fem: Computing cell residual...
[07-02 12:07:56][DEBUG] jax_fem: Function split_and_compute_cell took 0.0624 seconds
[07-02 12:07:56][INFO] jax_fem: CuDSS backward: solving adjoint problem …
[07-02 12:07:56][DEBUG] jax_fem: DeviceProblem: computing Jacobian on device
[07-02 12:07:56][DEBUG] jax_fem: Function split_and_compute_cell took 0.0380 seconds
[07-02 12:07:56][DEBUG] jax_fem: Computing cell residual...
[07-02 12:07:56][DEBUG] jax_fem: Function split_and_compute_cell took 0.0650 seconds
[07-02 12:07:57][INFO] jax_fem: CuDSS backward: solving adjoint problem …
[07-02 12:07:57][DEBUG] jax_fem: DeviceProblem: computing Jacobian on device
[07-02 12:07:57][DEBUG] jax_fem: Function split_and_compute_cell took 0.0460 seconds
[07-02 12:07:57][DEBUG] jax_fem: Computing cell residual...
[07-02 12:07:57][DEBUG] jax_fem: Function split_and_compute_cell took 0.0738 seconds
[07-02 12:07:57][INFO] jax_fem: CuDSS backward: solving adjoint problem …
[07-02 12:07:57][DEBUG] jax_fem: DeviceProblem: computing Jacobian on device
[07-02 12:07:57][DEBUG] jax_fem: Function split_and_compute_cell took 0.0251 seconds
[07-02 12:07:57][DEBUG] jax_fem: Computing cell residual...
[07-02 12:07:57][DEBUG] jax_fem: Function split_and_compute_cell took 0.0567 seconds
[07-02 12:07:57][INFO] jax_fem: CuDSS backward: solving adjoint problem …
[07-02 12:07:57][DEBUG] jax_fem: DeviceProblem: computing Jacobian on device
[07-02 12:07:57][DEBUG] jax_fem: Function split_and_compute_cell took 0.0291 seconds
[07-02 12:07:57][DEBUG] jax_fem: Computing cell residual...
[07-02 12:07:58][DEBUG] jax_fem: Function split_and_compute_cell took 0.0681 seconds
[07-02 12:07:59][DEBUG] jax_fem: CuDSSNewtonSolver: starting Newton loop
[07-02 12:07:59][DEBUG] jax_fem: DeviceProblem: computing Jacobian on device
[07-02 12:07:59][DEBUG] jax_fem: Function split_and_compute_cell took 0.0375 seconds
[07-02 12:07:59][DEBUG] jax_fem: CuDSSNewtonSolver: initial residual = 2.235e+08
[07-02 12:07:59][DEBUG] jax_fem: DeviceProblem: computing Jacobian on device
[07-02 12:07:59][DEBUG] jax_fem: Function split_and_compute_cell took 0.0388 seconds
[07-02 12:07:59][DEBUG] jax_fem: CuDSSNewtonSolver: iter=1  res=1.581e-05  rel=7.075e-14
[07-02 12:07:59][INFO] jax_fem: CuDSSNewtonSolver: solve finished in 0.12s  res=1.581e-05
[07-02 12:07:59][DEBUG] jax_fem: CuDSSNewtonSolver: starting Newton loop
[07-02 12:07:59][DEBUG] jax_fem: DeviceProblem: computing Jacobian on device
[07-02 12:07:59][DEBUG] jax_fem: Function split_and_compute_cell took 0.0280 seconds
[07-02 12:08:00][DEBUG] jax_fem: CuDSSNewtonSolver: initial residual = 2.216e+08
[07-02 12:08:00][DEBUG] jax_fem: DeviceProblem: computing Jacobian on device
[07-02 12:08:00][DEBUG] jax_fem: Function split_and_compute_cell took 0.0293 seconds
[07-02 12:08:00][DEBUG] jax_fem: CuDSSNewtonSolver: iter=1  res=1.514e-05  rel=6.831e-14
[07-02 12:08:00][INFO] jax_fem: CuDSSNewtonSolver: solve finished in 0.09s  res=1.514e-05
[07-02 12:08:00][DEBUG] jax_fem: CuDSSNewtonSolver: starting Newton loop
[07-02 12:08:00][DEBUG] jax_fem: DeviceProblem: computing Jacobian on device
[07-02 12:08:00][DEBUG] jax_fem: Function split_and_compute_cell took 0.0281 seconds
[07-02 12:08:00][DEBUG] jax_fem: CuDSSNewtonSolver: initial residual = 2.211e+08
[07-02 12:08:00][DEBUG] jax_fem: DeviceProblem: computing Jacobian on device
[07-02 12:08:00][DEBUG] jax_fem: Function split_and_compute_cell took 0.0410 seconds
[07-02 12:08:00][DEBUG] jax_fem: CuDSSNewtonSolver: iter=1  res=1.632e-05  rel=7.382e-14
[07-02 12:08:00][INFO] jax_fem: CuDSSNewtonSolver: solve finished in 0.11s  res=1.632e-05
[07-02 12:08:00][DEBUG] jax_fem: CuDSSNewtonSolver: starting Newton loop
[07-02 12:08:00][DEBUG] jax_fem: DeviceProblem: computing Jacobian on device
[07-02 12:08:00][DEBUG] jax_fem: Function split_and_compute_cell took 0.0237 seconds
[07-02 12:08:00][DEBUG] jax_fem: CuDSSNewtonSolver: initial residual = 2.236e+08
[07-02 12:08:00][DEBUG] jax_fem: DeviceProblem: computing Jacobian on device
[07-02 12:08:00][DEBUG] jax_fem: Function split_and_compute_cell took 0.0300 seconds
[07-02 12:08:00][DEBUG] jax_fem: CuDSSNewtonSolver: iter=1  res=1.525e-05  rel=6.820e-14
[07-02 12:08:00][INFO] jax_fem: CuDSSNewtonSolver: solve finished in 0.09s  res=1.525e-05
[07-02 12:08:00][DEBUG] jax_fem: CuDSSNewtonSolver: starting Newton loop
[07-02 12:08:00][DEBUG] jax_fem: DeviceProblem: computing Jacobian on device
[07-02 12:08:01][DEBUG] jax_fem: Function split_and_compute_cell took 0.0544 seconds
[07-02 12:08:01][DEBUG] jax_fem: CuDSSNewtonSolver: initial residual = 2.223e+08
[07-02 12:08:01][DEBUG] jax_fem: DeviceProblem: computing Jacobian on device
[07-02 12:08:01][DEBUG] jax_fem: Function split_and_compute_cell took 0.0446 seconds
[07-02 12:08:01][DEBUG] jax_fem: CuDSSNewtonSolver: iter=1  res=1.297e-05  rel=5.831e-14
[07-02 12:08:01][INFO] jax_fem: CuDSSNewtonSolver: solve finished in 0.14s  res=1.297e-05
[07-02 12:08:02][DEBUG] jax_fem: CuDSSNewtonSolver: starting Newton loop
[07-02 12:08:02][DEBUG] jax_fem: DeviceProblem: computing Jacobian on device
[07-02 12:08:02][DEBUG] jax_fem: Function split_and_compute_cell took 0.0259 seconds
[07-02 12:08:02][DEBUG] jax_fem: CuDSSNewtonSolver: initial residual = 2.235e+08
[07-02 12:08:02][DEBUG] jax_fem: DeviceProblem: computing Jacobian on device
[07-02 12:08:02][DEBUG] jax_fem: Function split_and_compute_cell took 0.0265 seconds
[07-02 12:08:02][DEBUG] jax_fem: CuDSSNewtonSolver: iter=1  res=1.576e-05  rel=7.051e-14
[07-02 12:08:02][INFO] jax_fem: CuDSSNewtonSolver: solve finished in 0.09s  res=1.576e-05
[07-02 12:08:03][DEBUG] jax_fem: CuDSSNewtonSolver: starting Newton loop
[07-02 12:08:03][DEBUG] jax_fem: DeviceProblem: computing Jacobian on device
[07-02 12:08:03][DEBUG] jax_fem: Function split_and_compute_cell took 0.0428 seconds
[07-02 12:08:03][DEBUG] jax_fem: CuDSSNewtonSolver: initial residual = 2.216e+08
[07-02 12:08:03][DEBUG] jax_fem: DeviceProblem: computing Jacobian on device
[07-02 12:08:03][DEBUG] jax_fem: Function split_and_compute_cell took 0.0273 seconds
[07-02 12:08:03][DEBUG] jax_fem: CuDSSNewtonSolver: iter=1  res=1.534e-05  rel=6.921e-14
[07-02 12:08:03][INFO] jax_fem: CuDSSNewtonSolver: solve finished in 0.11s  res=1.534e-05
[07-02 12:08:04][DEBUG] jax_fem: CuDSSNewtonSolver: starting Newton loop
[07-02 12:08:04][DEBUG] jax_fem: DeviceProblem: computing Jacobian on device
[07-02 12:08:04][DEBUG] jax_fem: Function split_and_compute_cell took 0.0276 seconds
[07-02 12:08:04][DEBUG] jax_fem: CuDSSNewtonSolver: initial residual = 2.211e+08
[07-02 12:08:04][DEBUG] jax_fem: DeviceProblem: computing Jacobian on device
[07-02 12:08:04][DEBUG] jax_fem: Function split_and_compute_cell took 0.0269 seconds
[07-02 12:08:04][DEBUG] jax_fem: CuDSSNewtonSolver: iter=1  res=1.564e-05  rel=7.073e-14
[07-02 12:08:04][INFO] jax_fem: CuDSSNewtonSolver: solve finished in 0.09s  res=1.564e-05
[07-02 12:08:04][DEBUG] jax_fem: CuDSSNewtonSolver: starting Newton loop
[07-02 12:08:04][DEBUG] jax_fem: DeviceProblem: computing Jacobian on device
[07-02 12:08:04][DEBUG] jax_fem: Function split_and_compute_cell took 0.0261 seconds
[07-02 12:08:04][DEBUG] jax_fem: CuDSSNewtonSolver: initial residual = 2.236e+08
[07-02 12:08:04][DEBUG] jax_fem: DeviceProblem: computing Jacobian on device
[07-02 12:08:04][DEBUG] jax_fem: Function split_and_compute_cell took 0.0266 seconds
[07-02 12:08:04][DEBUG] jax_fem: CuDSSNewtonSolver: iter=1  res=1.548e-05  rel=6.920e-14
[07-02 12:08:04][INFO] jax_fem: CuDSSNewtonSolver: solve finished in 0.09s  res=1.548e-05
[07-02 12:08:05][DEBUG] jax_fem: CuDSSNewtonSolver: starting Newton loop
[07-02 12:08:05][DEBUG] jax_fem: DeviceProblem: computing Jacobian on device
[07-02 12:08:05][DEBUG] jax_fem: Function split_and_compute_cell took 0.0265 seconds
[07-02 12:08:05][DEBUG] jax_fem: CuDSSNewtonSolver: initial residual = 2.223e+08
[07-02 12:08:05][DEBUG] jax_fem: DeviceProblem: computing Jacobian on device
[07-02 12:08:05][DEBUG] jax_fem: Function split_and_compute_cell took 0.0276 seconds
[07-02 12:08:05][DEBUG] jax_fem: CuDSSNewtonSolver: iter=1  res=1.340e-05  rel=6.029e-14
[07-02 12:08:05][INFO] jax_fem: CuDSSNewtonSolver: solve finished in 0.09s  res=1.340e-05
[07-02 12:08:05][INFO] jax_fem: CuDSS backward: solving adjoint problem …
[07-02 12:08:05][DEBUG] jax_fem: DeviceProblem: computing Jacobian on device
[07-02 12:08:05][DEBUG] jax_fem: Function split_and_compute_cell took 0.0463 seconds
[07-02 12:08:05][DEBUG] jax_fem: Computing cell residual...
[07-02 12:08:05][DEBUG] jax_fem: Function split_and_compute_cell took 0.0709 seconds
[07-02 12:08:05][INFO] jax_fem: CuDSS backward: solving adjoint problem …
[07-02 12:08:05][DEBUG] jax_fem: DeviceProblem: computing Jacobian on device
[07-02 12:08:05][DEBUG] jax_fem: Function split_and_compute_cell took 0.0576 seconds
[07-02 12:08:05][DEBUG] jax_fem: Computing cell residual...
[07-02 12:08:06][DEBUG] jax_fem: Function split_and_compute_cell took 0.0686 seconds
[07-02 12:08:06][INFO] jax_fem: CuDSS backward: solving adjoint problem …
[07-02 12:08:06][DEBUG] jax_fem: DeviceProblem: computing Jacobian on device
[07-02 12:08:06][DEBUG] jax_fem: Function split_and_compute_cell took 0.0407 seconds
[07-02 12:08:06][DEBUG] jax_fem: Computing cell residual...
[07-02 12:08:06][DEBUG] jax_fem: Function split_and_compute_cell took 0.0769 seconds
[07-02 12:08:06][INFO] jax_fem: CuDSS backward: solving adjoint problem …
[07-02 12:08:06][DEBUG] jax_fem: DeviceProblem: computing Jacobian on device
[07-02 12:08:06][DEBUG] jax_fem: Function split_and_compute_cell took 0.0342 seconds
[07-02 12:08:06][DEBUG] jax_fem: Computing cell residual...
[07-02 12:08:06][DEBUG] jax_fem: Function split_and_compute_cell took 0.0610 seconds
[07-02 12:08:07][INFO] jax_fem: CuDSS backward: solving adjoint problem …
[07-02 12:08:07][DEBUG] jax_fem: DeviceProblem: computing Jacobian on device
[07-02 12:08:07][DEBUG] jax_fem: Function split_and_compute_cell took 0.0440 seconds
[07-02 12:08:07][DEBUG] jax_fem: Computing cell residual...
[07-02 12:08:07][DEBUG] jax_fem: Function split_and_compute_cell took 0.0790 seconds
[07-02 12:08:08][DEBUG] jax_fem: CuDSSNewtonSolver: starting Newton loop
[07-02 12:08:08][DEBUG] jax_fem: DeviceProblem: computing Jacobian on device
[07-02 12:08:08][DEBUG] jax_fem: Function split_and_compute_cell took 0.0381 seconds
[07-02 12:08:08][DEBUG] jax_fem: CuDSSNewtonSolver: initial residual = 2.235e+08
[07-02 12:08:08][DEBUG] jax_fem: DeviceProblem: computing Jacobian on device
[07-02 12:08:08][DEBUG] jax_fem: Function split_and_compute_cell took 0.0615 seconds
[07-02 12:08:08][DEBUG] jax_fem: CuDSSNewtonSolver: iter=1  res=1.510e-05  rel=6.756e-14
[07-02 12:08:08][INFO] jax_fem: CuDSSNewtonSolver: solve finished in 0.14s  res=1.510e-05
[07-02 12:08:09][DEBUG] jax_fem: CuDSSNewtonSolver: starting Newton loop
[07-02 12:08:09][DEBUG] jax_fem: DeviceProblem: computing Jacobian on device
[07-02 12:08:09][DEBUG] jax_fem: Function split_and_compute_cell took 0.0419 seconds
[07-02 12:08:09][DEBUG] jax_fem: CuDSSNewtonSolver: initial residual = 2.216e+08
[07-02 12:08:09][DEBUG] jax_fem: DeviceProblem: computing Jacobian on device
[07-02 12:08:09][DEBUG] jax_fem: Function split_and_compute_cell took 0.0307 seconds
[07-02 12:08:09][DEBUG] jax_fem: CuDSSNewtonSolver: iter=1  res=1.609e-05  rel=7.258e-14
[07-02 12:08:09][INFO] jax_fem: CuDSSNewtonSolver: solve finished in 0.11s  res=1.609e-05
[07-02 12:08:09][DEBUG] jax_fem: CuDSSNewtonSolver: starting Newton loop
[07-02 12:08:09][DEBUG] jax_fem: DeviceProblem: computing Jacobian on device
[07-02 12:08:09][DEBUG] jax_fem: Function split_and_compute_cell took 0.0264 seconds
[07-02 12:08:09][DEBUG] jax_fem: CuDSSNewtonSolver: initial residual = 2.211e+08
[07-02 12:08:09][DEBUG] jax_fem: DeviceProblem: computing Jacobian on device
[07-02 12:08:09][DEBUG] jax_fem: Function split_and_compute_cell took 0.0242 seconds
[07-02 12:08:09][DEBUG] jax_fem: CuDSSNewtonSolver: iter=1  res=1.729e-05  rel=7.822e-14
[07-02 12:08:09][INFO] jax_fem: CuDSSNewtonSolver: solve finished in 0.09s  res=1.729e-05
[07-02 12:08:09][DEBUG] jax_fem: CuDSSNewtonSolver: starting Newton loop
[07-02 12:08:09][DEBUG] jax_fem: DeviceProblem: computing Jacobian on device
[07-02 12:08:09][DEBUG] jax_fem: Function split_and_compute_cell took 0.0278 seconds
[07-02 12:08:09][DEBUG] jax_fem: CuDSSNewtonSolver: initial residual = 2.236e+08
[07-02 12:08:09][DEBUG] jax_fem: DeviceProblem: computing Jacobian on device
[07-02 12:08:09][DEBUG] jax_fem: Function split_and_compute_cell took 0.0376 seconds
[07-02 12:08:09][DEBUG] jax_fem: CuDSSNewtonSolver: iter=1  res=1.560e-05  rel=6.975e-14
[07-02 12:08:09][INFO] jax_fem: CuDSSNewtonSolver: solve finished in 0.11s  res=1.560e-05
[07-02 12:08:10][DEBUG] jax_fem: CuDSSNewtonSolver: starting Newton loop
[07-02 12:08:10][DEBUG] jax_fem: DeviceProblem: computing Jacobian on device
[07-02 12:08:10][DEBUG] jax_fem: Function split_and_compute_cell took 0.0321 seconds
[07-02 12:08:10][DEBUG] jax_fem: CuDSSNewtonSolver: initial residual = 2.223e+08
[07-02 12:08:10][DEBUG] jax_fem: DeviceProblem: computing Jacobian on device
[07-02 12:08:10][DEBUG] jax_fem: Function split_and_compute_cell took 0.0241 seconds
[07-02 12:08:10][DEBUG] jax_fem: CuDSSNewtonSolver: iter=1  res=1.296e-05  rel=5.829e-14
[07-02 12:08:10][INFO] jax_fem: CuDSSNewtonSolver: solve finished in 0.10s  res=1.296e-05
[07-02 12:08:11][DEBUG] jax_fem: CuDSSNewtonSolver: starting Newton loop
[07-02 12:08:11][DEBUG] jax_fem: DeviceProblem: computing Jacobian on device
[07-02 12:08:11][DEBUG] jax_fem: Function split_and_compute_cell took 0.0263 seconds
[07-02 12:08:11][DEBUG] jax_fem: CuDSSNewtonSolver: initial residual = 2.235e+08
[07-02 12:08:11][DEBUG] jax_fem: DeviceProblem: computing Jacobian on device
[07-02 12:08:11][DEBUG] jax_fem: Function split_and_compute_cell took 0.0267 seconds
[07-02 12:08:11][DEBUG] jax_fem: CuDSSNewtonSolver: iter=1  res=1.647e-05  rel=7.371e-14
[07-02 12:08:11][INFO] jax_fem: CuDSSNewtonSolver: solve finished in 0.09s  res=1.647e-05
[07-02 12:08:12][DEBUG] jax_fem: CuDSSNewtonSolver: starting Newton loop
[07-02 12:08:12][DEBUG] jax_fem: DeviceProblem: computing Jacobian on device
[07-02 12:08:12][DEBUG] jax_fem: Function split_and_compute_cell took 0.0264 seconds
[07-02 12:08:12][DEBUG] jax_fem: CuDSSNewtonSolver: initial residual = 2.216e+08
[07-02 12:08:12][DEBUG] jax_fem: DeviceProblem: computing Jacobian on device
[07-02 12:08:12][DEBUG] jax_fem: Function split_and_compute_cell took 0.0266 seconds
[07-02 12:08:12][DEBUG] jax_fem: CuDSSNewtonSolver: iter=1  res=1.570e-05  rel=7.086e-14
[07-02 12:08:12][INFO] jax_fem: CuDSSNewtonSolver: solve finished in 0.09s  res=1.570e-05
[07-02 12:08:13][DEBUG] jax_fem: CuDSSNewtonSolver: starting Newton loop
[07-02 12:08:13][DEBUG] jax_fem: DeviceProblem: computing Jacobian on device
[07-02 12:08:13][DEBUG] jax_fem: Function split_and_compute_cell took 0.0260 seconds
[07-02 12:08:13][DEBUG] jax_fem: CuDSSNewtonSolver: initial residual = 2.211e+08
[07-02 12:08:13][DEBUG] jax_fem: DeviceProblem: computing Jacobian on device
[07-02 12:08:13][DEBUG] jax_fem: Function split_and_compute_cell took 0.0253 seconds
[07-02 12:08:13][DEBUG] jax_fem: CuDSSNewtonSolver: iter=1  res=1.624e-05  rel=7.347e-14
[07-02 12:08:13][INFO] jax_fem: CuDSSNewtonSolver: solve finished in 0.09s  res=1.624e-05
[07-02 12:08:13][DEBUG] jax_fem: CuDSSNewtonSolver: starting Newton loop
[07-02 12:08:13][DEBUG] jax_fem: DeviceProblem: computing Jacobian on device
[07-02 12:08:13][DEBUG] jax_fem: Function split_and_compute_cell took 0.0258 seconds
[07-02 12:08:13][DEBUG] jax_fem: CuDSSNewtonSolver: initial residual = 2.236e+08
[07-02 12:08:13][DEBUG] jax_fem: DeviceProblem: computing Jacobian on device
[07-02 12:08:13][DEBUG] jax_fem: Function split_and_compute_cell took 0.0263 seconds
[07-02 12:08:13][DEBUG] jax_fem: CuDSSNewtonSolver: iter=1  res=1.457e-05  rel=6.513e-14
[07-02 12:08:13][INFO] jax_fem: CuDSSNewtonSolver: solve finished in 0.09s  res=1.457e-05
[07-02 12:08:14][DEBUG] jax_fem: CuDSSNewtonSolver: starting Newton loop
[07-02 12:08:14][DEBUG] jax_fem: DeviceProblem: computing Jacobian on device
[07-02 12:08:14][DEBUG] jax_fem: Function split_and_compute_cell took 0.0269 seconds
[07-02 12:08:14][DEBUG] jax_fem: CuDSSNewtonSolver: initial residual = 2.223e+08
[07-02 12:08:14][DEBUG] jax_fem: DeviceProblem: computing Jacobian on device
[07-02 12:08:14][DEBUG] jax_fem: Function split_and_compute_cell took 0.0266 seconds
[07-02 12:08:14][DEBUG] jax_fem: CuDSSNewtonSolver: iter=1  res=1.349e-05  rel=6.066e-14
[07-02 12:08:14][INFO] jax_fem: CuDSSNewtonSolver: solve finished in 0.09s  res=1.349e-05
[07-02 12:08:14][INFO] jax_fem: CuDSS backward: solving adjoint problem …
[07-02 12:08:14][DEBUG] jax_fem: DeviceProblem: computing Jacobian on device
[07-02 12:08:14][DEBUG] jax_fem: Function split_and_compute_cell took 0.0260 seconds
[07-02 12:08:14][DEBUG] jax_fem: Computing cell residual...
[07-02 12:08:14][DEBUG] jax_fem: Function split_and_compute_cell took 0.0523 seconds
[07-02 12:08:14][INFO] jax_fem: CuDSS backward: solving adjoint problem …
[07-02 12:08:14][DEBUG] jax_fem: DeviceProblem: computing Jacobian on device
[07-02 12:08:15][DEBUG] jax_fem: Function split_and_compute_cell took 0.0467 seconds
[07-02 12:08:15][DEBUG] jax_fem: Computing cell residual...
[07-02 12:08:15][DEBUG] jax_fem: Function split_and_compute_cell took 0.0674 seconds
[07-02 12:08:15][INFO] jax_fem: CuDSS backward: solving adjoint problem …
[07-02 12:08:15][DEBUG] jax_fem: DeviceProblem: computing Jacobian on device
[07-02 12:08:15][DEBUG] jax_fem: Function split_and_compute_cell took 0.0326 seconds
[07-02 12:08:15][DEBUG] jax_fem: Computing cell residual...
[07-02 12:08:15][DEBUG] jax_fem: Function split_and_compute_cell took 0.0636 seconds
[07-02 12:08:15][INFO] jax_fem: CuDSS backward: solving adjoint problem …
[07-02 12:08:15][DEBUG] jax_fem: DeviceProblem: computing Jacobian on device
[07-02 12:08:15][DEBUG] jax_fem: Function split_and_compute_cell took 0.0263 seconds
[07-02 12:08:15][DEBUG] jax_fem: Computing cell residual...
[07-02 12:08:15][DEBUG] jax_fem: Function split_and_compute_cell took 0.0617 seconds
[07-02 12:08:16][INFO] jax_fem: CuDSS backward: solving adjoint problem …
[07-02 12:08:16][DEBUG] jax_fem: DeviceProblem: computing Jacobian on device
[07-02 12:08:16][DEBUG] jax_fem: Function split_and_compute_cell took 0.0425 seconds
[07-02 12:08:16][DEBUG] jax_fem: Computing cell residual...
[07-02 12:08:16][DEBUG] jax_fem: Function split_and_compute_cell took 0.0603 seconds
[07-02 12:08:17][DEBUG] jax_fem: CuDSSNewtonSolver: starting Newton loop
[07-02 12:08:17][DEBUG] jax_fem: DeviceProblem: computing Jacobian on device
[07-02 12:08:17][DEBUG] jax_fem: Function split_and_compute_cell took 0.0354 seconds
[07-02 12:08:17][DEBUG] jax_fem: CuDSSNewtonSolver: initial residual = 2.235e+08
[07-02 12:08:17][DEBUG] jax_fem: DeviceProblem: computing Jacobian on device
[07-02 12:08:17][DEBUG] jax_fem: Function split_and_compute_cell took 0.0266 seconds
[07-02 12:08:17][DEBUG] jax_fem: CuDSSNewtonSolver: iter=1  res=1.584e-05  rel=7.086e-14
[07-02 12:08:17][INFO] jax_fem: CuDSSNewtonSolver: solve finished in 0.11s  res=1.584e-05
[07-02 12:08:18][DEBUG] jax_fem: CuDSSNewtonSolver: starting Newton loop
[07-02 12:08:18][DEBUG] jax_fem: DeviceProblem: computing Jacobian on device
[07-02 12:08:18][DEBUG] jax_fem: Function split_and_compute_cell took 0.0335 seconds
[07-02 12:08:18][DEBUG] jax_fem: CuDSSNewtonSolver: initial residual = 2.216e+08
[07-02 12:08:18][DEBUG] jax_fem: DeviceProblem: computing Jacobian on device
[07-02 12:08:18][DEBUG] jax_fem: Function split_and_compute_cell took 0.0440 seconds
[07-02 12:08:18][DEBUG] jax_fem: CuDSSNewtonSolver: iter=1  res=1.470e-05  rel=6.633e-14
[07-02 12:08:18][INFO] jax_fem: CuDSSNewtonSolver: solve finished in 0.12s  res=1.470e-05
[07-02 12:08:18][DEBUG] jax_fem: CuDSSNewtonSolver: starting Newton loop
[07-02 12:08:18][DEBUG] jax_fem: DeviceProblem: computing Jacobian on device
[07-02 12:08:18][DEBUG] jax_fem: Function split_and_compute_cell took 0.0365 seconds
[07-02 12:08:18][DEBUG] jax_fem: CuDSSNewtonSolver: initial residual = 2.211e+08
[07-02 12:08:18][DEBUG] jax_fem: DeviceProblem: computing Jacobian on device
[07-02 12:08:18][DEBUG] jax_fem: Function split_and_compute_cell took 0.0447 seconds
[07-02 12:08:18][DEBUG] jax_fem: CuDSSNewtonSolver: iter=1  res=1.650e-05  rel=7.462e-14
[07-02 12:08:18][INFO] jax_fem: CuDSSNewtonSolver: solve finished in 0.12s  res=1.650e-05
[07-02 12:08:18][DEBUG] jax_fem: CuDSSNewtonSolver: starting Newton loop
[07-02 12:08:18][DEBUG] jax_fem: DeviceProblem: computing Jacobian on device
[07-02 12:08:18][DEBUG] jax_fem: Function split_and_compute_cell took 0.0318 seconds
[07-02 12:08:18][DEBUG] jax_fem: CuDSSNewtonSolver: initial residual = 2.236e+08
[07-02 12:08:18][DEBUG] jax_fem: DeviceProblem: computing Jacobian on device
[07-02 12:08:19][DEBUG] jax_fem: Function split_and_compute_cell took 0.0370 seconds
[07-02 12:08:19][DEBUG] jax_fem: CuDSSNewtonSolver: iter=1  res=1.499e-05  rel=6.700e-14
[07-02 12:08:19][INFO] jax_fem: CuDSSNewtonSolver: solve finished in 0.11s  res=1.499e-05
[07-02 12:08:19][DEBUG] jax_fem: CuDSSNewtonSolver: starting Newton loop
[07-02 12:08:19][DEBUG] jax_fem: DeviceProblem: computing Jacobian on device
[07-02 12:08:19][DEBUG] jax_fem: Function split_and_compute_cell took 0.0282 seconds
[07-02 12:08:19][DEBUG] jax_fem: CuDSSNewtonSolver: initial residual = 2.223e+08
[07-02 12:08:19][DEBUG] jax_fem: DeviceProblem: computing Jacobian on device
[07-02 12:08:19][DEBUG] jax_fem: Function split_and_compute_cell took 0.0444 seconds
[07-02 12:08:19][DEBUG] jax_fem: CuDSSNewtonSolver: iter=1  res=1.303e-05  rel=5.862e-14
[07-02 12:08:19][INFO] jax_fem: CuDSSNewtonSolver: solve finished in 0.11s  res=1.303e-05
[07-02 12:08:20][DEBUG] jax_fem: CuDSSNewtonSolver: starting Newton loop
[07-02 12:08:21][DEBUG] jax_fem: DeviceProblem: computing Jacobian on device
[07-02 12:08:21][DEBUG] jax_fem: Function split_and_compute_cell took 0.0283 seconds
[07-02 12:08:21][DEBUG] jax_fem: CuDSSNewtonSolver: initial residual = 2.235e+08
[07-02 12:08:21][DEBUG] jax_fem: DeviceProblem: computing Jacobian on device
[07-02 12:08:21][DEBUG] jax_fem: Function split_and_compute_cell took 0.0267 seconds
[07-02 12:08:21][DEBUG] jax_fem: CuDSSNewtonSolver: iter=1  res=1.584e-05  rel=7.087e-14
[07-02 12:08:21][INFO] jax_fem: CuDSSNewtonSolver: solve finished in 0.09s  res=1.584e-05
[07-02 12:08:21][DEBUG] jax_fem: CuDSSNewtonSolver: starting Newton loop
[07-02 12:08:21][DEBUG] jax_fem: DeviceProblem: computing Jacobian on device
[07-02 12:08:21][DEBUG] jax_fem: Function split_and_compute_cell took 0.0250 seconds
[07-02 12:08:21][DEBUG] jax_fem: CuDSSNewtonSolver: initial residual = 2.216e+08
[07-02 12:08:21][DEBUG] jax_fem: DeviceProblem: computing Jacobian on device
[07-02 12:08:21][DEBUG] jax_fem: Function split_and_compute_cell took 0.0273 seconds
[07-02 12:08:21][DEBUG] jax_fem: CuDSSNewtonSolver: iter=1  res=1.532e-05  rel=6.912e-14
[07-02 12:08:21][INFO] jax_fem: CuDSSNewtonSolver: solve finished in 0.09s  res=1.532e-05
[07-02 12:08:22][DEBUG] jax_fem: CuDSSNewtonSolver: starting Newton loop
[07-02 12:08:22][DEBUG] jax_fem: DeviceProblem: computing Jacobian on device
[07-02 12:08:22][DEBUG] jax_fem: Function split_and_compute_cell took 0.0257 seconds
[07-02 12:08:22][DEBUG] jax_fem: CuDSSNewtonSolver: initial residual = 2.211e+08
[07-02 12:08:22][DEBUG] jax_fem: DeviceProblem: computing Jacobian on device
[07-02 12:08:22][DEBUG] jax_fem: Function split_and_compute_cell took 0.0268 seconds
[07-02 12:08:22][DEBUG] jax_fem: CuDSSNewtonSolver: iter=1  res=1.697e-05  rel=7.675e-14
[07-02 12:08:22][INFO] jax_fem: CuDSSNewtonSolver: solve finished in 0.09s  res=1.697e-05
[07-02 12:08:22][DEBUG] jax_fem: CuDSSNewtonSolver: starting Newton loop
[07-02 12:08:22][DEBUG] jax_fem: DeviceProblem: computing Jacobian on device
[07-02 12:08:22][DEBUG] jax_fem: Function split_and_compute_cell took 0.0253 seconds
[07-02 12:08:22][DEBUG] jax_fem: CuDSSNewtonSolver: initial residual = 2.236e+08
[07-02 12:08:22][DEBUG] jax_fem: DeviceProblem: computing Jacobian on device
[07-02 12:08:22][DEBUG] jax_fem: Function split_and_compute_cell took 0.0263 seconds
[07-02 12:08:22][DEBUG] jax_fem: CuDSSNewtonSolver: iter=1  res=1.578e-05  rel=7.057e-14
[07-02 12:08:22][INFO] jax_fem: CuDSSNewtonSolver: solve finished in 0.09s  res=1.578e-05
[07-02 12:08:23][DEBUG] jax_fem: CuDSSNewtonSolver: starting Newton loop
[07-02 12:08:23][DEBUG] jax_fem: DeviceProblem: computing Jacobian on device
[07-02 12:08:23][DEBUG] jax_fem: Function split_and_compute_cell took 0.0262 seconds
[07-02 12:08:23][DEBUG] jax_fem: CuDSSNewtonSolver: initial residual = 2.223e+08
[07-02 12:08:23][DEBUG] jax_fem: DeviceProblem: computing Jacobian on device
[07-02 12:08:23][DEBUG] jax_fem: Function split_and_compute_cell took 0.0266 seconds
[07-02 12:08:23][DEBUG] jax_fem: CuDSSNewtonSolver: iter=1  res=1.395e-05  rel=6.275e-14
[07-02 12:08:23][INFO] jax_fem: CuDSSNewtonSolver: solve finished in 0.09s  res=1.395e-05
[07-02 12:08:23][INFO] jax_fem: CuDSS backward: solving adjoint problem …
[07-02 12:08:23][DEBUG] jax_fem: DeviceProblem: computing Jacobian on device
[07-02 12:08:23][DEBUG] jax_fem: Function split_and_compute_cell took 0.0355 seconds
[07-02 12:08:23][DEBUG] jax_fem: Computing cell residual...
[07-02 12:08:23][DEBUG] jax_fem: Function split_and_compute_cell took 0.0613 seconds
[07-02 12:08:23][INFO] jax_fem: CuDSS backward: solving adjoint problem …
[07-02 12:08:23][DEBUG] jax_fem: DeviceProblem: computing Jacobian on device
[07-02 12:08:24][DEBUG] jax_fem: Function split_and_compute_cell took 0.0493 seconds
[07-02 12:08:24][DEBUG] jax_fem: Computing cell residual...
[07-02 12:08:24][DEBUG] jax_fem: Function split_and_compute_cell took 0.0526 seconds
[07-02 12:08:24][INFO] jax_fem: CuDSS backward: solving adjoint problem …
[07-02 12:08:24][DEBUG] jax_fem: DeviceProblem: computing Jacobian on device
[07-02 12:08:24][DEBUG] jax_fem: Function split_and_compute_cell took 0.0259 seconds
[07-02 12:08:24][DEBUG] jax_fem: Computing cell residual...
[07-02 12:08:24][DEBUG] jax_fem: Function split_and_compute_cell took 0.0666 seconds
[07-02 12:08:24][INFO] jax_fem: CuDSS backward: solving adjoint problem …
[07-02 12:08:24][DEBUG] jax_fem: DeviceProblem: computing Jacobian on device
[07-02 12:08:24][DEBUG] jax_fem: Function split_and_compute_cell took 0.0351 seconds
[07-02 12:08:24][DEBUG] jax_fem: Computing cell residual...
[07-02 12:08:24][DEBUG] jax_fem: Function split_and_compute_cell took 0.0657 seconds
[07-02 12:08:25][INFO] jax_fem: CuDSS backward: solving adjoint problem …
[07-02 12:08:25][DEBUG] jax_fem: DeviceProblem: computing Jacobian on device
[07-02 12:08:25][DEBUG] jax_fem: Function split_and_compute_cell took 0.0450 seconds
[07-02 12:08:25][DEBUG] jax_fem: Computing cell residual...
[07-02 12:08:25][DEBUG] jax_fem: Function split_and_compute_cell took 0.0677 seconds
[07-02 12:08:26][DEBUG] jax_fem: CuDSSNewtonSolver: starting Newton loop
[07-02 12:08:26][DEBUG] jax_fem: DeviceProblem: computing Jacobian on device
[07-02 12:08:27][DEBUG] jax_fem: Function split_and_compute_cell took 0.0570 seconds
[07-02 12:08:27][DEBUG] jax_fem: CuDSSNewtonSolver: initial residual = 2.235e+08
[07-02 12:08:27][DEBUG] jax_fem: DeviceProblem: computing Jacobian on device
[07-02 12:08:27][DEBUG] jax_fem: Function split_and_compute_cell took 0.0302 seconds
[07-02 12:08:27][DEBUG] jax_fem: CuDSSNewtonSolver: iter=1  res=1.630e-05  rel=7.295e-14
[07-02 12:08:27][INFO] jax_fem: CuDSSNewtonSolver: solve finished in 0.13s  res=1.630e-05
[07-02 12:08:27][DEBUG] jax_fem: CuDSSNewtonSolver: starting Newton loop
[07-02 12:08:27][DEBUG] jax_fem: DeviceProblem: computing Jacobian on device
[07-02 12:08:27][DEBUG] jax_fem: Function split_and_compute_cell took 0.0382 seconds
[07-02 12:08:27][DEBUG] jax_fem: CuDSSNewtonSolver: initial residual = 2.216e+08
[07-02 12:08:27][DEBUG] jax_fem: DeviceProblem: computing Jacobian on device
[07-02 12:08:27][DEBUG] jax_fem: Function split_and_compute_cell took 0.0437 seconds
[07-02 12:08:27][DEBUG] jax_fem: CuDSSNewtonSolver: iter=1  res=1.550e-05  rel=6.996e-14
[07-02 12:08:27][INFO] jax_fem: CuDSSNewtonSolver: solve finished in 0.12s  res=1.550e-05
[07-02 12:08:27][DEBUG] jax_fem: CuDSSNewtonSolver: starting Newton loop
[07-02 12:08:27][DEBUG] jax_fem: DeviceProblem: computing Jacobian on device
[07-02 12:08:27][DEBUG] jax_fem: Function split_and_compute_cell took 0.0326 seconds
[07-02 12:08:27][DEBUG] jax_fem: CuDSSNewtonSolver: initial residual = 2.211e+08
[07-02 12:08:27][DEBUG] jax_fem: DeviceProblem: computing Jacobian on device
[07-02 12:08:27][DEBUG] jax_fem: Function split_and_compute_cell took 0.0237 seconds
[07-02 12:08:27][DEBUG] jax_fem: CuDSSNewtonSolver: iter=1  res=1.634e-05  rel=7.394e-14
[07-02 12:08:27][INFO] jax_fem: CuDSSNewtonSolver: solve finished in 0.09s  res=1.634e-05
[07-02 12:08:28][DEBUG] jax_fem: CuDSSNewtonSolver: starting Newton loop
[07-02 12:08:28][DEBUG] jax_fem: DeviceProblem: computing Jacobian on device
[07-02 12:08:28][DEBUG] jax_fem: Function split_and_compute_cell took 0.0268 seconds
[07-02 12:08:28][DEBUG] jax_fem: CuDSSNewtonSolver: initial residual = 2.236e+08
[07-02 12:08:28][DEBUG] jax_fem: DeviceProblem: computing Jacobian on device
[07-02 12:08:28][DEBUG] jax_fem: Function split_and_compute_cell took 0.0364 seconds
[07-02 12:08:28][DEBUG] jax_fem: CuDSSNewtonSolver: iter=1  res=1.630e-05  rel=7.289e-14
[07-02 12:08:28][INFO] jax_fem: CuDSSNewtonSolver: solve finished in 0.10s  res=1.630e-05
[07-02 12:08:28][DEBUG] jax_fem: CuDSSNewtonSolver: starting Newton loop
[07-02 12:08:28][DEBUG] jax_fem: DeviceProblem: computing Jacobian on device
[07-02 12:08:28][DEBUG] jax_fem: Function split_and_compute_cell took 0.0235 seconds
[07-02 12:08:28][DEBUG] jax_fem: CuDSSNewtonSolver: initial residual = 2.223e+08
[07-02 12:08:28][DEBUG] jax_fem: DeviceProblem: computing Jacobian on device
[07-02 12:08:28][DEBUG] jax_fem: Function split_and_compute_cell took 0.0342 seconds
[07-02 12:08:28][DEBUG] jax_fem: CuDSSNewtonSolver: iter=1  res=1.423e-05  rel=6.399e-14
[07-02 12:08:28][INFO] jax_fem: CuDSSNewtonSolver: solve finished in 0.10s  res=1.423e-05
[07-02 12:08:30][DEBUG] jax_fem: CuDSSNewtonSolver: starting Newton loop
[07-02 12:08:30][DEBUG] jax_fem: DeviceProblem: computing Jacobian on device
[07-02 12:08:30][DEBUG] jax_fem: Function split_and_compute_cell took 0.0271 seconds
[07-02 12:08:30][DEBUG] jax_fem: CuDSSNewtonSolver: initial residual = 2.235e+08
[07-02 12:08:30][DEBUG] jax_fem: DeviceProblem: computing Jacobian on device
[07-02 12:08:30][DEBUG] jax_fem: Function split_and_compute_cell took 0.0271 seconds
[07-02 12:08:30][DEBUG] jax_fem: CuDSSNewtonSolver: iter=1  res=1.568e-05  rel=7.018e-14
[07-02 12:08:30][INFO] jax_fem: CuDSSNewtonSolver: solve finished in 0.09s  res=1.568e-05
[07-02 12:08:30][DEBUG] jax_fem: CuDSSNewtonSolver: starting Newton loop
[07-02 12:08:30][DEBUG] jax_fem: DeviceProblem: computing Jacobian on device
[07-02 12:08:30][DEBUG] jax_fem: Function split_and_compute_cell took 0.0274 seconds
[07-02 12:08:30][DEBUG] jax_fem: CuDSSNewtonSolver: initial residual = 2.216e+08
[07-02 12:08:30][DEBUG] jax_fem: DeviceProblem: computing Jacobian on device
[07-02 12:08:30][DEBUG] jax_fem: Function split_and_compute_cell took 0.0266 seconds
[07-02 12:08:30][DEBUG] jax_fem: CuDSSNewtonSolver: iter=1  res=1.476e-05  rel=6.659e-14
[07-02 12:08:30][INFO] jax_fem: CuDSSNewtonSolver: solve finished in 0.09s  res=1.476e-05
[07-02 12:08:31][DEBUG] jax_fem: CuDSSNewtonSolver: starting Newton loop
[07-02 12:08:31][DEBUG] jax_fem: DeviceProblem: computing Jacobian on device
[07-02 12:08:31][DEBUG] jax_fem: Function split_and_compute_cell took 0.0262 seconds
[07-02 12:08:31][DEBUG] jax_fem: CuDSSNewtonSolver: initial residual = 2.211e+08
[07-02 12:08:31][DEBUG] jax_fem: DeviceProblem: computing Jacobian on device
[07-02 12:08:31][DEBUG] jax_fem: Function split_and_compute_cell took 0.0266 seconds
[07-02 12:08:31][DEBUG] jax_fem: CuDSSNewtonSolver: iter=1  res=1.623e-05  rel=7.343e-14
[07-02 12:08:31][INFO] jax_fem: CuDSSNewtonSolver: solve finished in 0.09s  res=1.623e-05
[07-02 12:08:31][DEBUG] jax_fem: CuDSSNewtonSolver: starting Newton loop
[07-02 12:08:31][DEBUG] jax_fem: DeviceProblem: computing Jacobian on device
[07-02 12:08:32][DEBUG] jax_fem: Function split_and_compute_cell took 0.0280 seconds
[07-02 12:08:32][DEBUG] jax_fem: CuDSSNewtonSolver: initial residual = 2.236e+08
[07-02 12:08:32][DEBUG] jax_fem: DeviceProblem: computing Jacobian on device
[07-02 12:08:32][DEBUG] jax_fem: Function split_and_compute_cell took 0.0278 seconds
[07-02 12:08:32][DEBUG] jax_fem: CuDSSNewtonSolver: iter=1  res=1.466e-05  rel=6.554e-14
[07-02 12:08:32][INFO] jax_fem: CuDSSNewtonSolver: solve finished in 0.09s  res=1.466e-05
[07-02 12:08:32][DEBUG] jax_fem: CuDSSNewtonSolver: starting Newton loop
[07-02 12:08:32][DEBUG] jax_fem: DeviceProblem: computing Jacobian on device
[07-02 12:08:32][DEBUG] jax_fem: Function split_and_compute_cell took 0.0265 seconds
[07-02 12:08:32][DEBUG] jax_fem: CuDSSNewtonSolver: initial residual = 2.223e+08
[07-02 12:08:32][DEBUG] jax_fem: DeviceProblem: computing Jacobian on device
[07-02 12:08:32][DEBUG] jax_fem: Function split_and_compute_cell took 0.0266 seconds
[07-02 12:08:32][DEBUG] jax_fem: CuDSSNewtonSolver: iter=1  res=1.336e-05  rel=6.008e-14
[07-02 12:08:32][INFO] jax_fem: CuDSSNewtonSolver: solve finished in 0.09s  res=1.336e-05
[07-02 12:08:32][INFO] jax_fem: CuDSS backward: solving adjoint problem …
[07-02 12:08:32][DEBUG] jax_fem: DeviceProblem: computing Jacobian on device
[07-02 12:08:32][DEBUG] jax_fem: Function split_and_compute_cell took 0.0425 seconds
[07-02 12:08:32][DEBUG] jax_fem: Computing cell residual...
[07-02 12:08:32][DEBUG] jax_fem: Function split_and_compute_cell took 0.0694 seconds
[07-02 12:08:33][INFO] jax_fem: CuDSS backward: solving adjoint problem …
[07-02 12:08:33][DEBUG] jax_fem: DeviceProblem: computing Jacobian on device
[07-02 12:08:33][DEBUG] jax_fem: Function split_and_compute_cell took 0.0435 seconds
[07-02 12:08:33][DEBUG] jax_fem: Computing cell residual...
[07-02 12:08:33][DEBUG] jax_fem: Function split_and_compute_cell took 0.0676 seconds
[07-02 12:08:33][INFO] jax_fem: CuDSS backward: solving adjoint problem …
[07-02 12:08:33][DEBUG] jax_fem: DeviceProblem: computing Jacobian on device
[07-02 12:08:33][DEBUG] jax_fem: Function split_and_compute_cell took 0.0329 seconds
[07-02 12:08:33][DEBUG] jax_fem: Computing cell residual...
[07-02 12:08:33][DEBUG] jax_fem: Function split_and_compute_cell took 0.0527 seconds
[07-02 12:08:33][INFO] jax_fem: CuDSS backward: solving adjoint problem …
[07-02 12:08:33][DEBUG] jax_fem: DeviceProblem: computing Jacobian on device
[07-02 12:08:33][DEBUG] jax_fem: Function split_and_compute_cell took 0.0311 seconds
[07-02 12:08:33][DEBUG] jax_fem: Computing cell residual...
[07-02 12:08:34][DEBUG] jax_fem: Function split_and_compute_cell took 0.0641 seconds
[07-02 12:08:34][INFO] jax_fem: CuDSS backward: solving adjoint problem …
[07-02 12:08:34][DEBUG] jax_fem: DeviceProblem: computing Jacobian on device
[07-02 12:08:34][DEBUG] jax_fem: Function split_and_compute_cell took 0.0409 seconds
[07-02 12:08:34][DEBUG] jax_fem: Computing cell residual...
[07-02 12:08:34][DEBUG] jax_fem: Function split_and_compute_cell took 0.0700 seconds
[07-02 12:08:35][DEBUG] jax_fem: CuDSSNewtonSolver: starting Newton loop
[07-02 12:08:35][DEBUG] jax_fem: DeviceProblem: computing Jacobian on device
[07-02 12:08:35][DEBUG] jax_fem: Function split_and_compute_cell took 0.0391 seconds
[07-02 12:08:35][DEBUG] jax_fem: CuDSSNewtonSolver: initial residual = 2.235e+08
[07-02 12:08:35][DEBUG] jax_fem: DeviceProblem: computing Jacobian on device
[07-02 12:08:35][DEBUG] jax_fem: Function split_and_compute_cell took 0.0289 seconds
[07-02 12:08:35][DEBUG] jax_fem: CuDSSNewtonSolver: iter=1  res=1.487e-05  rel=6.656e-14
[07-02 12:08:35][INFO] jax_fem: CuDSSNewtonSolver: solve finished in 0.11s  res=1.487e-05
[07-02 12:08:36][DEBUG] jax_fem: CuDSSNewtonSolver: starting Newton loop
[07-02 12:08:36][DEBUG] jax_fem: DeviceProblem: computing Jacobian on device
[07-02 12:08:36][DEBUG] jax_fem: Function split_and_compute_cell took 0.0248 seconds
[07-02 12:08:36][DEBUG] jax_fem: CuDSSNewtonSolver: initial residual = 2.216e+08
[07-02 12:08:36][DEBUG] jax_fem: DeviceProblem: computing Jacobian on device
[07-02 12:08:36][DEBUG] jax_fem: Function split_and_compute_cell took 0.0244 seconds
[07-02 12:08:36][DEBUG] jax_fem: CuDSSNewtonSolver: iter=1  res=1.535e-05  rel=6.926e-14
[07-02 12:08:36][INFO] jax_fem: CuDSSNewtonSolver: solve finished in 0.09s  res=1.535e-05
[07-02 12:08:36][DEBUG] jax_fem: CuDSSNewtonSolver: starting Newton loop
[07-02 12:08:36][DEBUG] jax_fem: DeviceProblem: computing Jacobian on device
[07-02 12:08:36][DEBUG] jax_fem: Function split_and_compute_cell took 0.0311 seconds
[07-02 12:08:36][DEBUG] jax_fem: CuDSSNewtonSolver: initial residual = 2.211e+08
[07-02 12:08:36][DEBUG] jax_fem: DeviceProblem: computing Jacobian on device
[07-02 12:08:36][DEBUG] jax_fem: Function split_and_compute_cell took 0.0266 seconds
[07-02 12:08:36][DEBUG] jax_fem: CuDSSNewtonSolver: iter=1  res=1.655e-05  rel=7.488e-14
[07-02 12:08:36][INFO] jax_fem: CuDSSNewtonSolver: solve finished in 0.10s  res=1.655e-05
[07-02 12:08:36][DEBUG] jax_fem: CuDSSNewtonSolver: starting Newton loop
[07-02 12:08:36][DEBUG] jax_fem: DeviceProblem: computing Jacobian on device
[07-02 12:08:36][DEBUG] jax_fem: Function split_and_compute_cell took 0.0505 seconds
[07-02 12:08:36][DEBUG] jax_fem: CuDSSNewtonSolver: initial residual = 2.236e+08
[07-02 12:08:36][DEBUG] jax_fem: DeviceProblem: computing Jacobian on device
[07-02 12:08:36][DEBUG] jax_fem: Function split_and_compute_cell took 0.0546 seconds
[07-02 12:08:36][DEBUG] jax_fem: CuDSSNewtonSolver: iter=1  res=1.489e-05  rel=6.657e-14
[07-02 12:08:36][INFO] jax_fem: CuDSSNewtonSolver: solve finished in 0.15s  res=1.489e-05
[07-02 12:08:37][DEBUG] jax_fem: CuDSSNewtonSolver: starting Newton loop
[07-02 12:08:37][DEBUG] jax_fem: DeviceProblem: computing Jacobian on device
[07-02 12:08:37][DEBUG] jax_fem: Function split_and_compute_cell took 0.0373 seconds
[07-02 12:08:37][DEBUG] jax_fem: CuDSSNewtonSolver: initial residual = 2.223e+08
[07-02 12:08:37][DEBUG] jax_fem: DeviceProblem: computing Jacobian on device
[07-02 12:08:37][DEBUG] jax_fem: Function split_and_compute_cell took 0.0357 seconds
[07-02 12:08:37][DEBUG] jax_fem: CuDSSNewtonSolver: iter=1  res=1.331e-05  rel=5.989e-14
[07-02 12:08:37][INFO] jax_fem: CuDSSNewtonSolver: solve finished in 0.12s  res=1.331e-05
[07-02 12:08:39][DEBUG] jax_fem: CuDSSNewtonSolver: starting Newton loop
[07-02 12:08:39][DEBUG] jax_fem: DeviceProblem: computing Jacobian on device
[07-02 12:08:39][DEBUG] jax_fem: Function split_and_compute_cell took 0.0258 seconds
[07-02 12:08:39][DEBUG] jax_fem: CuDSSNewtonSolver: initial residual = 2.235e+08
[07-02 12:08:39][DEBUG] jax_fem: DeviceProblem: computing Jacobian on device
[07-02 12:08:39][DEBUG] jax_fem: Function split_and_compute_cell took 0.0261 seconds
[07-02 12:08:39][DEBUG] jax_fem: CuDSSNewtonSolver: iter=1  res=1.541e-05  rel=6.897e-14
[07-02 12:08:39][INFO] jax_fem: CuDSSNewtonSolver: solve finished in 0.09s  res=1.541e-05
[07-02 12:08:39][DEBUG] jax_fem: CuDSSNewtonSolver: starting Newton loop
[07-02 12:08:39][DEBUG] jax_fem: DeviceProblem: computing Jacobian on device
[07-02 12:08:39][DEBUG] jax_fem: Function split_and_compute_cell took 0.0283 seconds
[07-02 12:08:39][DEBUG] jax_fem: CuDSSNewtonSolver: initial residual = 2.216e+08
[07-02 12:08:39][DEBUG] jax_fem: DeviceProblem: computing Jacobian on device
[07-02 12:08:39][DEBUG] jax_fem: Function split_and_compute_cell took 0.0266 seconds
[07-02 12:08:39][DEBUG] jax_fem: CuDSSNewtonSolver: iter=1  res=1.600e-05  rel=7.221e-14
[07-02 12:08:39][INFO] jax_fem: CuDSSNewtonSolver: solve finished in 0.09s  res=1.600e-05
[07-02 12:08:40][DEBUG] jax_fem: CuDSSNewtonSolver: starting Newton loop
[07-02 12:08:40][DEBUG] jax_fem: DeviceProblem: computing Jacobian on device
[07-02 12:08:40][DEBUG] jax_fem: Function split_and_compute_cell took 0.0281 seconds
[07-02 12:08:40][DEBUG] jax_fem: CuDSSNewtonSolver: initial residual = 2.211e+08
[07-02 12:08:40][DEBUG] jax_fem: DeviceProblem: computing Jacobian on device
[07-02 12:08:40][DEBUG] jax_fem: Function split_and_compute_cell took 0.0271 seconds
[07-02 12:08:40][DEBUG] jax_fem: CuDSSNewtonSolver: iter=1  res=1.640e-05  rel=7.418e-14
[07-02 12:08:40][INFO] jax_fem: CuDSSNewtonSolver: solve finished in 0.09s  res=1.640e-05
[07-02 12:08:40][DEBUG] jax_fem: CuDSSNewtonSolver: starting Newton loop
[07-02 12:08:40][DEBUG] jax_fem: DeviceProblem: computing Jacobian on device
[07-02 12:08:40][DEBUG] jax_fem: Function split_and_compute_cell took 0.0270 seconds
[07-02 12:08:41][DEBUG] jax_fem: CuDSSNewtonSolver: initial residual = 2.236e+08
[07-02 12:08:41][DEBUG] jax_fem: DeviceProblem: computing Jacobian on device
[07-02 12:08:41][DEBUG] jax_fem: Function split_and_compute_cell took 0.0265 seconds
[07-02 12:08:41][DEBUG] jax_fem: CuDSSNewtonSolver: iter=1  res=1.550e-05  rel=6.933e-14
[07-02 12:08:41][INFO] jax_fem: CuDSSNewtonSolver: solve finished in 0.09s  res=1.550e-05
[07-02 12:08:41][DEBUG] jax_fem: CuDSSNewtonSolver: starting Newton loop
[07-02 12:08:41][DEBUG] jax_fem: DeviceProblem: computing Jacobian on device
[07-02 12:08:41][DEBUG] jax_fem: Function split_and_compute_cell took 0.0261 seconds
[07-02 12:08:41][DEBUG] jax_fem: CuDSSNewtonSolver: initial residual = 2.223e+08
[07-02 12:08:41][DEBUG] jax_fem: DeviceProblem: computing Jacobian on device
[07-02 12:08:41][DEBUG] jax_fem: Function split_and_compute_cell took 0.0271 seconds
[07-02 12:08:41][DEBUG] jax_fem: CuDSSNewtonSolver: iter=1  res=1.351e-05  rel=6.075e-14
[07-02 12:08:41][INFO] jax_fem: CuDSSNewtonSolver: solve finished in 0.09s  res=1.351e-05
[07-02 12:08:41][INFO] jax_fem: CuDSS backward: solving adjoint problem …
[07-02 12:08:41][DEBUG] jax_fem: DeviceProblem: computing Jacobian on device
[07-02 12:08:41][DEBUG] jax_fem: Function split_and_compute_cell took 0.0354 seconds
[07-02 12:08:41][DEBUG] jax_fem: Computing cell residual...
[07-02 12:08:41][DEBUG] jax_fem: Function split_and_compute_cell took 0.0632 seconds
[07-02 12:08:42][INFO] jax_fem: CuDSS backward: solving adjoint problem …
[07-02 12:08:42][DEBUG] jax_fem: DeviceProblem: computing Jacobian on device
[07-02 12:08:42][DEBUG] jax_fem: Function split_and_compute_cell took 0.0347 seconds
[07-02 12:08:42][DEBUG] jax_fem: Computing cell residual...
[07-02 12:08:42][DEBUG] jax_fem: Function split_and_compute_cell took 0.0619 seconds
[07-02 12:08:42][INFO] jax_fem: CuDSS backward: solving adjoint problem …
[07-02 12:08:42][DEBUG] jax_fem: DeviceProblem: computing Jacobian on device
[07-02 12:08:42][DEBUG] jax_fem: Function split_and_compute_cell took 0.0440 seconds
[07-02 12:08:42][DEBUG] jax_fem: Computing cell residual...
[07-02 12:08:42][DEBUG] jax_fem: Function split_and_compute_cell took 0.0653 seconds
[07-02 12:08:42][INFO] jax_fem: CuDSS backward: solving adjoint problem …
[07-02 12:08:42][DEBUG] jax_fem: DeviceProblem: computing Jacobian on device
[07-02 12:08:42][DEBUG] jax_fem: Function split_and_compute_cell took 0.0586 seconds
[07-02 12:08:42][DEBUG] jax_fem: Computing cell residual...
[07-02 12:08:43][DEBUG] jax_fem: Function split_and_compute_cell took 0.0758 seconds
[07-02 12:08:43][INFO] jax_fem: CuDSS backward: solving adjoint problem …
[07-02 12:08:43][DEBUG] jax_fem: DeviceProblem: computing Jacobian on device
[07-02 12:08:43][DEBUG] jax_fem: Function split_and_compute_cell took 0.0473 seconds
[07-02 12:08:43][DEBUG] jax_fem: Computing cell residual...
[07-02 12:08:43][DEBUG] jax_fem: Function split_and_compute_cell took 0.0732 seconds
[07-02 12:08:44][DEBUG] jax_fem: CuDSSNewtonSolver: starting Newton loop
[07-02 12:08:44][DEBUG] jax_fem: DeviceProblem: computing Jacobian on device
[07-02 12:08:44][DEBUG] jax_fem: Function split_and_compute_cell took 0.0282 seconds
[07-02 12:08:44][DEBUG] jax_fem: CuDSSNewtonSolver: initial residual = 2.235e+08
[07-02 12:08:44][DEBUG] jax_fem: DeviceProblem: computing Jacobian on device
[07-02 12:08:44][DEBUG] jax_fem: Function split_and_compute_cell took 0.0380 seconds
[07-02 12:08:44][DEBUG] jax_fem: CuDSSNewtonSolver: iter=1  res=1.520e-05  rel=6.802e-14
[07-02 12:08:44][INFO] jax_fem: CuDSSNewtonSolver: solve finished in 0.11s  res=1.520e-05
[07-02 12:08:45][DEBUG] jax_fem: CuDSSNewtonSolver: starting Newton loop
[07-02 12:08:45][DEBUG] jax_fem: DeviceProblem: computing Jacobian on device
[07-02 12:08:45][DEBUG] jax_fem: Function split_and_compute_cell took 0.0550 seconds
[07-02 12:08:45][DEBUG] jax_fem: CuDSSNewtonSolver: initial residual = 2.216e+08
[07-02 12:08:45][DEBUG] jax_fem: DeviceProblem: computing Jacobian on device
[07-02 12:08:45][DEBUG] jax_fem: Function split_and_compute_cell took 0.0458 seconds
[07-02 12:08:45][DEBUG] jax_fem: CuDSSNewtonSolver: iter=1  res=1.443e-05  rel=6.510e-14
[07-02 12:08:45][INFO] jax_fem: CuDSSNewtonSolver: solve finished in 0.14s  res=1.443e-05
[07-02 12:08:45][DEBUG] jax_fem: CuDSSNewtonSolver: starting Newton loop
[07-02 12:08:45][DEBUG] jax_fem: DeviceProblem: computing Jacobian on device
[07-02 12:08:45][DEBUG] jax_fem: Function split_and_compute_cell took 0.0483 seconds
[07-02 12:08:45][DEBUG] jax_fem: CuDSSNewtonSolver: initial residual = 2.211e+08
[07-02 12:08:45][DEBUG] jax_fem: DeviceProblem: computing Jacobian on device
[07-02 12:08:45][DEBUG] jax_fem: Function split_and_compute_cell took 0.0541 seconds
[07-02 12:08:45][DEBUG] jax_fem: CuDSSNewtonSolver: iter=1  res=1.602e-05  rel=7.247e-14
[07-02 12:08:45][INFO] jax_fem: CuDSSNewtonSolver: solve finished in 0.15s  res=1.602e-05
[07-02 12:08:46][DEBUG] jax_fem: CuDSSNewtonSolver: starting Newton loop
[07-02 12:08:46][DEBUG] jax_fem: DeviceProblem: computing Jacobian on device
[07-02 12:08:46][DEBUG] jax_fem: Function split_and_compute_cell took 0.0478 seconds
[07-02 12:08:46][DEBUG] jax_fem: CuDSSNewtonSolver: initial residual = 2.236e+08
[07-02 12:08:46][DEBUG] jax_fem: DeviceProblem: computing Jacobian on device
[07-02 12:08:46][DEBUG] jax_fem: Function split_and_compute_cell took 0.0491 seconds
[07-02 12:08:46][DEBUG] jax_fem: CuDSSNewtonSolver: iter=1  res=1.485e-05  rel=6.641e-14
[07-02 12:08:46][INFO] jax_fem: CuDSSNewtonSolver: solve finished in 0.13s  res=1.485e-05
[07-02 12:08:46][DEBUG] jax_fem: CuDSSNewtonSolver: starting Newton loop
[07-02 12:08:46][DEBUG] jax_fem: DeviceProblem: computing Jacobian on device
[07-02 12:08:46][DEBUG] jax_fem: Function split_and_compute_cell took 0.0329 seconds
[07-02 12:08:46][DEBUG] jax_fem: CuDSSNewtonSolver: initial residual = 2.223e+08
[07-02 12:08:46][DEBUG] jax_fem: DeviceProblem: computing Jacobian on device
[07-02 12:08:46][DEBUG] jax_fem: Function split_and_compute_cell took 0.0574 seconds
[07-02 12:08:46][DEBUG] jax_fem: CuDSSNewtonSolver: iter=1  res=1.319e-05  rel=5.931e-14
[07-02 12:08:46][INFO] jax_fem: CuDSSNewtonSolver: solve finished in 0.13s  res=1.319e-05
[07-02 12:08:48][DEBUG] jax_fem: CuDSSNewtonSolver: starting Newton loop
[07-02 12:08:48][DEBUG] jax_fem: DeviceProblem: computing Jacobian on device
[07-02 12:08:48][DEBUG] jax_fem: Function split_and_compute_cell took 0.0267 seconds
[07-02 12:08:48][DEBUG] jax_fem: CuDSSNewtonSolver: initial residual = 2.235e+08
[07-02 12:08:48][DEBUG] jax_fem: DeviceProblem: computing Jacobian on device
[07-02 12:08:48][DEBUG] jax_fem: Function split_and_compute_cell took 0.0268 seconds
[07-02 12:08:48][DEBUG] jax_fem: CuDSSNewtonSolver: iter=1  res=1.504e-05  rel=6.728e-14
[07-02 12:08:48][INFO] jax_fem: CuDSSNewtonSolver: solve finished in 0.09s  res=1.504e-05
[07-02 12:08:48][DEBUG] jax_fem: CuDSSNewtonSolver: starting Newton loop
[07-02 12:08:48][DEBUG] jax_fem: DeviceProblem: computing Jacobian on device
[07-02 12:08:48][DEBUG] jax_fem: Function split_and_compute_cell took 0.0253 seconds
[07-02 12:08:48][DEBUG] jax_fem: CuDSSNewtonSolver: initial residual = 2.216e+08
[07-02 12:08:48][DEBUG] jax_fem: DeviceProblem: computing Jacobian on device
[07-02 12:08:48][DEBUG] jax_fem: Function split_and_compute_cell took 0.0246 seconds
[07-02 12:08:48][DEBUG] jax_fem: CuDSSNewtonSolver: iter=1  res=1.507e-05  rel=6.798e-14
[07-02 12:08:48][INFO] jax_fem: CuDSSNewtonSolver: solve finished in 0.08s  res=1.507e-05
[07-02 12:08:49][DEBUG] jax_fem: CuDSSNewtonSolver: starting Newton loop
[07-02 12:08:49][DEBUG] jax_fem: DeviceProblem: computing Jacobian on device
[07-02 12:08:49][DEBUG] jax_fem: Function split_and_compute_cell took 0.0270 seconds
[07-02 12:08:49][DEBUG] jax_fem: CuDSSNewtonSolver: initial residual = 2.211e+08
[07-02 12:08:49][DEBUG] jax_fem: DeviceProblem: computing Jacobian on device
[07-02 12:08:49][DEBUG] jax_fem: Function split_and_compute_cell took 0.0257 seconds
[07-02 12:08:49][DEBUG] jax_fem: CuDSSNewtonSolver: iter=1  res=1.651e-05  rel=7.468e-14
[07-02 12:08:49][INFO] jax_fem: CuDSSNewtonSolver: solve finished in 0.09s  res=1.651e-05
[07-02 12:08:50][DEBUG] jax_fem: CuDSSNewtonSolver: starting Newton loop
[07-02 12:08:50][DEBUG] jax_fem: DeviceProblem: computing Jacobian on device
[07-02 12:08:50][DEBUG] jax_fem: Function split_and_compute_cell took 0.0264 seconds
[07-02 12:08:50][DEBUG] jax_fem: CuDSSNewtonSolver: initial residual = 2.236e+08
[07-02 12:08:50][DEBUG] jax_fem: DeviceProblem: computing Jacobian on device
[07-02 12:08:50][DEBUG] jax_fem: Function split_and_compute_cell took 0.0267 seconds
[07-02 12:08:50][DEBUG] jax_fem: CuDSSNewtonSolver: iter=1  res=1.472e-05  rel=6.582e-14
[07-02 12:08:50][INFO] jax_fem: CuDSSNewtonSolver: solve finished in 0.09s  res=1.472e-05
[07-02 12:08:50][DEBUG] jax_fem: CuDSSNewtonSolver: starting Newton loop
[07-02 12:08:50][DEBUG] jax_fem: DeviceProblem: computing Jacobian on device
[07-02 12:08:50][DEBUG] jax_fem: Function split_and_compute_cell took 0.0286 seconds
[07-02 12:08:50][DEBUG] jax_fem: CuDSSNewtonSolver: initial residual = 2.223e+08
[07-02 12:08:50][DEBUG] jax_fem: DeviceProblem: computing Jacobian on device
[07-02 12:08:50][DEBUG] jax_fem: Function split_and_compute_cell took 0.0264 seconds
[07-02 12:08:50][DEBUG] jax_fem: CuDSSNewtonSolver: iter=1  res=1.251e-05  rel=5.628e-14
[07-02 12:08:50][INFO] jax_fem: CuDSSNewtonSolver: solve finished in 0.09s  res=1.251e-05
[07-02 12:08:50][INFO] jax_fem: CuDSS backward: solving adjoint problem …
[07-02 12:08:50][DEBUG] jax_fem: DeviceProblem: computing Jacobian on device
[07-02 12:08:50][DEBUG] jax_fem: Function split_and_compute_cell took 0.0481 seconds
[07-02 12:08:51][DEBUG] jax_fem: Computing cell residual...
[07-02 12:08:51][DEBUG] jax_fem: Function split_and_compute_cell took 0.0770 seconds
[07-02 12:08:51][INFO] jax_fem: CuDSS backward: solving adjoint problem …
[07-02 12:08:51][DEBUG] jax_fem: DeviceProblem: computing Jacobian on device
[07-02 12:08:51][DEBUG] jax_fem: Function split_and_compute_cell took 0.0290 seconds
[07-02 12:08:51][DEBUG] jax_fem: Computing cell residual...
[07-02 12:08:51][DEBUG] jax_fem: Function split_and_compute_cell took 0.0557 seconds
[07-02 12:08:51][INFO] jax_fem: CuDSS backward: solving adjoint problem …
[07-02 12:08:51][DEBUG] jax_fem: DeviceProblem: computing Jacobian on device
[07-02 12:08:51][DEBUG] jax_fem: Function split_and_compute_cell took 0.0370 seconds
[07-02 12:08:51][DEBUG] jax_fem: Computing cell residual...
[07-02 12:08:51][DEBUG] jax_fem: Function split_and_compute_cell took 0.0536 seconds
[07-02 12:08:52][INFO] jax_fem: CuDSS backward: solving adjoint problem …
[07-02 12:08:52][DEBUG] jax_fem: DeviceProblem: computing Jacobian on device
[07-02 12:08:52][DEBUG] jax_fem: Function split_and_compute_cell took 0.0416 seconds
[07-02 12:08:52][DEBUG] jax_fem: Computing cell residual...
[07-02 12:08:52][DEBUG] jax_fem: Function split_and_compute_cell took 0.0567 seconds
[07-02 12:08:52][INFO] jax_fem: CuDSS backward: solving adjoint problem …
[07-02 12:08:52][DEBUG] jax_fem: DeviceProblem: computing Jacobian on device
[07-02 12:08:52][DEBUG] jax_fem: Function split_and_compute_cell took 0.0385 seconds
[07-02 12:08:52][DEBUG] jax_fem: Computing cell residual...
[07-02 12:08:52][DEBUG] jax_fem: Function split_and_compute_cell took 0.0627 seconds
[07-02 12:08:54][DEBUG] jax_fem: CuDSSNewtonSolver: starting Newton loop
[07-02 12:08:54][DEBUG] jax_fem: DeviceProblem: computing Jacobian on device
[07-02 12:08:54][DEBUG] jax_fem: Function split_and_compute_cell took 0.0277 seconds
[07-02 12:08:54][DEBUG] jax_fem: CuDSSNewtonSolver: initial residual = 2.233e+08
[07-02 12:08:54][DEBUG] jax_fem: DeviceProblem: computing Jacobian on device
[07-02 12:08:54][DEBUG] jax_fem: Function split_and_compute_cell took 0.0234 seconds
[07-02 12:08:54][DEBUG] jax_fem: CuDSSNewtonSolver: iter=1  res=1.542e-05  rel=6.908e-14
[07-02 12:08:54][INFO] jax_fem: CuDSSNewtonSolver: solve finished in 0.09s  res=1.542e-05
[07-02 12:08:54][DEBUG] jax_fem: CuDSSNewtonSolver: starting Newton loop
[07-02 12:08:54][DEBUG] jax_fem: DeviceProblem: computing Jacobian on device
[07-02 12:08:54][DEBUG] jax_fem: Function split_and_compute_cell took 0.0335 seconds
[07-02 12:08:54][DEBUG] jax_fem: CuDSSNewtonSolver: initial residual = 2.214e+08
[07-02 12:08:54][DEBUG] jax_fem: DeviceProblem: computing Jacobian on device
[07-02 12:08:54][DEBUG] jax_fem: Function split_and_compute_cell took 0.0423 seconds
[07-02 12:08:54][DEBUG] jax_fem: CuDSSNewtonSolver: iter=1  res=1.439e-05  rel=6.499e-14
[07-02 12:08:54][INFO] jax_fem: CuDSSNewtonSolver: solve finished in 0.12s  res=1.439e-05
[07-02 12:08:54][DEBUG] jax_fem: CuDSSNewtonSolver: starting Newton loop
[07-02 12:08:54][DEBUG] jax_fem: DeviceProblem: computing Jacobian on device
[07-02 12:08:54][DEBUG] jax_fem: Function split_and_compute_cell took 0.0337 seconds
[07-02 12:08:54][DEBUG] jax_fem: CuDSSNewtonSolver: initial residual = 2.208e+08
[07-02 12:08:54][DEBUG] jax_fem: DeviceProblem: computing Jacobian on device
[07-02 12:08:54][DEBUG] jax_fem: Function split_and_compute_cell took 0.0292 seconds
[07-02 12:08:54][DEBUG] jax_fem: CuDSSNewtonSolver: iter=1  res=1.640e-05  rel=7.428e-14
[07-02 12:08:54][INFO] jax_fem: CuDSSNewtonSolver: solve finished in 0.10s  res=1.640e-05
[07-02 12:08:55][DEBUG] jax_fem: CuDSSNewtonSolver: starting Newton loop
[07-02 12:08:55][DEBUG] jax_fem: DeviceProblem: computing Jacobian on device
[07-02 12:08:55][DEBUG] jax_fem: Function split_and_compute_cell took 0.0276 seconds
[07-02 12:08:55][DEBUG] jax_fem: CuDSSNewtonSolver: initial residual = 2.235e+08
[07-02 12:08:55][DEBUG] jax_fem: DeviceProblem: computing Jacobian on device
[07-02 12:08:55][DEBUG] jax_fem: Function split_and_compute_cell took 0.0349 seconds
[07-02 12:08:55][DEBUG] jax_fem: CuDSSNewtonSolver: iter=1  res=1.519e-05  rel=6.799e-14
[07-02 12:08:55][INFO] jax_fem: CuDSSNewtonSolver: solve finished in 0.10s  res=1.519e-05
[07-02 12:08:55][DEBUG] jax_fem: CuDSSNewtonSolver: starting Newton loop
[07-02 12:08:55][DEBUG] jax_fem: DeviceProblem: computing Jacobian on device
[07-02 12:08:55][DEBUG] jax_fem: Function split_and_compute_cell took 0.0464 seconds
[07-02 12:08:55][DEBUG] jax_fem: CuDSSNewtonSolver: initial residual = 2.222e+08
[07-02 12:08:55][DEBUG] jax_fem: DeviceProblem: computing Jacobian on device
[07-02 12:08:55][DEBUG] jax_fem: Function split_and_compute_cell took 0.0357 seconds
[07-02 12:08:55][DEBUG] jax_fem: CuDSSNewtonSolver: iter=1  res=1.353e-05  rel=6.088e-14
[07-02 12:08:55][INFO] jax_fem: CuDSSNewtonSolver: solve finished in 0.12s  res=1.353e-05
[07-02 12:08:57][DEBUG] jax_fem: CuDSSNewtonSolver: starting Newton loop
[07-02 12:08:57][DEBUG] jax_fem: DeviceProblem: computing Jacobian on device
[07-02 12:08:57][DEBUG] jax_fem: Function split_and_compute_cell took 0.0263 seconds
[07-02 12:08:57][DEBUG] jax_fem: CuDSSNewtonSolver: initial residual = 2.233e+08
[07-02 12:08:57][DEBUG] jax_fem: DeviceProblem: computing Jacobian on device
[07-02 12:08:57][DEBUG] jax_fem: Function split_and_compute_cell took 0.0276 seconds
[07-02 12:08:57][DEBUG] jax_fem: CuDSSNewtonSolver: iter=1  res=1.647e-05  rel=7.378e-14
[07-02 12:08:57][INFO] jax_fem: CuDSSNewtonSolver: solve finished in 0.09s  res=1.647e-05
[07-02 12:08:57][DEBUG] jax_fem: CuDSSNewtonSolver: starting Newton loop
[07-02 12:08:57][DEBUG] jax_fem: DeviceProblem: computing Jacobian on device
[07-02 12:08:57][DEBUG] jax_fem: Function split_and_compute_cell took 0.0272 seconds
[07-02 12:08:57][DEBUG] jax_fem: CuDSSNewtonSolver: initial residual = 2.214e+08
[07-02 12:08:57][DEBUG] jax_fem: DeviceProblem: computing Jacobian on device
[07-02 12:08:57][DEBUG] jax_fem: Function split_and_compute_cell took 0.0256 seconds
[07-02 12:08:57][DEBUG] jax_fem: CuDSSNewtonSolver: iter=1  res=1.615e-05  rel=7.295e-14
[07-02 12:08:57][INFO] jax_fem: CuDSSNewtonSolver: solve finished in 0.09s  res=1.615e-05
[07-02 12:08:58][DEBUG] jax_fem: CuDSSNewtonSolver: starting Newton loop
[07-02 12:08:58][DEBUG] jax_fem: DeviceProblem: computing Jacobian on device
[07-02 12:08:58][DEBUG] jax_fem: Function split_and_compute_cell took 0.0256 seconds
[07-02 12:08:58][DEBUG] jax_fem: CuDSSNewtonSolver: initial residual = 2.208e+08
[07-02 12:08:58][DEBUG] jax_fem: DeviceProblem: computing Jacobian on device
[07-02 12:08:58][DEBUG] jax_fem: Function split_and_compute_cell took 0.0258 seconds
[07-02 12:08:58][DEBUG] jax_fem: CuDSSNewtonSolver: iter=1  res=1.634e-05  rel=7.398e-14
[07-02 12:08:58][INFO] jax_fem: CuDSSNewtonSolver: solve finished in 0.09s  res=1.634e-05
[07-02 12:08:59][DEBUG] jax_fem: CuDSSNewtonSolver: starting Newton loop
[07-02 12:08:59][DEBUG] jax_fem: DeviceProblem: computing Jacobian on device
[07-02 12:08:59][DEBUG] jax_fem: Function split_and_compute_cell took 0.0273 seconds
[07-02 12:08:59][DEBUG] jax_fem: CuDSSNewtonSolver: initial residual = 2.235e+08
[07-02 12:08:59][DEBUG] jax_fem: DeviceProblem: computing Jacobian on device
[07-02 12:08:59][DEBUG] jax_fem: Function split_and_compute_cell took 0.0265 seconds
[07-02 12:08:59][DEBUG] jax_fem: CuDSSNewtonSolver: iter=1  res=1.522e-05  rel=6.813e-14
[07-02 12:08:59][INFO] jax_fem: CuDSSNewtonSolver: solve finished in 0.09s  res=1.522e-05
[07-02 12:08:59][DEBUG] jax_fem: CuDSSNewtonSolver: starting Newton loop
[07-02 12:08:59][DEBUG] jax_fem: DeviceProblem: computing Jacobian on device
[07-02 12:08:59][DEBUG] jax_fem: Function split_and_compute_cell took 0.0269 seconds
[07-02 12:08:59][DEBUG] jax_fem: CuDSSNewtonSolver: initial residual = 2.222e+08
[07-02 12:08:59][DEBUG] jax_fem: DeviceProblem: computing Jacobian on device
[07-02 12:08:59][DEBUG] jax_fem: Function split_and_compute_cell took 0.0263 seconds
[07-02 12:08:59][DEBUG] jax_fem: CuDSSNewtonSolver: iter=1  res=1.278e-05  rel=5.749e-14
[07-02 12:08:59][INFO] jax_fem: CuDSSNewtonSolver: solve finished in 0.09s  res=1.278e-05
[07-02 12:08:59][INFO] jax_fem: CuDSS backward: solving adjoint problem …
[07-02 12:08:59][DEBUG] jax_fem: DeviceProblem: computing Jacobian on device
[07-02 12:08:59][DEBUG] jax_fem: Function split_and_compute_cell took 0.0299 seconds
[07-02 12:08:59][DEBUG] jax_fem: Computing cell residual...
[07-02 12:08:59][DEBUG] jax_fem: Function split_and_compute_cell took 0.0619 seconds
[07-02 12:09:00][INFO] jax_fem: CuDSS backward: solving adjoint problem …
[07-02 12:09:00][DEBUG] jax_fem: DeviceProblem: computing Jacobian on device
[07-02 12:09:00][DEBUG] jax_fem: Function split_and_compute_cell took 0.0384 seconds
[07-02 12:09:00][DEBUG] jax_fem: Computing cell residual...
[07-02 12:09:00][DEBUG] jax_fem: Function split_and_compute_cell took 0.0578 seconds
[07-02 12:09:00][INFO] jax_fem: CuDSS backward: solving adjoint problem …
[07-02 12:09:00][DEBUG] jax_fem: DeviceProblem: computing Jacobian on device
[07-02 12:09:00][DEBUG] jax_fem: Function split_and_compute_cell took 0.0328 seconds
[07-02 12:09:00][DEBUG] jax_fem: Computing cell residual...
[07-02 12:09:00][DEBUG] jax_fem: Function split_and_compute_cell took 0.0684 seconds
[07-02 12:09:00][INFO] jax_fem: CuDSS backward: solving adjoint problem …
[07-02 12:09:00][DEBUG] jax_fem: DeviceProblem: computing Jacobian on device
[07-02 12:09:00][DEBUG] jax_fem: Function split_and_compute_cell took 0.0413 seconds
[07-02 12:09:01][DEBUG] jax_fem: Computing cell residual...
[07-02 12:09:01][DEBUG] jax_fem: Function split_and_compute_cell took 0.0652 seconds
[07-02 12:09:01][INFO] jax_fem: CuDSS backward: solving adjoint problem …
[07-02 12:09:01][DEBUG] jax_fem: DeviceProblem: computing Jacobian on device
[07-02 12:09:01][DEBUG] jax_fem: Function split_and_compute_cell took 0.0307 seconds
[07-02 12:09:01][DEBUG] jax_fem: Computing cell residual...
[07-02 12:09:01][DEBUG] jax_fem: Function split_and_compute_cell took 0.0674 seconds
[07-02 12:09:03][DEBUG] jax_fem: CuDSSNewtonSolver: starting Newton loop
[07-02 12:09:03][DEBUG] jax_fem: DeviceProblem: computing Jacobian on device
[07-02 12:09:03][DEBUG] jax_fem: Function split_and_compute_cell took 0.0310 seconds
[07-02 12:09:03][DEBUG] jax_fem: CuDSSNewtonSolver: initial residual = 2.234e+08
[07-02 12:09:03][DEBUG] jax_fem: DeviceProblem: computing Jacobian on device
[07-02 12:09:03][DEBUG] jax_fem: Function split_and_compute_cell took 0.0391 seconds
[07-02 12:09:03][DEBUG] jax_fem: CuDSSNewtonSolver: iter=1  res=1.521e-05  rel=6.806e-14
[07-02 12:09:03][INFO] jax_fem: CuDSSNewtonSolver: solve finished in 0.11s  res=1.521e-05
[07-02 12:09:03][DEBUG] jax_fem: CuDSSNewtonSolver: starting Newton loop
[07-02 12:09:03][DEBUG] jax_fem: DeviceProblem: computing Jacobian on device
[07-02 12:09:03][DEBUG] jax_fem: Function split_and_compute_cell took 0.0317 seconds
[07-02 12:09:03][DEBUG] jax_fem: CuDSSNewtonSolver: initial residual = 2.215e+08
[07-02 12:09:03][DEBUG] jax_fem: DeviceProblem: computing Jacobian on device
[07-02 12:09:03][DEBUG] jax_fem: Function split_and_compute_cell took 0.0361 seconds
[07-02 12:09:03][DEBUG] jax_fem: CuDSSNewtonSolver: iter=1  res=1.480e-05  rel=6.682e-14
[07-02 12:09:03][INFO] jax_fem: CuDSSNewtonSolver: solve finished in 0.11s  res=1.480e-05
[07-02 12:09:03][DEBUG] jax_fem: CuDSSNewtonSolver: starting Newton loop
[07-02 12:09:03][DEBUG] jax_fem: DeviceProblem: computing Jacobian on device
[07-02 12:09:03][DEBUG] jax_fem: Function split_and_compute_cell took 0.0237 seconds
[07-02 12:09:03][DEBUG] jax_fem: CuDSSNewtonSolver: initial residual = 2.210e+08
[07-02 12:09:03][DEBUG] jax_fem: DeviceProblem: computing Jacobian on device
[07-02 12:09:03][DEBUG] jax_fem: Function split_and_compute_cell took 0.0267 seconds
[07-02 12:09:03][DEBUG] jax_fem: CuDSSNewtonSolver: iter=1  res=1.577e-05  rel=7.136e-14
[07-02 12:09:03][INFO] jax_fem: CuDSSNewtonSolver: solve finished in 0.09s  res=1.577e-05
[07-02 12:09:04][DEBUG] jax_fem: CuDSSNewtonSolver: starting Newton loop
[07-02 12:09:04][DEBUG] jax_fem: DeviceProblem: computing Jacobian on device
[07-02 12:09:04][DEBUG] jax_fem: Function split_and_compute_cell took 0.0332 seconds
[07-02 12:09:04][DEBUG] jax_fem: CuDSSNewtonSolver: initial residual = 2.236e+08
[07-02 12:09:04][DEBUG] jax_fem: DeviceProblem: computing Jacobian on device
[07-02 12:09:04][DEBUG] jax_fem: Function split_and_compute_cell took 0.0246 seconds
[07-02 12:09:04][DEBUG] jax_fem: CuDSSNewtonSolver: iter=1  res=1.501e-05  rel=6.714e-14
[07-02 12:09:04][INFO] jax_fem: CuDSSNewtonSolver: solve finished in 0.09s  res=1.501e-05
[07-02 12:09:04][DEBUG] jax_fem: CuDSSNewtonSolver: starting Newton loop
[07-02 12:09:04][DEBUG] jax_fem: DeviceProblem: computing Jacobian on device
[07-02 12:09:04][DEBUG] jax_fem: Function split_and_compute_cell took 0.0229 seconds
[07-02 12:09:04][DEBUG] jax_fem: CuDSSNewtonSolver: initial residual = 2.223e+08
[07-02 12:09:04][DEBUG] jax_fem: DeviceProblem: computing Jacobian on device
[07-02 12:09:04][DEBUG] jax_fem: Function split_and_compute_cell took 0.0545 seconds
[07-02 12:09:04][DEBUG] jax_fem: CuDSSNewtonSolver: iter=1  res=1.313e-05  rel=5.906e-14
[07-02 12:09:04][INFO] jax_fem: CuDSSNewtonSolver: solve finished in 0.12s  res=1.313e-05
[07-02 12:09:06][DEBUG] jax_fem: CuDSSNewtonSolver: starting Newton loop
[07-02 12:09:06][DEBUG] jax_fem: DeviceProblem: computing Jacobian on device
[07-02 12:09:06][DEBUG] jax_fem: Function split_and_compute_cell took 0.0273 seconds
[07-02 12:09:06][DEBUG] jax_fem: CuDSSNewtonSolver: initial residual = 2.234e+08
[07-02 12:09:06][DEBUG] jax_fem: DeviceProblem: computing Jacobian on device
[07-02 12:09:06][DEBUG] jax_fem: Function split_and_compute_cell took 0.0279 seconds
[07-02 12:09:06][DEBUG] jax_fem: CuDSSNewtonSolver: iter=1  res=1.553e-05  rel=6.952e-14
[07-02 12:09:06][INFO] jax_fem: CuDSSNewtonSolver: solve finished in 0.09s  res=1.553e-05
[07-02 12:09:06][DEBUG] jax_fem: CuDSSNewtonSolver: starting Newton loop
[07-02 12:09:06][DEBUG] jax_fem: DeviceProblem: computing Jacobian on device
[07-02 12:09:06][DEBUG] jax_fem: Function split_and_compute_cell took 0.0257 seconds
[07-02 12:09:06][DEBUG] jax_fem: CuDSSNewtonSolver: initial residual = 2.215e+08
[07-02 12:09:06][DEBUG] jax_fem: DeviceProblem: computing Jacobian on device
[07-02 12:09:06][DEBUG] jax_fem: Function split_and_compute_cell took 0.0283 seconds
[07-02 12:09:06][DEBUG] jax_fem: CuDSSNewtonSolver: iter=1  res=1.523e-05  rel=6.876e-14
[07-02 12:09:06][INFO] jax_fem: CuDSSNewtonSolver: solve finished in 0.09s  res=1.523e-05
[07-02 12:09:07][DEBUG] jax_fem: CuDSSNewtonSolver: starting Newton loop
[07-02 12:09:07][DEBUG] jax_fem: DeviceProblem: computing Jacobian on device
[07-02 12:09:07][DEBUG] jax_fem: Function split_and_compute_cell took 0.0274 seconds
[07-02 12:09:07][DEBUG] jax_fem: CuDSSNewtonSolver: initial residual = 2.210e+08
[07-02 12:09:07][DEBUG] jax_fem: DeviceProblem: computing Jacobian on device
[07-02 12:09:07][DEBUG] jax_fem: Function split_and_compute_cell took 0.0265 seconds
[07-02 12:09:07][DEBUG] jax_fem: CuDSSNewtonSolver: iter=1  res=1.651e-05  rel=7.470e-14
[07-02 12:09:07][INFO] jax_fem: CuDSSNewtonSolver: solve finished in 0.09s  res=1.651e-05
[07-02 12:09:08][DEBUG] jax_fem: CuDSSNewtonSolver: starting Newton loop
[07-02 12:09:08][DEBUG] jax_fem: DeviceProblem: computing Jacobian on device
[07-02 12:09:08][DEBUG] jax_fem: Function split_and_compute_cell took 0.0280 seconds
[07-02 12:09:08][DEBUG] jax_fem: CuDSSNewtonSolver: initial residual = 2.236e+08
[07-02 12:09:08][DEBUG] jax_fem: DeviceProblem: computing Jacobian on device
[07-02 12:09:08][DEBUG] jax_fem: Function split_and_compute_cell took 0.0263 seconds
[07-02 12:09:08][DEBUG] jax_fem: CuDSSNewtonSolver: iter=1  res=1.511e-05  rel=6.758e-14
[07-02 12:09:08][INFO] jax_fem: CuDSSNewtonSolver: solve finished in 0.09s  res=1.511e-05
[07-02 12:09:08][DEBUG] jax_fem: CuDSSNewtonSolver: starting Newton loop
[07-02 12:09:08][DEBUG] jax_fem: DeviceProblem: computing Jacobian on device
[07-02 12:09:08][DEBUG] jax_fem: Function split_and_compute_cell took 0.0280 seconds
[07-02 12:09:08][DEBUG] jax_fem: CuDSSNewtonSolver: initial residual = 2.223e+08
[07-02 12:09:08][DEBUG] jax_fem: DeviceProblem: computing Jacobian on device
[07-02 12:09:08][DEBUG] jax_fem: Function split_and_compute_cell took 0.0261 seconds
[07-02 12:09:08][DEBUG] jax_fem: CuDSSNewtonSolver: iter=1  res=1.298e-05  rel=5.841e-14
[07-02 12:09:08][INFO] jax_fem: CuDSSNewtonSolver: solve finished in 0.09s  res=1.298e-05
[07-02 12:09:08][INFO] jax_fem: CuDSS backward: solving adjoint problem …
[07-02 12:09:08][DEBUG] jax_fem: DeviceProblem: computing Jacobian on device
[07-02 12:09:08][DEBUG] jax_fem: Function split_and_compute_cell took 0.0439 seconds
[07-02 12:09:08][DEBUG] jax_fem: Computing cell residual...
[07-02 12:09:09][DEBUG] jax_fem: Function split_and_compute_cell took 0.0778 seconds
[07-02 12:09:09][INFO] jax_fem: CuDSS backward: solving adjoint problem …
[07-02 12:09:09][DEBUG] jax_fem: DeviceProblem: computing Jacobian on device
[07-02 12:09:09][DEBUG] jax_fem: Function split_and_compute_cell took 0.0463 seconds
[07-02 12:09:09][DEBUG] jax_fem: Computing cell residual...
[07-02 12:09:09][DEBUG] jax_fem: Function split_and_compute_cell took 0.0533 seconds
[07-02 12:09:09][INFO] jax_fem: CuDSS backward: solving adjoint problem …
[07-02 12:09:09][DEBUG] jax_fem: DeviceProblem: computing Jacobian on device
[07-02 12:09:09][DEBUG] jax_fem: Function split_and_compute_cell took 0.0308 seconds
[07-02 12:09:09][DEBUG] jax_fem: Computing cell residual...
[07-02 12:09:09][DEBUG] jax_fem: Function split_and_compute_cell took 0.0623 seconds
[07-02 12:09:10][INFO] jax_fem: CuDSS backward: solving adjoint problem …
[07-02 12:09:10][DEBUG] jax_fem: DeviceProblem: computing Jacobian on device
[07-02 12:09:10][DEBUG] jax_fem: Function split_and_compute_cell took 0.0324 seconds
[07-02 12:09:10][DEBUG] jax_fem: Computing cell residual...
[07-02 12:09:10][DEBUG] jax_fem: Function split_and_compute_cell took 0.0614 seconds
[07-02 12:09:10][INFO] jax_fem: CuDSS backward: solving adjoint problem …
[07-02 12:09:10][DEBUG] jax_fem: DeviceProblem: computing Jacobian on device
[07-02 12:09:10][DEBUG] jax_fem: Function split_and_compute_cell took 0.0397 seconds
[07-02 12:09:10][DEBUG] jax_fem: Computing cell residual...
[07-02 12:09:10][DEBUG] jax_fem: Function split_and_compute_cell took 0.0603 seconds
[07-02 12:09:12][DEBUG] jax_fem: CuDSSNewtonSolver: starting Newton loop
[07-02 12:09:12][DEBUG] jax_fem: DeviceProblem: computing Jacobian on device
[07-02 12:09:12][DEBUG] jax_fem: Function split_and_compute_cell took 0.0308 seconds
[07-02 12:09:12][DEBUG] jax_fem: CuDSSNewtonSolver: initial residual = 2.235e+08
[07-02 12:09:12][DEBUG] jax_fem: DeviceProblem: computing Jacobian on device
[07-02 12:09:12][DEBUG] jax_fem: Function split_and_compute_cell took 0.0373 seconds
[07-02 12:09:12][DEBUG] jax_fem: CuDSSNewtonSolver: iter=1  res=1.546e-05  rel=6.918e-14
[07-02 12:09:12][INFO] jax_fem: CuDSSNewtonSolver: solve finished in 0.10s  res=1.546e-05
[07-02 12:09:12][DEBUG] jax_fem: CuDSSNewtonSolver: starting Newton loop
[07-02 12:09:12][DEBUG] jax_fem: DeviceProblem: computing Jacobian on device
[07-02 12:09:12][DEBUG] jax_fem: Function split_and_compute_cell took 0.0264 seconds
[07-02 12:09:12][DEBUG] jax_fem: CuDSSNewtonSolver: initial residual = 2.216e+08
[07-02 12:09:12][DEBUG] jax_fem: DeviceProblem: computing Jacobian on device
[07-02 12:09:12][DEBUG] jax_fem: Function split_and_compute_cell took 0.0440 seconds
[07-02 12:09:12][DEBUG] jax_fem: CuDSSNewtonSolver: iter=1  res=1.453e-05  rel=6.558e-14
[07-02 12:09:12][INFO] jax_fem: CuDSSNewtonSolver: solve finished in 0.11s  res=1.453e-05
[07-02 12:09:12][DEBUG] jax_fem: CuDSSNewtonSolver: starting Newton loop
[07-02 12:09:12][DEBUG] jax_fem: DeviceProblem: computing Jacobian on device
[07-02 12:09:12][DEBUG] jax_fem: Function split_and_compute_cell took 0.0376 seconds
[07-02 12:09:12][DEBUG] jax_fem: CuDSSNewtonSolver: initial residual = 2.211e+08
[07-02 12:09:12][DEBUG] jax_fem: DeviceProblem: computing Jacobian on device
[07-02 12:09:12][DEBUG] jax_fem: Function split_and_compute_cell took 0.0460 seconds
[07-02 12:09:12][DEBUG] jax_fem: CuDSSNewtonSolver: iter=1  res=1.682e-05  rel=7.607e-14
[07-02 12:09:12][INFO] jax_fem: CuDSSNewtonSolver: solve finished in 0.13s  res=1.682e-05
[07-02 12:09:13][DEBUG] jax_fem: CuDSSNewtonSolver: starting Newton loop
[07-02 12:09:13][DEBUG] jax_fem: DeviceProblem: computing Jacobian on device
[07-02 12:09:13][DEBUG] jax_fem: Function split_and_compute_cell took 0.0545 seconds
[07-02 12:09:13][DEBUG] jax_fem: CuDSSNewtonSolver: initial residual = 2.236e+08
[07-02 12:09:13][DEBUG] jax_fem: DeviceProblem: computing Jacobian on device
[07-02 12:09:13][DEBUG] jax_fem: Function split_and_compute_cell took 0.0481 seconds
[07-02 12:09:13][DEBUG] jax_fem: CuDSSNewtonSolver: iter=1  res=1.538e-05  rel=6.879e-14
[07-02 12:09:13][INFO] jax_fem: CuDSSNewtonSolver: solve finished in 0.15s  res=1.538e-05
[07-02 12:09:13][DEBUG] jax_fem: CuDSSNewtonSolver: starting Newton loop
[07-02 12:09:13][DEBUG] jax_fem: DeviceProblem: computing Jacobian on device
[07-02 12:09:13][DEBUG] jax_fem: Function split_and_compute_cell took 0.0320 seconds
[07-02 12:09:13][DEBUG] jax_fem: CuDSSNewtonSolver: initial residual = 2.223e+08
[07-02 12:09:13][DEBUG] jax_fem: DeviceProblem: computing Jacobian on device
[07-02 12:09:13][DEBUG] jax_fem: Function split_and_compute_cell took 0.0480 seconds
[07-02 12:09:13][DEBUG] jax_fem: CuDSSNewtonSolver: iter=1  res=1.318e-05  rel=5.927e-14
[07-02 12:09:13][INFO] jax_fem: CuDSSNewtonSolver: solve finished in 0.12s  res=1.318e-05
[07-02 12:09:15][DEBUG] jax_fem: CuDSSNewtonSolver: starting Newton loop
[07-02 12:09:15][DEBUG] jax_fem: DeviceProblem: computing Jacobian on device
[07-02 12:09:15][DEBUG] jax_fem: Function split_and_compute_cell took 0.0250 seconds
[07-02 12:09:15][DEBUG] jax_fem: CuDSSNewtonSolver: initial residual = 2.235e+08
[07-02 12:09:15][DEBUG] jax_fem: DeviceProblem: computing Jacobian on device
[07-02 12:09:15][DEBUG] jax_fem: Function split_and_compute_cell took 0.0269 seconds
[07-02 12:09:15][DEBUG] jax_fem: CuDSSNewtonSolver: iter=1  res=1.582e-05  rel=7.078e-14
[07-02 12:09:15][INFO] jax_fem: CuDSSNewtonSolver: solve finished in 0.09s  res=1.582e-05
[07-02 12:09:15][DEBUG] jax_fem: CuDSSNewtonSolver: starting Newton loop
[07-02 12:09:15][DEBUG] jax_fem: DeviceProblem: computing Jacobian on device
[07-02 12:09:15][DEBUG] jax_fem: Function split_and_compute_cell took 0.0270 seconds
[07-02 12:09:15][DEBUG] jax_fem: CuDSSNewtonSolver: initial residual = 2.216e+08
[07-02 12:09:16][DEBUG] jax_fem: DeviceProblem: computing Jacobian on device
[07-02 12:09:16][DEBUG] jax_fem: Function split_and_compute_cell took 0.0258 seconds
[07-02 12:09:16][DEBUG] jax_fem: CuDSSNewtonSolver: iter=1  res=1.578e-05  rel=7.119e-14
[07-02 12:09:16][INFO] jax_fem: CuDSSNewtonSolver: solve finished in 0.09s  res=1.578e-05
[07-02 12:09:16][DEBUG] jax_fem: CuDSSNewtonSolver: starting Newton loop
[07-02 12:09:16][DEBUG] jax_fem: DeviceProblem: computing Jacobian on device
[07-02 12:09:16][DEBUG] jax_fem: Function split_and_compute_cell took 0.0267 seconds
[07-02 12:09:16][DEBUG] jax_fem: CuDSSNewtonSolver: initial residual = 2.211e+08
[07-02 12:09:16][DEBUG] jax_fem: DeviceProblem: computing Jacobian on device
[07-02 12:09:16][DEBUG] jax_fem: Function split_and_compute_cell took 0.0273 seconds
[07-02 12:09:16][DEBUG] jax_fem: CuDSSNewtonSolver: iter=1  res=1.616e-05  rel=7.309e-14
[07-02 12:09:16][INFO] jax_fem: CuDSSNewtonSolver: solve finished in 0.09s  res=1.616e-05
[07-02 12:09:17][DEBUG] jax_fem: CuDSSNewtonSolver: starting Newton loop
[07-02 12:09:17][DEBUG] jax_fem: DeviceProblem: computing Jacobian on device
[07-02 12:09:17][DEBUG] jax_fem: Function split_and_compute_cell took 0.0267 seconds
[07-02 12:09:17][DEBUG] jax_fem: CuDSSNewtonSolver: initial residual = 2.236e+08
[07-02 12:09:17][DEBUG] jax_fem: DeviceProblem: computing Jacobian on device
[07-02 12:09:17][DEBUG] jax_fem: Function split_and_compute_cell took 0.0260 seconds
[07-02 12:09:17][DEBUG] jax_fem: CuDSSNewtonSolver: iter=1  res=1.538e-05  rel=6.875e-14
[07-02 12:09:17][INFO] jax_fem: CuDSSNewtonSolver: solve finished in 0.09s  res=1.538e-05
[07-02 12:09:17][DEBUG] jax_fem: CuDSSNewtonSolver: starting Newton loop
[07-02 12:09:17][DEBUG] jax_fem: DeviceProblem: computing Jacobian on device
[07-02 12:09:17][DEBUG] jax_fem: Function split_and_compute_cell took 0.0261 seconds
[07-02 12:09:17][DEBUG] jax_fem: CuDSSNewtonSolver: initial residual = 2.223e+08
[07-02 12:09:17][DEBUG] jax_fem: DeviceProblem: computing Jacobian on device
[07-02 12:09:17][DEBUG] jax_fem: Function split_and_compute_cell took 0.0269 seconds
[07-02 12:09:17][DEBUG] jax_fem: CuDSSNewtonSolver: iter=1  res=1.331e-05  rel=5.984e-14
[07-02 12:09:17][INFO] jax_fem: CuDSSNewtonSolver: solve finished in 0.09s  res=1.331e-05
[07-02 12:09:18][INFO] jax_fem: CuDSS backward: solving adjoint problem …
[07-02 12:09:18][DEBUG] jax_fem: DeviceProblem: computing Jacobian on device
[07-02 12:09:18][DEBUG] jax_fem: Function split_and_compute_cell took 0.0437 seconds
[07-02 12:09:18][DEBUG] jax_fem: Computing cell residual...
[07-02 12:09:18][DEBUG] jax_fem: Function split_and_compute_cell took 0.0612 seconds
[07-02 12:09:18][INFO] jax_fem: CuDSS backward: solving adjoint problem …
[07-02 12:09:18][DEBUG] jax_fem: DeviceProblem: computing Jacobian on device
[07-02 12:09:18][DEBUG] jax_fem: Function split_and_compute_cell took 0.0326 seconds
[07-02 12:09:18][DEBUG] jax_fem: Computing cell residual...
[07-02 12:09:18][DEBUG] jax_fem: Function split_and_compute_cell took 0.0594 seconds
[07-02 12:09:18][INFO] jax_fem: CuDSS backward: solving adjoint problem …
[07-02 12:09:18][DEBUG] jax_fem: DeviceProblem: computing Jacobian on device
[07-02 12:09:18][DEBUG] jax_fem: Function split_and_compute_cell took 0.0476 seconds
[07-02 12:09:18][DEBUG] jax_fem: Computing cell residual...
[07-02 12:09:19][DEBUG] jax_fem: Function split_and_compute_cell took 0.0604 seconds
[07-02 12:09:19][INFO] jax_fem: CuDSS backward: solving adjoint problem …
[07-02 12:09:19][DEBUG] jax_fem: DeviceProblem: computing Jacobian on device
[07-02 12:09:19][DEBUG] jax_fem: Function split_and_compute_cell took 0.0351 seconds
[07-02 12:09:19][DEBUG] jax_fem: Computing cell residual...
[07-02 12:09:19][DEBUG] jax_fem: Function split_and_compute_cell took 0.0655 seconds
[07-02 12:09:19][INFO] jax_fem: CuDSS backward: solving adjoint problem …
[07-02 12:09:19][DEBUG] jax_fem: DeviceProblem: computing Jacobian on device
[07-02 12:09:19][DEBUG] jax_fem: Function split_and_compute_cell took 0.0389 seconds
[07-02 12:09:19][DEBUG] jax_fem: Computing cell residual...
[07-02 12:09:19][DEBUG] jax_fem: Function split_and_compute_cell took 0.0608 seconds
[07-02 12:09:21][DEBUG] jax_fem: CuDSSNewtonSolver: starting Newton loop
[07-02 12:09:21][DEBUG] jax_fem: DeviceProblem: computing Jacobian on device
[07-02 12:09:21][DEBUG] jax_fem: Function split_and_compute_cell took 0.0269 seconds
[07-02 12:09:21][DEBUG] jax_fem: CuDSSNewtonSolver: initial residual = 2.235e+08
[07-02 12:09:21][DEBUG] jax_fem: DeviceProblem: computing Jacobian on device
[07-02 12:09:21][DEBUG] jax_fem: Function split_and_compute_cell took 0.0461 seconds
[07-02 12:09:21][DEBUG] jax_fem: CuDSSNewtonSolver: iter=1  res=1.555e-05  rel=6.957e-14
[07-02 12:09:21][INFO] jax_fem: CuDSSNewtonSolver: solve finished in 0.12s  res=1.555e-05
[07-02 12:09:21][DEBUG] jax_fem: CuDSSNewtonSolver: starting Newton loop
[07-02 12:09:21][DEBUG] jax_fem: DeviceProblem: computing Jacobian on device
[07-02 12:09:21][DEBUG] jax_fem: Function split_and_compute_cell took 0.0293 seconds
[07-02 12:09:21][DEBUG] jax_fem: CuDSSNewtonSolver: initial residual = 2.216e+08
[07-02 12:09:21][DEBUG] jax_fem: DeviceProblem: computing Jacobian on device
[07-02 12:09:21][DEBUG] jax_fem: Function split_and_compute_cell took 0.0348 seconds
[07-02 12:09:21][DEBUG] jax_fem: CuDSSNewtonSolver: iter=1  res=1.467e-05  rel=6.619e-14
[07-02 12:09:21][INFO] jax_fem: CuDSSNewtonSolver: solve finished in 0.11s  res=1.467e-05
[07-02 12:09:22][DEBUG] jax_fem: CuDSSNewtonSolver: starting Newton loop
[07-02 12:09:22][DEBUG] jax_fem: DeviceProblem: computing Jacobian on device
[07-02 12:09:22][DEBUG] jax_fem: Function split_and_compute_cell took 0.0498 seconds
[07-02 12:09:22][DEBUG] jax_fem: CuDSSNewtonSolver: initial residual = 2.211e+08
[07-02 12:09:22][DEBUG] jax_fem: DeviceProblem: computing Jacobian on device
[07-02 12:09:22][DEBUG] jax_fem: Function split_and_compute_cell took 0.0261 seconds
[07-02 12:09:22][DEBUG] jax_fem: CuDSSNewtonSolver: iter=1  res=1.681e-05  rel=7.604e-14
[07-02 12:09:22][INFO] jax_fem: CuDSSNewtonSolver: solve finished in 0.11s  res=1.681e-05
[07-02 12:09:22][DEBUG] jax_fem: CuDSSNewtonSolver: starting Newton loop
[07-02 12:09:22][DEBUG] jax_fem: DeviceProblem: computing Jacobian on device
[07-02 12:09:22][DEBUG] jax_fem: Function split_and_compute_cell took 0.0458 seconds
[07-02 12:09:22][DEBUG] jax_fem: CuDSSNewtonSolver: initial residual = 2.236e+08
[07-02 12:09:22][DEBUG] jax_fem: DeviceProblem: computing Jacobian on device
[07-02 12:09:22][DEBUG] jax_fem: Function split_and_compute_cell took 0.0490 seconds
[07-02 12:09:22][DEBUG] jax_fem: CuDSSNewtonSolver: iter=1  res=1.483e-05  rel=6.631e-14
[07-02 12:09:22][INFO] jax_fem: CuDSSNewtonSolver: solve finished in 0.14s  res=1.483e-05
[07-02 12:09:22][DEBUG] jax_fem: CuDSSNewtonSolver: starting Newton loop
[07-02 12:09:22][DEBUG] jax_fem: DeviceProblem: computing Jacobian on device
[07-02 12:09:22][DEBUG] jax_fem: Function split_and_compute_cell took 0.0386 seconds
[07-02 12:09:22][DEBUG] jax_fem: CuDSSNewtonSolver: initial residual = 2.223e+08
[07-02 12:09:22][DEBUG] jax_fem: DeviceProblem: computing Jacobian on device
[07-02 12:09:22][DEBUG] jax_fem: Function split_and_compute_cell took 0.0415 seconds
[07-02 12:09:22][DEBUG] jax_fem: CuDSSNewtonSolver: iter=1  res=1.339e-05  rel=6.025e-14
[07-02 12:09:22][INFO] jax_fem: CuDSSNewtonSolver: solve finished in 0.12s  res=1.339e-05
[07-02 12:09:24][DEBUG] jax_fem: CuDSSNewtonSolver: starting Newton loop
[07-02 12:09:24][DEBUG] jax_fem: DeviceProblem: computing Jacobian on device
[07-02 12:09:24][DEBUG] jax_fem: Function split_and_compute_cell took 0.0269 seconds
[07-02 12:09:24][DEBUG] jax_fem: CuDSSNewtonSolver: initial residual = 2.235e+08
[07-02 12:09:24][DEBUG] jax_fem: DeviceProblem: computing Jacobian on device
[07-02 12:09:24][DEBUG] jax_fem: Function split_and_compute_cell took 0.0276 seconds
[07-02 12:09:24][DEBUG] jax_fem: CuDSSNewtonSolver: iter=1  res=1.520e-05  rel=6.800e-14
[07-02 12:09:24][INFO] jax_fem: CuDSSNewtonSolver: solve finished in 0.09s  res=1.520e-05
[07-02 12:09:25][DEBUG] jax_fem: CuDSSNewtonSolver: starting Newton loop
[07-02 12:09:25][DEBUG] jax_fem: DeviceProblem: computing Jacobian on device
[07-02 12:09:25][DEBUG] jax_fem: Function split_and_compute_cell took 0.0270 seconds
[07-02 12:09:25][DEBUG] jax_fem: CuDSSNewtonSolver: initial residual = 2.216e+08
[07-02 12:09:25][DEBUG] jax_fem: DeviceProblem: computing Jacobian on device
[07-02 12:09:25][DEBUG] jax_fem: Function split_and_compute_cell took 0.0279 seconds
[07-02 12:09:25][DEBUG] jax_fem: CuDSSNewtonSolver: iter=1  res=1.609e-05  rel=7.258e-14
[07-02 12:09:25][INFO] jax_fem: CuDSSNewtonSolver: solve finished in 0.09s  res=1.609e-05
[07-02 12:09:25][DEBUG] jax_fem: CuDSSNewtonSolver: starting Newton loop
[07-02 12:09:25][DEBUG] jax_fem: DeviceProblem: computing Jacobian on device
[07-02 12:09:25][DEBUG] jax_fem: Function split_and_compute_cell took 0.0257 seconds
[07-02 12:09:25][DEBUG] jax_fem: CuDSSNewtonSolver: initial residual = 2.211e+08
[07-02 12:09:25][DEBUG] jax_fem: DeviceProblem: computing Jacobian on device
[07-02 12:09:25][DEBUG] jax_fem: Function split_and_compute_cell took 0.0268 seconds
[07-02 12:09:25][DEBUG] jax_fem: CuDSSNewtonSolver: iter=1  res=1.658e-05  rel=7.502e-14
[07-02 12:09:25][INFO] jax_fem: CuDSSNewtonSolver: solve finished in 0.09s  res=1.658e-05
[07-02 12:09:26][DEBUG] jax_fem: CuDSSNewtonSolver: starting Newton loop
[07-02 12:09:26][DEBUG] jax_fem: DeviceProblem: computing Jacobian on device
[07-02 12:09:26][DEBUG] jax_fem: Function split_and_compute_cell took 0.0296 seconds
[07-02 12:09:26][DEBUG] jax_fem: CuDSSNewtonSolver: initial residual = 2.236e+08
[07-02 12:09:26][DEBUG] jax_fem: DeviceProblem: computing Jacobian on device
[07-02 12:09:26][DEBUG] jax_fem: Function split_and_compute_cell took 0.0269 seconds
[07-02 12:09:26][DEBUG] jax_fem: CuDSSNewtonSolver: iter=1  res=1.469e-05  rel=6.570e-14
[07-02 12:09:26][INFO] jax_fem: CuDSSNewtonSolver: solve finished in 0.09s  res=1.469e-05
[07-02 12:09:26][DEBUG] jax_fem: CuDSSNewtonSolver: starting Newton loop
[07-02 12:09:26][DEBUG] jax_fem: DeviceProblem: computing Jacobian on device
[07-02 12:09:26][DEBUG] jax_fem: Function split_and_compute_cell took 0.0260 seconds
[07-02 12:09:26][DEBUG] jax_fem: CuDSSNewtonSolver: initial residual = 2.223e+08
[07-02 12:09:27][DEBUG] jax_fem: DeviceProblem: computing Jacobian on device
[07-02 12:09:27][DEBUG] jax_fem: Function split_and_compute_cell took 0.0285 seconds
[07-02 12:09:27][DEBUG] jax_fem: CuDSSNewtonSolver: iter=1  res=1.435e-05  rel=6.454e-14
[07-02 12:09:27][INFO] jax_fem: CuDSSNewtonSolver: solve finished in 0.09s  res=1.435e-05
[07-02 12:09:27][INFO] jax_fem: CuDSS backward: solving adjoint problem …
[07-02 12:09:27][DEBUG] jax_fem: DeviceProblem: computing Jacobian on device
[07-02 12:09:27][DEBUG] jax_fem: Function split_and_compute_cell took 0.0373 seconds
[07-02 12:09:27][DEBUG] jax_fem: Computing cell residual...
[07-02 12:09:27][DEBUG] jax_fem: Function split_and_compute_cell took 0.0621 seconds
[07-02 12:09:27][INFO] jax_fem: CuDSS backward: solving adjoint problem …
[07-02 12:09:27][DEBUG] jax_fem: DeviceProblem: computing Jacobian on device
[07-02 12:09:27][DEBUG] jax_fem: Function split_and_compute_cell took 0.0322 seconds
[07-02 12:09:27][DEBUG] jax_fem: Computing cell residual...
[07-02 12:09:27][DEBUG] jax_fem: Function split_and_compute_cell took 0.0670 seconds
[07-02 12:09:27][INFO] jax_fem: CuDSS backward: solving adjoint problem …
[07-02 12:09:27][DEBUG] jax_fem: DeviceProblem: computing Jacobian on device
[07-02 12:09:27][DEBUG] jax_fem: Function split_and_compute_cell took 0.0252 seconds
[07-02 12:09:27][DEBUG] jax_fem: Computing cell residual...
[07-02 12:09:28][DEBUG] jax_fem: Function split_and_compute_cell took 0.0513 seconds
[07-02 12:09:28][INFO] jax_fem: CuDSS backward: solving adjoint problem …
[07-02 12:09:28][DEBUG] jax_fem: DeviceProblem: computing Jacobian on device
[07-02 12:09:28][DEBUG] jax_fem: Function split_and_compute_cell took 0.0330 seconds
[07-02 12:09:28][DEBUG] jax_fem: Computing cell residual...
[07-02 12:09:28][DEBUG] jax_fem: Function split_and_compute_cell took 0.0622 seconds
[07-02 12:09:28][INFO] jax_fem: CuDSS backward: solving adjoint problem …
[07-02 12:09:28][DEBUG] jax_fem: DeviceProblem: computing Jacobian on device
[07-02 12:09:28][DEBUG] jax_fem: Function split_and_compute_cell took 0.0269 seconds
[07-02 12:09:28][DEBUG] jax_fem: Computing cell residual...
[07-02 12:09:28][DEBUG] jax_fem: Function split_and_compute_cell took 0.0723 seconds
[07-02 12:09:30][DEBUG] jax_fem: CuDSSNewtonSolver: starting Newton loop
[07-02 12:09:30][DEBUG] jax_fem: DeviceProblem: computing Jacobian on device
[07-02 12:09:30][DEBUG] jax_fem: Function split_and_compute_cell took 0.0443 seconds
[07-02 12:09:30][DEBUG] jax_fem: CuDSSNewtonSolver: initial residual = 2.235e+08
[07-02 12:09:30][DEBUG] jax_fem: DeviceProblem: computing Jacobian on device
[07-02 12:09:30][DEBUG] jax_fem: Function split_and_compute_cell took 0.0325 seconds
[07-02 12:09:30][DEBUG] jax_fem: CuDSSNewtonSolver: iter=1  res=1.628e-05  rel=7.286e-14
[07-02 12:09:30][INFO] jax_fem: CuDSSNewtonSolver: solve finished in 0.12s  res=1.628e-05
[07-02 12:09:30][DEBUG] jax_fem: CuDSSNewtonSolver: starting Newton loop
[07-02 12:09:30][DEBUG] jax_fem: DeviceProblem: computing Jacobian on device
[07-02 12:09:30][DEBUG] jax_fem: Function split_and_compute_cell took 0.0446 seconds
[07-02 12:09:30][DEBUG] jax_fem: CuDSSNewtonSolver: initial residual = 2.216e+08
[07-02 12:09:30][DEBUG] jax_fem: DeviceProblem: computing Jacobian on device
[07-02 12:09:30][DEBUG] jax_fem: Function split_and_compute_cell took 0.0382 seconds
[07-02 12:09:30][DEBUG] jax_fem: CuDSSNewtonSolver: iter=1  res=1.555e-05  rel=7.018e-14
[07-02 12:09:30][INFO] jax_fem: CuDSSNewtonSolver: solve finished in 0.13s  res=1.555e-05
[07-02 12:09:31][DEBUG] jax_fem: CuDSSNewtonSolver: starting Newton loop
[07-02 12:09:31][DEBUG] jax_fem: DeviceProblem: computing Jacobian on device
[07-02 12:09:31][DEBUG] jax_fem: Function split_and_compute_cell took 0.0654 seconds
[07-02 12:09:31][DEBUG] jax_fem: CuDSSNewtonSolver: initial residual = 2.211e+08
[07-02 12:09:31][DEBUG] jax_fem: DeviceProblem: computing Jacobian on device
[07-02 12:09:31][DEBUG] jax_fem: Function split_and_compute_cell took 0.0317 seconds
[07-02 12:09:31][DEBUG] jax_fem: CuDSSNewtonSolver: iter=1  res=1.640e-05  rel=7.418e-14
[07-02 12:09:31][INFO] jax_fem: CuDSSNewtonSolver: solve finished in 0.14s  res=1.640e-05
[07-02 12:09:31][DEBUG] jax_fem: CuDSSNewtonSolver: starting Newton loop
[07-02 12:09:31][DEBUG] jax_fem: DeviceProblem: computing Jacobian on device
[07-02 12:09:31][DEBUG] jax_fem: Function split_and_compute_cell took 0.0373 seconds
[07-02 12:09:31][DEBUG] jax_fem: CuDSSNewtonSolver: initial residual = 2.236e+08
[07-02 12:09:31][DEBUG] jax_fem: DeviceProblem: computing Jacobian on device
[07-02 12:09:31][DEBUG] jax_fem: Function split_and_compute_cell took 0.0429 seconds
[07-02 12:09:31][DEBUG] jax_fem: CuDSSNewtonSolver: iter=1  res=1.512e-05  rel=6.762e-14
[07-02 12:09:31][INFO] jax_fem: CuDSSNewtonSolver: solve finished in 0.12s  res=1.512e-05
[07-02 12:09:31][DEBUG] jax_fem: CuDSSNewtonSolver: starting Newton loop
[07-02 12:09:31][DEBUG] jax_fem: DeviceProblem: computing Jacobian on device
[07-02 12:09:31][DEBUG] jax_fem: Function split_and_compute_cell took 0.0290 seconds
[07-02 12:09:31][DEBUG] jax_fem: CuDSSNewtonSolver: initial residual = 2.223e+08
[07-02 12:09:31][DEBUG] jax_fem: DeviceProblem: computing Jacobian on device
[07-02 12:09:31][DEBUG] jax_fem: Function split_and_compute_cell took 0.0244 seconds
[07-02 12:09:31][DEBUG] jax_fem: CuDSSNewtonSolver: iter=1  res=1.367e-05  rel=6.148e-14
[07-02 12:09:31][INFO] jax_fem: CuDSSNewtonSolver: solve finished in 0.09s  res=1.367e-05
[07-02 12:09:33][DEBUG] jax_fem: CuDSSNewtonSolver: starting Newton loop
[07-02 12:09:33][DEBUG] jax_fem: DeviceProblem: computing Jacobian on device
[07-02 12:09:33][DEBUG] jax_fem: Function split_and_compute_cell took 0.0262 seconds
[07-02 12:09:33][DEBUG] jax_fem: CuDSSNewtonSolver: initial residual = 2.235e+08
[07-02 12:09:33][DEBUG] jax_fem: DeviceProblem: computing Jacobian on device
[07-02 12:09:33][DEBUG] jax_fem: Function split_and_compute_cell took 0.0284 seconds
[07-02 12:09:33][DEBUG] jax_fem: CuDSSNewtonSolver: iter=1  res=1.499e-05  rel=6.705e-14
[07-02 12:09:33][INFO] jax_fem: CuDSSNewtonSolver: solve finished in 0.09s  res=1.499e-05
[07-02 12:09:34][DEBUG] jax_fem: CuDSSNewtonSolver: starting Newton loop
[07-02 12:09:34][DEBUG] jax_fem: DeviceProblem: computing Jacobian on device
[07-02 12:09:34][DEBUG] jax_fem: Function split_and_compute_cell took 0.0294 seconds
[07-02 12:09:34][DEBUG] jax_fem: CuDSSNewtonSolver: initial residual = 2.216e+08
[07-02 12:09:34][DEBUG] jax_fem: DeviceProblem: computing Jacobian on device
[07-02 12:09:34][DEBUG] jax_fem: Function split_and_compute_cell took 0.0253 seconds
[07-02 12:09:34][DEBUG] jax_fem: CuDSSNewtonSolver: iter=1  res=1.515e-05  rel=6.834e-14
[07-02 12:09:34][INFO] jax_fem: CuDSSNewtonSolver: solve finished in 0.09s  res=1.515e-05
[07-02 12:09:34][DEBUG] jax_fem: CuDSSNewtonSolver: starting Newton loop
[07-02 12:09:34][DEBUG] jax_fem: DeviceProblem: computing Jacobian on device
[07-02 12:09:34][DEBUG] jax_fem: Function split_and_compute_cell took 0.0265 seconds
[07-02 12:09:34][DEBUG] jax_fem: CuDSSNewtonSolver: initial residual = 2.211e+08
[07-02 12:09:34][DEBUG] jax_fem: DeviceProblem: computing Jacobian on device
[07-02 12:09:35][DEBUG] jax_fem: Function split_and_compute_cell took 0.0277 seconds
[07-02 12:09:35][DEBUG] jax_fem: CuDSSNewtonSolver: iter=1  res=1.684e-05  rel=7.619e-14
[07-02 12:09:35][INFO] jax_fem: CuDSSNewtonSolver: solve finished in 0.09s  res=1.684e-05
[07-02 12:09:35][DEBUG] jax_fem: CuDSSNewtonSolver: starting Newton loop
[07-02 12:09:35][DEBUG] jax_fem: DeviceProblem: computing Jacobian on device
[07-02 12:09:35][DEBUG] jax_fem: Function split_and_compute_cell took 0.0265 seconds
[07-02 12:09:35][DEBUG] jax_fem: CuDSSNewtonSolver: initial residual = 2.236e+08
[07-02 12:09:35][DEBUG] jax_fem: DeviceProblem: computing Jacobian on device
[07-02 12:09:35][DEBUG] jax_fem: Function split_and_compute_cell took 0.0271 seconds
[07-02 12:09:35][DEBUG] jax_fem: CuDSSNewtonSolver: iter=1  res=1.438e-05  rel=6.429e-14
[07-02 12:09:35][INFO] jax_fem: CuDSSNewtonSolver: solve finished in 0.09s  res=1.438e-05
[07-02 12:09:36][DEBUG] jax_fem: CuDSSNewtonSolver: starting Newton loop
[07-02 12:09:36][DEBUG] jax_fem: DeviceProblem: computing Jacobian on device
[07-02 12:09:36][DEBUG] jax_fem: Function split_and_compute_cell took 0.0263 seconds
[07-02 12:09:36][DEBUG] jax_fem: CuDSSNewtonSolver: initial residual = 2.223e+08
[07-02 12:09:36][DEBUG] jax_fem: DeviceProblem: computing Jacobian on device
[07-02 12:09:36][DEBUG] jax_fem: Function split_and_compute_cell took 0.0257 seconds
[07-02 12:09:36][DEBUG] jax_fem: CuDSSNewtonSolver: iter=1  res=1.271e-05  rel=5.718e-14
[07-02 12:09:36][INFO] jax_fem: CuDSSNewtonSolver: solve finished in 0.09s  res=1.271e-05
[07-02 12:09:36][INFO] jax_fem: CuDSS backward: solving adjoint problem …
[07-02 12:09:36][DEBUG] jax_fem: DeviceProblem: computing Jacobian on device
[07-02 12:09:36][DEBUG] jax_fem: Function split_and_compute_cell took 0.0282 seconds
[07-02 12:09:36][DEBUG] jax_fem: Computing cell residual...
[07-02 12:09:36][DEBUG] jax_fem: Function split_and_compute_cell took 0.0512 seconds
[07-02 12:09:36][INFO] jax_fem: CuDSS backward: solving adjoint problem …
[07-02 12:09:36][DEBUG] jax_fem: DeviceProblem: computing Jacobian on device
[07-02 12:09:36][DEBUG] jax_fem: Function split_and_compute_cell took 0.0401 seconds
[07-02 12:09:36][DEBUG] jax_fem: Computing cell residual...
[07-02 12:09:36][DEBUG] jax_fem: Function split_and_compute_cell took 0.0629 seconds
[07-02 12:09:37][INFO] jax_fem: CuDSS backward: solving adjoint problem …
[07-02 12:09:37][DEBUG] jax_fem: DeviceProblem: computing Jacobian on device
[07-02 12:09:37][DEBUG] jax_fem: Function split_and_compute_cell took 0.0593 seconds
[07-02 12:09:37][DEBUG] jax_fem: Computing cell residual...
[07-02 12:09:37][DEBUG] jax_fem: Function split_and_compute_cell took 0.0717 seconds
[07-02 12:09:37][INFO] jax_fem: CuDSS backward: solving adjoint problem …
[07-02 12:09:37][DEBUG] jax_fem: DeviceProblem: computing Jacobian on device
[07-02 12:09:37][DEBUG] jax_fem: Function split_and_compute_cell took 0.0402 seconds
[07-02 12:09:37][DEBUG] jax_fem: Computing cell residual...
[07-02 12:09:37][DEBUG] jax_fem: Function split_and_compute_cell took 0.0650 seconds
[07-02 12:09:37][INFO] jax_fem: CuDSS backward: solving adjoint problem …
[07-02 12:09:37][DEBUG] jax_fem: DeviceProblem: computing Jacobian on device
[07-02 12:09:37][DEBUG] jax_fem: Function split_and_compute_cell took 0.0476 seconds
[07-02 12:09:38][DEBUG] jax_fem: Computing cell residual...
[07-02 12:09:38][DEBUG] jax_fem: Function split_and_compute_cell took 0.0689 seconds
[07-02 12:09:39][DEBUG] jax_fem: CuDSSNewtonSolver: starting Newton loop
[07-02 12:09:39][DEBUG] jax_fem: DeviceProblem: computing Jacobian on device
[07-02 12:09:39][DEBUG] jax_fem: Function split_and_compute_cell took 0.0257 seconds
[07-02 12:09:39][DEBUG] jax_fem: CuDSSNewtonSolver: initial residual = 2.235e+08
[07-02 12:09:39][DEBUG] jax_fem: DeviceProblem: computing Jacobian on device
[07-02 12:09:39][DEBUG] jax_fem: Function split_and_compute_cell took 0.0447 seconds
[07-02 12:09:39][DEBUG] jax_fem: CuDSSNewtonSolver: iter=1  res=1.590e-05  rel=7.112e-14
[07-02 12:09:39][INFO] jax_fem: CuDSSNewtonSolver: solve finished in 0.11s  res=1.590e-05
[07-02 12:09:40][DEBUG] jax_fem: CuDSSNewtonSolver: starting Newton loop
[07-02 12:09:40][DEBUG] jax_fem: DeviceProblem: computing Jacobian on device
[07-02 12:09:40][DEBUG] jax_fem: Function split_and_compute_cell took 0.0331 seconds
[07-02 12:09:40][DEBUG] jax_fem: CuDSSNewtonSolver: initial residual = 2.216e+08
[07-02 12:09:40][DEBUG] jax_fem: DeviceProblem: computing Jacobian on device
[07-02 12:09:40][DEBUG] jax_fem: Function split_and_compute_cell took 0.0423 seconds
[07-02 12:09:40][DEBUG] jax_fem: CuDSSNewtonSolver: iter=1  res=1.479e-05  rel=6.671e-14
[07-02 12:09:40][INFO] jax_fem: CuDSSNewtonSolver: solve finished in 0.11s  res=1.479e-05
[07-02 12:09:40][DEBUG] jax_fem: CuDSSNewtonSolver: starting Newton loop
[07-02 12:09:40][DEBUG] jax_fem: DeviceProblem: computing Jacobian on device
[07-02 12:09:40][DEBUG] jax_fem: Function split_and_compute_cell took 0.0455 seconds
[07-02 12:09:40][DEBUG] jax_fem: CuDSSNewtonSolver: initial residual = 2.211e+08
[07-02 12:09:40][DEBUG] jax_fem: DeviceProblem: computing Jacobian on device
[07-02 12:09:40][DEBUG] jax_fem: Function split_and_compute_cell took 0.0238 seconds
[07-02 12:09:40][DEBUG] jax_fem: CuDSSNewtonSolver: iter=1  res=1.613e-05  rel=7.297e-14
[07-02 12:09:40][INFO] jax_fem: CuDSSNewtonSolver: solve finished in 0.11s  res=1.613e-05
[07-02 12:09:40][DEBUG] jax_fem: CuDSSNewtonSolver: starting Newton loop
[07-02 12:09:40][DEBUG] jax_fem: DeviceProblem: computing Jacobian on device
[07-02 12:09:40][DEBUG] jax_fem: Function split_and_compute_cell took 0.0546 seconds
[07-02 12:09:40][DEBUG] jax_fem: CuDSSNewtonSolver: initial residual = 2.236e+08
[07-02 12:09:40][DEBUG] jax_fem: DeviceProblem: computing Jacobian on device
[07-02 12:09:40][DEBUG] jax_fem: Function split_and_compute_cell took 0.0385 seconds
[07-02 12:09:40][DEBUG] jax_fem: CuDSSNewtonSolver: iter=1  res=1.549e-05  rel=6.927e-14
[07-02 12:09:40][INFO] jax_fem: CuDSSNewtonSolver: solve finished in 0.13s  res=1.549e-05
[07-02 12:09:41][DEBUG] jax_fem: CuDSSNewtonSolver: starting Newton loop
[07-02 12:09:41][DEBUG] jax_fem: DeviceProblem: computing Jacobian on device
[07-02 12:09:41][DEBUG] jax_fem: Function split_and_compute_cell took 0.0374 seconds
[07-02 12:09:41][DEBUG] jax_fem: CuDSSNewtonSolver: initial residual = 2.223e+08
[07-02 12:09:41][DEBUG] jax_fem: DeviceProblem: computing Jacobian on device
[07-02 12:09:41][DEBUG] jax_fem: Function split_and_compute_cell took 0.0482 seconds
[07-02 12:09:41][DEBUG] jax_fem: CuDSSNewtonSolver: iter=1  res=1.351e-05  rel=6.075e-14
[07-02 12:09:41][INFO] jax_fem: CuDSSNewtonSolver: solve finished in 0.13s  res=1.351e-05
[07-02 12:09:43][DEBUG] jax_fem: CuDSSNewtonSolver: starting Newton loop
[07-02 12:09:43][DEBUG] jax_fem: DeviceProblem: computing Jacobian on device
[07-02 12:09:43][DEBUG] jax_fem: Function split_and_compute_cell took 0.0255 seconds
[07-02 12:09:43][DEBUG] jax_fem: CuDSSNewtonSolver: initial residual = 2.235e+08
[07-02 12:09:43][DEBUG] jax_fem: DeviceProblem: computing Jacobian on device
[07-02 12:09:43][DEBUG] jax_fem: Function split_and_compute_cell took 0.0256 seconds
[07-02 12:09:43][DEBUG] jax_fem: CuDSSNewtonSolver: iter=1  res=1.544e-05  rel=6.909e-14
[07-02 12:09:43][INFO] jax_fem: CuDSSNewtonSolver: solve finished in 0.08s  res=1.544e-05
[07-02 12:09:43][DEBUG] jax_fem: CuDSSNewtonSolver: starting Newton loop
[07-02 12:09:43][DEBUG] jax_fem: DeviceProblem: computing Jacobian on device
[07-02 12:09:43][DEBUG] jax_fem: Function split_and_compute_cell took 0.0275 seconds
[07-02 12:09:43][DEBUG] jax_fem: CuDSSNewtonSolver: initial residual = 2.216e+08
[07-02 12:09:43][DEBUG] jax_fem: DeviceProblem: computing Jacobian on device
[07-02 12:09:43][DEBUG] jax_fem: Function split_and_compute_cell took 0.0267 seconds
[07-02 12:09:43][DEBUG] jax_fem: CuDSSNewtonSolver: iter=1  res=1.580e-05  rel=7.128e-14
[07-02 12:09:43][INFO] jax_fem: CuDSSNewtonSolver: solve finished in 0.09s  res=1.580e-05
[07-02 12:09:44][DEBUG] jax_fem: CuDSSNewtonSolver: starting Newton loop
[07-02 12:09:44][DEBUG] jax_fem: DeviceProblem: computing Jacobian on device
[07-02 12:09:44][DEBUG] jax_fem: Function split_and_compute_cell took 0.0260 seconds
[07-02 12:09:44][DEBUG] jax_fem: CuDSSNewtonSolver: initial residual = 2.211e+08
[07-02 12:09:44][DEBUG] jax_fem: DeviceProblem: computing Jacobian on device
[07-02 12:09:44][DEBUG] jax_fem: Function split_and_compute_cell took 0.0262 seconds
[07-02 12:09:44][DEBUG] jax_fem: CuDSSNewtonSolver: iter=1  res=1.639e-05  rel=7.416e-14
[07-02 12:09:44][INFO] jax_fem: CuDSSNewtonSolver: solve finished in 0.09s  res=1.639e-05
[07-02 12:09:44][DEBUG] jax_fem: CuDSSNewtonSolver: starting Newton loop
[07-02 12:09:45][DEBUG] jax_fem: DeviceProblem: computing Jacobian on device
[07-02 12:09:45][DEBUG] jax_fem: Function split_and_compute_cell took 0.0273 seconds
[07-02 12:09:45][DEBUG] jax_fem: CuDSSNewtonSolver: initial residual = 2.236e+08
[07-02 12:09:45][DEBUG] jax_fem: DeviceProblem: computing Jacobian on device
[07-02 12:09:45][DEBUG] jax_fem: Function split_and_compute_cell took 0.0274 seconds
[07-02 12:09:45][DEBUG] jax_fem: CuDSSNewtonSolver: iter=1  res=1.694e-05  rel=7.577e-14
[07-02 12:09:45][INFO] jax_fem: CuDSSNewtonSolver: solve finished in 0.09s  res=1.694e-05
[07-02 12:09:45][DEBUG] jax_fem: CuDSSNewtonSolver: starting Newton loop
[07-02 12:09:45][DEBUG] jax_fem: DeviceProblem: computing Jacobian on device
[07-02 12:09:45][DEBUG] jax_fem: Function split_and_compute_cell took 0.0282 seconds
[07-02 12:09:45][DEBUG] jax_fem: CuDSSNewtonSolver: initial residual = 2.223e+08
[07-02 12:09:45][DEBUG] jax_fem: DeviceProblem: computing Jacobian on device
[07-02 12:09:45][DEBUG] jax_fem: Function split_and_compute_cell took 0.0270 seconds
[07-02 12:09:45][DEBUG] jax_fem: CuDSSNewtonSolver: iter=1  res=1.383e-05  rel=6.219e-14
[07-02 12:09:45][INFO] jax_fem: CuDSSNewtonSolver: solve finished in 0.09s  res=1.383e-05
[07-02 12:09:45][INFO] jax_fem: CuDSS backward: solving adjoint problem …
[07-02 12:09:45][DEBUG] jax_fem: DeviceProblem: computing Jacobian on device
[07-02 12:09:45][DEBUG] jax_fem: Function split_and_compute_cell took 0.0282 seconds
[07-02 12:09:45][DEBUG] jax_fem: Computing cell residual...
[07-02 12:09:45][DEBUG] jax_fem: Function split_and_compute_cell took 0.0547 seconds
[07-02 12:09:46][INFO] jax_fem: CuDSS backward: solving adjoint problem …
[07-02 12:09:46][DEBUG] jax_fem: DeviceProblem: computing Jacobian on device
[07-02 12:09:46][DEBUG] jax_fem: Function split_and_compute_cell took 0.0426 seconds
[07-02 12:09:46][DEBUG] jax_fem: Computing cell residual...
[07-02 12:09:46][DEBUG] jax_fem: Function split_and_compute_cell took 0.0724 seconds
[07-02 12:09:46][INFO] jax_fem: CuDSS backward: solving adjoint problem …
[07-02 12:09:46][DEBUG] jax_fem: DeviceProblem: computing Jacobian on device
[07-02 12:09:46][DEBUG] jax_fem: Function split_and_compute_cell took 0.0343 seconds
[07-02 12:09:46][DEBUG] jax_fem: Computing cell residual...
[07-02 12:09:46][DEBUG] jax_fem: Function split_and_compute_cell took 0.0648 seconds
[07-02 12:09:46][INFO] jax_fem: CuDSS backward: solving adjoint problem …
[07-02 12:09:46][DEBUG] jax_fem: DeviceProblem: computing Jacobian on device
[07-02 12:09:46][DEBUG] jax_fem: Function split_and_compute_cell took 0.0405 seconds
[07-02 12:09:47][DEBUG] jax_fem: Computing cell residual...
[07-02 12:09:47][DEBUG] jax_fem: Function split_and_compute_cell took 0.0679 seconds
[07-02 12:09:47][INFO] jax_fem: CuDSS backward: solving adjoint problem …
[07-02 12:09:47][DEBUG] jax_fem: DeviceProblem: computing Jacobian on device
[07-02 12:09:47][DEBUG] jax_fem: Function split_and_compute_cell took 0.0505 seconds
[07-02 12:09:47][DEBUG] jax_fem: Computing cell residual...
[07-02 12:09:47][DEBUG] jax_fem: Function split_and_compute_cell took 0.0709 seconds
[07-02 12:09:48][DEBUG] jax_fem: CuDSSNewtonSolver: starting Newton loop
[07-02 12:09:48][DEBUG] jax_fem: DeviceProblem: computing Jacobian on device
[07-02 12:09:48][DEBUG] jax_fem: Function split_and_compute_cell took 0.0437 seconds
[07-02 12:09:49][DEBUG] jax_fem: CuDSSNewtonSolver: initial residual = 2.235e+08
[07-02 12:09:49][DEBUG] jax_fem: DeviceProblem: computing Jacobian on device
[07-02 12:09:49][DEBUG] jax_fem: Function split_and_compute_cell took 0.0376 seconds
[07-02 12:09:49][DEBUG] jax_fem: CuDSSNewtonSolver: iter=1  res=1.699e-05  rel=7.603e-14
[07-02 12:09:49][INFO] jax_fem: CuDSSNewtonSolver: solve finished in 0.13s  res=1.699e-05
[07-02 12:09:49][DEBUG] jax_fem: CuDSSNewtonSolver: starting Newton loop
[07-02 12:09:49][DEBUG] jax_fem: DeviceProblem: computing Jacobian on device
[07-02 12:09:49][DEBUG] jax_fem: Function split_and_compute_cell took 0.0266 seconds
[07-02 12:09:49][DEBUG] jax_fem: CuDSSNewtonSolver: initial residual = 2.216e+08
[07-02 12:09:49][DEBUG] jax_fem: DeviceProblem: computing Jacobian on device
[07-02 12:09:49][DEBUG] jax_fem: Function split_and_compute_cell took 0.0296 seconds
[07-02 12:09:49][DEBUG] jax_fem: CuDSSNewtonSolver: iter=1  res=1.602e-05  rel=7.229e-14
[07-02 12:09:49][INFO] jax_fem: CuDSSNewtonSolver: solve finished in 0.10s  res=1.602e-05
[07-02 12:09:49][DEBUG] jax_fem: CuDSSNewtonSolver: starting Newton loop
[07-02 12:09:49][DEBUG] jax_fem: DeviceProblem: computing Jacobian on device
[07-02 12:09:49][DEBUG] jax_fem: Function split_and_compute_cell took 0.0395 seconds
[07-02 12:09:49][DEBUG] jax_fem: CuDSSNewtonSolver: initial residual = 2.211e+08
[07-02 12:09:49][DEBUG] jax_fem: DeviceProblem: computing Jacobian on device
[07-02 12:09:49][DEBUG] jax_fem: Function split_and_compute_cell took 0.0348 seconds
[07-02 12:09:49][DEBUG] jax_fem: CuDSSNewtonSolver: iter=1  res=1.759e-05  rel=7.955e-14
[07-02 12:09:49][INFO] jax_fem: CuDSSNewtonSolver: solve finished in 0.11s  res=1.759e-05
[07-02 12:09:49][DEBUG] jax_fem: CuDSSNewtonSolver: starting Newton loop
[07-02 12:09:49][DEBUG] jax_fem: DeviceProblem: computing Jacobian on device
[07-02 12:09:49][DEBUG] jax_fem: Function split_and_compute_cell took 0.0306 seconds
[07-02 12:09:49][DEBUG] jax_fem: CuDSSNewtonSolver: initial residual = 2.236e+08
[07-02 12:09:50][DEBUG] jax_fem: DeviceProblem: computing Jacobian on device
[07-02 12:09:50][DEBUG] jax_fem: Function split_and_compute_cell took 0.0330 seconds
[07-02 12:09:50][DEBUG] jax_fem: CuDSSNewtonSolver: iter=1  res=1.431e-05  rel=6.398e-14
[07-02 12:09:50][INFO] jax_fem: CuDSSNewtonSolver: solve finished in 0.11s  res=1.431e-05
[07-02 12:09:50][DEBUG] jax_fem: CuDSSNewtonSolver: starting Newton loop
[07-02 12:09:50][DEBUG] jax_fem: DeviceProblem: computing Jacobian on device
[07-02 12:09:50][DEBUG] jax_fem: Function split_and_compute_cell took 0.0292 seconds
[07-02 12:09:50][DEBUG] jax_fem: CuDSSNewtonSolver: initial residual = 2.223e+08
[07-02 12:09:50][DEBUG] jax_fem: DeviceProblem: computing Jacobian on device
[07-02 12:09:50][DEBUG] jax_fem: Function split_and_compute_cell took 0.0271 seconds
[07-02 12:09:50][DEBUG] jax_fem: CuDSSNewtonSolver: iter=1  res=1.317e-05  rel=5.922e-14
[07-02 12:09:50][INFO] jax_fem: CuDSSNewtonSolver: solve finished in 0.09s  res=1.317e-05
[07-02 12:09:51][DEBUG] jax_fem: CuDSSNewtonSolver: starting Newton loop
[07-02 12:09:51][DEBUG] jax_fem: DeviceProblem: computing Jacobian on device
[07-02 12:09:52][DEBUG] jax_fem: Function split_and_compute_cell took 0.0275 seconds
[07-02 12:09:52][DEBUG] jax_fem: CuDSSNewtonSolver: initial residual = 2.235e+08
[07-02 12:09:52][DEBUG] jax_fem: DeviceProblem: computing Jacobian on device
[07-02 12:09:52][DEBUG] jax_fem: Function split_and_compute_cell took 0.0266 seconds
[07-02 12:09:52][DEBUG] jax_fem: CuDSSNewtonSolver: iter=1  res=1.531e-05  rel=6.851e-14
[07-02 12:09:52][INFO] jax_fem: CuDSSNewtonSolver: solve finished in 0.09s  res=1.531e-05
[07-02 12:09:52][DEBUG] jax_fem: CuDSSNewtonSolver: starting Newton loop
[07-02 12:09:52][DEBUG] jax_fem: DeviceProblem: computing Jacobian on device
[07-02 12:09:52][DEBUG] jax_fem: Function split_and_compute_cell took 0.0264 seconds
[07-02 12:09:52][DEBUG] jax_fem: CuDSSNewtonSolver: initial residual = 2.216e+08
[07-02 12:09:52][DEBUG] jax_fem: DeviceProblem: computing Jacobian on device
[07-02 12:09:52][DEBUG] jax_fem: Function split_and_compute_cell took 0.0269 seconds
[07-02 12:09:52][DEBUG] jax_fem: CuDSSNewtonSolver: iter=1  res=1.494e-05  rel=6.739e-14
[07-02 12:09:52][INFO] jax_fem: CuDSSNewtonSolver: solve finished in 0.09s  res=1.494e-05
[07-02 12:09:53][DEBUG] jax_fem: CuDSSNewtonSolver: starting Newton loop
[07-02 12:09:53][DEBUG] jax_fem: DeviceProblem: computing Jacobian on device
[07-02 12:09:53][DEBUG] jax_fem: Function split_and_compute_cell took 0.0254 seconds
[07-02 12:09:53][DEBUG] jax_fem: CuDSSNewtonSolver: initial residual = 2.211e+08
[07-02 12:09:53][DEBUG] jax_fem: DeviceProblem: computing Jacobian on device
[07-02 12:09:53][DEBUG] jax_fem: Function split_and_compute_cell took 0.0256 seconds
[07-02 12:09:53][DEBUG] jax_fem: CuDSSNewtonSolver: iter=1  res=1.601e-05  rel=7.243e-14
[07-02 12:09:53][INFO] jax_fem: CuDSSNewtonSolver: solve finished in 0.09s  res=1.601e-05
[07-02 12:09:53][DEBUG] jax_fem: CuDSSNewtonSolver: starting Newton loop
[07-02 12:09:53][DEBUG] jax_fem: DeviceProblem: computing Jacobian on device
[07-02 12:09:53][DEBUG] jax_fem: Function split_and_compute_cell took 0.0263 seconds
[07-02 12:09:53][DEBUG] jax_fem: CuDSSNewtonSolver: initial residual = 2.236e+08
[07-02 12:09:53][DEBUG] jax_fem: DeviceProblem: computing Jacobian on device
[07-02 12:09:53][DEBUG] jax_fem: Function split_and_compute_cell took 0.0268 seconds
[07-02 12:09:53][DEBUG] jax_fem: CuDSSNewtonSolver: iter=1  res=1.559e-05  rel=6.970e-14
[07-02 12:09:53][INFO] jax_fem: CuDSSNewtonSolver: solve finished in 0.09s  res=1.559e-05
[07-02 12:09:54][DEBUG] jax_fem: CuDSSNewtonSolver: starting Newton loop
[07-02 12:09:54][DEBUG] jax_fem: DeviceProblem: computing Jacobian on device
[07-02 12:09:54][DEBUG] jax_fem: Function split_and_compute_cell took 0.0253 seconds
[07-02 12:09:54][DEBUG] jax_fem: CuDSSNewtonSolver: initial residual = 2.223e+08
[07-02 12:09:54][DEBUG] jax_fem: DeviceProblem: computing Jacobian on device
[07-02 12:09:54][DEBUG] jax_fem: Function split_and_compute_cell took 0.0278 seconds
[07-02 12:09:54][DEBUG] jax_fem: CuDSSNewtonSolver: iter=1  res=1.412e-05  rel=6.352e-14
[07-02 12:09:54][INFO] jax_fem: CuDSSNewtonSolver: solve finished in 0.09s  res=1.412e-05
[07-02 12:09:54][INFO] jax_fem: CuDSS backward: solving adjoint problem …
[07-02 12:09:54][DEBUG] jax_fem: DeviceProblem: computing Jacobian on device
[07-02 12:09:54][DEBUG] jax_fem: Function split_and_compute_cell took 0.0345 seconds
[07-02 12:09:54][DEBUG] jax_fem: Computing cell residual...
[07-02 12:09:54][DEBUG] jax_fem: Function split_and_compute_cell took 0.0618 seconds
[07-02 12:09:54][INFO] jax_fem: CuDSS backward: solving adjoint problem …
[07-02 12:09:54][DEBUG] jax_fem: DeviceProblem: computing Jacobian on device
[07-02 12:09:54][DEBUG] jax_fem: Function split_and_compute_cell took 0.0310 seconds
[07-02 12:09:54][DEBUG] jax_fem: Computing cell residual...
[07-02 12:09:55][DEBUG] jax_fem: Function split_and_compute_cell took 0.0821 seconds
[07-02 12:09:55][INFO] jax_fem: CuDSS backward: solving adjoint problem …
[07-02 12:09:55][DEBUG] jax_fem: DeviceProblem: computing Jacobian on device
[07-02 12:09:55][DEBUG] jax_fem: Function split_and_compute_cell took 0.0408 seconds
[07-02 12:09:55][DEBUG] jax_fem: Computing cell residual...
[07-02 12:09:55][DEBUG] jax_fem: Function split_and_compute_cell took 0.0612 seconds
[07-02 12:09:55][INFO] jax_fem: CuDSS backward: solving adjoint problem …
[07-02 12:09:55][DEBUG] jax_fem: DeviceProblem: computing Jacobian on device
[07-02 12:09:55][DEBUG] jax_fem: Function split_and_compute_cell took 0.0253 seconds
[07-02 12:09:55][DEBUG] jax_fem: Computing cell residual...
[07-02 12:09:55][DEBUG] jax_fem: Function split_and_compute_cell took 0.0558 seconds
[07-02 12:09:56][INFO] jax_fem: CuDSS backward: solving adjoint problem …
[07-02 12:09:56][DEBUG] jax_fem: DeviceProblem: computing Jacobian on device
[07-02 12:09:56][DEBUG] jax_fem: Function split_and_compute_cell took 0.0410 seconds
[07-02 12:09:56][DEBUG] jax_fem: Computing cell residual...
[07-02 12:09:56][DEBUG] jax_fem: Function split_and_compute_cell took 0.0599 seconds
[07-02 12:09:57][DEBUG] jax_fem: CuDSSNewtonSolver: starting Newton loop
[07-02 12:09:57][DEBUG] jax_fem: DeviceProblem: computing Jacobian on device
[07-02 12:09:57][DEBUG] jax_fem: Function split_and_compute_cell took 0.0276 seconds
[07-02 12:09:57][DEBUG] jax_fem: CuDSSNewtonSolver: initial residual = 2.235e+08
[07-02 12:09:57][DEBUG] jax_fem: DeviceProblem: computing Jacobian on device
[07-02 12:09:57][DEBUG] jax_fem: Function split_and_compute_cell took 0.0322 seconds
[07-02 12:09:57][DEBUG] jax_fem: CuDSSNewtonSolver: iter=1  res=1.602e-05  rel=7.168e-14
[07-02 12:09:57][INFO] jax_fem: CuDSSNewtonSolver: solve finished in 0.11s  res=1.602e-05
[07-02 12:09:58][DEBUG] jax_fem: CuDSSNewtonSolver: starting Newton loop
[07-02 12:09:58][DEBUG] jax_fem: DeviceProblem: computing Jacobian on device
[07-02 12:09:58][DEBUG] jax_fem: Function split_and_compute_cell took 0.0386 seconds
[07-02 12:09:58][DEBUG] jax_fem: CuDSSNewtonSolver: initial residual = 2.216e+08
[07-02 12:09:58][DEBUG] jax_fem: DeviceProblem: computing Jacobian on device
[07-02 12:09:58][DEBUG] jax_fem: Function split_and_compute_cell took 0.0331 seconds
[07-02 12:09:58][DEBUG] jax_fem: CuDSSNewtonSolver: iter=1  res=1.531e-05  rel=6.908e-14
[07-02 12:09:58][INFO] jax_fem: CuDSSNewtonSolver: solve finished in 0.12s  res=1.531e-05
[07-02 12:09:58][DEBUG] jax_fem: CuDSSNewtonSolver: starting Newton loop
[07-02 12:09:58][DEBUG] jax_fem: DeviceProblem: computing Jacobian on device
[07-02 12:09:58][DEBUG] jax_fem: Function split_and_compute_cell took 0.0241 seconds
[07-02 12:09:58][DEBUG] jax_fem: CuDSSNewtonSolver: initial residual = 2.211e+08
[07-02 12:09:58][DEBUG] jax_fem: DeviceProblem: computing Jacobian on device
[07-02 12:09:58][DEBUG] jax_fem: Function split_and_compute_cell took 0.0292 seconds
[07-02 12:09:58][DEBUG] jax_fem: CuDSSNewtonSolver: iter=1  res=1.681e-05  rel=7.604e-14
[07-02 12:09:58][INFO] jax_fem: CuDSSNewtonSolver: solve finished in 0.09s  res=1.681e-05
[07-02 12:09:58][DEBUG] jax_fem: CuDSSNewtonSolver: starting Newton loop
[07-02 12:09:58][DEBUG] jax_fem: DeviceProblem: computing Jacobian on device
[07-02 12:09:58][DEBUG] jax_fem: Function split_and_compute_cell took 0.0449 seconds
[07-02 12:09:58][DEBUG] jax_fem: CuDSSNewtonSolver: initial residual = 2.236e+08
[07-02 12:09:58][DEBUG] jax_fem: DeviceProblem: computing Jacobian on device
[07-02 12:09:58][DEBUG] jax_fem: Function split_and_compute_cell took 0.0344 seconds
[07-02 12:09:58][DEBUG] jax_fem: CuDSSNewtonSolver: iter=1  res=1.496e-05  rel=6.691e-14
[07-02 12:09:58][INFO] jax_fem: CuDSSNewtonSolver: solve finished in 0.12s  res=1.496e-05
[07-02 12:09:59][DEBUG] jax_fem: CuDSSNewtonSolver: starting Newton loop
[07-02 12:09:59][DEBUG] jax_fem: DeviceProblem: computing Jacobian on device
[07-02 12:09:59][DEBUG] jax_fem: Function split_and_compute_cell took 0.0302 seconds
[07-02 12:09:59][DEBUG] jax_fem: CuDSSNewtonSolver: initial residual = 2.223e+08
[07-02 12:09:59][DEBUG] jax_fem: DeviceProblem: computing Jacobian on device
[07-02 12:09:59][DEBUG] jax_fem: Function split_and_compute_cell took 0.0383 seconds
[07-02 12:09:59][DEBUG] jax_fem: CuDSSNewtonSolver: iter=1  res=1.347e-05  rel=6.059e-14
[07-02 12:09:59][INFO] jax_fem: CuDSSNewtonSolver: solve finished in 0.11s  res=1.347e-05
[07-02 12:10:00][DEBUG] jax_fem: CuDSSNewtonSolver: starting Newton loop
[07-02 12:10:00][DEBUG] jax_fem: DeviceProblem: computing Jacobian on device
[07-02 12:10:01][DEBUG] jax_fem: Function split_and_compute_cell took 0.0279 seconds
[07-02 12:10:01][DEBUG] jax_fem: CuDSSNewtonSolver: initial residual = 2.235e+08
[07-02 12:10:01][DEBUG] jax_fem: DeviceProblem: computing Jacobian on device
[07-02 12:10:01][DEBUG] jax_fem: Function split_and_compute_cell took 0.0271 seconds
[07-02 12:10:01][DEBUG] jax_fem: CuDSSNewtonSolver: iter=1  res=1.490e-05  rel=6.669e-14
[07-02 12:10:01][INFO] jax_fem: CuDSSNewtonSolver: solve finished in 0.09s  res=1.490e-05
[07-02 12:10:01][DEBUG] jax_fem: CuDSSNewtonSolver: starting Newton loop
[07-02 12:10:01][DEBUG] jax_fem: DeviceProblem: computing Jacobian on device
[07-02 12:10:01][DEBUG] jax_fem: Function split_and_compute_cell took 0.0267 seconds
[07-02 12:10:01][DEBUG] jax_fem: CuDSSNewtonSolver: initial residual = 2.216e+08
[07-02 12:10:01][DEBUG] jax_fem: DeviceProblem: computing Jacobian on device
[07-02 12:10:01][DEBUG] jax_fem: Function split_and_compute_cell took 0.0268 seconds
[07-02 12:10:01][DEBUG] jax_fem: CuDSSNewtonSolver: iter=1  res=1.571e-05  rel=7.088e-14
[07-02 12:10:01][INFO] jax_fem: CuDSSNewtonSolver: solve finished in 0.09s  res=1.571e-05
[07-02 12:10:02][DEBUG] jax_fem: CuDSSNewtonSolver: starting Newton loop
[07-02 12:10:02][DEBUG] jax_fem: DeviceProblem: computing Jacobian on device
[07-02 12:10:02][DEBUG] jax_fem: Function split_and_compute_cell took 0.0269 seconds
[07-02 12:10:02][DEBUG] jax_fem: CuDSSNewtonSolver: initial residual = 2.211e+08
[07-02 12:10:02][DEBUG] jax_fem: DeviceProblem: computing Jacobian on device
[07-02 12:10:02][DEBUG] jax_fem: Function split_and_compute_cell took 0.0268 seconds
[07-02 12:10:02][DEBUG] jax_fem: CuDSSNewtonSolver: iter=1  res=1.698e-05  rel=7.680e-14
[07-02 12:10:02][INFO] jax_fem: CuDSSNewtonSolver: solve finished in 0.09s  res=1.698e-05
[07-02 12:10:02][DEBUG] jax_fem: CuDSSNewtonSolver: starting Newton loop
[07-02 12:10:02][DEBUG] jax_fem: DeviceProblem: computing Jacobian on device
[07-02 12:10:02][DEBUG] jax_fem: Function split_and_compute_cell took 0.0257 seconds
[07-02 12:10:02][DEBUG] jax_fem: CuDSSNewtonSolver: initial residual = 2.236e+08
[07-02 12:10:02][DEBUG] jax_fem: DeviceProblem: computing Jacobian on device
[07-02 12:10:02][DEBUG] jax_fem: Function split_and_compute_cell took 0.0260 seconds
[07-02 12:10:02][DEBUG] jax_fem: CuDSSNewtonSolver: iter=1  res=1.444e-05  rel=6.455e-14
[07-02 12:10:02][INFO] jax_fem: CuDSSNewtonSolver: solve finished in 0.09s  res=1.444e-05
[07-02 12:10:03][DEBUG] jax_fem: CuDSSNewtonSolver: starting Newton loop
[07-02 12:10:03][DEBUG] jax_fem: DeviceProblem: computing Jacobian on device
[07-02 12:10:03][DEBUG] jax_fem: Function split_and_compute_cell took 0.0285 seconds
[07-02 12:10:03][DEBUG] jax_fem: CuDSSNewtonSolver: initial residual = 2.223e+08
[07-02 12:10:03][DEBUG] jax_fem: DeviceProblem: computing Jacobian on device
[07-02 12:10:03][DEBUG] jax_fem: Function split_and_compute_cell took 0.0262 seconds
[07-02 12:10:03][DEBUG] jax_fem: CuDSSNewtonSolver: iter=1  res=1.321e-05  rel=5.943e-14
[07-02 12:10:03][INFO] jax_fem: CuDSSNewtonSolver: solve finished in 0.09s  res=1.321e-05
[07-02 12:10:03][INFO] jax_fem: CuDSS backward: solving adjoint problem …
[07-02 12:10:03][DEBUG] jax_fem: DeviceProblem: computing Jacobian on device
[07-02 12:10:03][DEBUG] jax_fem: Function split_and_compute_cell took 0.0398 seconds
[07-02 12:10:03][DEBUG] jax_fem: Computing cell residual...
[07-02 12:10:03][DEBUG] jax_fem: Function split_and_compute_cell took 0.0632 seconds
[07-02 12:10:03][INFO] jax_fem: CuDSS backward: solving adjoint problem …
[07-02 12:10:03][DEBUG] jax_fem: DeviceProblem: computing Jacobian on device
[07-02 12:10:03][DEBUG] jax_fem: Function split_and_compute_cell took 0.0321 seconds
[07-02 12:10:04][DEBUG] jax_fem: Computing cell residual...
[07-02 12:10:04][DEBUG] jax_fem: Function split_and_compute_cell took 0.0597 seconds
[07-02 12:10:04][INFO] jax_fem: CuDSS backward: solving adjoint problem …
[07-02 12:10:04][DEBUG] jax_fem: DeviceProblem: computing Jacobian on device
[07-02 12:10:04][DEBUG] jax_fem: Function split_and_compute_cell took 0.0272 seconds
[07-02 12:10:04][DEBUG] jax_fem: Computing cell residual...
[07-02 12:10:04][DEBUG] jax_fem: Function split_and_compute_cell took 0.0597 seconds
[07-02 12:10:04][INFO] jax_fem: CuDSS backward: solving adjoint problem …
[07-02 12:10:04][DEBUG] jax_fem: DeviceProblem: computing Jacobian on device
[07-02 12:10:04][DEBUG] jax_fem: Function split_and_compute_cell took 0.0243 seconds
[07-02 12:10:04][DEBUG] jax_fem: Computing cell residual...
[07-02 12:10:04][DEBUG] jax_fem: Function split_and_compute_cell took 0.0649 seconds
[07-02 12:10:05][INFO] jax_fem: CuDSS backward: solving adjoint problem …
[07-02 12:10:05][DEBUG] jax_fem: DeviceProblem: computing Jacobian on device
[07-02 12:10:05][DEBUG] jax_fem: Function split_and_compute_cell took 0.0344 seconds
[07-02 12:10:05][DEBUG] jax_fem: Computing cell residual...
[07-02 12:10:05][DEBUG] jax_fem: Function split_and_compute_cell took 0.0736 seconds
[07-02 12:10:06][DEBUG] jax_fem: CuDSSNewtonSolver: starting Newton loop
[07-02 12:10:06][DEBUG] jax_fem: DeviceProblem: computing Jacobian on device
[07-02 12:10:06][DEBUG] jax_fem: Function split_and_compute_cell took 0.0423 seconds
[07-02 12:10:06][DEBUG] jax_fem: CuDSSNewtonSolver: initial residual = 2.235e+08
[07-02 12:10:06][DEBUG] jax_fem: DeviceProblem: computing Jacobian on device
[07-02 12:10:06][DEBUG] jax_fem: Function split_and_compute_cell took 0.0534 seconds
[07-02 12:10:06][DEBUG] jax_fem: CuDSSNewtonSolver: iter=1  res=1.574e-05  rel=7.044e-14
[07-02 12:10:06][INFO] jax_fem: CuDSSNewtonSolver: solve finished in 0.14s  res=1.574e-05
[07-02 12:10:07][DEBUG] jax_fem: CuDSSNewtonSolver: starting Newton loop
[07-02 12:10:07][DEBUG] jax_fem: DeviceProblem: computing Jacobian on device
[07-02 12:10:07][DEBUG] jax_fem: Function split_and_compute_cell took 0.0437 seconds
[07-02 12:10:07][DEBUG] jax_fem: CuDSSNewtonSolver: initial residual = 2.216e+08
[07-02 12:10:07][DEBUG] jax_fem: DeviceProblem: computing Jacobian on device
[07-02 12:10:07][DEBUG] jax_fem: Function split_and_compute_cell took 0.0272 seconds
[07-02 12:10:07][DEBUG] jax_fem: CuDSSNewtonSolver: iter=1  res=1.519e-05  rel=6.855e-14
[07-02 12:10:07][INFO] jax_fem: CuDSSNewtonSolver: solve finished in 0.11s  res=1.519e-05
[07-02 12:10:07][DEBUG] jax_fem: CuDSSNewtonSolver: starting Newton loop
[07-02 12:10:07][DEBUG] jax_fem: DeviceProblem: computing Jacobian on device
[07-02 12:10:07][DEBUG] jax_fem: Function split_and_compute_cell took 0.0348 seconds
[07-02 12:10:07][DEBUG] jax_fem: CuDSSNewtonSolver: initial residual = 2.211e+08
[07-02 12:10:07][DEBUG] jax_fem: DeviceProblem: computing Jacobian on device
[07-02 12:10:07][DEBUG] jax_fem: Function split_and_compute_cell took 0.0286 seconds
[07-02 12:10:07][DEBUG] jax_fem: CuDSSNewtonSolver: iter=1  res=1.646e-05  rel=7.448e-14
[07-02 12:10:07][INFO] jax_fem: CuDSSNewtonSolver: solve finished in 0.10s  res=1.646e-05
[07-02 12:10:07][DEBUG] jax_fem: CuDSSNewtonSolver: starting Newton loop
[07-02 12:10:07][DEBUG] jax_fem: DeviceProblem: computing Jacobian on device
[07-02 12:10:07][DEBUG] jax_fem: Function split_and_compute_cell took 0.0248 seconds
[07-02 12:10:07][DEBUG] jax_fem: CuDSSNewtonSolver: initial residual = 2.236e+08
[07-02 12:10:07][DEBUG] jax_fem: DeviceProblem: computing Jacobian on device
[07-02 12:10:07][DEBUG] jax_fem: Function split_and_compute_cell took 0.0304 seconds
[07-02 12:10:07][DEBUG] jax_fem: CuDSSNewtonSolver: iter=1  res=1.638e-05  rel=7.324e-14
[07-02 12:10:07][INFO] jax_fem: CuDSSNewtonSolver: solve finished in 0.09s  res=1.638e-05
[07-02 12:10:08][DEBUG] jax_fem: CuDSSNewtonSolver: starting Newton loop
[07-02 12:10:08][DEBUG] jax_fem: DeviceProblem: computing Jacobian on device
[07-02 12:10:08][DEBUG] jax_fem: Function split_and_compute_cell took 0.0343 seconds
[07-02 12:10:08][DEBUG] jax_fem: CuDSSNewtonSolver: initial residual = 2.223e+08
[07-02 12:10:08][DEBUG] jax_fem: DeviceProblem: computing Jacobian on device
[07-02 12:10:08][DEBUG] jax_fem: Function split_and_compute_cell took 0.0339 seconds
[07-02 12:10:08][DEBUG] jax_fem: CuDSSNewtonSolver: iter=1  res=1.311e-05  rel=5.897e-14
[07-02 12:10:08][INFO] jax_fem: CuDSSNewtonSolver: solve finished in 0.11s  res=1.311e-05
[07-02 12:10:10][DEBUG] jax_fem: CuDSSNewtonSolver: starting Newton loop
[07-02 12:10:10][DEBUG] jax_fem: DeviceProblem: computing Jacobian on device
[07-02 12:10:10][DEBUG] jax_fem: Function split_and_compute_cell took 0.0270 seconds
[07-02 12:10:10][DEBUG] jax_fem: CuDSSNewtonSolver: initial residual = 2.235e+08
[07-02 12:10:10][DEBUG] jax_fem: DeviceProblem: computing Jacobian on device
[07-02 12:10:10][DEBUG] jax_fem: Function split_and_compute_cell took 0.0260 seconds
[07-02 12:10:10][DEBUG] jax_fem: CuDSSNewtonSolver: iter=1  res=1.431e-05  rel=6.404e-14
[07-02 12:10:10][INFO] jax_fem: CuDSSNewtonSolver: solve finished in 0.09s  res=1.431e-05
[07-02 12:10:10][DEBUG] jax_fem: CuDSSNewtonSolver: starting Newton loop
[07-02 12:10:10][DEBUG] jax_fem: DeviceProblem: computing Jacobian on device
[07-02 12:10:10][DEBUG] jax_fem: Function split_and_compute_cell took 0.0265 seconds
[07-02 12:10:10][DEBUG] jax_fem: CuDSSNewtonSolver: initial residual = 2.216e+08
[07-02 12:10:10][DEBUG] jax_fem: DeviceProblem: computing Jacobian on device
[07-02 12:10:10][DEBUG] jax_fem: Function split_and_compute_cell took 0.0272 seconds
[07-02 12:10:10][DEBUG] jax_fem: CuDSSNewtonSolver: iter=1  res=1.501e-05  rel=6.774e-14
[07-02 12:10:10][INFO] jax_fem: CuDSSNewtonSolver: solve finished in 0.09s  res=1.501e-05
[07-02 12:10:11][DEBUG] jax_fem: CuDSSNewtonSolver: starting Newton loop
[07-02 12:10:11][DEBUG] jax_fem: DeviceProblem: computing Jacobian on device
[07-02 12:10:11][DEBUG] jax_fem: Function split_and_compute_cell took 0.0270 seconds
[07-02 12:10:11][DEBUG] jax_fem: CuDSSNewtonSolver: initial residual = 2.211e+08
[07-02 12:10:11][DEBUG] jax_fem: DeviceProblem: computing Jacobian on device
[07-02 12:10:11][DEBUG] jax_fem: Function split_and_compute_cell took 0.0268 seconds
[07-02 12:10:11][DEBUG] jax_fem: CuDSSNewtonSolver: iter=1  res=1.675e-05  rel=7.579e-14
[07-02 12:10:11][INFO] jax_fem: CuDSSNewtonSolver: solve finished in 0.09s  res=1.675e-05
[07-02 12:10:11][DEBUG] jax_fem: CuDSSNewtonSolver: starting Newton loop
[07-02 12:10:11][DEBUG] jax_fem: DeviceProblem: computing Jacobian on device
[07-02 12:10:11][DEBUG] jax_fem: Function split_and_compute_cell took 0.0282 seconds
[07-02 12:10:11][DEBUG] jax_fem: CuDSSNewtonSolver: initial residual = 2.236e+08
[07-02 12:10:11][DEBUG] jax_fem: DeviceProblem: computing Jacobian on device
[07-02 12:10:11][DEBUG] jax_fem: Function split_and_compute_cell took 0.0267 seconds
[07-02 12:10:11][DEBUG] jax_fem: CuDSSNewtonSolver: iter=1  res=1.512e-05  rel=6.759e-14
[07-02 12:10:11][INFO] jax_fem: CuDSSNewtonSolver: solve finished in 0.09s  res=1.512e-05
[07-02 12:10:12][DEBUG] jax_fem: CuDSSNewtonSolver: starting Newton loop
[07-02 12:10:12][DEBUG] jax_fem: DeviceProblem: computing Jacobian on device
[07-02 12:10:12][DEBUG] jax_fem: Function split_and_compute_cell took 0.0266 seconds
[07-02 12:10:12][DEBUG] jax_fem: CuDSSNewtonSolver: initial residual = 2.223e+08
[07-02 12:10:12][DEBUG] jax_fem: DeviceProblem: computing Jacobian on device
[07-02 12:10:12][DEBUG] jax_fem: Function split_and_compute_cell took 0.0298 seconds
[07-02 12:10:12][DEBUG] jax_fem: CuDSSNewtonSolver: iter=1  res=1.310e-05  rel=5.894e-14
[07-02 12:10:12][INFO] jax_fem: CuDSSNewtonSolver: solve finished in 0.09s  res=1.310e-05
[07-02 12:10:12][INFO] jax_fem: CuDSS backward: solving adjoint problem …
[07-02 12:10:12][DEBUG] jax_fem: DeviceProblem: computing Jacobian on device
[07-02 12:10:12][DEBUG] jax_fem: Function split_and_compute_cell took 0.0265 seconds
[07-02 12:10:12][DEBUG] jax_fem: Computing cell residual...
[07-02 12:10:12][DEBUG] jax_fem: Function split_and_compute_cell took 0.0723 seconds
[07-02 12:10:13][INFO] jax_fem: CuDSS backward: solving adjoint problem …
[07-02 12:10:13][DEBUG] jax_fem: DeviceProblem: computing Jacobian on device
[07-02 12:10:13][DEBUG] jax_fem: Function split_and_compute_cell took 0.0246 seconds
[07-02 12:10:13][DEBUG] jax_fem: Computing cell residual...
[07-02 12:10:13][DEBUG] jax_fem: Function split_and_compute_cell took 0.0679 seconds
[07-02 12:10:13][INFO] jax_fem: CuDSS backward: solving adjoint problem …
[07-02 12:10:13][DEBUG] jax_fem: DeviceProblem: computing Jacobian on device
[07-02 12:10:13][DEBUG] jax_fem: Function split_and_compute_cell took 0.0341 seconds
[07-02 12:10:13][DEBUG] jax_fem: Computing cell residual...
[07-02 12:10:13][DEBUG] jax_fem: Function split_and_compute_cell took 0.0595 seconds
[07-02 12:10:13][INFO] jax_fem: CuDSS backward: solving adjoint problem …
[07-02 12:10:13][DEBUG] jax_fem: DeviceProblem: computing Jacobian on device
[07-02 12:10:13][DEBUG] jax_fem: Function split_and_compute_cell took 0.0386 seconds
[07-02 12:10:13][DEBUG] jax_fem: Computing cell residual...
[07-02 12:10:13][DEBUG] jax_fem: Function split_and_compute_cell took 0.0728 seconds
[07-02 12:10:14][INFO] jax_fem: CuDSS backward: solving adjoint problem …
[07-02 12:10:14][DEBUG] jax_fem: DeviceProblem: computing Jacobian on device
[07-02 12:10:14][DEBUG] jax_fem: Function split_and_compute_cell took 0.0412 seconds
[07-02 12:10:14][DEBUG] jax_fem: Computing cell residual...
[07-02 12:10:14][DEBUG] jax_fem: Function split_and_compute_cell took 0.0731 seconds
[07-02 12:10:15][DEBUG] jax_fem: CuDSSNewtonSolver: starting Newton loop
[07-02 12:10:15][DEBUG] jax_fem: DeviceProblem: computing Jacobian on device
[07-02 12:10:15][DEBUG] jax_fem: Function split_and_compute_cell took 0.0285 seconds
[07-02 12:10:15][DEBUG] jax_fem: CuDSSNewtonSolver: initial residual = 2.235e+08
[07-02 12:10:15][DEBUG] jax_fem: DeviceProblem: computing Jacobian on device
[07-02 12:10:16][DEBUG] jax_fem: Function split_and_compute_cell took 0.0270 seconds
[07-02 12:10:16][DEBUG] jax_fem: CuDSSNewtonSolver: iter=1  res=1.485e-05  rel=6.645e-14
[07-02 12:10:16][INFO] jax_fem: CuDSSNewtonSolver: solve finished in 0.10s  res=1.485e-05
[07-02 12:10:16][DEBUG] jax_fem: CuDSSNewtonSolver: starting Newton loop
[07-02 12:10:16][DEBUG] jax_fem: DeviceProblem: computing Jacobian on device
[07-02 12:10:16][DEBUG] jax_fem: Function split_and_compute_cell took 0.0284 seconds
[07-02 12:10:16][DEBUG] jax_fem: CuDSSNewtonSolver: initial residual = 2.216e+08
[07-02 12:10:16][DEBUG] jax_fem: DeviceProblem: computing Jacobian on device
[07-02 12:10:16][DEBUG] jax_fem: Function split_and_compute_cell took 0.0291 seconds
[07-02 12:10:16][DEBUG] jax_fem: CuDSSNewtonSolver: iter=1  res=1.516e-05  rel=6.842e-14
[07-02 12:10:16][INFO] jax_fem: CuDSSNewtonSolver: solve finished in 0.10s  res=1.516e-05
[07-02 12:10:16][DEBUG] jax_fem: CuDSSNewtonSolver: starting Newton loop
[07-02 12:10:16][DEBUG] jax_fem: DeviceProblem: computing Jacobian on device
[07-02 12:10:16][DEBUG] jax_fem: Function split_and_compute_cell took 0.0364 seconds
[07-02 12:10:16][DEBUG] jax_fem: CuDSSNewtonSolver: initial residual = 2.211e+08
[07-02 12:10:16][DEBUG] jax_fem: DeviceProblem: computing Jacobian on device
[07-02 12:10:16][DEBUG] jax_fem: Function split_and_compute_cell took 0.0232 seconds
[07-02 12:10:16][DEBUG] jax_fem: CuDSSNewtonSolver: iter=1  res=1.607e-05  rel=7.271e-14
[07-02 12:10:16][INFO] jax_fem: CuDSSNewtonSolver: solve finished in 0.10s  res=1.607e-05
[07-02 12:10:16][DEBUG] jax_fem: CuDSSNewtonSolver: starting Newton loop
[07-02 12:10:16][DEBUG] jax_fem: DeviceProblem: computing Jacobian on device
[07-02 12:10:17][DEBUG] jax_fem: Function split_and_compute_cell took 0.0540 seconds
[07-02 12:10:17][DEBUG] jax_fem: CuDSSNewtonSolver: initial residual = 2.236e+08
[07-02 12:10:17][DEBUG] jax_fem: DeviceProblem: computing Jacobian on device
[07-02 12:10:17][DEBUG] jax_fem: Function split_and_compute_cell took 0.0516 seconds
[07-02 12:10:17][DEBUG] jax_fem: CuDSSNewtonSolver: iter=1  res=1.412e-05  rel=6.313e-14
[07-02 12:10:17][INFO] jax_fem: CuDSSNewtonSolver: solve finished in 0.15s  res=1.412e-05
[07-02 12:10:17][DEBUG] jax_fem: CuDSSNewtonSolver: starting Newton loop
[07-02 12:10:17][DEBUG] jax_fem: DeviceProblem: computing Jacobian on device
[07-02 12:10:17][DEBUG] jax_fem: Function split_and_compute_cell took 0.0396 seconds
[07-02 12:10:17][DEBUG] jax_fem: CuDSSNewtonSolver: initial residual = 2.223e+08
[07-02 12:10:17][DEBUG] jax_fem: DeviceProblem: computing Jacobian on device
[07-02 12:10:17][DEBUG] jax_fem: Function split_and_compute_cell took 0.0433 seconds
[07-02 12:10:17][DEBUG] jax_fem: CuDSSNewtonSolver: iter=1  res=1.363e-05  rel=6.132e-14
[07-02 12:10:17][INFO] jax_fem: CuDSSNewtonSolver: solve finished in 0.13s  res=1.363e-05
[07-02 12:10:19][DEBUG] jax_fem: CuDSSNewtonSolver: starting Newton loop
[07-02 12:10:19][DEBUG] jax_fem: DeviceProblem: computing Jacobian on device
[07-02 12:10:19][DEBUG] jax_fem: Function split_and_compute_cell took 0.0301 seconds
[07-02 12:10:19][DEBUG] jax_fem: CuDSSNewtonSolver: initial residual = 2.235e+08
[07-02 12:10:19][DEBUG] jax_fem: DeviceProblem: computing Jacobian on device
[07-02 12:10:19][DEBUG] jax_fem: Function split_and_compute_cell took 0.0272 seconds
[07-02 12:10:19][DEBUG] jax_fem: CuDSSNewtonSolver: iter=1  res=1.515e-05  rel=6.778e-14
[07-02 12:10:19][INFO] jax_fem: CuDSSNewtonSolver: solve finished in 0.09s  res=1.515e-05
[07-02 12:10:19][DEBUG] jax_fem: CuDSSNewtonSolver: starting Newton loop
[07-02 12:10:19][DEBUG] jax_fem: DeviceProblem: computing Jacobian on device
[07-02 12:10:19][DEBUG] jax_fem: Function split_and_compute_cell took 0.0262 seconds
[07-02 12:10:19][DEBUG] jax_fem: CuDSSNewtonSolver: initial residual = 2.216e+08
[07-02 12:10:19][DEBUG] jax_fem: DeviceProblem: computing Jacobian on device
[07-02 12:10:19][DEBUG] jax_fem: Function split_and_compute_cell took 0.0279 seconds
[07-02 12:10:19][DEBUG] jax_fem: CuDSSNewtonSolver: iter=1  res=1.565e-05  rel=7.061e-14
[07-02 12:10:19][INFO] jax_fem: CuDSSNewtonSolver: solve finished in 0.09s  res=1.565e-05
[07-02 12:10:20][DEBUG] jax_fem: CuDSSNewtonSolver: starting Newton loop
[07-02 12:10:20][DEBUG] jax_fem: DeviceProblem: computing Jacobian on device
[07-02 12:10:20][DEBUG] jax_fem: Function split_and_compute_cell took 0.0259 seconds
[07-02 12:10:20][DEBUG] jax_fem: CuDSSNewtonSolver: initial residual = 2.211e+08
[07-02 12:10:20][DEBUG] jax_fem: DeviceProblem: computing Jacobian on device
[07-02 12:10:20][DEBUG] jax_fem: Function split_and_compute_cell took 0.0266 seconds
[07-02 12:10:20][DEBUG] jax_fem: CuDSSNewtonSolver: iter=1  res=1.607e-05  rel=7.268e-14
[07-02 12:10:20][INFO] jax_fem: CuDSSNewtonSolver: solve finished in 0.09s  res=1.607e-05
[07-02 12:10:20][DEBUG] jax_fem: CuDSSNewtonSolver: starting Newton loop
[07-02 12:10:20][DEBUG] jax_fem: DeviceProblem: computing Jacobian on device
[07-02 12:10:21][DEBUG] jax_fem: Function split_and_compute_cell took 0.0258 seconds
[07-02 12:10:21][DEBUG] jax_fem: CuDSSNewtonSolver: initial residual = 2.236e+08
[07-02 12:10:21][DEBUG] jax_fem: DeviceProblem: computing Jacobian on device
[07-02 12:10:21][DEBUG] jax_fem: Function split_and_compute_cell took 0.0273 seconds
[07-02 12:10:21][DEBUG] jax_fem: CuDSSNewtonSolver: iter=1  res=1.541e-05  rel=6.889e-14
[07-02 12:10:21][INFO] jax_fem: CuDSSNewtonSolver: solve finished in 0.09s  res=1.541e-05
[07-02 12:10:21][DEBUG] jax_fem: CuDSSNewtonSolver: starting Newton loop
[07-02 12:10:21][DEBUG] jax_fem: DeviceProblem: computing Jacobian on device
[07-02 12:10:21][DEBUG] jax_fem: Function split_and_compute_cell took 0.0274 seconds
[07-02 12:10:21][DEBUG] jax_fem: CuDSSNewtonSolver: initial residual = 2.223e+08
[07-02 12:10:21][DEBUG] jax_fem: DeviceProblem: computing Jacobian on device
[07-02 12:10:21][DEBUG] jax_fem: Function split_and_compute_cell took 0.0271 seconds
[07-02 12:10:21][DEBUG] jax_fem: CuDSSNewtonSolver: iter=1  res=1.254e-05  rel=5.639e-14
[07-02 12:10:21][INFO] jax_fem: CuDSSNewtonSolver: solve finished in 0.10s  res=1.254e-05
[07-02 12:10:21][INFO] jax_fem: CuDSS backward: solving adjoint problem …
[07-02 12:10:21][DEBUG] jax_fem: DeviceProblem: computing Jacobian on device
[07-02 12:10:21][DEBUG] jax_fem: Function split_and_compute_cell took 0.0420 seconds
[07-02 12:10:22][DEBUG] jax_fem: Computing cell residual...
[07-02 12:10:22][DEBUG] jax_fem: Function split_and_compute_cell took 0.0720 seconds
[07-02 12:10:22][INFO] jax_fem: CuDSS backward: solving adjoint problem …
[07-02 12:10:22][DEBUG] jax_fem: DeviceProblem: computing Jacobian on device
[07-02 12:10:22][DEBUG] jax_fem: Function split_and_compute_cell took 0.0399 seconds
[07-02 12:10:22][DEBUG] jax_fem: Computing cell residual...
[07-02 12:10:22][DEBUG] jax_fem: Function split_and_compute_cell took 0.0707 seconds
[07-02 12:10:22][INFO] jax_fem: CuDSS backward: solving adjoint problem …
[07-02 12:10:22][DEBUG] jax_fem: DeviceProblem: computing Jacobian on device
[07-02 12:10:22][DEBUG] jax_fem: Function split_and_compute_cell took 0.0330 seconds
[07-02 12:10:22][DEBUG] jax_fem: Computing cell residual...
[07-02 12:10:22][DEBUG] jax_fem: Function split_and_compute_cell took 0.0737 seconds
[07-02 12:10:23][INFO] jax_fem: CuDSS backward: solving adjoint problem …
[07-02 12:10:23][DEBUG] jax_fem: DeviceProblem: computing Jacobian on device
[07-02 12:10:23][DEBUG] jax_fem: Function split_and_compute_cell took 0.0314 seconds
[07-02 12:10:23][DEBUG] jax_fem: Computing cell residual...
[07-02 12:10:23][DEBUG] jax_fem: Function split_and_compute_cell took 0.0671 seconds
[07-02 12:10:23][INFO] jax_fem: CuDSS backward: solving adjoint problem …
[07-02 12:10:23][DEBUG] jax_fem: DeviceProblem: computing Jacobian on device
[07-02 12:10:23][DEBUG] jax_fem: Function split_and_compute_cell took 0.0270 seconds
[07-02 12:10:23][DEBUG] jax_fem: Computing cell residual...
[07-02 12:10:23][DEBUG] jax_fem: Function split_and_compute_cell took 0.0597 seconds
[07-02 12:10:25][DEBUG] jax_fem: CuDSSNewtonSolver: starting Newton loop
[07-02 12:10:25][DEBUG] jax_fem: DeviceProblem: computing Jacobian on device
[07-02 12:10:25][DEBUG] jax_fem: Function split_and_compute_cell took 0.0408 seconds
[07-02 12:10:25][DEBUG] jax_fem: CuDSSNewtonSolver: initial residual = 2.235e+08
[07-02 12:10:25][DEBUG] jax_fem: DeviceProblem: computing Jacobian on device
[07-02 12:10:25][DEBUG] jax_fem: Function split_and_compute_cell took 0.0447 seconds
[07-02 12:10:25][DEBUG] jax_fem: CuDSSNewtonSolver: iter=1  res=1.546e-05  rel=6.918e-14
[07-02 12:10:25][INFO] jax_fem: CuDSSNewtonSolver: solve finished in 0.13s  res=1.546e-05
[07-02 12:10:25][DEBUG] jax_fem: CuDSSNewtonSolver: starting Newton loop
[07-02 12:10:25][DEBUG] jax_fem: DeviceProblem: computing Jacobian on device
[07-02 12:10:25][DEBUG] jax_fem: Function split_and_compute_cell took 0.0344 seconds
[07-02 12:10:25][DEBUG] jax_fem: CuDSSNewtonSolver: initial residual = 2.216e+08
[07-02 12:10:25][DEBUG] jax_fem: DeviceProblem: computing Jacobian on device
[07-02 12:10:25][DEBUG] jax_fem: Function split_and_compute_cell took 0.0253 seconds
[07-02 12:10:25][DEBUG] jax_fem: CuDSSNewtonSolver: iter=1  res=1.493e-05  rel=6.738e-14
[07-02 12:10:25][INFO] jax_fem: CuDSSNewtonSolver: solve finished in 0.10s  res=1.493e-05
[07-02 12:10:25][DEBUG] jax_fem: CuDSSNewtonSolver: starting Newton loop
[07-02 12:10:25][DEBUG] jax_fem: DeviceProblem: computing Jacobian on device
[07-02 12:10:25][DEBUG] jax_fem: Function split_and_compute_cell took 0.0416 seconds
[07-02 12:10:25][DEBUG] jax_fem: CuDSSNewtonSolver: initial residual = 2.211e+08
[07-02 12:10:25][DEBUG] jax_fem: DeviceProblem: computing Jacobian on device
[07-02 12:10:25][DEBUG] jax_fem: Function split_and_compute_cell took 0.0267 seconds
[07-02 12:10:25][DEBUG] jax_fem: CuDSSNewtonSolver: iter=1  res=1.622e-05  rel=7.338e-14
[07-02 12:10:25][INFO] jax_fem: CuDSSNewtonSolver: solve finished in 0.10s  res=1.622e-05
[07-02 12:10:26][DEBUG] jax_fem: CuDSSNewtonSolver: starting Newton loop
[07-02 12:10:26][DEBUG] jax_fem: DeviceProblem: computing Jacobian on device
[07-02 12:10:26][DEBUG] jax_fem: Function split_and_compute_cell took 0.0384 seconds
[07-02 12:10:26][DEBUG] jax_fem: CuDSSNewtonSolver: initial residual = 2.236e+08
[07-02 12:10:26][DEBUG] jax_fem: DeviceProblem: computing Jacobian on device
[07-02 12:10:26][DEBUG] jax_fem: Function split_and_compute_cell took 0.0394 seconds
[07-02 12:10:26][DEBUG] jax_fem: CuDSSNewtonSolver: iter=1  res=1.492e-05  rel=6.671e-14
[07-02 12:10:26][INFO] jax_fem: CuDSSNewtonSolver: solve finished in 0.12s  res=1.492e-05
[07-02 12:10:26][DEBUG] jax_fem: CuDSSNewtonSolver: starting Newton loop
[07-02 12:10:26][DEBUG] jax_fem: DeviceProblem: computing Jacobian on device
[07-02 12:10:26][DEBUG] jax_fem: Function split_and_compute_cell took 0.0244 seconds
[07-02 12:10:26][DEBUG] jax_fem: CuDSSNewtonSolver: initial residual = 2.223e+08
[07-02 12:10:26][DEBUG] jax_fem: DeviceProblem: computing Jacobian on device
[07-02 12:10:26][DEBUG] jax_fem: Function split_and_compute_cell took 0.0480 seconds
[07-02 12:10:26][DEBUG] jax_fem: CuDSSNewtonSolver: iter=1  res=1.383e-05  rel=6.219e-14
[07-02 12:10:26][INFO] jax_fem: CuDSSNewtonSolver: solve finished in 0.11s  res=1.383e-05
[07-02 12:10:28][DEBUG] jax_fem: CuDSSNewtonSolver: starting Newton loop
[07-02 12:10:28][DEBUG] jax_fem: DeviceProblem: computing Jacobian on device
[07-02 12:10:28][DEBUG] jax_fem: Function split_and_compute_cell took 0.0267 seconds
[07-02 12:10:28][DEBUG] jax_fem: CuDSSNewtonSolver: initial residual = 2.235e+08
[07-02 12:10:28][DEBUG] jax_fem: DeviceProblem: computing Jacobian on device
[07-02 12:10:28][DEBUG] jax_fem: Function split_and_compute_cell took 0.0270 seconds
[07-02 12:10:28][DEBUG] jax_fem: CuDSSNewtonSolver: iter=1  res=1.551e-05  rel=6.939e-14
[07-02 12:10:28][INFO] jax_fem: CuDSSNewtonSolver: solve finished in 0.09s  res=1.551e-05
[07-02 12:10:28][DEBUG] jax_fem: CuDSSNewtonSolver: starting Newton loop
[07-02 12:10:28][DEBUG] jax_fem: DeviceProblem: computing Jacobian on device
[07-02 12:10:28][DEBUG] jax_fem: Function split_and_compute_cell took 0.0274 seconds
[07-02 12:10:28][DEBUG] jax_fem: CuDSSNewtonSolver: initial residual = 2.216e+08
[07-02 12:10:28][DEBUG] jax_fem: DeviceProblem: computing Jacobian on device
[07-02 12:10:28][DEBUG] jax_fem: Function split_and_compute_cell took 0.0255 seconds
[07-02 12:10:28][DEBUG] jax_fem: CuDSSNewtonSolver: iter=1  res=1.493e-05  rel=6.737e-14
[07-02 12:10:28][INFO] jax_fem: CuDSSNewtonSolver: solve finished in 0.09s  res=1.493e-05
[07-02 12:10:29][DEBUG] jax_fem: CuDSSNewtonSolver: starting Newton loop
[07-02 12:10:29][DEBUG] jax_fem: DeviceProblem: computing Jacobian on device
[07-02 12:10:29][DEBUG] jax_fem: Function split_and_compute_cell took 0.0276 seconds
[07-02 12:10:29][DEBUG] jax_fem: CuDSSNewtonSolver: initial residual = 2.211e+08
[07-02 12:10:29][DEBUG] jax_fem: DeviceProblem: computing Jacobian on device
[07-02 12:10:29][DEBUG] jax_fem: Function split_and_compute_cell took 0.0267 seconds
[07-02 12:10:29][DEBUG] jax_fem: CuDSSNewtonSolver: iter=1  res=1.593e-05  rel=7.204e-14
[07-02 12:10:29][INFO] jax_fem: CuDSSNewtonSolver: solve finished in 0.09s  res=1.593e-05
[07-02 12:10:30][DEBUG] jax_fem: CuDSSNewtonSolver: starting Newton loop
[07-02 12:10:30][DEBUG] jax_fem: DeviceProblem: computing Jacobian on device
[07-02 12:10:30][DEBUG] jax_fem: Function split_and_compute_cell took 0.0265 seconds
[07-02 12:10:30][DEBUG] jax_fem: CuDSSNewtonSolver: initial residual = 2.236e+08
[07-02 12:10:30][DEBUG] jax_fem: DeviceProblem: computing Jacobian on device
[07-02 12:10:30][DEBUG] jax_fem: Function split_and_compute_cell took 0.0266 seconds
[07-02 12:10:30][DEBUG] jax_fem: CuDSSNewtonSolver: iter=1  res=1.524e-05  rel=6.813e-14
[07-02 12:10:30][INFO] jax_fem: CuDSSNewtonSolver: solve finished in 0.09s  res=1.524e-05
[07-02 12:10:30][DEBUG] jax_fem: CuDSSNewtonSolver: starting Newton loop
[07-02 12:10:30][DEBUG] jax_fem: DeviceProblem: computing Jacobian on device
[07-02 12:10:30][DEBUG] jax_fem: Function split_and_compute_cell took 0.0271 seconds
[07-02 12:10:30][DEBUG] jax_fem: CuDSSNewtonSolver: initial residual = 2.223e+08
[07-02 12:10:30][DEBUG] jax_fem: DeviceProblem: computing Jacobian on device
[07-02 12:10:30][DEBUG] jax_fem: Function split_and_compute_cell took 0.0268 seconds
[07-02 12:10:30][DEBUG] jax_fem: CuDSSNewtonSolver: iter=1  res=1.338e-05  rel=6.016e-14
[07-02 12:10:30][INFO] jax_fem: CuDSSNewtonSolver: solve finished in 0.09s  res=1.338e-05
[07-02 12:10:30][INFO] jax_fem: CuDSS backward: solving adjoint problem …
[07-02 12:10:30][DEBUG] jax_fem: DeviceProblem: computing Jacobian on device
[07-02 12:10:30][DEBUG] jax_fem: Function split_and_compute_cell took 0.0445 seconds
[07-02 12:10:30][DEBUG] jax_fem: Computing cell residual...
[07-02 12:10:30][DEBUG] jax_fem: Function split_and_compute_cell took 0.0705 seconds
[07-02 12:10:31][INFO] jax_fem: CuDSS backward: solving adjoint problem …
[07-02 12:10:31][DEBUG] jax_fem: DeviceProblem: computing Jacobian on device
[07-02 12:10:31][DEBUG] jax_fem: Function split_and_compute_cell took 0.0355 seconds
[07-02 12:10:31][DEBUG] jax_fem: Computing cell residual...
[07-02 12:10:31][DEBUG] jax_fem: Function split_and_compute_cell took 0.0673 seconds
[07-02 12:10:31][INFO] jax_fem: CuDSS backward: solving adjoint problem …
[07-02 12:10:31][DEBUG] jax_fem: DeviceProblem: computing Jacobian on device
[07-02 12:10:31][DEBUG] jax_fem: Function split_and_compute_cell took 0.0435 seconds
[07-02 12:10:31][DEBUG] jax_fem: Computing cell residual...
[07-02 12:10:31][DEBUG] jax_fem: Function split_and_compute_cell took 0.0634 seconds
[07-02 12:10:31][INFO] jax_fem: CuDSS backward: solving adjoint problem …
[07-02 12:10:31][DEBUG] jax_fem: DeviceProblem: computing Jacobian on device
[07-02 12:10:32][DEBUG] jax_fem: Function split_and_compute_cell took 0.0608 seconds
[07-02 12:10:32][DEBUG] jax_fem: Computing cell residual...
[07-02 12:10:32][DEBUG] jax_fem: Function split_and_compute_cell took 0.0535 seconds
[07-02 12:10:32][INFO] jax_fem: CuDSS backward: solving adjoint problem …
[07-02 12:10:32][DEBUG] jax_fem: DeviceProblem: computing Jacobian on device
[07-02 12:10:32][DEBUG] jax_fem: Function split_and_compute_cell took 0.0433 seconds
[07-02 12:10:32][DEBUG] jax_fem: Computing cell residual...
[07-02 12:10:32][DEBUG] jax_fem: Function split_and_compute_cell took 0.0580 seconds
[07-02 12:10:33][DEBUG] jax_fem: CuDSSNewtonSolver: starting Newton loop
[07-02 12:10:33][DEBUG] jax_fem: DeviceProblem: computing Jacobian on device
[07-02 12:10:33][DEBUG] jax_fem: Function split_and_compute_cell took 0.0361 seconds
[07-02 12:10:33][DEBUG] jax_fem: CuDSSNewtonSolver: initial residual = 2.235e+08
[07-02 12:10:33][DEBUG] jax_fem: DeviceProblem: computing Jacobian on device
[07-02 12:10:34][DEBUG] jax_fem: Function split_and_compute_cell took 0.0319 seconds
[07-02 12:10:34][DEBUG] jax_fem: CuDSSNewtonSolver: iter=1  res=1.536e-05  rel=6.875e-14
[07-02 12:10:34][INFO] jax_fem: CuDSSNewtonSolver: solve finished in 0.10s  res=1.536e-05
[07-02 12:10:34][DEBUG] jax_fem: CuDSSNewtonSolver: starting Newton loop
[07-02 12:10:34][DEBUG] jax_fem: DeviceProblem: computing Jacobian on device
[07-02 12:10:34][DEBUG] jax_fem: Function split_and_compute_cell took 0.0285 seconds
[07-02 12:10:34][DEBUG] jax_fem: CuDSSNewtonSolver: initial residual = 2.216e+08
[07-02 12:10:34][DEBUG] jax_fem: DeviceProblem: computing Jacobian on device
[07-02 12:10:34][DEBUG] jax_fem: Function split_and_compute_cell took 0.0441 seconds
[07-02 12:10:34][DEBUG] jax_fem: CuDSSNewtonSolver: iter=1  res=1.524e-05  rel=6.876e-14
[07-02 12:10:34][INFO] jax_fem: CuDSSNewtonSolver: solve finished in 0.11s  res=1.524e-05
[07-02 12:10:34][DEBUG] jax_fem: CuDSSNewtonSolver: starting Newton loop
[07-02 12:10:34][DEBUG] jax_fem: DeviceProblem: computing Jacobian on device
[07-02 12:10:34][DEBUG] jax_fem: Function split_and_compute_cell took 0.0284 seconds
[07-02 12:10:34][DEBUG] jax_fem: CuDSSNewtonSolver: initial residual = 2.211e+08
[07-02 12:10:34][DEBUG] jax_fem: DeviceProblem: computing Jacobian on device
[07-02 12:10:34][DEBUG] jax_fem: Function split_and_compute_cell took 0.0243 seconds
[07-02 12:10:34][DEBUG] jax_fem: CuDSSNewtonSolver: iter=1  res=1.629e-05  rel=7.371e-14
[07-02 12:10:34][INFO] jax_fem: CuDSSNewtonSolver: solve finished in 0.09s  res=1.629e-05
[07-02 12:10:34][DEBUG] jax_fem: CuDSSNewtonSolver: starting Newton loop
[07-02 12:10:34][DEBUG] jax_fem: DeviceProblem: computing Jacobian on device
[07-02 12:10:34][DEBUG] jax_fem: Function split_and_compute_cell took 0.0361 seconds
[07-02 12:10:35][DEBUG] jax_fem: CuDSSNewtonSolver: initial residual = 2.236e+08
[07-02 12:10:35][DEBUG] jax_fem: DeviceProblem: computing Jacobian on device
[07-02 12:10:35][DEBUG] jax_fem: Function split_and_compute_cell took 0.0519 seconds
[07-02 12:10:35][DEBUG] jax_fem: CuDSSNewtonSolver: iter=1  res=1.507e-05  rel=6.740e-14
[07-02 12:10:35][INFO] jax_fem: CuDSSNewtonSolver: solve finished in 0.13s  res=1.507e-05
[07-02 12:10:35][DEBUG] jax_fem: CuDSSNewtonSolver: starting Newton loop
[07-02 12:10:35][DEBUG] jax_fem: DeviceProblem: computing Jacobian on device
[07-02 12:10:35][DEBUG] jax_fem: Function split_and_compute_cell took 0.0237 seconds
[07-02 12:10:35][DEBUG] jax_fem: CuDSSNewtonSolver: initial residual = 2.223e+08
[07-02 12:10:35][DEBUG] jax_fem: DeviceProblem: computing Jacobian on device
[07-02 12:10:35][DEBUG] jax_fem: Function split_and_compute_cell took 0.0407 seconds
[07-02 12:10:35][DEBUG] jax_fem: CuDSSNewtonSolver: iter=1  res=1.320e-05  rel=5.936e-14
[07-02 12:10:35][INFO] jax_fem: CuDSSNewtonSolver: solve finished in 0.11s  res=1.320e-05
[07-02 12:10:37][DEBUG] jax_fem: CuDSSNewtonSolver: starting Newton loop
[07-02 12:10:37][DEBUG] jax_fem: DeviceProblem: computing Jacobian on device
[07-02 12:10:37][DEBUG] jax_fem: Function split_and_compute_cell took 0.0285 seconds
[07-02 12:10:37][DEBUG] jax_fem: CuDSSNewtonSolver: initial residual = 2.235e+08
[07-02 12:10:37][DEBUG] jax_fem: DeviceProblem: computing Jacobian on device
[07-02 12:10:37][DEBUG] jax_fem: Function split_and_compute_cell took 0.0269 seconds
[07-02 12:10:37][DEBUG] jax_fem: CuDSSNewtonSolver: iter=1  res=1.631e-05  rel=7.298e-14
[07-02 12:10:37][INFO] jax_fem: CuDSSNewtonSolver: solve finished in 0.09s  res=1.631e-05
[07-02 12:10:37][DEBUG] jax_fem: CuDSSNewtonSolver: starting Newton loop
[07-02 12:10:37][DEBUG] jax_fem: DeviceProblem: computing Jacobian on device
[07-02 12:10:37][DEBUG] jax_fem: Function split_and_compute_cell took 0.0259 seconds
[07-02 12:10:37][DEBUG] jax_fem: CuDSSNewtonSolver: initial residual = 2.216e+08
[07-02 12:10:37][DEBUG] jax_fem: DeviceProblem: computing Jacobian on device
[07-02 12:10:37][DEBUG] jax_fem: Function split_and_compute_cell took 0.0272 seconds
[07-02 12:10:37][DEBUG] jax_fem: CuDSSNewtonSolver: iter=1  res=1.462e-05  rel=6.598e-14
[07-02 12:10:37][INFO] jax_fem: CuDSSNewtonSolver: solve finished in 0.09s  res=1.462e-05
[07-02 12:10:38][DEBUG] jax_fem: CuDSSNewtonSolver: starting Newton loop
[07-02 12:10:38][DEBUG] jax_fem: DeviceProblem: computing Jacobian on device
[07-02 12:10:38][DEBUG] jax_fem: Function split_and_compute_cell took 0.0265 seconds
[07-02 12:10:38][DEBUG] jax_fem: CuDSSNewtonSolver: initial residual = 2.211e+08
[07-02 12:10:38][DEBUG] jax_fem: DeviceProblem: computing Jacobian on device
[07-02 12:10:38][DEBUG] jax_fem: Function split_and_compute_cell took 0.0259 seconds
[07-02 12:10:38][DEBUG] jax_fem: CuDSSNewtonSolver: iter=1  res=1.629e-05  rel=7.369e-14
[07-02 12:10:38][INFO] jax_fem: CuDSSNewtonSolver: solve finished in 0.09s  res=1.629e-05
[07-02 12:10:39][DEBUG] jax_fem: CuDSSNewtonSolver: starting Newton loop
[07-02 12:10:39][DEBUG] jax_fem: DeviceProblem: computing Jacobian on device
[07-02 12:10:39][DEBUG] jax_fem: Function split_and_compute_cell took 0.0289 seconds
[07-02 12:10:39][DEBUG] jax_fem: CuDSSNewtonSolver: initial residual = 2.236e+08
[07-02 12:10:39][DEBUG] jax_fem: DeviceProblem: computing Jacobian on device
[07-02 12:10:39][DEBUG] jax_fem: Function split_and_compute_cell took 0.0266 seconds
[07-02 12:10:39][DEBUG] jax_fem: CuDSSNewtonSolver: iter=1  res=1.495e-05  rel=6.683e-14
[07-02 12:10:39][INFO] jax_fem: CuDSSNewtonSolver: solve finished in 0.09s  res=1.495e-05
[07-02 12:10:39][DEBUG] jax_fem: CuDSSNewtonSolver: starting Newton loop
[07-02 12:10:39][DEBUG] jax_fem: DeviceProblem: computing Jacobian on device
[07-02 12:10:39][DEBUG] jax_fem: Function split_and_compute_cell took 0.0290 seconds
[07-02 12:10:39][DEBUG] jax_fem: CuDSSNewtonSolver: initial residual = 2.223e+08
[07-02 12:10:39][DEBUG] jax_fem: DeviceProblem: computing Jacobian on device
[07-02 12:10:39][DEBUG] jax_fem: Function split_and_compute_cell took 0.0267 seconds
[07-02 12:10:39][DEBUG] jax_fem: CuDSSNewtonSolver: iter=1  res=1.289e-05  rel=5.796e-14
[07-02 12:10:39][INFO] jax_fem: CuDSSNewtonSolver: solve finished in 0.09s  res=1.289e-05
[07-02 12:10:39][INFO] jax_fem: CuDSS backward: solving adjoint problem …
[07-02 12:10:39][DEBUG] jax_fem: DeviceProblem: computing Jacobian on device
[07-02 12:10:39][DEBUG] jax_fem: Function split_and_compute_cell took 0.0341 seconds
[07-02 12:10:39][DEBUG] jax_fem: Computing cell residual...
[07-02 12:10:39][DEBUG] jax_fem: Function split_and_compute_cell took 0.0583 seconds
[07-02 12:10:40][INFO] jax_fem: CuDSS backward: solving adjoint problem …
[07-02 12:10:40][DEBUG] jax_fem: DeviceProblem: computing Jacobian on device
[07-02 12:10:40][DEBUG] jax_fem: Function split_and_compute_cell took 0.0220 seconds
[07-02 12:10:40][DEBUG] jax_fem: Computing cell residual...
[07-02 12:10:40][DEBUG] jax_fem: Function split_and_compute_cell took 0.0579 seconds
[07-02 12:10:40][INFO] jax_fem: CuDSS backward: solving adjoint problem …
[07-02 12:10:40][DEBUG] jax_fem: DeviceProblem: computing Jacobian on device
[07-02 12:10:40][DEBUG] jax_fem: Function split_and_compute_cell took 0.0312 seconds
[07-02 12:10:40][DEBUG] jax_fem: Computing cell residual...
[07-02 12:10:40][DEBUG] jax_fem: Function split_and_compute_cell took 0.0615 seconds
[07-02 12:10:40][INFO] jax_fem: CuDSS backward: solving adjoint problem …
[07-02 12:10:40][DEBUG] jax_fem: DeviceProblem: computing Jacobian on device
[07-02 12:10:40][DEBUG] jax_fem: Function split_and_compute_cell took 0.0533 seconds
[07-02 12:10:41][DEBUG] jax_fem: Computing cell residual...
[07-02 12:10:41][DEBUG] jax_fem: Function split_and_compute_cell took 0.0657 seconds
[07-02 12:10:41][INFO] jax_fem: CuDSS backward: solving adjoint problem …
[07-02 12:10:41][DEBUG] jax_fem: DeviceProblem: computing Jacobian on device
[07-02 12:10:41][DEBUG] jax_fem: Function split_and_compute_cell took 0.0270 seconds
[07-02 12:10:41][DEBUG] jax_fem: Computing cell residual...
[07-02 12:10:41][DEBUG] jax_fem: Function split_and_compute_cell took 0.0697 seconds
[07-02 12:10:42][DEBUG] jax_fem: CuDSSNewtonSolver: starting Newton loop
[07-02 12:10:42][DEBUG] jax_fem: DeviceProblem: computing Jacobian on device
[07-02 12:10:42][DEBUG] jax_fem: Function split_and_compute_cell took 0.0362 seconds
[07-02 12:10:42][DEBUG] jax_fem: CuDSSNewtonSolver: initial residual = 2.235e+08
[07-02 12:10:42][DEBUG] jax_fem: DeviceProblem: computing Jacobian on device
[07-02 12:10:42][DEBUG] jax_fem: Function split_and_compute_cell took 0.0223 seconds
[07-02 12:10:42][DEBUG] jax_fem: CuDSSNewtonSolver: iter=1  res=1.476e-05  rel=6.605e-14
[07-02 12:10:42][INFO] jax_fem: CuDSSNewtonSolver: solve finished in 0.10s  res=1.476e-05
[07-02 12:10:43][DEBUG] jax_fem: CuDSSNewtonSolver: starting Newton loop
[07-02 12:10:43][DEBUG] jax_fem: DeviceProblem: computing Jacobian on device
[07-02 12:10:43][DEBUG] jax_fem: Function split_and_compute_cell took 0.0251 seconds
[07-02 12:10:43][DEBUG] jax_fem: CuDSSNewtonSolver: initial residual = 2.216e+08
[07-02 12:10:43][DEBUG] jax_fem: DeviceProblem: computing Jacobian on device
[07-02 12:10:43][DEBUG] jax_fem: Function split_and_compute_cell took 0.0329 seconds
[07-02 12:10:43][DEBUG] jax_fem: CuDSSNewtonSolver: iter=1  res=1.543e-05  rel=6.963e-14
[07-02 12:10:43][INFO] jax_fem: CuDSSNewtonSolver: solve finished in 0.10s  res=1.543e-05
[07-02 12:10:43][DEBUG] jax_fem: CuDSSNewtonSolver: starting Newton loop
[07-02 12:10:43][DEBUG] jax_fem: DeviceProblem: computing Jacobian on device
[07-02 12:10:43][DEBUG] jax_fem: Function split_and_compute_cell took 0.0372 seconds
[07-02 12:10:43][DEBUG] jax_fem: CuDSSNewtonSolver: initial residual = 2.211e+08
[07-02 12:10:43][DEBUG] jax_fem: DeviceProblem: computing Jacobian on device
[07-02 12:10:43][DEBUG] jax_fem: Function split_and_compute_cell took 0.0458 seconds
[07-02 12:10:43][DEBUG] jax_fem: CuDSSNewtonSolver: iter=1  res=1.612e-05  rel=7.291e-14
[07-02 12:10:43][INFO] jax_fem: CuDSSNewtonSolver: solve finished in 0.12s  res=1.612e-05
[07-02 12:10:43][DEBUG] jax_fem: CuDSSNewtonSolver: starting Newton loop
[07-02 12:10:43][DEBUG] jax_fem: DeviceProblem: computing Jacobian on device
[07-02 12:10:43][DEBUG] jax_fem: Function split_and_compute_cell took 0.0314 seconds
[07-02 12:10:43][DEBUG] jax_fem: CuDSSNewtonSolver: initial residual = 2.236e+08
[07-02 12:10:43][DEBUG] jax_fem: DeviceProblem: computing Jacobian on device
[07-02 12:10:44][DEBUG] jax_fem: Function split_and_compute_cell took 0.0381 seconds
[07-02 12:10:44][DEBUG] jax_fem: CuDSSNewtonSolver: iter=1  res=1.518e-05  rel=6.785e-14
[07-02 12:10:44][INFO] jax_fem: CuDSSNewtonSolver: solve finished in 0.11s  res=1.518e-05
[07-02 12:10:44][DEBUG] jax_fem: CuDSSNewtonSolver: starting Newton loop
[07-02 12:10:44][DEBUG] jax_fem: DeviceProblem: computing Jacobian on device
[07-02 12:10:44][DEBUG] jax_fem: Function split_and_compute_cell took 0.0292 seconds
[07-02 12:10:44][DEBUG] jax_fem: CuDSSNewtonSolver: initial residual = 2.223e+08
[07-02 12:10:44][DEBUG] jax_fem: DeviceProblem: computing Jacobian on device
[07-02 12:10:44][DEBUG] jax_fem: Function split_and_compute_cell took 0.0250 seconds
[07-02 12:10:44][DEBUG] jax_fem: CuDSSNewtonSolver: iter=1  res=1.383e-05  rel=6.219e-14
[07-02 12:10:44][INFO] jax_fem: CuDSSNewtonSolver: solve finished in 0.09s  res=1.383e-05
[07-02 12:10:45][DEBUG] jax_fem: CuDSSNewtonSolver: starting Newton loop
[07-02 12:10:46][DEBUG] jax_fem: DeviceProblem: computing Jacobian on device
[07-02 12:10:46][DEBUG] jax_fem: Function split_and_compute_cell took 0.0280 seconds
[07-02 12:10:46][DEBUG] jax_fem: CuDSSNewtonSolver: initial residual = 2.235e+08
[07-02 12:10:46][DEBUG] jax_fem: DeviceProblem: computing Jacobian on device
[07-02 12:10:46][DEBUG] jax_fem: Function split_and_compute_cell took 0.0262 seconds
[07-02 12:10:46][DEBUG] jax_fem: CuDSSNewtonSolver: iter=1  res=1.566e-05  rel=7.007e-14
[07-02 12:10:46][INFO] jax_fem: CuDSSNewtonSolver: solve finished in 0.09s  res=1.566e-05
[07-02 12:10:46][DEBUG] jax_fem: CuDSSNewtonSolver: starting Newton loop
[07-02 12:10:46][DEBUG] jax_fem: DeviceProblem: computing Jacobian on device
[07-02 12:10:46][DEBUG] jax_fem: Function split_and_compute_cell took 0.0268 seconds
[07-02 12:10:46][DEBUG] jax_fem: CuDSSNewtonSolver: initial residual = 2.216e+08
[07-02 12:10:46][DEBUG] jax_fem: DeviceProblem: computing Jacobian on device
[07-02 12:10:46][DEBUG] jax_fem: Function split_and_compute_cell took 0.0262 seconds
[07-02 12:10:46][DEBUG] jax_fem: CuDSSNewtonSolver: iter=1  res=1.566e-05  rel=7.068e-14
[07-02 12:10:46][INFO] jax_fem: CuDSSNewtonSolver: solve finished in 0.09s  res=1.566e-05
[07-02 12:10:47][DEBUG] jax_fem: CuDSSNewtonSolver: starting Newton loop
[07-02 12:10:47][DEBUG] jax_fem: DeviceProblem: computing Jacobian on device
[07-02 12:10:47][DEBUG] jax_fem: Function split_and_compute_cell took 0.0268 seconds
[07-02 12:10:47][DEBUG] jax_fem: CuDSSNewtonSolver: initial residual = 2.211e+08
[07-02 12:10:47][DEBUG] jax_fem: DeviceProblem: computing Jacobian on device
[07-02 12:10:47][DEBUG] jax_fem: Function split_and_compute_cell took 0.0266 seconds
[07-02 12:10:47][DEBUG] jax_fem: CuDSSNewtonSolver: iter=1  res=1.699e-05  rel=7.688e-14
[07-02 12:10:47][INFO] jax_fem: CuDSSNewtonSolver: solve finished in 0.09s  res=1.699e-05
[07-02 12:10:47][DEBUG] jax_fem: CuDSSNewtonSolver: starting Newton loop
[07-02 12:10:48][DEBUG] jax_fem: DeviceProblem: computing Jacobian on device
[07-02 12:10:48][DEBUG] jax_fem: Function split_and_compute_cell took 0.0276 seconds
[07-02 12:10:48][DEBUG] jax_fem: CuDSSNewtonSolver: initial residual = 2.236e+08
[07-02 12:10:48][DEBUG] jax_fem: DeviceProblem: computing Jacobian on device
[07-02 12:10:48][DEBUG] jax_fem: Function split_and_compute_cell took 0.0265 seconds
[07-02 12:10:48][DEBUG] jax_fem: CuDSSNewtonSolver: iter=1  res=1.626e-05  rel=7.269e-14
[07-02 12:10:48][INFO] jax_fem: CuDSSNewtonSolver: solve finished in 0.09s  res=1.626e-05
[07-02 12:10:48][DEBUG] jax_fem: CuDSSNewtonSolver: starting Newton loop
[07-02 12:10:48][DEBUG] jax_fem: DeviceProblem: computing Jacobian on device
[07-02 12:10:48][DEBUG] jax_fem: Function split_and_compute_cell took 0.0271 seconds
[07-02 12:10:48][DEBUG] jax_fem: CuDSSNewtonSolver: initial residual = 2.223e+08
[07-02 12:10:48][DEBUG] jax_fem: DeviceProblem: computing Jacobian on device
[07-02 12:10:48][DEBUG] jax_fem: Function split_and_compute_cell took 0.0262 seconds
[07-02 12:10:48][DEBUG] jax_fem: CuDSSNewtonSolver: iter=1  res=1.274e-05  rel=5.732e-14
[07-02 12:10:48][INFO] jax_fem: CuDSSNewtonSolver: solve finished in 0.09s  res=1.274e-05
[07-02 12:10:48][INFO] jax_fem: CuDSS backward: solving adjoint problem …
[07-02 12:10:48][DEBUG] jax_fem: DeviceProblem: computing Jacobian on device
[07-02 12:10:48][DEBUG] jax_fem: Function split_and_compute_cell took 0.0353 seconds
[07-02 12:10:48][DEBUG] jax_fem: Computing cell residual...
[07-02 12:10:48][DEBUG] jax_fem: Function split_and_compute_cell took 0.0689 seconds
[07-02 12:10:49][INFO] jax_fem: CuDSS backward: solving adjoint problem …
[07-02 12:10:49][DEBUG] jax_fem: DeviceProblem: computing Jacobian on device
[07-02 12:10:49][DEBUG] jax_fem: Function split_and_compute_cell took 0.0309 seconds
[07-02 12:10:49][DEBUG] jax_fem: Computing cell residual...
[07-02 12:10:49][DEBUG] jax_fem: Function split_and_compute_cell took 0.0594 seconds
[07-02 12:10:49][INFO] jax_fem: CuDSS backward: solving adjoint problem …
[07-02 12:10:49][DEBUG] jax_fem: DeviceProblem: computing Jacobian on device
[07-02 12:10:49][DEBUG] jax_fem: Function split_and_compute_cell took 0.0260 seconds
[07-02 12:10:49][DEBUG] jax_fem: Computing cell residual...
[07-02 12:10:49][DEBUG] jax_fem: Function split_and_compute_cell took 0.0675 seconds
[07-02 12:10:49][INFO] jax_fem: CuDSS backward: solving adjoint problem …
[07-02 12:10:49][DEBUG] jax_fem: DeviceProblem: computing Jacobian on device
[07-02 12:10:49][DEBUG] jax_fem: Function split_and_compute_cell took 0.0436 seconds
[07-02 12:10:49][DEBUG] jax_fem: Computing cell residual...
[07-02 12:10:50][DEBUG] jax_fem: Function split_and_compute_cell took 0.0626 seconds
[07-02 12:10:50][INFO] jax_fem: CuDSS backward: solving adjoint problem …
[07-02 12:10:50][DEBUG] jax_fem: DeviceProblem: computing Jacobian on device
[07-02 12:10:50][DEBUG] jax_fem: Function split_and_compute_cell took 0.0277 seconds
[07-02 12:10:50][DEBUG] jax_fem: Computing cell residual...
[07-02 12:10:50][DEBUG] jax_fem: Function split_and_compute_cell took 0.0602 seconds
[07-02 12:10:51][DEBUG] jax_fem: CuDSSNewtonSolver: starting Newton loop
[07-02 12:10:51][DEBUG] jax_fem: DeviceProblem: computing Jacobian on device
[07-02 12:10:51][DEBUG] jax_fem: Function split_and_compute_cell took 0.0285 seconds
[07-02 12:10:51][DEBUG] jax_fem: CuDSSNewtonSolver: initial residual = 2.235e+08
[07-02 12:10:51][DEBUG] jax_fem: DeviceProblem: computing Jacobian on device
[07-02 12:10:52][DEBUG] jax_fem: Function split_and_compute_cell took 0.0336 seconds
[07-02 12:10:52][DEBUG] jax_fem: CuDSSNewtonSolver: iter=1  res=1.528e-05  rel=6.836e-14
[07-02 12:10:52][INFO] jax_fem: CuDSSNewtonSolver: solve finished in 0.10s  res=1.528e-05
[07-02 12:10:52][DEBUG] jax_fem: CuDSSNewtonSolver: starting Newton loop
[07-02 12:10:52][DEBUG] jax_fem: DeviceProblem: computing Jacobian on device
[07-02 12:10:52][DEBUG] jax_fem: Function split_and_compute_cell took 0.0262 seconds
[07-02 12:10:52][DEBUG] jax_fem: CuDSSNewtonSolver: initial residual = 2.216e+08
[07-02 12:10:52][DEBUG] jax_fem: DeviceProblem: computing Jacobian on device
[07-02 12:10:52][DEBUG] jax_fem: Function split_and_compute_cell took 0.0301 seconds
[07-02 12:10:52][DEBUG] jax_fem: CuDSSNewtonSolver: iter=1  res=1.546e-05  rel=6.975e-14
[07-02 12:10:52][INFO] jax_fem: CuDSSNewtonSolver: solve finished in 0.09s  res=1.546e-05
[07-02 12:10:52][DEBUG] jax_fem: CuDSSNewtonSolver: starting Newton loop
[07-02 12:10:52][DEBUG] jax_fem: DeviceProblem: computing Jacobian on device
[07-02 12:10:52][DEBUG] jax_fem: Function split_and_compute_cell took 0.0362 seconds
[07-02 12:10:52][DEBUG] jax_fem: CuDSSNewtonSolver: initial residual = 2.211e+08
[07-02 12:10:52][DEBUG] jax_fem: DeviceProblem: computing Jacobian on device
[07-02 12:10:52][DEBUG] jax_fem: Function split_and_compute_cell took 0.0429 seconds
[07-02 12:10:52][DEBUG] jax_fem: CuDSSNewtonSolver: iter=1  res=1.685e-05  rel=7.621e-14
[07-02 12:10:52][INFO] jax_fem: CuDSSNewtonSolver: solve finished in 0.11s  res=1.685e-05
[07-02 12:10:52][DEBUG] jax_fem: CuDSSNewtonSolver: starting Newton loop
[07-02 12:10:52][DEBUG] jax_fem: DeviceProblem: computing Jacobian on device
[07-02 12:10:52][DEBUG] jax_fem: Function split_and_compute_cell took 0.0387 seconds
[07-02 12:10:52][DEBUG] jax_fem: CuDSSNewtonSolver: initial residual = 2.236e+08
[07-02 12:10:52][DEBUG] jax_fem: DeviceProblem: computing Jacobian on device
[07-02 12:10:52][DEBUG] jax_fem: Function split_and_compute_cell took 0.0345 seconds
[07-02 12:10:52][DEBUG] jax_fem: CuDSSNewtonSolver: iter=1  res=1.516e-05  rel=6.780e-14
[07-02 12:10:52][INFO] jax_fem: CuDSSNewtonSolver: solve finished in 0.12s  res=1.516e-05
[07-02 12:10:53][DEBUG] jax_fem: CuDSSNewtonSolver: starting Newton loop
[07-02 12:10:53][DEBUG] jax_fem: DeviceProblem: computing Jacobian on device
[07-02 12:10:53][DEBUG] jax_fem: Function split_and_compute_cell took 0.0427 seconds
[07-02 12:10:53][DEBUG] jax_fem: CuDSSNewtonSolver: initial residual = 2.223e+08
[07-02 12:10:53][DEBUG] jax_fem: DeviceProblem: computing Jacobian on device
[07-02 12:10:53][DEBUG] jax_fem: Function split_and_compute_cell took 0.0492 seconds
[07-02 12:10:53][DEBUG] jax_fem: CuDSSNewtonSolver: iter=1  res=1.373e-05  rel=6.178e-14
[07-02 12:10:53][INFO] jax_fem: CuDSSNewtonSolver: solve finished in 0.13s  res=1.373e-05
[07-02 12:10:55][DEBUG] jax_fem: CuDSSNewtonSolver: starting Newton loop
[07-02 12:10:55][DEBUG] jax_fem: DeviceProblem: computing Jacobian on device
[07-02 12:10:55][DEBUG] jax_fem: Function split_and_compute_cell took 0.0279 seconds
[07-02 12:10:55][DEBUG] jax_fem: CuDSSNewtonSolver: initial residual = 2.235e+08
[07-02 12:10:55][DEBUG] jax_fem: DeviceProblem: computing Jacobian on device
[07-02 12:10:55][DEBUG] jax_fem: Function split_and_compute_cell took 0.0266 seconds
[07-02 12:10:55][DEBUG] jax_fem: CuDSSNewtonSolver: iter=1  res=1.559e-05  rel=6.976e-14
[07-02 12:10:55][INFO] jax_fem: CuDSSNewtonSolver: solve finished in 0.09s  res=1.559e-05
[07-02 12:10:55][DEBUG] jax_fem: CuDSSNewtonSolver: starting Newton loop
[07-02 12:10:55][DEBUG] jax_fem: DeviceProblem: computing Jacobian on device
[07-02 12:10:55][DEBUG] jax_fem: Function split_and_compute_cell took 0.0261 seconds
[07-02 12:10:55][DEBUG] jax_fem: CuDSSNewtonSolver: initial residual = 2.216e+08
[07-02 12:10:55][DEBUG] jax_fem: DeviceProblem: computing Jacobian on device
[07-02 12:10:55][DEBUG] jax_fem: Function split_and_compute_cell took 0.0268 seconds
[07-02 12:10:55][DEBUG] jax_fem: CuDSSNewtonSolver: iter=1  res=1.624e-05  rel=7.329e-14
[07-02 12:10:55][INFO] jax_fem: CuDSSNewtonSolver: solve finished in 0.09s  res=1.624e-05
[07-02 12:10:56][DEBUG] jax_fem: CuDSSNewtonSolver: starting Newton loop
[07-02 12:10:56][DEBUG] jax_fem: DeviceProblem: computing Jacobian on device
[07-02 12:10:56][DEBUG] jax_fem: Function split_and_compute_cell took 0.0256 seconds
[07-02 12:10:56][DEBUG] jax_fem: CuDSSNewtonSolver: initial residual = 2.211e+08
[07-02 12:10:56][DEBUG] jax_fem: DeviceProblem: computing Jacobian on device
[07-02 12:10:56][DEBUG] jax_fem: Function split_and_compute_cell took 0.0269 seconds
[07-02 12:10:56][DEBUG] jax_fem: CuDSSNewtonSolver: iter=1  res=1.636e-05  rel=7.399e-14
[07-02 12:10:56][INFO] jax_fem: CuDSSNewtonSolver: solve finished in 0.09s  res=1.636e-05
[07-02 12:10:56][DEBUG] jax_fem: CuDSSNewtonSolver: starting Newton loop
[07-02 12:10:56][DEBUG] jax_fem: DeviceProblem: computing Jacobian on device
[07-02 12:10:56][DEBUG] jax_fem: Function split_and_compute_cell took 0.0264 seconds
[07-02 12:10:56][DEBUG] jax_fem: CuDSSNewtonSolver: initial residual = 2.236e+08
[07-02 12:10:56][DEBUG] jax_fem: DeviceProblem: computing Jacobian on device
[07-02 12:10:56][DEBUG] jax_fem: Function split_and_compute_cell took 0.0270 seconds
[07-02 12:10:56][DEBUG] jax_fem: CuDSSNewtonSolver: iter=1  res=1.477e-05  rel=6.604e-14
[07-02 12:10:56][INFO] jax_fem: CuDSSNewtonSolver: solve finished in 0.09s  res=1.477e-05
[07-02 12:10:57][DEBUG] jax_fem: CuDSSNewtonSolver: starting Newton loop
[07-02 12:10:57][DEBUG] jax_fem: DeviceProblem: computing Jacobian on device
[07-02 12:10:57][DEBUG] jax_fem: Function split_and_compute_cell took 0.0257 seconds
[07-02 12:10:57][DEBUG] jax_fem: CuDSSNewtonSolver: initial residual = 2.223e+08
[07-02 12:10:57][DEBUG] jax_fem: DeviceProblem: computing Jacobian on device
[07-02 12:10:57][DEBUG] jax_fem: Function split_and_compute_cell took 0.0266 seconds
[07-02 12:10:57][DEBUG] jax_fem: CuDSSNewtonSolver: iter=1  res=1.373e-05  rel=6.177e-14
[07-02 12:10:57][INFO] jax_fem: CuDSSNewtonSolver: solve finished in 0.09s  res=1.373e-05
[07-02 12:10:57][INFO] jax_fem: CuDSS backward: solving adjoint problem …
[07-02 12:10:57][DEBUG] jax_fem: DeviceProblem: computing Jacobian on device
[07-02 12:10:57][DEBUG] jax_fem: Function split_and_compute_cell took 0.0451 seconds
[07-02 12:10:57][DEBUG] jax_fem: Computing cell residual...
[07-02 12:10:57][DEBUG] jax_fem: Function split_and_compute_cell took 0.0636 seconds
[07-02 12:10:58][INFO] jax_fem: CuDSS backward: solving adjoint problem …
[07-02 12:10:58][DEBUG] jax_fem: DeviceProblem: computing Jacobian on device
[07-02 12:10:58][DEBUG] jax_fem: Function split_and_compute_cell took 0.0294 seconds
[07-02 12:10:58][DEBUG] jax_fem: Computing cell residual...
[07-02 12:10:58][DEBUG] jax_fem: Function split_and_compute_cell took 0.0611 seconds
[07-02 12:10:58][INFO] jax_fem: CuDSS backward: solving adjoint problem …
[07-02 12:10:58][DEBUG] jax_fem: DeviceProblem: computing Jacobian on device
[07-02 12:10:58][DEBUG] jax_fem: Function split_and_compute_cell took 0.0602 seconds
[07-02 12:10:58][DEBUG] jax_fem: Computing cell residual...
[07-02 12:10:58][DEBUG] jax_fem: Function split_and_compute_cell took 0.0637 seconds
[07-02 12:10:58][INFO] jax_fem: CuDSS backward: solving adjoint problem …
[07-02 12:10:58][DEBUG] jax_fem: DeviceProblem: computing Jacobian on device
[07-02 12:10:58][DEBUG] jax_fem: Function split_and_compute_cell took 0.0469 seconds
[07-02 12:10:58][DEBUG] jax_fem: Computing cell residual...
[07-02 12:10:58][DEBUG] jax_fem: Function split_and_compute_cell took 0.0694 seconds
[07-02 12:10:59][INFO] jax_fem: CuDSS backward: solving adjoint problem …
[07-02 12:10:59][DEBUG] jax_fem: DeviceProblem: computing Jacobian on device
[07-02 12:10:59][DEBUG] jax_fem: Function split_and_compute_cell took 0.0477 seconds
[07-02 12:10:59][DEBUG] jax_fem: Computing cell residual...
[07-02 12:10:59][DEBUG] jax_fem: Function split_and_compute_cell took 0.0571 seconds
[07-02 12:11:00][DEBUG] jax_fem: CuDSSNewtonSolver: starting Newton loop
[07-02 12:11:00][DEBUG] jax_fem: DeviceProblem: computing Jacobian on device
[07-02 12:11:00][DEBUG] jax_fem: Function split_and_compute_cell took 0.0465 seconds
[07-02 12:11:00][DEBUG] jax_fem: CuDSSNewtonSolver: initial residual = 2.235e+08
[07-02 12:11:00][DEBUG] jax_fem: DeviceProblem: computing Jacobian on device
[07-02 12:11:00][DEBUG] jax_fem: Function split_and_compute_cell took 0.0404 seconds
[07-02 12:11:00][DEBUG] jax_fem: CuDSSNewtonSolver: iter=1  res=1.541e-05  rel=6.897e-14
[07-02 12:11:00][INFO] jax_fem: CuDSSNewtonSolver: solve finished in 0.13s  res=1.541e-05
[07-02 12:11:01][DEBUG] jax_fem: CuDSSNewtonSolver: starting Newton loop
[07-02 12:11:01][DEBUG] jax_fem: DeviceProblem: computing Jacobian on device
[07-02 12:11:01][DEBUG] jax_fem: Function split_and_compute_cell took 0.0446 seconds
[07-02 12:11:01][DEBUG] jax_fem: CuDSSNewtonSolver: initial residual = 2.216e+08
[07-02 12:11:01][DEBUG] jax_fem: DeviceProblem: computing Jacobian on device
[07-02 12:11:01][DEBUG] jax_fem: Function split_and_compute_cell took 0.0345 seconds
[07-02 12:11:01][DEBUG] jax_fem: CuDSSNewtonSolver: iter=1  res=1.548e-05  rel=6.986e-14
[07-02 12:11:01][INFO] jax_fem: CuDSSNewtonSolver: solve finished in 0.12s  res=1.548e-05
[07-02 12:11:01][DEBUG] jax_fem: CuDSSNewtonSolver: starting Newton loop
[07-02 12:11:01][DEBUG] jax_fem: DeviceProblem: computing Jacobian on device
[07-02 12:11:01][DEBUG] jax_fem: Function split_and_compute_cell took 0.0345 seconds
[07-02 12:11:01][DEBUG] jax_fem: CuDSSNewtonSolver: initial residual = 2.211e+08
[07-02 12:11:01][DEBUG] jax_fem: DeviceProblem: computing Jacobian on device
[07-02 12:11:01][DEBUG] jax_fem: Function split_and_compute_cell took 0.0224 seconds
[07-02 12:11:01][DEBUG] jax_fem: CuDSSNewtonSolver: iter=1  res=1.636e-05  rel=7.403e-14
[07-02 12:11:01][INFO] jax_fem: CuDSSNewtonSolver: solve finished in 0.10s  res=1.636e-05
[07-02 12:11:01][DEBUG] jax_fem: CuDSSNewtonSolver: starting Newton loop
[07-02 12:11:01][DEBUG] jax_fem: DeviceProblem: computing Jacobian on device
[07-02 12:11:01][DEBUG] jax_fem: Function split_and_compute_cell took 0.0428 seconds
[07-02 12:11:01][DEBUG] jax_fem: CuDSSNewtonSolver: initial residual = 2.236e+08
[07-02 12:11:01][DEBUG] jax_fem: DeviceProblem: computing Jacobian on device
[07-02 12:11:02][DEBUG] jax_fem: Function split_and_compute_cell took 0.0312 seconds
[07-02 12:11:02][DEBUG] jax_fem: CuDSSNewtonSolver: iter=1  res=1.523e-05  rel=6.809e-14
[07-02 12:11:02][INFO] jax_fem: CuDSSNewtonSolver: solve finished in 0.12s  res=1.523e-05
[07-02 12:11:02][DEBUG] jax_fem: CuDSSNewtonSolver: starting Newton loop
[07-02 12:11:02][DEBUG] jax_fem: DeviceProblem: computing Jacobian on device
[07-02 12:11:02][DEBUG] jax_fem: Function split_and_compute_cell took 0.0295 seconds
[07-02 12:11:02][DEBUG] jax_fem: CuDSSNewtonSolver: initial residual = 2.223e+08
[07-02 12:11:02][DEBUG] jax_fem: DeviceProblem: computing Jacobian on device
[07-02 12:11:02][DEBUG] jax_fem: Function split_and_compute_cell took 0.0501 seconds
[07-02 12:11:02][DEBUG] jax_fem: CuDSSNewtonSolver: iter=1  res=1.346e-05  rel=6.052e-14
[07-02 12:11:02][INFO] jax_fem: CuDSSNewtonSolver: solve finished in 0.12s  res=1.346e-05
[07-02 12:11:04][DEBUG] jax_fem: CuDSSNewtonSolver: starting Newton loop
[07-02 12:11:04][DEBUG] jax_fem: DeviceProblem: computing Jacobian on device
[07-02 12:11:04][DEBUG] jax_fem: Function split_and_compute_cell took 0.0275 seconds
[07-02 12:11:04][DEBUG] jax_fem: CuDSSNewtonSolver: initial residual = 2.235e+08
[07-02 12:11:04][DEBUG] jax_fem: DeviceProblem: computing Jacobian on device
[07-02 12:11:04][DEBUG] jax_fem: Function split_and_compute_cell took 0.0262 seconds
[07-02 12:11:04][DEBUG] jax_fem: CuDSSNewtonSolver: iter=1  res=1.521e-05  rel=6.805e-14
[07-02 12:11:04][INFO] jax_fem: CuDSSNewtonSolver: solve finished in 0.09s  res=1.521e-05
[07-02 12:11:04][DEBUG] jax_fem: CuDSSNewtonSolver: starting Newton loop
[07-02 12:11:04][DEBUG] jax_fem: DeviceProblem: computing Jacobian on device
[07-02 12:11:04][DEBUG] jax_fem: Function split_and_compute_cell took 0.0263 seconds
[07-02 12:11:04][DEBUG] jax_fem: CuDSSNewtonSolver: initial residual = 2.216e+08
[07-02 12:11:04][DEBUG] jax_fem: DeviceProblem: computing Jacobian on device
[07-02 12:11:04][DEBUG] jax_fem: Function split_and_compute_cell took 0.0263 seconds
[07-02 12:11:04][DEBUG] jax_fem: CuDSSNewtonSolver: iter=1  res=1.572e-05  rel=7.093e-14
[07-02 12:11:04][INFO] jax_fem: CuDSSNewtonSolver: solve finished in 0.09s  res=1.572e-05
[07-02 12:11:05][DEBUG] jax_fem: CuDSSNewtonSolver: starting Newton loop
[07-02 12:11:05][DEBUG] jax_fem: DeviceProblem: computing Jacobian on device
[07-02 12:11:05][DEBUG] jax_fem: Function split_and_compute_cell took 0.0271 seconds
[07-02 12:11:05][DEBUG] jax_fem: CuDSSNewtonSolver: initial residual = 2.211e+08
[07-02 12:11:05][DEBUG] jax_fem: DeviceProblem: computing Jacobian on device
[07-02 12:11:05][DEBUG] jax_fem: Function split_and_compute_cell took 0.0268 seconds
[07-02 12:11:05][DEBUG] jax_fem: CuDSSNewtonSolver: iter=1  res=1.670e-05  rel=7.556e-14
[07-02 12:11:05][INFO] jax_fem: CuDSSNewtonSolver: solve finished in 0.09s  res=1.670e-05
[07-02 12:11:06][DEBUG] jax_fem: CuDSSNewtonSolver: starting Newton loop
[07-02 12:11:06][DEBUG] jax_fem: DeviceProblem: computing Jacobian on device
[07-02 12:11:06][DEBUG] jax_fem: Function split_and_compute_cell took 0.0277 seconds
[07-02 12:11:06][DEBUG] jax_fem: CuDSSNewtonSolver: initial residual = 2.236e+08
[07-02 12:11:06][DEBUG] jax_fem: DeviceProblem: computing Jacobian on device
[07-02 12:11:06][DEBUG] jax_fem: Function split_and_compute_cell took 0.0264 seconds
[07-02 12:11:06][DEBUG] jax_fem: CuDSSNewtonSolver: iter=1  res=1.518e-05  rel=6.786e-14
[07-02 12:11:06][INFO] jax_fem: CuDSSNewtonSolver: solve finished in 0.09s  res=1.518e-05
[07-02 12:11:06][DEBUG] jax_fem: CuDSSNewtonSolver: starting Newton loop
[07-02 12:11:06][DEBUG] jax_fem: DeviceProblem: computing Jacobian on device
[07-02 12:11:06][DEBUG] jax_fem: Function split_and_compute_cell took 0.0262 seconds
[07-02 12:11:06][DEBUG] jax_fem: CuDSSNewtonSolver: initial residual = 2.223e+08
[07-02 12:11:06][DEBUG] jax_fem: DeviceProblem: computing Jacobian on device
[07-02 12:11:06][DEBUG] jax_fem: Function split_and_compute_cell took 0.0274 seconds
[07-02 12:11:06][DEBUG] jax_fem: CuDSSNewtonSolver: iter=1  res=1.303e-05  rel=5.859e-14
[07-02 12:11:06][INFO] jax_fem: CuDSSNewtonSolver: solve finished in 0.09s  res=1.303e-05
[07-02 12:11:06][INFO] jax_fem: CuDSS backward: solving adjoint problem …
[07-02 12:11:06][DEBUG] jax_fem: DeviceProblem: computing Jacobian on device
[07-02 12:11:06][DEBUG] jax_fem: Function split_and_compute_cell took 0.0332 seconds
[07-02 12:11:06][DEBUG] jax_fem: Computing cell residual...
[07-02 12:11:06][DEBUG] jax_fem: Function split_and_compute_cell took 0.0610 seconds
[07-02 12:11:07][INFO] jax_fem: CuDSS backward: solving adjoint problem …
[07-02 12:11:07][DEBUG] jax_fem: DeviceProblem: computing Jacobian on device
[07-02 12:11:07][DEBUG] jax_fem: Function split_and_compute_cell took 0.0311 seconds
[07-02 12:11:07][DEBUG] jax_fem: Computing cell residual...
[07-02 12:11:07][DEBUG] jax_fem: Function split_and_compute_cell took 0.0699 seconds
[07-02 12:11:07][INFO] jax_fem: CuDSS backward: solving adjoint problem …
[07-02 12:11:07][DEBUG] jax_fem: DeviceProblem: computing Jacobian on device
[07-02 12:11:07][DEBUG] jax_fem: Function split_and_compute_cell took 0.0488 seconds
[07-02 12:11:07][DEBUG] jax_fem: Computing cell residual...
[07-02 12:11:07][DEBUG] jax_fem: Function split_and_compute_cell took 0.0641 seconds
[07-02 12:11:07][INFO] jax_fem: CuDSS backward: solving adjoint problem …
[07-02 12:11:08][DEBUG] jax_fem: DeviceProblem: computing Jacobian on device
[07-02 12:11:08][DEBUG] jax_fem: Function split_and_compute_cell took 0.0248 seconds
[07-02 12:11:08][DEBUG] jax_fem: Computing cell residual...
[07-02 12:11:08][DEBUG] jax_fem: Function split_and_compute_cell took 0.0599 seconds
[07-02 12:11:08][INFO] jax_fem: CuDSS backward: solving adjoint problem …
[07-02 12:11:08][DEBUG] jax_fem: DeviceProblem: computing Jacobian on device
[07-02 12:11:08][DEBUG] jax_fem: Function split_and_compute_cell took 0.0338 seconds
[07-02 12:11:08][DEBUG] jax_fem: Computing cell residual...
[07-02 12:11:08][DEBUG] jax_fem: Function split_and_compute_cell took 0.0645 seconds
[07-02 12:11:10][DEBUG] jax_fem: CuDSSNewtonSolver: starting Newton loop
[07-02 12:11:10][DEBUG] jax_fem: DeviceProblem: computing Jacobian on device
[07-02 12:11:10][DEBUG] jax_fem: Function split_and_compute_cell took 0.0456 seconds
[07-02 12:11:10][DEBUG] jax_fem: CuDSSNewtonSolver: initial residual = 2.235e+08
[07-02 12:11:10][DEBUG] jax_fem: DeviceProblem: computing Jacobian on device
[07-02 12:11:10][DEBUG] jax_fem: Function split_and_compute_cell took 0.0421 seconds
[07-02 12:11:10][DEBUG] jax_fem: CuDSSNewtonSolver: iter=1  res=1.552e-05  rel=6.943e-14
[07-02 12:11:10][INFO] jax_fem: CuDSSNewtonSolver: solve finished in 0.13s  res=1.552e-05
[07-02 12:11:10][DEBUG] jax_fem: CuDSSNewtonSolver: starting Newton loop
[07-02 12:11:10][DEBUG] jax_fem: DeviceProblem: computing Jacobian on device
[07-02 12:11:10][DEBUG] jax_fem: Function split_and_compute_cell took 0.0319 seconds
[07-02 12:11:10][DEBUG] jax_fem: CuDSSNewtonSolver: initial residual = 2.216e+08
[07-02 12:11:10][DEBUG] jax_fem: DeviceProblem: computing Jacobian on device
[07-02 12:11:10][DEBUG] jax_fem: Function split_and_compute_cell took 0.0326 seconds
[07-02 12:11:10][DEBUG] jax_fem: CuDSSNewtonSolver: iter=1  res=1.417e-05  rel=6.393e-14
[07-02 12:11:10][INFO] jax_fem: CuDSSNewtonSolver: solve finished in 0.11s  res=1.417e-05
[07-02 12:11:10][DEBUG] jax_fem: CuDSSNewtonSolver: starting Newton loop
[07-02 12:11:10][DEBUG] jax_fem: DeviceProblem: computing Jacobian on device
[07-02 12:11:10][DEBUG] jax_fem: Function split_and_compute_cell took 0.0419 seconds
[07-02 12:11:10][DEBUG] jax_fem: CuDSSNewtonSolver: initial residual = 2.211e+08
[07-02 12:11:10][DEBUG] jax_fem: DeviceProblem: computing Jacobian on device
[07-02 12:11:10][DEBUG] jax_fem: Function split_and_compute_cell took 0.0278 seconds
[07-02 12:11:10][DEBUG] jax_fem: CuDSSNewtonSolver: iter=1  res=1.626e-05  rel=7.356e-14
[07-02 12:11:10][INFO] jax_fem: CuDSSNewtonSolver: solve finished in 0.11s  res=1.626e-05
[07-02 12:11:11][DEBUG] jax_fem: CuDSSNewtonSolver: starting Newton loop
[07-02 12:11:11][DEBUG] jax_fem: DeviceProblem: computing Jacobian on device
[07-02 12:11:11][DEBUG] jax_fem: Function split_and_compute_cell took 0.0497 seconds
[07-02 12:11:11][DEBUG] jax_fem: CuDSSNewtonSolver: initial residual = 2.236e+08
[07-02 12:11:11][DEBUG] jax_fem: DeviceProblem: computing Jacobian on device
[07-02 12:11:11][DEBUG] jax_fem: Function split_and_compute_cell took 0.0433 seconds
[07-02 12:11:11][DEBUG] jax_fem: CuDSSNewtonSolver: iter=1  res=1.503e-05  rel=6.720e-14
[07-02 12:11:11][INFO] jax_fem: CuDSSNewtonSolver: solve finished in 0.14s  res=1.503e-05
[07-02 12:11:11][DEBUG] jax_fem: CuDSSNewtonSolver: starting Newton loop
[07-02 12:11:11][DEBUG] jax_fem: DeviceProblem: computing Jacobian on device
[07-02 12:11:11][DEBUG] jax_fem: Function split_and_compute_cell took 0.0323 seconds
[07-02 12:11:11][DEBUG] jax_fem: CuDSSNewtonSolver: initial residual = 2.223e+08
[07-02 12:11:11][DEBUG] jax_fem: DeviceProblem: computing Jacobian on device
[07-02 12:11:11][DEBUG] jax_fem: Function split_and_compute_cell took 0.0442 seconds
[07-02 12:11:11][DEBUG] jax_fem: CuDSSNewtonSolver: iter=1  res=1.246e-05  rel=5.604e-14
[07-02 12:11:11][INFO] jax_fem: CuDSSNewtonSolver: solve finished in 0.12s  res=1.246e-05
[07-02 12:11:13][DEBUG] jax_fem: CuDSSNewtonSolver: starting Newton loop
[07-02 12:11:13][DEBUG] jax_fem: DeviceProblem: computing Jacobian on device
[07-02 12:11:13][DEBUG] jax_fem: Function split_and_compute_cell took 0.0267 seconds
[07-02 12:11:13][DEBUG] jax_fem: CuDSSNewtonSolver: initial residual = 2.235e+08
[07-02 12:11:13][DEBUG] jax_fem: DeviceProblem: computing Jacobian on device
[07-02 12:11:13][DEBUG] jax_fem: Function split_and_compute_cell took 0.0262 seconds
[07-02 12:11:13][DEBUG] jax_fem: CuDSSNewtonSolver: iter=1  res=1.453e-05  rel=6.502e-14
[07-02 12:11:13][INFO] jax_fem: CuDSSNewtonSolver: solve finished in 0.09s  res=1.453e-05
[07-02 12:11:14][DEBUG] jax_fem: CuDSSNewtonSolver: starting Newton loop
[07-02 12:11:14][DEBUG] jax_fem: DeviceProblem: computing Jacobian on device
[07-02 12:11:14][DEBUG] jax_fem: Function split_and_compute_cell took 0.0263 seconds
[07-02 12:11:14][DEBUG] jax_fem: CuDSSNewtonSolver: initial residual = 2.216e+08
[07-02 12:11:14][DEBUG] jax_fem: DeviceProblem: computing Jacobian on device
[07-02 12:11:14][DEBUG] jax_fem: Function split_and_compute_cell took 0.0269 seconds
[07-02 12:11:14][DEBUG] jax_fem: CuDSSNewtonSolver: iter=1  res=1.534e-05  rel=6.919e-14
[07-02 12:11:14][INFO] jax_fem: CuDSSNewtonSolver: solve finished in 0.09s  res=1.534e-05
[07-02 12:11:14][DEBUG] jax_fem: CuDSSNewtonSolver: starting Newton loop
[07-02 12:11:14][DEBUG] jax_fem: DeviceProblem: computing Jacobian on device
[07-02 12:11:14][DEBUG] jax_fem: Function split_and_compute_cell took 0.0276 seconds
[07-02 12:11:14][DEBUG] jax_fem: CuDSSNewtonSolver: initial residual = 2.211e+08
[07-02 12:11:14][DEBUG] jax_fem: DeviceProblem: computing Jacobian on device
[07-02 12:11:14][DEBUG] jax_fem: Function split_and_compute_cell took 0.0271 seconds
[07-02 12:11:14][DEBUG] jax_fem: CuDSSNewtonSolver: iter=1  res=1.651e-05  rel=7.469e-14
[07-02 12:11:14][INFO] jax_fem: CuDSSNewtonSolver: solve finished in 0.09s  res=1.651e-05
[07-02 12:11:15][DEBUG] jax_fem: CuDSSNewtonSolver: starting Newton loop
[07-02 12:11:15][DEBUG] jax_fem: DeviceProblem: computing Jacobian on device
[07-02 12:11:15][DEBUG] jax_fem: Function split_and_compute_cell took 0.0265 seconds
[07-02 12:11:15][DEBUG] jax_fem: CuDSSNewtonSolver: initial residual = 2.236e+08
[07-02 12:11:15][DEBUG] jax_fem: DeviceProblem: computing Jacobian on device
[07-02 12:11:15][DEBUG] jax_fem: Function split_and_compute_cell took 0.0273 seconds
[07-02 12:11:15][DEBUG] jax_fem: CuDSSNewtonSolver: iter=1  res=1.506e-05  rel=6.736e-14
[07-02 12:11:15][INFO] jax_fem: CuDSSNewtonSolver: solve finished in 0.09s  res=1.506e-05
[07-02 12:11:15][DEBUG] jax_fem: CuDSSNewtonSolver: starting Newton loop
[07-02 12:11:15][DEBUG] jax_fem: DeviceProblem: computing Jacobian on device
[07-02 12:11:15][DEBUG] jax_fem: Function split_and_compute_cell took 0.0251 seconds
[07-02 12:11:15][DEBUG] jax_fem: CuDSSNewtonSolver: initial residual = 2.223e+08
[07-02 12:11:15][DEBUG] jax_fem: DeviceProblem: computing Jacobian on device
[07-02 12:11:16][DEBUG] jax_fem: Function split_and_compute_cell took 0.0267 seconds
[07-02 12:11:16][DEBUG] jax_fem: CuDSSNewtonSolver: iter=1  res=1.360e-05  rel=6.119e-14
[07-02 12:11:16][INFO] jax_fem: CuDSSNewtonSolver: solve finished in 0.09s  res=1.360e-05
[07-02 12:11:16][INFO] jax_fem: CuDSS backward: solving adjoint problem …
[07-02 12:11:16][DEBUG] jax_fem: DeviceProblem: computing Jacobian on device
[07-02 12:11:16][DEBUG] jax_fem: Function split_and_compute_cell took 0.0344 seconds
[07-02 12:11:16][DEBUG] jax_fem: Computing cell residual...
[07-02 12:11:16][DEBUG] jax_fem: Function split_and_compute_cell took 0.0606 seconds
[07-02 12:11:16][INFO] jax_fem: CuDSS backward: solving adjoint problem …
[07-02 12:11:16][DEBUG] jax_fem: DeviceProblem: computing Jacobian on device
[07-02 12:11:16][DEBUG] jax_fem: Function split_and_compute_cell took 0.0373 seconds
[07-02 12:11:16][DEBUG] jax_fem: Computing cell residual...
[07-02 12:11:16][DEBUG] jax_fem: Function split_and_compute_cell took 0.0555 seconds
[07-02 12:11:16][INFO] jax_fem: CuDSS backward: solving adjoint problem …
[07-02 12:11:16][DEBUG] jax_fem: DeviceProblem: computing Jacobian on device
[07-02 12:11:16][DEBUG] jax_fem: Function split_and_compute_cell took 0.0321 seconds
[07-02 12:11:16][DEBUG] jax_fem: Computing cell residual...
[07-02 12:11:16][DEBUG] jax_fem: Function split_and_compute_cell took 0.0708 seconds
[07-02 12:11:17][INFO] jax_fem: CuDSS backward: solving adjoint problem …
[07-02 12:11:17][DEBUG] jax_fem: DeviceProblem: computing Jacobian on device
[07-02 12:11:17][DEBUG] jax_fem: Function split_and_compute_cell took 0.0257 seconds
[07-02 12:11:17][DEBUG] jax_fem: Computing cell residual...
[07-02 12:11:17][DEBUG] jax_fem: Function split_and_compute_cell took 0.0539 seconds
[07-02 12:11:17][INFO] jax_fem: CuDSS backward: solving adjoint problem …
[07-02 12:11:17][DEBUG] jax_fem: DeviceProblem: computing Jacobian on device
[07-02 12:11:17][DEBUG] jax_fem: Function split_and_compute_cell took 0.0262 seconds
[07-02 12:11:17][DEBUG] jax_fem: Computing cell residual...
[07-02 12:11:17][DEBUG] jax_fem: Function split_and_compute_cell took 0.0682 seconds
[07-02 12:11:19][DEBUG] jax_fem: CuDSSNewtonSolver: starting Newton loop
[07-02 12:11:19][DEBUG] jax_fem: DeviceProblem: computing Jacobian on device
[07-02 12:11:19][DEBUG] jax_fem: Function split_and_compute_cell took 0.0520 seconds
[07-02 12:11:19][DEBUG] jax_fem: CuDSSNewtonSolver: initial residual = 2.235e+08
[07-02 12:11:19][DEBUG] jax_fem: DeviceProblem: computing Jacobian on device
[07-02 12:11:19][DEBUG] jax_fem: Function split_and_compute_cell took 0.0432 seconds
[07-02 12:11:19][DEBUG] jax_fem: CuDSSNewtonSolver: iter=1  res=1.572e-05  rel=7.032e-14
[07-02 12:11:19][INFO] jax_fem: CuDSSNewtonSolver: solve finished in 0.14s  res=1.572e-05
[07-02 12:11:19][DEBUG] jax_fem: CuDSSNewtonSolver: starting Newton loop
[07-02 12:11:19][DEBUG] jax_fem: DeviceProblem: computing Jacobian on device
[07-02 12:11:19][DEBUG] jax_fem: Function split_and_compute_cell took 0.0239 seconds
[07-02 12:11:19][DEBUG] jax_fem: CuDSSNewtonSolver: initial residual = 2.216e+08
[07-02 12:11:19][DEBUG] jax_fem: DeviceProblem: computing Jacobian on device
[07-02 12:11:19][DEBUG] jax_fem: Function split_and_compute_cell took 0.0451 seconds
[07-02 12:11:19][DEBUG] jax_fem: CuDSSNewtonSolver: iter=1  res=1.627e-05  rel=7.341e-14
[07-02 12:11:19][INFO] jax_fem: CuDSSNewtonSolver: solve finished in 0.11s  res=1.627e-05
[07-02 12:11:19][DEBUG] jax_fem: CuDSSNewtonSolver: starting Newton loop
[07-02 12:11:19][DEBUG] jax_fem: DeviceProblem: computing Jacobian on device
[07-02 12:11:20][DEBUG] jax_fem: Function split_and_compute_cell took 0.0600 seconds
[07-02 12:11:20][DEBUG] jax_fem: CuDSSNewtonSolver: initial residual = 2.211e+08
[07-02 12:11:20][DEBUG] jax_fem: DeviceProblem: computing Jacobian on device
[07-02 12:11:20][DEBUG] jax_fem: Function split_and_compute_cell took 0.0367 seconds
[07-02 12:11:20][DEBUG] jax_fem: CuDSSNewtonSolver: iter=1  res=1.609e-05  rel=7.278e-14
[07-02 12:11:20][INFO] jax_fem: CuDSSNewtonSolver: solve finished in 0.14s  res=1.609e-05
[07-02 12:11:20][DEBUG] jax_fem: CuDSSNewtonSolver: starting Newton loop
[07-02 12:11:20][DEBUG] jax_fem: DeviceProblem: computing Jacobian on device
[07-02 12:11:20][DEBUG] jax_fem: Function split_and_compute_cell took 0.0271 seconds
[07-02 12:11:20][DEBUG] jax_fem: CuDSSNewtonSolver: initial residual = 2.236e+08
[07-02 12:11:20][DEBUG] jax_fem: DeviceProblem: computing Jacobian on device
[07-02 12:11:20][DEBUG] jax_fem: Function split_and_compute_cell took 0.0234 seconds
[07-02 12:11:20][DEBUG] jax_fem: CuDSSNewtonSolver: iter=1  res=1.473e-05  rel=6.588e-14
[07-02 12:11:20][INFO] jax_fem: CuDSSNewtonSolver: solve finished in 0.09s  res=1.473e-05
[07-02 12:11:20][DEBUG] jax_fem: CuDSSNewtonSolver: starting Newton loop
[07-02 12:11:20][DEBUG] jax_fem: DeviceProblem: computing Jacobian on device
[07-02 12:11:20][DEBUG] jax_fem: Function split_and_compute_cell took 0.0308 seconds
[07-02 12:11:20][DEBUG] jax_fem: CuDSSNewtonSolver: initial residual = 2.223e+08
[07-02 12:11:20][DEBUG] jax_fem: DeviceProblem: computing Jacobian on device
[07-02 12:11:20][DEBUG] jax_fem: Function split_and_compute_cell took 0.0360 seconds
[07-02 12:11:20][DEBUG] jax_fem: CuDSSNewtonSolver: iter=1  res=1.381e-05  rel=6.209e-14
[07-02 12:11:20][INFO] jax_fem: CuDSSNewtonSolver: solve finished in 0.11s  res=1.381e-05
[07-02 12:11:22][DEBUG] jax_fem: CuDSSNewtonSolver: starting Newton loop
[07-02 12:11:22][DEBUG] jax_fem: DeviceProblem: computing Jacobian on device
[07-02 12:11:22][DEBUG] jax_fem: Function split_and_compute_cell took 0.0287 seconds
[07-02 12:11:22][DEBUG] jax_fem: CuDSSNewtonSolver: initial residual = 2.235e+08
[07-02 12:11:22][DEBUG] jax_fem: DeviceProblem: computing Jacobian on device
[07-02 12:11:22][DEBUG] jax_fem: Function split_and_compute_cell took 0.0277 seconds
[07-02 12:11:22][DEBUG] jax_fem: CuDSSNewtonSolver: iter=1  res=1.558e-05  rel=6.972e-14
[07-02 12:11:22][INFO] jax_fem: CuDSSNewtonSolver: solve finished in 0.09s  res=1.558e-05
[07-02 12:11:23][DEBUG] jax_fem: CuDSSNewtonSolver: starting Newton loop
[07-02 12:11:23][DEBUG] jax_fem: DeviceProblem: computing Jacobian on device
[07-02 12:11:23][DEBUG] jax_fem: Function split_and_compute_cell took 0.0276 seconds
[07-02 12:11:23][DEBUG] jax_fem: CuDSSNewtonSolver: initial residual = 2.216e+08
[07-02 12:11:23][DEBUG] jax_fem: DeviceProblem: computing Jacobian on device
[07-02 12:11:23][DEBUG] jax_fem: Function split_and_compute_cell took 0.0262 seconds
[07-02 12:11:23][DEBUG] jax_fem: CuDSSNewtonSolver: iter=1  res=1.641e-05  rel=7.405e-14
[07-02 12:11:23][INFO] jax_fem: CuDSSNewtonSolver: solve finished in 0.09s  res=1.641e-05
[07-02 12:11:23][DEBUG] jax_fem: CuDSSNewtonSolver: starting Newton loop
[07-02 12:11:23][DEBUG] jax_fem: DeviceProblem: computing Jacobian on device
[07-02 12:11:23][DEBUG] jax_fem: Function split_and_compute_cell took 0.0251 seconds
[07-02 12:11:23][DEBUG] jax_fem: CuDSSNewtonSolver: initial residual = 2.211e+08
[07-02 12:11:23][DEBUG] jax_fem: DeviceProblem: computing Jacobian on device
[07-02 12:11:23][DEBUG] jax_fem: Function split_and_compute_cell took 0.0256 seconds
[07-02 12:11:23][DEBUG] jax_fem: CuDSSNewtonSolver: iter=1  res=1.516e-05  rel=6.860e-14
[07-02 12:11:23][INFO] jax_fem: CuDSSNewtonSolver: solve finished in 0.09s  res=1.516e-05
[07-02 12:11:24][DEBUG] jax_fem: CuDSSNewtonSolver: starting Newton loop
[07-02 12:11:24][DEBUG] jax_fem: DeviceProblem: computing Jacobian on device
[07-02 12:11:24][DEBUG] jax_fem: Function split_and_compute_cell took 0.0278 seconds
[07-02 12:11:24][DEBUG] jax_fem: CuDSSNewtonSolver: initial residual = 2.236e+08
[07-02 12:11:24][DEBUG] jax_fem: DeviceProblem: computing Jacobian on device
[07-02 12:11:24][DEBUG] jax_fem: Function split_and_compute_cell took 0.0262 seconds
[07-02 12:11:24][DEBUG] jax_fem: CuDSSNewtonSolver: iter=1  res=1.498e-05  rel=6.699e-14
[07-02 12:11:24][INFO] jax_fem: CuDSSNewtonSolver: solve finished in 0.09s  res=1.498e-05
[07-02 12:11:24][DEBUG] jax_fem: CuDSSNewtonSolver: starting Newton loop
[07-02 12:11:24][DEBUG] jax_fem: DeviceProblem: computing Jacobian on device
[07-02 12:11:24][DEBUG] jax_fem: Function split_and_compute_cell took 0.0269 seconds
[07-02 12:11:24][DEBUG] jax_fem: CuDSSNewtonSolver: initial residual = 2.223e+08
[07-02 12:11:24][DEBUG] jax_fem: DeviceProblem: computing Jacobian on device
[07-02 12:11:24][DEBUG] jax_fem: Function split_and_compute_cell took 0.0267 seconds
[07-02 12:11:24][DEBUG] jax_fem: CuDSSNewtonSolver: iter=1  res=1.328e-05  rel=5.973e-14
[07-02 12:11:24][INFO] jax_fem: CuDSSNewtonSolver: solve finished in 0.09s  res=1.328e-05
[07-02 12:11:25][INFO] jax_fem: CuDSS backward: solving adjoint problem …
[07-02 12:11:25][DEBUG] jax_fem: DeviceProblem: computing Jacobian on device
[07-02 12:11:25][DEBUG] jax_fem: Function split_and_compute_cell took 0.0275 seconds
[07-02 12:11:25][DEBUG] jax_fem: Computing cell residual...
[07-02 12:11:25][DEBUG] jax_fem: Function split_and_compute_cell took 0.0690 seconds
[07-02 12:11:25][INFO] jax_fem: CuDSS backward: solving adjoint problem …
[07-02 12:11:25][DEBUG] jax_fem: DeviceProblem: computing Jacobian on device
[07-02 12:11:25][DEBUG] jax_fem: Function split_and_compute_cell took 0.0309 seconds
[07-02 12:11:25][DEBUG] jax_fem: Computing cell residual...
[07-02 12:11:25][DEBUG] jax_fem: Function split_and_compute_cell took 0.0602 seconds
[07-02 12:11:25][INFO] jax_fem: CuDSS backward: solving adjoint problem …
[07-02 12:11:25][DEBUG] jax_fem: DeviceProblem: computing Jacobian on device
[07-02 12:11:25][DEBUG] jax_fem: Function split_and_compute_cell took 0.0276 seconds
[07-02 12:11:26][DEBUG] jax_fem: Computing cell residual...
[07-02 12:11:26][DEBUG] jax_fem: Function split_and_compute_cell took 0.0596 seconds
[07-02 12:11:26][INFO] jax_fem: CuDSS backward: solving adjoint problem …
[07-02 12:11:26][DEBUG] jax_fem: DeviceProblem: computing Jacobian on device
[07-02 12:11:26][DEBUG] jax_fem: Function split_and_compute_cell took 0.0521 seconds
[07-02 12:11:26][DEBUG] jax_fem: Computing cell residual...
[07-02 12:11:26][DEBUG] jax_fem: Function split_and_compute_cell took 0.0652 seconds
[07-02 12:11:26][INFO] jax_fem: CuDSS backward: solving adjoint problem …
[07-02 12:11:26][DEBUG] jax_fem: DeviceProblem: computing Jacobian on device
[07-02 12:11:26][DEBUG] jax_fem: Function split_and_compute_cell took 0.0272 seconds
[07-02 12:11:26][DEBUG] jax_fem: Computing cell residual...
[07-02 12:11:26][DEBUG] jax_fem: Function split_and_compute_cell took 0.0535 seconds
[07-02 12:11:28][DEBUG] jax_fem: CuDSSNewtonSolver: starting Newton loop
[07-02 12:11:28][DEBUG] jax_fem: DeviceProblem: computing Jacobian on device
[07-02 12:11:28][DEBUG] jax_fem: Function split_and_compute_cell took 0.0412 seconds
[07-02 12:11:28][DEBUG] jax_fem: CuDSSNewtonSolver: initial residual = 2.235e+08
[07-02 12:11:28][DEBUG] jax_fem: DeviceProblem: computing Jacobian on device
[07-02 12:11:28][DEBUG] jax_fem: Function split_and_compute_cell took 0.0250 seconds
[07-02 12:11:28][DEBUG] jax_fem: CuDSSNewtonSolver: iter=1  res=1.530e-05  rel=6.844e-14
[07-02 12:11:28][INFO] jax_fem: CuDSSNewtonSolver: solve finished in 0.10s  res=1.530e-05
[07-02 12:11:28][DEBUG] jax_fem: CuDSSNewtonSolver: starting Newton loop
[07-02 12:11:28][DEBUG] jax_fem: DeviceProblem: computing Jacobian on device
[07-02 12:11:28][DEBUG] jax_fem: Function split_and_compute_cell took 0.0472 seconds
[07-02 12:11:28][DEBUG] jax_fem: CuDSSNewtonSolver: initial residual = 2.216e+08
[07-02 12:11:28][DEBUG] jax_fem: DeviceProblem: computing Jacobian on device
[07-02 12:11:28][DEBUG] jax_fem: Function split_and_compute_cell took 0.0564 seconds
[07-02 12:11:28][DEBUG] jax_fem: CuDSSNewtonSolver: iter=1  res=1.555e-05  rel=7.016e-14
[07-02 12:11:28][INFO] jax_fem: CuDSSNewtonSolver: solve finished in 0.14s  res=1.555e-05
[07-02 12:11:29][DEBUG] jax_fem: CuDSSNewtonSolver: starting Newton loop
[07-02 12:11:29][DEBUG] jax_fem: DeviceProblem: computing Jacobian on device
[07-02 12:11:29][DEBUG] jax_fem: Function split_and_compute_cell took 0.0339 seconds
[07-02 12:11:29][DEBUG] jax_fem: CuDSSNewtonSolver: initial residual = 2.211e+08
[07-02 12:11:29][DEBUG] jax_fem: DeviceProblem: computing Jacobian on device
[07-02 12:11:29][DEBUG] jax_fem: Function split_and_compute_cell took 0.0447 seconds
[07-02 12:11:29][DEBUG] jax_fem: CuDSSNewtonSolver: iter=1  res=1.650e-05  rel=7.465e-14
[07-02 12:11:29][INFO] jax_fem: CuDSSNewtonSolver: solve finished in 0.12s  res=1.650e-05
[07-02 12:11:29][DEBUG] jax_fem: CuDSSNewtonSolver: starting Newton loop
[07-02 12:11:29][DEBUG] jax_fem: DeviceProblem: computing Jacobian on device
[07-02 12:11:29][DEBUG] jax_fem: Function split_and_compute_cell took 0.0250 seconds
[07-02 12:11:29][DEBUG] jax_fem: CuDSSNewtonSolver: initial residual = 2.236e+08
[07-02 12:11:29][DEBUG] jax_fem: DeviceProblem: computing Jacobian on device
[07-02 12:11:29][DEBUG] jax_fem: Function split_and_compute_cell took 0.0495 seconds
[07-02 12:11:29][DEBUG] jax_fem: CuDSSNewtonSolver: iter=1  res=1.528e-05  rel=6.831e-14
[07-02 12:11:29][INFO] jax_fem: CuDSSNewtonSolver: solve finished in 0.12s  res=1.528e-05
[07-02 12:11:29][DEBUG] jax_fem: CuDSSNewtonSolver: starting Newton loop
[07-02 12:11:29][DEBUG] jax_fem: DeviceProblem: computing Jacobian on device
[07-02 12:11:29][DEBUG] jax_fem: Function split_and_compute_cell took 0.0264 seconds
[07-02 12:11:29][DEBUG] jax_fem: CuDSSNewtonSolver: initial residual = 2.223e+08
[07-02 12:11:29][DEBUG] jax_fem: DeviceProblem: computing Jacobian on device
[07-02 12:11:29][DEBUG] jax_fem: Function split_and_compute_cell took 0.0264 seconds
[07-02 12:11:29][DEBUG] jax_fem: CuDSSNewtonSolver: iter=1  res=1.328e-05  rel=5.974e-14
[07-02 12:11:29][INFO] jax_fem: CuDSSNewtonSolver: solve finished in 0.10s  res=1.328e-05
[07-02 12:11:31][DEBUG] jax_fem: CuDSSNewtonSolver: starting Newton loop
[07-02 12:11:31][DEBUG] jax_fem: DeviceProblem: computing Jacobian on device
[07-02 12:11:31][DEBUG] jax_fem: Function split_and_compute_cell took 0.0255 seconds
[07-02 12:11:31][DEBUG] jax_fem: CuDSSNewtonSolver: initial residual = 2.235e+08
[07-02 12:11:31][DEBUG] jax_fem: DeviceProblem: computing Jacobian on device
[07-02 12:11:31][DEBUG] jax_fem: Function split_and_compute_cell took 0.0271 seconds
[07-02 12:11:31][DEBUG] jax_fem: CuDSSNewtonSolver: iter=1  res=1.479e-05  rel=6.617e-14
[07-02 12:11:31][INFO] jax_fem: CuDSSNewtonSolver: solve finished in 0.09s  res=1.479e-05
[07-02 12:11:32][DEBUG] jax_fem: CuDSSNewtonSolver: starting Newton loop
[07-02 12:11:32][DEBUG] jax_fem: DeviceProblem: computing Jacobian on device
[07-02 12:11:32][DEBUG] jax_fem: Function split_and_compute_cell took 0.0262 seconds
[07-02 12:11:32][DEBUG] jax_fem: CuDSSNewtonSolver: initial residual = 2.216e+08
[07-02 12:11:32][DEBUG] jax_fem: DeviceProblem: computing Jacobian on device
[07-02 12:11:32][DEBUG] jax_fem: Function split_and_compute_cell took 0.0254 seconds
[07-02 12:11:32][DEBUG] jax_fem: CuDSSNewtonSolver: iter=1  res=1.585e-05  rel=7.150e-14
[07-02 12:11:32][INFO] jax_fem: CuDSSNewtonSolver: solve finished in 0.09s  res=1.585e-05
[07-02 12:11:32][DEBUG] jax_fem: CuDSSNewtonSolver: starting Newton loop
[07-02 12:11:32][DEBUG] jax_fem: DeviceProblem: computing Jacobian on device
[07-02 12:11:32][DEBUG] jax_fem: Function split_and_compute_cell took 0.0247 seconds
[07-02 12:11:32][DEBUG] jax_fem: CuDSSNewtonSolver: initial residual = 2.211e+08
[07-02 12:11:32][DEBUG] jax_fem: DeviceProblem: computing Jacobian on device
[07-02 12:11:32][DEBUG] jax_fem: Function split_and_compute_cell took 0.0265 seconds
[07-02 12:11:32][DEBUG] jax_fem: CuDSSNewtonSolver: iter=1  res=1.680e-05  rel=7.600e-14
[07-02 12:11:32][INFO] jax_fem: CuDSSNewtonSolver: solve finished in 0.09s  res=1.680e-05
[07-02 12:11:33][DEBUG] jax_fem: CuDSSNewtonSolver: starting Newton loop
[07-02 12:11:33][DEBUG] jax_fem: DeviceProblem: computing Jacobian on device
[07-02 12:11:33][DEBUG] jax_fem: Function split_and_compute_cell took 0.0270 seconds
[07-02 12:11:33][DEBUG] jax_fem: CuDSSNewtonSolver: initial residual = 2.236e+08
[07-02 12:11:33][DEBUG] jax_fem: DeviceProblem: computing Jacobian on device
[07-02 12:11:33][DEBUG] jax_fem: Function split_and_compute_cell took 0.0282 seconds
[07-02 12:11:33][DEBUG] jax_fem: CuDSSNewtonSolver: iter=1  res=1.452e-05  rel=6.491e-14
[07-02 12:11:33][INFO] jax_fem: CuDSSNewtonSolver: solve finished in 0.09s  res=1.452e-05
[07-02 12:11:33][DEBUG] jax_fem: CuDSSNewtonSolver: starting Newton loop
[07-02 12:11:33][DEBUG] jax_fem: DeviceProblem: computing Jacobian on device
[07-02 12:11:34][DEBUG] jax_fem: Function split_and_compute_cell took 0.0257 seconds
[07-02 12:11:34][DEBUG] jax_fem: CuDSSNewtonSolver: initial residual = 2.223e+08
[07-02 12:11:34][DEBUG] jax_fem: DeviceProblem: computing Jacobian on device
[07-02 12:11:34][DEBUG] jax_fem: Function split_and_compute_cell took 0.0275 seconds
[07-02 12:11:34][DEBUG] jax_fem: CuDSSNewtonSolver: iter=1  res=1.339e-05  rel=6.024e-14
[07-02 12:11:34][INFO] jax_fem: CuDSSNewtonSolver: solve finished in 0.09s  res=1.339e-05
[07-02 12:11:34][INFO] jax_fem: CuDSS backward: solving adjoint problem …
[07-02 12:11:34][DEBUG] jax_fem: DeviceProblem: computing Jacobian on device
[07-02 12:11:34][DEBUG] jax_fem: Function split_and_compute_cell took 0.0296 seconds
[07-02 12:11:34][DEBUG] jax_fem: Computing cell residual...
[07-02 12:11:34][DEBUG] jax_fem: Function split_and_compute_cell took 0.0720 seconds
[07-02 12:11:34][INFO] jax_fem: CuDSS backward: solving adjoint problem …
[07-02 12:11:34][DEBUG] jax_fem: DeviceProblem: computing Jacobian on device
[07-02 12:11:34][DEBUG] jax_fem: Function split_and_compute_cell took 0.0331 seconds
[07-02 12:11:34][DEBUG] jax_fem: Computing cell residual...
[07-02 12:11:34][DEBUG] jax_fem: Function split_and_compute_cell took 0.0587 seconds
[07-02 12:11:34][INFO] jax_fem: CuDSS backward: solving adjoint problem …
[07-02 12:11:34][DEBUG] jax_fem: DeviceProblem: computing Jacobian on device
[07-02 12:11:34][DEBUG] jax_fem: Function split_and_compute_cell took 0.0502 seconds
[07-02 12:11:35][DEBUG] jax_fem: Computing cell residual...
[07-02 12:11:35][DEBUG] jax_fem: Function split_and_compute_cell took 0.0612 seconds
[07-02 12:11:35][INFO] jax_fem: CuDSS backward: solving adjoint problem …
[07-02 12:11:35][DEBUG] jax_fem: DeviceProblem: computing Jacobian on device
[07-02 12:11:35][DEBUG] jax_fem: Function split_and_compute_cell took 0.0251 seconds
[07-02 12:11:35][DEBUG] jax_fem: Computing cell residual...
[07-02 12:11:35][DEBUG] jax_fem: Function split_and_compute_cell took 0.0645 seconds
[07-02 12:11:35][INFO] jax_fem: CuDSS backward: solving adjoint problem …
[07-02 12:11:35][DEBUG] jax_fem: DeviceProblem: computing Jacobian on device
[07-02 12:11:35][DEBUG] jax_fem: Function split_and_compute_cell took 0.0376 seconds
[07-02 12:11:35][DEBUG] jax_fem: Computing cell residual...
[07-02 12:11:35][DEBUG] jax_fem: Function split_and_compute_cell took 0.0708 seconds
[07-02 12:11:37][DEBUG] jax_fem: CuDSSNewtonSolver: starting Newton loop
[07-02 12:11:37][DEBUG] jax_fem: DeviceProblem: computing Jacobian on device
[07-02 12:11:37][DEBUG] jax_fem: Function split_and_compute_cell took 0.0326 seconds
[07-02 12:11:37][DEBUG] jax_fem: CuDSSNewtonSolver: initial residual = 2.235e+08
[07-02 12:11:37][DEBUG] jax_fem: DeviceProblem: computing Jacobian on device
[07-02 12:11:37][DEBUG] jax_fem: Function split_and_compute_cell took 0.0383 seconds
[07-02 12:11:37][DEBUG] jax_fem: CuDSSNewtonSolver: iter=1  res=1.591e-05  rel=7.118e-14
[07-02 12:11:37][INFO] jax_fem: CuDSSNewtonSolver: solve finished in 0.11s  res=1.591e-05
[07-02 12:11:37][DEBUG] jax_fem: CuDSSNewtonSolver: starting Newton loop
[07-02 12:11:37][DEBUG] jax_fem: DeviceProblem: computing Jacobian on device
[07-02 12:11:37][DEBUG] jax_fem: Function split_and_compute_cell took 0.0387 seconds
[07-02 12:11:37][DEBUG] jax_fem: CuDSSNewtonSolver: initial residual = 2.216e+08
[07-02 12:11:37][DEBUG] jax_fem: DeviceProblem: computing Jacobian on device
[07-02 12:11:37][DEBUG] jax_fem: Function split_and_compute_cell took 0.0265 seconds
[07-02 12:11:37][DEBUG] jax_fem: CuDSSNewtonSolver: iter=1  res=1.602e-05  rel=7.226e-14
[07-02 12:11:37][INFO] jax_fem: CuDSSNewtonSolver: solve finished in 0.10s  res=1.602e-05
[07-02 12:11:38][DEBUG] jax_fem: CuDSSNewtonSolver: starting Newton loop
[07-02 12:11:38][DEBUG] jax_fem: DeviceProblem: computing Jacobian on device
[07-02 12:11:38][DEBUG] jax_fem: Function split_and_compute_cell took 0.0511 seconds
[07-02 12:11:38][DEBUG] jax_fem: CuDSSNewtonSolver: initial residual = 2.211e+08
[07-02 12:11:38][DEBUG] jax_fem: DeviceProblem: computing Jacobian on device
[07-02 12:11:38][DEBUG] jax_fem: Function split_and_compute_cell took 0.0283 seconds
[07-02 12:11:38][DEBUG] jax_fem: CuDSSNewtonSolver: iter=1  res=1.606e-05  rel=7.263e-14
[07-02 12:11:38][INFO] jax_fem: CuDSSNewtonSolver: solve finished in 0.12s  res=1.606e-05
[07-02 12:11:38][DEBUG] jax_fem: CuDSSNewtonSolver: starting Newton loop
[07-02 12:11:38][DEBUG] jax_fem: DeviceProblem: computing Jacobian on device
[07-02 12:11:38][DEBUG] jax_fem: Function split_and_compute_cell took 0.0623 seconds
[07-02 12:11:38][DEBUG] jax_fem: CuDSSNewtonSolver: initial residual = 2.236e+08
[07-02 12:11:38][DEBUG] jax_fem: DeviceProblem: computing Jacobian on device
[07-02 12:11:38][DEBUG] jax_fem: Function split_and_compute_cell took 0.0465 seconds
[07-02 12:11:38][DEBUG] jax_fem: CuDSSNewtonSolver: iter=1  res=1.576e-05  rel=7.045e-14
[07-02 12:11:38][INFO] jax_fem: CuDSSNewtonSolver: solve finished in 0.15s  res=1.576e-05
[07-02 12:11:38][DEBUG] jax_fem: CuDSSNewtonSolver: starting Newton loop
[07-02 12:11:38][DEBUG] jax_fem: DeviceProblem: computing Jacobian on device
[07-02 12:11:38][DEBUG] jax_fem: Function split_and_compute_cell took 0.0313 seconds
[07-02 12:11:38][DEBUG] jax_fem: CuDSSNewtonSolver: initial residual = 2.223e+08
[07-02 12:11:38][DEBUG] jax_fem: DeviceProblem: computing Jacobian on device
[07-02 12:11:38][DEBUG] jax_fem: Function split_and_compute_cell took 0.0404 seconds
[07-02 12:11:38][DEBUG] jax_fem: CuDSSNewtonSolver: iter=1  res=1.341e-05  rel=6.033e-14
[07-02 12:11:38][INFO] jax_fem: CuDSSNewtonSolver: solve finished in 0.11s  res=1.341e-05
[07-02 12:11:40][DEBUG] jax_fem: CuDSSNewtonSolver: starting Newton loop
[07-02 12:11:40][DEBUG] jax_fem: DeviceProblem: computing Jacobian on device
[07-02 12:11:40][DEBUG] jax_fem: Function split_and_compute_cell took 0.0298 seconds
[07-02 12:11:40][DEBUG] jax_fem: CuDSSNewtonSolver: initial residual = 2.235e+08
[07-02 12:11:40][DEBUG] jax_fem: DeviceProblem: computing Jacobian on device
[07-02 12:11:40][DEBUG] jax_fem: Function split_and_compute_cell took 0.0268 seconds
[07-02 12:11:40][DEBUG] jax_fem: CuDSSNewtonSolver: iter=1  res=1.609e-05  rel=7.200e-14
[07-02 12:11:40][INFO] jax_fem: CuDSSNewtonSolver: solve finished in 0.10s  res=1.609e-05
[07-02 12:11:41][DEBUG] jax_fem: CuDSSNewtonSolver: starting Newton loop
[07-02 12:11:41][DEBUG] jax_fem: DeviceProblem: computing Jacobian on device
[07-02 12:11:41][DEBUG] jax_fem: Function split_and_compute_cell took 0.0272 seconds
[07-02 12:11:41][DEBUG] jax_fem: CuDSSNewtonSolver: initial residual = 2.216e+08
[07-02 12:11:41][DEBUG] jax_fem: DeviceProblem: computing Jacobian on device
[07-02 12:11:41][DEBUG] jax_fem: Function split_and_compute_cell took 0.0257 seconds
[07-02 12:11:41][DEBUG] jax_fem: CuDSSNewtonSolver: iter=1  res=1.584e-05  rel=7.148e-14
[07-02 12:11:41][INFO] jax_fem: CuDSSNewtonSolver: solve finished in 0.09s  res=1.584e-05
[07-02 12:11:41][DEBUG] jax_fem: CuDSSNewtonSolver: starting Newton loop
[07-02 12:11:42][DEBUG] jax_fem: DeviceProblem: computing Jacobian on device
[07-02 12:11:42][DEBUG] jax_fem: Function split_and_compute_cell took 0.0265 seconds
[07-02 12:11:42][DEBUG] jax_fem: CuDSSNewtonSolver: initial residual = 2.211e+08
[07-02 12:11:42][DEBUG] jax_fem: DeviceProblem: computing Jacobian on device
[07-02 12:11:42][DEBUG] jax_fem: Function split_and_compute_cell took 0.0278 seconds
[07-02 12:11:42][DEBUG] jax_fem: CuDSSNewtonSolver: iter=1  res=1.709e-05  rel=7.731e-14
[07-02 12:11:42][INFO] jax_fem: CuDSSNewtonSolver: solve finished in 0.09s  res=1.709e-05
[07-02 12:11:42][DEBUG] jax_fem: CuDSSNewtonSolver: starting Newton loop
[07-02 12:11:42][DEBUG] jax_fem: DeviceProblem: computing Jacobian on device
[07-02 12:11:42][DEBUG] jax_fem: Function split_and_compute_cell took 0.0278 seconds
[07-02 12:11:42][DEBUG] jax_fem: CuDSSNewtonSolver: initial residual = 2.236e+08
[07-02 12:11:42][DEBUG] jax_fem: DeviceProblem: computing Jacobian on device
[07-02 12:11:42][DEBUG] jax_fem: Function split_and_compute_cell took 0.0270 seconds
[07-02 12:11:42][DEBUG] jax_fem: CuDSSNewtonSolver: iter=1  res=1.552e-05  rel=6.938e-14
[07-02 12:11:42][INFO] jax_fem: CuDSSNewtonSolver: solve finished in 0.09s  res=1.552e-05
[07-02 12:11:43][DEBUG] jax_fem: CuDSSNewtonSolver: starting Newton loop
[07-02 12:11:43][DEBUG] jax_fem: DeviceProblem: computing Jacobian on device
[07-02 12:11:43][DEBUG] jax_fem: Function split_and_compute_cell took 0.0298 seconds
[07-02 12:11:43][DEBUG] jax_fem: CuDSSNewtonSolver: initial residual = 2.223e+08
[07-02 12:11:43][DEBUG] jax_fem: DeviceProblem: computing Jacobian on device
[07-02 12:11:43][DEBUG] jax_fem: Function split_and_compute_cell took 0.0263 seconds
[07-02 12:11:43][DEBUG] jax_fem: CuDSSNewtonSolver: iter=1  res=1.284e-05  rel=5.775e-14
[07-02 12:11:43][INFO] jax_fem: CuDSSNewtonSolver: solve finished in 0.09s  res=1.284e-05
[07-02 12:11:43][INFO] jax_fem: CuDSS backward: solving adjoint problem …
[07-02 12:11:43][DEBUG] jax_fem: DeviceProblem: computing Jacobian on device
[07-02 12:11:43][DEBUG] jax_fem: Function split_and_compute_cell took 0.0502 seconds
[07-02 12:11:43][DEBUG] jax_fem: Computing cell residual...
[07-02 12:11:43][DEBUG] jax_fem: Function split_and_compute_cell took 0.0629 seconds
[07-02 12:11:43][INFO] jax_fem: CuDSS backward: solving adjoint problem …
[07-02 12:11:43][DEBUG] jax_fem: DeviceProblem: computing Jacobian on device
[07-02 12:11:43][DEBUG] jax_fem: Function split_and_compute_cell took 0.0426 seconds
[07-02 12:11:43][DEBUG] jax_fem: Computing cell residual...
[07-02 12:11:43][DEBUG] jax_fem: Function split_and_compute_cell took 0.0629 seconds
[07-02 12:11:44][INFO] jax_fem: CuDSS backward: solving adjoint problem …
[07-02 12:11:44][DEBUG] jax_fem: DeviceProblem: computing Jacobian on device
[07-02 12:11:44][DEBUG] jax_fem: Function split_and_compute_cell took 0.0281 seconds
[07-02 12:11:44][DEBUG] jax_fem: Computing cell residual...
[07-02 12:11:44][DEBUG] jax_fem: Function split_and_compute_cell took 0.0529 seconds
[07-02 12:11:44][INFO] jax_fem: CuDSS backward: solving adjoint problem …
[07-02 12:11:44][DEBUG] jax_fem: DeviceProblem: computing Jacobian on device
[07-02 12:11:44][DEBUG] jax_fem: Function split_and_compute_cell took 0.0389 seconds
[07-02 12:11:44][DEBUG] jax_fem: Computing cell residual...
[07-02 12:11:44][DEBUG] jax_fem: Function split_and_compute_cell took 0.0685 seconds
[07-02 12:11:44][INFO] jax_fem: CuDSS backward: solving adjoint problem …
[07-02 12:11:44][DEBUG] jax_fem: DeviceProblem: computing Jacobian on device
[07-02 12:11:44][DEBUG] jax_fem: Function split_and_compute_cell took 0.0372 seconds
[07-02 12:11:44][DEBUG] jax_fem: Computing cell residual...
[07-02 12:11:45][DEBUG] jax_fem: Function split_and_compute_cell took 0.0734 seconds
[07-02 12:11:46][DEBUG] jax_fem: CuDSSNewtonSolver: starting Newton loop
[07-02 12:11:46][DEBUG] jax_fem: DeviceProblem: computing Jacobian on device
[07-02 12:11:46][DEBUG] jax_fem: Function split_and_compute_cell took 0.0327 seconds
[07-02 12:11:46][DEBUG] jax_fem: CuDSSNewtonSolver: initial residual = 2.235e+08
[07-02 12:11:46][DEBUG] jax_fem: DeviceProblem: computing Jacobian on device
[07-02 12:11:46][DEBUG] jax_fem: Function split_and_compute_cell took 0.0255 seconds
[07-02 12:11:46][DEBUG] jax_fem: CuDSSNewtonSolver: iter=1  res=1.570e-05  rel=7.024e-14
[07-02 12:11:46][INFO] jax_fem: CuDSSNewtonSolver: solve finished in 0.10s  res=1.570e-05
[07-02 12:11:46][DEBUG] jax_fem: CuDSSNewtonSolver: starting Newton loop
[07-02 12:11:46][DEBUG] jax_fem: DeviceProblem: computing Jacobian on device
[07-02 12:11:46][DEBUG] jax_fem: Function split_and_compute_cell took 0.0291 seconds
[07-02 12:11:46][DEBUG] jax_fem: CuDSSNewtonSolver: initial residual = 2.216e+08
[07-02 12:11:46][DEBUG] jax_fem: DeviceProblem: computing Jacobian on device
[07-02 12:11:46][DEBUG] jax_fem: Function split_and_compute_cell took 0.0253 seconds
[07-02 12:11:46][DEBUG] jax_fem: CuDSSNewtonSolver: iter=1  res=1.486e-05  rel=6.703e-14
[07-02 12:11:46][INFO] jax_fem: CuDSSNewtonSolver: solve finished in 0.10s  res=1.486e-05
[07-02 12:11:47][DEBUG] jax_fem: CuDSSNewtonSolver: starting Newton loop
[07-02 12:11:47][DEBUG] jax_fem: DeviceProblem: computing Jacobian on device
[07-02 12:11:47][DEBUG] jax_fem: Function split_and_compute_cell took 0.0468 seconds
[07-02 12:11:47][DEBUG] jax_fem: CuDSSNewtonSolver: initial residual = 2.211e+08
[07-02 12:11:47][DEBUG] jax_fem: DeviceProblem: computing Jacobian on device
[07-02 12:11:47][DEBUG] jax_fem: Function split_and_compute_cell took 0.0375 seconds
[07-02 12:11:47][DEBUG] jax_fem: CuDSSNewtonSolver: iter=1  res=1.662e-05  rel=7.518e-14
[07-02 12:11:47][INFO] jax_fem: CuDSSNewtonSolver: solve finished in 0.13s  res=1.662e-05
[07-02 12:11:47][DEBUG] jax_fem: CuDSSNewtonSolver: starting Newton loop
[07-02 12:11:47][DEBUG] jax_fem: DeviceProblem: computing Jacobian on device
[07-02 12:11:47][DEBUG] jax_fem: Function split_and_compute_cell took 0.0399 seconds
[07-02 12:11:47][DEBUG] jax_fem: CuDSSNewtonSolver: initial residual = 2.236e+08
[07-02 12:11:47][DEBUG] jax_fem: DeviceProblem: computing Jacobian on device
[07-02 12:11:47][DEBUG] jax_fem: Function split_and_compute_cell took 0.0270 seconds
[07-02 12:11:47][DEBUG] jax_fem: CuDSSNewtonSolver: iter=1  res=1.516e-05  rel=6.779e-14
[07-02 12:11:47][INFO] jax_fem: CuDSSNewtonSolver: solve finished in 0.11s  res=1.516e-05
[07-02 12:11:47][DEBUG] jax_fem: CuDSSNewtonSolver: starting Newton loop
[07-02 12:11:47][DEBUG] jax_fem: DeviceProblem: computing Jacobian on device
[07-02 12:11:47][DEBUG] jax_fem: Function split_and_compute_cell took 0.0333 seconds
[07-02 12:11:47][DEBUG] jax_fem: CuDSSNewtonSolver: initial residual = 2.223e+08
[07-02 12:11:48][DEBUG] jax_fem: DeviceProblem: computing Jacobian on device
[07-02 12:11:48][DEBUG] jax_fem: Function split_and_compute_cell took 0.0227 seconds
[07-02 12:11:48][DEBUG] jax_fem: CuDSSNewtonSolver: iter=1  res=1.434e-05  rel=6.449e-14
[07-02 12:11:48][INFO] jax_fem: CuDSSNewtonSolver: solve finished in 0.10s  res=1.434e-05
[07-02 12:11:49][DEBUG] jax_fem: CuDSSNewtonSolver: starting Newton loop
[07-02 12:11:49][DEBUG] jax_fem: DeviceProblem: computing Jacobian on device
[07-02 12:11:49][DEBUG] jax_fem: Function split_and_compute_cell took 0.0272 seconds
[07-02 12:11:49][DEBUG] jax_fem: CuDSSNewtonSolver: initial residual = 2.235e+08
[07-02 12:11:49][DEBUG] jax_fem: DeviceProblem: computing Jacobian on device
[07-02 12:11:49][DEBUG] jax_fem: Function split_and_compute_cell took 0.0286 seconds
[07-02 12:11:49][DEBUG] jax_fem: CuDSSNewtonSolver: iter=1  res=1.594e-05  rel=7.130e-14
[07-02 12:11:49][INFO] jax_fem: CuDSSNewtonSolver: solve finished in 0.09s  res=1.594e-05
[07-02 12:11:50][DEBUG] jax_fem: CuDSSNewtonSolver: starting Newton loop
[07-02 12:11:50][DEBUG] jax_fem: DeviceProblem: computing Jacobian on device
[07-02 12:11:50][DEBUG] jax_fem: Function split_and_compute_cell took 0.0248 seconds
[07-02 12:11:50][DEBUG] jax_fem: CuDSSNewtonSolver: initial residual = 2.216e+08
[07-02 12:11:50][DEBUG] jax_fem: DeviceProblem: computing Jacobian on device
[07-02 12:11:50][DEBUG] jax_fem: Function split_and_compute_cell took 0.0265 seconds
[07-02 12:11:50][DEBUG] jax_fem: CuDSSNewtonSolver: iter=1  res=1.632e-05  rel=7.363e-14
[07-02 12:11:50][INFO] jax_fem: CuDSSNewtonSolver: solve finished in 0.09s  res=1.632e-05
[07-02 12:11:50][DEBUG] jax_fem: CuDSSNewtonSolver: starting Newton loop
[07-02 12:11:50][DEBUG] jax_fem: DeviceProblem: computing Jacobian on device
[07-02 12:11:50][DEBUG] jax_fem: Function split_and_compute_cell took 0.0274 seconds
[07-02 12:11:50][DEBUG] jax_fem: CuDSSNewtonSolver: initial residual = 2.211e+08
[07-02 12:11:50][DEBUG] jax_fem: DeviceProblem: computing Jacobian on device
[07-02 12:11:50][DEBUG] jax_fem: Function split_and_compute_cell took 0.0265 seconds
[07-02 12:11:50][DEBUG] jax_fem: CuDSSNewtonSolver: iter=1  res=1.599e-05  rel=7.235e-14
[07-02 12:11:50][INFO] jax_fem: CuDSSNewtonSolver: solve finished in 0.09s  res=1.599e-05
[07-02 12:11:51][DEBUG] jax_fem: CuDSSNewtonSolver: starting Newton loop
[07-02 12:11:51][DEBUG] jax_fem: DeviceProblem: computing Jacobian on device
[07-02 12:11:51][DEBUG] jax_fem: Function split_and_compute_cell took 0.0264 seconds
[07-02 12:11:51][DEBUG] jax_fem: CuDSSNewtonSolver: initial residual = 2.236e+08
[07-02 12:11:51][DEBUG] jax_fem: DeviceProblem: computing Jacobian on device
[07-02 12:11:51][DEBUG] jax_fem: Function split_and_compute_cell took 0.0263 seconds
[07-02 12:11:51][DEBUG] jax_fem: CuDSSNewtonSolver: iter=1  res=1.526e-05  rel=6.824e-14
[07-02 12:11:51][INFO] jax_fem: CuDSSNewtonSolver: solve finished in 0.09s  res=1.526e-05
[07-02 12:11:52][DEBUG] jax_fem: CuDSSNewtonSolver: starting Newton loop
[07-02 12:11:52][DEBUG] jax_fem: DeviceProblem: computing Jacobian on device
[07-02 12:11:52][DEBUG] jax_fem: Function split_and_compute_cell took 0.0265 seconds
[07-02 12:11:52][DEBUG] jax_fem: CuDSSNewtonSolver: initial residual = 2.223e+08
[07-02 12:11:52][DEBUG] jax_fem: DeviceProblem: computing Jacobian on device
[07-02 12:11:52][DEBUG] jax_fem: Function split_and_compute_cell took 0.0280 seconds
[07-02 12:11:52][DEBUG] jax_fem: CuDSSNewtonSolver: iter=1  res=1.301e-05  rel=5.851e-14
[07-02 12:11:52][INFO] jax_fem: CuDSSNewtonSolver: solve finished in 0.09s  res=1.301e-05
[07-02 12:11:52][INFO] jax_fem: CuDSS backward: solving adjoint problem …
[07-02 12:11:52][DEBUG] jax_fem: DeviceProblem: computing Jacobian on device
[07-02 12:11:52][DEBUG] jax_fem: Function split_and_compute_cell took 0.0341 seconds
[07-02 12:11:52][DEBUG] jax_fem: Computing cell residual...
[07-02 12:11:52][DEBUG] jax_fem: Function split_and_compute_cell took 0.0641 seconds
[07-02 12:11:52][INFO] jax_fem: CuDSS backward: solving adjoint problem …
[07-02 12:11:52][DEBUG] jax_fem: DeviceProblem: computing Jacobian on device
[07-02 12:11:52][DEBUG] jax_fem: Function split_and_compute_cell took 0.0438 seconds
[07-02 12:11:52][DEBUG] jax_fem: Computing cell residual...
[07-02 12:11:52][DEBUG] jax_fem: Function split_and_compute_cell took 0.0705 seconds
[07-02 12:11:53][INFO] jax_fem: CuDSS backward: solving adjoint problem …
[07-02 12:11:53][DEBUG] jax_fem: DeviceProblem: computing Jacobian on device
[07-02 12:11:53][DEBUG] jax_fem: Function split_and_compute_cell took 0.0249 seconds
[07-02 12:11:53][DEBUG] jax_fem: Computing cell residual...
[07-02 12:11:53][DEBUG] jax_fem: Function split_and_compute_cell took 0.0631 seconds
[07-02 12:11:53][INFO] jax_fem: CuDSS backward: solving adjoint problem …
[07-02 12:11:53][DEBUG] jax_fem: DeviceProblem: computing Jacobian on device
[07-02 12:11:53][DEBUG] jax_fem: Function split_and_compute_cell took 0.0398 seconds
[07-02 12:11:53][DEBUG] jax_fem: Computing cell residual...
[07-02 12:11:53][DEBUG] jax_fem: Function split_and_compute_cell took 0.0646 seconds
[07-02 12:11:53][INFO] jax_fem: CuDSS backward: solving adjoint problem …
[07-02 12:11:53][DEBUG] jax_fem: DeviceProblem: computing Jacobian on device
[07-02 12:11:54][DEBUG] jax_fem: Function split_and_compute_cell took 0.0564 seconds
[07-02 12:11:54][DEBUG] jax_fem: Computing cell residual...
[07-02 12:11:54][DEBUG] jax_fem: Function split_and_compute_cell took 0.0599 seconds
[07-02 12:11:55][DEBUG] jax_fem: CuDSSNewtonSolver: starting Newton loop
[07-02 12:11:55][DEBUG] jax_fem: DeviceProblem: computing Jacobian on device
[07-02 12:11:55][DEBUG] jax_fem: Function split_and_compute_cell took 0.0304 seconds
[07-02 12:11:55][DEBUG] jax_fem: CuDSSNewtonSolver: initial residual = 2.235e+08
[07-02 12:11:55][DEBUG] jax_fem: DeviceProblem: computing Jacobian on device
[07-02 12:11:55][DEBUG] jax_fem: Function split_and_compute_cell took 0.0482 seconds
[07-02 12:11:55][DEBUG] jax_fem: CuDSSNewtonSolver: iter=1  res=1.517e-05  rel=6.789e-14
[07-02 12:11:55][INFO] jax_fem: CuDSSNewtonSolver: solve finished in 0.12s  res=1.517e-05
[07-02 12:11:55][DEBUG] jax_fem: CuDSSNewtonSolver: starting Newton loop
[07-02 12:11:55][DEBUG] jax_fem: DeviceProblem: computing Jacobian on device
[07-02 12:11:55][DEBUG] jax_fem: Function split_and_compute_cell took 0.0252 seconds
[07-02 12:11:55][DEBUG] jax_fem: CuDSSNewtonSolver: initial residual = 2.216e+08
[07-02 12:11:55][DEBUG] jax_fem: DeviceProblem: computing Jacobian on device
[07-02 12:11:56][DEBUG] jax_fem: Function split_and_compute_cell took 0.0357 seconds
[07-02 12:11:56][DEBUG] jax_fem: CuDSSNewtonSolver: iter=1  res=1.493e-05  rel=6.734e-14
[07-02 12:11:56][INFO] jax_fem: CuDSSNewtonSolver: solve finished in 0.11s  res=1.493e-05
[07-02 12:11:56][DEBUG] jax_fem: CuDSSNewtonSolver: starting Newton loop
[07-02 12:11:56][DEBUG] jax_fem: DeviceProblem: computing Jacobian on device
[07-02 12:11:56][DEBUG] jax_fem: Function split_and_compute_cell took 0.0296 seconds
[07-02 12:11:56][DEBUG] jax_fem: CuDSSNewtonSolver: initial residual = 2.211e+08
[07-02 12:11:56][DEBUG] jax_fem: DeviceProblem: computing Jacobian on device
[07-02 12:11:56][DEBUG] jax_fem: Function split_and_compute_cell took 0.0342 seconds
[07-02 12:11:56][DEBUG] jax_fem: CuDSSNewtonSolver: iter=1  res=1.605e-05  rel=7.262e-14
[07-02 12:11:56][INFO] jax_fem: CuDSSNewtonSolver: solve finished in 0.10s  res=1.605e-05
[07-02 12:11:56][DEBUG] jax_fem: CuDSSNewtonSolver: starting Newton loop
[07-02 12:11:56][DEBUG] jax_fem: DeviceProblem: computing Jacobian on device
[07-02 12:11:56][DEBUG] jax_fem: Function split_and_compute_cell took 0.0309 seconds
[07-02 12:11:56][DEBUG] jax_fem: CuDSSNewtonSolver: initial residual = 2.236e+08
[07-02 12:11:56][DEBUG] jax_fem: DeviceProblem: computing Jacobian on device
[07-02 12:11:56][DEBUG] jax_fem: Function split_and_compute_cell took 0.0343 seconds
[07-02 12:11:56][DEBUG] jax_fem: CuDSSNewtonSolver: iter=1  res=1.505e-05  rel=6.730e-14
[07-02 12:11:56][INFO] jax_fem: CuDSSNewtonSolver: solve finished in 0.11s  res=1.505e-05
[07-02 12:11:56][DEBUG] jax_fem: CuDSSNewtonSolver: starting Newton loop
[07-02 12:11:56][DEBUG] jax_fem: DeviceProblem: computing Jacobian on device
[07-02 12:11:56][DEBUG] jax_fem: Function split_and_compute_cell took 0.0554 seconds
[07-02 12:11:56][DEBUG] jax_fem: CuDSSNewtonSolver: initial residual = 2.223e+08
[07-02 12:11:56][DEBUG] jax_fem: DeviceProblem: computing Jacobian on device
[07-02 12:11:57][DEBUG] jax_fem: Function split_and_compute_cell took 0.0323 seconds
[07-02 12:11:57][DEBUG] jax_fem: CuDSSNewtonSolver: iter=1  res=1.379e-05  rel=6.203e-14
[07-02 12:11:57][INFO] jax_fem: CuDSSNewtonSolver: solve finished in 0.13s  res=1.379e-05
[07-02 12:11:58][DEBUG] jax_fem: CuDSSNewtonSolver: starting Newton loop
[07-02 12:11:58][DEBUG] jax_fem: DeviceProblem: computing Jacobian on device
[07-02 12:11:58][DEBUG] jax_fem: Function split_and_compute_cell took 0.0268 seconds
[07-02 12:11:58][DEBUG] jax_fem: CuDSSNewtonSolver: initial residual = 2.235e+08
[07-02 12:11:58][DEBUG] jax_fem: DeviceProblem: computing Jacobian on device
[07-02 12:11:58][DEBUG] jax_fem: Function split_and_compute_cell took 0.0263 seconds
[07-02 12:11:58][DEBUG] jax_fem: CuDSSNewtonSolver: iter=1  res=1.479e-05  rel=6.617e-14
[07-02 12:11:58][INFO] jax_fem: CuDSSNewtonSolver: solve finished in 0.09s  res=1.479e-05
[07-02 12:11:59][DEBUG] jax_fem: CuDSSNewtonSolver: starting Newton loop
[07-02 12:11:59][DEBUG] jax_fem: DeviceProblem: computing Jacobian on device
[07-02 12:11:59][DEBUG] jax_fem: Function split_and_compute_cell took 0.0275 seconds
[07-02 12:11:59][DEBUG] jax_fem: CuDSSNewtonSolver: initial residual = 2.216e+08
[07-02 12:11:59][DEBUG] jax_fem: DeviceProblem: computing Jacobian on device
[07-02 12:11:59][DEBUG] jax_fem: Function split_and_compute_cell took 0.0284 seconds
[07-02 12:11:59][DEBUG] jax_fem: CuDSSNewtonSolver: iter=1  res=1.456e-05  rel=6.570e-14
[07-02 12:11:59][INFO] jax_fem: CuDSSNewtonSolver: solve finished in 0.09s  res=1.456e-05
[07-02 12:11:59][DEBUG] jax_fem: CuDSSNewtonSolver: starting Newton loop
[07-02 12:11:59][DEBUG] jax_fem: DeviceProblem: computing Jacobian on device
[07-02 12:11:59][DEBUG] jax_fem: Function split_and_compute_cell took 0.0261 seconds
[07-02 12:11:59][DEBUG] jax_fem: CuDSSNewtonSolver: initial residual = 2.211e+08
[07-02 12:11:59][DEBUG] jax_fem: DeviceProblem: computing Jacobian on device
[07-02 12:12:00][DEBUG] jax_fem: Function split_and_compute_cell took 0.0265 seconds
[07-02 12:12:00][DEBUG] jax_fem: CuDSSNewtonSolver: iter=1  res=1.671e-05  rel=7.558e-14
[07-02 12:12:00][INFO] jax_fem: CuDSSNewtonSolver: solve finished in 0.09s  res=1.671e-05
[07-02 12:12:00][DEBUG] jax_fem: CuDSSNewtonSolver: starting Newton loop
[07-02 12:12:00][DEBUG] jax_fem: DeviceProblem: computing Jacobian on device
[07-02 12:12:00][DEBUG] jax_fem: Function split_and_compute_cell took 0.0264 seconds
[07-02 12:12:00][DEBUG] jax_fem: CuDSSNewtonSolver: initial residual = 2.236e+08
[07-02 12:12:00][DEBUG] jax_fem: DeviceProblem: computing Jacobian on device
[07-02 12:12:00][DEBUG] jax_fem: Function split_and_compute_cell took 0.0263 seconds
[07-02 12:12:00][DEBUG] jax_fem: CuDSSNewtonSolver: iter=1  res=1.583e-05  rel=7.078e-14
[07-02 12:12:00][INFO] jax_fem: CuDSSNewtonSolver: solve finished in 0.09s  res=1.583e-05
[07-02 12:12:01][DEBUG] jax_fem: CuDSSNewtonSolver: starting Newton loop
[07-02 12:12:01][DEBUG] jax_fem: DeviceProblem: computing Jacobian on device
[07-02 12:12:01][DEBUG] jax_fem: Function split_and_compute_cell took 0.0257 seconds
[07-02 12:12:01][DEBUG] jax_fem: CuDSSNewtonSolver: initial residual = 2.223e+08
[07-02 12:12:01][DEBUG] jax_fem: DeviceProblem: computing Jacobian on device
[07-02 12:12:01][DEBUG] jax_fem: Function split_and_compute_cell took 0.0274 seconds
[07-02 12:12:01][DEBUG] jax_fem: CuDSSNewtonSolver: iter=1  res=1.342e-05  rel=6.035e-14
[07-02 12:12:01][INFO] jax_fem: CuDSSNewtonSolver: solve finished in 0.09s  res=1.342e-05
[07-02 12:12:01][INFO] jax_fem: CuDSS backward: solving adjoint problem …
[07-02 12:12:01][DEBUG] jax_fem: DeviceProblem: computing Jacobian on device
[07-02 12:12:01][DEBUG] jax_fem: Function split_and_compute_cell took 0.0385 seconds
[07-02 12:12:01][DEBUG] jax_fem: Computing cell residual...
[07-02 12:12:01][DEBUG] jax_fem: Function split_and_compute_cell took 0.0706 seconds
[07-02 12:12:01][INFO] jax_fem: CuDSS backward: solving adjoint problem …
[07-02 12:12:01][DEBUG] jax_fem: DeviceProblem: computing Jacobian on device
[07-02 12:12:01][DEBUG] jax_fem: Function split_and_compute_cell took 0.0287 seconds
[07-02 12:12:01][DEBUG] jax_fem: Computing cell residual...
[07-02 12:12:01][DEBUG] jax_fem: Function split_and_compute_cell took 0.0695 seconds
[07-02 12:12:02][INFO] jax_fem: CuDSS backward: solving adjoint problem …
[07-02 12:12:02][DEBUG] jax_fem: DeviceProblem: computing Jacobian on device
[07-02 12:12:02][DEBUG] jax_fem: Function split_and_compute_cell took 0.0277 seconds
[07-02 12:12:02][DEBUG] jax_fem: Computing cell residual...
[07-02 12:12:02][DEBUG] jax_fem: Function split_and_compute_cell took 0.0616 seconds
[07-02 12:12:02][INFO] jax_fem: CuDSS backward: solving adjoint problem …
[07-02 12:12:02][DEBUG] jax_fem: DeviceProblem: computing Jacobian on device
[07-02 12:12:02][DEBUG] jax_fem: Function split_and_compute_cell took 0.0492 seconds
[07-02 12:12:02][DEBUG] jax_fem: Computing cell residual...
[07-02 12:12:02][DEBUG] jax_fem: Function split_and_compute_cell took 0.0574 seconds
[07-02 12:12:02][INFO] jax_fem: CuDSS backward: solving adjoint problem …
[07-02 12:12:02][DEBUG] jax_fem: DeviceProblem: computing Jacobian on device
[07-02 12:12:02][DEBUG] jax_fem: Function split_and_compute_cell took 0.0352 seconds
[07-02 12:12:02][DEBUG] jax_fem: Computing cell residual...
[07-02 12:12:02][DEBUG] jax_fem: Function split_and_compute_cell took 0.0601 seconds
[07-02 12:12:04][DEBUG] jax_fem: CuDSSNewtonSolver: starting Newton loop
[07-02 12:12:04][DEBUG] jax_fem: DeviceProblem: computing Jacobian on device
[07-02 12:12:04][DEBUG] jax_fem: Function split_and_compute_cell took 0.0243 seconds
[07-02 12:12:04][DEBUG] jax_fem: CuDSSNewtonSolver: initial residual = 2.235e+08
[07-02 12:12:04][DEBUG] jax_fem: DeviceProblem: computing Jacobian on device
[07-02 12:12:04][DEBUG] jax_fem: Function split_and_compute_cell took 0.0347 seconds
[07-02 12:12:04][DEBUG] jax_fem: CuDSSNewtonSolver: iter=1  res=1.514e-05  rel=6.776e-14
[07-02 12:12:04][INFO] jax_fem: CuDSSNewtonSolver: solve finished in 0.10s  res=1.514e-05
[07-02 12:12:04][DEBUG] jax_fem: CuDSSNewtonSolver: starting Newton loop
[07-02 12:12:04][DEBUG] jax_fem: DeviceProblem: computing Jacobian on device
[07-02 12:12:04][DEBUG] jax_fem: Function split_and_compute_cell took 0.0288 seconds
[07-02 12:12:04][DEBUG] jax_fem: CuDSSNewtonSolver: initial residual = 2.216e+08
[07-02 12:12:04][DEBUG] jax_fem: DeviceProblem: computing Jacobian on device
[07-02 12:12:04][DEBUG] jax_fem: Function split_and_compute_cell took 0.0303 seconds
[07-02 12:12:04][DEBUG] jax_fem: CuDSSNewtonSolver: iter=1  res=1.500e-05  rel=6.769e-14
[07-02 12:12:04][INFO] jax_fem: CuDSSNewtonSolver: solve finished in 0.10s  res=1.500e-05
[07-02 12:12:05][DEBUG] jax_fem: CuDSSNewtonSolver: starting Newton loop
[07-02 12:12:05][DEBUG] jax_fem: DeviceProblem: computing Jacobian on device
[07-02 12:12:05][DEBUG] jax_fem: Function split_and_compute_cell took 0.0430 seconds
[07-02 12:12:05][DEBUG] jax_fem: CuDSSNewtonSolver: initial residual = 2.211e+08
[07-02 12:12:05][DEBUG] jax_fem: DeviceProblem: computing Jacobian on device
[07-02 12:12:05][DEBUG] jax_fem: Function split_and_compute_cell took 0.0311 seconds
[07-02 12:12:05][DEBUG] jax_fem: CuDSSNewtonSolver: iter=1  res=1.643e-05  rel=7.431e-14
[07-02 12:12:05][INFO] jax_fem: CuDSSNewtonSolver: solve finished in 0.11s  res=1.643e-05
[07-02 12:12:05][DEBUG] jax_fem: CuDSSNewtonSolver: starting Newton loop
[07-02 12:12:05][DEBUG] jax_fem: DeviceProblem: computing Jacobian on device
[07-02 12:12:05][DEBUG] jax_fem: Function split_and_compute_cell took 0.0346 seconds
[07-02 12:12:05][DEBUG] jax_fem: CuDSSNewtonSolver: initial residual = 2.236e+08
[07-02 12:12:05][DEBUG] jax_fem: DeviceProblem: computing Jacobian on device
[07-02 12:12:05][DEBUG] jax_fem: Function split_and_compute_cell took 0.0301 seconds
[07-02 12:12:05][DEBUG] jax_fem: CuDSSNewtonSolver: iter=1  res=1.571e-05  rel=7.024e-14
[07-02 12:12:05][INFO] jax_fem: CuDSSNewtonSolver: solve finished in 0.11s  res=1.571e-05
[07-02 12:12:05][DEBUG] jax_fem: CuDSSNewtonSolver: starting Newton loop
[07-02 12:12:05][DEBUG] jax_fem: DeviceProblem: computing Jacobian on device
[07-02 12:12:05][DEBUG] jax_fem: Function split_and_compute_cell took 0.0444 seconds
[07-02 12:12:05][DEBUG] jax_fem: CuDSSNewtonSolver: initial residual = 2.223e+08
[07-02 12:12:05][DEBUG] jax_fem: DeviceProblem: computing Jacobian on device
[07-02 12:12:05][DEBUG] jax_fem: Function split_and_compute_cell took 0.0275 seconds
[07-02 12:12:05][DEBUG] jax_fem: CuDSSNewtonSolver: iter=1  res=1.377e-05  rel=6.194e-14
[07-02 12:12:05][INFO] jax_fem: CuDSSNewtonSolver: solve finished in 0.11s  res=1.377e-05
[07-02 12:12:07][DEBUG] jax_fem: CuDSSNewtonSolver: starting Newton loop
[07-02 12:12:07][DEBUG] jax_fem: DeviceProblem: computing Jacobian on device
[07-02 12:12:07][DEBUG] jax_fem: Function split_and_compute_cell took 0.0260 seconds
[07-02 12:12:07][DEBUG] jax_fem: CuDSSNewtonSolver: initial residual = 2.235e+08
[07-02 12:12:07][DEBUG] jax_fem: DeviceProblem: computing Jacobian on device
[07-02 12:12:07][DEBUG] jax_fem: Function split_and_compute_cell took 0.0283 seconds
[07-02 12:12:07][DEBUG] jax_fem: CuDSSNewtonSolver: iter=1  res=1.533e-05  rel=6.860e-14
[07-02 12:12:07][INFO] jax_fem: CuDSSNewtonSolver: solve finished in 0.09s  res=1.533e-05
[07-02 12:12:08][DEBUG] jax_fem: CuDSSNewtonSolver: starting Newton loop
[07-02 12:12:08][DEBUG] jax_fem: DeviceProblem: computing Jacobian on device
[07-02 12:12:08][DEBUG] jax_fem: Function split_and_compute_cell took 0.0273 seconds
[07-02 12:12:08][DEBUG] jax_fem: CuDSSNewtonSolver: initial residual = 2.216e+08
[07-02 12:12:08][DEBUG] jax_fem: DeviceProblem: computing Jacobian on device
[07-02 12:12:08][DEBUG] jax_fem: Function split_and_compute_cell took 0.0257 seconds
[07-02 12:12:08][DEBUG] jax_fem: CuDSSNewtonSolver: iter=1  res=1.515e-05  rel=6.837e-14
[07-02 12:12:08][INFO] jax_fem: CuDSSNewtonSolver: solve finished in 0.09s  res=1.515e-05
[07-02 12:12:08][DEBUG] jax_fem: CuDSSNewtonSolver: starting Newton loop
[07-02 12:12:08][DEBUG] jax_fem: DeviceProblem: computing Jacobian on device
[07-02 12:12:08][DEBUG] jax_fem: Function split_and_compute_cell took 0.0247 seconds
[07-02 12:12:08][DEBUG] jax_fem: CuDSSNewtonSolver: initial residual = 2.211e+08
[07-02 12:12:08][DEBUG] jax_fem: DeviceProblem: computing Jacobian on device
[07-02 12:12:08][DEBUG] jax_fem: Function split_and_compute_cell took 0.0256 seconds
[07-02 12:12:08][DEBUG] jax_fem: CuDSSNewtonSolver: iter=1  res=1.645e-05  rel=7.440e-14
[07-02 12:12:08][INFO] jax_fem: CuDSSNewtonSolver: solve finished in 0.09s  res=1.645e-05
[07-02 12:12:09][DEBUG] jax_fem: CuDSSNewtonSolver: starting Newton loop
[07-02 12:12:09][DEBUG] jax_fem: DeviceProblem: computing Jacobian on device
[07-02 12:12:09][DEBUG] jax_fem: Function split_and_compute_cell took 0.0261 seconds
[07-02 12:12:09][DEBUG] jax_fem: CuDSSNewtonSolver: initial residual = 2.236e+08
[07-02 12:12:09][DEBUG] jax_fem: DeviceProblem: computing Jacobian on device
[07-02 12:12:09][DEBUG] jax_fem: Function split_and_compute_cell took 0.0303 seconds
[07-02 12:12:09][DEBUG] jax_fem: CuDSSNewtonSolver: iter=1  res=1.572e-05  rel=7.029e-14
[07-02 12:12:09][INFO] jax_fem: CuDSSNewtonSolver: solve finished in 0.09s  res=1.572e-05
[07-02 12:12:10][DEBUG] jax_fem: CuDSSNewtonSolver: starting Newton loop
[07-02 12:12:10][DEBUG] jax_fem: DeviceProblem: computing Jacobian on device
[07-02 12:12:10][DEBUG] jax_fem: Function split_and_compute_cell took 0.0265 seconds
[07-02 12:12:10][DEBUG] jax_fem: CuDSSNewtonSolver: initial residual = 2.223e+08
[07-02 12:12:10][DEBUG] jax_fem: DeviceProblem: computing Jacobian on device
[07-02 12:12:10][DEBUG] jax_fem: Function split_and_compute_cell took 0.0267 seconds
[07-02 12:12:10][DEBUG] jax_fem: CuDSSNewtonSolver: iter=1  res=1.341e-05  rel=6.032e-14
[07-02 12:12:10][INFO] jax_fem: CuDSSNewtonSolver: solve finished in 0.09s  res=1.341e-05
[07-02 12:12:10][INFO] jax_fem: CuDSS backward: solving adjoint problem …
[07-02 12:12:10][DEBUG] jax_fem: DeviceProblem: computing Jacobian on device
[07-02 12:12:10][DEBUG] jax_fem: Function split_and_compute_cell took 0.0324 seconds
[07-02 12:12:10][DEBUG] jax_fem: Computing cell residual...
[07-02 12:12:10][DEBUG] jax_fem: Function split_and_compute_cell took 0.0677 seconds
[07-02 12:12:10][INFO] jax_fem: CuDSS backward: solving adjoint problem …
[07-02 12:12:10][DEBUG] jax_fem: DeviceProblem: computing Jacobian on device
[07-02 12:12:10][DEBUG] jax_fem: Function split_and_compute_cell took 0.0241 seconds
[07-02 12:12:10][DEBUG] jax_fem: Computing cell residual...
[07-02 12:12:10][DEBUG] jax_fem: Function split_and_compute_cell took 0.0716 seconds
[07-02 12:12:11][INFO] jax_fem: CuDSS backward: solving adjoint problem …
[07-02 12:12:11][DEBUG] jax_fem: DeviceProblem: computing Jacobian on device
[07-02 12:12:11][DEBUG] jax_fem: Function split_and_compute_cell took 0.0547 seconds
[07-02 12:12:11][DEBUG] jax_fem: Computing cell residual...
[07-02 12:12:11][DEBUG] jax_fem: Function split_and_compute_cell took 0.0620 seconds
[07-02 12:12:11][INFO] jax_fem: CuDSS backward: solving adjoint problem …
[07-02 12:12:11][DEBUG] jax_fem: DeviceProblem: computing Jacobian on device
[07-02 12:12:11][DEBUG] jax_fem: Function split_and_compute_cell took 0.0359 seconds
[07-02 12:12:11][DEBUG] jax_fem: Computing cell residual...
[07-02 12:12:11][DEBUG] jax_fem: Function split_and_compute_cell took 0.0588 seconds
[07-02 12:12:11][INFO] jax_fem: CuDSS backward: solving adjoint problem …
[07-02 12:12:11][DEBUG] jax_fem: DeviceProblem: computing Jacobian on device
[07-02 12:12:11][DEBUG] jax_fem: Function split_and_compute_cell took 0.0286 seconds
[07-02 12:12:11][DEBUG] jax_fem: Computing cell residual...
[07-02 12:12:11][DEBUG] jax_fem: Function split_and_compute_cell took 0.0639 seconds
[07-02 12:12:13][DEBUG] jax_fem: CuDSSNewtonSolver: starting Newton loop
[07-02 12:12:13][DEBUG] jax_fem: DeviceProblem: computing Jacobian on device
[07-02 12:12:13][DEBUG] jax_fem: Function split_and_compute_cell took 0.0415 seconds
[07-02 12:12:13][DEBUG] jax_fem: CuDSSNewtonSolver: initial residual = 2.235e+08
[07-02 12:12:13][DEBUG] jax_fem: DeviceProblem: computing Jacobian on device
[07-02 12:12:13][DEBUG] jax_fem: Function split_and_compute_cell took 0.0266 seconds
[07-02 12:12:13][DEBUG] jax_fem: CuDSSNewtonSolver: iter=1  res=1.496e-05  rel=6.694e-14
[07-02 12:12:13][INFO] jax_fem: CuDSSNewtonSolver: solve finished in 0.11s  res=1.496e-05
[07-02 12:12:13][DEBUG] jax_fem: CuDSSNewtonSolver: starting Newton loop
[07-02 12:12:13][DEBUG] jax_fem: DeviceProblem: computing Jacobian on device
[07-02 12:12:13][DEBUG] jax_fem: Function split_and_compute_cell took 0.0384 seconds
[07-02 12:12:13][DEBUG] jax_fem: CuDSSNewtonSolver: initial residual = 2.216e+08
[07-02 12:12:13][DEBUG] jax_fem: DeviceProblem: computing Jacobian on device
[07-02 12:12:13][DEBUG] jax_fem: Function split_and_compute_cell took 0.0282 seconds
[07-02 12:12:13][DEBUG] jax_fem: CuDSSNewtonSolver: iter=1  res=1.590e-05  rel=7.175e-14
[07-02 12:12:13][INFO] jax_fem: CuDSSNewtonSolver: solve finished in 0.11s  res=1.590e-05
[07-02 12:12:14][DEBUG] jax_fem: CuDSSNewtonSolver: starting Newton loop
[07-02 12:12:14][DEBUG] jax_fem: DeviceProblem: computing Jacobian on device
[07-02 12:12:14][DEBUG] jax_fem: Function split_and_compute_cell took 0.0415 seconds
[07-02 12:12:14][DEBUG] jax_fem: CuDSSNewtonSolver: initial residual = 2.211e+08
[07-02 12:12:14][DEBUG] jax_fem: DeviceProblem: computing Jacobian on device
[07-02 12:12:14][DEBUG] jax_fem: Function split_and_compute_cell took 0.0400 seconds
[07-02 12:12:14][DEBUG] jax_fem: CuDSSNewtonSolver: iter=1  res=1.615e-05  rel=7.307e-14
[07-02 12:12:14][INFO] jax_fem: CuDSSNewtonSolver: solve finished in 0.12s  res=1.615e-05
[07-02 12:12:14][DEBUG] jax_fem: CuDSSNewtonSolver: starting Newton loop
[07-02 12:12:14][DEBUG] jax_fem: DeviceProblem: computing Jacobian on device
[07-02 12:12:14][DEBUG] jax_fem: Function split_and_compute_cell took 0.0411 seconds
[07-02 12:12:14][DEBUG] jax_fem: CuDSSNewtonSolver: initial residual = 2.236e+08
[07-02 12:12:14][DEBUG] jax_fem: DeviceProblem: computing Jacobian on device
[07-02 12:12:14][DEBUG] jax_fem: Function split_and_compute_cell took 0.0420 seconds
[07-02 12:12:14][DEBUG] jax_fem: CuDSSNewtonSolver: iter=1  res=1.544e-05  rel=6.905e-14
[07-02 12:12:14][INFO] jax_fem: CuDSSNewtonSolver: solve finished in 0.12s  res=1.544e-05
[07-02 12:12:14][DEBUG] jax_fem: CuDSSNewtonSolver: starting Newton loop
[07-02 12:12:14][DEBUG] jax_fem: DeviceProblem: computing Jacobian on device
[07-02 12:12:14][DEBUG] jax_fem: Function split_and_compute_cell took 0.0438 seconds
[07-02 12:12:14][DEBUG] jax_fem: CuDSSNewtonSolver: initial residual = 2.223e+08
[07-02 12:12:14][DEBUG] jax_fem: DeviceProblem: computing Jacobian on device
[07-02 12:12:14][DEBUG] jax_fem: Function split_and_compute_cell took 0.0441 seconds
[07-02 12:12:15][DEBUG] jax_fem: CuDSSNewtonSolver: iter=1  res=1.368e-05  rel=6.153e-14
[07-02 12:12:15][INFO] jax_fem: CuDSSNewtonSolver: solve finished in 0.13s  res=1.368e-05
[07-02 12:12:16][DEBUG] jax_fem: CuDSSNewtonSolver: starting Newton loop
[07-02 12:12:16][DEBUG] jax_fem: DeviceProblem: computing Jacobian on device
[07-02 12:12:16][DEBUG] jax_fem: Function split_and_compute_cell took 0.0272 seconds
[07-02 12:12:16][DEBUG] jax_fem: CuDSSNewtonSolver: initial residual = 2.235e+08
[07-02 12:12:16][DEBUG] jax_fem: DeviceProblem: computing Jacobian on device
[07-02 12:12:16][DEBUG] jax_fem: Function split_and_compute_cell took 0.0278 seconds
[07-02 12:12:16][DEBUG] jax_fem: CuDSSNewtonSolver: iter=1  res=1.504e-05  rel=6.730e-14
[07-02 12:12:16][INFO] jax_fem: CuDSSNewtonSolver: solve finished in 0.09s  res=1.504e-05
[07-02 12:12:17][DEBUG] jax_fem: CuDSSNewtonSolver: starting Newton loop
[07-02 12:12:17][DEBUG] jax_fem: DeviceProblem: computing Jacobian on device
[07-02 12:12:17][DEBUG] jax_fem: Function split_and_compute_cell took 0.0251 seconds
[07-02 12:12:17][DEBUG] jax_fem: CuDSSNewtonSolver: initial residual = 2.216e+08
[07-02 12:12:17][DEBUG] jax_fem: DeviceProblem: computing Jacobian on device
[07-02 12:12:17][DEBUG] jax_fem: Function split_and_compute_cell took 0.0262 seconds
[07-02 12:12:17][DEBUG] jax_fem: CuDSSNewtonSolver: iter=1  res=1.522e-05  rel=6.869e-14
[07-02 12:12:17][INFO] jax_fem: CuDSSNewtonSolver: solve finished in 0.09s  res=1.522e-05
[07-02 12:12:17][DEBUG] jax_fem: CuDSSNewtonSolver: starting Newton loop
[07-02 12:12:17][DEBUG] jax_fem: DeviceProblem: computing Jacobian on device
[07-02 12:12:17][DEBUG] jax_fem: Function split_and_compute_cell took 0.0248 seconds
[07-02 12:12:17][DEBUG] jax_fem: CuDSSNewtonSolver: initial residual = 2.211e+08
[07-02 12:12:17][DEBUG] jax_fem: DeviceProblem: computing Jacobian on device
[07-02 12:12:17][DEBUG] jax_fem: Function split_and_compute_cell took 0.0265 seconds
[07-02 12:12:17][DEBUG] jax_fem: CuDSSNewtonSolver: iter=1  res=1.575e-05  rel=7.123e-14
[07-02 12:12:17][INFO] jax_fem: CuDSSNewtonSolver: solve finished in 0.09s  res=1.575e-05
[07-02 12:12:18][DEBUG] jax_fem: CuDSSNewtonSolver: starting Newton loop
[07-02 12:12:18][DEBUG] jax_fem: DeviceProblem: computing Jacobian on device
[07-02 12:12:18][DEBUG] jax_fem: Function split_and_compute_cell took 0.0269 seconds
[07-02 12:12:18][DEBUG] jax_fem: CuDSSNewtonSolver: initial residual = 2.236e+08
[07-02 12:12:18][DEBUG] jax_fem: DeviceProblem: computing Jacobian on device
[07-02 12:12:18][DEBUG] jax_fem: Function split_and_compute_cell took 0.0277 seconds
[07-02 12:12:18][DEBUG] jax_fem: CuDSSNewtonSolver: iter=1  res=1.523e-05  rel=6.811e-14
[07-02 12:12:18][INFO] jax_fem: CuDSSNewtonSolver: solve finished in 0.09s  res=1.523e-05
[07-02 12:12:19][DEBUG] jax_fem: CuDSSNewtonSolver: starting Newton loop
[07-02 12:12:19][DEBUG] jax_fem: DeviceProblem: computing Jacobian on device
[07-02 12:12:19][DEBUG] jax_fem: Function split_and_compute_cell took 0.0257 seconds
[07-02 12:12:19][DEBUG] jax_fem: CuDSSNewtonSolver: initial residual = 2.223e+08
[07-02 12:12:19][DEBUG] jax_fem: DeviceProblem: computing Jacobian on device
[07-02 12:12:19][DEBUG] jax_fem: Function split_and_compute_cell took 0.0267 seconds
[07-02 12:12:19][DEBUG] jax_fem: CuDSSNewtonSolver: iter=1  res=1.306e-05  rel=5.875e-14
[07-02 12:12:19][INFO] jax_fem: CuDSSNewtonSolver: solve finished in 0.09s  res=1.306e-05
[07-02 12:12:19][INFO] jax_fem: CuDSS backward: solving adjoint problem …
[07-02 12:12:19][DEBUG] jax_fem: DeviceProblem: computing Jacobian on device
[07-02 12:12:19][DEBUG] jax_fem: Function split_and_compute_cell took 0.0465 seconds
[07-02 12:12:19][DEBUG] jax_fem: Computing cell residual...
[07-02 12:12:19][DEBUG] jax_fem: Function split_and_compute_cell took 0.0613 seconds
[07-02 12:12:19][INFO] jax_fem: CuDSS backward: solving adjoint problem …
[07-02 12:12:19][DEBUG] jax_fem: DeviceProblem: computing Jacobian on device
[07-02 12:12:19][DEBUG] jax_fem: Function split_and_compute_cell took 0.0246 seconds
[07-02 12:12:19][DEBUG] jax_fem: Computing cell residual...
[07-02 12:12:19][DEBUG] jax_fem: Function split_and_compute_cell took 0.0485 seconds
[07-02 12:12:20][INFO] jax_fem: CuDSS backward: solving adjoint problem …
[07-02 12:12:20][DEBUG] jax_fem: DeviceProblem: computing Jacobian on device
[07-02 12:12:20][DEBUG] jax_fem: Function split_and_compute_cell took 0.0265 seconds
[07-02 12:12:20][DEBUG] jax_fem: Computing cell residual...
[07-02 12:12:20][DEBUG] jax_fem: Function split_and_compute_cell took 0.0711 seconds
[07-02 12:12:20][INFO] jax_fem: CuDSS backward: solving adjoint problem …
[07-02 12:12:20][DEBUG] jax_fem: DeviceProblem: computing Jacobian on device
[07-02 12:12:20][DEBUG] jax_fem: Function split_and_compute_cell took 0.0355 seconds
[07-02 12:12:20][DEBUG] jax_fem: Computing cell residual...
[07-02 12:12:20][DEBUG] jax_fem: Function split_and_compute_cell took 0.0704 seconds
[07-02 12:12:20][INFO] jax_fem: CuDSS backward: solving adjoint problem …
[07-02 12:12:20][DEBUG] jax_fem: DeviceProblem: computing Jacobian on device
[07-02 12:12:20][DEBUG] jax_fem: Function split_and_compute_cell took 0.0436 seconds
[07-02 12:12:20][DEBUG] jax_fem: Computing cell residual...
[07-02 12:12:21][DEBUG] jax_fem: Function split_and_compute_cell took 0.0787 seconds
[07-02 12:12:22][DEBUG] jax_fem: CuDSSNewtonSolver: starting Newton loop
[07-02 12:12:22][DEBUG] jax_fem: DeviceProblem: computing Jacobian on device
[07-02 12:12:22][DEBUG] jax_fem: Function split_and_compute_cell took 0.0486 seconds
[07-02 12:12:22][DEBUG] jax_fem: CuDSSNewtonSolver: initial residual = 2.235e+08
[07-02 12:12:22][DEBUG] jax_fem: DeviceProblem: computing Jacobian on device
[07-02 12:12:22][DEBUG] jax_fem: Function split_and_compute_cell took 0.0295 seconds
[07-02 12:12:22][DEBUG] jax_fem: CuDSSNewtonSolver: iter=1  res=1.534e-05  rel=6.866e-14
[07-02 12:12:22][INFO] jax_fem: CuDSSNewtonSolver: solve finished in 0.12s  res=1.534e-05
[07-02 12:12:22][DEBUG] jax_fem: CuDSSNewtonSolver: starting Newton loop
[07-02 12:12:22][DEBUG] jax_fem: DeviceProblem: computing Jacobian on device
[07-02 12:12:22][DEBUG] jax_fem: Function split_and_compute_cell took 0.0345 seconds
[07-02 12:12:22][DEBUG] jax_fem: CuDSSNewtonSolver: initial residual = 2.216e+08
[07-02 12:12:22][DEBUG] jax_fem: DeviceProblem: computing Jacobian on device
[07-02 12:12:23][DEBUG] jax_fem: Function split_and_compute_cell took 0.0519 seconds
[07-02 12:12:23][DEBUG] jax_fem: CuDSSNewtonSolver: iter=1  res=1.495e-05  rel=6.743e-14
[07-02 12:12:23][INFO] jax_fem: CuDSSNewtonSolver: solve finished in 0.13s  res=1.495e-05
[07-02 12:12:23][DEBUG] jax_fem: CuDSSNewtonSolver: starting Newton loop
[07-02 12:12:23][DEBUG] jax_fem: DeviceProblem: computing Jacobian on device
[07-02 12:12:23][DEBUG] jax_fem: Function split_and_compute_cell took 0.0261 seconds
[07-02 12:12:23][DEBUG] jax_fem: CuDSSNewtonSolver: initial residual = 2.211e+08
[07-02 12:12:23][DEBUG] jax_fem: DeviceProblem: computing Jacobian on device
[07-02 12:12:23][DEBUG] jax_fem: Function split_and_compute_cell took 0.0404 seconds
[07-02 12:12:23][DEBUG] jax_fem: CuDSSNewtonSolver: iter=1  res=1.621e-05  rel=7.332e-14
[07-02 12:12:23][INFO] jax_fem: CuDSSNewtonSolver: solve finished in 0.11s  res=1.621e-05
[07-02 12:12:23][DEBUG] jax_fem: CuDSSNewtonSolver: starting Newton loop
[07-02 12:12:23][DEBUG] jax_fem: DeviceProblem: computing Jacobian on device
[07-02 12:12:23][DEBUG] jax_fem: Function split_and_compute_cell took 0.0448 seconds
[07-02 12:12:23][DEBUG] jax_fem: CuDSSNewtonSolver: initial residual = 2.236e+08
[07-02 12:12:23][DEBUG] jax_fem: DeviceProblem: computing Jacobian on device
[07-02 12:12:23][DEBUG] jax_fem: Function split_and_compute_cell took 0.0437 seconds
[07-02 12:12:23][DEBUG] jax_fem: CuDSSNewtonSolver: iter=1  res=1.466e-05  rel=6.555e-14
[07-02 12:12:23][INFO] jax_fem: CuDSSNewtonSolver: solve finished in 0.13s  res=1.466e-05
[07-02 12:12:24][DEBUG] jax_fem: CuDSSNewtonSolver: starting Newton loop
[07-02 12:12:24][DEBUG] jax_fem: DeviceProblem: computing Jacobian on device
[07-02 12:12:24][DEBUG] jax_fem: Function split_and_compute_cell took 0.0446 seconds
[07-02 12:12:24][DEBUG] jax_fem: CuDSSNewtonSolver: initial residual = 2.223e+08
[07-02 12:12:24][DEBUG] jax_fem: DeviceProblem: computing Jacobian on device
[07-02 12:12:24][DEBUG] jax_fem: Function split_and_compute_cell took 0.0263 seconds
[07-02 12:12:24][DEBUG] jax_fem: CuDSSNewtonSolver: iter=1  res=1.300e-05  rel=5.845e-14
[07-02 12:12:24][INFO] jax_fem: CuDSSNewtonSolver: solve finished in 0.11s  res=1.300e-05
[07-02 12:12:25][DEBUG] jax_fem: CuDSSNewtonSolver: starting Newton loop
[07-02 12:12:25][DEBUG] jax_fem: DeviceProblem: computing Jacobian on device
[07-02 12:12:25][DEBUG] jax_fem: Function split_and_compute_cell took 0.0268 seconds
[07-02 12:12:25][DEBUG] jax_fem: CuDSSNewtonSolver: initial residual = 2.235e+08
[07-02 12:12:25][DEBUG] jax_fem: DeviceProblem: computing Jacobian on device
[07-02 12:12:25][DEBUG] jax_fem: Function split_and_compute_cell took 0.0266 seconds
[07-02 12:12:25][DEBUG] jax_fem: CuDSSNewtonSolver: iter=1  res=1.558e-05  rel=6.973e-14
[07-02 12:12:25][INFO] jax_fem: CuDSSNewtonSolver: solve finished in 0.09s  res=1.558e-05
[07-02 12:12:26][DEBUG] jax_fem: CuDSSNewtonSolver: starting Newton loop
[07-02 12:12:26][DEBUG] jax_fem: DeviceProblem: computing Jacobian on device
[07-02 12:12:26][DEBUG] jax_fem: Function split_and_compute_cell took 0.0263 seconds
[07-02 12:12:26][DEBUG] jax_fem: CuDSSNewtonSolver: initial residual = 2.216e+08
[07-02 12:12:26][DEBUG] jax_fem: DeviceProblem: computing Jacobian on device
[07-02 12:12:26][DEBUG] jax_fem: Function split_and_compute_cell took 0.0271 seconds
[07-02 12:12:26][DEBUG] jax_fem: CuDSSNewtonSolver: iter=1  res=1.531e-05  rel=6.907e-14
[07-02 12:12:26][INFO] jax_fem: CuDSSNewtonSolver: solve finished in 0.09s  res=1.531e-05
[07-02 12:12:26][DEBUG] jax_fem: CuDSSNewtonSolver: starting Newton loop
[07-02 12:12:27][DEBUG] jax_fem: DeviceProblem: computing Jacobian on device
[07-02 12:12:27][DEBUG] jax_fem: Function split_and_compute_cell took 0.0258 seconds
[07-02 12:12:27][DEBUG] jax_fem: CuDSSNewtonSolver: initial residual = 2.211e+08
[07-02 12:12:27][DEBUG] jax_fem: DeviceProblem: computing Jacobian on device
[07-02 12:12:27][DEBUG] jax_fem: Function split_and_compute_cell took 0.0257 seconds
[07-02 12:12:27][DEBUG] jax_fem: CuDSSNewtonSolver: iter=1  res=1.647e-05  rel=7.452e-14
[07-02 12:12:27][INFO] jax_fem: CuDSSNewtonSolver: solve finished in 0.09s  res=1.647e-05
[07-02 12:12:27][DEBUG] jax_fem: CuDSSNewtonSolver: starting Newton loop
[07-02 12:12:27][DEBUG] jax_fem: DeviceProblem: computing Jacobian on device
[07-02 12:12:27][DEBUG] jax_fem: Function split_and_compute_cell took 0.0264 seconds
[07-02 12:12:27][DEBUG] jax_fem: CuDSSNewtonSolver: initial residual = 2.236e+08
[07-02 12:12:27][DEBUG] jax_fem: DeviceProblem: computing Jacobian on device
[07-02 12:12:27][DEBUG] jax_fem: Function split_and_compute_cell took 0.0264 seconds
[07-02 12:12:27][DEBUG] jax_fem: CuDSSNewtonSolver: iter=1  res=1.484e-05  rel=6.634e-14
[07-02 12:12:27][INFO] jax_fem: CuDSSNewtonSolver: solve finished in 0.09s  res=1.484e-05
[07-02 12:12:28][DEBUG] jax_fem: CuDSSNewtonSolver: starting Newton loop
[07-02 12:12:28][DEBUG] jax_fem: DeviceProblem: computing Jacobian on device
[07-02 12:12:28][DEBUG] jax_fem: Function split_and_compute_cell took 0.0263 seconds
[07-02 12:12:28][DEBUG] jax_fem: CuDSSNewtonSolver: initial residual = 2.223e+08
[07-02 12:12:28][DEBUG] jax_fem: DeviceProblem: computing Jacobian on device
[07-02 12:12:28][DEBUG] jax_fem: Function split_and_compute_cell took 0.0265 seconds
[07-02 12:12:28][DEBUG] jax_fem: CuDSSNewtonSolver: iter=1  res=1.349e-05  rel=6.067e-14
[07-02 12:12:28][INFO] jax_fem: CuDSSNewtonSolver: solve finished in 0.09s  res=1.349e-05
[07-02 12:12:28][INFO] jax_fem: CuDSS backward: solving adjoint problem …
[07-02 12:12:28][DEBUG] jax_fem: DeviceProblem: computing Jacobian on device
[07-02 12:12:28][DEBUG] jax_fem: Function split_and_compute_cell took 0.0300 seconds
[07-02 12:12:28][DEBUG] jax_fem: Computing cell residual...
[07-02 12:12:28][DEBUG] jax_fem: Function split_and_compute_cell took 0.0546 seconds
[07-02 12:12:28][INFO] jax_fem: CuDSS backward: solving adjoint problem …
[07-02 12:12:28][DEBUG] jax_fem: DeviceProblem: computing Jacobian on device
[07-02 12:12:28][DEBUG] jax_fem: Function split_and_compute_cell took 0.0359 seconds
[07-02 12:12:28][DEBUG] jax_fem: Computing cell residual...
[07-02 12:12:28][DEBUG] jax_fem: Function split_and_compute_cell took 0.0537 seconds
[07-02 12:12:29][INFO] jax_fem: CuDSS backward: solving adjoint problem …
[07-02 12:12:29][DEBUG] jax_fem: DeviceProblem: computing Jacobian on device
[07-02 12:12:29][DEBUG] jax_fem: Function split_and_compute_cell took 0.0432 seconds
[07-02 12:12:29][DEBUG] jax_fem: Computing cell residual...
[07-02 12:12:29][DEBUG] jax_fem: Function split_and_compute_cell took 0.0609 seconds
[07-02 12:12:29][INFO] jax_fem: CuDSS backward: solving adjoint problem …
[07-02 12:12:29][DEBUG] jax_fem: DeviceProblem: computing Jacobian on device
[07-02 12:12:29][DEBUG] jax_fem: Function split_and_compute_cell took 0.0508 seconds
[07-02 12:12:29][DEBUG] jax_fem: Computing cell residual...
[07-02 12:12:29][DEBUG] jax_fem: Function split_and_compute_cell took 0.0646 seconds
[07-02 12:12:29][INFO] jax_fem: CuDSS backward: solving adjoint problem …
[07-02 12:12:29][DEBUG] jax_fem: DeviceProblem: computing Jacobian on device
[07-02 12:12:29][DEBUG] jax_fem: Function split_and_compute_cell took 0.0337 seconds
[07-02 12:12:29][DEBUG] jax_fem: Computing cell residual...
[07-02 12:12:30][DEBUG] jax_fem: Function split_and_compute_cell took 0.0634 seconds
[07-02 12:12:31][DEBUG] jax_fem: CuDSSNewtonSolver: starting Newton loop
[07-02 12:12:31][DEBUG] jax_fem: DeviceProblem: computing Jacobian on device
[07-02 12:12:31][DEBUG] jax_fem: Function split_and_compute_cell took 0.0419 seconds
[07-02 12:12:31][DEBUG] jax_fem: CuDSSNewtonSolver: initial residual = 2.235e+08
[07-02 12:12:31][DEBUG] jax_fem: DeviceProblem: computing Jacobian on device
[07-02 12:12:31][DEBUG] jax_fem: Function split_and_compute_cell took 0.0290 seconds
[07-02 12:12:31][DEBUG] jax_fem: CuDSSNewtonSolver: iter=1  res=1.545e-05  rel=6.913e-14
[07-02 12:12:31][INFO] jax_fem: CuDSSNewtonSolver: solve finished in 0.11s  res=1.545e-05
[07-02 12:12:32][DEBUG] jax_fem: CuDSSNewtonSolver: starting Newton loop
[07-02 12:12:32][DEBUG] jax_fem: DeviceProblem: computing Jacobian on device
[07-02 12:12:32][DEBUG] jax_fem: Function split_and_compute_cell took 0.0322 seconds
[07-02 12:12:32][DEBUG] jax_fem: CuDSSNewtonSolver: initial residual = 2.216e+08
[07-02 12:12:32][DEBUG] jax_fem: DeviceProblem: computing Jacobian on device
[07-02 12:12:32][DEBUG] jax_fem: Function split_and_compute_cell took 0.0471 seconds
[07-02 12:12:32][DEBUG] jax_fem: CuDSSNewtonSolver: iter=1  res=1.526e-05  rel=6.885e-14
[07-02 12:12:32][INFO] jax_fem: CuDSSNewtonSolver: solve finished in 0.12s  res=1.526e-05
[07-02 12:12:32][DEBUG] jax_fem: CuDSSNewtonSolver: starting Newton loop
[07-02 12:12:32][DEBUG] jax_fem: DeviceProblem: computing Jacobian on device
[07-02 12:12:32][DEBUG] jax_fem: Function split_and_compute_cell took 0.0391 seconds
[07-02 12:12:32][DEBUG] jax_fem: CuDSSNewtonSolver: initial residual = 2.211e+08
[07-02 12:12:32][DEBUG] jax_fem: DeviceProblem: computing Jacobian on device
[07-02 12:12:32][DEBUG] jax_fem: Function split_and_compute_cell took 0.0257 seconds
[07-02 12:12:32][DEBUG] jax_fem: CuDSSNewtonSolver: iter=1  res=1.565e-05  rel=7.079e-14
[07-02 12:12:32][INFO] jax_fem: CuDSSNewtonSolver: solve finished in 0.11s  res=1.565e-05
[07-02 12:12:32][DEBUG] jax_fem: CuDSSNewtonSolver: starting Newton loop
[07-02 12:12:32][DEBUG] jax_fem: DeviceProblem: computing Jacobian on device
[07-02 12:12:32][DEBUG] jax_fem: Function split_and_compute_cell took 0.0246 seconds
[07-02 12:12:32][DEBUG] jax_fem: CuDSSNewtonSolver: initial residual = 2.236e+08
[07-02 12:12:32][DEBUG] jax_fem: DeviceProblem: computing Jacobian on device
[07-02 12:12:32][DEBUG] jax_fem: Function split_and_compute_cell took 0.0593 seconds
[07-02 12:12:32][DEBUG] jax_fem: CuDSSNewtonSolver: iter=1  res=1.566e-05  rel=7.001e-14
[07-02 12:12:32][INFO] jax_fem: CuDSSNewtonSolver: solve finished in 0.12s  res=1.566e-05
[07-02 12:12:33][DEBUG] jax_fem: CuDSSNewtonSolver: starting Newton loop
[07-02 12:12:33][DEBUG] jax_fem: DeviceProblem: computing Jacobian on device
[07-02 12:12:33][DEBUG] jax_fem: Function split_and_compute_cell took 0.0435 seconds
[07-02 12:12:33][DEBUG] jax_fem: CuDSSNewtonSolver: initial residual = 2.223e+08
[07-02 12:12:33][DEBUG] jax_fem: DeviceProblem: computing Jacobian on device
[07-02 12:12:33][DEBUG] jax_fem: Function split_and_compute_cell took 0.0412 seconds
[07-02 12:12:33][DEBUG] jax_fem: CuDSSNewtonSolver: iter=1  res=1.338e-05  rel=6.016e-14
[07-02 12:12:33][INFO] jax_fem: CuDSSNewtonSolver: solve finished in 0.13s  res=1.338e-05
[07-02 12:12:34][DEBUG] jax_fem: CuDSSNewtonSolver: starting Newton loop
[07-02 12:12:34][DEBUG] jax_fem: DeviceProblem: computing Jacobian on device
[07-02 12:12:34][DEBUG] jax_fem: Function split_and_compute_cell took 0.0264 seconds
[07-02 12:12:34][DEBUG] jax_fem: CuDSSNewtonSolver: initial residual = 2.235e+08
[07-02 12:12:34][DEBUG] jax_fem: DeviceProblem: computing Jacobian on device
[07-02 12:12:34][DEBUG] jax_fem: Function split_and_compute_cell took 0.0265 seconds
[07-02 12:12:34][DEBUG] jax_fem: CuDSSNewtonSolver: iter=1  res=1.539e-05  rel=6.884e-14
[07-02 12:12:34][INFO] jax_fem: CuDSSNewtonSolver: solve finished in 0.09s  res=1.539e-05
[07-02 12:12:35][DEBUG] jax_fem: CuDSSNewtonSolver: starting Newton loop
[07-02 12:12:35][DEBUG] jax_fem: DeviceProblem: computing Jacobian on device
[07-02 12:12:35][DEBUG] jax_fem: Function split_and_compute_cell took 0.0272 seconds
[07-02 12:12:35][DEBUG] jax_fem: CuDSSNewtonSolver: initial residual = 2.216e+08
[07-02 12:12:35][DEBUG] jax_fem: DeviceProblem: computing Jacobian on device
[07-02 12:12:35][DEBUG] jax_fem: Function split_and_compute_cell took 0.0278 seconds
[07-02 12:12:35][DEBUG] jax_fem: CuDSSNewtonSolver: iter=1  res=1.437e-05  rel=6.483e-14
[07-02 12:12:35][INFO] jax_fem: CuDSSNewtonSolver: solve finished in 0.09s  res=1.437e-05
[07-02 12:12:36][DEBUG] jax_fem: CuDSSNewtonSolver: starting Newton loop
[07-02 12:12:36][DEBUG] jax_fem: DeviceProblem: computing Jacobian on device
[07-02 12:12:36][DEBUG] jax_fem: Function split_and_compute_cell took 0.0275 seconds
[07-02 12:12:36][DEBUG] jax_fem: CuDSSNewtonSolver: initial residual = 2.211e+08
[07-02 12:12:36][DEBUG] jax_fem: DeviceProblem: computing Jacobian on device
[07-02 12:12:36][DEBUG] jax_fem: Function split_and_compute_cell took 0.0284 seconds
[07-02 12:12:36][DEBUG] jax_fem: CuDSSNewtonSolver: iter=1  res=1.596e-05  rel=7.218e-14
[07-02 12:12:36][INFO] jax_fem: CuDSSNewtonSolver: solve finished in 0.09s  res=1.596e-05
[07-02 12:12:36][DEBUG] jax_fem: CuDSSNewtonSolver: starting Newton loop
[07-02 12:12:36][DEBUG] jax_fem: DeviceProblem: computing Jacobian on device
[07-02 12:12:36][DEBUG] jax_fem: Function split_and_compute_cell took 0.0269 seconds
[07-02 12:12:36][DEBUG] jax_fem: CuDSSNewtonSolver: initial residual = 2.236e+08
[07-02 12:12:36][DEBUG] jax_fem: DeviceProblem: computing Jacobian on device
[07-02 12:12:36][DEBUG] jax_fem: Function split_and_compute_cell took 0.0278 seconds
[07-02 12:12:36][DEBUG] jax_fem: CuDSSNewtonSolver: iter=1  res=1.501e-05  rel=6.714e-14
[07-02 12:12:36][INFO] jax_fem: CuDSSNewtonSolver: solve finished in 0.09s  res=1.501e-05
[07-02 12:12:37][DEBUG] jax_fem: CuDSSNewtonSolver: starting Newton loop
[07-02 12:12:37][DEBUG] jax_fem: DeviceProblem: computing Jacobian on device
[07-02 12:12:37][DEBUG] jax_fem: Function split_and_compute_cell took 0.0258 seconds
[07-02 12:12:37][DEBUG] jax_fem: CuDSSNewtonSolver: initial residual = 2.223e+08
[07-02 12:12:37][DEBUG] jax_fem: DeviceProblem: computing Jacobian on device
[07-02 12:12:37][DEBUG] jax_fem: Function split_and_compute_cell took 0.0271 seconds
[07-02 12:12:37][DEBUG] jax_fem: CuDSSNewtonSolver: iter=1  res=1.340e-05  rel=6.029e-14
[07-02 12:12:37][INFO] jax_fem: CuDSSNewtonSolver: solve finished in 0.09s  res=1.340e-05
[07-02 12:12:37][INFO] jax_fem: CuDSS backward: solving adjoint problem …
[07-02 12:12:37][DEBUG] jax_fem: DeviceProblem: computing Jacobian on device
[07-02 12:12:37][DEBUG] jax_fem: Function split_and_compute_cell took 0.0289 seconds
[07-02 12:12:37][DEBUG] jax_fem: Computing cell residual...
[07-02 12:12:37][DEBUG] jax_fem: Function split_and_compute_cell took 0.0692 seconds
[07-02 12:12:38][INFO] jax_fem: CuDSS backward: solving adjoint problem …
[07-02 12:12:38][DEBUG] jax_fem: DeviceProblem: computing Jacobian on device
[07-02 12:12:38][DEBUG] jax_fem: Function split_and_compute_cell took 0.0491 seconds
[07-02 12:12:38][DEBUG] jax_fem: Computing cell residual...
[07-02 12:12:38][DEBUG] jax_fem: Function split_and_compute_cell took 0.0709 seconds
[07-02 12:12:38][INFO] jax_fem: CuDSS backward: solving adjoint problem …
[07-02 12:12:38][DEBUG] jax_fem: DeviceProblem: computing Jacobian on device
[07-02 12:12:38][DEBUG] jax_fem: Function split_and_compute_cell took 0.0499 seconds
[07-02 12:12:38][DEBUG] jax_fem: Computing cell residual...
[07-02 12:12:38][DEBUG] jax_fem: Function split_and_compute_cell took 0.0663 seconds
[07-02 12:12:38][INFO] jax_fem: CuDSS backward: solving adjoint problem …
[07-02 12:12:38][DEBUG] jax_fem: DeviceProblem: computing Jacobian on device
[07-02 12:12:38][DEBUG] jax_fem: Function split_and_compute_cell took 0.0494 seconds
[07-02 12:12:38][DEBUG] jax_fem: Computing cell residual...
[07-02 12:12:39][DEBUG] jax_fem: Function split_and_compute_cell took 0.0687 seconds
[07-02 12:12:39][INFO] jax_fem: CuDSS backward: solving adjoint problem …
[07-02 12:12:39][DEBUG] jax_fem: DeviceProblem: computing Jacobian on device
[07-02 12:12:39][DEBUG] jax_fem: Function split_and_compute_cell took 0.0270 seconds
[07-02 12:12:39][DEBUG] jax_fem: Computing cell residual...
[07-02 12:12:39][DEBUG] jax_fem: Function split_and_compute_cell took 0.0640 seconds
[07-02 12:12:40][DEBUG] jax_fem: CuDSSNewtonSolver: starting Newton loop
[07-02 12:12:40][DEBUG] jax_fem: DeviceProblem: computing Jacobian on device
[07-02 12:12:40][DEBUG] jax_fem: Function split_and_compute_cell took 0.0468 seconds
[07-02 12:12:40][DEBUG] jax_fem: CuDSSNewtonSolver: initial residual = 2.231e+08
[07-02 12:12:40][DEBUG] jax_fem: DeviceProblem: computing Jacobian on device
[07-02 12:12:41][DEBUG] jax_fem: Function split_and_compute_cell took 0.0542 seconds
[07-02 12:12:41][DEBUG] jax_fem: CuDSSNewtonSolver: iter=1  res=1.464e-05  rel=6.561e-14
[07-02 12:12:41][INFO] jax_fem: CuDSSNewtonSolver: solve finished in 0.14s  res=1.464e-05
[07-02 12:12:41][DEBUG] jax_fem: CuDSSNewtonSolver: starting Newton loop
[07-02 12:12:41][DEBUG] jax_fem: DeviceProblem: computing Jacobian on device
[07-02 12:12:41][DEBUG] jax_fem: Function split_and_compute_cell took 0.0339 seconds
[07-02 12:12:41][DEBUG] jax_fem: CuDSSNewtonSolver: initial residual = 2.212e+08
[07-02 12:12:41][DEBUG] jax_fem: DeviceProblem: computing Jacobian on device
[07-02 12:12:41][DEBUG] jax_fem: Function split_and_compute_cell took 0.0582 seconds
[07-02 12:12:41][DEBUG] jax_fem: CuDSSNewtonSolver: iter=1  res=1.464e-05  rel=6.617e-14
[07-02 12:12:41][INFO] jax_fem: CuDSSNewtonSolver: solve finished in 0.14s  res=1.464e-05
[07-02 12:12:41][DEBUG] jax_fem: CuDSSNewtonSolver: starting Newton loop
[07-02 12:12:41][DEBUG] jax_fem: DeviceProblem: computing Jacobian on device
[07-02 12:12:41][DEBUG] jax_fem: Function split_and_compute_cell took 0.0408 seconds
[07-02 12:12:41][DEBUG] jax_fem: CuDSSNewtonSolver: initial residual = 2.207e+08
[07-02 12:12:41][DEBUG] jax_fem: DeviceProblem: computing Jacobian on device
[07-02 12:12:41][DEBUG] jax_fem: Function split_and_compute_cell took 0.0325 seconds
[07-02 12:12:41][DEBUG] jax_fem: CuDSSNewtonSolver: iter=1  res=1.570e-05  rel=7.114e-14
[07-02 12:12:41][INFO] jax_fem: CuDSSNewtonSolver: solve finished in 0.12s  res=1.570e-05
[07-02 12:12:42][DEBUG] jax_fem: CuDSSNewtonSolver: starting Newton loop
[07-02 12:12:42][DEBUG] jax_fem: DeviceProblem: computing Jacobian on device
[07-02 12:12:42][DEBUG] jax_fem: Function split_and_compute_cell took 0.0368 seconds
[07-02 12:12:42][DEBUG] jax_fem: CuDSSNewtonSolver: initial residual = 2.233e+08
[07-02 12:12:42][DEBUG] jax_fem: DeviceProblem: computing Jacobian on device
[07-02 12:12:42][DEBUG] jax_fem: Function split_and_compute_cell took 0.0517 seconds
[07-02 12:12:42][DEBUG] jax_fem: CuDSSNewtonSolver: iter=1  res=1.507e-05  rel=6.747e-14
[07-02 12:12:42][INFO] jax_fem: CuDSSNewtonSolver: solve finished in 0.13s  res=1.507e-05
[07-02 12:12:42][DEBUG] jax_fem: CuDSSNewtonSolver: starting Newton loop
[07-02 12:12:42][DEBUG] jax_fem: DeviceProblem: computing Jacobian on device
[07-02 12:12:42][DEBUG] jax_fem: Function split_and_compute_cell took 0.0287 seconds
[07-02 12:12:42][DEBUG] jax_fem: CuDSSNewtonSolver: initial residual = 2.222e+08
[07-02 12:12:42][DEBUG] jax_fem: DeviceProblem: computing Jacobian on device
[07-02 12:12:42][DEBUG] jax_fem: Function split_and_compute_cell took 0.0366 seconds
[07-02 12:12:42][DEBUG] jax_fem: CuDSSNewtonSolver: iter=1  res=1.374e-05  rel=6.183e-14
[07-02 12:12:42][INFO] jax_fem: CuDSSNewtonSolver: solve finished in 0.11s  res=1.374e-05
[07-02 12:12:44][DEBUG] jax_fem: CuDSSNewtonSolver: starting Newton loop
[07-02 12:12:44][DEBUG] jax_fem: DeviceProblem: computing Jacobian on device
[07-02 12:12:44][DEBUG] jax_fem: Function split_and_compute_cell took 0.0267 seconds
[07-02 12:12:44][DEBUG] jax_fem: CuDSSNewtonSolver: initial residual = 2.231e+08
[07-02 12:12:44][DEBUG] jax_fem: DeviceProblem: computing Jacobian on device
[07-02 12:12:44][DEBUG] jax_fem: Function split_and_compute_cell took 0.0265 seconds
[07-02 12:12:44][DEBUG] jax_fem: CuDSSNewtonSolver: iter=1  res=1.550e-05  rel=6.948e-14
[07-02 12:12:44][INFO] jax_fem: CuDSSNewtonSolver: solve finished in 0.09s  res=1.550e-05
[07-02 12:12:44][DEBUG] jax_fem: CuDSSNewtonSolver: starting Newton loop
[07-02 12:12:44][DEBUG] jax_fem: DeviceProblem: computing Jacobian on device
[07-02 12:12:44][DEBUG] jax_fem: Function split_and_compute_cell took 0.0266 seconds
[07-02 12:12:44][DEBUG] jax_fem: CuDSSNewtonSolver: initial residual = 2.212e+08
[07-02 12:12:44][DEBUG] jax_fem: DeviceProblem: computing Jacobian on device
[07-02 12:12:44][DEBUG] jax_fem: Function split_and_compute_cell took 0.0258 seconds
[07-02 12:12:44][DEBUG] jax_fem: CuDSSNewtonSolver: iter=1  res=1.526e-05  rel=6.899e-14
[07-02 12:12:44][INFO] jax_fem: CuDSSNewtonSolver: solve finished in 0.09s  res=1.526e-05
[07-02 12:12:45][DEBUG] jax_fem: CuDSSNewtonSolver: starting Newton loop
[07-02 12:12:45][DEBUG] jax_fem: DeviceProblem: computing Jacobian on device
[07-02 12:12:45][DEBUG] jax_fem: Function split_and_compute_cell took 0.0261 seconds
[07-02 12:12:45][DEBUG] jax_fem: CuDSSNewtonSolver: initial residual = 2.207e+08
[07-02 12:12:45][DEBUG] jax_fem: DeviceProblem: computing Jacobian on device
[07-02 12:12:45][DEBUG] jax_fem: Function split_and_compute_cell took 0.0257 seconds
[07-02 12:12:45][DEBUG] jax_fem: CuDSSNewtonSolver: iter=1  res=1.565e-05  rel=7.091e-14
[07-02 12:12:45][INFO] jax_fem: CuDSSNewtonSolver: solve finished in 0.09s  res=1.565e-05
[07-02 12:12:45][DEBUG] jax_fem: CuDSSNewtonSolver: starting Newton loop
[07-02 12:12:45][DEBUG] jax_fem: DeviceProblem: computing Jacobian on device
[07-02 12:12:45][DEBUG] jax_fem: Function split_and_compute_cell took 0.0270 seconds
[07-02 12:12:45][DEBUG] jax_fem: CuDSSNewtonSolver: initial residual = 2.233e+08
[07-02 12:12:45][DEBUG] jax_fem: DeviceProblem: computing Jacobian on device
[07-02 12:12:46][DEBUG] jax_fem: Function split_and_compute_cell took 0.0266 seconds
[07-02 12:12:46][DEBUG] jax_fem: CuDSSNewtonSolver: iter=1  res=1.498e-05  rel=6.708e-14
[07-02 12:12:46][INFO] jax_fem: CuDSSNewtonSolver: solve finished in 0.09s  res=1.498e-05
[07-02 12:12:46][DEBUG] jax_fem: CuDSSNewtonSolver: starting Newton loop
[07-02 12:12:46][DEBUG] jax_fem: DeviceProblem: computing Jacobian on device
[07-02 12:12:46][DEBUG] jax_fem: Function split_and_compute_cell took 0.0264 seconds
[07-02 12:12:46][DEBUG] jax_fem: CuDSSNewtonSolver: initial residual = 2.222e+08
[07-02 12:12:46][DEBUG] jax_fem: DeviceProblem: computing Jacobian on device
[07-02 12:12:46][DEBUG] jax_fem: Function split_and_compute_cell took 0.0261 seconds
[07-02 12:12:46][DEBUG] jax_fem: CuDSSNewtonSolver: iter=1  res=1.268e-05  rel=5.706e-14
[07-02 12:12:46][INFO] jax_fem: CuDSSNewtonSolver: solve finished in 0.09s  res=1.268e-05
[07-02 12:12:46][INFO] jax_fem: CuDSS backward: solving adjoint problem …
[07-02 12:12:46][DEBUG] jax_fem: DeviceProblem: computing Jacobian on device
[07-02 12:12:46][DEBUG] jax_fem: Function split_and_compute_cell took 0.0317 seconds
[07-02 12:12:46][DEBUG] jax_fem: Computing cell residual...
[07-02 12:12:47][DEBUG] jax_fem: Function split_and_compute_cell took 0.0764 seconds
[07-02 12:12:47][INFO] jax_fem: CuDSS backward: solving adjoint problem …
[07-02 12:12:47][DEBUG] jax_fem: DeviceProblem: computing Jacobian on device
[07-02 12:12:47][DEBUG] jax_fem: Function split_and_compute_cell took 0.0320 seconds
[07-02 12:12:47][DEBUG] jax_fem: Computing cell residual...
[07-02 12:12:47][DEBUG] jax_fem: Function split_and_compute_cell took 0.0651 seconds
[07-02 12:12:47][INFO] jax_fem: CuDSS backward: solving adjoint problem …
[07-02 12:12:47][DEBUG] jax_fem: DeviceProblem: computing Jacobian on device
[07-02 12:12:47][DEBUG] jax_fem: Function split_and_compute_cell took 0.0361 seconds
[07-02 12:12:47][DEBUG] jax_fem: Computing cell residual...
[07-02 12:12:47][DEBUG] jax_fem: Function split_and_compute_cell took 0.0664 seconds
[07-02 12:12:48][INFO] jax_fem: CuDSS backward: solving adjoint problem …
[07-02 12:12:48][DEBUG] jax_fem: DeviceProblem: computing Jacobian on device
[07-02 12:12:48][DEBUG] jax_fem: Function split_and_compute_cell took 0.0282 seconds
[07-02 12:12:48][DEBUG] jax_fem: Computing cell residual...
[07-02 12:12:48][DEBUG] jax_fem: Function split_and_compute_cell took 0.0639 seconds
[07-02 12:12:48][INFO] jax_fem: CuDSS backward: solving adjoint problem …
[07-02 12:12:48][DEBUG] jax_fem: DeviceProblem: computing Jacobian on device
[07-02 12:12:48][DEBUG] jax_fem: Function split_and_compute_cell took 0.0254 seconds
[07-02 12:12:48][DEBUG] jax_fem: Computing cell residual...
[07-02 12:12:48][DEBUG] jax_fem: Function split_and_compute_cell took 0.0618 seconds
[07-02 12:12:50][DEBUG] jax_fem: CuDSSNewtonSolver: starting Newton loop
[07-02 12:12:50][DEBUG] jax_fem: DeviceProblem: computing Jacobian on device
[07-02 12:12:50][DEBUG] jax_fem: Function split_and_compute_cell took 0.0328 seconds
[07-02 12:12:50][DEBUG] jax_fem: CuDSSNewtonSolver: initial residual = 2.234e+08
[07-02 12:12:50][DEBUG] jax_fem: DeviceProblem: computing Jacobian on device
[07-02 12:12:50][DEBUG] jax_fem: Function split_and_compute_cell took 0.0265 seconds
[07-02 12:12:50][DEBUG] jax_fem: CuDSSNewtonSolver: iter=1  res=1.482e-05  rel=6.635e-14
[07-02 12:12:50][INFO] jax_fem: CuDSSNewtonSolver: solve finished in 0.10s  res=1.482e-05
[07-02 12:12:50][DEBUG] jax_fem: CuDSSNewtonSolver: starting Newton loop
[07-02 12:12:50][DEBUG] jax_fem: DeviceProblem: computing Jacobian on device
[07-02 12:12:50][DEBUG] jax_fem: Function split_and_compute_cell took 0.0251 seconds
[07-02 12:12:50][DEBUG] jax_fem: CuDSSNewtonSolver: initial residual = 2.215e+08
[07-02 12:12:50][DEBUG] jax_fem: DeviceProblem: computing Jacobian on device
[07-02 12:12:50][DEBUG] jax_fem: Function split_and_compute_cell took 0.0304 seconds
[07-02 12:12:50][DEBUG] jax_fem: CuDSSNewtonSolver: iter=1  res=1.515e-05  rel=6.838e-14
[07-02 12:12:50][INFO] jax_fem: CuDSSNewtonSolver: solve finished in 0.09s  res=1.515e-05
[07-02 12:12:50][DEBUG] jax_fem: CuDSSNewtonSolver: starting Newton loop
[07-02 12:12:50][DEBUG] jax_fem: DeviceProblem: computing Jacobian on device
[07-02 12:12:50][DEBUG] jax_fem: Function split_and_compute_cell took 0.0282 seconds
[07-02 12:12:50][DEBUG] jax_fem: CuDSSNewtonSolver: initial residual = 2.209e+08
[07-02 12:12:50][DEBUG] jax_fem: DeviceProblem: computing Jacobian on device
[07-02 12:12:50][DEBUG] jax_fem: Function split_and_compute_cell took 0.0410 seconds
[07-02 12:12:50][DEBUG] jax_fem: CuDSSNewtonSolver: iter=1  res=1.619e-05  rel=7.329e-14
[07-02 12:12:50][INFO] jax_fem: CuDSSNewtonSolver: solve finished in 0.11s  res=1.619e-05
[07-02 12:12:51][DEBUG] jax_fem: CuDSSNewtonSolver: starting Newton loop
[07-02 12:12:51][DEBUG] jax_fem: DeviceProblem: computing Jacobian on device
[07-02 12:12:51][DEBUG] jax_fem: Function split_and_compute_cell took 0.0587 seconds
[07-02 12:12:51][DEBUG] jax_fem: CuDSSNewtonSolver: initial residual = 2.235e+08
[07-02 12:12:51][DEBUG] jax_fem: DeviceProblem: computing Jacobian on device
[07-02 12:12:51][DEBUG] jax_fem: Function split_and_compute_cell took 0.0467 seconds
[07-02 12:12:51][DEBUG] jax_fem: CuDSSNewtonSolver: iter=1  res=1.449e-05  rel=6.480e-14
[07-02 12:12:51][INFO] jax_fem: CuDSSNewtonSolver: solve finished in 0.15s  res=1.449e-05
[07-02 12:12:51][DEBUG] jax_fem: CuDSSNewtonSolver: starting Newton loop
[07-02 12:12:51][DEBUG] jax_fem: DeviceProblem: computing Jacobian on device
[07-02 12:12:51][DEBUG] jax_fem: Function split_and_compute_cell took 0.0431 seconds
[07-02 12:12:51][DEBUG] jax_fem: CuDSSNewtonSolver: initial residual = 2.223e+08
[07-02 12:12:51][DEBUG] jax_fem: DeviceProblem: computing Jacobian on device
[07-02 12:12:51][DEBUG] jax_fem: Function split_and_compute_cell took 0.0530 seconds
[07-02 12:12:51][DEBUG] jax_fem: CuDSSNewtonSolver: iter=1  res=1.275e-05  rel=5.737e-14
[07-02 12:12:51][INFO] jax_fem: CuDSSNewtonSolver: solve finished in 0.14s  res=1.275e-05
[07-02 12:12:53][DEBUG] jax_fem: CuDSSNewtonSolver: starting Newton loop
[07-02 12:12:53][DEBUG] jax_fem: DeviceProblem: computing Jacobian on device
[07-02 12:12:53][DEBUG] jax_fem: Function split_and_compute_cell took 0.0269 seconds
[07-02 12:12:53][DEBUG] jax_fem: CuDSSNewtonSolver: initial residual = 2.234e+08
[07-02 12:12:53][DEBUG] jax_fem: DeviceProblem: computing Jacobian on device
[07-02 12:12:53][DEBUG] jax_fem: Function split_and_compute_cell took 0.0239 seconds
[07-02 12:12:53][DEBUG] jax_fem: CuDSSNewtonSolver: iter=1  res=1.554e-05  rel=6.958e-14
[07-02 12:12:53][INFO] jax_fem: CuDSSNewtonSolver: solve finished in 0.09s  res=1.554e-05
[07-02 12:12:53][DEBUG] jax_fem: CuDSSNewtonSolver: starting Newton loop
[07-02 12:12:53][DEBUG] jax_fem: DeviceProblem: computing Jacobian on device
[07-02 12:12:53][DEBUG] jax_fem: Function split_and_compute_cell took 0.0265 seconds
[07-02 12:12:53][DEBUG] jax_fem: CuDSSNewtonSolver: initial residual = 2.215e+08
[07-02 12:12:53][DEBUG] jax_fem: DeviceProblem: computing Jacobian on device
[07-02 12:12:53][DEBUG] jax_fem: Function split_and_compute_cell took 0.0258 seconds
[07-02 12:12:53][DEBUG] jax_fem: CuDSSNewtonSolver: iter=1  res=1.545e-05  rel=6.974e-14
[07-02 12:12:53][INFO] jax_fem: CuDSSNewtonSolver: solve finished in 0.09s  res=1.545e-05
[07-02 12:12:54][DEBUG] jax_fem: CuDSSNewtonSolver: starting Newton loop
[07-02 12:12:54][DEBUG] jax_fem: DeviceProblem: computing Jacobian on device
[07-02 12:12:54][DEBUG] jax_fem: Function split_and_compute_cell took 0.0255 seconds
[07-02 12:12:54][DEBUG] jax_fem: CuDSSNewtonSolver: initial residual = 2.209e+08
[07-02 12:12:54][DEBUG] jax_fem: DeviceProblem: computing Jacobian on device
[07-02 12:12:54][DEBUG] jax_fem: Function split_and_compute_cell took 0.0262 seconds
[07-02 12:12:54][DEBUG] jax_fem: CuDSSNewtonSolver: iter=1  res=1.618e-05  rel=7.322e-14
[07-02 12:12:54][INFO] jax_fem: CuDSSNewtonSolver: solve finished in 0.09s  res=1.618e-05
[07-02 12:12:55][DEBUG] jax_fem: CuDSSNewtonSolver: starting Newton loop
[07-02 12:12:55][DEBUG] jax_fem: DeviceProblem: computing Jacobian on device
[07-02 12:12:55][DEBUG] jax_fem: Function split_and_compute_cell took 0.0264 seconds
[07-02 12:12:55][DEBUG] jax_fem: CuDSSNewtonSolver: initial residual = 2.235e+08
[07-02 12:12:55][DEBUG] jax_fem: DeviceProblem: computing Jacobian on device
[07-02 12:12:55][DEBUG] jax_fem: Function split_and_compute_cell took 0.0270 seconds
[07-02 12:12:55][DEBUG] jax_fem: CuDSSNewtonSolver: iter=1  res=1.587e-05  rel=7.099e-14
[07-02 12:12:55][INFO] jax_fem: CuDSSNewtonSolver: solve finished in 0.09s  res=1.587e-05
[07-02 12:12:55][DEBUG] jax_fem: CuDSSNewtonSolver: starting Newton loop
[07-02 12:12:55][DEBUG] jax_fem: DeviceProblem: computing Jacobian on device
[07-02 12:12:55][DEBUG] jax_fem: Function split_and_compute_cell took 0.0266 seconds
[07-02 12:12:55][DEBUG] jax_fem: CuDSSNewtonSolver: initial residual = 2.223e+08
[07-02 12:12:55][DEBUG] jax_fem: DeviceProblem: computing Jacobian on device
[07-02 12:12:55][DEBUG] jax_fem: Function split_and_compute_cell took 0.0259 seconds
[07-02 12:12:55][DEBUG] jax_fem: CuDSSNewtonSolver: iter=1  res=1.262e-05  rel=5.676e-14
[07-02 12:12:55][INFO] jax_fem: CuDSSNewtonSolver: solve finished in 0.09s  res=1.262e-05
[07-02 12:12:55][INFO] jax_fem: CuDSS backward: solving adjoint problem …
[07-02 12:12:55][DEBUG] jax_fem: DeviceProblem: computing Jacobian on device
[07-02 12:12:55][DEBUG] jax_fem: Function split_and_compute_cell took 0.0341 seconds
[07-02 12:12:55][DEBUG] jax_fem: Computing cell residual...
[07-02 12:12:55][DEBUG] jax_fem: Function split_and_compute_cell took 0.0577 seconds
[07-02 12:12:56][INFO] jax_fem: CuDSS backward: solving adjoint problem …
[07-02 12:12:56][DEBUG] jax_fem: DeviceProblem: computing Jacobian on device
[07-02 12:12:56][DEBUG] jax_fem: Function split_and_compute_cell took 0.0488 seconds
[07-02 12:12:56][DEBUG] jax_fem: Computing cell residual...
[07-02 12:12:56][DEBUG] jax_fem: Function split_and_compute_cell took 0.0589 seconds
[07-02 12:12:56][INFO] jax_fem: CuDSS backward: solving adjoint problem …
[07-02 12:12:56][DEBUG] jax_fem: DeviceProblem: computing Jacobian on device
[07-02 12:12:56][DEBUG] jax_fem: Function split_and_compute_cell took 0.0283 seconds
[07-02 12:12:56][DEBUG] jax_fem: Computing cell residual...
[07-02 12:12:56][DEBUG] jax_fem: Function split_and_compute_cell took 0.0531 seconds
[07-02 12:12:56][INFO] jax_fem: CuDSS backward: solving adjoint problem …
[07-02 12:12:56][DEBUG] jax_fem: DeviceProblem: computing Jacobian on device
[07-02 12:12:56][DEBUG] jax_fem: Function split_and_compute_cell took 0.0524 seconds
[07-02 12:12:56][DEBUG] jax_fem: Computing cell residual...
[07-02 12:12:57][DEBUG] jax_fem: Function split_and_compute_cell took 0.0675 seconds
[07-02 12:12:57][INFO] jax_fem: CuDSS backward: solving adjoint problem …
[07-02 12:12:57][DEBUG] jax_fem: DeviceProblem: computing Jacobian on device
[07-02 12:12:57][DEBUG] jax_fem: Function split_and_compute_cell took 0.0331 seconds
[07-02 12:12:57][DEBUG] jax_fem: Computing cell residual...
[07-02 12:12:57][DEBUG] jax_fem: Function split_and_compute_cell took 0.0684 seconds
[07-02 12:12:58][DEBUG] jax_fem: CuDSSNewtonSolver: starting Newton loop
[07-02 12:12:58][DEBUG] jax_fem: DeviceProblem: computing Jacobian on device
[07-02 12:12:59][DEBUG] jax_fem: Function split_and_compute_cell took 0.0390 seconds
[07-02 12:12:59][DEBUG] jax_fem: CuDSSNewtonSolver: initial residual = 2.235e+08
[07-02 12:12:59][DEBUG] jax_fem: DeviceProblem: computing Jacobian on device
[07-02 12:12:59][DEBUG] jax_fem: Function split_and_compute_cell took 0.0406 seconds
[07-02 12:12:59][DEBUG] jax_fem: CuDSSNewtonSolver: iter=1  res=1.563e-05  rel=6.992e-14
[07-02 12:12:59][INFO] jax_fem: CuDSSNewtonSolver: solve finished in 0.12s  res=1.563e-05
[07-02 12:12:59][DEBUG] jax_fem: CuDSSNewtonSolver: starting Newton loop
[07-02 12:12:59][DEBUG] jax_fem: DeviceProblem: computing Jacobian on device
[07-02 12:12:59][DEBUG] jax_fem: Function split_and_compute_cell took 0.0315 seconds
[07-02 12:12:59][DEBUG] jax_fem: CuDSSNewtonSolver: initial residual = 2.216e+08
[07-02 12:12:59][DEBUG] jax_fem: DeviceProblem: computing Jacobian on device
[07-02 12:12:59][DEBUG] jax_fem: Function split_and_compute_cell took 0.0490 seconds
[07-02 12:12:59][DEBUG] jax_fem: CuDSSNewtonSolver: iter=1  res=1.520e-05  rel=6.860e-14
[07-02 12:12:59][INFO] jax_fem: CuDSSNewtonSolver: solve finished in 0.12s  res=1.520e-05
[07-02 12:12:59][DEBUG] jax_fem: CuDSSNewtonSolver: starting Newton loop
[07-02 12:12:59][DEBUG] jax_fem: DeviceProblem: computing Jacobian on device
[07-02 12:12:59][DEBUG] jax_fem: Function split_and_compute_cell took 0.0454 seconds
[07-02 12:12:59][DEBUG] jax_fem: CuDSSNewtonSolver: initial residual = 2.210e+08
[07-02 12:12:59][DEBUG] jax_fem: DeviceProblem: computing Jacobian on device
[07-02 12:12:59][DEBUG] jax_fem: Function split_and_compute_cell took 0.0328 seconds
[07-02 12:12:59][DEBUG] jax_fem: CuDSSNewtonSolver: iter=1  res=1.710e-05  rel=7.737e-14
[07-02 12:12:59][INFO] jax_fem: CuDSSNewtonSolver: solve finished in 0.12s  res=1.710e-05
[07-02 12:13:00][DEBUG] jax_fem: CuDSSNewtonSolver: starting Newton loop
[07-02 12:13:00][DEBUG] jax_fem: DeviceProblem: computing Jacobian on device
[07-02 12:13:00][DEBUG] jax_fem: Function split_and_compute_cell took 0.0369 seconds
[07-02 12:13:00][DEBUG] jax_fem: CuDSSNewtonSolver: initial residual = 2.236e+08
[07-02 12:13:00][DEBUG] jax_fem: DeviceProblem: computing Jacobian on device
[07-02 12:13:00][DEBUG] jax_fem: Function split_and_compute_cell took 0.0317 seconds
[07-02 12:13:00][DEBUG] jax_fem: CuDSSNewtonSolver: iter=1  res=1.450e-05  rel=6.483e-14
[07-02 12:13:00][INFO] jax_fem: CuDSSNewtonSolver: solve finished in 0.11s  res=1.450e-05
[07-02 12:13:00][DEBUG] jax_fem: CuDSSNewtonSolver: starting Newton loop
[07-02 12:13:00][DEBUG] jax_fem: DeviceProblem: computing Jacobian on device
[07-02 12:13:00][DEBUG] jax_fem: Function split_and_compute_cell took 0.0282 seconds
[07-02 12:13:00][DEBUG] jax_fem: CuDSSNewtonSolver: initial residual = 2.223e+08
[07-02 12:13:00][DEBUG] jax_fem: DeviceProblem: computing Jacobian on device
[07-02 12:13:00][DEBUG] jax_fem: Function split_and_compute_cell took 0.0282 seconds
[07-02 12:13:00][DEBUG] jax_fem: CuDSSNewtonSolver: iter=1  res=1.357e-05  rel=6.103e-14
[07-02 12:13:00][INFO] jax_fem: CuDSSNewtonSolver: solve finished in 0.09s  res=1.357e-05
[07-02 12:13:02][DEBUG] jax_fem: CuDSSNewtonSolver: starting Newton loop
[07-02 12:13:02][DEBUG] jax_fem: DeviceProblem: computing Jacobian on device
[07-02 12:13:02][DEBUG] jax_fem: Function split_and_compute_cell took 0.0277 seconds
[07-02 12:13:02][DEBUG] jax_fem: CuDSSNewtonSolver: initial residual = 2.235e+08
[07-02 12:13:02][DEBUG] jax_fem: DeviceProblem: computing Jacobian on device
[07-02 12:13:02][DEBUG] jax_fem: Function split_and_compute_cell took 0.0269 seconds
[07-02 12:13:02][DEBUG] jax_fem: CuDSSNewtonSolver: iter=1  res=1.600e-05  rel=7.161e-14
[07-02 12:13:02][INFO] jax_fem: CuDSSNewtonSolver: solve finished in 0.09s  res=1.600e-05
[07-02 12:13:02][DEBUG] jax_fem: CuDSSNewtonSolver: starting Newton loop
[07-02 12:13:02][DEBUG] jax_fem: DeviceProblem: computing Jacobian on device
[07-02 12:13:02][DEBUG] jax_fem: Function split_and_compute_cell took 0.0274 seconds
[07-02 12:13:02][DEBUG] jax_fem: CuDSSNewtonSolver: initial residual = 2.216e+08
[07-02 12:13:02][DEBUG] jax_fem: DeviceProblem: computing Jacobian on device
[07-02 12:13:02][DEBUG] jax_fem: Function split_and_compute_cell took 0.0260 seconds
[07-02 12:13:03][DEBUG] jax_fem: CuDSSNewtonSolver: iter=1  res=1.475e-05  rel=6.656e-14
[07-02 12:13:03][INFO] jax_fem: CuDSSNewtonSolver: solve finished in 0.09s  res=1.475e-05
[07-02 12:13:03][DEBUG] jax_fem: CuDSSNewtonSolver: starting Newton loop
[07-02 12:13:03][DEBUG] jax_fem: DeviceProblem: computing Jacobian on device
[07-02 12:13:03][DEBUG] jax_fem: Function split_and_compute_cell took 0.0264 seconds
[07-02 12:13:03][DEBUG] jax_fem: CuDSSNewtonSolver: initial residual = 2.210e+08
[07-02 12:13:03][DEBUG] jax_fem: DeviceProblem: computing Jacobian on device
[07-02 12:13:03][DEBUG] jax_fem: Function split_and_compute_cell took 0.0263 seconds
[07-02 12:13:03][DEBUG] jax_fem: CuDSSNewtonSolver: iter=1  res=1.584e-05  rel=7.165e-14
[07-02 12:13:03][INFO] jax_fem: CuDSSNewtonSolver: solve finished in 0.09s  res=1.584e-05
[07-02 12:13:04][DEBUG] jax_fem: CuDSSNewtonSolver: starting Newton loop
[07-02 12:13:04][DEBUG] jax_fem: DeviceProblem: computing Jacobian on device
[07-02 12:13:04][DEBUG] jax_fem: Function split_and_compute_cell took 0.0263 seconds
[07-02 12:13:04][DEBUG] jax_fem: CuDSSNewtonSolver: initial residual = 2.236e+08
[07-02 12:13:04][DEBUG] jax_fem: DeviceProblem: computing Jacobian on device
[07-02 12:13:04][DEBUG] jax_fem: Function split_and_compute_cell took 0.0270 seconds
[07-02 12:13:04][DEBUG] jax_fem: CuDSSNewtonSolver: iter=1  res=1.516e-05  rel=6.779e-14
[07-02 12:13:04][INFO] jax_fem: CuDSSNewtonSolver: solve finished in 0.09s  res=1.516e-05
[07-02 12:13:04][DEBUG] jax_fem: CuDSSNewtonSolver: starting Newton loop
[07-02 12:13:04][DEBUG] jax_fem: DeviceProblem: computing Jacobian on device
[07-02 12:13:04][DEBUG] jax_fem: Function split_and_compute_cell took 0.0278 seconds
[07-02 12:13:04][DEBUG] jax_fem: CuDSSNewtonSolver: initial residual = 2.223e+08
[07-02 12:13:04][DEBUG] jax_fem: DeviceProblem: computing Jacobian on device
[07-02 12:13:04][DEBUG] jax_fem: Function split_and_compute_cell took 0.0265 seconds
[07-02 12:13:04][DEBUG] jax_fem: CuDSSNewtonSolver: iter=1  res=1.359e-05  rel=6.113e-14
[07-02 12:13:04][INFO] jax_fem: CuDSSNewtonSolver: solve finished in 0.09s  res=1.359e-05
[07-02 12:13:04][INFO] jax_fem: CuDSS backward: solving adjoint problem …
[07-02 12:13:04][DEBUG] jax_fem: DeviceProblem: computing Jacobian on device
[07-02 12:13:04][DEBUG] jax_fem: Function split_and_compute_cell took 0.0316 seconds
[07-02 12:13:04][DEBUG] jax_fem: Computing cell residual...
[07-02 12:13:05][DEBUG] jax_fem: Function split_and_compute_cell took 0.0619 seconds
[07-02 12:13:05][INFO] jax_fem: CuDSS backward: solving adjoint problem …
[07-02 12:13:05][DEBUG] jax_fem: DeviceProblem: computing Jacobian on device
[07-02 12:13:05][DEBUG] jax_fem: Function split_and_compute_cell took 0.0319 seconds
[07-02 12:13:05][DEBUG] jax_fem: Computing cell residual...
[07-02 12:13:05][DEBUG] jax_fem: Function split_and_compute_cell took 0.0657 seconds
[07-02 12:13:05][INFO] jax_fem: CuDSS backward: solving adjoint problem …
[07-02 12:13:05][DEBUG] jax_fem: DeviceProblem: computing Jacobian on device
[07-02 12:13:05][DEBUG] jax_fem: Function split_and_compute_cell took 0.0317 seconds
[07-02 12:13:05][DEBUG] jax_fem: Computing cell residual...
[07-02 12:13:05][DEBUG] jax_fem: Function split_and_compute_cell took 0.0646 seconds
[07-02 12:13:06][INFO] jax_fem: CuDSS backward: solving adjoint problem …
[07-02 12:13:06][DEBUG] jax_fem: DeviceProblem: computing Jacobian on device
[07-02 12:13:06][DEBUG] jax_fem: Function split_and_compute_cell took 0.0421 seconds
[07-02 12:13:06][DEBUG] jax_fem: Computing cell residual...
[07-02 12:13:06][DEBUG] jax_fem: Function split_and_compute_cell took 0.0722 seconds
[07-02 12:13:06][INFO] jax_fem: CuDSS backward: solving adjoint problem …
[07-02 12:13:06][DEBUG] jax_fem: DeviceProblem: computing Jacobian on device
[07-02 12:13:06][DEBUG] jax_fem: Function split_and_compute_cell took 0.0250 seconds
[07-02 12:13:06][DEBUG] jax_fem: Computing cell residual...
[07-02 12:13:06][DEBUG] jax_fem: Function split_and_compute_cell took 0.0635 seconds
[07-02 12:13:08][DEBUG] jax_fem: CuDSSNewtonSolver: starting Newton loop
[07-02 12:13:08][DEBUG] jax_fem: DeviceProblem: computing Jacobian on device
[07-02 12:13:08][DEBUG] jax_fem: Function split_and_compute_cell took 0.0547 seconds
[07-02 12:13:08][DEBUG] jax_fem: CuDSSNewtonSolver: initial residual = 2.235e+08
[07-02 12:13:08][DEBUG] jax_fem: DeviceProblem: computing Jacobian on device
[07-02 12:13:08][DEBUG] jax_fem: Function split_and_compute_cell took 0.0410 seconds
[07-02 12:13:08][DEBUG] jax_fem: CuDSSNewtonSolver: iter=1  res=1.497e-05  rel=6.698e-14
[07-02 12:13:08][INFO] jax_fem: CuDSSNewtonSolver: solve finished in 0.13s  res=1.497e-05
[07-02 12:13:08][DEBUG] jax_fem: CuDSSNewtonSolver: starting Newton loop
[07-02 12:13:08][DEBUG] jax_fem: DeviceProblem: computing Jacobian on device
[07-02 12:13:08][DEBUG] jax_fem: Function split_and_compute_cell took 0.0396 seconds
[07-02 12:13:08][DEBUG] jax_fem: CuDSSNewtonSolver: initial residual = 2.216e+08
[07-02 12:13:08][DEBUG] jax_fem: DeviceProblem: computing Jacobian on device
[07-02 12:13:08][DEBUG] jax_fem: Function split_and_compute_cell took 0.0257 seconds
[07-02 12:13:08][DEBUG] jax_fem: CuDSSNewtonSolver: iter=1  res=1.609e-05  rel=7.258e-14
[07-02 12:13:08][INFO] jax_fem: CuDSSNewtonSolver: solve finished in 0.11s  res=1.609e-05
[07-02 12:13:08][DEBUG] jax_fem: CuDSSNewtonSolver: starting Newton loop
[07-02 12:13:08][DEBUG] jax_fem: DeviceProblem: computing Jacobian on device
[07-02 12:13:08][DEBUG] jax_fem: Function split_and_compute_cell took 0.0276 seconds
[07-02 12:13:08][DEBUG] jax_fem: CuDSSNewtonSolver: initial residual = 2.211e+08
[07-02 12:13:08][DEBUG] jax_fem: DeviceProblem: computing Jacobian on device
[07-02 12:13:08][DEBUG] jax_fem: Function split_and_compute_cell took 0.0363 seconds
[07-02 12:13:08][DEBUG] jax_fem: CuDSSNewtonSolver: iter=1  res=1.746e-05  rel=7.897e-14
[07-02 12:13:08][INFO] jax_fem: CuDSSNewtonSolver: solve finished in 0.10s  res=1.746e-05
[07-02 12:13:09][DEBUG] jax_fem: CuDSSNewtonSolver: starting Newton loop
[07-02 12:13:09][DEBUG] jax_fem: DeviceProblem: computing Jacobian on device
[07-02 12:13:09][DEBUG] jax_fem: Function split_and_compute_cell took 0.0347 seconds
[07-02 12:13:09][DEBUG] jax_fem: CuDSSNewtonSolver: initial residual = 2.236e+08
[07-02 12:13:09][DEBUG] jax_fem: DeviceProblem: computing Jacobian on device
[07-02 12:13:09][DEBUG] jax_fem: Function split_and_compute_cell took 0.0513 seconds
[07-02 12:13:09][DEBUG] jax_fem: CuDSSNewtonSolver: iter=1  res=1.613e-05  rel=7.212e-14
[07-02 12:13:09][INFO] jax_fem: CuDSSNewtonSolver: solve finished in 0.13s  res=1.613e-05
[07-02 12:13:09][DEBUG] jax_fem: CuDSSNewtonSolver: starting Newton loop
[07-02 12:13:09][DEBUG] jax_fem: DeviceProblem: computing Jacobian on device
[07-02 12:13:09][DEBUG] jax_fem: Function split_and_compute_cell took 0.0469 seconds
[07-02 12:13:09][DEBUG] jax_fem: CuDSSNewtonSolver: initial residual = 2.223e+08
[07-02 12:13:09][DEBUG] jax_fem: DeviceProblem: computing Jacobian on device
[07-02 12:13:09][DEBUG] jax_fem: Function split_and_compute_cell took 0.0238 seconds
[07-02 12:13:09][DEBUG] jax_fem: CuDSSNewtonSolver: iter=1  res=1.275e-05  rel=5.733e-14
[07-02 12:13:09][INFO] jax_fem: CuDSSNewtonSolver: solve finished in 0.11s  res=1.275e-05
[07-02 12:13:11][DEBUG] jax_fem: CuDSSNewtonSolver: starting Newton loop
[07-02 12:13:11][DEBUG] jax_fem: DeviceProblem: computing Jacobian on device
[07-02 12:13:11][DEBUG] jax_fem: Function split_and_compute_cell took 0.0272 seconds
[07-02 12:13:11][DEBUG] jax_fem: CuDSSNewtonSolver: initial residual = 2.235e+08
[07-02 12:13:11][DEBUG] jax_fem: DeviceProblem: computing Jacobian on device
[07-02 12:13:11][DEBUG] jax_fem: Function split_and_compute_cell took 0.0262 seconds
[07-02 12:13:11][DEBUG] jax_fem: CuDSSNewtonSolver: iter=1  res=1.541e-05  rel=6.893e-14
[07-02 12:13:11][INFO] jax_fem: CuDSSNewtonSolver: solve finished in 0.09s  res=1.541e-05
[07-02 12:13:11][DEBUG] jax_fem: CuDSSNewtonSolver: starting Newton loop
[07-02 12:13:11][DEBUG] jax_fem: DeviceProblem: computing Jacobian on device
[07-02 12:13:11][DEBUG] jax_fem: Function split_and_compute_cell took 0.0263 seconds
[07-02 12:13:11][DEBUG] jax_fem: CuDSSNewtonSolver: initial residual = 2.216e+08
[07-02 12:13:11][DEBUG] jax_fem: DeviceProblem: computing Jacobian on device
[07-02 12:13:11][DEBUG] jax_fem: Function split_and_compute_cell took 0.0271 seconds
[07-02 12:13:11][DEBUG] jax_fem: CuDSSNewtonSolver: iter=1  res=1.590e-05  rel=7.175e-14
[07-02 12:13:11][INFO] jax_fem: CuDSSNewtonSolver: solve finished in 0.09s  res=1.590e-05
[07-02 12:13:12][DEBUG] jax_fem: CuDSSNewtonSolver: starting Newton loop
[07-02 12:13:12][DEBUG] jax_fem: DeviceProblem: computing Jacobian on device
[07-02 12:13:12][DEBUG] jax_fem: Function split_and_compute_cell took 0.0264 seconds
[07-02 12:13:12][DEBUG] jax_fem: CuDSSNewtonSolver: initial residual = 2.211e+08
[07-02 12:13:12][DEBUG] jax_fem: DeviceProblem: computing Jacobian on device
[07-02 12:13:12][DEBUG] jax_fem: Function split_and_compute_cell took 0.0250 seconds
[07-02 12:13:12][DEBUG] jax_fem: CuDSSNewtonSolver: iter=1  res=1.579e-05  rel=7.143e-14
[07-02 12:13:12][INFO] jax_fem: CuDSSNewtonSolver: solve finished in 0.09s  res=1.579e-05
[07-02 12:13:13][DEBUG] jax_fem: CuDSSNewtonSolver: starting Newton loop
[07-02 12:13:13][DEBUG] jax_fem: DeviceProblem: computing Jacobian on device
[07-02 12:13:13][DEBUG] jax_fem: Function split_and_compute_cell took 0.0254 seconds
[07-02 12:13:13][DEBUG] jax_fem: CuDSSNewtonSolver: initial residual = 2.236e+08
[07-02 12:13:13][DEBUG] jax_fem: DeviceProblem: computing Jacobian on device
[07-02 12:13:13][DEBUG] jax_fem: Function split_and_compute_cell took 0.0271 seconds
[07-02 12:13:13][DEBUG] jax_fem: CuDSSNewtonSolver: iter=1  res=1.586e-05  rel=7.090e-14
[07-02 12:13:13][INFO] jax_fem: CuDSSNewtonSolver: solve finished in 0.09s  res=1.586e-05
[07-02 12:13:13][DEBUG] jax_fem: CuDSSNewtonSolver: starting Newton loop
[07-02 12:13:13][DEBUG] jax_fem: DeviceProblem: computing Jacobian on device
[07-02 12:13:13][DEBUG] jax_fem: Function split_and_compute_cell took 0.0260 seconds
[07-02 12:13:13][DEBUG] jax_fem: CuDSSNewtonSolver: initial residual = 2.223e+08
[07-02 12:13:13][DEBUG] jax_fem: DeviceProblem: computing Jacobian on device
[07-02 12:13:13][DEBUG] jax_fem: Function split_and_compute_cell took 0.0272 seconds
[07-02 12:13:13][DEBUG] jax_fem: CuDSSNewtonSolver: iter=1  res=1.302e-05  rel=5.855e-14
[07-02 12:13:13][INFO] jax_fem: CuDSSNewtonSolver: solve finished in 0.09s  res=1.302e-05
[07-02 12:13:13][INFO] jax_fem: CuDSS backward: solving adjoint problem …
[07-02 12:13:13][DEBUG] jax_fem: DeviceProblem: computing Jacobian on device
[07-02 12:13:13][DEBUG] jax_fem: Function split_and_compute_cell took 0.0307 seconds
[07-02 12:13:13][DEBUG] jax_fem: Computing cell residual...
[07-02 12:13:14][DEBUG] jax_fem: Function split_and_compute_cell took 0.0693 seconds
[07-02 12:13:14][INFO] jax_fem: CuDSS backward: solving adjoint problem …
[07-02 12:13:14][DEBUG] jax_fem: DeviceProblem: computing Jacobian on device
[07-02 12:13:14][DEBUG] jax_fem: Function split_and_compute_cell took 0.0431 seconds
[07-02 12:13:14][DEBUG] jax_fem: Computing cell residual...
[07-02 12:13:14][DEBUG] jax_fem: Function split_and_compute_cell took 0.0681 seconds
[07-02 12:13:14][INFO] jax_fem: CuDSS backward: solving adjoint problem …
[07-02 12:13:14][DEBUG] jax_fem: DeviceProblem: computing Jacobian on device
[07-02 12:13:14][DEBUG] jax_fem: Function split_and_compute_cell took 0.0274 seconds
[07-02 12:13:14][DEBUG] jax_fem: Computing cell residual...
[07-02 12:13:14][DEBUG] jax_fem: Function split_and_compute_cell took 0.0646 seconds
[07-02 12:13:15][INFO] jax_fem: CuDSS backward: solving adjoint problem …
[07-02 12:13:15][DEBUG] jax_fem: DeviceProblem: computing Jacobian on device
[07-02 12:13:15][DEBUG] jax_fem: Function split_and_compute_cell took 0.0446 seconds
[07-02 12:13:15][DEBUG] jax_fem: Computing cell residual...
[07-02 12:13:15][DEBUG] jax_fem: Function split_and_compute_cell took 0.0543 seconds
[07-02 12:13:15][INFO] jax_fem: CuDSS backward: solving adjoint problem …
[07-02 12:13:15][DEBUG] jax_fem: DeviceProblem: computing Jacobian on device
[07-02 12:13:15][DEBUG] jax_fem: Function split_and_compute_cell took 0.0549 seconds
[07-02 12:13:15][DEBUG] jax_fem: Computing cell residual...
[07-02 12:13:15][DEBUG] jax_fem: Function split_and_compute_cell took 0.0504 seconds
[07-02 12:13:17][DEBUG] jax_fem: CuDSSNewtonSolver: starting Newton loop
[07-02 12:13:17][DEBUG] jax_fem: DeviceProblem: computing Jacobian on device
[07-02 12:13:17][DEBUG] jax_fem: Function split_and_compute_cell took 0.0276 seconds
[07-02 12:13:17][DEBUG] jax_fem: CuDSSNewtonSolver: initial residual = 2.235e+08
[07-02 12:13:17][DEBUG] jax_fem: DeviceProblem: computing Jacobian on device
[07-02 12:13:17][DEBUG] jax_fem: Function split_and_compute_cell took 0.0226 seconds
[07-02 12:13:17][DEBUG] jax_fem: CuDSSNewtonSolver: iter=1  res=1.524e-05  rel=6.820e-14
[07-02 12:13:17][INFO] jax_fem: CuDSSNewtonSolver: solve finished in 0.10s  res=1.524e-05
[07-02 12:13:17][DEBUG] jax_fem: CuDSSNewtonSolver: starting Newton loop
[07-02 12:13:17][DEBUG] jax_fem: DeviceProblem: computing Jacobian on device
[07-02 12:13:17][DEBUG] jax_fem: Function split_and_compute_cell took 0.0371 seconds
[07-02 12:13:17][DEBUG] jax_fem: CuDSSNewtonSolver: initial residual = 2.216e+08
[07-02 12:13:17][DEBUG] jax_fem: DeviceProblem: computing Jacobian on device
[07-02 12:13:17][DEBUG] jax_fem: Function split_and_compute_cell took 0.0285 seconds
[07-02 12:13:17][DEBUG] jax_fem: CuDSSNewtonSolver: iter=1  res=1.469e-05  rel=6.629e-14
[07-02 12:13:17][INFO] jax_fem: CuDSSNewtonSolver: solve finished in 0.11s  res=1.469e-05
[07-02 12:13:17][DEBUG] jax_fem: CuDSSNewtonSolver: starting Newton loop
[07-02 12:13:17][DEBUG] jax_fem: DeviceProblem: computing Jacobian on device
[07-02 12:13:17][DEBUG] jax_fem: Function split_and_compute_cell took 0.0362 seconds
[07-02 12:13:17][DEBUG] jax_fem: CuDSSNewtonSolver: initial residual = 2.211e+08
[07-02 12:13:17][DEBUG] jax_fem: DeviceProblem: computing Jacobian on device
[07-02 12:13:17][DEBUG] jax_fem: Function split_and_compute_cell took 0.0303 seconds
[07-02 12:13:17][DEBUG] jax_fem: CuDSSNewtonSolver: iter=1  res=1.675e-05  rel=7.578e-14
[07-02 12:13:17][INFO] jax_fem: CuDSSNewtonSolver: solve finished in 0.10s  res=1.675e-05
[07-02 12:13:18][DEBUG] jax_fem: CuDSSNewtonSolver: starting Newton loop
[07-02 12:13:18][DEBUG] jax_fem: DeviceProblem: computing Jacobian on device
[07-02 12:13:18][DEBUG] jax_fem: Function split_and_compute_cell took 0.0328 seconds
[07-02 12:13:18][DEBUG] jax_fem: CuDSSNewtonSolver: initial residual = 2.236e+08
[07-02 12:13:18][DEBUG] jax_fem: DeviceProblem: computing Jacobian on device
[07-02 12:13:18][DEBUG] jax_fem: Function split_and_compute_cell took 0.0425 seconds
[07-02 12:13:18][DEBUG] jax_fem: CuDSSNewtonSolver: iter=1  res=1.521e-05  rel=6.802e-14
[07-02 12:13:18][INFO] jax_fem: CuDSSNewtonSolver: solve finished in 0.12s  res=1.521e-05
[07-02 12:13:18][DEBUG] jax_fem: CuDSSNewtonSolver: starting Newton loop
[07-02 12:13:18][DEBUG] jax_fem: DeviceProblem: computing Jacobian on device
[07-02 12:13:18][DEBUG] jax_fem: Function split_and_compute_cell took 0.0316 seconds
[07-02 12:13:18][DEBUG] jax_fem: CuDSSNewtonSolver: initial residual = 2.223e+08
[07-02 12:13:18][DEBUG] jax_fem: DeviceProblem: computing Jacobian on device
[07-02 12:13:18][DEBUG] jax_fem: Function split_and_compute_cell took 0.0322 seconds
[07-02 12:13:18][DEBUG] jax_fem: CuDSSNewtonSolver: iter=1  res=1.420e-05  rel=6.389e-14
[07-02 12:13:18][INFO] jax_fem: CuDSSNewtonSolver: solve finished in 0.11s  res=1.420e-05
[07-02 12:13:20][DEBUG] jax_fem: CuDSSNewtonSolver: starting Newton loop
[07-02 12:13:20][DEBUG] jax_fem: DeviceProblem: computing Jacobian on device
[07-02 12:13:20][DEBUG] jax_fem: Function split_and_compute_cell took 0.0262 seconds
[07-02 12:13:20][DEBUG] jax_fem: CuDSSNewtonSolver: initial residual = 2.235e+08
[07-02 12:13:20][DEBUG] jax_fem: DeviceProblem: computing Jacobian on device
[07-02 12:13:20][DEBUG] jax_fem: Function split_and_compute_cell took 0.0274 seconds
[07-02 12:13:20][DEBUG] jax_fem: CuDSSNewtonSolver: iter=1  res=1.468e-05  rel=6.569e-14
[07-02 12:13:20][INFO] jax_fem: CuDSSNewtonSolver: solve finished in 0.09s  res=1.468e-05
[07-02 12:13:20][DEBUG] jax_fem: CuDSSNewtonSolver: starting Newton loop
[07-02 12:13:20][DEBUG] jax_fem: DeviceProblem: computing Jacobian on device
[07-02 12:13:20][DEBUG] jax_fem: Function split_and_compute_cell took 0.0275 seconds
[07-02 12:13:20][DEBUG] jax_fem: CuDSSNewtonSolver: initial residual = 2.216e+08
[07-02 12:13:20][DEBUG] jax_fem: DeviceProblem: computing Jacobian on device
[07-02 12:13:20][DEBUG] jax_fem: Function split_and_compute_cell took 0.0279 seconds
[07-02 12:13:20][DEBUG] jax_fem: CuDSSNewtonSolver: iter=1  res=1.569e-05  rel=7.080e-14
[07-02 12:13:20][INFO] jax_fem: CuDSSNewtonSolver: solve finished in 0.09s  res=1.569e-05
[07-02 12:13:21][DEBUG] jax_fem: CuDSSNewtonSolver: starting Newton loop
[07-02 12:13:21][DEBUG] jax_fem: DeviceProblem: computing Jacobian on device
[07-02 12:13:21][DEBUG] jax_fem: Function split_and_compute_cell took 0.0274 seconds
[07-02 12:13:21][DEBUG] jax_fem: CuDSSNewtonSolver: initial residual = 2.211e+08
[07-02 12:13:21][DEBUG] jax_fem: DeviceProblem: computing Jacobian on device
[07-02 12:13:21][DEBUG] jax_fem: Function split_and_compute_cell took 0.0267 seconds
[07-02 12:13:21][DEBUG] jax_fem: CuDSSNewtonSolver: iter=1  res=1.621e-05  rel=7.332e-14
[07-02 12:13:21][INFO] jax_fem: CuDSSNewtonSolver: solve finished in 0.09s  res=1.621e-05
[07-02 12:13:22][DEBUG] jax_fem: CuDSSNewtonSolver: starting Newton loop
[07-02 12:13:22][DEBUG] jax_fem: DeviceProblem: computing Jacobian on device
[07-02 12:13:22][DEBUG] jax_fem: Function split_and_compute_cell took 0.0386 seconds
[07-02 12:13:22][DEBUG] jax_fem: CuDSSNewtonSolver: initial residual = 2.236e+08
[07-02 12:13:22][DEBUG] jax_fem: DeviceProblem: computing Jacobian on device
[07-02 12:13:22][DEBUG] jax_fem: Function split_and_compute_cell took 0.0269 seconds
[07-02 12:13:22][DEBUG] jax_fem: CuDSSNewtonSolver: iter=1  res=1.518e-05  rel=6.786e-14
[07-02 12:13:22][INFO] jax_fem: CuDSSNewtonSolver: solve finished in 0.10s  res=1.518e-05
[07-02 12:13:22][DEBUG] jax_fem: CuDSSNewtonSolver: starting Newton loop
[07-02 12:13:22][DEBUG] jax_fem: DeviceProblem: computing Jacobian on device
[07-02 12:13:22][DEBUG] jax_fem: Function split_and_compute_cell took 0.0292 seconds
[07-02 12:13:22][DEBUG] jax_fem: CuDSSNewtonSolver: initial residual = 2.223e+08
[07-02 12:13:22][DEBUG] jax_fem: DeviceProblem: computing Jacobian on device
[07-02 12:13:22][DEBUG] jax_fem: Function split_and_compute_cell took 0.0275 seconds
[07-02 12:13:22][DEBUG] jax_fem: CuDSSNewtonSolver: iter=1  res=1.350e-05  rel=6.073e-14
[07-02 12:13:22][INFO] jax_fem: CuDSSNewtonSolver: solve finished in 0.09s  res=1.350e-05
[07-02 12:13:22][INFO] jax_fem: CuDSS backward: solving adjoint problem …
[07-02 12:13:22][DEBUG] jax_fem: DeviceProblem: computing Jacobian on device
[07-02 12:13:22][DEBUG] jax_fem: Function split_and_compute_cell took 0.0367 seconds
[07-02 12:13:22][DEBUG] jax_fem: Computing cell residual...
[07-02 12:13:23][DEBUG] jax_fem: Function split_and_compute_cell took 0.0583 seconds
[07-02 12:13:23][INFO] jax_fem: CuDSS backward: solving adjoint problem …
[07-02 12:13:23][DEBUG] jax_fem: DeviceProblem: computing Jacobian on device
[07-02 12:13:23][DEBUG] jax_fem: Function split_and_compute_cell took 0.0570 seconds
[07-02 12:13:23][DEBUG] jax_fem: Computing cell residual...
[07-02 12:13:23][DEBUG] jax_fem: Function split_and_compute_cell took 0.0565 seconds
[07-02 12:13:23][INFO] jax_fem: CuDSS backward: solving adjoint problem …
[07-02 12:13:23][DEBUG] jax_fem: DeviceProblem: computing Jacobian on device
[07-02 12:13:23][DEBUG] jax_fem: Function split_and_compute_cell took 0.0247 seconds
[07-02 12:13:23][DEBUG] jax_fem: Computing cell residual...
[07-02 12:13:23][DEBUG] jax_fem: Function split_and_compute_cell took 0.0741 seconds
[07-02 12:13:24][INFO] jax_fem: CuDSS backward: solving adjoint problem …
[07-02 12:13:24][DEBUG] jax_fem: DeviceProblem: computing Jacobian on device
[07-02 12:13:24][DEBUG] jax_fem: Function split_and_compute_cell took 0.0407 seconds
[07-02 12:13:24][DEBUG] jax_fem: Computing cell residual...
[07-02 12:13:24][DEBUG] jax_fem: Function split_and_compute_cell took 0.0626 seconds
[07-02 12:13:24][INFO] jax_fem: CuDSS backward: solving adjoint problem …
[07-02 12:13:24][DEBUG] jax_fem: DeviceProblem: computing Jacobian on device
[07-02 12:13:24][DEBUG] jax_fem: Function split_and_compute_cell took 0.0367 seconds
[07-02 12:13:24][DEBUG] jax_fem: Computing cell residual...
[07-02 12:13:24][DEBUG] jax_fem: Function split_and_compute_cell took 0.0553 seconds
[07-02 12:13:26][DEBUG] jax_fem: CuDSSNewtonSolver: starting Newton loop
[07-02 12:13:26][DEBUG] jax_fem: DeviceProblem: computing Jacobian on device
[07-02 12:13:26][DEBUG] jax_fem: Function split_and_compute_cell took 0.0314 seconds
[07-02 12:13:26][DEBUG] jax_fem: CuDSSNewtonSolver: initial residual = 2.235e+08
[07-02 12:13:26][DEBUG] jax_fem: DeviceProblem: computing Jacobian on device
[07-02 12:13:26][DEBUG] jax_fem: Function split_and_compute_cell took 0.0398 seconds
[07-02 12:13:26][DEBUG] jax_fem: CuDSSNewtonSolver: iter=1  res=1.584e-05  rel=7.088e-14
[07-02 12:13:26][INFO] jax_fem: CuDSSNewtonSolver: solve finished in 0.11s  res=1.584e-05
[07-02 12:13:26][DEBUG] jax_fem: CuDSSNewtonSolver: starting Newton loop
[07-02 12:13:26][DEBUG] jax_fem: DeviceProblem: computing Jacobian on device
[07-02 12:13:26][DEBUG] jax_fem: Function split_and_compute_cell took 0.0369 seconds
[07-02 12:13:26][DEBUG] jax_fem: CuDSSNewtonSolver: initial residual = 2.216e+08
[07-02 12:13:26][DEBUG] jax_fem: DeviceProblem: computing Jacobian on device
[07-02 12:13:26][DEBUG] jax_fem: Function split_and_compute_cell took 0.0392 seconds
[07-02 12:13:26][DEBUG] jax_fem: CuDSSNewtonSolver: iter=1  res=1.617e-05  rel=7.298e-14
[07-02 12:13:26][INFO] jax_fem: CuDSSNewtonSolver: solve finished in 0.12s  res=1.617e-05
[07-02 12:13:26][DEBUG] jax_fem: CuDSSNewtonSolver: starting Newton loop
[07-02 12:13:26][DEBUG] jax_fem: DeviceProblem: computing Jacobian on device
[07-02 12:13:26][DEBUG] jax_fem: Function split_and_compute_cell took 0.0435 seconds
[07-02 12:13:26][DEBUG] jax_fem: CuDSSNewtonSolver: initial residual = 2.211e+08
[07-02 12:13:26][DEBUG] jax_fem: DeviceProblem: computing Jacobian on device
[07-02 12:13:26][DEBUG] jax_fem: Function split_and_compute_cell took 0.0456 seconds
[07-02 12:13:26][DEBUG] jax_fem: CuDSSNewtonSolver: iter=1  res=1.586e-05  rel=7.175e-14
[07-02 12:13:26][INFO] jax_fem: CuDSSNewtonSolver: solve finished in 0.13s  res=1.586e-05
[07-02 12:13:27][DEBUG] jax_fem: CuDSSNewtonSolver: starting Newton loop
[07-02 12:13:27][DEBUG] jax_fem: DeviceProblem: computing Jacobian on device
[07-02 12:13:27][DEBUG] jax_fem: Function split_and_compute_cell took 0.0365 seconds
[07-02 12:13:27][DEBUG] jax_fem: CuDSSNewtonSolver: initial residual = 2.236e+08
[07-02 12:13:27][DEBUG] jax_fem: DeviceProblem: computing Jacobian on device
[07-02 12:13:27][DEBUG] jax_fem: Function split_and_compute_cell took 0.0417 seconds
[07-02 12:13:27][DEBUG] jax_fem: CuDSSNewtonSolver: iter=1  res=1.529e-05  rel=6.838e-14
[07-02 12:13:27][INFO] jax_fem: CuDSSNewtonSolver: solve finished in 0.12s  res=1.529e-05
[07-02 12:13:27][DEBUG] jax_fem: CuDSSNewtonSolver: starting Newton loop
[07-02 12:13:27][DEBUG] jax_fem: DeviceProblem: computing Jacobian on device
[07-02 12:13:27][DEBUG] jax_fem: Function split_and_compute_cell took 0.0375 seconds
[07-02 12:13:27][DEBUG] jax_fem: CuDSSNewtonSolver: initial residual = 2.223e+08
[07-02 12:13:27][DEBUG] jax_fem: DeviceProblem: computing Jacobian on device
[07-02 12:13:27][DEBUG] jax_fem: Function split_and_compute_cell took 0.0329 seconds
[07-02 12:13:27][DEBUG] jax_fem: CuDSSNewtonSolver: iter=1  res=1.337e-05  rel=6.014e-14
[07-02 12:13:27][INFO] jax_fem: CuDSSNewtonSolver: solve finished in 0.11s  res=1.337e-05
[07-02 12:13:29][DEBUG] jax_fem: CuDSSNewtonSolver: starting Newton loop
[07-02 12:13:29][DEBUG] jax_fem: DeviceProblem: computing Jacobian on device
[07-02 12:13:29][DEBUG] jax_fem: Function split_and_compute_cell took 0.0270 seconds
[07-02 12:13:29][DEBUG] jax_fem: CuDSSNewtonSolver: initial residual = 2.235e+08
[07-02 12:13:29][DEBUG] jax_fem: DeviceProblem: computing Jacobian on device
[07-02 12:13:29][DEBUG] jax_fem: Function split_and_compute_cell took 0.0270 seconds
[07-02 12:13:29][DEBUG] jax_fem: CuDSSNewtonSolver: iter=1  res=1.568e-05  rel=7.015e-14
[07-02 12:13:29][INFO] jax_fem: CuDSSNewtonSolver: solve finished in 0.09s  res=1.568e-05
[07-02 12:13:30][DEBUG] jax_fem: CuDSSNewtonSolver: starting Newton loop
[07-02 12:13:30][DEBUG] jax_fem: DeviceProblem: computing Jacobian on device
[07-02 12:13:30][DEBUG] jax_fem: Function split_and_compute_cell took 0.0249 seconds
[07-02 12:13:30][DEBUG] jax_fem: CuDSSNewtonSolver: initial residual = 2.216e+08
[07-02 12:13:30][DEBUG] jax_fem: DeviceProblem: computing Jacobian on device
[07-02 12:13:30][DEBUG] jax_fem: Function split_and_compute_cell took 0.0249 seconds
[07-02 12:13:30][DEBUG] jax_fem: CuDSSNewtonSolver: iter=1  res=1.556e-05  rel=7.019e-14
[07-02 12:13:30][INFO] jax_fem: CuDSSNewtonSolver: solve finished in 0.08s  res=1.556e-05
[07-02 12:13:30][DEBUG] jax_fem: CuDSSNewtonSolver: starting Newton loop
[07-02 12:13:30][DEBUG] jax_fem: DeviceProblem: computing Jacobian on device
[07-02 12:13:30][DEBUG] jax_fem: Function split_and_compute_cell took 0.0256 seconds
[07-02 12:13:30][DEBUG] jax_fem: CuDSSNewtonSolver: initial residual = 2.211e+08
[07-02 12:13:30][DEBUG] jax_fem: DeviceProblem: computing Jacobian on device
[07-02 12:13:30][DEBUG] jax_fem: Function split_and_compute_cell took 0.0284 seconds
[07-02 12:13:30][DEBUG] jax_fem: CuDSSNewtonSolver: iter=1  res=1.605e-05  rel=7.259e-14
[07-02 12:13:30][INFO] jax_fem: CuDSSNewtonSolver: solve finished in 0.09s  res=1.605e-05
[07-02 12:13:31][DEBUG] jax_fem: CuDSSNewtonSolver: starting Newton loop
[07-02 12:13:31][DEBUG] jax_fem: DeviceProblem: computing Jacobian on device
[07-02 12:13:31][DEBUG] jax_fem: Function split_and_compute_cell took 0.0272 seconds
[07-02 12:13:31][DEBUG] jax_fem: CuDSSNewtonSolver: initial residual = 2.236e+08
[07-02 12:13:31][DEBUG] jax_fem: DeviceProblem: computing Jacobian on device
[07-02 12:13:31][DEBUG] jax_fem: Function split_and_compute_cell took 0.0264 seconds
[07-02 12:13:31][DEBUG] jax_fem: CuDSSNewtonSolver: iter=1  res=1.541e-05  rel=6.889e-14
[07-02 12:13:31][INFO] jax_fem: CuDSSNewtonSolver: solve finished in 0.09s  res=1.541e-05
[07-02 12:13:31][DEBUG] jax_fem: CuDSSNewtonSolver: starting Newton loop
[07-02 12:13:31][DEBUG] jax_fem: DeviceProblem: computing Jacobian on device
[07-02 12:13:32][DEBUG] jax_fem: Function split_and_compute_cell took 0.0278 seconds
[07-02 12:13:32][DEBUG] jax_fem: CuDSSNewtonSolver: initial residual = 2.223e+08
[07-02 12:13:32][DEBUG] jax_fem: DeviceProblem: computing Jacobian on device
[07-02 12:13:32][DEBUG] jax_fem: Function split_and_compute_cell took 0.0281 seconds
[07-02 12:13:32][DEBUG] jax_fem: CuDSSNewtonSolver: iter=1  res=1.361e-05  rel=6.122e-14
[07-02 12:13:32][INFO] jax_fem: CuDSSNewtonSolver: solve finished in 0.09s  res=1.361e-05
[07-02 12:13:32][INFO] jax_fem: CuDSS backward: solving adjoint problem …
[07-02 12:13:32][DEBUG] jax_fem: DeviceProblem: computing Jacobian on device
[07-02 12:13:32][DEBUG] jax_fem: Function split_and_compute_cell took 0.0243 seconds
[07-02 12:13:32][DEBUG] jax_fem: Computing cell residual...
[07-02 12:13:32][DEBUG] jax_fem: Function split_and_compute_cell took 0.0556 seconds
[07-02 12:13:32][INFO] jax_fem: CuDSS backward: solving adjoint problem …
[07-02 12:13:32][DEBUG] jax_fem: DeviceProblem: computing Jacobian on device
[07-02 12:13:32][DEBUG] jax_fem: Function split_and_compute_cell took 0.0311 seconds
[07-02 12:13:32][DEBUG] jax_fem: Computing cell residual...
[07-02 12:13:32][DEBUG] jax_fem: Function split_and_compute_cell took 0.0649 seconds
[07-02 12:13:32][INFO] jax_fem: CuDSS backward: solving adjoint problem …
[07-02 12:13:32][DEBUG] jax_fem: DeviceProblem: computing Jacobian on device
[07-02 12:13:32][DEBUG] jax_fem: Function split_and_compute_cell took 0.0451 seconds
[07-02 12:13:32][DEBUG] jax_fem: Computing cell residual...
[07-02 12:13:33][DEBUG] jax_fem: Function split_and_compute_cell took 0.0756 seconds
[07-02 12:13:33][INFO] jax_fem: CuDSS backward: solving adjoint problem …
[07-02 12:13:33][DEBUG] jax_fem: DeviceProblem: computing Jacobian on device
[07-02 12:13:33][DEBUG] jax_fem: Function split_and_compute_cell took 0.0346 seconds
[07-02 12:13:33][DEBUG] jax_fem: Computing cell residual...
[07-02 12:13:33][DEBUG] jax_fem: Function split_and_compute_cell took 0.0611 seconds
[07-02 12:13:33][INFO] jax_fem: CuDSS backward: solving adjoint problem …
[07-02 12:13:33][DEBUG] jax_fem: DeviceProblem: computing Jacobian on device
[07-02 12:13:33][DEBUG] jax_fem: Function split_and_compute_cell took 0.0243 seconds
[07-02 12:13:33][DEBUG] jax_fem: Computing cell residual...
[07-02 12:13:33][DEBUG] jax_fem: Function split_and_compute_cell took 0.0747 seconds
[07-02 12:13:35][DEBUG] jax_fem: CuDSSNewtonSolver: starting Newton loop
[07-02 12:13:35][DEBUG] jax_fem: DeviceProblem: computing Jacobian on device
[07-02 12:13:35][DEBUG] jax_fem: Function split_and_compute_cell took 0.0328 seconds
[07-02 12:13:35][DEBUG] jax_fem: CuDSSNewtonSolver: initial residual = 2.235e+08
[07-02 12:13:35][DEBUG] jax_fem: DeviceProblem: computing Jacobian on device
[07-02 12:13:35][DEBUG] jax_fem: Function split_and_compute_cell took 0.0287 seconds
[07-02 12:13:35][DEBUG] jax_fem: CuDSSNewtonSolver: iter=1  res=1.487e-05  rel=6.653e-14
[07-02 12:13:35][INFO] jax_fem: CuDSSNewtonSolver: solve finished in 0.10s  res=1.487e-05
[07-02 12:13:35][DEBUG] jax_fem: CuDSSNewtonSolver: starting Newton loop
[07-02 12:13:35][DEBUG] jax_fem: DeviceProblem: computing Jacobian on device
[07-02 12:13:35][DEBUG] jax_fem: Function split_and_compute_cell took 0.0407 seconds
[07-02 12:13:35][DEBUG] jax_fem: CuDSSNewtonSolver: initial residual = 2.216e+08
[07-02 12:13:35][DEBUG] jax_fem: DeviceProblem: computing Jacobian on device
[07-02 12:13:35][DEBUG] jax_fem: Function split_and_compute_cell took 0.0262 seconds
[07-02 12:13:35][DEBUG] jax_fem: CuDSSNewtonSolver: iter=1  res=1.522e-05  rel=6.868e-14
[07-02 12:13:35][INFO] jax_fem: CuDSSNewtonSolver: solve finished in 0.11s  res=1.522e-05
[07-02 12:13:36][DEBUG] jax_fem: CuDSSNewtonSolver: starting Newton loop
[07-02 12:13:36][DEBUG] jax_fem: DeviceProblem: computing Jacobian on device
[07-02 12:13:36][DEBUG] jax_fem: Function split_and_compute_cell took 0.0343 seconds
[07-02 12:13:36][DEBUG] jax_fem: CuDSSNewtonSolver: initial residual = 2.211e+08
[07-02 12:13:36][DEBUG] jax_fem: DeviceProblem: computing Jacobian on device
[07-02 12:13:36][DEBUG] jax_fem: Function split_and_compute_cell took 0.0299 seconds
[07-02 12:13:36][DEBUG] jax_fem: CuDSSNewtonSolver: iter=1  res=1.593e-05  rel=7.205e-14
[07-02 12:13:36][INFO] jax_fem: CuDSSNewtonSolver: solve finished in 0.10s  res=1.593e-05
[07-02 12:13:36][DEBUG] jax_fem: CuDSSNewtonSolver: starting Newton loop
[07-02 12:13:36][DEBUG] jax_fem: DeviceProblem: computing Jacobian on device
[07-02 12:13:36][DEBUG] jax_fem: Function split_and_compute_cell took 0.0246 seconds
[07-02 12:13:36][DEBUG] jax_fem: CuDSSNewtonSolver: initial residual = 2.236e+08
[07-02 12:13:36][DEBUG] jax_fem: DeviceProblem: computing Jacobian on device
[07-02 12:13:36][DEBUG] jax_fem: Function split_and_compute_cell took 0.0280 seconds
[07-02 12:13:36][DEBUG] jax_fem: CuDSSNewtonSolver: iter=1  res=1.440e-05  rel=6.439e-14
[07-02 12:13:36][INFO] jax_fem: CuDSSNewtonSolver: solve finished in 0.09s  res=1.440e-05
[07-02 12:13:36][DEBUG] jax_fem: CuDSSNewtonSolver: starting Newton loop
[07-02 12:13:36][DEBUG] jax_fem: DeviceProblem: computing Jacobian on device
[07-02 12:13:36][DEBUG] jax_fem: Function split_and_compute_cell took 0.0628 seconds
[07-02 12:13:36][DEBUG] jax_fem: CuDSSNewtonSolver: initial residual = 2.223e+08
[07-02 12:13:36][DEBUG] jax_fem: DeviceProblem: computing Jacobian on device
[07-02 12:13:37][DEBUG] jax_fem: Function split_and_compute_cell took 0.0406 seconds
[07-02 12:13:37][DEBUG] jax_fem: CuDSSNewtonSolver: iter=1  res=1.340e-05  rel=6.027e-14
[07-02 12:13:37][INFO] jax_fem: CuDSSNewtonSolver: solve finished in 0.15s  res=1.340e-05
[07-02 12:13:38][DEBUG] jax_fem: CuDSSNewtonSolver: starting Newton loop
[07-02 12:13:38][DEBUG] jax_fem: DeviceProblem: computing Jacobian on device
[07-02 12:13:38][DEBUG] jax_fem: Function split_and_compute_cell took 0.0259 seconds
[07-02 12:13:38][DEBUG] jax_fem: CuDSSNewtonSolver: initial residual = 2.235e+08
[07-02 12:13:38][DEBUG] jax_fem: DeviceProblem: computing Jacobian on device
[07-02 12:13:38][DEBUG] jax_fem: Function split_and_compute_cell took 0.0261 seconds
[07-02 12:13:38][DEBUG] jax_fem: CuDSSNewtonSolver: iter=1  res=1.496e-05  rel=6.695e-14
[07-02 12:13:38][INFO] jax_fem: CuDSSNewtonSolver: solve finished in 0.09s  res=1.496e-05
[07-02 12:13:39][DEBUG] jax_fem: CuDSSNewtonSolver: starting Newton loop
[07-02 12:13:39][DEBUG] jax_fem: DeviceProblem: computing Jacobian on device
[07-02 12:13:39][DEBUG] jax_fem: Function split_and_compute_cell took 0.0261 seconds
[07-02 12:13:39][DEBUG] jax_fem: CuDSSNewtonSolver: initial residual = 2.216e+08
[07-02 12:13:39][DEBUG] jax_fem: DeviceProblem: computing Jacobian on device
[07-02 12:13:39][DEBUG] jax_fem: Function split_and_compute_cell took 0.0274 seconds
[07-02 12:13:39][DEBUG] jax_fem: CuDSSNewtonSolver: iter=1  res=1.574e-05  rel=7.101e-14
[07-02 12:13:39][INFO] jax_fem: CuDSSNewtonSolver: solve finished in 0.09s  res=1.574e-05
[07-02 12:13:39][DEBUG] jax_fem: CuDSSNewtonSolver: starting Newton loop
[07-02 12:13:39][DEBUG] jax_fem: DeviceProblem: computing Jacobian on device
[07-02 12:13:39][DEBUG] jax_fem: Function split_and_compute_cell took 0.0255 seconds
[07-02 12:13:39][DEBUG] jax_fem: CuDSSNewtonSolver: initial residual = 2.211e+08
[07-02 12:13:39][DEBUG] jax_fem: DeviceProblem: computing Jacobian on device
[07-02 12:13:39][DEBUG] jax_fem: Function split_and_compute_cell took 0.0267 seconds
[07-02 12:13:39][DEBUG] jax_fem: CuDSSNewtonSolver: iter=1  res=1.680e-05  rel=7.598e-14
[07-02 12:13:39][INFO] jax_fem: CuDSSNewtonSolver: solve finished in 0.09s  res=1.680e-05
[07-02 12:13:40][DEBUG] jax_fem: CuDSSNewtonSolver: starting Newton loop
[07-02 12:13:40][DEBUG] jax_fem: DeviceProblem: computing Jacobian on device
[07-02 12:13:40][DEBUG] jax_fem: Function split_and_compute_cell took 0.0249 seconds
[07-02 12:13:40][DEBUG] jax_fem: CuDSSNewtonSolver: initial residual = 2.236e+08
[07-02 12:13:40][DEBUG] jax_fem: DeviceProblem: computing Jacobian on device
[07-02 12:13:40][DEBUG] jax_fem: Function split_and_compute_cell took 0.0261 seconds
[07-02 12:13:40][DEBUG] jax_fem: CuDSSNewtonSolver: iter=1  res=1.496e-05  rel=6.688e-14
[07-02 12:13:40][INFO] jax_fem: CuDSSNewtonSolver: solve finished in 0.09s  res=1.496e-05
[07-02 12:13:41][DEBUG] jax_fem: CuDSSNewtonSolver: starting Newton loop
[07-02 12:13:41][DEBUG] jax_fem: DeviceProblem: computing Jacobian on device
[07-02 12:13:41][DEBUG] jax_fem: Function split_and_compute_cell took 0.0278 seconds
[07-02 12:13:41][DEBUG] jax_fem: CuDSSNewtonSolver: initial residual = 2.223e+08
[07-02 12:13:41][DEBUG] jax_fem: DeviceProblem: computing Jacobian on device
[07-02 12:13:41][DEBUG] jax_fem: Function split_and_compute_cell took 0.0268 seconds
[07-02 12:13:41][DEBUG] jax_fem: CuDSSNewtonSolver: iter=1  res=1.407e-05  rel=6.329e-14
[07-02 12:13:41][INFO] jax_fem: CuDSSNewtonSolver: solve finished in 0.09s  res=1.407e-05
[07-02 12:13:41][INFO] jax_fem: CuDSS backward: solving adjoint problem …
[07-02 12:13:41][DEBUG] jax_fem: DeviceProblem: computing Jacobian on device
[07-02 12:13:41][DEBUG] jax_fem: Function split_and_compute_cell took 0.0513 seconds
[07-02 12:13:41][DEBUG] jax_fem: Computing cell residual...
[07-02 12:13:41][DEBUG] jax_fem: Function split_and_compute_cell took 0.0674 seconds
[07-02 12:13:41][INFO] jax_fem: CuDSS backward: solving adjoint problem …
[07-02 12:13:41][DEBUG] jax_fem: DeviceProblem: computing Jacobian on device
[07-02 12:13:41][DEBUG] jax_fem: Function split_and_compute_cell took 0.0443 seconds
[07-02 12:13:41][DEBUG] jax_fem: Computing cell residual...
[07-02 12:13:42][DEBUG] jax_fem: Function split_and_compute_cell took 0.0594 seconds
[07-02 12:13:42][INFO] jax_fem: CuDSS backward: solving adjoint problem …
[07-02 12:13:42][DEBUG] jax_fem: DeviceProblem: computing Jacobian on device
[07-02 12:13:42][DEBUG] jax_fem: Function split_and_compute_cell took 0.0320 seconds
[07-02 12:13:42][DEBUG] jax_fem: Computing cell residual...
[07-02 12:13:42][DEBUG] jax_fem: Function split_and_compute_cell took 0.0559 seconds
[07-02 12:13:42][INFO] jax_fem: CuDSS backward: solving adjoint problem …
[07-02 12:13:42][DEBUG] jax_fem: DeviceProblem: computing Jacobian on device
[07-02 12:13:42][DEBUG] jax_fem: Function split_and_compute_cell took 0.0289 seconds
[07-02 12:13:42][DEBUG] jax_fem: Computing cell residual...
[07-02 12:13:42][DEBUG] jax_fem: Function split_and_compute_cell took 0.0645 seconds
[07-02 12:13:43][INFO] jax_fem: CuDSS backward: solving adjoint problem …
[07-02 12:13:43][DEBUG] jax_fem: DeviceProblem: computing Jacobian on device
[07-02 12:13:43][DEBUG] jax_fem: Function split_and_compute_cell took 0.0506 seconds
[07-02 12:13:43][DEBUG] jax_fem: Computing cell residual...
[07-02 12:13:43][DEBUG] jax_fem: Function split_and_compute_cell took 0.0663 seconds
[07-02 12:13:44][DEBUG] jax_fem: CuDSSNewtonSolver: starting Newton loop
[07-02 12:13:44][DEBUG] jax_fem: DeviceProblem: computing Jacobian on device
[07-02 12:13:44][DEBUG] jax_fem: Function split_and_compute_cell took 0.0242 seconds
[07-02 12:13:44][DEBUG] jax_fem: CuDSSNewtonSolver: initial residual = 2.235e+08
[07-02 12:13:44][DEBUG] jax_fem: DeviceProblem: computing Jacobian on device
[07-02 12:13:44][DEBUG] jax_fem: Function split_and_compute_cell took 0.0348 seconds
[07-02 12:13:44][DEBUG] jax_fem: CuDSSNewtonSolver: iter=1  res=1.485e-05  rel=6.643e-14
[07-02 12:13:44][INFO] jax_fem: CuDSSNewtonSolver: solve finished in 0.10s  res=1.485e-05
[07-02 12:13:45][DEBUG] jax_fem: CuDSSNewtonSolver: starting Newton loop
[07-02 12:13:45][DEBUG] jax_fem: DeviceProblem: computing Jacobian on device
[07-02 12:13:45][DEBUG] jax_fem: Function split_and_compute_cell took 0.0474 seconds
[07-02 12:13:45][DEBUG] jax_fem: CuDSSNewtonSolver: initial residual = 2.216e+08
[07-02 12:13:45][DEBUG] jax_fem: DeviceProblem: computing Jacobian on device
[07-02 12:13:45][DEBUG] jax_fem: Function split_and_compute_cell took 0.0512 seconds
[07-02 12:13:45][DEBUG] jax_fem: CuDSSNewtonSolver: iter=1  res=1.504e-05  rel=6.784e-14
[07-02 12:13:45][INFO] jax_fem: CuDSSNewtonSolver: solve finished in 0.14s  res=1.504e-05
[07-02 12:13:45][DEBUG] jax_fem: CuDSSNewtonSolver: starting Newton loop
[07-02 12:13:45][DEBUG] jax_fem: DeviceProblem: computing Jacobian on device
[07-02 12:13:45][DEBUG] jax_fem: Function split_and_compute_cell took 0.0346 seconds
[07-02 12:13:45][DEBUG] jax_fem: CuDSSNewtonSolver: initial residual = 2.211e+08
[07-02 12:13:45][DEBUG] jax_fem: DeviceProblem: computing Jacobian on device
[07-02 12:13:45][DEBUG] jax_fem: Function split_and_compute_cell took 0.0377 seconds
[07-02 12:13:45][DEBUG] jax_fem: CuDSSNewtonSolver: iter=1  res=1.702e-05  rel=7.699e-14
[07-02 12:13:45][INFO] jax_fem: CuDSSNewtonSolver: solve finished in 0.12s  res=1.702e-05
[07-02 12:13:45][DEBUG] jax_fem: CuDSSNewtonSolver: starting Newton loop
[07-02 12:13:45][DEBUG] jax_fem: DeviceProblem: computing Jacobian on device
[07-02 12:13:45][DEBUG] jax_fem: Function split_and_compute_cell took 0.0400 seconds
[07-02 12:13:45][DEBUG] jax_fem: CuDSSNewtonSolver: initial residual = 2.236e+08
[07-02 12:13:45][DEBUG] jax_fem: DeviceProblem: computing Jacobian on device
[07-02 12:13:45][DEBUG] jax_fem: Function split_and_compute_cell took 0.0402 seconds
[07-02 12:13:45][DEBUG] jax_fem: CuDSSNewtonSolver: iter=1  res=1.567e-05  rel=7.005e-14
[07-02 12:13:45][INFO] jax_fem: CuDSSNewtonSolver: solve finished in 0.13s  res=1.567e-05
[07-02 12:13:46][DEBUG] jax_fem: CuDSSNewtonSolver: starting Newton loop
[07-02 12:13:46][DEBUG] jax_fem: DeviceProblem: computing Jacobian on device
[07-02 12:13:46][DEBUG] jax_fem: Function split_and_compute_cell took 0.0400 seconds
[07-02 12:13:46][DEBUG] jax_fem: CuDSSNewtonSolver: initial residual = 2.223e+08
[07-02 12:13:46][DEBUG] jax_fem: DeviceProblem: computing Jacobian on device
[07-02 12:13:46][DEBUG] jax_fem: Function split_and_compute_cell took 0.0280 seconds
[07-02 12:13:46][DEBUG] jax_fem: CuDSSNewtonSolver: iter=1  res=1.370e-05  rel=6.160e-14
[07-02 12:13:46][INFO] jax_fem: CuDSSNewtonSolver: solve finished in 0.12s  res=1.370e-05
[07-02 12:13:47][DEBUG] jax_fem: CuDSSNewtonSolver: starting Newton loop
[07-02 12:13:47][DEBUG] jax_fem: DeviceProblem: computing Jacobian on device
[07-02 12:13:48][DEBUG] jax_fem: Function split_and_compute_cell took 0.0269 seconds
[07-02 12:13:48][DEBUG] jax_fem: CuDSSNewtonSolver: initial residual = 2.235e+08
[07-02 12:13:48][DEBUG] jax_fem: DeviceProblem: computing Jacobian on device
[07-02 12:13:48][DEBUG] jax_fem: Function split_and_compute_cell took 0.0246 seconds
[07-02 12:13:48][DEBUG] jax_fem: CuDSSNewtonSolver: iter=1  res=1.584e-05  rel=7.090e-14
[07-02 12:13:48][INFO] jax_fem: CuDSSNewtonSolver: solve finished in 0.09s  res=1.584e-05
[07-02 12:13:48][DEBUG] jax_fem: CuDSSNewtonSolver: starting Newton loop
[07-02 12:13:48][DEBUG] jax_fem: DeviceProblem: computing Jacobian on device
[07-02 12:13:48][DEBUG] jax_fem: Function split_and_compute_cell took 0.0265 seconds
[07-02 12:13:48][DEBUG] jax_fem: CuDSSNewtonSolver: initial residual = 2.216e+08
[07-02 12:13:48][DEBUG] jax_fem: DeviceProblem: computing Jacobian on device
[07-02 12:13:48][DEBUG] jax_fem: Function split_and_compute_cell took 0.0263 seconds
[07-02 12:13:48][DEBUG] jax_fem: CuDSSNewtonSolver: iter=1  res=1.510e-05  rel=6.815e-14
[07-02 12:13:48][INFO] jax_fem: CuDSSNewtonSolver: solve finished in 0.09s  res=1.510e-05
[07-02 12:13:49][DEBUG] jax_fem: CuDSSNewtonSolver: starting Newton loop
[07-02 12:13:49][DEBUG] jax_fem: DeviceProblem: computing Jacobian on device
[07-02 12:13:49][DEBUG] jax_fem: Function split_and_compute_cell took 0.0268 seconds
[07-02 12:13:49][DEBUG] jax_fem: CuDSSNewtonSolver: initial residual = 2.211e+08
[07-02 12:13:49][DEBUG] jax_fem: DeviceProblem: computing Jacobian on device
[07-02 12:13:49][DEBUG] jax_fem: Function split_and_compute_cell took 0.0258 seconds
[07-02 12:13:49][DEBUG] jax_fem: CuDSSNewtonSolver: iter=1  res=1.573e-05  rel=7.118e-14
[07-02 12:13:49][INFO] jax_fem: CuDSSNewtonSolver: solve finished in 0.09s  res=1.573e-05
[07-02 12:13:49][DEBUG] jax_fem: CuDSSNewtonSolver: starting Newton loop
[07-02 12:13:49][DEBUG] jax_fem: DeviceProblem: computing Jacobian on device
[07-02 12:13:49][DEBUG] jax_fem: Function split_and_compute_cell took 0.0256 seconds
[07-02 12:13:49][DEBUG] jax_fem: CuDSSNewtonSolver: initial residual = 2.236e+08
[07-02 12:13:49][DEBUG] jax_fem: DeviceProblem: computing Jacobian on device
[07-02 12:13:49][DEBUG] jax_fem: Function split_and_compute_cell took 0.0268 seconds
[07-02 12:13:49][DEBUG] jax_fem: CuDSSNewtonSolver: iter=1  res=1.508e-05  rel=6.744e-14
[07-02 12:13:49][INFO] jax_fem: CuDSSNewtonSolver: solve finished in 0.09s  res=1.508e-05
[07-02 12:13:50][DEBUG] jax_fem: CuDSSNewtonSolver: starting Newton loop
[07-02 12:13:50][DEBUG] jax_fem: DeviceProblem: computing Jacobian on device
[07-02 12:13:50][DEBUG] jax_fem: Function split_and_compute_cell took 0.0265 seconds
[07-02 12:13:50][DEBUG] jax_fem: CuDSSNewtonSolver: initial residual = 2.223e+08
[07-02 12:13:50][DEBUG] jax_fem: DeviceProblem: computing Jacobian on device
[07-02 12:13:50][DEBUG] jax_fem: Function split_and_compute_cell took 0.0263 seconds
[07-02 12:13:50][DEBUG] jax_fem: CuDSSNewtonSolver: iter=1  res=1.359e-05  rel=6.112e-14
[07-02 12:13:50][INFO] jax_fem: CuDSSNewtonSolver: solve finished in 0.09s  res=1.359e-05
[07-02 12:13:50][INFO] jax_fem: CuDSS backward: solving adjoint problem …
[07-02 12:13:50][DEBUG] jax_fem: DeviceProblem: computing Jacobian on device
[07-02 12:13:50][DEBUG] jax_fem: Function split_and_compute_cell took 0.0303 seconds
[07-02 12:13:50][DEBUG] jax_fem: Computing cell residual...
[07-02 12:13:50][DEBUG] jax_fem: Function split_and_compute_cell took 0.0646 seconds
[07-02 12:13:50][INFO] jax_fem: CuDSS backward: solving adjoint problem …
[07-02 12:13:50][DEBUG] jax_fem: DeviceProblem: computing Jacobian on device
[07-02 12:13:50][DEBUG] jax_fem: Function split_and_compute_cell took 0.0401 seconds
[07-02 12:13:51][DEBUG] jax_fem: Computing cell residual...
[07-02 12:13:51][DEBUG] jax_fem: Function split_and_compute_cell took 0.0750 seconds
[07-02 12:13:51][INFO] jax_fem: CuDSS backward: solving adjoint problem …
[07-02 12:13:51][DEBUG] jax_fem: DeviceProblem: computing Jacobian on device
[07-02 12:13:51][DEBUG] jax_fem: Function split_and_compute_cell took 0.0391 seconds
[07-02 12:13:51][DEBUG] jax_fem: Computing cell residual...
[07-02 12:13:51][DEBUG] jax_fem: Function split_and_compute_cell took 0.0631 seconds
[07-02 12:13:51][INFO] jax_fem: CuDSS backward: solving adjoint problem …
[07-02 12:13:51][DEBUG] jax_fem: DeviceProblem: computing Jacobian on device
[07-02 12:13:51][DEBUG] jax_fem: Function split_and_compute_cell took 0.0317 seconds
[07-02 12:13:51][DEBUG] jax_fem: Computing cell residual...
[07-02 12:13:51][DEBUG] jax_fem: Function split_and_compute_cell took 0.0611 seconds
[07-02 12:13:52][INFO] jax_fem: CuDSS backward: solving adjoint problem …
[07-02 12:13:52][DEBUG] jax_fem: DeviceProblem: computing Jacobian on device
[07-02 12:13:52][DEBUG] jax_fem: Function split_and_compute_cell took 0.0402 seconds
[07-02 12:13:52][DEBUG] jax_fem: Computing cell residual...
[07-02 12:13:52][DEBUG] jax_fem: Function split_and_compute_cell took 0.0519 seconds
[07-02 12:13:53][DEBUG] jax_fem: CuDSSNewtonSolver: starting Newton loop
[07-02 12:13:53][DEBUG] jax_fem: DeviceProblem: computing Jacobian on device
[07-02 12:13:53][DEBUG] jax_fem: Function split_and_compute_cell took 0.0274 seconds
[07-02 12:13:53][DEBUG] jax_fem: CuDSSNewtonSolver: initial residual = 2.235e+08
[07-02 12:13:53][DEBUG] jax_fem: DeviceProblem: computing Jacobian on device
[07-02 12:13:53][DEBUG] jax_fem: Function split_and_compute_cell took 0.0424 seconds
[07-02 12:13:53][DEBUG] jax_fem: CuDSSNewtonSolver: iter=1  res=1.436e-05  rel=6.425e-14
[07-02 12:13:53][INFO] jax_fem: CuDSSNewtonSolver: solve finished in 0.11s  res=1.436e-05
[07-02 12:13:54][DEBUG] jax_fem: CuDSSNewtonSolver: starting Newton loop
[07-02 12:13:54][DEBUG] jax_fem: DeviceProblem: computing Jacobian on device
[07-02 12:13:54][DEBUG] jax_fem: Function split_and_compute_cell took 0.0451 seconds
[07-02 12:13:54][DEBUG] jax_fem: CuDSSNewtonSolver: initial residual = 2.216e+08
[07-02 12:13:54][DEBUG] jax_fem: DeviceProblem: computing Jacobian on device
[07-02 12:13:54][DEBUG] jax_fem: Function split_and_compute_cell took 0.0265 seconds
[07-02 12:13:54][DEBUG] jax_fem: CuDSSNewtonSolver: iter=1  res=1.575e-05  rel=7.105e-14
[07-02 12:13:54][INFO] jax_fem: CuDSSNewtonSolver: solve finished in 0.12s  res=1.575e-05
[07-02 12:13:54][DEBUG] jax_fem: CuDSSNewtonSolver: starting Newton loop
[07-02 12:13:54][DEBUG] jax_fem: DeviceProblem: computing Jacobian on device
[07-02 12:13:54][DEBUG] jax_fem: Function split_and_compute_cell took 0.0227 seconds
[07-02 12:13:54][DEBUG] jax_fem: CuDSSNewtonSolver: initial residual = 2.211e+08
[07-02 12:13:54][DEBUG] jax_fem: DeviceProblem: computing Jacobian on device
[07-02 12:13:54][DEBUG] jax_fem: Function split_and_compute_cell took 0.0368 seconds
[07-02 12:13:54][DEBUG] jax_fem: CuDSSNewtonSolver: iter=1  res=1.604e-05  rel=7.254e-14
[07-02 12:13:54][INFO] jax_fem: CuDSSNewtonSolver: solve finished in 0.10s  res=1.604e-05
[07-02 12:13:54][DEBUG] jax_fem: CuDSSNewtonSolver: starting Newton loop
[07-02 12:13:54][DEBUG] jax_fem: DeviceProblem: computing Jacobian on device
[07-02 12:13:54][DEBUG] jax_fem: Function split_and_compute_cell took 0.0272 seconds
[07-02 12:13:54][DEBUG] jax_fem: CuDSSNewtonSolver: initial residual = 2.236e+08
[07-02 12:13:54][DEBUG] jax_fem: DeviceProblem: computing Jacobian on device
[07-02 12:13:54][DEBUG] jax_fem: Function split_and_compute_cell took 0.0376 seconds
[07-02 12:13:54][DEBUG] jax_fem: CuDSSNewtonSolver: iter=1  res=1.629e-05  rel=7.282e-14
[07-02 12:13:54][INFO] jax_fem: CuDSSNewtonSolver: solve finished in 0.11s  res=1.629e-05
[07-02 12:13:55][DEBUG] jax_fem: CuDSSNewtonSolver: starting Newton loop
[07-02 12:13:55][DEBUG] jax_fem: DeviceProblem: computing Jacobian on device
[07-02 12:13:55][DEBUG] jax_fem: Function split_and_compute_cell took 0.0278 seconds
[07-02 12:13:55][DEBUG] jax_fem: CuDSSNewtonSolver: initial residual = 2.223e+08
[07-02 12:13:55][DEBUG] jax_fem: DeviceProblem: computing Jacobian on device
[07-02 12:13:55][DEBUG] jax_fem: Function split_and_compute_cell took 0.0322 seconds
[07-02 12:13:55][DEBUG] jax_fem: CuDSSNewtonSolver: iter=1  res=1.364e-05  rel=6.134e-14
[07-02 12:13:55][INFO] jax_fem: CuDSSNewtonSolver: solve finished in 0.10s  res=1.364e-05
[07-02 12:13:57][DEBUG] jax_fem: CuDSSNewtonSolver: starting Newton loop
[07-02 12:13:57][DEBUG] jax_fem: DeviceProblem: computing Jacobian on device
[07-02 12:13:57][DEBUG] jax_fem: Function split_and_compute_cell took 0.0265 seconds
[07-02 12:13:57][DEBUG] jax_fem: CuDSSNewtonSolver: initial residual = 2.235e+08
[07-02 12:13:57][DEBUG] jax_fem: DeviceProblem: computing Jacobian on device
[07-02 12:13:57][DEBUG] jax_fem: Function split_and_compute_cell took 0.0267 seconds
[07-02 12:13:57][DEBUG] jax_fem: CuDSSNewtonSolver: iter=1  res=1.455e-05  rel=6.510e-14
[07-02 12:13:57][INFO] jax_fem: CuDSSNewtonSolver: solve finished in 0.09s  res=1.455e-05
[07-02 12:13:57][DEBUG] jax_fem: CuDSSNewtonSolver: starting Newton loop
[07-02 12:13:57][DEBUG] jax_fem: DeviceProblem: computing Jacobian on device
[07-02 12:13:57][DEBUG] jax_fem: Function split_and_compute_cell took 0.0278 seconds
[07-02 12:13:57][DEBUG] jax_fem: CuDSSNewtonSolver: initial residual = 2.216e+08
[07-02 12:13:57][DEBUG] jax_fem: DeviceProblem: computing Jacobian on device
[07-02 12:13:57][DEBUG] jax_fem: Function split_and_compute_cell took 0.0265 seconds
[07-02 12:13:57][DEBUG] jax_fem: CuDSSNewtonSolver: iter=1  res=1.528e-05  rel=6.896e-14
[07-02 12:13:57][INFO] jax_fem: CuDSSNewtonSolver: solve finished in 0.09s  res=1.528e-05
[07-02 12:13:58][DEBUG] jax_fem: CuDSSNewtonSolver: starting Newton loop
[07-02 12:13:58][DEBUG] jax_fem: DeviceProblem: computing Jacobian on device
[07-02 12:13:58][DEBUG] jax_fem: Function split_and_compute_cell took 0.0273 seconds
[07-02 12:13:58][DEBUG] jax_fem: CuDSSNewtonSolver: initial residual = 2.211e+08
[07-02 12:13:58][DEBUG] jax_fem: DeviceProblem: computing Jacobian on device
[07-02 12:13:58][DEBUG] jax_fem: Function split_and_compute_cell took 0.0280 seconds
[07-02 12:13:58][DEBUG] jax_fem: CuDSSNewtonSolver: iter=1  res=1.637e-05  rel=7.407e-14
[07-02 12:13:58][INFO] jax_fem: CuDSSNewtonSolver: solve finished in 0.09s  res=1.637e-05
[07-02 12:13:58][DEBUG] jax_fem: CuDSSNewtonSolver: starting Newton loop
[07-02 12:13:58][DEBUG] jax_fem: DeviceProblem: computing Jacobian on device
[07-02 12:13:59][DEBUG] jax_fem: Function split_and_compute_cell took 0.0281 seconds
[07-02 12:13:59][DEBUG] jax_fem: CuDSSNewtonSolver: initial residual = 2.236e+08
[07-02 12:13:59][DEBUG] jax_fem: DeviceProblem: computing Jacobian on device
[07-02 12:13:59][DEBUG] jax_fem: Function split_and_compute_cell took 0.0257 seconds
[07-02 12:13:59][DEBUG] jax_fem: CuDSSNewtonSolver: iter=1  res=1.546e-05  rel=6.911e-14
[07-02 12:13:59][INFO] jax_fem: CuDSSNewtonSolver: solve finished in 0.09s  res=1.546e-05
[07-02 12:13:59][DEBUG] jax_fem: CuDSSNewtonSolver: starting Newton loop
[07-02 12:13:59][DEBUG] jax_fem: DeviceProblem: computing Jacobian on device
[07-02 12:13:59][DEBUG] jax_fem: Function split_and_compute_cell took 0.0263 seconds
[07-02 12:13:59][DEBUG] jax_fem: CuDSSNewtonSolver: initial residual = 2.223e+08
[07-02 12:13:59][DEBUG] jax_fem: DeviceProblem: computing Jacobian on device
[07-02 12:13:59][DEBUG] jax_fem: Function split_and_compute_cell took 0.0262 seconds
[07-02 12:13:59][DEBUG] jax_fem: CuDSSNewtonSolver: iter=1  res=1.320e-05  rel=5.935e-14
[07-02 12:13:59][INFO] jax_fem: CuDSSNewtonSolver: solve finished in 0.09s  res=1.320e-05
[07-02 12:13:59][INFO] jax_fem: CuDSS backward: solving adjoint problem …
[07-02 12:13:59][DEBUG] jax_fem: DeviceProblem: computing Jacobian on device
[07-02 12:13:59][DEBUG] jax_fem: Function split_and_compute_cell took 0.0248 seconds
[07-02 12:13:59][DEBUG] jax_fem: Computing cell residual...
[07-02 12:13:59][DEBUG] jax_fem: Function split_and_compute_cell took 0.0608 seconds
[07-02 12:14:00][INFO] jax_fem: CuDSS backward: solving adjoint problem …
[07-02 12:14:00][DEBUG] jax_fem: DeviceProblem: computing Jacobian on device
[07-02 12:14:00][DEBUG] jax_fem: Function split_and_compute_cell took 0.0318 seconds
[07-02 12:14:00][DEBUG] jax_fem: Computing cell residual...
[07-02 12:14:00][DEBUG] jax_fem: Function split_and_compute_cell took 0.0638 seconds
[07-02 12:14:00][INFO] jax_fem: CuDSS backward: solving adjoint problem …
[07-02 12:14:00][DEBUG] jax_fem: DeviceProblem: computing Jacobian on device
[07-02 12:14:00][DEBUG] jax_fem: Function split_and_compute_cell took 0.0285 seconds
[07-02 12:14:00][DEBUG] jax_fem: Computing cell residual...
[07-02 12:14:00][DEBUG] jax_fem: Function split_and_compute_cell took 0.0562 seconds
[07-02 12:14:00][INFO] jax_fem: CuDSS backward: solving adjoint problem …
[07-02 12:14:00][DEBUG] jax_fem: DeviceProblem: computing Jacobian on device
[07-02 12:14:00][DEBUG] jax_fem: Function split_and_compute_cell took 0.0376 seconds
[07-02 12:14:00][DEBUG] jax_fem: Computing cell residual...
[07-02 12:14:01][DEBUG] jax_fem: Function split_and_compute_cell took 0.0663 seconds
[07-02 12:14:01][INFO] jax_fem: CuDSS backward: solving adjoint problem …
[07-02 12:14:01][DEBUG] jax_fem: DeviceProblem: computing Jacobian on device
[07-02 12:14:01][DEBUG] jax_fem: Function split_and_compute_cell took 0.0270 seconds
[07-02 12:14:01][DEBUG] jax_fem: Computing cell residual...
[07-02 12:14:01][DEBUG] jax_fem: Function split_and_compute_cell took 0.0625 seconds
[07-02 12:14:03][DEBUG] jax_fem: CuDSSNewtonSolver: starting Newton loop
[07-02 12:14:03][DEBUG] jax_fem: DeviceProblem: computing Jacobian on device
[07-02 12:14:03][DEBUG] jax_fem: Function split_and_compute_cell took 0.0443 seconds
[07-02 12:14:03][DEBUG] jax_fem: CuDSSNewtonSolver: initial residual = 2.235e+08
[07-02 12:14:03][DEBUG] jax_fem: DeviceProblem: computing Jacobian on device
[07-02 12:14:03][DEBUG] jax_fem: Function split_and_compute_cell took 0.0336 seconds
[07-02 12:14:03][DEBUG] jax_fem: CuDSSNewtonSolver: iter=1  res=1.564e-05  rel=6.998e-14
[07-02 12:14:03][INFO] jax_fem: CuDSSNewtonSolver: solve finished in 0.12s  res=1.564e-05
[07-02 12:14:03][DEBUG] jax_fem: CuDSSNewtonSolver: starting Newton loop
[07-02 12:14:03][DEBUG] jax_fem: DeviceProblem: computing Jacobian on device
[07-02 12:14:03][DEBUG] jax_fem: Function split_and_compute_cell took 0.0266 seconds
[07-02 12:14:03][DEBUG] jax_fem: CuDSSNewtonSolver: initial residual = 2.216e+08
[07-02 12:14:03][DEBUG] jax_fem: DeviceProblem: computing Jacobian on device
[07-02 12:14:03][DEBUG] jax_fem: Function split_and_compute_cell took 0.0279 seconds
[07-02 12:14:03][DEBUG] jax_fem: CuDSSNewtonSolver: iter=1  res=1.514e-05  rel=6.832e-14
[07-02 12:14:03][INFO] jax_fem: CuDSSNewtonSolver: solve finished in 0.10s  res=1.514e-05
[07-02 12:14:03][DEBUG] jax_fem: CuDSSNewtonSolver: starting Newton loop
[07-02 12:14:03][DEBUG] jax_fem: DeviceProblem: computing Jacobian on device
[07-02 12:14:03][DEBUG] jax_fem: Function split_and_compute_cell took 0.0337 seconds
[07-02 12:14:03][DEBUG] jax_fem: CuDSSNewtonSolver: initial residual = 2.211e+08
[07-02 12:14:03][DEBUG] jax_fem: DeviceProblem: computing Jacobian on device
[07-02 12:14:03][DEBUG] jax_fem: Function split_and_compute_cell took 0.0388 seconds
[07-02 12:14:03][DEBUG] jax_fem: CuDSSNewtonSolver: iter=1  res=1.663e-05  rel=7.523e-14
[07-02 12:14:03][INFO] jax_fem: CuDSSNewtonSolver: solve finished in 0.12s  res=1.663e-05
[07-02 12:14:04][DEBUG] jax_fem: CuDSSNewtonSolver: starting Newton loop
[07-02 12:14:04][DEBUG] jax_fem: DeviceProblem: computing Jacobian on device
[07-02 12:14:04][DEBUG] jax_fem: Function split_and_compute_cell took 0.0286 seconds
[07-02 12:14:04][DEBUG] jax_fem: CuDSSNewtonSolver: initial residual = 2.236e+08
[07-02 12:14:04][DEBUG] jax_fem: DeviceProblem: computing Jacobian on device
[07-02 12:14:04][DEBUG] jax_fem: Function split_and_compute_cell took 0.0356 seconds
[07-02 12:14:04][DEBUG] jax_fem: CuDSSNewtonSolver: iter=1  res=1.503e-05  rel=6.722e-14
[07-02 12:14:04][INFO] jax_fem: CuDSSNewtonSolver: solve finished in 0.11s  res=1.503e-05
[07-02 12:14:04][DEBUG] jax_fem: CuDSSNewtonSolver: starting Newton loop
[07-02 12:14:04][DEBUG] jax_fem: DeviceProblem: computing Jacobian on device
[07-02 12:14:04][DEBUG] jax_fem: Function split_and_compute_cell took 0.0310 seconds
[07-02 12:14:04][DEBUG] jax_fem: CuDSSNewtonSolver: initial residual = 2.223e+08
[07-02 12:14:04][DEBUG] jax_fem: DeviceProblem: computing Jacobian on device
[07-02 12:14:04][DEBUG] jax_fem: Function split_and_compute_cell took 0.0264 seconds
[07-02 12:14:04][DEBUG] jax_fem: CuDSSNewtonSolver: iter=1  res=1.292e-05  rel=5.812e-14
[07-02 12:14:04][INFO] jax_fem: CuDSSNewtonSolver: solve finished in 0.10s  res=1.292e-05
[07-02 12:14:06][DEBUG] jax_fem: CuDSSNewtonSolver: starting Newton loop
[07-02 12:14:06][DEBUG] jax_fem: DeviceProblem: computing Jacobian on device
[07-02 12:14:06][DEBUG] jax_fem: Function split_and_compute_cell took 0.0266 seconds
[07-02 12:14:06][DEBUG] jax_fem: CuDSSNewtonSolver: initial residual = 2.235e+08
[07-02 12:14:06][DEBUG] jax_fem: DeviceProblem: computing Jacobian on device
[07-02 12:14:06][DEBUG] jax_fem: Function split_and_compute_cell took 0.0270 seconds
[07-02 12:14:06][DEBUG] jax_fem: CuDSSNewtonSolver: iter=1  res=1.484e-05  rel=6.638e-14
[07-02 12:14:06][INFO] jax_fem: CuDSSNewtonSolver: solve finished in 0.09s  res=1.484e-05
[07-02 12:14:06][DEBUG] jax_fem: CuDSSNewtonSolver: starting Newton loop
[07-02 12:14:06][DEBUG] jax_fem: DeviceProblem: computing Jacobian on device
[07-02 12:14:06][DEBUG] jax_fem: Function split_and_compute_cell took 0.0268 seconds
[07-02 12:14:06][DEBUG] jax_fem: CuDSSNewtonSolver: initial residual = 2.216e+08
[07-02 12:14:06][DEBUG] jax_fem: DeviceProblem: computing Jacobian on device
[07-02 12:14:06][DEBUG] jax_fem: Function split_and_compute_cell took 0.0279 seconds
[07-02 12:14:06][DEBUG] jax_fem: CuDSSNewtonSolver: iter=1  res=1.481e-05  rel=6.681e-14
[07-02 12:14:06][INFO] jax_fem: CuDSSNewtonSolver: solve finished in 0.09s  res=1.481e-05
[07-02 12:14:07][DEBUG] jax_fem: CuDSSNewtonSolver: starting Newton loop
[07-02 12:14:07][DEBUG] jax_fem: DeviceProblem: computing Jacobian on device
[07-02 12:14:07][DEBUG] jax_fem: Function split_and_compute_cell took 0.0272 seconds
[07-02 12:14:07][DEBUG] jax_fem: CuDSSNewtonSolver: initial residual = 2.211e+08
[07-02 12:14:07][DEBUG] jax_fem: DeviceProblem: computing Jacobian on device
[07-02 12:14:07][DEBUG] jax_fem: Function split_and_compute_cell took 0.0260 seconds
[07-02 12:14:07][DEBUG] jax_fem: CuDSSNewtonSolver: iter=1  res=1.712e-05  rel=7.744e-14
[07-02 12:14:07][INFO] jax_fem: CuDSSNewtonSolver: solve finished in 0.09s  res=1.712e-05
[07-02 12:14:08][DEBUG] jax_fem: CuDSSNewtonSolver: starting Newton loop
[07-02 12:14:08][DEBUG] jax_fem: DeviceProblem: computing Jacobian on device
[07-02 12:14:08][DEBUG] jax_fem: Function split_and_compute_cell took 0.0270 seconds
[07-02 12:14:08][DEBUG] jax_fem: CuDSSNewtonSolver: initial residual = 2.236e+08
[07-02 12:14:08][DEBUG] jax_fem: DeviceProblem: computing Jacobian on device
[07-02 12:14:08][DEBUG] jax_fem: Function split_and_compute_cell took 0.0264 seconds
[07-02 12:14:08][DEBUG] jax_fem: CuDSSNewtonSolver: iter=1  res=1.573e-05  rel=7.031e-14
[07-02 12:14:08][INFO] jax_fem: CuDSSNewtonSolver: solve finished in 0.09s  res=1.573e-05
[07-02 12:14:08][DEBUG] jax_fem: CuDSSNewtonSolver: starting Newton loop
[07-02 12:14:08][DEBUG] jax_fem: DeviceProblem: computing Jacobian on device
[07-02 12:14:08][DEBUG] jax_fem: Function split_and_compute_cell took 0.0284 seconds
[07-02 12:14:08][DEBUG] jax_fem: CuDSSNewtonSolver: initial residual = 2.223e+08
[07-02 12:14:08][DEBUG] jax_fem: DeviceProblem: computing Jacobian on device
[07-02 12:14:08][DEBUG] jax_fem: Function split_and_compute_cell took 0.0272 seconds
[07-02 12:14:08][DEBUG] jax_fem: CuDSSNewtonSolver: iter=1  res=1.339e-05  rel=6.021e-14
[07-02 12:14:08][INFO] jax_fem: CuDSSNewtonSolver: solve finished in 0.09s  res=1.339e-05
[07-02 12:14:09][INFO] jax_fem: CuDSS backward: solving adjoint problem …
[07-02 12:14:09][DEBUG] jax_fem: DeviceProblem: computing Jacobian on device
[07-02 12:14:09][DEBUG] jax_fem: Function split_and_compute_cell took 0.0245 seconds
[07-02 12:14:09][DEBUG] jax_fem: Computing cell residual...
[07-02 12:14:09][DEBUG] jax_fem: Function split_and_compute_cell took 0.0682 seconds
[07-02 12:14:09][INFO] jax_fem: CuDSS backward: solving adjoint problem …
[07-02 12:14:09][DEBUG] jax_fem: DeviceProblem: computing Jacobian on device
[07-02 12:14:09][DEBUG] jax_fem: Function split_and_compute_cell took 0.0237 seconds
[07-02 12:14:09][DEBUG] jax_fem: Computing cell residual...
[07-02 12:14:09][DEBUG] jax_fem: Function split_and_compute_cell took 0.0669 seconds
[07-02 12:14:09][INFO] jax_fem: CuDSS backward: solving adjoint problem …
[07-02 12:14:09][DEBUG] jax_fem: DeviceProblem: computing Jacobian on device
[07-02 12:14:09][DEBUG] jax_fem: Function split_and_compute_cell took 0.0316 seconds
[07-02 12:14:09][DEBUG] jax_fem: Computing cell residual...
[07-02 12:14:09][DEBUG] jax_fem: Function split_and_compute_cell took 0.0543 seconds
[07-02 12:14:10][INFO] jax_fem: CuDSS backward: solving adjoint problem …
[07-02 12:14:10][DEBUG] jax_fem: DeviceProblem: computing Jacobian on device
[07-02 12:14:10][DEBUG] jax_fem: Function split_and_compute_cell took 0.0267 seconds
[07-02 12:14:10][DEBUG] jax_fem: Computing cell residual...
[07-02 12:14:10][DEBUG] jax_fem: Function split_and_compute_cell took 0.0529 seconds
[07-02 12:14:10][INFO] jax_fem: CuDSS backward: solving adjoint problem …
[07-02 12:14:10][DEBUG] jax_fem: DeviceProblem: computing Jacobian on device
[07-02 12:14:10][DEBUG] jax_fem: Function split_and_compute_cell took 0.0346 seconds
[07-02 12:14:10][DEBUG] jax_fem: Computing cell residual...
[07-02 12:14:10][DEBUG] jax_fem: Function split_and_compute_cell took 0.0612 seconds
[07-02 12:14:12][DEBUG] jax_fem: CuDSSNewtonSolver: starting Newton loop
[07-02 12:14:12][DEBUG] jax_fem: DeviceProblem: computing Jacobian on device
[07-02 12:14:12][DEBUG] jax_fem: Function split_and_compute_cell took 0.0392 seconds
[07-02 12:14:12][DEBUG] jax_fem: CuDSSNewtonSolver: initial residual = 2.235e+08
[07-02 12:14:12][DEBUG] jax_fem: DeviceProblem: computing Jacobian on device
[07-02 12:14:12][DEBUG] jax_fem: Function split_and_compute_cell took 0.0257 seconds
[07-02 12:14:12][DEBUG] jax_fem: CuDSSNewtonSolver: iter=1  res=1.584e-05  rel=7.086e-14
[07-02 12:14:12][INFO] jax_fem: CuDSSNewtonSolver: solve finished in 0.10s  res=1.584e-05
[07-02 12:14:12][DEBUG] jax_fem: CuDSSNewtonSolver: starting Newton loop
[07-02 12:14:12][DEBUG] jax_fem: DeviceProblem: computing Jacobian on device
[07-02 12:14:12][DEBUG] jax_fem: Function split_and_compute_cell took 0.0324 seconds
[07-02 12:14:12][DEBUG] jax_fem: CuDSSNewtonSolver: initial residual = 2.216e+08
[07-02 12:14:12][DEBUG] jax_fem: DeviceProblem: computing Jacobian on device
[07-02 12:14:12][DEBUG] jax_fem: Function split_and_compute_cell took 0.0277 seconds
[07-02 12:14:12][DEBUG] jax_fem: CuDSSNewtonSolver: iter=1  res=1.586e-05  rel=7.155e-14
[07-02 12:14:12][INFO] jax_fem: CuDSSNewtonSolver: solve finished in 0.10s  res=1.586e-05
[07-02 12:14:12][DEBUG] jax_fem: CuDSSNewtonSolver: starting Newton loop
[07-02 12:14:12][DEBUG] jax_fem: DeviceProblem: computing Jacobian on device
[07-02 12:14:12][DEBUG] jax_fem: Function split_and_compute_cell took 0.0260 seconds
[07-02 12:14:12][DEBUG] jax_fem: CuDSSNewtonSolver: initial residual = 2.211e+08
[07-02 12:14:12][DEBUG] jax_fem: DeviceProblem: computing Jacobian on device
[07-02 12:14:12][DEBUG] jax_fem: Function split_and_compute_cell took 0.0463 seconds
[07-02 12:14:12][DEBUG] jax_fem: CuDSSNewtonSolver: iter=1  res=1.659e-05  rel=7.505e-14
[07-02 12:14:12][INFO] jax_fem: CuDSSNewtonSolver: solve finished in 0.11s  res=1.659e-05
[07-02 12:14:13][DEBUG] jax_fem: CuDSSNewtonSolver: starting Newton loop
[07-02 12:14:13][DEBUG] jax_fem: DeviceProblem: computing Jacobian on device
[07-02 12:14:13][DEBUG] jax_fem: Function split_and_compute_cell took 0.0439 seconds
[07-02 12:14:13][DEBUG] jax_fem: CuDSSNewtonSolver: initial residual = 2.236e+08
[07-02 12:14:13][DEBUG] jax_fem: DeviceProblem: computing Jacobian on device
[07-02 12:14:13][DEBUG] jax_fem: Function split_and_compute_cell took 0.0440 seconds
[07-02 12:14:13][DEBUG] jax_fem: CuDSSNewtonSolver: iter=1  res=1.530e-05  rel=6.843e-14
[07-02 12:14:13][INFO] jax_fem: CuDSSNewtonSolver: solve finished in 0.13s  res=1.530e-05
[07-02 12:14:13][DEBUG] jax_fem: CuDSSNewtonSolver: starting Newton loop
[07-02 12:14:13][DEBUG] jax_fem: DeviceProblem: computing Jacobian on device
[07-02 12:14:13][DEBUG] jax_fem: Function split_and_compute_cell took 0.0302 seconds
[07-02 12:14:13][DEBUG] jax_fem: CuDSSNewtonSolver: initial residual = 2.223e+08
[07-02 12:14:13][DEBUG] jax_fem: DeviceProblem: computing Jacobian on device
[07-02 12:14:13][DEBUG] jax_fem: Function split_and_compute_cell took 0.0304 seconds
[07-02 12:14:13][DEBUG] jax_fem: CuDSSNewtonSolver: iter=1  res=1.358e-05  rel=6.107e-14
[07-02 12:14:13][INFO] jax_fem: CuDSSNewtonSolver: solve finished in 0.10s  res=1.358e-05
[07-02 12:14:15][DEBUG] jax_fem: CuDSSNewtonSolver: starting Newton loop
[07-02 12:14:15][DEBUG] jax_fem: DeviceProblem: computing Jacobian on device
[07-02 12:14:15][DEBUG] jax_fem: Function split_and_compute_cell took 0.0259 seconds
[07-02 12:14:15][DEBUG] jax_fem: CuDSSNewtonSolver: initial residual = 2.235e+08
[07-02 12:14:15][DEBUG] jax_fem: DeviceProblem: computing Jacobian on device
[07-02 12:14:15][DEBUG] jax_fem: Function split_and_compute_cell took 0.0281 seconds
[07-02 12:14:15][DEBUG] jax_fem: CuDSSNewtonSolver: iter=1  res=1.506e-05  rel=6.737e-14
[07-02 12:14:15][INFO] jax_fem: CuDSSNewtonSolver: solve finished in 0.09s  res=1.506e-05
[07-02 12:14:15][DEBUG] jax_fem: CuDSSNewtonSolver: starting Newton loop
[07-02 12:14:15][DEBUG] jax_fem: DeviceProblem: computing Jacobian on device
[07-02 12:14:15][DEBUG] jax_fem: Function split_and_compute_cell took 0.0263 seconds
[07-02 12:14:15][DEBUG] jax_fem: CuDSSNewtonSolver: initial residual = 2.216e+08
[07-02 12:14:15][DEBUG] jax_fem: DeviceProblem: computing Jacobian on device
[07-02 12:14:16][DEBUG] jax_fem: Function split_and_compute_cell took 0.0271 seconds
[07-02 12:14:16][DEBUG] jax_fem: CuDSSNewtonSolver: iter=1  res=1.601e-05  rel=7.225e-14
[07-02 12:14:16][INFO] jax_fem: CuDSSNewtonSolver: solve finished in 0.09s  res=1.601e-05
[07-02 12:14:16][DEBUG] jax_fem: CuDSSNewtonSolver: starting Newton loop
[07-02 12:14:16][DEBUG] jax_fem: DeviceProblem: computing Jacobian on device
[07-02 12:14:16][DEBUG] jax_fem: Function split_and_compute_cell took 0.0269 seconds
[07-02 12:14:16][DEBUG] jax_fem: CuDSSNewtonSolver: initial residual = 2.211e+08
[07-02 12:14:16][DEBUG] jax_fem: DeviceProblem: computing Jacobian on device
[07-02 12:14:16][DEBUG] jax_fem: Function split_and_compute_cell took 0.0258 seconds
[07-02 12:14:16][DEBUG] jax_fem: CuDSSNewtonSolver: iter=1  res=1.675e-05  rel=7.577e-14
[07-02 12:14:16][INFO] jax_fem: CuDSSNewtonSolver: solve finished in 0.09s  res=1.675e-05
[07-02 12:14:17][DEBUG] jax_fem: CuDSSNewtonSolver: starting Newton loop
[07-02 12:14:17][DEBUG] jax_fem: DeviceProblem: computing Jacobian on device
[07-02 12:14:17][DEBUG] jax_fem: Function split_and_compute_cell took 0.0268 seconds
[07-02 12:14:17][DEBUG] jax_fem: CuDSSNewtonSolver: initial residual = 2.236e+08
[07-02 12:14:17][DEBUG] jax_fem: DeviceProblem: computing Jacobian on device
[07-02 12:14:17][DEBUG] jax_fem: Function split_and_compute_cell took 0.0265 seconds
[07-02 12:14:17][DEBUG] jax_fem: CuDSSNewtonSolver: iter=1  res=1.631e-05  rel=7.292e-14
[07-02 12:14:17][INFO] jax_fem: CuDSSNewtonSolver: solve finished in 0.09s  res=1.631e-05
[07-02 12:14:17][DEBUG] jax_fem: CuDSSNewtonSolver: starting Newton loop
[07-02 12:14:17][DEBUG] jax_fem: DeviceProblem: computing Jacobian on device
[07-02 12:14:17][DEBUG] jax_fem: Function split_and_compute_cell took 0.0262 seconds
[07-02 12:14:17][DEBUG] jax_fem: CuDSSNewtonSolver: initial residual = 2.223e+08
[07-02 12:14:17][DEBUG] jax_fem: DeviceProblem: computing Jacobian on device
[07-02 12:14:17][DEBUG] jax_fem: Function split_and_compute_cell took 0.0269 seconds
[07-02 12:14:17][DEBUG] jax_fem: CuDSSNewtonSolver: iter=1  res=1.361e-05  rel=6.120e-14
[07-02 12:14:17][INFO] jax_fem: CuDSSNewtonSolver: solve finished in 0.09s  res=1.361e-05
[07-02 12:14:17][INFO] jax_fem: CuDSS backward: solving adjoint problem …
[07-02 12:14:17][DEBUG] jax_fem: DeviceProblem: computing Jacobian on device
[07-02 12:14:17][DEBUG] jax_fem: Function split_and_compute_cell took 0.0321 seconds
[07-02 12:14:17][DEBUG] jax_fem: Computing cell residual...
[07-02 12:14:18][DEBUG] jax_fem: Function split_and_compute_cell took 0.0560 seconds
[07-02 12:14:18][INFO] jax_fem: CuDSS backward: solving adjoint problem …
[07-02 12:14:18][DEBUG] jax_fem: DeviceProblem: computing Jacobian on device
[07-02 12:14:18][DEBUG] jax_fem: Function split_and_compute_cell took 0.0302 seconds
[07-02 12:14:18][DEBUG] jax_fem: Computing cell residual...
[07-02 12:14:18][DEBUG] jax_fem: Function split_and_compute_cell took 0.0508 seconds
[07-02 12:14:18][INFO] jax_fem: CuDSS backward: solving adjoint problem …
[07-02 12:14:18][DEBUG] jax_fem: DeviceProblem: computing Jacobian on device
[07-02 12:14:18][DEBUG] jax_fem: Function split_and_compute_cell took 0.0323 seconds
[07-02 12:14:18][DEBUG] jax_fem: Computing cell residual...
[07-02 12:14:18][DEBUG] jax_fem: Function split_and_compute_cell took 0.0707 seconds
[07-02 12:14:19][INFO] jax_fem: CuDSS backward: solving adjoint problem …
[07-02 12:14:19][DEBUG] jax_fem: DeviceProblem: computing Jacobian on device
[07-02 12:14:19][DEBUG] jax_fem: Function split_and_compute_cell took 0.0276 seconds
[07-02 12:14:19][DEBUG] jax_fem: Computing cell residual...
[07-02 12:14:19][DEBUG] jax_fem: Function split_and_compute_cell took 0.0560 seconds
[07-02 12:14:19][INFO] jax_fem: CuDSS backward: solving adjoint problem …
[07-02 12:14:19][DEBUG] jax_fem: DeviceProblem: computing Jacobian on device
[07-02 12:14:19][DEBUG] jax_fem: Function split_and_compute_cell took 0.0341 seconds
[07-02 12:14:19][DEBUG] jax_fem: Computing cell residual...
[07-02 12:14:19][DEBUG] jax_fem: Function split_and_compute_cell took 0.0639 seconds
[07-02 12:14:21][DEBUG] jax_fem: CuDSSNewtonSolver: starting Newton loop
[07-02 12:14:21][DEBUG] jax_fem: DeviceProblem: computing Jacobian on device
[07-02 12:14:21][DEBUG] jax_fem: Function split_and_compute_cell took 0.0313 seconds
[07-02 12:14:21][DEBUG] jax_fem: CuDSSNewtonSolver: initial residual = 2.235e+08
[07-02 12:14:21][DEBUG] jax_fem: DeviceProblem: computing Jacobian on device
[07-02 12:14:21][DEBUG] jax_fem: Function split_and_compute_cell took 0.0348 seconds
[07-02 12:14:21][DEBUG] jax_fem: CuDSSNewtonSolver: iter=1  res=1.567e-05  rel=7.013e-14
[07-02 12:14:21][INFO] jax_fem: CuDSSNewtonSolver: solve finished in 0.11s  res=1.567e-05
[07-02 12:14:21][DEBUG] jax_fem: CuDSSNewtonSolver: starting Newton loop
[07-02 12:14:21][DEBUG] jax_fem: DeviceProblem: computing Jacobian on device
[07-02 12:14:21][DEBUG] jax_fem: Function split_and_compute_cell took 0.0266 seconds
[07-02 12:14:21][DEBUG] jax_fem: CuDSSNewtonSolver: initial residual = 2.216e+08
[07-02 12:14:21][DEBUG] jax_fem: DeviceProblem: computing Jacobian on device
[07-02 12:14:21][DEBUG] jax_fem: Function split_and_compute_cell took 0.0398 seconds
[07-02 12:14:21][DEBUG] jax_fem: CuDSSNewtonSolver: iter=1  res=1.569e-05  rel=7.080e-14
[07-02 12:14:21][INFO] jax_fem: CuDSSNewtonSolver: solve finished in 0.11s  res=1.569e-05
[07-02 12:14:21][DEBUG] jax_fem: CuDSSNewtonSolver: starting Newton loop
[07-02 12:14:21][DEBUG] jax_fem: DeviceProblem: computing Jacobian on device
[07-02 12:14:21][DEBUG] jax_fem: Function split_and_compute_cell took 0.0368 seconds
[07-02 12:14:21][DEBUG] jax_fem: CuDSSNewtonSolver: initial residual = 2.211e+08
[07-02 12:14:21][DEBUG] jax_fem: DeviceProblem: computing Jacobian on device
[07-02 12:14:22][DEBUG] jax_fem: Function split_and_compute_cell took 0.0403 seconds
[07-02 12:14:22][DEBUG] jax_fem: CuDSSNewtonSolver: iter=1  res=1.572e-05  rel=7.112e-14
[07-02 12:14:22][INFO] jax_fem: CuDSSNewtonSolver: solve finished in 0.12s  res=1.572e-05
[07-02 12:14:22][DEBUG] jax_fem: CuDSSNewtonSolver: starting Newton loop
[07-02 12:14:22][DEBUG] jax_fem: DeviceProblem: computing Jacobian on device
[07-02 12:14:22][DEBUG] jax_fem: Function split_and_compute_cell took 0.0473 seconds
[07-02 12:14:22][DEBUG] jax_fem: CuDSSNewtonSolver: initial residual = 2.236e+08
[07-02 12:14:22][DEBUG] jax_fem: DeviceProblem: computing Jacobian on device
[07-02 12:14:22][DEBUG] jax_fem: Function split_and_compute_cell took 0.0413 seconds
[07-02 12:14:22][DEBUG] jax_fem: CuDSSNewtonSolver: iter=1  res=1.589e-05  rel=7.104e-14
[07-02 12:14:22][INFO] jax_fem: CuDSSNewtonSolver: solve finished in 0.13s  res=1.589e-05
[07-02 12:14:22][DEBUG] jax_fem: CuDSSNewtonSolver: starting Newton loop
[07-02 12:14:22][DEBUG] jax_fem: DeviceProblem: computing Jacobian on device
[07-02 12:14:22][DEBUG] jax_fem: Function split_and_compute_cell took 0.0527 seconds
[07-02 12:14:22][DEBUG] jax_fem: CuDSSNewtonSolver: initial residual = 2.223e+08
[07-02 12:14:22][DEBUG] jax_fem: DeviceProblem: computing Jacobian on device
[07-02 12:14:22][DEBUG] jax_fem: Function split_and_compute_cell took 0.0360 seconds
[07-02 12:14:22][DEBUG] jax_fem: CuDSSNewtonSolver: iter=1  res=1.396e-05  rel=6.277e-14
[07-02 12:14:22][INFO] jax_fem: CuDSSNewtonSolver: solve finished in 0.13s  res=1.396e-05
[07-02 12:14:24][DEBUG] jax_fem: CuDSSNewtonSolver: starting Newton loop
[07-02 12:14:24][DEBUG] jax_fem: DeviceProblem: computing Jacobian on device
[07-02 12:14:24][DEBUG] jax_fem: Function split_and_compute_cell took 0.0275 seconds
[07-02 12:14:24][DEBUG] jax_fem: CuDSSNewtonSolver: initial residual = 2.235e+08
[07-02 12:14:24][DEBUG] jax_fem: DeviceProblem: computing Jacobian on device
[07-02 12:14:24][DEBUG] jax_fem: Function split_and_compute_cell took 0.0282 seconds
[07-02 12:14:24][DEBUG] jax_fem: CuDSSNewtonSolver: iter=1  res=1.595e-05  rel=7.138e-14
[07-02 12:14:24][INFO] jax_fem: CuDSSNewtonSolver: solve finished in 0.09s  res=1.595e-05
[07-02 12:14:25][DEBUG] jax_fem: CuDSSNewtonSolver: starting Newton loop
[07-02 12:14:25][DEBUG] jax_fem: DeviceProblem: computing Jacobian on device
[07-02 12:14:25][DEBUG] jax_fem: Function split_and_compute_cell took 0.0274 seconds
[07-02 12:14:25][DEBUG] jax_fem: CuDSSNewtonSolver: initial residual = 2.216e+08
[07-02 12:14:25][DEBUG] jax_fem: DeviceProblem: computing Jacobian on device
[07-02 12:14:25][DEBUG] jax_fem: Function split_and_compute_cell took 0.0266 seconds
[07-02 12:14:25][DEBUG] jax_fem: CuDSSNewtonSolver: iter=1  res=1.559e-05  rel=7.035e-14
[07-02 12:14:25][INFO] jax_fem: CuDSSNewtonSolver: solve finished in 0.09s  res=1.559e-05
[07-02 12:14:25][DEBUG] jax_fem: CuDSSNewtonSolver: starting Newton loop
[07-02 12:14:25][DEBUG] jax_fem: DeviceProblem: computing Jacobian on device
[07-02 12:14:25][DEBUG] jax_fem: Function split_and_compute_cell took 0.0285 seconds
[07-02 12:14:25][DEBUG] jax_fem: CuDSSNewtonSolver: initial residual = 2.211e+08
[07-02 12:14:25][DEBUG] jax_fem: DeviceProblem: computing Jacobian on device
[07-02 12:14:25][DEBUG] jax_fem: Function split_and_compute_cell took 0.0268 seconds
[07-02 12:14:25][DEBUG] jax_fem: CuDSSNewtonSolver: iter=1  res=1.540e-05  rel=6.965e-14
[07-02 12:14:25][INFO] jax_fem: CuDSSNewtonSolver: solve finished in 0.09s  res=1.540e-05
[07-02 12:14:26][DEBUG] jax_fem: CuDSSNewtonSolver: starting Newton loop
[07-02 12:14:26][DEBUG] jax_fem: DeviceProblem: computing Jacobian on device
[07-02 12:14:26][DEBUG] jax_fem: Function split_and_compute_cell took 0.0263 seconds
[07-02 12:14:26][DEBUG] jax_fem: CuDSSNewtonSolver: initial residual = 2.236e+08
[07-02 12:14:26][DEBUG] jax_fem: DeviceProblem: computing Jacobian on device
[07-02 12:14:26][DEBUG] jax_fem: Function split_and_compute_cell took 0.0267 seconds
[07-02 12:14:26][DEBUG] jax_fem: CuDSSNewtonSolver: iter=1  res=1.481e-05  rel=6.623e-14
[07-02 12:14:26][INFO] jax_fem: CuDSSNewtonSolver: solve finished in 0.09s  res=1.481e-05
[07-02 12:14:26][DEBUG] jax_fem: CuDSSNewtonSolver: starting Newton loop
[07-02 12:14:26][DEBUG] jax_fem: DeviceProblem: computing Jacobian on device
[07-02 12:14:26][DEBUG] jax_fem: Function split_and_compute_cell took 0.0277 seconds
[07-02 12:14:26][DEBUG] jax_fem: CuDSSNewtonSolver: initial residual = 2.223e+08
[07-02 12:14:26][DEBUG] jax_fem: DeviceProblem: computing Jacobian on device
[07-02 12:14:26][DEBUG] jax_fem: Function split_and_compute_cell took 0.0272 seconds
[07-02 12:14:26][DEBUG] jax_fem: CuDSSNewtonSolver: iter=1  res=1.364e-05  rel=6.137e-14
[07-02 12:14:26][INFO] jax_fem: CuDSSNewtonSolver: solve finished in 0.09s  res=1.364e-05
[07-02 12:14:27][INFO] jax_fem: CuDSS backward: solving adjoint problem …
[07-02 12:14:27][DEBUG] jax_fem: DeviceProblem: computing Jacobian on device
[07-02 12:14:27][DEBUG] jax_fem: Function split_and_compute_cell took 0.0413 seconds
[07-02 12:14:27][DEBUG] jax_fem: Computing cell residual...
[07-02 12:14:27][DEBUG] jax_fem: Function split_and_compute_cell took 0.0488 seconds
[07-02 12:14:27][INFO] jax_fem: CuDSS backward: solving adjoint problem …
[07-02 12:14:27][DEBUG] jax_fem: DeviceProblem: computing Jacobian on device
[07-02 12:14:27][DEBUG] jax_fem: Function split_and_compute_cell took 0.0347 seconds
[07-02 12:14:27][DEBUG] jax_fem: Computing cell residual...
[07-02 12:14:27][DEBUG] jax_fem: Function split_and_compute_cell took 0.0597 seconds
[07-02 12:14:27][INFO] jax_fem: CuDSS backward: solving adjoint problem …
[07-02 12:14:27][DEBUG] jax_fem: DeviceProblem: computing Jacobian on device
[07-02 12:14:27][DEBUG] jax_fem: Function split_and_compute_cell took 0.0412 seconds
[07-02 12:14:27][DEBUG] jax_fem: Computing cell residual...
[07-02 12:14:27][DEBUG] jax_fem: Function split_and_compute_cell took 0.0555 seconds
[07-02 12:14:28][INFO] jax_fem: CuDSS backward: solving adjoint problem …
[07-02 12:14:28][DEBUG] jax_fem: DeviceProblem: computing Jacobian on device
[07-02 12:14:28][DEBUG] jax_fem: Function split_and_compute_cell took 0.0243 seconds
[07-02 12:14:28][DEBUG] jax_fem: Computing cell residual...
[07-02 12:14:28][DEBUG] jax_fem: Function split_and_compute_cell took 0.0581 seconds
[07-02 12:14:28][INFO] jax_fem: CuDSS backward: solving adjoint problem …
[07-02 12:14:28][DEBUG] jax_fem: DeviceProblem: computing Jacobian on device
[07-02 12:14:28][DEBUG] jax_fem: Function split_and_compute_cell took 0.0240 seconds
[07-02 12:14:28][DEBUG] jax_fem: Computing cell residual...
[07-02 12:14:28][DEBUG] jax_fem: Function split_and_compute_cell took 0.0619 seconds
[07-02 12:14:30][DEBUG] jax_fem: CuDSSNewtonSolver: starting Newton loop
[07-02 12:14:30][DEBUG] jax_fem: DeviceProblem: computing Jacobian on device
[07-02 12:14:30][DEBUG] jax_fem: Function split_and_compute_cell took 0.0265 seconds
[07-02 12:14:30][DEBUG] jax_fem: CuDSSNewtonSolver: initial residual = 2.235e+08
[07-02 12:14:30][DEBUG] jax_fem: DeviceProblem: computing Jacobian on device
[07-02 12:14:30][DEBUG] jax_fem: Function split_and_compute_cell took 0.0395 seconds
[07-02 12:14:30][DEBUG] jax_fem: CuDSSNewtonSolver: iter=1  res=1.645e-05  rel=7.359e-14
[07-02 12:14:30][INFO] jax_fem: CuDSSNewtonSolver: solve finished in 0.10s  res=1.645e-05
[07-02 12:14:30][DEBUG] jax_fem: CuDSSNewtonSolver: starting Newton loop
[07-02 12:14:30][DEBUG] jax_fem: DeviceProblem: computing Jacobian on device
[07-02 12:14:30][DEBUG] jax_fem: Function split_and_compute_cell took 0.0446 seconds
[07-02 12:14:30][DEBUG] jax_fem: CuDSSNewtonSolver: initial residual = 2.216e+08
[07-02 12:14:30][DEBUG] jax_fem: DeviceProblem: computing Jacobian on device
[07-02 12:14:30][DEBUG] jax_fem: Function split_and_compute_cell took 0.0260 seconds
[07-02 12:14:30][DEBUG] jax_fem: CuDSSNewtonSolver: iter=1  res=1.574e-05  rel=7.100e-14
[07-02 12:14:30][INFO] jax_fem: CuDSSNewtonSolver: solve finished in 0.11s  res=1.574e-05
[07-02 12:14:30][DEBUG] jax_fem: CuDSSNewtonSolver: starting Newton loop
[07-02 12:14:30][DEBUG] jax_fem: DeviceProblem: computing Jacobian on device
[07-02 12:14:30][DEBUG] jax_fem: Function split_and_compute_cell took 0.0515 seconds
[07-02 12:14:31][DEBUG] jax_fem: CuDSSNewtonSolver: initial residual = 2.211e+08
[07-02 12:14:31][DEBUG] jax_fem: DeviceProblem: computing Jacobian on device
[07-02 12:14:31][DEBUG] jax_fem: Function split_and_compute_cell took 0.0567 seconds
[07-02 12:14:31][DEBUG] jax_fem: CuDSSNewtonSolver: iter=1  res=1.633e-05  rel=7.388e-14
[07-02 12:14:31][INFO] jax_fem: CuDSSNewtonSolver: solve finished in 0.15s  res=1.633e-05
[07-02 12:14:31][DEBUG] jax_fem: CuDSSNewtonSolver: starting Newton loop
[07-02 12:14:31][DEBUG] jax_fem: DeviceProblem: computing Jacobian on device
[07-02 12:14:31][DEBUG] jax_fem: Function split_and_compute_cell took 0.0514 seconds
[07-02 12:14:31][DEBUG] jax_fem: CuDSSNewtonSolver: initial residual = 2.236e+08
[07-02 12:14:31][DEBUG] jax_fem: DeviceProblem: computing Jacobian on device
[07-02 12:14:31][DEBUG] jax_fem: Function split_and_compute_cell took 0.0272 seconds
[07-02 12:14:31][DEBUG] jax_fem: CuDSSNewtonSolver: iter=1  res=1.586e-05  rel=7.090e-14
[07-02 12:14:31][INFO] jax_fem: CuDSSNewtonSolver: solve finished in 0.12s  res=1.586e-05
[07-02 12:14:31][DEBUG] jax_fem: CuDSSNewtonSolver: starting Newton loop
[07-02 12:14:31][DEBUG] jax_fem: DeviceProblem: computing Jacobian on device
[07-02 12:14:31][DEBUG] jax_fem: Function split_and_compute_cell took 0.0301 seconds
[07-02 12:14:31][DEBUG] jax_fem: CuDSSNewtonSolver: initial residual = 2.223e+08
[07-02 12:14:31][DEBUG] jax_fem: DeviceProblem: computing Jacobian on device
[07-02 12:14:31][DEBUG] jax_fem: Function split_and_compute_cell took 0.0374 seconds
[07-02 12:14:31][DEBUG] jax_fem: CuDSSNewtonSolver: iter=1  res=1.429e-05  rel=6.428e-14
[07-02 12:14:31][INFO] jax_fem: CuDSSNewtonSolver: solve finished in 0.11s  res=1.429e-05
[07-02 12:14:33][DEBUG] jax_fem: CuDSSNewtonSolver: starting Newton loop
[07-02 12:14:33][DEBUG] jax_fem: DeviceProblem: computing Jacobian on device
[07-02 12:14:33][DEBUG] jax_fem: Function split_and_compute_cell took 0.0285 seconds
[07-02 12:14:33][DEBUG] jax_fem: CuDSSNewtonSolver: initial residual = 2.235e+08
[07-02 12:14:33][DEBUG] jax_fem: DeviceProblem: computing Jacobian on device
[07-02 12:14:33][DEBUG] jax_fem: Function split_and_compute_cell took 0.0275 seconds
[07-02 12:14:33][DEBUG] jax_fem: CuDSSNewtonSolver: iter=1  res=1.597e-05  rel=7.148e-14
[07-02 12:14:33][INFO] jax_fem: CuDSSNewtonSolver: solve finished in 0.09s  res=1.597e-05
[07-02 12:14:34][DEBUG] jax_fem: CuDSSNewtonSolver: starting Newton loop
[07-02 12:14:34][DEBUG] jax_fem: DeviceProblem: computing Jacobian on device
[07-02 12:14:34][DEBUG] jax_fem: Function split_and_compute_cell took 0.0259 seconds
[07-02 12:14:34][DEBUG] jax_fem: CuDSSNewtonSolver: initial residual = 2.216e+08
[07-02 12:14:34][DEBUG] jax_fem: DeviceProblem: computing Jacobian on device
[07-02 12:14:34][DEBUG] jax_fem: Function split_and_compute_cell took 0.0282 seconds
[07-02 12:14:34][DEBUG] jax_fem: CuDSSNewtonSolver: iter=1  res=1.526e-05  rel=6.887e-14
[07-02 12:14:34][INFO] jax_fem: CuDSSNewtonSolver: solve finished in 0.09s  res=1.526e-05
[07-02 12:14:34][DEBUG] jax_fem: CuDSSNewtonSolver: starting Newton loop
[07-02 12:14:34][DEBUG] jax_fem: DeviceProblem: computing Jacobian on device
[07-02 12:14:34][DEBUG] jax_fem: Function split_and_compute_cell took 0.0264 seconds
[07-02 12:14:34][DEBUG] jax_fem: CuDSSNewtonSolver: initial residual = 2.211e+08
[07-02 12:14:34][DEBUG] jax_fem: DeviceProblem: computing Jacobian on device
[07-02 12:14:34][DEBUG] jax_fem: Function split_and_compute_cell took 0.0263 seconds
[07-02 12:14:34][DEBUG] jax_fem: CuDSSNewtonSolver: iter=1  res=1.637e-05  rel=7.404e-14
[07-02 12:14:34][INFO] jax_fem: CuDSSNewtonSolver: solve finished in 0.09s  res=1.637e-05
[07-02 12:14:35][DEBUG] jax_fem: CuDSSNewtonSolver: starting Newton loop
[07-02 12:14:35][DEBUG] jax_fem: DeviceProblem: computing Jacobian on device
[07-02 12:14:35][DEBUG] jax_fem: Function split_and_compute_cell took 0.0274 seconds
[07-02 12:14:35][DEBUG] jax_fem: CuDSSNewtonSolver: initial residual = 2.236e+08
[07-02 12:14:35][DEBUG] jax_fem: DeviceProblem: computing Jacobian on device
[07-02 12:14:35][DEBUG] jax_fem: Function split_and_compute_cell took 0.0238 seconds
[07-02 12:14:35][DEBUG] jax_fem: CuDSSNewtonSolver: iter=1  res=1.486e-05  rel=6.645e-14
[07-02 12:14:35][INFO] jax_fem: CuDSSNewtonSolver: solve finished in 0.09s  res=1.486e-05
[07-02 12:14:36][DEBUG] jax_fem: CuDSSNewtonSolver: starting Newton loop
[07-02 12:14:36][DEBUG] jax_fem: DeviceProblem: computing Jacobian on device
[07-02 12:14:36][DEBUG] jax_fem: Function split_and_compute_cell took 0.0254 seconds
[07-02 12:14:36][DEBUG] jax_fem: CuDSSNewtonSolver: initial residual = 2.223e+08
[07-02 12:14:36][DEBUG] jax_fem: DeviceProblem: computing Jacobian on device
[07-02 12:14:36][DEBUG] jax_fem: Function split_and_compute_cell took 0.0263 seconds
[07-02 12:14:36][DEBUG] jax_fem: CuDSSNewtonSolver: iter=1  res=1.313e-05  rel=5.905e-14
[07-02 12:14:36][INFO] jax_fem: CuDSSNewtonSolver: solve finished in 0.09s  res=1.313e-05
[07-02 12:14:36][INFO] jax_fem: CuDSS backward: solving adjoint problem …
[07-02 12:14:36][DEBUG] jax_fem: DeviceProblem: computing Jacobian on device
[07-02 12:14:36][DEBUG] jax_fem: Function split_and_compute_cell took 0.0248 seconds
[07-02 12:14:36][DEBUG] jax_fem: Computing cell residual...
[07-02 12:14:36][DEBUG] jax_fem: Function split_and_compute_cell took 0.0550 seconds
[07-02 12:14:36][INFO] jax_fem: CuDSS backward: solving adjoint problem …
[07-02 12:14:36][DEBUG] jax_fem: DeviceProblem: computing Jacobian on device
[07-02 12:14:36][DEBUG] jax_fem: Function split_and_compute_cell took 0.0267 seconds
[07-02 12:14:36][DEBUG] jax_fem: Computing cell residual...
[07-02 12:14:36][DEBUG] jax_fem: Function split_and_compute_cell took 0.0540 seconds
[07-02 12:14:36][INFO] jax_fem: CuDSS backward: solving adjoint problem …
[07-02 12:14:36][DEBUG] jax_fem: DeviceProblem: computing Jacobian on device
[07-02 12:14:36][DEBUG] jax_fem: Function split_and_compute_cell took 0.0431 seconds
[07-02 12:14:36][DEBUG] jax_fem: Computing cell residual...
[07-02 12:14:37][DEBUG] jax_fem: Function split_and_compute_cell took 0.0548 seconds
[07-02 12:14:37][INFO] jax_fem: CuDSS backward: solving adjoint problem …
[07-02 12:14:37][DEBUG] jax_fem: DeviceProblem: computing Jacobian on device
[07-02 12:14:37][DEBUG] jax_fem: Function split_and_compute_cell took 0.0290 seconds
[07-02 12:14:37][DEBUG] jax_fem: Computing cell residual...
[07-02 12:14:37][DEBUG] jax_fem: Function split_and_compute_cell took 0.0696 seconds
[07-02 12:14:37][INFO] jax_fem: CuDSS backward: solving adjoint problem …
[07-02 12:14:37][DEBUG] jax_fem: DeviceProblem: computing Jacobian on device
[07-02 12:14:37][DEBUG] jax_fem: Function split_and_compute_cell took 0.0253 seconds
[07-02 12:14:37][DEBUG] jax_fem: Computing cell residual...
[07-02 12:14:37][DEBUG] jax_fem: Function split_and_compute_cell took 0.0491 seconds
[07-02 12:14:39][DEBUG] jax_fem: CuDSSNewtonSolver: starting Newton loop
[07-02 12:14:39][DEBUG] jax_fem: DeviceProblem: computing Jacobian on device
[07-02 12:14:39][DEBUG] jax_fem: Function split_and_compute_cell took 0.0342 seconds
[07-02 12:14:39][DEBUG] jax_fem: CuDSSNewtonSolver: initial residual = 2.230e+08
[07-02 12:14:39][DEBUG] jax_fem: DeviceProblem: computing Jacobian on device
[07-02 12:14:39][DEBUG] jax_fem: Function split_and_compute_cell took 0.0292 seconds
[07-02 12:14:39][DEBUG] jax_fem: CuDSSNewtonSolver: iter=1  res=1.592e-05  rel=7.141e-14
[07-02 12:14:39][INFO] jax_fem: CuDSSNewtonSolver: solve finished in 0.10s  res=1.592e-05
[07-02 12:14:39][DEBUG] jax_fem: CuDSSNewtonSolver: starting Newton loop
[07-02 12:14:39][DEBUG] jax_fem: DeviceProblem: computing Jacobian on device
[07-02 12:14:39][DEBUG] jax_fem: Function split_and_compute_cell took 0.0285 seconds
[07-02 12:14:39][DEBUG] jax_fem: CuDSSNewtonSolver: initial residual = 2.210e+08
[07-02 12:14:39][DEBUG] jax_fem: DeviceProblem: computing Jacobian on device
[07-02 12:14:39][DEBUG] jax_fem: Function split_and_compute_cell took 0.0290 seconds
[07-02 12:14:39][DEBUG] jax_fem: CuDSSNewtonSolver: iter=1  res=1.529e-05  rel=6.917e-14
[07-02 12:14:39][INFO] jax_fem: CuDSSNewtonSolver: solve finished in 0.10s  res=1.529e-05
[07-02 12:14:39][DEBUG] jax_fem: CuDSSNewtonSolver: starting Newton loop
[07-02 12:14:39][DEBUG] jax_fem: DeviceProblem: computing Jacobian on device
[07-02 12:14:40][DEBUG] jax_fem: Function split_and_compute_cell took 0.0406 seconds
[07-02 12:14:40][DEBUG] jax_fem: CuDSSNewtonSolver: initial residual = 2.205e+08
[07-02 12:14:40][DEBUG] jax_fem: DeviceProblem: computing Jacobian on device
[07-02 12:14:40][DEBUG] jax_fem: Function split_and_compute_cell took 0.0373 seconds
[07-02 12:14:40][DEBUG] jax_fem: CuDSSNewtonSolver: iter=1  res=1.547e-05  rel=7.013e-14
[07-02 12:14:40][INFO] jax_fem: CuDSSNewtonSolver: solve finished in 0.11s  res=1.547e-05
[07-02 12:14:40][DEBUG] jax_fem: CuDSSNewtonSolver: starting Newton loop
[07-02 12:14:40][DEBUG] jax_fem: DeviceProblem: computing Jacobian on device
[07-02 12:14:40][DEBUG] jax_fem: Function split_and_compute_cell took 0.0292 seconds
[07-02 12:14:40][DEBUG] jax_fem: CuDSSNewtonSolver: initial residual = 2.232e+08
[07-02 12:14:40][DEBUG] jax_fem: DeviceProblem: computing Jacobian on device
[07-02 12:14:40][DEBUG] jax_fem: Function split_and_compute_cell took 0.0253 seconds
[07-02 12:14:40][DEBUG] jax_fem: CuDSSNewtonSolver: iter=1  res=1.485e-05  rel=6.652e-14
[07-02 12:14:40][INFO] jax_fem: CuDSSNewtonSolver: solve finished in 0.09s  res=1.485e-05
[07-02 12:14:40][DEBUG] jax_fem: CuDSSNewtonSolver: starting Newton loop
[07-02 12:14:40][DEBUG] jax_fem: DeviceProblem: computing Jacobian on device
[07-02 12:14:40][DEBUG] jax_fem: Function split_and_compute_cell took 0.0351 seconds
[07-02 12:14:40][DEBUG] jax_fem: CuDSSNewtonSolver: initial residual = 2.221e+08
[07-02 12:14:40][DEBUG] jax_fem: DeviceProblem: computing Jacobian on device
[07-02 12:14:40][DEBUG] jax_fem: Function split_and_compute_cell took 0.0418 seconds
[07-02 12:14:40][DEBUG] jax_fem: CuDSSNewtonSolver: iter=1  res=1.337e-05  rel=6.022e-14
[07-02 12:14:40][INFO] jax_fem: CuDSSNewtonSolver: solve finished in 0.12s  res=1.337e-05
[07-02 12:14:42][DEBUG] jax_fem: CuDSSNewtonSolver: starting Newton loop
[07-02 12:14:42][DEBUG] jax_fem: DeviceProblem: computing Jacobian on device
[07-02 12:14:42][DEBUG] jax_fem: Function split_and_compute_cell took 0.0263 seconds
[07-02 12:14:42][DEBUG] jax_fem: CuDSSNewtonSolver: initial residual = 2.230e+08
[07-02 12:14:42][DEBUG] jax_fem: DeviceProblem: computing Jacobian on device
[07-02 12:14:42][DEBUG] jax_fem: Function split_and_compute_cell took 0.0272 seconds
[07-02 12:14:42][DEBUG] jax_fem: CuDSSNewtonSolver: iter=1  res=1.483e-05  rel=6.650e-14
[07-02 12:14:42][INFO] jax_fem: CuDSSNewtonSolver: solve finished in 0.09s  res=1.483e-05
[07-02 12:14:42][DEBUG] jax_fem: CuDSSNewtonSolver: starting Newton loop
[07-02 12:14:43][DEBUG] jax_fem: DeviceProblem: computing Jacobian on device
[07-02 12:14:43][DEBUG] jax_fem: Function split_and_compute_cell took 0.0269 seconds
[07-02 12:14:43][DEBUG] jax_fem: CuDSSNewtonSolver: initial residual = 2.210e+08
[07-02 12:14:43][DEBUG] jax_fem: DeviceProblem: computing Jacobian on device
[07-02 12:14:43][DEBUG] jax_fem: Function split_and_compute_cell took 0.0274 seconds
[07-02 12:14:43][DEBUG] jax_fem: CuDSSNewtonSolver: iter=1  res=1.465e-05  rel=6.626e-14
[07-02 12:14:43][INFO] jax_fem: CuDSSNewtonSolver: solve finished in 0.09s  res=1.465e-05
[07-02 12:14:43][DEBUG] jax_fem: CuDSSNewtonSolver: starting Newton loop
[07-02 12:14:43][DEBUG] jax_fem: DeviceProblem: computing Jacobian on device
[07-02 12:14:43][DEBUG] jax_fem: Function split_and_compute_cell took 0.0256 seconds
[07-02 12:14:43][DEBUG] jax_fem: CuDSSNewtonSolver: initial residual = 2.205e+08
[07-02 12:14:43][DEBUG] jax_fem: DeviceProblem: computing Jacobian on device
[07-02 12:14:43][DEBUG] jax_fem: Function split_and_compute_cell took 0.0276 seconds
[07-02 12:14:43][DEBUG] jax_fem: CuDSSNewtonSolver: iter=1  res=1.556e-05  rel=7.056e-14
[07-02 12:14:43][INFO] jax_fem: CuDSSNewtonSolver: solve finished in 0.09s  res=1.556e-05
[07-02 12:14:44][DEBUG] jax_fem: CuDSSNewtonSolver: starting Newton loop
[07-02 12:14:44][DEBUG] jax_fem: DeviceProblem: computing Jacobian on device
[07-02 12:14:44][DEBUG] jax_fem: Function split_and_compute_cell took 0.0285 seconds
[07-02 12:14:44][DEBUG] jax_fem: CuDSSNewtonSolver: initial residual = 2.232e+08
[07-02 12:14:44][DEBUG] jax_fem: DeviceProblem: computing Jacobian on device
[07-02 12:14:44][DEBUG] jax_fem: Function split_and_compute_cell took 0.0267 seconds
[07-02 12:14:44][DEBUG] jax_fem: CuDSSNewtonSolver: iter=1  res=1.397e-05  rel=6.260e-14
[07-02 12:14:44][INFO] jax_fem: CuDSSNewtonSolver: solve finished in 0.09s  res=1.397e-05
[07-02 12:14:44][DEBUG] jax_fem: CuDSSNewtonSolver: starting Newton loop
[07-02 12:14:44][DEBUG] jax_fem: DeviceProblem: computing Jacobian on device
[07-02 12:14:44][DEBUG] jax_fem: Function split_and_compute_cell took 0.0267 seconds
[07-02 12:14:44][DEBUG] jax_fem: CuDSSNewtonSolver: initial residual = 2.221e+08
[07-02 12:14:44][DEBUG] jax_fem: DeviceProblem: computing Jacobian on device
[07-02 12:14:44][DEBUG] jax_fem: Function split_and_compute_cell took 0.0276 seconds
[07-02 12:14:44][DEBUG] jax_fem: CuDSSNewtonSolver: iter=1  res=1.353e-05  rel=6.091e-14
[07-02 12:14:44][INFO] jax_fem: CuDSSNewtonSolver: solve finished in 0.09s  res=1.353e-05
[07-02 12:14:45][INFO] jax_fem: CuDSS backward: solving adjoint problem …
[07-02 12:14:45][DEBUG] jax_fem: DeviceProblem: computing Jacobian on device
[07-02 12:14:45][DEBUG] jax_fem: Function split_and_compute_cell took 0.0345 seconds
[07-02 12:14:45][DEBUG] jax_fem: Computing cell residual...
[07-02 12:14:45][DEBUG] jax_fem: Function split_and_compute_cell took 0.0632 seconds
[07-02 12:14:45][INFO] jax_fem: CuDSS backward: solving adjoint problem …
[07-02 12:14:45][DEBUG] jax_fem: DeviceProblem: computing Jacobian on device
[07-02 12:14:45][DEBUG] jax_fem: Function split_and_compute_cell took 0.0449 seconds
[07-02 12:14:45][DEBUG] jax_fem: Computing cell residual...
[07-02 12:14:45][DEBUG] jax_fem: Function split_and_compute_cell took 0.0601 seconds
[07-02 12:14:45][INFO] jax_fem: CuDSS backward: solving adjoint problem …
[07-02 12:14:45][DEBUG] jax_fem: DeviceProblem: computing Jacobian on device
[07-02 12:14:45][DEBUG] jax_fem: Function split_and_compute_cell took 0.0443 seconds
[07-02 12:14:46][DEBUG] jax_fem: Computing cell residual...
[07-02 12:14:46][DEBUG] jax_fem: Function split_and_compute_cell took 0.0594 seconds
[07-02 12:14:46][INFO] jax_fem: CuDSS backward: solving adjoint problem …
[07-02 12:14:46][DEBUG] jax_fem: DeviceProblem: computing Jacobian on device
[07-02 12:14:46][DEBUG] jax_fem: Function split_and_compute_cell took 0.0269 seconds
[07-02 12:14:46][DEBUG] jax_fem: Computing cell residual...
[07-02 12:14:46][DEBUG] jax_fem: Function split_and_compute_cell took 0.0694 seconds
[07-02 12:14:46][INFO] jax_fem: CuDSS backward: solving adjoint problem …
[07-02 12:14:46][DEBUG] jax_fem: DeviceProblem: computing Jacobian on device
[07-02 12:14:46][DEBUG] jax_fem: Function split_and_compute_cell took 0.0426 seconds
[07-02 12:14:46][DEBUG] jax_fem: Computing cell residual...
[07-02 12:14:46][DEBUG] jax_fem: Function split_and_compute_cell took 0.0564 seconds
[07-02 12:14:48][DEBUG] jax_fem: CuDSSNewtonSolver: starting Newton loop
[07-02 12:14:48][DEBUG] jax_fem: DeviceProblem: computing Jacobian on device
[07-02 12:14:48][DEBUG] jax_fem: Function split_and_compute_cell took 0.0378 seconds
[07-02 12:14:48][DEBUG] jax_fem: CuDSSNewtonSolver: initial residual = 2.234e+08
[07-02 12:14:48][DEBUG] jax_fem: DeviceProblem: computing Jacobian on device
[07-02 12:14:48][DEBUG] jax_fem: Function split_and_compute_cell took 0.0240 seconds
[07-02 12:14:48][DEBUG] jax_fem: CuDSSNewtonSolver: iter=1  res=1.522e-05  rel=6.815e-14
[07-02 12:14:48][INFO] jax_fem: CuDSSNewtonSolver: solve finished in 0.10s  res=1.522e-05
[07-02 12:14:48][DEBUG] jax_fem: CuDSSNewtonSolver: starting Newton loop
[07-02 12:14:48][DEBUG] jax_fem: DeviceProblem: computing Jacobian on device
[07-02 12:14:48][DEBUG] jax_fem: Function split_and_compute_cell took 0.0456 seconds
[07-02 12:14:48][DEBUG] jax_fem: CuDSSNewtonSolver: initial residual = 2.215e+08
[07-02 12:14:48][DEBUG] jax_fem: DeviceProblem: computing Jacobian on device
[07-02 12:14:48][DEBUG] jax_fem: Function split_and_compute_cell took 0.0279 seconds
[07-02 12:14:48][DEBUG] jax_fem: CuDSSNewtonSolver: iter=1  res=1.480e-05  rel=6.683e-14
[07-02 12:14:48][INFO] jax_fem: CuDSSNewtonSolver: solve finished in 0.12s  res=1.480e-05
[07-02 12:14:49][DEBUG] jax_fem: CuDSSNewtonSolver: starting Newton loop
[07-02 12:14:49][DEBUG] jax_fem: DeviceProblem: computing Jacobian on device
[07-02 12:14:49][DEBUG] jax_fem: Function split_and_compute_cell took 0.0599 seconds
[07-02 12:14:49][DEBUG] jax_fem: CuDSSNewtonSolver: initial residual = 2.209e+08
[07-02 12:14:49][DEBUG] jax_fem: DeviceProblem: computing Jacobian on device
[07-02 12:14:49][DEBUG] jax_fem: Function split_and_compute_cell took 0.0315 seconds
[07-02 12:14:49][DEBUG] jax_fem: CuDSSNewtonSolver: iter=1  res=1.681e-05  rel=7.610e-14
[07-02 12:14:49][INFO] jax_fem: CuDSSNewtonSolver: solve finished in 0.13s  res=1.681e-05
[07-02 12:14:49][DEBUG] jax_fem: CuDSSNewtonSolver: starting Newton loop
[07-02 12:14:49][DEBUG] jax_fem: DeviceProblem: computing Jacobian on device
[07-02 12:14:49][DEBUG] jax_fem: Function split_and_compute_cell took 0.0474 seconds
[07-02 12:14:49][DEBUG] jax_fem: CuDSSNewtonSolver: initial residual = 2.235e+08
[07-02 12:14:49][DEBUG] jax_fem: DeviceProblem: computing Jacobian on device
[07-02 12:14:49][DEBUG] jax_fem: Function split_and_compute_cell took 0.0259 seconds
[07-02 12:14:49][DEBUG] jax_fem: CuDSSNewtonSolver: iter=1  res=1.555e-05  rel=6.956e-14
[07-02 12:14:49][INFO] jax_fem: CuDSSNewtonSolver: solve finished in 0.11s  res=1.555e-05
[07-02 12:14:49][DEBUG] jax_fem: CuDSSNewtonSolver: starting Newton loop
[07-02 12:14:49][DEBUG] jax_fem: DeviceProblem: computing Jacobian on device
[07-02 12:14:49][DEBUG] jax_fem: Function split_and_compute_cell took 0.0296 seconds
[07-02 12:14:49][DEBUG] jax_fem: CuDSSNewtonSolver: initial residual = 2.223e+08
[07-02 12:14:49][DEBUG] jax_fem: DeviceProblem: computing Jacobian on device
[07-02 12:14:49][DEBUG] jax_fem: Function split_and_compute_cell took 0.0328 seconds
[07-02 12:14:49][DEBUG] jax_fem: CuDSSNewtonSolver: iter=1  res=1.386e-05  rel=6.237e-14
[07-02 12:14:49][INFO] jax_fem: CuDSSNewtonSolver: solve finished in 0.11s  res=1.386e-05
[07-02 12:14:51][DEBUG] jax_fem: CuDSSNewtonSolver: starting Newton loop
[07-02 12:14:51][DEBUG] jax_fem: DeviceProblem: computing Jacobian on device
[07-02 12:14:51][DEBUG] jax_fem: Function split_and_compute_cell took 0.0276 seconds
[07-02 12:14:51][DEBUG] jax_fem: CuDSSNewtonSolver: initial residual = 2.234e+08
[07-02 12:14:51][DEBUG] jax_fem: DeviceProblem: computing Jacobian on device
[07-02 12:14:51][DEBUG] jax_fem: Function split_and_compute_cell took 0.0293 seconds
[07-02 12:14:51][DEBUG] jax_fem: CuDSSNewtonSolver: iter=1  res=1.611e-05  rel=7.212e-14
[07-02 12:14:51][INFO] jax_fem: CuDSSNewtonSolver: solve finished in 0.09s  res=1.611e-05
[07-02 12:14:52][DEBUG] jax_fem: CuDSSNewtonSolver: starting Newton loop
[07-02 12:14:52][DEBUG] jax_fem: DeviceProblem: computing Jacobian on device
[07-02 12:14:52][DEBUG] jax_fem: Function split_and_compute_cell took 0.0275 seconds
[07-02 12:14:52][DEBUG] jax_fem: CuDSSNewtonSolver: initial residual = 2.215e+08
[07-02 12:14:52][DEBUG] jax_fem: DeviceProblem: computing Jacobian on device
[07-02 12:14:52][DEBUG] jax_fem: Function split_and_compute_cell took 0.0272 seconds
[07-02 12:14:52][DEBUG] jax_fem: CuDSSNewtonSolver: iter=1  res=1.403e-05  rel=6.334e-14
[07-02 12:14:52][INFO] jax_fem: CuDSSNewtonSolver: solve finished in 0.09s  res=1.403e-05
[07-02 12:14:52][DEBUG] jax_fem: CuDSSNewtonSolver: starting Newton loop
[07-02 12:14:52][DEBUG] jax_fem: DeviceProblem: computing Jacobian on device
[07-02 12:14:52][DEBUG] jax_fem: Function split_and_compute_cell took 0.0279 seconds
[07-02 12:14:52][DEBUG] jax_fem: CuDSSNewtonSolver: initial residual = 2.209e+08
[07-02 12:14:52][DEBUG] jax_fem: DeviceProblem: computing Jacobian on device
[07-02 12:14:52][DEBUG] jax_fem: Function split_and_compute_cell took 0.0282 seconds
[07-02 12:14:52][DEBUG] jax_fem: CuDSSNewtonSolver: iter=1  res=1.593e-05  rel=7.211e-14
[07-02 12:14:52][INFO] jax_fem: CuDSSNewtonSolver: solve finished in 0.09s  res=1.593e-05
[07-02 12:14:53][DEBUG] jax_fem: CuDSSNewtonSolver: starting Newton loop
[07-02 12:14:53][DEBUG] jax_fem: DeviceProblem: computing Jacobian on device
[07-02 12:14:53][DEBUG] jax_fem: Function split_and_compute_cell took 0.0250 seconds
[07-02 12:14:53][DEBUG] jax_fem: CuDSSNewtonSolver: initial residual = 2.235e+08
[07-02 12:14:53][DEBUG] jax_fem: DeviceProblem: computing Jacobian on device
[07-02 12:14:53][DEBUG] jax_fem: Function split_and_compute_cell took 0.0256 seconds
[07-02 12:14:53][DEBUG] jax_fem: CuDSSNewtonSolver: iter=1  res=1.512e-05  rel=6.765e-14
[07-02 12:14:53][INFO] jax_fem: CuDSSNewtonSolver: solve finished in 0.09s  res=1.512e-05
[07-02 12:14:53][DEBUG] jax_fem: CuDSSNewtonSolver: starting Newton loop
[07-02 12:14:53][DEBUG] jax_fem: DeviceProblem: computing Jacobian on device
[07-02 12:14:54][DEBUG] jax_fem: Function split_and_compute_cell took 0.0270 seconds
[07-02 12:14:54][DEBUG] jax_fem: CuDSSNewtonSolver: initial residual = 2.223e+08
[07-02 12:14:54][DEBUG] jax_fem: DeviceProblem: computing Jacobian on device
[07-02 12:14:54][DEBUG] jax_fem: Function split_and_compute_cell took 0.0269 seconds
[07-02 12:14:54][DEBUG] jax_fem: CuDSSNewtonSolver: iter=1  res=1.316e-05  rel=5.920e-14
[07-02 12:14:54][INFO] jax_fem: CuDSSNewtonSolver: solve finished in 0.09s  res=1.316e-05
[07-02 12:14:54][INFO] jax_fem: CuDSS backward: solving adjoint problem …
[07-02 12:14:54][DEBUG] jax_fem: DeviceProblem: computing Jacobian on device
[07-02 12:14:54][DEBUG] jax_fem: Function split_and_compute_cell took 0.0345 seconds
[07-02 12:14:54][DEBUG] jax_fem: Computing cell residual...
[07-02 12:14:54][DEBUG] jax_fem: Function split_and_compute_cell took 0.0622 seconds
[07-02 12:14:54][INFO] jax_fem: CuDSS backward: solving adjoint problem …
[07-02 12:14:54][DEBUG] jax_fem: DeviceProblem: computing Jacobian on device
[07-02 12:14:54][DEBUG] jax_fem: Function split_and_compute_cell took 0.0468 seconds
[07-02 12:14:54][DEBUG] jax_fem: Computing cell residual...
[07-02 12:14:54][DEBUG] jax_fem: Function split_and_compute_cell took 0.0674 seconds
[07-02 12:14:54][INFO] jax_fem: CuDSS backward: solving adjoint problem …
[07-02 12:14:54][DEBUG] jax_fem: DeviceProblem: computing Jacobian on device
[07-02 12:14:54][DEBUG] jax_fem: Function split_and_compute_cell took 0.0281 seconds
[07-02 12:14:54][DEBUG] jax_fem: Computing cell residual...
[07-02 12:14:55][DEBUG] jax_fem: Function split_and_compute_cell took 0.0627 seconds
[07-02 12:14:55][INFO] jax_fem: CuDSS backward: solving adjoint problem …
[07-02 12:14:55][DEBUG] jax_fem: DeviceProblem: computing Jacobian on device
[07-02 12:14:55][DEBUG] jax_fem: Function split_and_compute_cell took 0.0255 seconds
[07-02 12:14:55][DEBUG] jax_fem: Computing cell residual...
[07-02 12:14:55][DEBUG] jax_fem: Function split_and_compute_cell took 0.0661 seconds
[07-02 12:14:55][INFO] jax_fem: CuDSS backward: solving adjoint problem …
[07-02 12:14:55][DEBUG] jax_fem: DeviceProblem: computing Jacobian on device
[07-02 12:14:55][DEBUG] jax_fem: Function split_and_compute_cell took 0.0432 seconds
[07-02 12:14:55][DEBUG] jax_fem: Computing cell residual...
[07-02 12:14:55][DEBUG] jax_fem: Function split_and_compute_cell took 0.0623 seconds
[07-02 12:14:57][DEBUG] jax_fem: CuDSSNewtonSolver: starting Newton loop
[07-02 12:14:57][DEBUG] jax_fem: DeviceProblem: computing Jacobian on device
[07-02 12:14:57][DEBUG] jax_fem: Function split_and_compute_cell took 0.0394 seconds
[07-02 12:14:57][DEBUG] jax_fem: CuDSSNewtonSolver: initial residual = 2.235e+08
[07-02 12:14:57][DEBUG] jax_fem: DeviceProblem: computing Jacobian on device
[07-02 12:14:57][DEBUG] jax_fem: Function split_and_compute_cell took 0.0495 seconds
[07-02 12:14:57][DEBUG] jax_fem: CuDSSNewtonSolver: iter=1  res=1.507e-05  rel=6.743e-14
[07-02 12:14:57][INFO] jax_fem: CuDSSNewtonSolver: solve finished in 0.13s  res=1.507e-05
[07-02 12:14:57][DEBUG] jax_fem: CuDSSNewtonSolver: starting Newton loop
[07-02 12:14:57][DEBUG] jax_fem: DeviceProblem: computing Jacobian on device
[07-02 12:14:57][DEBUG] jax_fem: Function split_and_compute_cell took 0.0512 seconds
[07-02 12:14:57][DEBUG] jax_fem: CuDSSNewtonSolver: initial residual = 2.216e+08
[07-02 12:14:57][DEBUG] jax_fem: DeviceProblem: computing Jacobian on device
[07-02 12:14:57][DEBUG] jax_fem: Function split_and_compute_cell took 0.0240 seconds
[07-02 12:14:57][DEBUG] jax_fem: CuDSSNewtonSolver: iter=1  res=1.508e-05  rel=6.804e-14
[07-02 12:14:57][INFO] jax_fem: CuDSSNewtonSolver: solve finished in 0.12s  res=1.508e-05
[07-02 12:14:58][DEBUG] jax_fem: CuDSSNewtonSolver: starting Newton loop
[07-02 12:14:58][DEBUG] jax_fem: DeviceProblem: computing Jacobian on device
[07-02 12:14:58][DEBUG] jax_fem: Function split_and_compute_cell took 0.0386 seconds
[07-02 12:14:58][DEBUG] jax_fem: CuDSSNewtonSolver: initial residual = 2.210e+08
[07-02 12:14:58][DEBUG] jax_fem: DeviceProblem: computing Jacobian on device
[07-02 12:14:58][DEBUG] jax_fem: Function split_and_compute_cell took 0.0262 seconds
[07-02 12:14:58][DEBUG] jax_fem: CuDSSNewtonSolver: iter=1  res=1.626e-05  rel=7.356e-14
[07-02 12:14:58][INFO] jax_fem: CuDSSNewtonSolver: solve finished in 0.11s  res=1.626e-05
[07-02 12:14:58][DEBUG] jax_fem: CuDSSNewtonSolver: starting Newton loop
[07-02 12:14:58][DEBUG] jax_fem: DeviceProblem: computing Jacobian on device
[07-02 12:14:58][DEBUG] jax_fem: Function split_and_compute_cell took 0.0598 seconds
[07-02 12:14:58][DEBUG] jax_fem: CuDSSNewtonSolver: initial residual = 2.236e+08
[07-02 12:14:58][DEBUG] jax_fem: DeviceProblem: computing Jacobian on device
[07-02 12:14:58][DEBUG] jax_fem: Function split_and_compute_cell took 0.0351 seconds
[07-02 12:14:58][DEBUG] jax_fem: CuDSSNewtonSolver: iter=1  res=1.552e-05  rel=6.939e-14
[07-02 12:14:58][INFO] jax_fem: CuDSSNewtonSolver: solve finished in 0.14s  res=1.552e-05
[07-02 12:14:58][DEBUG] jax_fem: CuDSSNewtonSolver: starting Newton loop
[07-02 12:14:58][DEBUG] jax_fem: DeviceProblem: computing Jacobian on device
[07-02 12:14:58][DEBUG] jax_fem: Function split_and_compute_cell took 0.0459 seconds
[07-02 12:14:58][DEBUG] jax_fem: CuDSSNewtonSolver: initial residual = 2.223e+08
[07-02 12:14:58][DEBUG] jax_fem: DeviceProblem: computing Jacobian on device
[07-02 12:14:58][DEBUG] jax_fem: Function split_and_compute_cell took 0.0393 seconds
[07-02 12:14:58][DEBUG] jax_fem: CuDSSNewtonSolver: iter=1  res=1.312e-05  rel=5.902e-14
[07-02 12:14:58][INFO] jax_fem: CuDSSNewtonSolver: solve finished in 0.12s  res=1.312e-05
[07-02 12:15:00][DEBUG] jax_fem: CuDSSNewtonSolver: starting Newton loop
[07-02 12:15:00][DEBUG] jax_fem: DeviceProblem: computing Jacobian on device
[07-02 12:15:00][DEBUG] jax_fem: Function split_and_compute_cell took 0.0273 seconds
[07-02 12:15:00][DEBUG] jax_fem: CuDSSNewtonSolver: initial residual = 2.235e+08
[07-02 12:15:00][DEBUG] jax_fem: DeviceProblem: computing Jacobian on device
[07-02 12:15:00][DEBUG] jax_fem: Function split_and_compute_cell took 0.0280 seconds
[07-02 12:15:00][DEBUG] jax_fem: CuDSSNewtonSolver: iter=1  res=1.488e-05  rel=6.659e-14
[07-02 12:15:00][INFO] jax_fem: CuDSSNewtonSolver: solve finished in 0.09s  res=1.488e-05
[07-02 12:15:01][DEBUG] jax_fem: CuDSSNewtonSolver: starting Newton loop
[07-02 12:15:01][DEBUG] jax_fem: DeviceProblem: computing Jacobian on device
[07-02 12:15:01][DEBUG] jax_fem: Function split_and_compute_cell took 0.0245 seconds
[07-02 12:15:01][DEBUG] jax_fem: CuDSSNewtonSolver: initial residual = 2.216e+08
[07-02 12:15:01][DEBUG] jax_fem: DeviceProblem: computing Jacobian on device
[07-02 12:15:01][DEBUG] jax_fem: Function split_and_compute_cell took 0.0269 seconds
[07-02 12:15:01][DEBUG] jax_fem: CuDSSNewtonSolver: iter=1  res=1.602e-05  rel=7.227e-14
[07-02 12:15:01][INFO] jax_fem: CuDSSNewtonSolver: solve finished in 0.09s  res=1.602e-05
[07-02 12:15:02][DEBUG] jax_fem: CuDSSNewtonSolver: starting Newton loop
[07-02 12:15:02][DEBUG] jax_fem: DeviceProblem: computing Jacobian on device
[07-02 12:15:02][DEBUG] jax_fem: Function split_and_compute_cell took 0.0258 seconds
[07-02 12:15:02][DEBUG] jax_fem: CuDSSNewtonSolver: initial residual = 2.210e+08
[07-02 12:15:02][DEBUG] jax_fem: DeviceProblem: computing Jacobian on device
[07-02 12:15:02][DEBUG] jax_fem: Function split_and_compute_cell took 0.0277 seconds
[07-02 12:15:02][DEBUG] jax_fem: CuDSSNewtonSolver: iter=1  res=1.606e-05  rel=7.266e-14
[07-02 12:15:02][INFO] jax_fem: CuDSSNewtonSolver: solve finished in 0.09s  res=1.606e-05
[07-02 12:15:02][DEBUG] jax_fem: CuDSSNewtonSolver: starting Newton loop
[07-02 12:15:02][DEBUG] jax_fem: DeviceProblem: computing Jacobian on device
[07-02 12:15:02][DEBUG] jax_fem: Function split_and_compute_cell took 0.0289 seconds
[07-02 12:15:02][DEBUG] jax_fem: CuDSSNewtonSolver: initial residual = 2.236e+08
[07-02 12:15:02][DEBUG] jax_fem: DeviceProblem: computing Jacobian on device
[07-02 12:15:02][DEBUG] jax_fem: Function split_and_compute_cell took 0.0257 seconds
[07-02 12:15:02][DEBUG] jax_fem: CuDSSNewtonSolver: iter=1  res=1.586e-05  rel=7.092e-14
[07-02 12:15:02][INFO] jax_fem: CuDSSNewtonSolver: solve finished in 0.09s  res=1.586e-05
[07-02 12:15:03][DEBUG] jax_fem: CuDSSNewtonSolver: starting Newton loop
[07-02 12:15:03][DEBUG] jax_fem: DeviceProblem: computing Jacobian on device
[07-02 12:15:03][DEBUG] jax_fem: Function split_and_compute_cell took 0.0265 seconds
[07-02 12:15:03][DEBUG] jax_fem: CuDSSNewtonSolver: initial residual = 2.223e+08
[07-02 12:15:03][DEBUG] jax_fem: DeviceProblem: computing Jacobian on device
[07-02 12:15:03][DEBUG] jax_fem: Function split_and_compute_cell took 0.0262 seconds
[07-02 12:15:03][DEBUG] jax_fem: CuDSSNewtonSolver: iter=1  res=1.344e-05  rel=6.047e-14
[07-02 12:15:03][INFO] jax_fem: CuDSSNewtonSolver: solve finished in 0.09s  res=1.344e-05
[07-02 12:15:03][INFO] jax_fem: CuDSS backward: solving adjoint problem …
[07-02 12:15:03][DEBUG] jax_fem: DeviceProblem: computing Jacobian on device
[07-02 12:15:03][DEBUG] jax_fem: Function split_and_compute_cell took 0.0287 seconds
[07-02 12:15:03][DEBUG] jax_fem: Computing cell residual...
[07-02 12:15:03][DEBUG] jax_fem: Function split_and_compute_cell took 0.0641 seconds
[07-02 12:15:03][INFO] jax_fem: CuDSS backward: solving adjoint problem …
[07-02 12:15:03][DEBUG] jax_fem: DeviceProblem: computing Jacobian on device
[07-02 12:15:03][DEBUG] jax_fem: Function split_and_compute_cell took 0.0481 seconds
[07-02 12:15:03][DEBUG] jax_fem: Computing cell residual...
[07-02 12:15:03][DEBUG] jax_fem: Function split_and_compute_cell took 0.0656 seconds
[07-02 12:15:04][INFO] jax_fem: CuDSS backward: solving adjoint problem …
[07-02 12:15:04][DEBUG] jax_fem: DeviceProblem: computing Jacobian on device
[07-02 12:15:04][DEBUG] jax_fem: Function split_and_compute_cell took 0.0313 seconds
[07-02 12:15:04][DEBUG] jax_fem: Computing cell residual...
[07-02 12:15:04][DEBUG] jax_fem: Function split_and_compute_cell took 0.0702 seconds
[07-02 12:15:04][INFO] jax_fem: CuDSS backward: solving adjoint problem …
[07-02 12:15:04][DEBUG] jax_fem: DeviceProblem: computing Jacobian on device
[07-02 12:15:04][DEBUG] jax_fem: Function split_and_compute_cell took 0.0379 seconds
[07-02 12:15:04][DEBUG] jax_fem: Computing cell residual...
[07-02 12:15:04][DEBUG] jax_fem: Function split_and_compute_cell took 0.0629 seconds
[07-02 12:15:04][INFO] jax_fem: CuDSS backward: solving adjoint problem …
[07-02 12:15:04][DEBUG] jax_fem: DeviceProblem: computing Jacobian on device
[07-02 12:15:04][DEBUG] jax_fem: Function split_and_compute_cell took 0.0306 seconds
[07-02 12:15:05][DEBUG] jax_fem: Computing cell residual...
[07-02 12:15:05][DEBUG] jax_fem: Function split_and_compute_cell took 0.0632 seconds
[07-02 12:15:06][DEBUG] jax_fem: CuDSSNewtonSolver: starting Newton loop
[07-02 12:15:06][DEBUG] jax_fem: DeviceProblem: computing Jacobian on device
[07-02 12:15:06][DEBUG] jax_fem: Function split_and_compute_cell took 0.0319 seconds
[07-02 12:15:06][DEBUG] jax_fem: CuDSSNewtonSolver: initial residual = 2.235e+08
[07-02 12:15:06][DEBUG] jax_fem: DeviceProblem: computing Jacobian on device
[07-02 12:15:06][DEBUG] jax_fem: Function split_and_compute_cell took 0.0444 seconds
[07-02 12:15:06][DEBUG] jax_fem: CuDSSNewtonSolver: iter=1  res=1.587e-05  rel=7.103e-14
[07-02 12:15:06][INFO] jax_fem: CuDSSNewtonSolver: solve finished in 0.12s  res=1.587e-05
[07-02 12:15:06][DEBUG] jax_fem: CuDSSNewtonSolver: starting Newton loop
[07-02 12:15:06][DEBUG] jax_fem: DeviceProblem: computing Jacobian on device
[07-02 12:15:06][DEBUG] jax_fem: Function split_and_compute_cell took 0.0432 seconds
[07-02 12:15:07][DEBUG] jax_fem: CuDSSNewtonSolver: initial residual = 2.216e+08
[07-02 12:15:07][DEBUG] jax_fem: DeviceProblem: computing Jacobian on device
[07-02 12:15:07][DEBUG] jax_fem: Function split_and_compute_cell took 0.0539 seconds
[07-02 12:15:07][DEBUG] jax_fem: CuDSSNewtonSolver: iter=1  res=1.540e-05  rel=6.950e-14
[07-02 12:15:07][INFO] jax_fem: CuDSSNewtonSolver: solve finished in 0.14s  res=1.540e-05
[07-02 12:15:07][DEBUG] jax_fem: CuDSSNewtonSolver: starting Newton loop
[07-02 12:15:07][DEBUG] jax_fem: DeviceProblem: computing Jacobian on device
[07-02 12:15:07][DEBUG] jax_fem: Function split_and_compute_cell took 0.0229 seconds
[07-02 12:15:07][DEBUG] jax_fem: CuDSSNewtonSolver: initial residual = 2.211e+08
[07-02 12:15:07][DEBUG] jax_fem: DeviceProblem: computing Jacobian on device
[07-02 12:15:07][DEBUG] jax_fem: Function split_and_compute_cell took 0.0409 seconds
[07-02 12:15:07][DEBUG] jax_fem: CuDSSNewtonSolver: iter=1  res=1.631e-05  rel=7.377e-14
[07-02 12:15:07][INFO] jax_fem: CuDSSNewtonSolver: solve finished in 0.11s  res=1.631e-05
[07-02 12:15:07][DEBUG] jax_fem: CuDSSNewtonSolver: starting Newton loop
[07-02 12:15:07][DEBUG] jax_fem: DeviceProblem: computing Jacobian on device
[07-02 12:15:07][DEBUG] jax_fem: Function split_and_compute_cell took 0.0411 seconds
[07-02 12:15:07][DEBUG] jax_fem: CuDSSNewtonSolver: initial residual = 2.236e+08
[07-02 12:15:07][DEBUG] jax_fem: DeviceProblem: computing Jacobian on device
[07-02 12:15:07][DEBUG] jax_fem: Function split_and_compute_cell took 0.0280 seconds
[07-02 12:15:07][DEBUG] jax_fem: CuDSSNewtonSolver: iter=1  res=1.566e-05  rel=7.003e-14
[07-02 12:15:07][INFO] jax_fem: CuDSSNewtonSolver: solve finished in 0.11s  res=1.566e-05
[07-02 12:15:08][DEBUG] jax_fem: CuDSSNewtonSolver: starting Newton loop
[07-02 12:15:08][DEBUG] jax_fem: DeviceProblem: computing Jacobian on device
[07-02 12:15:08][DEBUG] jax_fem: Function split_and_compute_cell took 0.0340 seconds
[07-02 12:15:08][DEBUG] jax_fem: CuDSSNewtonSolver: initial residual = 2.223e+08
[07-02 12:15:08][DEBUG] jax_fem: DeviceProblem: computing Jacobian on device
[07-02 12:15:08][DEBUG] jax_fem: Function split_and_compute_cell took 0.0370 seconds
[07-02 12:15:08][DEBUG] jax_fem: CuDSSNewtonSolver: iter=1  res=1.344e-05  rel=6.044e-14
[07-02 12:15:08][INFO] jax_fem: CuDSSNewtonSolver: solve finished in 0.11s  res=1.344e-05
[07-02 12:15:09][DEBUG] jax_fem: CuDSSNewtonSolver: starting Newton loop
[07-02 12:15:09][DEBUG] jax_fem: DeviceProblem: computing Jacobian on device
[07-02 12:15:09][DEBUG] jax_fem: Function split_and_compute_cell took 0.0251 seconds
[07-02 12:15:09][DEBUG] jax_fem: CuDSSNewtonSolver: initial residual = 2.235e+08
[07-02 12:15:09][DEBUG] jax_fem: DeviceProblem: computing Jacobian on device
[07-02 12:15:09][DEBUG] jax_fem: Function split_and_compute_cell took 0.0272 seconds
[07-02 12:15:09][DEBUG] jax_fem: CuDSSNewtonSolver: iter=1  res=1.551e-05  rel=6.939e-14
[07-02 12:15:09][INFO] jax_fem: CuDSSNewtonSolver: solve finished in 0.09s  res=1.551e-05
[07-02 12:15:10][DEBUG] jax_fem: CuDSSNewtonSolver: starting Newton loop
[07-02 12:15:10][DEBUG] jax_fem: DeviceProblem: computing Jacobian on device
[07-02 12:15:10][DEBUG] jax_fem: Function split_and_compute_cell took 0.0277 seconds
[07-02 12:15:10][DEBUG] jax_fem: CuDSSNewtonSolver: initial residual = 2.216e+08
[07-02 12:15:10][DEBUG] jax_fem: DeviceProblem: computing Jacobian on device
[07-02 12:15:10][DEBUG] jax_fem: Function split_and_compute_cell took 0.0255 seconds
[07-02 12:15:10][DEBUG] jax_fem: CuDSSNewtonSolver: iter=1  res=1.564e-05  rel=7.056e-14
[07-02 12:15:10][INFO] jax_fem: CuDSSNewtonSolver: solve finished in 0.09s  res=1.564e-05
[07-02 12:15:11][DEBUG] jax_fem: CuDSSNewtonSolver: starting Newton loop
[07-02 12:15:11][DEBUG] jax_fem: DeviceProblem: computing Jacobian on device
[07-02 12:15:11][DEBUG] jax_fem: Function split_and_compute_cell took 0.0259 seconds
[07-02 12:15:11][DEBUG] jax_fem: CuDSSNewtonSolver: initial residual = 2.211e+08
[07-02 12:15:11][DEBUG] jax_fem: DeviceProblem: computing Jacobian on device
[07-02 12:15:11][DEBUG] jax_fem: Function split_and_compute_cell took 0.0284 seconds
[07-02 12:15:11][DEBUG] jax_fem: CuDSSNewtonSolver: iter=1  res=1.565e-05  rel=7.078e-14
[07-02 12:15:11][INFO] jax_fem: CuDSSNewtonSolver: solve finished in 0.09s  res=1.565e-05
[07-02 12:15:11][DEBUG] jax_fem: CuDSSNewtonSolver: starting Newton loop
[07-02 12:15:11][DEBUG] jax_fem: DeviceProblem: computing Jacobian on device
[07-02 12:15:11][DEBUG] jax_fem: Function split_and_compute_cell took 0.0272 seconds
[07-02 12:15:11][DEBUG] jax_fem: CuDSSNewtonSolver: initial residual = 2.236e+08
[07-02 12:15:11][DEBUG] jax_fem: DeviceProblem: computing Jacobian on device
[07-02 12:15:11][DEBUG] jax_fem: Function split_and_compute_cell took 0.0265 seconds
[07-02 12:15:11][DEBUG] jax_fem: CuDSSNewtonSolver: iter=1  res=1.594e-05  rel=7.126e-14
[07-02 12:15:11][INFO] jax_fem: CuDSSNewtonSolver: solve finished in 0.09s  res=1.594e-05
[07-02 12:15:12][DEBUG] jax_fem: CuDSSNewtonSolver: starting Newton loop
[07-02 12:15:12][DEBUG] jax_fem: DeviceProblem: computing Jacobian on device
[07-02 12:15:12][DEBUG] jax_fem: Function split_and_compute_cell took 0.0270 seconds
[07-02 12:15:12][DEBUG] jax_fem: CuDSSNewtonSolver: initial residual = 2.223e+08
[07-02 12:15:12][DEBUG] jax_fem: DeviceProblem: computing Jacobian on device
[07-02 12:15:12][DEBUG] jax_fem: Function split_and_compute_cell took 0.0278 seconds
[07-02 12:15:12][DEBUG] jax_fem: CuDSSNewtonSolver: iter=1  res=1.300e-05  rel=5.846e-14
[07-02 12:15:12][INFO] jax_fem: CuDSSNewtonSolver: solve finished in 0.09s  res=1.300e-05
[07-02 12:15:12][INFO] jax_fem: CuDSS backward: solving adjoint problem …
[07-02 12:15:12][DEBUG] jax_fem: DeviceProblem: computing Jacobian on device
[07-02 12:15:12][DEBUG] jax_fem: Function split_and_compute_cell took 0.0422 seconds
[07-02 12:15:12][DEBUG] jax_fem: Computing cell residual...
[07-02 12:15:12][DEBUG] jax_fem: Function split_and_compute_cell took 0.0625 seconds
[07-02 12:15:12][INFO] jax_fem: CuDSS backward: solving adjoint problem …
[07-02 12:15:12][DEBUG] jax_fem: DeviceProblem: computing Jacobian on device
[07-02 12:15:13][DEBUG] jax_fem: Function split_and_compute_cell took 0.0506 seconds
[07-02 12:15:13][DEBUG] jax_fem: Computing cell residual...
[07-02 12:15:13][DEBUG] jax_fem: Function split_and_compute_cell took 0.0601 seconds
[07-02 12:15:13][INFO] jax_fem: CuDSS backward: solving adjoint problem …
[07-02 12:15:13][DEBUG] jax_fem: DeviceProblem: computing Jacobian on device
[07-02 12:15:13][DEBUG] jax_fem: Function split_and_compute_cell took 0.0425 seconds
[07-02 12:15:13][DEBUG] jax_fem: Computing cell residual...
[07-02 12:15:13][DEBUG] jax_fem: Function split_and_compute_cell took 0.0773 seconds
[07-02 12:15:13][INFO] jax_fem: CuDSS backward: solving adjoint problem …
[07-02 12:15:13][DEBUG] jax_fem: DeviceProblem: computing Jacobian on device
[07-02 12:15:13][DEBUG] jax_fem: Function split_and_compute_cell took 0.0318 seconds
[07-02 12:15:13][DEBUG] jax_fem: Computing cell residual...
[07-02 12:15:13][DEBUG] jax_fem: Function split_and_compute_cell took 0.0547 seconds
[07-02 12:15:14][INFO] jax_fem: CuDSS backward: solving adjoint problem …
[07-02 12:15:14][DEBUG] jax_fem: DeviceProblem: computing Jacobian on device
[07-02 12:15:14][DEBUG] jax_fem: Function split_and_compute_cell took 0.0366 seconds
[07-02 12:15:14][DEBUG] jax_fem: Computing cell residual...
[07-02 12:15:14][DEBUG] jax_fem: Function split_and_compute_cell took 0.0734 seconds
[07-02 12:15:15][DEBUG] jax_fem: CuDSSNewtonSolver: starting Newton loop
[07-02 12:15:15][DEBUG] jax_fem: DeviceProblem: computing Jacobian on device
[07-02 12:15:15][DEBUG] jax_fem: Function split_and_compute_cell took 0.0378 seconds
[07-02 12:15:15][DEBUG] jax_fem: CuDSSNewtonSolver: initial residual = 2.235e+08
[07-02 12:15:15][DEBUG] jax_fem: DeviceProblem: computing Jacobian on device
[07-02 12:15:15][DEBUG] jax_fem: Function split_and_compute_cell took 0.0409 seconds
[07-02 12:15:15][DEBUG] jax_fem: CuDSSNewtonSolver: iter=1  res=1.637e-05  rel=7.327e-14
[07-02 12:15:15][INFO] jax_fem: CuDSSNewtonSolver: solve finished in 0.12s  res=1.637e-05
[07-02 12:15:16][DEBUG] jax_fem: CuDSSNewtonSolver: starting Newton loop
[07-02 12:15:16][DEBUG] jax_fem: DeviceProblem: computing Jacobian on device
[07-02 12:15:16][DEBUG] jax_fem: Function split_and_compute_cell took 0.0471 seconds
[07-02 12:15:16][DEBUG] jax_fem: CuDSSNewtonSolver: initial residual = 2.216e+08
[07-02 12:15:16][DEBUG] jax_fem: DeviceProblem: computing Jacobian on device
[07-02 12:15:16][DEBUG] jax_fem: Function split_and_compute_cell took 0.0306 seconds
[07-02 12:15:16][DEBUG] jax_fem: CuDSSNewtonSolver: iter=1  res=1.501e-05  rel=6.771e-14
[07-02 12:15:16][INFO] jax_fem: CuDSSNewtonSolver: solve finished in 0.12s  res=1.501e-05
[07-02 12:15:16][DEBUG] jax_fem: CuDSSNewtonSolver: starting Newton loop
[07-02 12:15:16][DEBUG] jax_fem: DeviceProblem: computing Jacobian on device
[07-02 12:15:16][DEBUG] jax_fem: Function split_and_compute_cell took 0.0339 seconds
[07-02 12:15:16][DEBUG] jax_fem: CuDSSNewtonSolver: initial residual = 2.211e+08
[07-02 12:15:16][DEBUG] jax_fem: DeviceProblem: computing Jacobian on device
[07-02 12:15:16][DEBUG] jax_fem: Function split_and_compute_cell took 0.0279 seconds
[07-02 12:15:16][DEBUG] jax_fem: CuDSSNewtonSolver: iter=1  res=1.628e-05  rel=7.364e-14
[07-02 12:15:16][INFO] jax_fem: CuDSSNewtonSolver: solve finished in 0.10s  res=1.628e-05
[07-02 12:15:16][DEBUG] jax_fem: CuDSSNewtonSolver: starting Newton loop
[07-02 12:15:16][DEBUG] jax_fem: DeviceProblem: computing Jacobian on device
[07-02 12:15:16][DEBUG] jax_fem: Function split_and_compute_cell took 0.0583 seconds
[07-02 12:15:16][DEBUG] jax_fem: CuDSSNewtonSolver: initial residual = 2.236e+08
[07-02 12:15:16][DEBUG] jax_fem: DeviceProblem: computing Jacobian on device
[07-02 12:15:17][DEBUG] jax_fem: Function split_and_compute_cell took 0.0358 seconds
[07-02 12:15:17][DEBUG] jax_fem: CuDSSNewtonSolver: iter=1  res=1.532e-05  rel=6.851e-14
[07-02 12:15:17][INFO] jax_fem: CuDSSNewtonSolver: solve finished in 0.14s  res=1.532e-05
[07-02 12:15:17][DEBUG] jax_fem: CuDSSNewtonSolver: starting Newton loop
[07-02 12:15:17][DEBUG] jax_fem: DeviceProblem: computing Jacobian on device
[07-02 12:15:17][DEBUG] jax_fem: Function split_and_compute_cell took 0.0306 seconds
[07-02 12:15:17][DEBUG] jax_fem: CuDSSNewtonSolver: initial residual = 2.223e+08
[07-02 12:15:17][DEBUG] jax_fem: DeviceProblem: computing Jacobian on device
[07-02 12:15:17][DEBUG] jax_fem: Function split_and_compute_cell took 0.0429 seconds
[07-02 12:15:17][DEBUG] jax_fem: CuDSSNewtonSolver: iter=1  res=1.377e-05  rel=6.195e-14
[07-02 12:15:17][INFO] jax_fem: CuDSSNewtonSolver: solve finished in 0.12s  res=1.377e-05
[07-02 12:15:19][DEBUG] jax_fem: CuDSSNewtonSolver: starting Newton loop
[07-02 12:15:19][DEBUG] jax_fem: DeviceProblem: computing Jacobian on device
[07-02 12:15:19][DEBUG] jax_fem: Function split_and_compute_cell took 0.0272 seconds
[07-02 12:15:19][DEBUG] jax_fem: CuDSSNewtonSolver: initial residual = 2.235e+08
[07-02 12:15:19][DEBUG] jax_fem: DeviceProblem: computing Jacobian on device
[07-02 12:15:19][DEBUG] jax_fem: Function split_and_compute_cell took 0.0269 seconds
[07-02 12:15:19][DEBUG] jax_fem: CuDSSNewtonSolver: iter=1  res=1.600e-05  rel=7.158e-14
[07-02 12:15:19][INFO] jax_fem: CuDSSNewtonSolver: solve finished in 0.09s  res=1.600e-05
[07-02 12:15:19][DEBUG] jax_fem: CuDSSNewtonSolver: starting Newton loop
[07-02 12:15:19][DEBUG] jax_fem: DeviceProblem: computing Jacobian on device
[07-02 12:15:19][DEBUG] jax_fem: Function split_and_compute_cell took 0.0262 seconds
[07-02 12:15:19][DEBUG] jax_fem: CuDSSNewtonSolver: initial residual = 2.216e+08
[07-02 12:15:19][DEBUG] jax_fem: DeviceProblem: computing Jacobian on device
[07-02 12:15:19][DEBUG] jax_fem: Function split_and_compute_cell took 0.0262 seconds
[07-02 12:15:19][DEBUG] jax_fem: CuDSSNewtonSolver: iter=1  res=1.562e-05  rel=7.047e-14
[07-02 12:15:19][INFO] jax_fem: CuDSSNewtonSolver: solve finished in 0.09s  res=1.562e-05
[07-02 12:15:20][DEBUG] jax_fem: CuDSSNewtonSolver: starting Newton loop
[07-02 12:15:20][DEBUG] jax_fem: DeviceProblem: computing Jacobian on device
[07-02 12:15:20][DEBUG] jax_fem: Function split_and_compute_cell took 0.0265 seconds
[07-02 12:15:20][DEBUG] jax_fem: CuDSSNewtonSolver: initial residual = 2.211e+08
[07-02 12:15:20][DEBUG] jax_fem: DeviceProblem: computing Jacobian on device
[07-02 12:15:20][DEBUG] jax_fem: Function split_and_compute_cell took 0.0266 seconds
[07-02 12:15:20][DEBUG] jax_fem: CuDSSNewtonSolver: iter=1  res=1.647e-05  rel=7.450e-14
[07-02 12:15:20][INFO] jax_fem: CuDSSNewtonSolver: solve finished in 0.09s  res=1.647e-05
[07-02 12:15:20][DEBUG] jax_fem: CuDSSNewtonSolver: starting Newton loop
[07-02 12:15:20][DEBUG] jax_fem: DeviceProblem: computing Jacobian on device
[07-02 12:15:20][DEBUG] jax_fem: Function split_and_compute_cell took 0.0263 seconds
[07-02 12:15:20][DEBUG] jax_fem: CuDSSNewtonSolver: initial residual = 2.236e+08
[07-02 12:15:20][DEBUG] jax_fem: DeviceProblem: computing Jacobian on device
[07-02 12:15:20][DEBUG] jax_fem: Function split_and_compute_cell took 0.0283 seconds
[07-02 12:15:20][DEBUG] jax_fem: CuDSSNewtonSolver: iter=1  res=1.566e-05  rel=7.004e-14
[07-02 12:15:20][INFO] jax_fem: CuDSSNewtonSolver: solve finished in 0.09s  res=1.566e-05
[07-02 12:15:21][DEBUG] jax_fem: CuDSSNewtonSolver: starting Newton loop
[07-02 12:15:21][DEBUG] jax_fem: DeviceProblem: computing Jacobian on device
[07-02 12:15:21][DEBUG] jax_fem: Function split_and_compute_cell took 0.0270 seconds
[07-02 12:15:21][DEBUG] jax_fem: CuDSSNewtonSolver: initial residual = 2.223e+08
[07-02 12:15:21][DEBUG] jax_fem: DeviceProblem: computing Jacobian on device
[07-02 12:15:21][DEBUG] jax_fem: Function split_and_compute_cell took 0.0260 seconds
[07-02 12:15:21][DEBUG] jax_fem: CuDSSNewtonSolver: iter=1  res=1.397e-05  rel=6.283e-14
[07-02 12:15:21][INFO] jax_fem: CuDSSNewtonSolver: solve finished in 0.09s  res=1.397e-05
[07-02 12:15:21][INFO] jax_fem: CuDSS backward: solving adjoint problem …
[07-02 12:15:21][DEBUG] jax_fem: DeviceProblem: computing Jacobian on device
[07-02 12:15:21][DEBUG] jax_fem: Function split_and_compute_cell took 0.0458 seconds
[07-02 12:15:21][DEBUG] jax_fem: Computing cell residual...
[07-02 12:15:21][DEBUG] jax_fem: Function split_and_compute_cell took 0.0674 seconds
[07-02 12:15:22][INFO] jax_fem: CuDSS backward: solving adjoint problem …
[07-02 12:15:22][DEBUG] jax_fem: DeviceProblem: computing Jacobian on device
[07-02 12:15:22][DEBUG] jax_fem: Function split_and_compute_cell took 0.0405 seconds
[07-02 12:15:22][DEBUG] jax_fem: Computing cell residual...
[07-02 12:15:22][DEBUG] jax_fem: Function split_and_compute_cell took 0.0720 seconds
[07-02 12:15:22][INFO] jax_fem: CuDSS backward: solving adjoint problem …
[07-02 12:15:22][DEBUG] jax_fem: DeviceProblem: computing Jacobian on device
[07-02 12:15:22][DEBUG] jax_fem: Function split_and_compute_cell took 0.0238 seconds
[07-02 12:15:22][DEBUG] jax_fem: Computing cell residual...
[07-02 12:15:22][DEBUG] jax_fem: Function split_and_compute_cell took 0.0656 seconds
[07-02 12:15:22][INFO] jax_fem: CuDSS backward: solving adjoint problem …
[07-02 12:15:22][DEBUG] jax_fem: DeviceProblem: computing Jacobian on device
[07-02 12:15:22][DEBUG] jax_fem: Function split_and_compute_cell took 0.0310 seconds
[07-02 12:15:22][DEBUG] jax_fem: Computing cell residual...
[07-02 12:15:22][DEBUG] jax_fem: Function split_and_compute_cell took 0.0663 seconds
[07-02 12:15:23][INFO] jax_fem: CuDSS backward: solving adjoint problem …
[07-02 12:15:23][DEBUG] jax_fem: DeviceProblem: computing Jacobian on device
[07-02 12:15:23][DEBUG] jax_fem: Function split_and_compute_cell took 0.0428 seconds
[07-02 12:15:23][DEBUG] jax_fem: Computing cell residual...
[07-02 12:15:23][DEBUG] jax_fem: Function split_and_compute_cell took 0.0683 seconds
[07-02 12:15:24][DEBUG] jax_fem: CuDSSNewtonSolver: starting Newton loop
[07-02 12:15:24][DEBUG] jax_fem: DeviceProblem: computing Jacobian on device
[07-02 12:15:24][DEBUG] jax_fem: Function split_and_compute_cell took 0.0305 seconds
[07-02 12:15:24][DEBUG] jax_fem: CuDSSNewtonSolver: initial residual = 2.235e+08
[07-02 12:15:24][DEBUG] jax_fem: DeviceProblem: computing Jacobian on device
[07-02 12:15:24][DEBUG] jax_fem: Function split_and_compute_cell took 0.0500 seconds
[07-02 12:15:24][DEBUG] jax_fem: CuDSSNewtonSolver: iter=1  res=1.583e-05  rel=7.083e-14
[07-02 12:15:24][INFO] jax_fem: CuDSSNewtonSolver: solve finished in 0.12s  res=1.583e-05
[07-02 12:15:25][DEBUG] jax_fem: CuDSSNewtonSolver: starting Newton loop
[07-02 12:15:25][DEBUG] jax_fem: DeviceProblem: computing Jacobian on device
[07-02 12:15:25][DEBUG] jax_fem: Function split_and_compute_cell took 0.0267 seconds
[07-02 12:15:25][DEBUG] jax_fem: CuDSSNewtonSolver: initial residual = 2.216e+08
[07-02 12:15:25][DEBUG] jax_fem: DeviceProblem: computing Jacobian on device
[07-02 12:15:25][DEBUG] jax_fem: Function split_and_compute_cell took 0.0336 seconds
[07-02 12:15:25][DEBUG] jax_fem: CuDSSNewtonSolver: iter=1  res=1.451e-05  rel=6.549e-14
[07-02 12:15:25][INFO] jax_fem: CuDSSNewtonSolver: solve finished in 0.10s  res=1.451e-05
[07-02 12:15:25][DEBUG] jax_fem: CuDSSNewtonSolver: starting Newton loop
[07-02 12:15:25][DEBUG] jax_fem: DeviceProblem: computing Jacobian on device
[07-02 12:15:25][DEBUG] jax_fem: Function split_and_compute_cell took 0.0241 seconds
[07-02 12:15:25][DEBUG] jax_fem: CuDSSNewtonSolver: initial residual = 2.211e+08
[07-02 12:15:25][DEBUG] jax_fem: DeviceProblem: computing Jacobian on device
[07-02 12:15:25][DEBUG] jax_fem: Function split_and_compute_cell took 0.0293 seconds
[07-02 12:15:25][DEBUG] jax_fem: CuDSSNewtonSolver: iter=1  res=1.604e-05  rel=7.255e-14
[07-02 12:15:25][INFO] jax_fem: CuDSSNewtonSolver: solve finished in 0.10s  res=1.604e-05
[07-02 12:15:25][DEBUG] jax_fem: CuDSSNewtonSolver: starting Newton loop
[07-02 12:15:25][DEBUG] jax_fem: DeviceProblem: computing Jacobian on device
[07-02 12:15:25][DEBUG] jax_fem: Function split_and_compute_cell took 0.0244 seconds
[07-02 12:15:25][DEBUG] jax_fem: CuDSSNewtonSolver: initial residual = 2.236e+08
[07-02 12:15:25][DEBUG] jax_fem: DeviceProblem: computing Jacobian on device
[07-02 12:15:26][DEBUG] jax_fem: Function split_and_compute_cell took 0.0358 seconds
[07-02 12:15:26][DEBUG] jax_fem: CuDSSNewtonSolver: iter=1  res=1.546e-05  rel=6.912e-14
[07-02 12:15:26][INFO] jax_fem: CuDSSNewtonSolver: solve finished in 0.10s  res=1.546e-05
[07-02 12:15:26][DEBUG] jax_fem: CuDSSNewtonSolver: starting Newton loop
[07-02 12:15:26][DEBUG] jax_fem: DeviceProblem: computing Jacobian on device
[07-02 12:15:26][DEBUG] jax_fem: Function split_and_compute_cell took 0.0364 seconds
[07-02 12:15:26][DEBUG] jax_fem: CuDSSNewtonSolver: initial residual = 2.223e+08
[07-02 12:15:26][DEBUG] jax_fem: DeviceProblem: computing Jacobian on device
[07-02 12:15:26][DEBUG] jax_fem: Function split_and_compute_cell took 0.0249 seconds
[07-02 12:15:26][DEBUG] jax_fem: CuDSSNewtonSolver: iter=1  res=1.378e-05  rel=6.198e-14
[07-02 12:15:26][INFO] jax_fem: CuDSSNewtonSolver: solve finished in 0.10s  res=1.378e-05
[07-02 12:15:28][DEBUG] jax_fem: CuDSSNewtonSolver: starting Newton loop
[07-02 12:15:28][DEBUG] jax_fem: DeviceProblem: computing Jacobian on device
[07-02 12:15:28][DEBUG] jax_fem: Function split_and_compute_cell took 0.0260 seconds
[07-02 12:15:28][DEBUG] jax_fem: CuDSSNewtonSolver: initial residual = 2.235e+08
[07-02 12:15:28][DEBUG] jax_fem: DeviceProblem: computing Jacobian on device
[07-02 12:15:28][DEBUG] jax_fem: Function split_and_compute_cell took 0.0262 seconds
[07-02 12:15:28][DEBUG] jax_fem: CuDSSNewtonSolver: iter=1  res=1.583e-05  rel=7.084e-14
[07-02 12:15:28][INFO] jax_fem: CuDSSNewtonSolver: solve finished in 0.09s  res=1.583e-05
[07-02 12:15:28][DEBUG] jax_fem: CuDSSNewtonSolver: starting Newton loop
[07-02 12:15:28][DEBUG] jax_fem: DeviceProblem: computing Jacobian on device
[07-02 12:15:28][DEBUG] jax_fem: Function split_and_compute_cell took 0.0274 seconds
[07-02 12:15:28][DEBUG] jax_fem: CuDSSNewtonSolver: initial residual = 2.216e+08
[07-02 12:15:28][DEBUG] jax_fem: DeviceProblem: computing Jacobian on device
[07-02 12:15:28][DEBUG] jax_fem: Function split_and_compute_cell took 0.0264 seconds
[07-02 12:15:28][DEBUG] jax_fem: CuDSSNewtonSolver: iter=1  res=1.491e-05  rel=6.728e-14
[07-02 12:15:28][INFO] jax_fem: CuDSSNewtonSolver: solve finished in 0.09s  res=1.491e-05
[07-02 12:15:29][DEBUG] jax_fem: CuDSSNewtonSolver: starting Newton loop
[07-02 12:15:29][DEBUG] jax_fem: DeviceProblem: computing Jacobian on device
[07-02 12:15:29][DEBUG] jax_fem: Function split_and_compute_cell took 0.0259 seconds
[07-02 12:15:29][DEBUG] jax_fem: CuDSSNewtonSolver: initial residual = 2.211e+08
[07-02 12:15:29][DEBUG] jax_fem: DeviceProblem: computing Jacobian on device
[07-02 12:15:29][DEBUG] jax_fem: Function split_and_compute_cell took 0.0253 seconds
[07-02 12:15:29][DEBUG] jax_fem: CuDSSNewtonSolver: iter=1  res=1.590e-05  rel=7.193e-14
[07-02 12:15:29][INFO] jax_fem: CuDSSNewtonSolver: solve finished in 0.09s  res=1.590e-05
[07-02 12:15:30][DEBUG] jax_fem: CuDSSNewtonSolver: starting Newton loop
[07-02 12:15:30][DEBUG] jax_fem: DeviceProblem: computing Jacobian on device
[07-02 12:15:30][DEBUG] jax_fem: Function split_and_compute_cell took 0.0268 seconds
[07-02 12:15:30][DEBUG] jax_fem: CuDSSNewtonSolver: initial residual = 2.236e+08
[07-02 12:15:30][DEBUG] jax_fem: DeviceProblem: computing Jacobian on device
[07-02 12:15:30][DEBUG] jax_fem: Function split_and_compute_cell took 0.0268 seconds
[07-02 12:15:30][DEBUG] jax_fem: CuDSSNewtonSolver: iter=1  res=1.595e-05  rel=7.134e-14
[07-02 12:15:30][INFO] jax_fem: CuDSSNewtonSolver: solve finished in 0.09s  res=1.595e-05
[07-02 12:15:30][DEBUG] jax_fem: CuDSSNewtonSolver: starting Newton loop
[07-02 12:15:30][DEBUG] jax_fem: DeviceProblem: computing Jacobian on device
[07-02 12:15:30][DEBUG] jax_fem: Function split_and_compute_cell took 0.0265 seconds
[07-02 12:15:30][DEBUG] jax_fem: CuDSSNewtonSolver: initial residual = 2.223e+08
[07-02 12:15:30][DEBUG] jax_fem: DeviceProblem: computing Jacobian on device
[07-02 12:15:30][DEBUG] jax_fem: Function split_and_compute_cell took 0.0273 seconds
[07-02 12:15:30][DEBUG] jax_fem: CuDSSNewtonSolver: iter=1  res=1.326e-05  rel=5.964e-14
[07-02 12:15:30][INFO] jax_fem: CuDSSNewtonSolver: solve finished in 0.09s  res=1.326e-05
[07-02 12:15:30][INFO] jax_fem: CuDSS backward: solving adjoint problem …
[07-02 12:15:30][DEBUG] jax_fem: DeviceProblem: computing Jacobian on device
[07-02 12:15:30][DEBUG] jax_fem: Function split_and_compute_cell took 0.0426 seconds
[07-02 12:15:30][DEBUG] jax_fem: Computing cell residual...
[07-02 12:15:31][DEBUG] jax_fem: Function split_and_compute_cell took 0.0604 seconds
[07-02 12:15:31][INFO] jax_fem: CuDSS backward: solving adjoint problem …
[07-02 12:15:31][DEBUG] jax_fem: DeviceProblem: computing Jacobian on device
[07-02 12:15:31][DEBUG] jax_fem: Function split_and_compute_cell took 0.0242 seconds
[07-02 12:15:31][DEBUG] jax_fem: Computing cell residual...
[07-02 12:15:31][DEBUG] jax_fem: Function split_and_compute_cell took 0.0623 seconds
[07-02 12:15:31][INFO] jax_fem: CuDSS backward: solving adjoint problem …
[07-02 12:15:31][DEBUG] jax_fem: DeviceProblem: computing Jacobian on device
[07-02 12:15:31][DEBUG] jax_fem: Function split_and_compute_cell took 0.0454 seconds
[07-02 12:15:31][DEBUG] jax_fem: Computing cell residual...
[07-02 12:15:31][DEBUG] jax_fem: Function split_and_compute_cell took 0.0624 seconds
[07-02 12:15:32][INFO] jax_fem: CuDSS backward: solving adjoint problem …
[07-02 12:15:32][DEBUG] jax_fem: DeviceProblem: computing Jacobian on device
[07-02 12:15:32][DEBUG] jax_fem: Function split_and_compute_cell took 0.0290 seconds
[07-02 12:15:32][DEBUG] jax_fem: Computing cell residual...
[07-02 12:15:32][DEBUG] jax_fem: Function split_and_compute_cell took 0.0686 seconds
[07-02 12:15:32][INFO] jax_fem: CuDSS backward: solving adjoint problem …
[07-02 12:15:32][DEBUG] jax_fem: DeviceProblem: computing Jacobian on device
[07-02 12:15:32][DEBUG] jax_fem: Function split_and_compute_cell took 0.0321 seconds
[07-02 12:15:32][DEBUG] jax_fem: Computing cell residual...
[07-02 12:15:32][DEBUG] jax_fem: Function split_and_compute_cell took 0.0529 seconds
[07-02 12:15:34][DEBUG] jax_fem: CuDSSNewtonSolver: starting Newton loop
[07-02 12:15:34][DEBUG] jax_fem: DeviceProblem: computing Jacobian on device
[07-02 12:15:34][DEBUG] jax_fem: Function split_and_compute_cell took 0.0300 seconds
[07-02 12:15:34][DEBUG] jax_fem: CuDSSNewtonSolver: initial residual = 2.235e+08
[07-02 12:15:34][DEBUG] jax_fem: DeviceProblem: computing Jacobian on device
[07-02 12:15:34][DEBUG] jax_fem: Function split_and_compute_cell took 0.0344 seconds
[07-02 12:15:34][DEBUG] jax_fem: CuDSSNewtonSolver: iter=1  res=1.568e-05  rel=7.017e-14
[07-02 12:15:34][INFO] jax_fem: CuDSSNewtonSolver: solve finished in 0.11s  res=1.568e-05
[07-02 12:15:34][DEBUG] jax_fem: CuDSSNewtonSolver: starting Newton loop
[07-02 12:15:34][DEBUG] jax_fem: DeviceProblem: computing Jacobian on device
[07-02 12:15:34][DEBUG] jax_fem: Function split_and_compute_cell took 0.0356 seconds
[07-02 12:15:34][DEBUG] jax_fem: CuDSSNewtonSolver: initial residual = 2.216e+08
[07-02 12:15:34][DEBUG] jax_fem: DeviceProblem: computing Jacobian on device
[07-02 12:15:34][DEBUG] jax_fem: Function split_and_compute_cell took 0.0278 seconds
[07-02 12:15:34][DEBUG] jax_fem: CuDSSNewtonSolver: iter=1  res=1.572e-05  rel=7.093e-14
[07-02 12:15:34][INFO] jax_fem: CuDSSNewtonSolver: solve finished in 0.11s  res=1.572e-05
[07-02 12:15:34][DEBUG] jax_fem: CuDSSNewtonSolver: starting Newton loop
[07-02 12:15:34][DEBUG] jax_fem: DeviceProblem: computing Jacobian on device
[07-02 12:15:34][DEBUG] jax_fem: Function split_and_compute_cell took 0.0309 seconds
[07-02 12:15:34][DEBUG] jax_fem: CuDSSNewtonSolver: initial residual = 2.211e+08
[07-02 12:15:34][DEBUG] jax_fem: DeviceProblem: computing Jacobian on device
[07-02 12:15:34][DEBUG] jax_fem: Function split_and_compute_cell took 0.0329 seconds
[07-02 12:15:34][DEBUG] jax_fem: CuDSSNewtonSolver: iter=1  res=1.650e-05  rel=7.466e-14
[07-02 12:15:34][INFO] jax_fem: CuDSSNewtonSolver: solve finished in 0.11s  res=1.650e-05
[07-02 12:15:35][DEBUG] jax_fem: CuDSSNewtonSolver: starting Newton loop
[07-02 12:15:35][DEBUG] jax_fem: DeviceProblem: computing Jacobian on device
[07-02 12:15:35][DEBUG] jax_fem: Function split_and_compute_cell took 0.0483 seconds
[07-02 12:15:35][DEBUG] jax_fem: CuDSSNewtonSolver: initial residual = 2.236e+08
[07-02 12:15:35][DEBUG] jax_fem: DeviceProblem: computing Jacobian on device
[07-02 12:15:35][DEBUG] jax_fem: Function split_and_compute_cell took 0.0511 seconds
[07-02 12:15:35][DEBUG] jax_fem: CuDSSNewtonSolver: iter=1  res=1.543e-05  rel=6.899e-14
[07-02 12:15:35][INFO] jax_fem: CuDSSNewtonSolver: solve finished in 0.14s  res=1.543e-05
[07-02 12:15:35][DEBUG] jax_fem: CuDSSNewtonSolver: starting Newton loop
[07-02 12:15:35][DEBUG] jax_fem: DeviceProblem: computing Jacobian on device
[07-02 12:15:35][DEBUG] jax_fem: Function split_and_compute_cell took 0.0371 seconds
[07-02 12:15:35][DEBUG] jax_fem: CuDSSNewtonSolver: initial residual = 2.223e+08
[07-02 12:15:35][DEBUG] jax_fem: DeviceProblem: computing Jacobian on device
[07-02 12:15:35][DEBUG] jax_fem: Function split_and_compute_cell took 0.0547 seconds
[07-02 12:15:35][DEBUG] jax_fem: CuDSSNewtonSolver: iter=1  res=1.319e-05  rel=5.933e-14
[07-02 12:15:35][INFO] jax_fem: CuDSSNewtonSolver: solve finished in 0.13s  res=1.319e-05
[07-02 12:15:37][DEBUG] jax_fem: CuDSSNewtonSolver: starting Newton loop
[07-02 12:15:37][DEBUG] jax_fem: DeviceProblem: computing Jacobian on device
[07-02 12:15:37][DEBUG] jax_fem: Function split_and_compute_cell took 0.0245 seconds
[07-02 12:15:37][DEBUG] jax_fem: CuDSSNewtonSolver: initial residual = 2.235e+08
[07-02 12:15:37][DEBUG] jax_fem: DeviceProblem: computing Jacobian on device
[07-02 12:15:37][DEBUG] jax_fem: Function split_and_compute_cell took 0.0271 seconds
[07-02 12:15:37][DEBUG] jax_fem: CuDSSNewtonSolver: iter=1  res=1.548e-05  rel=6.927e-14
[07-02 12:15:37][INFO] jax_fem: CuDSSNewtonSolver: solve finished in 0.09s  res=1.548e-05
[07-02 12:15:37][DEBUG] jax_fem: CuDSSNewtonSolver: starting Newton loop
[07-02 12:15:37][DEBUG] jax_fem: DeviceProblem: computing Jacobian on device
[07-02 12:15:37][DEBUG] jax_fem: Function split_and_compute_cell took 0.0270 seconds
[07-02 12:15:38][DEBUG] jax_fem: CuDSSNewtonSolver: initial residual = 2.216e+08
[07-02 12:15:38][DEBUG] jax_fem: DeviceProblem: computing Jacobian on device
[07-02 12:15:38][DEBUG] jax_fem: Function split_and_compute_cell took 0.0266 seconds
[07-02 12:15:38][DEBUG] jax_fem: CuDSSNewtonSolver: iter=1  res=1.515e-05  rel=6.836e-14
[07-02 12:15:38][INFO] jax_fem: CuDSSNewtonSolver: solve finished in 0.09s  res=1.515e-05
[07-02 12:15:38][DEBUG] jax_fem: CuDSSNewtonSolver: starting Newton loop
[07-02 12:15:38][DEBUG] jax_fem: DeviceProblem: computing Jacobian on device
[07-02 12:15:38][DEBUG] jax_fem: Function split_and_compute_cell took 0.0262 seconds
[07-02 12:15:38][DEBUG] jax_fem: CuDSSNewtonSolver: initial residual = 2.211e+08
[07-02 12:15:38][DEBUG] jax_fem: DeviceProblem: computing Jacobian on device
[07-02 12:15:38][DEBUG] jax_fem: Function split_and_compute_cell took 0.0255 seconds
[07-02 12:15:38][DEBUG] jax_fem: CuDSSNewtonSolver: iter=1  res=1.551e-05  rel=7.017e-14
[07-02 12:15:38][INFO] jax_fem: CuDSSNewtonSolver: solve finished in 0.09s  res=1.551e-05
[07-02 12:15:39][DEBUG] jax_fem: CuDSSNewtonSolver: starting Newton loop
[07-02 12:15:39][DEBUG] jax_fem: DeviceProblem: computing Jacobian on device
[07-02 12:15:39][DEBUG] jax_fem: Function split_and_compute_cell took 0.0264 seconds
[07-02 12:15:39][DEBUG] jax_fem: CuDSSNewtonSolver: initial residual = 2.236e+08
[07-02 12:15:39][DEBUG] jax_fem: DeviceProblem: computing Jacobian on device
[07-02 12:15:39][DEBUG] jax_fem: Function split_and_compute_cell took 0.0272 seconds
[07-02 12:15:39][DEBUG] jax_fem: CuDSSNewtonSolver: iter=1  res=1.562e-05  rel=6.983e-14
[07-02 12:15:39][INFO] jax_fem: CuDSSNewtonSolver: solve finished in 0.09s  res=1.562e-05
[07-02 12:15:39][DEBUG] jax_fem: CuDSSNewtonSolver: starting Newton loop
[07-02 12:15:39][DEBUG] jax_fem: DeviceProblem: computing Jacobian on device
[07-02 12:15:39][DEBUG] jax_fem: Function split_and_compute_cell took 0.0252 seconds
[07-02 12:15:39][DEBUG] jax_fem: CuDSSNewtonSolver: initial residual = 2.223e+08
[07-02 12:15:39][DEBUG] jax_fem: DeviceProblem: computing Jacobian on device
[07-02 12:15:39][DEBUG] jax_fem: Function split_and_compute_cell took 0.0268 seconds
[07-02 12:15:39][DEBUG] jax_fem: CuDSSNewtonSolver: iter=1  res=1.384e-05  rel=6.224e-14
[07-02 12:15:39][INFO] jax_fem: CuDSSNewtonSolver: solve finished in 0.09s  res=1.384e-05
[07-02 12:15:40][INFO] jax_fem: CuDSS backward: solving adjoint problem …
[07-02 12:15:40][DEBUG] jax_fem: DeviceProblem: computing Jacobian on device
[07-02 12:15:40][DEBUG] jax_fem: Function split_and_compute_cell took 0.0285 seconds
[07-02 12:15:40][DEBUG] jax_fem: Computing cell residual...
[07-02 12:15:40][DEBUG] jax_fem: Function split_and_compute_cell took 0.0615 seconds
[07-02 12:15:40][INFO] jax_fem: CuDSS backward: solving adjoint problem …
[07-02 12:15:40][DEBUG] jax_fem: DeviceProblem: computing Jacobian on device
[07-02 12:15:40][DEBUG] jax_fem: Function split_and_compute_cell took 0.0320 seconds
[07-02 12:15:40][DEBUG] jax_fem: Computing cell residual...
[07-02 12:15:40][DEBUG] jax_fem: Function split_and_compute_cell took 0.0614 seconds
[07-02 12:15:40][INFO] jax_fem: CuDSS backward: solving adjoint problem …
[07-02 12:15:40][DEBUG] jax_fem: DeviceProblem: computing Jacobian on device
[07-02 12:15:40][DEBUG] jax_fem: Function split_and_compute_cell took 0.0256 seconds
[07-02 12:15:40][DEBUG] jax_fem: Computing cell residual...
[07-02 12:15:40][DEBUG] jax_fem: Function split_and_compute_cell took 0.0631 seconds
[07-02 12:15:41][INFO] jax_fem: CuDSS backward: solving adjoint problem …
[07-02 12:15:41][DEBUG] jax_fem: DeviceProblem: computing Jacobian on device
[07-02 12:15:41][DEBUG] jax_fem: Function split_and_compute_cell took 0.0445 seconds
[07-02 12:15:41][DEBUG] jax_fem: Computing cell residual...
[07-02 12:15:41][DEBUG] jax_fem: Function split_and_compute_cell took 0.0598 seconds
[07-02 12:15:41][INFO] jax_fem: CuDSS backward: solving adjoint problem …
[07-02 12:15:41][DEBUG] jax_fem: DeviceProblem: computing Jacobian on device
[07-02 12:15:41][DEBUG] jax_fem: Function split_and_compute_cell took 0.0302 seconds
[07-02 12:15:41][DEBUG] jax_fem: Computing cell residual...
[07-02 12:15:41][DEBUG] jax_fem: Function split_and_compute_cell took 0.0671 seconds
[07-02 12:15:43][DEBUG] jax_fem: CuDSSNewtonSolver: starting Newton loop
[07-02 12:15:43][DEBUG] jax_fem: DeviceProblem: computing Jacobian on device
[07-02 12:15:43][DEBUG] jax_fem: Function split_and_compute_cell took 0.0505 seconds
[07-02 12:15:43][DEBUG] jax_fem: CuDSSNewtonSolver: initial residual = 2.235e+08
[07-02 12:15:43][DEBUG] jax_fem: DeviceProblem: computing Jacobian on device
[07-02 12:15:43][DEBUG] jax_fem: Function split_and_compute_cell took 0.0397 seconds
[07-02 12:15:43][DEBUG] jax_fem: CuDSSNewtonSolver: iter=1  res=1.613e-05  rel=7.216e-14
[07-02 12:15:43][INFO] jax_fem: CuDSSNewtonSolver: solve finished in 0.14s  res=1.613e-05
[07-02 12:15:43][DEBUG] jax_fem: CuDSSNewtonSolver: starting Newton loop
[07-02 12:15:43][DEBUG] jax_fem: DeviceProblem: computing Jacobian on device
[07-02 12:15:43][DEBUG] jax_fem: Function split_and_compute_cell took 0.0399 seconds
[07-02 12:15:43][DEBUG] jax_fem: CuDSSNewtonSolver: initial residual = 2.216e+08
[07-02 12:15:43][DEBUG] jax_fem: DeviceProblem: computing Jacobian on device
[07-02 12:15:43][DEBUG] jax_fem: Function split_and_compute_cell took 0.0299 seconds
[07-02 12:15:43][DEBUG] jax_fem: CuDSSNewtonSolver: iter=1  res=1.603e-05  rel=7.232e-14
[07-02 12:15:43][INFO] jax_fem: CuDSSNewtonSolver: solve finished in 0.11s  res=1.603e-05
[07-02 12:15:44][DEBUG] jax_fem: CuDSSNewtonSolver: starting Newton loop
[07-02 12:15:44][DEBUG] jax_fem: DeviceProblem: computing Jacobian on device
[07-02 12:15:44][DEBUG] jax_fem: Function split_and_compute_cell took 0.0289 seconds
[07-02 12:15:44][DEBUG] jax_fem: CuDSSNewtonSolver: initial residual = 2.211e+08
[07-02 12:15:44][DEBUG] jax_fem: DeviceProblem: computing Jacobian on device
[07-02 12:15:44][DEBUG] jax_fem: Function split_and_compute_cell took 0.0296 seconds
[07-02 12:15:44][DEBUG] jax_fem: CuDSSNewtonSolver: iter=1  res=1.553e-05  rel=7.027e-14
[07-02 12:15:44][INFO] jax_fem: CuDSSNewtonSolver: solve finished in 0.10s  res=1.553e-05
[07-02 12:15:44][DEBUG] jax_fem: CuDSSNewtonSolver: starting Newton loop
[07-02 12:15:44][DEBUG] jax_fem: DeviceProblem: computing Jacobian on device
[07-02 12:15:44][DEBUG] jax_fem: Function split_and_compute_cell took 0.0334 seconds
[07-02 12:15:44][DEBUG] jax_fem: CuDSSNewtonSolver: initial residual = 2.236e+08
[07-02 12:15:44][DEBUG] jax_fem: DeviceProblem: computing Jacobian on device
[07-02 12:15:44][DEBUG] jax_fem: Function split_and_compute_cell took 0.0398 seconds
[07-02 12:15:44][DEBUG] jax_fem: CuDSSNewtonSolver: iter=1  res=1.526e-05  rel=6.823e-14
[07-02 12:15:44][INFO] jax_fem: CuDSSNewtonSolver: solve finished in 0.11s  res=1.526e-05
[07-02 12:15:44][DEBUG] jax_fem: CuDSSNewtonSolver: starting Newton loop
[07-02 12:15:44][DEBUG] jax_fem: DeviceProblem: computing Jacobian on device
[07-02 12:15:44][DEBUG] jax_fem: Function split_and_compute_cell took 0.0408 seconds
[07-02 12:15:44][DEBUG] jax_fem: CuDSSNewtonSolver: initial residual = 2.223e+08
[07-02 12:15:44][DEBUG] jax_fem: DeviceProblem: computing Jacobian on device
[07-02 12:15:44][DEBUG] jax_fem: Function split_and_compute_cell took 0.0426 seconds
[07-02 12:15:44][DEBUG] jax_fem: CuDSSNewtonSolver: iter=1  res=1.328e-05  rel=5.972e-14
[07-02 12:15:44][INFO] jax_fem: CuDSSNewtonSolver: solve finished in 0.13s  res=1.328e-05
[07-02 12:15:46][DEBUG] jax_fem: CuDSSNewtonSolver: starting Newton loop
[07-02 12:15:46][DEBUG] jax_fem: DeviceProblem: computing Jacobian on device
[07-02 12:15:46][DEBUG] jax_fem: Function split_and_compute_cell took 0.0266 seconds
[07-02 12:15:46][DEBUG] jax_fem: CuDSSNewtonSolver: initial residual = 2.235e+08
[07-02 12:15:46][DEBUG] jax_fem: DeviceProblem: computing Jacobian on device
[07-02 12:15:46][DEBUG] jax_fem: Function split_and_compute_cell took 0.0249 seconds
[07-02 12:15:46][DEBUG] jax_fem: CuDSSNewtonSolver: iter=1  res=1.458e-05  rel=6.526e-14
[07-02 12:15:46][INFO] jax_fem: CuDSSNewtonSolver: solve finished in 0.09s  res=1.458e-05
[07-02 12:15:47][DEBUG] jax_fem: CuDSSNewtonSolver: starting Newton loop
[07-02 12:15:47][DEBUG] jax_fem: DeviceProblem: computing Jacobian on device
[07-02 12:15:47][DEBUG] jax_fem: Function split_and_compute_cell took 0.0291 seconds
[07-02 12:15:47][DEBUG] jax_fem: CuDSSNewtonSolver: initial residual = 2.216e+08
[07-02 12:15:47][DEBUG] jax_fem: DeviceProblem: computing Jacobian on device
[07-02 12:15:47][DEBUG] jax_fem: Function split_and_compute_cell took 0.0272 seconds
[07-02 12:15:47][DEBUG] jax_fem: CuDSSNewtonSolver: iter=1  res=1.524e-05  rel=6.876e-14
[07-02 12:15:47][INFO] jax_fem: CuDSSNewtonSolver: solve finished in 0.09s  res=1.524e-05
[07-02 12:15:47][DEBUG] jax_fem: CuDSSNewtonSolver: starting Newton loop
[07-02 12:15:47][DEBUG] jax_fem: DeviceProblem: computing Jacobian on device
[07-02 12:15:47][DEBUG] jax_fem: Function split_and_compute_cell took 0.0260 seconds
[07-02 12:15:47][DEBUG] jax_fem: CuDSSNewtonSolver: initial residual = 2.211e+08
[07-02 12:15:47][DEBUG] jax_fem: DeviceProblem: computing Jacobian on device
[07-02 12:15:47][DEBUG] jax_fem: Function split_and_compute_cell took 0.0268 seconds
[07-02 12:15:47][DEBUG] jax_fem: CuDSSNewtonSolver: iter=1  res=1.645e-05  rel=7.441e-14
[07-02 12:15:47][INFO] jax_fem: CuDSSNewtonSolver: solve finished in 0.09s  res=1.645e-05
[07-02 12:15:48][DEBUG] jax_fem: CuDSSNewtonSolver: starting Newton loop
[07-02 12:15:48][DEBUG] jax_fem: DeviceProblem: computing Jacobian on device
[07-02 12:15:48][DEBUG] jax_fem: Function split_and_compute_cell took 0.0275 seconds
[07-02 12:15:48][DEBUG] jax_fem: CuDSSNewtonSolver: initial residual = 2.236e+08
[07-02 12:15:48][DEBUG] jax_fem: DeviceProblem: computing Jacobian on device
[07-02 12:15:48][DEBUG] jax_fem: Function split_and_compute_cell took 0.0262 seconds
[07-02 12:15:48][DEBUG] jax_fem: CuDSSNewtonSolver: iter=1  res=1.544e-05  rel=6.905e-14
[07-02 12:15:48][INFO] jax_fem: CuDSSNewtonSolver: solve finished in 0.09s  res=1.544e-05
[07-02 12:15:48][DEBUG] jax_fem: CuDSSNewtonSolver: starting Newton loop
[07-02 12:15:48][DEBUG] jax_fem: DeviceProblem: computing Jacobian on device
[07-02 12:15:48][DEBUG] jax_fem: Function split_and_compute_cell took 0.0254 seconds
[07-02 12:15:48][DEBUG] jax_fem: CuDSSNewtonSolver: initial residual = 2.223e+08
[07-02 12:15:49][DEBUG] jax_fem: DeviceProblem: computing Jacobian on device
[07-02 12:15:49][DEBUG] jax_fem: Function split_and_compute_cell took 0.0283 seconds
[07-02 12:15:49][DEBUG] jax_fem: CuDSSNewtonSolver: iter=1  res=1.238e-05  rel=5.568e-14
[07-02 12:15:49][INFO] jax_fem: CuDSSNewtonSolver: solve finished in 0.09s  res=1.238e-05
[07-02 12:15:49][INFO] jax_fem: CuDSS backward: solving adjoint problem …
[07-02 12:15:49][DEBUG] jax_fem: DeviceProblem: computing Jacobian on device
[07-02 12:15:49][DEBUG] jax_fem: Function split_and_compute_cell took 0.0588 seconds
[07-02 12:15:49][DEBUG] jax_fem: Computing cell residual...
[07-02 12:15:49][DEBUG] jax_fem: Function split_and_compute_cell took 0.0661 seconds
[07-02 12:15:49][INFO] jax_fem: CuDSS backward: solving adjoint problem …
[07-02 12:15:49][DEBUG] jax_fem: DeviceProblem: computing Jacobian on device
[07-02 12:15:49][DEBUG] jax_fem: Function split_and_compute_cell took 0.0452 seconds
[07-02 12:15:49][DEBUG] jax_fem: Computing cell residual...
[07-02 12:15:49][DEBUG] jax_fem: Function split_and_compute_cell took 0.0690 seconds
[07-02 12:15:49][INFO] jax_fem: CuDSS backward: solving adjoint problem …
[07-02 12:15:49][DEBUG] jax_fem: DeviceProblem: computing Jacobian on device
[07-02 12:15:49][DEBUG] jax_fem: Function split_and_compute_cell took 0.0363 seconds
[07-02 12:15:50][DEBUG] jax_fem: Computing cell residual...
[07-02 12:15:50][DEBUG] jax_fem: Function split_and_compute_cell took 0.0735 seconds
[07-02 12:15:50][INFO] jax_fem: CuDSS backward: solving adjoint problem …
[07-02 12:15:50][DEBUG] jax_fem: DeviceProblem: computing Jacobian on device
[07-02 12:15:50][DEBUG] jax_fem: Function split_and_compute_cell took 0.0291 seconds
[07-02 12:15:50][DEBUG] jax_fem: Computing cell residual...
[07-02 12:15:50][DEBUG] jax_fem: Function split_and_compute_cell took 0.0553 seconds
[07-02 12:15:50][INFO] jax_fem: CuDSS backward: solving adjoint problem …
[07-02 12:15:50][DEBUG] jax_fem: DeviceProblem: computing Jacobian on device
[07-02 12:15:50][DEBUG] jax_fem: Function split_and_compute_cell took 0.0314 seconds
[07-02 12:15:50][DEBUG] jax_fem: Computing cell residual...
[07-02 12:15:50][DEBUG] jax_fem: Function split_and_compute_cell took 0.0622 seconds
[07-02 12:15:52][DEBUG] jax_fem: CuDSSNewtonSolver: starting Newton loop
[07-02 12:15:52][DEBUG] jax_fem: DeviceProblem: computing Jacobian on device
[07-02 12:15:52][DEBUG] jax_fem: Function split_and_compute_cell took 0.0399 seconds
[07-02 12:15:52][DEBUG] jax_fem: CuDSSNewtonSolver: initial residual = 2.235e+08
[07-02 12:15:52][DEBUG] jax_fem: DeviceProblem: computing Jacobian on device
[07-02 12:15:52][DEBUG] jax_fem: Function split_and_compute_cell took 0.0244 seconds
[07-02 12:15:52][DEBUG] jax_fem: CuDSSNewtonSolver: iter=1  res=1.499e-05  rel=6.707e-14
[07-02 12:15:52][INFO] jax_fem: CuDSSNewtonSolver: solve finished in 0.11s  res=1.499e-05
[07-02 12:15:52][DEBUG] jax_fem: CuDSSNewtonSolver: starting Newton loop
[07-02 12:15:52][DEBUG] jax_fem: DeviceProblem: computing Jacobian on device
[07-02 12:15:52][DEBUG] jax_fem: Function split_and_compute_cell took 0.0426 seconds
[07-02 12:15:52][DEBUG] jax_fem: CuDSSNewtonSolver: initial residual = 2.216e+08
[07-02 12:15:52][DEBUG] jax_fem: DeviceProblem: computing Jacobian on device
[07-02 12:15:52][DEBUG] jax_fem: Function split_and_compute_cell took 0.0380 seconds
[07-02 12:15:52][DEBUG] jax_fem: CuDSSNewtonSolver: iter=1  res=1.523e-05  rel=6.872e-14
[07-02 12:15:52][INFO] jax_fem: CuDSSNewtonSolver: solve finished in 0.12s  res=1.523e-05
[07-02 12:15:53][DEBUG] jax_fem: CuDSSNewtonSolver: starting Newton loop
[07-02 12:15:53][DEBUG] jax_fem: DeviceProblem: computing Jacobian on device
[07-02 12:15:53][DEBUG] jax_fem: Function split_and_compute_cell took 0.0505 seconds
[07-02 12:15:53][DEBUG] jax_fem: CuDSSNewtonSolver: initial residual = 2.211e+08
[07-02 12:15:53][DEBUG] jax_fem: DeviceProblem: computing Jacobian on device
[07-02 12:15:53][DEBUG] jax_fem: Function split_and_compute_cell took 0.0496 seconds
[07-02 12:15:53][DEBUG] jax_fem: CuDSSNewtonSolver: iter=1  res=1.655e-05  rel=7.485e-14
[07-02 12:15:53][INFO] jax_fem: CuDSSNewtonSolver: solve finished in 0.15s  res=1.655e-05
[07-02 12:15:53][DEBUG] jax_fem: CuDSSNewtonSolver: starting Newton loop
[07-02 12:15:53][DEBUG] jax_fem: DeviceProblem: computing Jacobian on device
[07-02 12:15:53][DEBUG] jax_fem: Function split_and_compute_cell took 0.0408 seconds
[07-02 12:15:53][DEBUG] jax_fem: CuDSSNewtonSolver: initial residual = 2.236e+08
[07-02 12:15:53][DEBUG] jax_fem: DeviceProblem: computing Jacobian on device
[07-02 12:15:53][DEBUG] jax_fem: Function split_and_compute_cell took 0.0324 seconds
[07-02 12:15:53][DEBUG] jax_fem: CuDSSNewtonSolver: iter=1  res=1.502e-05  rel=6.715e-14
[07-02 12:15:53][INFO] jax_fem: CuDSSNewtonSolver: solve finished in 0.12s  res=1.502e-05
[07-02 12:15:53][DEBUG] jax_fem: CuDSSNewtonSolver: starting Newton loop
[07-02 12:15:53][DEBUG] jax_fem: DeviceProblem: computing Jacobian on device
[07-02 12:15:53][DEBUG] jax_fem: Function split_and_compute_cell took 0.0333 seconds
[07-02 12:15:53][DEBUG] jax_fem: CuDSSNewtonSolver: initial residual = 2.223e+08
[07-02 12:15:53][DEBUG] jax_fem: DeviceProblem: computing Jacobian on device
[07-02 12:15:53][DEBUG] jax_fem: Function split_and_compute_cell took 0.0474 seconds
[07-02 12:15:54][DEBUG] jax_fem: CuDSSNewtonSolver: iter=1  res=1.348e-05  rel=6.061e-14
[07-02 12:15:54][INFO] jax_fem: CuDSSNewtonSolver: solve finished in 0.12s  res=1.348e-05
[07-02 12:15:55][DEBUG] jax_fem: CuDSSNewtonSolver: starting Newton loop
[07-02 12:15:55][DEBUG] jax_fem: DeviceProblem: computing Jacobian on device
[07-02 12:15:55][DEBUG] jax_fem: Function split_and_compute_cell took 0.0276 seconds
[07-02 12:15:55][DEBUG] jax_fem: CuDSSNewtonSolver: initial residual = 2.235e+08
[07-02 12:15:55][DEBUG] jax_fem: DeviceProblem: computing Jacobian on device
[07-02 12:15:55][DEBUG] jax_fem: Function split_and_compute_cell took 0.0260 seconds
[07-02 12:15:55][DEBUG] jax_fem: CuDSSNewtonSolver: iter=1  res=1.514e-05  rel=6.773e-14
[07-02 12:15:55][INFO] jax_fem: CuDSSNewtonSolver: solve finished in 0.09s  res=1.514e-05
[07-02 12:15:56][DEBUG] jax_fem: CuDSSNewtonSolver: starting Newton loop
[07-02 12:15:56][DEBUG] jax_fem: DeviceProblem: computing Jacobian on device
[07-02 12:15:56][DEBUG] jax_fem: Function split_and_compute_cell took 0.0270 seconds
[07-02 12:15:56][DEBUG] jax_fem: CuDSSNewtonSolver: initial residual = 2.216e+08
[07-02 12:15:56][DEBUG] jax_fem: DeviceProblem: computing Jacobian on device
[07-02 12:15:56][DEBUG] jax_fem: Function split_and_compute_cell took 0.0262 seconds
[07-02 12:15:56][DEBUG] jax_fem: CuDSSNewtonSolver: iter=1  res=1.591e-05  rel=7.179e-14
[07-02 12:15:56][INFO] jax_fem: CuDSSNewtonSolver: solve finished in 0.09s  res=1.591e-05
[07-02 12:15:56][DEBUG] jax_fem: CuDSSNewtonSolver: starting Newton loop
[07-02 12:15:56][DEBUG] jax_fem: DeviceProblem: computing Jacobian on device
[07-02 12:15:57][DEBUG] jax_fem: Function split_and_compute_cell took 0.0244 seconds
[07-02 12:15:57][DEBUG] jax_fem: CuDSSNewtonSolver: initial residual = 2.211e+08
[07-02 12:15:57][DEBUG] jax_fem: DeviceProblem: computing Jacobian on device
[07-02 12:15:57][DEBUG] jax_fem: Function split_and_compute_cell took 0.0257 seconds
[07-02 12:15:57][DEBUG] jax_fem: CuDSSNewtonSolver: iter=1  res=1.594e-05  rel=7.211e-14
[07-02 12:15:57][INFO] jax_fem: CuDSSNewtonSolver: solve finished in 0.09s  res=1.594e-05
[07-02 12:15:57][DEBUG] jax_fem: CuDSSNewtonSolver: starting Newton loop
[07-02 12:15:57][DEBUG] jax_fem: DeviceProblem: computing Jacobian on device
[07-02 12:15:57][DEBUG] jax_fem: Function split_and_compute_cell took 0.0263 seconds
[07-02 12:15:57][DEBUG] jax_fem: CuDSSNewtonSolver: initial residual = 2.236e+08
[07-02 12:15:57][DEBUG] jax_fem: DeviceProblem: computing Jacobian on device
[07-02 12:15:57][DEBUG] jax_fem: Function split_and_compute_cell took 0.0266 seconds
[07-02 12:15:57][DEBUG] jax_fem: CuDSSNewtonSolver: iter=1  res=1.548e-05  rel=6.921e-14
[07-02 12:15:57][INFO] jax_fem: CuDSSNewtonSolver: solve finished in 0.09s  res=1.548e-05
[07-02 12:15:58][DEBUG] jax_fem: CuDSSNewtonSolver: starting Newton loop
[07-02 12:15:58][DEBUG] jax_fem: DeviceProblem: computing Jacobian on device
[07-02 12:15:58][DEBUG] jax_fem: Function split_and_compute_cell took 0.0272 seconds
[07-02 12:15:58][DEBUG] jax_fem: CuDSSNewtonSolver: initial residual = 2.223e+08
[07-02 12:15:58][DEBUG] jax_fem: DeviceProblem: computing Jacobian on device
[07-02 12:15:58][DEBUG] jax_fem: Function split_and_compute_cell took 0.0273 seconds
[07-02 12:15:58][DEBUG] jax_fem: CuDSSNewtonSolver: iter=1  res=1.249e-05  rel=5.616e-14
[07-02 12:15:58][INFO] jax_fem: CuDSSNewtonSolver: solve finished in 0.09s  res=1.249e-05
[07-02 12:15:58][INFO] jax_fem: CuDSS backward: solving adjoint problem …
[07-02 12:15:58][DEBUG] jax_fem: DeviceProblem: computing Jacobian on device
[07-02 12:15:58][DEBUG] jax_fem: Function split_and_compute_cell took 0.0452 seconds
[07-02 12:15:58][DEBUG] jax_fem: Computing cell residual...
[07-02 12:15:58][DEBUG] jax_fem: Function split_and_compute_cell took 0.0532 seconds
[07-02 12:15:58][INFO] jax_fem: CuDSS backward: solving adjoint problem …
[07-02 12:15:58][DEBUG] jax_fem: DeviceProblem: computing Jacobian on device
[07-02 12:15:58][DEBUG] jax_fem: Function split_and_compute_cell took 0.0248 seconds
[07-02 12:15:58][DEBUG] jax_fem: Computing cell residual...
[07-02 12:15:58][DEBUG] jax_fem: Function split_and_compute_cell took 0.0616 seconds
[07-02 12:15:59][INFO] jax_fem: CuDSS backward: solving adjoint problem …
[07-02 12:15:59][DEBUG] jax_fem: DeviceProblem: computing Jacobian on device
[07-02 12:15:59][DEBUG] jax_fem: Function split_and_compute_cell took 0.0404 seconds
[07-02 12:15:59][DEBUG] jax_fem: Computing cell residual...
[07-02 12:15:59][DEBUG] jax_fem: Function split_and_compute_cell took 0.0627 seconds
[07-02 12:15:59][INFO] jax_fem: CuDSS backward: solving adjoint problem …
[07-02 12:15:59][DEBUG] jax_fem: DeviceProblem: computing Jacobian on device
[07-02 12:15:59][DEBUG] jax_fem: Function split_and_compute_cell took 0.0395 seconds
[07-02 12:15:59][DEBUG] jax_fem: Computing cell residual...
[07-02 12:15:59][DEBUG] jax_fem: Function split_and_compute_cell took 0.0642 seconds
[07-02 12:15:59][INFO] jax_fem: CuDSS backward: solving adjoint problem …
[07-02 12:15:59][DEBUG] jax_fem: DeviceProblem: computing Jacobian on device
[07-02 12:15:59][DEBUG] jax_fem: Function split_and_compute_cell took 0.0352 seconds
[07-02 12:16:00][DEBUG] jax_fem: Computing cell residual...
[07-02 12:16:00][DEBUG] jax_fem: Function split_and_compute_cell took 0.0616 seconds
[07-02 12:16:01][DEBUG] jax_fem: CuDSSNewtonSolver: starting Newton loop
[07-02 12:16:01][DEBUG] jax_fem: DeviceProblem: computing Jacobian on device
[07-02 12:16:01][DEBUG] jax_fem: Function split_and_compute_cell took 0.0490 seconds
[07-02 12:16:01][DEBUG] jax_fem: CuDSSNewtonSolver: initial residual = 2.235e+08
[07-02 12:16:01][DEBUG] jax_fem: DeviceProblem: computing Jacobian on device
[07-02 12:16:01][DEBUG] jax_fem: Function split_and_compute_cell took 0.0374 seconds
[07-02 12:16:01][DEBUG] jax_fem: CuDSSNewtonSolver: iter=1  res=1.471e-05  rel=6.584e-14
[07-02 12:16:01][INFO] jax_fem: CuDSSNewtonSolver: solve finished in 0.13s  res=1.471e-05
[07-02 12:16:01][DEBUG] jax_fem: CuDSSNewtonSolver: starting Newton loop
[07-02 12:16:01][DEBUG] jax_fem: DeviceProblem: computing Jacobian on device
[07-02 12:16:02][DEBUG] jax_fem: Function split_and_compute_cell took 0.0290 seconds
[07-02 12:16:02][DEBUG] jax_fem: CuDSSNewtonSolver: initial residual = 2.216e+08
[07-02 12:16:02][DEBUG] jax_fem: DeviceProblem: computing Jacobian on device
[07-02 12:16:02][DEBUG] jax_fem: Function split_and_compute_cell took 0.0510 seconds
[07-02 12:16:02][DEBUG] jax_fem: CuDSSNewtonSolver: iter=1  res=1.567e-05  rel=7.071e-14
[07-02 12:16:02][INFO] jax_fem: CuDSSNewtonSolver: solve finished in 0.12s  res=1.567e-05
[07-02 12:16:02][DEBUG] jax_fem: CuDSSNewtonSolver: starting Newton loop
[07-02 12:16:02][DEBUG] jax_fem: DeviceProblem: computing Jacobian on device
[07-02 12:16:02][DEBUG] jax_fem: Function split_and_compute_cell took 0.0374 seconds
[07-02 12:16:02][DEBUG] jax_fem: CuDSSNewtonSolver: initial residual = 2.211e+08
[07-02 12:16:02][DEBUG] jax_fem: DeviceProblem: computing Jacobian on device
[07-02 12:16:02][DEBUG] jax_fem: Function split_and_compute_cell took 0.0266 seconds
[07-02 12:16:02][DEBUG] jax_fem: CuDSSNewtonSolver: iter=1  res=1.658e-05  rel=7.498e-14
[07-02 12:16:02][INFO] jax_fem: CuDSSNewtonSolver: solve finished in 0.10s  res=1.658e-05
[07-02 12:16:02][DEBUG] jax_fem: CuDSSNewtonSolver: starting Newton loop
[07-02 12:16:02][DEBUG] jax_fem: DeviceProblem: computing Jacobian on device
[07-02 12:16:02][DEBUG] jax_fem: Function split_and_compute_cell took 0.0356 seconds
[07-02 12:16:02][DEBUG] jax_fem: CuDSSNewtonSolver: initial residual = 2.236e+08
[07-02 12:16:02][DEBUG] jax_fem: DeviceProblem: computing Jacobian on device
[07-02 12:16:02][DEBUG] jax_fem: Function split_and_compute_cell took 0.0265 seconds
[07-02 12:16:02][DEBUG] jax_fem: CuDSSNewtonSolver: iter=1  res=1.566e-05  rel=7.000e-14
[07-02 12:16:02][INFO] jax_fem: CuDSSNewtonSolver: solve finished in 0.10s  res=1.566e-05
[07-02 12:16:02][DEBUG] jax_fem: CuDSSNewtonSolver: starting Newton loop
[07-02 12:16:03][DEBUG] jax_fem: DeviceProblem: computing Jacobian on device
[07-02 12:16:03][DEBUG] jax_fem: Function split_and_compute_cell took 0.0400 seconds
[07-02 12:16:03][DEBUG] jax_fem: CuDSSNewtonSolver: initial residual = 2.223e+08
[07-02 12:16:03][DEBUG] jax_fem: DeviceProblem: computing Jacobian on device
[07-02 12:16:03][DEBUG] jax_fem: Function split_and_compute_cell took 0.0614 seconds
[07-02 12:16:03][DEBUG] jax_fem: CuDSSNewtonSolver: iter=1  res=1.290e-05  rel=5.800e-14
[07-02 12:16:03][INFO] jax_fem: CuDSSNewtonSolver: solve finished in 0.15s  res=1.290e-05
[07-02 12:16:04][DEBUG] jax_fem: CuDSSNewtonSolver: starting Newton loop
[07-02 12:16:04][DEBUG] jax_fem: DeviceProblem: computing Jacobian on device
[07-02 12:16:04][DEBUG] jax_fem: Function split_and_compute_cell took 0.0273 seconds
[07-02 12:16:04][DEBUG] jax_fem: CuDSSNewtonSolver: initial residual = 2.235e+08
[07-02 12:16:04][DEBUG] jax_fem: DeviceProblem: computing Jacobian on device
[07-02 12:16:04][DEBUG] jax_fem: Function split_and_compute_cell took 0.0277 seconds
[07-02 12:16:04][DEBUG] jax_fem: CuDSSNewtonSolver: iter=1  res=1.578e-05  rel=7.060e-14
[07-02 12:16:04][INFO] jax_fem: CuDSSNewtonSolver: solve finished in 0.09s  res=1.578e-05
[07-02 12:16:05][DEBUG] jax_fem: CuDSSNewtonSolver: starting Newton loop
[07-02 12:16:05][DEBUG] jax_fem: DeviceProblem: computing Jacobian on device
[07-02 12:16:05][DEBUG] jax_fem: Function split_and_compute_cell took 0.0280 seconds
[07-02 12:16:05][DEBUG] jax_fem: CuDSSNewtonSolver: initial residual = 2.216e+08
[07-02 12:16:05][DEBUG] jax_fem: DeviceProblem: computing Jacobian on device
[07-02 12:16:05][DEBUG] jax_fem: Function split_and_compute_cell took 0.0285 seconds
[07-02 12:16:05][DEBUG] jax_fem: CuDSSNewtonSolver: iter=1  res=1.470e-05  rel=6.631e-14
[07-02 12:16:05][INFO] jax_fem: CuDSSNewtonSolver: solve finished in 0.09s  res=1.470e-05
[07-02 12:16:05][DEBUG] jax_fem: CuDSSNewtonSolver: starting Newton loop
[07-02 12:16:06][DEBUG] jax_fem: DeviceProblem: computing Jacobian on device
[07-02 12:16:06][DEBUG] jax_fem: Function split_and_compute_cell took 0.0265 seconds
[07-02 12:16:06][DEBUG] jax_fem: CuDSSNewtonSolver: initial residual = 2.211e+08
[07-02 12:16:06][DEBUG] jax_fem: DeviceProblem: computing Jacobian on device
[07-02 12:16:06][DEBUG] jax_fem: Function split_and_compute_cell took 0.0256 seconds
[07-02 12:16:06][DEBUG] jax_fem: CuDSSNewtonSolver: iter=1  res=1.637e-05  rel=7.405e-14
[07-02 12:16:06][INFO] jax_fem: CuDSSNewtonSolver: solve finished in 0.09s  res=1.637e-05
[07-02 12:16:06][DEBUG] jax_fem: CuDSSNewtonSolver: starting Newton loop
[07-02 12:16:06][DEBUG] jax_fem: DeviceProblem: computing Jacobian on device
[07-02 12:16:06][DEBUG] jax_fem: Function split_and_compute_cell took 0.0261 seconds
[07-02 12:16:06][DEBUG] jax_fem: CuDSSNewtonSolver: initial residual = 2.236e+08
[07-02 12:16:06][DEBUG] jax_fem: DeviceProblem: computing Jacobian on device
[07-02 12:16:06][DEBUG] jax_fem: Function split_and_compute_cell took 0.0270 seconds
[07-02 12:16:06][DEBUG] jax_fem: CuDSSNewtonSolver: iter=1  res=1.581e-05  rel=7.069e-14
[07-02 12:16:06][INFO] jax_fem: CuDSSNewtonSolver: solve finished in 0.09s  res=1.581e-05
[07-02 12:16:07][DEBUG] jax_fem: CuDSSNewtonSolver: starting Newton loop
[07-02 12:16:07][DEBUG] jax_fem: DeviceProblem: computing Jacobian on device
[07-02 12:16:07][DEBUG] jax_fem: Function split_and_compute_cell took 0.0261 seconds
[07-02 12:16:07][DEBUG] jax_fem: CuDSSNewtonSolver: initial residual = 2.223e+08
[07-02 12:16:07][DEBUG] jax_fem: DeviceProblem: computing Jacobian on device
[07-02 12:16:07][DEBUG] jax_fem: Function split_and_compute_cell took 0.0271 seconds
[07-02 12:16:07][DEBUG] jax_fem: CuDSSNewtonSolver: iter=1  res=1.314e-05  rel=5.909e-14
[07-02 12:16:07][INFO] jax_fem: CuDSSNewtonSolver: solve finished in 0.09s  res=1.314e-05
[07-02 12:16:07][INFO] jax_fem: CuDSS backward: solving adjoint problem …
[07-02 12:16:07][DEBUG] jax_fem: DeviceProblem: computing Jacobian on device
[07-02 12:16:07][DEBUG] jax_fem: Function split_and_compute_cell took 0.0330 seconds
[07-02 12:16:07][DEBUG] jax_fem: Computing cell residual...
[07-02 12:16:07][DEBUG] jax_fem: Function split_and_compute_cell took 0.0664 seconds
[07-02 12:16:07][INFO] jax_fem: CuDSS backward: solving adjoint problem …
[07-02 12:16:07][DEBUG] jax_fem: DeviceProblem: computing Jacobian on device
[07-02 12:16:07][DEBUG] jax_fem: Function split_and_compute_cell took 0.0461 seconds
[07-02 12:16:08][DEBUG] jax_fem: Computing cell residual...
[07-02 12:16:08][DEBUG] jax_fem: Function split_and_compute_cell took 0.0697 seconds
[07-02 12:16:08][INFO] jax_fem: CuDSS backward: solving adjoint problem …
[07-02 12:16:08][DEBUG] jax_fem: DeviceProblem: computing Jacobian on device
[07-02 12:16:08][DEBUG] jax_fem: Function split_and_compute_cell took 0.0449 seconds
[07-02 12:16:08][DEBUG] jax_fem: Computing cell residual...
[07-02 12:16:08][DEBUG] jax_fem: Function split_and_compute_cell took 0.0559 seconds
[07-02 12:16:08][INFO] jax_fem: CuDSS backward: solving adjoint problem …
[07-02 12:16:08][DEBUG] jax_fem: DeviceProblem: computing Jacobian on device
[07-02 12:16:08][DEBUG] jax_fem: Function split_and_compute_cell took 0.0243 seconds
[07-02 12:16:08][DEBUG] jax_fem: Computing cell residual...
[07-02 12:16:08][DEBUG] jax_fem: Function split_and_compute_cell took 0.0561 seconds
[07-02 12:16:09][INFO] jax_fem: CuDSS backward: solving adjoint problem …
[07-02 12:16:09][DEBUG] jax_fem: DeviceProblem: computing Jacobian on device
[07-02 12:16:09][DEBUG] jax_fem: Function split_and_compute_cell took 0.0352 seconds
[07-02 12:16:09][DEBUG] jax_fem: Computing cell residual...
[07-02 12:16:09][DEBUG] jax_fem: Function split_and_compute_cell took 0.0701 seconds
[07-02 12:16:10][DEBUG] jax_fem: CuDSSNewtonSolver: starting Newton loop
[07-02 12:16:10][DEBUG] jax_fem: DeviceProblem: computing Jacobian on device
[07-02 12:16:10][DEBUG] jax_fem: Function split_and_compute_cell took 0.0271 seconds
[07-02 12:16:10][DEBUG] jax_fem: CuDSSNewtonSolver: initial residual = 2.235e+08
[07-02 12:16:10][DEBUG] jax_fem: DeviceProblem: computing Jacobian on device
[07-02 12:16:10][DEBUG] jax_fem: Function split_and_compute_cell took 0.0311 seconds
[07-02 12:16:10][DEBUG] jax_fem: CuDSSNewtonSolver: iter=1  res=1.500e-05  rel=6.710e-14
[07-02 12:16:10][INFO] jax_fem: CuDSSNewtonSolver: solve finished in 0.10s  res=1.500e-05
[07-02 12:16:10][DEBUG] jax_fem: CuDSSNewtonSolver: starting Newton loop
[07-02 12:16:10][DEBUG] jax_fem: DeviceProblem: computing Jacobian on device
[07-02 12:16:10][DEBUG] jax_fem: Function split_and_compute_cell took 0.0428 seconds
[07-02 12:16:10][DEBUG] jax_fem: CuDSSNewtonSolver: initial residual = 2.216e+08
[07-02 12:16:10][DEBUG] jax_fem: DeviceProblem: computing Jacobian on device
[07-02 12:16:11][DEBUG] jax_fem: Function split_and_compute_cell took 0.0390 seconds
[07-02 12:16:11][DEBUG] jax_fem: CuDSSNewtonSolver: iter=1  res=1.499e-05  rel=6.763e-14
[07-02 12:16:11][INFO] jax_fem: CuDSSNewtonSolver: solve finished in 0.12s  res=1.499e-05
[07-02 12:16:11][DEBUG] jax_fem: CuDSSNewtonSolver: starting Newton loop
[07-02 12:16:11][DEBUG] jax_fem: DeviceProblem: computing Jacobian on device
[07-02 12:16:11][DEBUG] jax_fem: Function split_and_compute_cell took 0.0250 seconds
[07-02 12:16:11][DEBUG] jax_fem: CuDSSNewtonSolver: initial residual = 2.211e+08
[07-02 12:16:11][DEBUG] jax_fem: DeviceProblem: computing Jacobian on device
[07-02 12:16:11][DEBUG] jax_fem: Function split_and_compute_cell took 0.0256 seconds
[07-02 12:16:11][DEBUG] jax_fem: CuDSSNewtonSolver: iter=1  res=1.657e-05  rel=7.494e-14
[07-02 12:16:11][INFO] jax_fem: CuDSSNewtonSolver: solve finished in 0.10s  res=1.657e-05
[07-02 12:16:11][DEBUG] jax_fem: CuDSSNewtonSolver: starting Newton loop
[07-02 12:16:11][DEBUG] jax_fem: DeviceProblem: computing Jacobian on device
[07-02 12:16:11][DEBUG] jax_fem: Function split_and_compute_cell took 0.0289 seconds
[07-02 12:16:11][DEBUG] jax_fem: CuDSSNewtonSolver: initial residual = 2.236e+08
[07-02 12:16:11][DEBUG] jax_fem: DeviceProblem: computing Jacobian on device
[07-02 12:16:11][DEBUG] jax_fem: Function split_and_compute_cell took 0.0334 seconds
[07-02 12:16:11][DEBUG] jax_fem: CuDSSNewtonSolver: iter=1  res=1.555e-05  rel=6.953e-14
[07-02 12:16:11][INFO] jax_fem: CuDSSNewtonSolver: solve finished in 0.10s  res=1.555e-05
[07-02 12:16:12][DEBUG] jax_fem: CuDSSNewtonSolver: starting Newton loop
[07-02 12:16:12][DEBUG] jax_fem: DeviceProblem: computing Jacobian on device
[07-02 12:16:12][DEBUG] jax_fem: Function split_and_compute_cell took 0.0312 seconds
[07-02 12:16:12][DEBUG] jax_fem: CuDSSNewtonSolver: initial residual = 2.223e+08
[07-02 12:16:12][DEBUG] jax_fem: DeviceProblem: computing Jacobian on device
[07-02 12:16:12][DEBUG] jax_fem: Function split_and_compute_cell took 0.0344 seconds
[07-02 12:16:12][DEBUG] jax_fem: CuDSSNewtonSolver: iter=1  res=1.301e-05  rel=5.850e-14
[07-02 12:16:12][INFO] jax_fem: CuDSSNewtonSolver: solve finished in 0.11s  res=1.301e-05
[07-02 12:16:13][DEBUG] jax_fem: CuDSSNewtonSolver: starting Newton loop
[07-02 12:16:13][DEBUG] jax_fem: DeviceProblem: computing Jacobian on device
[07-02 12:16:13][DEBUG] jax_fem: Function split_and_compute_cell took 0.0273 seconds
[07-02 12:16:13][DEBUG] jax_fem: CuDSSNewtonSolver: initial residual = 2.235e+08
[07-02 12:16:13][DEBUG] jax_fem: DeviceProblem: computing Jacobian on device
[07-02 12:16:13][DEBUG] jax_fem: Function split_and_compute_cell took 0.0265 seconds
[07-02 12:16:13][DEBUG] jax_fem: CuDSSNewtonSolver: iter=1  res=1.526e-05  rel=6.830e-14
[07-02 12:16:13][INFO] jax_fem: CuDSSNewtonSolver: solve finished in 0.09s  res=1.526e-05
[07-02 12:16:14][DEBUG] jax_fem: CuDSSNewtonSolver: starting Newton loop
[07-02 12:16:14][DEBUG] jax_fem: DeviceProblem: computing Jacobian on device
[07-02 12:16:14][DEBUG] jax_fem: Function split_and_compute_cell took 0.0271 seconds
[07-02 12:16:14][DEBUG] jax_fem: CuDSSNewtonSolver: initial residual = 2.216e+08
[07-02 12:16:14][DEBUG] jax_fem: DeviceProblem: computing Jacobian on device
[07-02 12:16:14][DEBUG] jax_fem: Function split_and_compute_cell took 0.0259 seconds
[07-02 12:16:14][DEBUG] jax_fem: CuDSSNewtonSolver: iter=1  res=1.616e-05  rel=7.291e-14
[07-02 12:16:14][INFO] jax_fem: CuDSSNewtonSolver: solve finished in 0.09s  res=1.616e-05
[07-02 12:16:14][DEBUG] jax_fem: CuDSSNewtonSolver: starting Newton loop
[07-02 12:16:14][DEBUG] jax_fem: DeviceProblem: computing Jacobian on device
[07-02 12:16:15][DEBUG] jax_fem: Function split_and_compute_cell took 0.0268 seconds
[07-02 12:16:15][DEBUG] jax_fem: CuDSSNewtonSolver: initial residual = 2.211e+08
[07-02 12:16:15][DEBUG] jax_fem: DeviceProblem: computing Jacobian on device
[07-02 12:16:15][DEBUG] jax_fem: Function split_and_compute_cell took 0.0293 seconds
[07-02 12:16:15][DEBUG] jax_fem: CuDSSNewtonSolver: iter=1  res=1.604e-05  rel=7.258e-14
[07-02 12:16:15][INFO] jax_fem: CuDSSNewtonSolver: solve finished in 0.10s  res=1.604e-05
[07-02 12:16:15][DEBUG] jax_fem: CuDSSNewtonSolver: starting Newton loop
[07-02 12:16:15][DEBUG] jax_fem: DeviceProblem: computing Jacobian on device
[07-02 12:16:15][DEBUG] jax_fem: Function split_and_compute_cell took 0.0260 seconds
[07-02 12:16:15][DEBUG] jax_fem: CuDSSNewtonSolver: initial residual = 2.236e+08
[07-02 12:16:15][DEBUG] jax_fem: DeviceProblem: computing Jacobian on device
[07-02 12:16:15][DEBUG] jax_fem: Function split_and_compute_cell took 0.0270 seconds
[07-02 12:16:15][DEBUG] jax_fem: CuDSSNewtonSolver: iter=1  res=1.448e-05  rel=6.476e-14
[07-02 12:16:15][INFO] jax_fem: CuDSSNewtonSolver: solve finished in 0.09s  res=1.448e-05
[07-02 12:16:16][DEBUG] jax_fem: CuDSSNewtonSolver: starting Newton loop
[07-02 12:16:16][DEBUG] jax_fem: DeviceProblem: computing Jacobian on device
[07-02 12:16:16][DEBUG] jax_fem: Function split_and_compute_cell took 0.0257 seconds
[07-02 12:16:16][DEBUG] jax_fem: CuDSSNewtonSolver: initial residual = 2.223e+08
[07-02 12:16:16][DEBUG] jax_fem: DeviceProblem: computing Jacobian on device
[07-02 12:16:16][DEBUG] jax_fem: Function split_and_compute_cell took 0.0258 seconds
[07-02 12:16:16][DEBUG] jax_fem: CuDSSNewtonSolver: iter=1  res=1.328e-05  rel=5.971e-14
[07-02 12:16:16][INFO] jax_fem: CuDSSNewtonSolver: solve finished in 0.09s  res=1.328e-05
[07-02 12:16:16][INFO] jax_fem: CuDSS backward: solving adjoint problem …
[07-02 12:16:16][DEBUG] jax_fem: DeviceProblem: computing Jacobian on device
[07-02 12:16:16][DEBUG] jax_fem: Function split_and_compute_cell took 0.0302 seconds
[07-02 12:16:16][DEBUG] jax_fem: Computing cell residual...
[07-02 12:16:16][DEBUG] jax_fem: Function split_and_compute_cell took 0.0650 seconds
[07-02 12:16:16][INFO] jax_fem: CuDSS backward: solving adjoint problem …
[07-02 12:16:16][DEBUG] jax_fem: DeviceProblem: computing Jacobian on device
[07-02 12:16:16][DEBUG] jax_fem: Function split_and_compute_cell took 0.0258 seconds
[07-02 12:16:16][DEBUG] jax_fem: Computing cell residual...
[07-02 12:16:16][DEBUG] jax_fem: Function split_and_compute_cell took 0.0543 seconds
[07-02 12:16:17][INFO] jax_fem: CuDSS backward: solving adjoint problem …
[07-02 12:16:17][DEBUG] jax_fem: DeviceProblem: computing Jacobian on device
[07-02 12:16:17][DEBUG] jax_fem: Function split_and_compute_cell took 0.0333 seconds
[07-02 12:16:17][DEBUG] jax_fem: Computing cell residual...
[07-02 12:16:17][DEBUG] jax_fem: Function split_and_compute_cell took 0.0702 seconds
[07-02 12:16:17][INFO] jax_fem: CuDSS backward: solving adjoint problem …
[07-02 12:16:17][DEBUG] jax_fem: DeviceProblem: computing Jacobian on device
[07-02 12:16:17][DEBUG] jax_fem: Function split_and_compute_cell took 0.0438 seconds
[07-02 12:16:17][DEBUG] jax_fem: Computing cell residual...
[07-02 12:16:17][DEBUG] jax_fem: Function split_and_compute_cell took 0.0643 seconds
[07-02 12:16:17][INFO] jax_fem: CuDSS backward: solving adjoint problem …
[07-02 12:16:17][DEBUG] jax_fem: DeviceProblem: computing Jacobian on device
[07-02 12:16:17][DEBUG] jax_fem: Function split_and_compute_cell took 0.0395 seconds
[07-02 12:16:17][DEBUG] jax_fem: Computing cell residual...
[07-02 12:16:18][DEBUG] jax_fem: Function split_and_compute_cell took 0.0691 seconds
[07-02 12:16:19][DEBUG] jax_fem: CuDSSNewtonSolver: starting Newton loop
[07-02 12:16:19][DEBUG] jax_fem: DeviceProblem: computing Jacobian on device
[07-02 12:16:19][DEBUG] jax_fem: Function split_and_compute_cell took 0.0427 seconds
[07-02 12:16:19][DEBUG] jax_fem: CuDSSNewtonSolver: initial residual = 2.235e+08
[07-02 12:16:19][DEBUG] jax_fem: DeviceProblem: computing Jacobian on device
[07-02 12:16:19][DEBUG] jax_fem: Function split_and_compute_cell took 0.0240 seconds
[07-02 12:16:19][DEBUG] jax_fem: CuDSSNewtonSolver: iter=1  res=1.501e-05  rel=6.717e-14
[07-02 12:16:19][INFO] jax_fem: CuDSSNewtonSolver: solve finished in 0.11s  res=1.501e-05
[07-02 12:16:20][DEBUG] jax_fem: CuDSSNewtonSolver: starting Newton loop
[07-02 12:16:20][DEBUG] jax_fem: DeviceProblem: computing Jacobian on device
[07-02 12:16:20][DEBUG] jax_fem: Function split_and_compute_cell took 0.0391 seconds
[07-02 12:16:20][DEBUG] jax_fem: CuDSSNewtonSolver: initial residual = 2.216e+08
[07-02 12:16:20][DEBUG] jax_fem: DeviceProblem: computing Jacobian on device
[07-02 12:16:20][DEBUG] jax_fem: Function split_and_compute_cell took 0.0390 seconds
[07-02 12:16:20][DEBUG] jax_fem: CuDSSNewtonSolver: iter=1  res=1.578e-05  rel=7.120e-14
[07-02 12:16:20][INFO] jax_fem: CuDSSNewtonSolver: solve finished in 0.12s  res=1.578e-05
[07-02 12:16:20][DEBUG] jax_fem: CuDSSNewtonSolver: starting Newton loop
[07-02 12:16:20][DEBUG] jax_fem: DeviceProblem: computing Jacobian on device
[07-02 12:16:20][DEBUG] jax_fem: Function split_and_compute_cell took 0.0246 seconds
[07-02 12:16:20][DEBUG] jax_fem: CuDSSNewtonSolver: initial residual = 2.211e+08
[07-02 12:16:20][DEBUG] jax_fem: DeviceProblem: computing Jacobian on device
[07-02 12:16:20][DEBUG] jax_fem: Function split_and_compute_cell took 0.0357 seconds
[07-02 12:16:20][DEBUG] jax_fem: CuDSSNewtonSolver: iter=1  res=1.631e-05  rel=7.380e-14
[07-02 12:16:20][INFO] jax_fem: CuDSSNewtonSolver: solve finished in 0.10s  res=1.631e-05
[07-02 12:16:20][DEBUG] jax_fem: CuDSSNewtonSolver: starting Newton loop
[07-02 12:16:20][DEBUG] jax_fem: DeviceProblem: computing Jacobian on device
[07-02 12:16:20][DEBUG] jax_fem: Function split_and_compute_cell took 0.0342 seconds
[07-02 12:16:20][DEBUG] jax_fem: CuDSSNewtonSolver: initial residual = 2.236e+08
[07-02 12:16:20][DEBUG] jax_fem: DeviceProblem: computing Jacobian on device
[07-02 12:16:20][DEBUG] jax_fem: Function split_and_compute_cell took 0.0337 seconds
[07-02 12:16:20][DEBUG] jax_fem: CuDSSNewtonSolver: iter=1  res=1.564e-05  rel=6.993e-14
[07-02 12:16:20][INFO] jax_fem: CuDSSNewtonSolver: solve finished in 0.11s  res=1.564e-05
[07-02 12:16:21][DEBUG] jax_fem: CuDSSNewtonSolver: starting Newton loop
[07-02 12:16:21][DEBUG] jax_fem: DeviceProblem: computing Jacobian on device
[07-02 12:16:21][DEBUG] jax_fem: Function split_and_compute_cell took 0.0365 seconds
[07-02 12:16:21][DEBUG] jax_fem: CuDSSNewtonSolver: initial residual = 2.223e+08
[07-02 12:16:21][DEBUG] jax_fem: DeviceProblem: computing Jacobian on device
[07-02 12:16:21][DEBUG] jax_fem: Function split_and_compute_cell took 0.0369 seconds
[07-02 12:16:21][DEBUG] jax_fem: CuDSSNewtonSolver: iter=1  res=1.299e-05  rel=5.845e-14
[07-02 12:16:21][INFO] jax_fem: CuDSSNewtonSolver: solve finished in 0.12s  res=1.299e-05
[07-02 12:16:22][DEBUG] jax_fem: CuDSSNewtonSolver: starting Newton loop
[07-02 12:16:22][DEBUG] jax_fem: DeviceProblem: computing Jacobian on device
[07-02 12:16:22][DEBUG] jax_fem: Function split_and_compute_cell took 0.0251 seconds
[07-02 12:16:22][DEBUG] jax_fem: CuDSSNewtonSolver: initial residual = 2.235e+08
[07-02 12:16:22][DEBUG] jax_fem: DeviceProblem: computing Jacobian on device
[07-02 12:16:22][DEBUG] jax_fem: Function split_and_compute_cell took 0.0272 seconds
[07-02 12:16:22][DEBUG] jax_fem: CuDSSNewtonSolver: iter=1  res=1.488e-05  rel=6.660e-14
[07-02 12:16:22][INFO] jax_fem: CuDSSNewtonSolver: solve finished in 0.09s  res=1.488e-05
[07-02 12:16:23][DEBUG] jax_fem: CuDSSNewtonSolver: starting Newton loop
[07-02 12:16:23][DEBUG] jax_fem: DeviceProblem: computing Jacobian on device
[07-02 12:16:23][DEBUG] jax_fem: Function split_and_compute_cell took 0.0271 seconds
[07-02 12:16:23][DEBUG] jax_fem: CuDSSNewtonSolver: initial residual = 2.216e+08
[07-02 12:16:23][DEBUG] jax_fem: DeviceProblem: computing Jacobian on device
[07-02 12:16:23][DEBUG] jax_fem: Function split_and_compute_cell took 0.0274 seconds
[07-02 12:16:23][DEBUG] jax_fem: CuDSSNewtonSolver: iter=1  res=1.470e-05  rel=6.633e-14
[07-02 12:16:23][INFO] jax_fem: CuDSSNewtonSolver: solve finished in 0.09s  res=1.470e-05
[07-02 12:16:24][DEBUG] jax_fem: CuDSSNewtonSolver: starting Newton loop
[07-02 12:16:24][DEBUG] jax_fem: DeviceProblem: computing Jacobian on device
[07-02 12:16:24][DEBUG] jax_fem: Function split_and_compute_cell took 0.0270 seconds
[07-02 12:16:24][DEBUG] jax_fem: CuDSSNewtonSolver: initial residual = 2.211e+08
[07-02 12:16:24][DEBUG] jax_fem: DeviceProblem: computing Jacobian on device
[07-02 12:16:24][DEBUG] jax_fem: Function split_and_compute_cell took 0.0258 seconds
[07-02 12:16:24][DEBUG] jax_fem: CuDSSNewtonSolver: iter=1  res=1.611e-05  rel=7.288e-14
[07-02 12:16:24][INFO] jax_fem: CuDSSNewtonSolver: solve finished in 0.09s  res=1.611e-05
[07-02 12:16:24][DEBUG] jax_fem: CuDSSNewtonSolver: starting Newton loop
[07-02 12:16:24][DEBUG] jax_fem: DeviceProblem: computing Jacobian on device
[07-02 12:16:24][DEBUG] jax_fem: Function split_and_compute_cell took 0.0259 seconds
[07-02 12:16:24][DEBUG] jax_fem: CuDSSNewtonSolver: initial residual = 2.236e+08
[07-02 12:16:24][DEBUG] jax_fem: DeviceProblem: computing Jacobian on device
[07-02 12:16:24][DEBUG] jax_fem: Function split_and_compute_cell took 0.0273 seconds
[07-02 12:16:24][DEBUG] jax_fem: CuDSSNewtonSolver: iter=1  res=1.578e-05  rel=7.054e-14
[07-02 12:16:24][INFO] jax_fem: CuDSSNewtonSolver: solve finished in 0.09s  res=1.578e-05
[07-02 12:16:25][DEBUG] jax_fem: CuDSSNewtonSolver: starting Newton loop
[07-02 12:16:25][DEBUG] jax_fem: DeviceProblem: computing Jacobian on device
[07-02 12:16:25][DEBUG] jax_fem: Function split_and_compute_cell took 0.0269 seconds
[07-02 12:16:25][DEBUG] jax_fem: CuDSSNewtonSolver: initial residual = 2.223e+08
[07-02 12:16:25][DEBUG] jax_fem: DeviceProblem: computing Jacobian on device
[07-02 12:16:25][DEBUG] jax_fem: Function split_and_compute_cell took 0.0265 seconds
[07-02 12:16:25][DEBUG] jax_fem: CuDSSNewtonSolver: iter=1  res=1.353e-05  rel=6.087e-14
[07-02 12:16:25][INFO] jax_fem: CuDSSNewtonSolver: solve finished in 0.09s  res=1.353e-05
[07-02 12:16:25][INFO] jax_fem: CuDSS backward: solving adjoint problem …
[07-02 12:16:25][DEBUG] jax_fem: DeviceProblem: computing Jacobian on device
[07-02 12:16:25][DEBUG] jax_fem: Function split_and_compute_cell took 0.0355 seconds
[07-02 12:16:25][DEBUG] jax_fem: Computing cell residual...
[07-02 12:16:25][DEBUG] jax_fem: Function split_and_compute_cell took 0.0592 seconds
[07-02 12:16:25][INFO] jax_fem: CuDSS backward: solving adjoint problem …
[07-02 12:16:25][DEBUG] jax_fem: DeviceProblem: computing Jacobian on device
[07-02 12:16:26][DEBUG] jax_fem: Function split_and_compute_cell took 0.0357 seconds
[07-02 12:16:26][DEBUG] jax_fem: Computing cell residual...
[07-02 12:16:26][DEBUG] jax_fem: Function split_and_compute_cell took 0.0584 seconds
[07-02 12:16:26][INFO] jax_fem: CuDSS backward: solving adjoint problem …
[07-02 12:16:26][DEBUG] jax_fem: DeviceProblem: computing Jacobian on device
[07-02 12:16:26][DEBUG] jax_fem: Function split_and_compute_cell took 0.0289 seconds
[07-02 12:16:26][DEBUG] jax_fem: Computing cell residual...
[07-02 12:16:26][DEBUG] jax_fem: Function split_and_compute_cell took 0.0580 seconds
[07-02 12:16:26][INFO] jax_fem: CuDSS backward: solving adjoint problem …
[07-02 12:16:26][DEBUG] jax_fem: DeviceProblem: computing Jacobian on device
[07-02 12:16:26][DEBUG] jax_fem: Function split_and_compute_cell took 0.0335 seconds
[07-02 12:16:26][DEBUG] jax_fem: Computing cell residual...
[07-02 12:16:26][DEBUG] jax_fem: Function split_and_compute_cell took 0.0603 seconds
[07-02 12:16:27][INFO] jax_fem: CuDSS backward: solving adjoint problem …
[07-02 12:16:27][DEBUG] jax_fem: DeviceProblem: computing Jacobian on device
[07-02 12:16:27][DEBUG] jax_fem: Function split_and_compute_cell took 0.0465 seconds
[07-02 12:16:27][DEBUG] jax_fem: Computing cell residual...
[07-02 12:16:27][DEBUG] jax_fem: Function split_and_compute_cell took 0.0646 seconds
[07-02 12:16:28][DEBUG] jax_fem: CuDSSNewtonSolver: starting Newton loop
[07-02 12:16:28][DEBUG] jax_fem: DeviceProblem: computing Jacobian on device
[07-02 12:16:28][DEBUG] jax_fem: Function split_and_compute_cell took 0.0348 seconds
[07-02 12:16:28][DEBUG] jax_fem: CuDSSNewtonSolver: initial residual = 2.235e+08
[07-02 12:16:28][DEBUG] jax_fem: DeviceProblem: computing Jacobian on device
[07-02 12:16:28][DEBUG] jax_fem: Function split_and_compute_cell took 0.0256 seconds
[07-02 12:16:28][DEBUG] jax_fem: CuDSSNewtonSolver: iter=1  res=1.592e-05  rel=7.122e-14
[07-02 12:16:28][INFO] jax_fem: CuDSSNewtonSolver: solve finished in 0.10s  res=1.592e-05
[07-02 12:16:29][DEBUG] jax_fem: CuDSSNewtonSolver: starting Newton loop
[07-02 12:16:29][DEBUG] jax_fem: DeviceProblem: computing Jacobian on device
[07-02 12:16:29][DEBUG] jax_fem: Function split_and_compute_cell took 0.0545 seconds
[07-02 12:16:29][DEBUG] jax_fem: CuDSSNewtonSolver: initial residual = 2.216e+08
[07-02 12:16:29][DEBUG] jax_fem: DeviceProblem: computing Jacobian on device
[07-02 12:16:29][DEBUG] jax_fem: Function split_and_compute_cell took 0.0391 seconds
[07-02 12:16:29][DEBUG] jax_fem: CuDSSNewtonSolver: iter=1  res=1.531e-05  rel=6.909e-14
[07-02 12:16:29][INFO] jax_fem: CuDSSNewtonSolver: solve finished in 0.14s  res=1.531e-05
[07-02 12:16:29][DEBUG] jax_fem: CuDSSNewtonSolver: starting Newton loop
[07-02 12:16:29][DEBUG] jax_fem: DeviceProblem: computing Jacobian on device
[07-02 12:16:29][DEBUG] jax_fem: Function split_and_compute_cell took 0.0400 seconds
[07-02 12:16:29][DEBUG] jax_fem: CuDSSNewtonSolver: initial residual = 2.211e+08
[07-02 12:16:29][DEBUG] jax_fem: DeviceProblem: computing Jacobian on device
[07-02 12:16:29][DEBUG] jax_fem: Function split_and_compute_cell took 0.0461 seconds
[07-02 12:16:29][DEBUG] jax_fem: CuDSSNewtonSolver: iter=1  res=1.668e-05  rel=7.544e-14
[07-02 12:16:29][INFO] jax_fem: CuDSSNewtonSolver: solve finished in 0.13s  res=1.668e-05
[07-02 12:16:29][DEBUG] jax_fem: CuDSSNewtonSolver: starting Newton loop
[07-02 12:16:29][DEBUG] jax_fem: DeviceProblem: computing Jacobian on device
[07-02 12:16:29][DEBUG] jax_fem: Function split_and_compute_cell took 0.0287 seconds
[07-02 12:16:29][DEBUG] jax_fem: CuDSSNewtonSolver: initial residual = 2.236e+08
[07-02 12:16:29][DEBUG] jax_fem: DeviceProblem: computing Jacobian on device
[07-02 12:16:29][DEBUG] jax_fem: Function split_and_compute_cell took 0.0338 seconds
[07-02 12:16:29][DEBUG] jax_fem: CuDSSNewtonSolver: iter=1  res=1.482e-05  rel=6.627e-14
[07-02 12:16:29][INFO] jax_fem: CuDSSNewtonSolver: solve finished in 0.11s  res=1.482e-05
[07-02 12:16:30][DEBUG] jax_fem: CuDSSNewtonSolver: starting Newton loop
[07-02 12:16:30][DEBUG] jax_fem: DeviceProblem: computing Jacobian on device
[07-02 12:16:30][DEBUG] jax_fem: Function split_and_compute_cell took 0.0298 seconds
[07-02 12:16:30][DEBUG] jax_fem: CuDSSNewtonSolver: initial residual = 2.223e+08
[07-02 12:16:30][DEBUG] jax_fem: DeviceProblem: computing Jacobian on device
[07-02 12:16:30][DEBUG] jax_fem: Function split_and_compute_cell took 0.0331 seconds
[07-02 12:16:30][DEBUG] jax_fem: CuDSSNewtonSolver: iter=1  res=1.348e-05  rel=6.064e-14
[07-02 12:16:30][INFO] jax_fem: CuDSSNewtonSolver: solve finished in 0.10s  res=1.348e-05
[07-02 12:16:31][DEBUG] jax_fem: CuDSSNewtonSolver: starting Newton loop
[07-02 12:16:31][DEBUG] jax_fem: DeviceProblem: computing Jacobian on device
[07-02 12:16:32][DEBUG] jax_fem: Function split_and_compute_cell took 0.0271 seconds
[07-02 12:16:32][DEBUG] jax_fem: CuDSSNewtonSolver: initial residual = 2.235e+08
[07-02 12:16:32][DEBUG] jax_fem: DeviceProblem: computing Jacobian on device
[07-02 12:16:32][DEBUG] jax_fem: Function split_and_compute_cell took 0.0272 seconds
[07-02 12:16:32][DEBUG] jax_fem: CuDSSNewtonSolver: iter=1  res=1.616e-05  rel=7.232e-14
[07-02 12:16:32][INFO] jax_fem: CuDSSNewtonSolver: solve finished in 0.09s  res=1.616e-05
[07-02 12:16:32][DEBUG] jax_fem: CuDSSNewtonSolver: starting Newton loop
[07-02 12:16:32][DEBUG] jax_fem: DeviceProblem: computing Jacobian on device
[07-02 12:16:32][DEBUG] jax_fem: Function split_and_compute_cell took 0.0274 seconds
[07-02 12:16:32][DEBUG] jax_fem: CuDSSNewtonSolver: initial residual = 2.216e+08
[07-02 12:16:32][DEBUG] jax_fem: DeviceProblem: computing Jacobian on device
[07-02 12:16:32][DEBUG] jax_fem: Function split_and_compute_cell took 0.0282 seconds
[07-02 12:16:32][DEBUG] jax_fem: CuDSSNewtonSolver: iter=1  res=1.564e-05  rel=7.055e-14
[07-02 12:16:32][INFO] jax_fem: CuDSSNewtonSolver: solve finished in 0.09s  res=1.564e-05
[07-02 12:16:33][DEBUG] jax_fem: CuDSSNewtonSolver: starting Newton loop
[07-02 12:16:33][DEBUG] jax_fem: DeviceProblem: computing Jacobian on device
[07-02 12:16:33][DEBUG] jax_fem: Function split_and_compute_cell took 0.0282 seconds
[07-02 12:16:33][DEBUG] jax_fem: CuDSSNewtonSolver: initial residual = 2.211e+08
[07-02 12:16:33][DEBUG] jax_fem: DeviceProblem: computing Jacobian on device
[07-02 12:16:33][DEBUG] jax_fem: Function split_and_compute_cell took 0.0253 seconds
[07-02 12:16:33][DEBUG] jax_fem: CuDSSNewtonSolver: iter=1  res=1.731e-05  rel=7.832e-14
[07-02 12:16:33][INFO] jax_fem: CuDSSNewtonSolver: solve finished in 0.09s  res=1.731e-05
[07-02 12:16:33][DEBUG] jax_fem: CuDSSNewtonSolver: starting Newton loop
[07-02 12:16:33][DEBUG] jax_fem: DeviceProblem: computing Jacobian on device
[07-02 12:16:33][DEBUG] jax_fem: Function split_and_compute_cell took 0.0262 seconds
[07-02 12:16:33][DEBUG] jax_fem: CuDSSNewtonSolver: initial residual = 2.236e+08
[07-02 12:16:33][DEBUG] jax_fem: DeviceProblem: computing Jacobian on device
[07-02 12:16:33][DEBUG] jax_fem: Function split_and_compute_cell took 0.0284 seconds
[07-02 12:16:33][DEBUG] jax_fem: CuDSSNewtonSolver: iter=1  res=1.488e-05  rel=6.654e-14
[07-02 12:16:33][INFO] jax_fem: CuDSSNewtonSolver: solve finished in 0.09s  res=1.488e-05
[07-02 12:16:34][DEBUG] jax_fem: CuDSSNewtonSolver: starting Newton loop
[07-02 12:16:34][DEBUG] jax_fem: DeviceProblem: computing Jacobian on device
[07-02 12:16:34][DEBUG] jax_fem: Function split_and_compute_cell took 0.0278 seconds
[07-02 12:16:34][DEBUG] jax_fem: CuDSSNewtonSolver: initial residual = 2.223e+08
[07-02 12:16:34][DEBUG] jax_fem: DeviceProblem: computing Jacobian on device
[07-02 12:16:34][DEBUG] jax_fem: Function split_and_compute_cell took 0.0284 seconds
[07-02 12:16:34][DEBUG] jax_fem: CuDSSNewtonSolver: iter=1  res=1.324e-05  rel=5.956e-14
[07-02 12:16:34][INFO] jax_fem: CuDSSNewtonSolver: solve finished in 0.09s  res=1.324e-05
[07-02 12:16:34][INFO] jax_fem: CuDSS backward: solving adjoint problem …
[07-02 12:16:34][DEBUG] jax_fem: DeviceProblem: computing Jacobian on device
[07-02 12:16:34][DEBUG] jax_fem: Function split_and_compute_cell took 0.0350 seconds
[07-02 12:16:34][DEBUG] jax_fem: Computing cell residual...
[07-02 12:16:34][DEBUG] jax_fem: Function split_and_compute_cell took 0.0617 seconds
[07-02 12:16:35][INFO] jax_fem: CuDSS backward: solving adjoint problem …
[07-02 12:16:35][DEBUG] jax_fem: DeviceProblem: computing Jacobian on device
[07-02 12:16:35][DEBUG] jax_fem: Function split_and_compute_cell took 0.0522 seconds
[07-02 12:16:35][DEBUG] jax_fem: Computing cell residual...
[07-02 12:16:35][DEBUG] jax_fem: Function split_and_compute_cell took 0.0636 seconds
[07-02 12:16:35][INFO] jax_fem: CuDSS backward: solving adjoint problem …
[07-02 12:16:35][DEBUG] jax_fem: DeviceProblem: computing Jacobian on device
[07-02 12:16:35][DEBUG] jax_fem: Function split_and_compute_cell took 0.0411 seconds
[07-02 12:16:35][DEBUG] jax_fem: Computing cell residual...
[07-02 12:16:35][DEBUG] jax_fem: Function split_and_compute_cell took 0.0635 seconds
[07-02 12:16:35][INFO] jax_fem: CuDSS backward: solving adjoint problem …
[07-02 12:16:35][DEBUG] jax_fem: DeviceProblem: computing Jacobian on device
[07-02 12:16:36][DEBUG] jax_fem: Function split_and_compute_cell took 0.0510 seconds
[07-02 12:16:36][DEBUG] jax_fem: Computing cell residual...
[07-02 12:16:36][DEBUG] jax_fem: Function split_and_compute_cell took 0.0549 seconds
[07-02 12:16:36][INFO] jax_fem: CuDSS backward: solving adjoint problem …
[07-02 12:16:36][DEBUG] jax_fem: DeviceProblem: computing Jacobian on device
[07-02 12:16:36][DEBUG] jax_fem: Function split_and_compute_cell took 0.0400 seconds
[07-02 12:16:36][DEBUG] jax_fem: Computing cell residual...
[07-02 12:16:36][DEBUG] jax_fem: Function split_and_compute_cell took 0.0733 seconds
[07-02 12:16:38][DEBUG] jax_fem: CuDSSNewtonSolver: starting Newton loop
[07-02 12:16:38][DEBUG] jax_fem: DeviceProblem: computing Jacobian on device
[07-02 12:16:38][DEBUG] jax_fem: Function split_and_compute_cell took 0.0353 seconds
[07-02 12:16:38][DEBUG] jax_fem: CuDSSNewtonSolver: initial residual = 2.235e+08
[07-02 12:16:38][DEBUG] jax_fem: DeviceProblem: computing Jacobian on device
[07-02 12:16:38][DEBUG] jax_fem: Function split_and_compute_cell took 0.0402 seconds
[07-02 12:16:38][DEBUG] jax_fem: CuDSSNewtonSolver: iter=1  res=1.486e-05  rel=6.648e-14
[07-02 12:16:38][INFO] jax_fem: CuDSSNewtonSolver: solve finished in 0.12s  res=1.486e-05
[07-02 12:16:38][DEBUG] jax_fem: CuDSSNewtonSolver: starting Newton loop
[07-02 12:16:38][DEBUG] jax_fem: DeviceProblem: computing Jacobian on device
[07-02 12:16:38][DEBUG] jax_fem: Function split_and_compute_cell took 0.0409 seconds
[07-02 12:16:38][DEBUG] jax_fem: CuDSSNewtonSolver: initial residual = 2.216e+08
[07-02 12:16:38][DEBUG] jax_fem: DeviceProblem: computing Jacobian on device
[07-02 12:16:38][DEBUG] jax_fem: Function split_and_compute_cell took 0.0541 seconds
[07-02 12:16:38][DEBUG] jax_fem: CuDSSNewtonSolver: iter=1  res=1.560e-05  rel=7.037e-14
[07-02 12:16:38][INFO] jax_fem: CuDSSNewtonSolver: solve finished in 0.14s  res=1.560e-05
[07-02 12:16:38][DEBUG] jax_fem: CuDSSNewtonSolver: starting Newton loop
[07-02 12:16:38][DEBUG] jax_fem: DeviceProblem: computing Jacobian on device
[07-02 12:16:38][DEBUG] jax_fem: Function split_and_compute_cell took 0.0338 seconds
[07-02 12:16:38][DEBUG] jax_fem: CuDSSNewtonSolver: initial residual = 2.211e+08
[07-02 12:16:38][DEBUG] jax_fem: DeviceProblem: computing Jacobian on device
[07-02 12:16:38][DEBUG] jax_fem: Function split_and_compute_cell took 0.0354 seconds
[07-02 12:16:38][DEBUG] jax_fem: CuDSSNewtonSolver: iter=1  res=1.577e-05  rel=7.132e-14
[07-02 12:16:38][INFO] jax_fem: CuDSSNewtonSolver: solve finished in 0.12s  res=1.577e-05
[07-02 12:16:39][DEBUG] jax_fem: CuDSSNewtonSolver: starting Newton loop
[07-02 12:16:39][DEBUG] jax_fem: DeviceProblem: computing Jacobian on device
[07-02 12:16:39][DEBUG] jax_fem: Function split_and_compute_cell took 0.0549 seconds
[07-02 12:16:39][DEBUG] jax_fem: CuDSSNewtonSolver: initial residual = 2.236e+08
[07-02 12:16:39][DEBUG] jax_fem: DeviceProblem: computing Jacobian on device
[07-02 12:16:39][DEBUG] jax_fem: Function split_and_compute_cell took 0.0414 seconds
[07-02 12:16:39][DEBUG] jax_fem: CuDSSNewtonSolver: iter=1  res=1.575e-05  rel=7.043e-14
[07-02 12:16:39][INFO] jax_fem: CuDSSNewtonSolver: solve finished in 0.13s  res=1.575e-05
[07-02 12:16:39][DEBUG] jax_fem: CuDSSNewtonSolver: starting Newton loop
[07-02 12:16:39][DEBUG] jax_fem: DeviceProblem: computing Jacobian on device
[07-02 12:16:39][DEBUG] jax_fem: Function split_and_compute_cell took 0.0418 seconds
[07-02 12:16:39][DEBUG] jax_fem: CuDSSNewtonSolver: initial residual = 2.223e+08
[07-02 12:16:39][DEBUG] jax_fem: DeviceProblem: computing Jacobian on device
[07-02 12:16:39][DEBUG] jax_fem: Function split_and_compute_cell took 0.0297 seconds
[07-02 12:16:39][DEBUG] jax_fem: CuDSSNewtonSolver: iter=1  res=1.363e-05  rel=6.131e-14
[07-02 12:16:39][INFO] jax_fem: CuDSSNewtonSolver: solve finished in 0.11s  res=1.363e-05
[07-02 12:16:41][DEBUG] jax_fem: CuDSSNewtonSolver: starting Newton loop
[07-02 12:16:41][DEBUG] jax_fem: DeviceProblem: computing Jacobian on device
[07-02 12:16:41][DEBUG] jax_fem: Function split_and_compute_cell took 0.0271 seconds
[07-02 12:16:41][DEBUG] jax_fem: CuDSSNewtonSolver: initial residual = 2.235e+08
[07-02 12:16:41][DEBUG] jax_fem: DeviceProblem: computing Jacobian on device
[07-02 12:16:41][DEBUG] jax_fem: Function split_and_compute_cell took 0.0274 seconds
[07-02 12:16:41][DEBUG] jax_fem: CuDSSNewtonSolver: iter=1  res=1.560e-05  rel=6.982e-14
[07-02 12:16:41][INFO] jax_fem: CuDSSNewtonSolver: solve finished in 0.09s  res=1.560e-05
[07-02 12:16:42][DEBUG] jax_fem: CuDSSNewtonSolver: starting Newton loop
[07-02 12:16:42][DEBUG] jax_fem: DeviceProblem: computing Jacobian on device
[07-02 12:16:42][DEBUG] jax_fem: Function split_and_compute_cell took 0.0276 seconds
[07-02 12:16:42][DEBUG] jax_fem: CuDSSNewtonSolver: initial residual = 2.216e+08
[07-02 12:16:42][DEBUG] jax_fem: DeviceProblem: computing Jacobian on device
[07-02 12:16:42][DEBUG] jax_fem: Function split_and_compute_cell took 0.0270 seconds
[07-02 12:16:42][DEBUG] jax_fem: CuDSSNewtonSolver: iter=1  res=1.545e-05  rel=6.970e-14
[07-02 12:16:42][INFO] jax_fem: CuDSSNewtonSolver: solve finished in 0.09s  res=1.545e-05
[07-02 12:16:42][DEBUG] jax_fem: CuDSSNewtonSolver: starting Newton loop
[07-02 12:16:42][DEBUG] jax_fem: DeviceProblem: computing Jacobian on device
[07-02 12:16:42][DEBUG] jax_fem: Function split_and_compute_cell took 0.0267 seconds
[07-02 12:16:42][DEBUG] jax_fem: CuDSSNewtonSolver: initial residual = 2.211e+08
[07-02 12:16:42][DEBUG] jax_fem: DeviceProblem: computing Jacobian on device
[07-02 12:16:42][DEBUG] jax_fem: Function split_and_compute_cell took 0.0262 seconds
[07-02 12:16:42][DEBUG] jax_fem: CuDSSNewtonSolver: iter=1  res=1.593e-05  rel=7.204e-14
[07-02 12:16:42][INFO] jax_fem: CuDSSNewtonSolver: solve finished in 0.09s  res=1.593e-05
[07-02 12:16:43][DEBUG] jax_fem: CuDSSNewtonSolver: starting Newton loop
[07-02 12:16:43][DEBUG] jax_fem: DeviceProblem: computing Jacobian on device
[07-02 12:16:43][DEBUG] jax_fem: Function split_and_compute_cell took 0.0266 seconds
[07-02 12:16:43][DEBUG] jax_fem: CuDSSNewtonSolver: initial residual = 2.236e+08
[07-02 12:16:43][DEBUG] jax_fem: DeviceProblem: computing Jacobian on device
[07-02 12:16:43][DEBUG] jax_fem: Function split_and_compute_cell took 0.0261 seconds
[07-02 12:16:43][DEBUG] jax_fem: CuDSSNewtonSolver: iter=1  res=1.505e-05  rel=6.731e-14
[07-02 12:16:43][INFO] jax_fem: CuDSSNewtonSolver: solve finished in 0.09s  res=1.505e-05
[07-02 12:16:43][DEBUG] jax_fem: CuDSSNewtonSolver: starting Newton loop
[07-02 12:16:43][DEBUG] jax_fem: DeviceProblem: computing Jacobian on device
[07-02 12:16:43][DEBUG] jax_fem: Function split_and_compute_cell took 0.0257 seconds
[07-02 12:16:43][DEBUG] jax_fem: CuDSSNewtonSolver: initial residual = 2.223e+08
[07-02 12:16:43][DEBUG] jax_fem: DeviceProblem: computing Jacobian on device
[07-02 12:16:43][DEBUG] jax_fem: Function split_and_compute_cell took 0.0264 seconds
[07-02 12:16:43][DEBUG] jax_fem: CuDSSNewtonSolver: iter=1  res=1.339e-05  rel=6.023e-14
[07-02 12:16:43][INFO] jax_fem: CuDSSNewtonSolver: solve finished in 0.09s  res=1.339e-05
[07-02 12:16:44][INFO] jax_fem: CuDSS backward: solving adjoint problem …
[07-02 12:16:44][DEBUG] jax_fem: DeviceProblem: computing Jacobian on device
[07-02 12:16:44][DEBUG] jax_fem: Function split_and_compute_cell took 0.0416 seconds
[07-02 12:16:44][DEBUG] jax_fem: Computing cell residual...
[07-02 12:16:44][DEBUG] jax_fem: Function split_and_compute_cell took 0.0650 seconds
[07-02 12:16:44][INFO] jax_fem: CuDSS backward: solving adjoint problem …
[07-02 12:16:44][DEBUG] jax_fem: DeviceProblem: computing Jacobian on device
[07-02 12:16:44][DEBUG] jax_fem: Function split_and_compute_cell took 0.0243 seconds
[07-02 12:16:44][DEBUG] jax_fem: Computing cell residual...
[07-02 12:16:44][DEBUG] jax_fem: Function split_and_compute_cell took 0.0599 seconds
[07-02 12:16:44][INFO] jax_fem: CuDSS backward: solving adjoint problem …
[07-02 12:16:44][DEBUG] jax_fem: DeviceProblem: computing Jacobian on device
[07-02 12:16:44][DEBUG] jax_fem: Function split_and_compute_cell took 0.0446 seconds
[07-02 12:16:44][DEBUG] jax_fem: Computing cell residual...
[07-02 12:16:44][DEBUG] jax_fem: Function split_and_compute_cell took 0.0681 seconds
[07-02 12:16:45][INFO] jax_fem: CuDSS backward: solving adjoint problem …
[07-02 12:16:45][DEBUG] jax_fem: DeviceProblem: computing Jacobian on device
[07-02 12:16:45][DEBUG] jax_fem: Function split_and_compute_cell took 0.0541 seconds
[07-02 12:16:45][DEBUG] jax_fem: Computing cell residual...
[07-02 12:16:45][DEBUG] jax_fem: Function split_and_compute_cell took 0.0679 seconds
[07-02 12:16:45][INFO] jax_fem: CuDSS backward: solving adjoint problem …
[07-02 12:16:45][DEBUG] jax_fem: DeviceProblem: computing Jacobian on device
[07-02 12:16:45][DEBUG] jax_fem: Function split_and_compute_cell took 0.0300 seconds
[07-02 12:16:45][DEBUG] jax_fem: Computing cell residual...
[07-02 12:16:45][DEBUG] jax_fem: Function split_and_compute_cell took 0.0570 seconds
[07-02 12:16:47][DEBUG] jax_fem: CuDSSNewtonSolver: starting Newton loop
[07-02 12:16:47][DEBUG] jax_fem: DeviceProblem: computing Jacobian on device
[07-02 12:16:47][DEBUG] jax_fem: Function split_and_compute_cell took 0.0266 seconds
[07-02 12:16:47][DEBUG] jax_fem: CuDSSNewtonSolver: initial residual = 2.228e+08
[07-02 12:16:47][DEBUG] jax_fem: DeviceProblem: computing Jacobian on device
[07-02 12:16:47][DEBUG] jax_fem: Function split_and_compute_cell took 0.0380 seconds
[07-02 12:16:47][DEBUG] jax_fem: CuDSSNewtonSolver: iter=1  res=1.500e-05  rel=6.732e-14
[07-02 12:16:47][INFO] jax_fem: CuDSSNewtonSolver: solve finished in 0.11s  res=1.500e-05
[07-02 12:16:47][DEBUG] jax_fem: CuDSSNewtonSolver: starting Newton loop
[07-02 12:16:47][DEBUG] jax_fem: DeviceProblem: computing Jacobian on device
[07-02 12:16:47][DEBUG] jax_fem: Function split_and_compute_cell took 0.0382 seconds
[07-02 12:16:47][DEBUG] jax_fem: CuDSSNewtonSolver: initial residual = 2.208e+08
[07-02 12:16:47][DEBUG] jax_fem: DeviceProblem: computing Jacobian on device
[07-02 12:16:47][DEBUG] jax_fem: Function split_and_compute_cell took 0.0416 seconds
[07-02 12:16:47][DEBUG] jax_fem: CuDSSNewtonSolver: iter=1  res=1.542e-05  rel=6.984e-14
[07-02 12:16:47][INFO] jax_fem: CuDSSNewtonSolver: solve finished in 0.12s  res=1.542e-05
[07-02 12:16:48][DEBUG] jax_fem: CuDSSNewtonSolver: starting Newton loop
[07-02 12:16:48][DEBUG] jax_fem: DeviceProblem: computing Jacobian on device
[07-02 12:16:48][DEBUG] jax_fem: Function split_and_compute_cell took 0.0312 seconds
[07-02 12:16:48][DEBUG] jax_fem: CuDSSNewtonSolver: initial residual = 2.203e+08
[07-02 12:16:48][DEBUG] jax_fem: DeviceProblem: computing Jacobian on device
[07-02 12:16:48][DEBUG] jax_fem: Function split_and_compute_cell took 0.0266 seconds
[07-02 12:16:48][DEBUG] jax_fem: CuDSSNewtonSolver: iter=1  res=1.530e-05  rel=6.945e-14
[07-02 12:16:48][INFO] jax_fem: CuDSSNewtonSolver: solve finished in 0.10s  res=1.530e-05
[07-02 12:16:48][DEBUG] jax_fem: CuDSSNewtonSolver: starting Newton loop
[07-02 12:16:48][DEBUG] jax_fem: DeviceProblem: computing Jacobian on device
[07-02 12:16:48][DEBUG] jax_fem: Function split_and_compute_cell took 0.0253 seconds
[07-02 12:16:48][DEBUG] jax_fem: CuDSSNewtonSolver: initial residual = 2.230e+08
[07-02 12:16:48][DEBUG] jax_fem: DeviceProblem: computing Jacobian on device
[07-02 12:16:48][DEBUG] jax_fem: Function split_and_compute_cell took 0.0249 seconds
[07-02 12:16:48][DEBUG] jax_fem: CuDSSNewtonSolver: iter=1  res=1.393e-05  rel=6.244e-14
[07-02 12:16:48][INFO] jax_fem: CuDSSNewtonSolver: solve finished in 0.09s  res=1.393e-05
[07-02 12:16:48][DEBUG] jax_fem: CuDSSNewtonSolver: starting Newton loop
[07-02 12:16:48][DEBUG] jax_fem: DeviceProblem: computing Jacobian on device
[07-02 12:16:48][DEBUG] jax_fem: Function split_and_compute_cell took 0.0348 seconds
[07-02 12:16:48][DEBUG] jax_fem: CuDSSNewtonSolver: initial residual = 2.220e+08
[07-02 12:16:49][DEBUG] jax_fem: DeviceProblem: computing Jacobian on device
[07-02 12:16:49][DEBUG] jax_fem: Function split_and_compute_cell took 0.0367 seconds
[07-02 12:16:49][DEBUG] jax_fem: CuDSSNewtonSolver: iter=1  res=1.338e-05  rel=6.029e-14
[07-02 12:16:49][INFO] jax_fem: CuDSSNewtonSolver: solve finished in 0.11s  res=1.338e-05
[07-02 12:16:50][DEBUG] jax_fem: CuDSSNewtonSolver: starting Newton loop
[07-02 12:16:50][DEBUG] jax_fem: DeviceProblem: computing Jacobian on device
[07-02 12:16:50][DEBUG] jax_fem: Function split_and_compute_cell took 0.0285 seconds
[07-02 12:16:50][DEBUG] jax_fem: CuDSSNewtonSolver: initial residual = 2.228e+08
[07-02 12:16:50][DEBUG] jax_fem: DeviceProblem: computing Jacobian on device
[07-02 12:16:50][DEBUG] jax_fem: Function split_and_compute_cell took 0.0296 seconds
[07-02 12:16:50][DEBUG] jax_fem: CuDSSNewtonSolver: iter=1  res=1.530e-05  rel=6.870e-14
[07-02 12:16:50][INFO] jax_fem: CuDSSNewtonSolver: solve finished in 0.10s  res=1.530e-05
[07-02 12:16:51][DEBUG] jax_fem: CuDSSNewtonSolver: starting Newton loop
[07-02 12:16:51][DEBUG] jax_fem: DeviceProblem: computing Jacobian on device
[07-02 12:16:51][DEBUG] jax_fem: Function split_and_compute_cell took 0.0274 seconds
[07-02 12:16:51][DEBUG] jax_fem: CuDSSNewtonSolver: initial residual = 2.208e+08
[07-02 12:16:51][DEBUG] jax_fem: DeviceProblem: computing Jacobian on device
[07-02 12:16:51][DEBUG] jax_fem: Function split_and_compute_cell took 0.0264 seconds
[07-02 12:16:51][DEBUG] jax_fem: CuDSSNewtonSolver: iter=1  res=1.485e-05  rel=6.724e-14
[07-02 12:16:51][INFO] jax_fem: CuDSSNewtonSolver: solve finished in 0.09s  res=1.485e-05
[07-02 12:16:52][DEBUG] jax_fem: CuDSSNewtonSolver: starting Newton loop
[07-02 12:16:52][DEBUG] jax_fem: DeviceProblem: computing Jacobian on device
[07-02 12:16:52][DEBUG] jax_fem: Function split_and_compute_cell took 0.0266 seconds
[07-02 12:16:52][DEBUG] jax_fem: CuDSSNewtonSolver: initial residual = 2.203e+08
[07-02 12:16:52][DEBUG] jax_fem: DeviceProblem: computing Jacobian on device
[07-02 12:16:52][DEBUG] jax_fem: Function split_and_compute_cell took 0.0274 seconds
[07-02 12:16:52][DEBUG] jax_fem: CuDSSNewtonSolver: iter=1  res=1.599e-05  rel=7.258e-14
[07-02 12:16:52][INFO] jax_fem: CuDSSNewtonSolver: solve finished in 0.09s  res=1.599e-05
[07-02 12:16:52][DEBUG] jax_fem: CuDSSNewtonSolver: starting Newton loop
[07-02 12:16:52][DEBUG] jax_fem: DeviceProblem: computing Jacobian on device
[07-02 12:16:52][DEBUG] jax_fem: Function split_and_compute_cell took 0.0272 seconds
[07-02 12:16:52][DEBUG] jax_fem: CuDSSNewtonSolver: initial residual = 2.230e+08
[07-02 12:16:52][DEBUG] jax_fem: DeviceProblem: computing Jacobian on device
[07-02 12:16:52][DEBUG] jax_fem: Function split_and_compute_cell took 0.0260 seconds
[07-02 12:16:52][DEBUG] jax_fem: CuDSSNewtonSolver: iter=1  res=1.414e-05  rel=6.340e-14
[07-02 12:16:52][INFO] jax_fem: CuDSSNewtonSolver: solve finished in 0.09s  res=1.414e-05
[07-02 12:16:53][DEBUG] jax_fem: CuDSSNewtonSolver: starting Newton loop
[07-02 12:16:53][DEBUG] jax_fem: DeviceProblem: computing Jacobian on device
[07-02 12:16:53][DEBUG] jax_fem: Function split_and_compute_cell took 0.0256 seconds
[07-02 12:16:53][DEBUG] jax_fem: CuDSSNewtonSolver: initial residual = 2.220e+08
[07-02 12:16:53][DEBUG] jax_fem: DeviceProblem: computing Jacobian on device
[07-02 12:16:53][DEBUG] jax_fem: Function split_and_compute_cell took 0.0277 seconds
[07-02 12:16:53][DEBUG] jax_fem: CuDSSNewtonSolver: iter=1  res=1.266e-05  rel=5.703e-14
[07-02 12:16:53][INFO] jax_fem: CuDSSNewtonSolver: solve finished in 0.09s  res=1.266e-05
[07-02 12:16:53][INFO] jax_fem: CuDSS backward: solving adjoint problem …
[07-02 12:16:53][DEBUG] jax_fem: DeviceProblem: computing Jacobian on device
[07-02 12:16:53][DEBUG] jax_fem: Function split_and_compute_cell took 0.0465 seconds
[07-02 12:16:53][DEBUG] jax_fem: Computing cell residual...
[07-02 12:16:53][DEBUG] jax_fem: Function split_and_compute_cell took 0.0554 seconds
[07-02 12:16:53][INFO] jax_fem: CuDSS backward: solving adjoint problem …
[07-02 12:16:53][DEBUG] jax_fem: DeviceProblem: computing Jacobian on device
[07-02 12:16:53][DEBUG] jax_fem: Function split_and_compute_cell took 0.0301 seconds
[07-02 12:16:53][DEBUG] jax_fem: Computing cell residual...
[07-02 12:16:53][DEBUG] jax_fem: Function split_and_compute_cell took 0.0559 seconds
[07-02 12:16:54][INFO] jax_fem: CuDSS backward: solving adjoint problem …
[07-02 12:16:54][DEBUG] jax_fem: DeviceProblem: computing Jacobian on device
[07-02 12:16:54][DEBUG] jax_fem: Function split_and_compute_cell took 0.0363 seconds
[07-02 12:16:54][DEBUG] jax_fem: Computing cell residual...
[07-02 12:16:54][DEBUG] jax_fem: Function split_and_compute_cell took 0.0559 seconds
[07-02 12:16:54][INFO] jax_fem: CuDSS backward: solving adjoint problem …
[07-02 12:16:54][DEBUG] jax_fem: DeviceProblem: computing Jacobian on device
[07-02 12:16:54][DEBUG] jax_fem: Function split_and_compute_cell took 0.0314 seconds
[07-02 12:16:54][DEBUG] jax_fem: Computing cell residual...
[07-02 12:16:54][DEBUG] jax_fem: Function split_and_compute_cell took 0.0645 seconds
[07-02 12:16:54][INFO] jax_fem: CuDSS backward: solving adjoint problem …
[07-02 12:16:54][DEBUG] jax_fem: DeviceProblem: computing Jacobian on device
[07-02 12:16:54][DEBUG] jax_fem: Function split_and_compute_cell took 0.0362 seconds
[07-02 12:16:55][DEBUG] jax_fem: Computing cell residual...
[07-02 12:16:55][DEBUG] jax_fem: Function split_and_compute_cell took 0.0736 seconds
[07-02 12:16:56][DEBUG] jax_fem: CuDSSNewtonSolver: starting Newton loop
[07-02 12:16:56][DEBUG] jax_fem: DeviceProblem: computing Jacobian on device
[07-02 12:16:56][DEBUG] jax_fem: Function split_and_compute_cell took 0.0540 seconds
[07-02 12:16:56][DEBUG] jax_fem: CuDSSNewtonSolver: initial residual = 2.233e+08
[07-02 12:16:56][DEBUG] jax_fem: DeviceProblem: computing Jacobian on device
[07-02 12:16:56][DEBUG] jax_fem: Function split_and_compute_cell took 0.0296 seconds
[07-02 12:16:56][DEBUG] jax_fem: CuDSSNewtonSolver: iter=1  res=1.534e-05  rel=6.867e-14
[07-02 12:16:56][INFO] jax_fem: CuDSSNewtonSolver: solve finished in 0.12s  res=1.534e-05
[07-02 12:16:56][DEBUG] jax_fem: CuDSSNewtonSolver: starting Newton loop
[07-02 12:16:56][DEBUG] jax_fem: DeviceProblem: computing Jacobian on device
[07-02 12:16:56][DEBUG] jax_fem: Function split_and_compute_cell took 0.0500 seconds
[07-02 12:16:56][DEBUG] jax_fem: CuDSSNewtonSolver: initial residual = 2.215e+08
[07-02 12:16:56][DEBUG] jax_fem: DeviceProblem: computing Jacobian on device
[07-02 12:16:57][DEBUG] jax_fem: Function split_and_compute_cell took 0.0501 seconds
[07-02 12:16:57][DEBUG] jax_fem: CuDSSNewtonSolver: iter=1  res=1.510e-05  rel=6.818e-14
[07-02 12:16:57][INFO] jax_fem: CuDSSNewtonSolver: solve finished in 0.15s  res=1.510e-05
[07-02 12:16:57][DEBUG] jax_fem: CuDSSNewtonSolver: starting Newton loop
[07-02 12:16:57][DEBUG] jax_fem: DeviceProblem: computing Jacobian on device
[07-02 12:16:57][DEBUG] jax_fem: Function split_and_compute_cell took 0.0430 seconds
[07-02 12:16:57][DEBUG] jax_fem: CuDSSNewtonSolver: initial residual = 2.209e+08
[07-02 12:16:57][DEBUG] jax_fem: DeviceProblem: computing Jacobian on device
[07-02 12:16:57][DEBUG] jax_fem: Function split_and_compute_cell took 0.0507 seconds
[07-02 12:16:57][DEBUG] jax_fem: CuDSSNewtonSolver: iter=1  res=1.646e-05  rel=7.452e-14
[07-02 12:16:57][INFO] jax_fem: CuDSSNewtonSolver: solve finished in 0.14s  res=1.646e-05
[07-02 12:16:57][DEBUG] jax_fem: CuDSSNewtonSolver: starting Newton loop
[07-02 12:16:57][DEBUG] jax_fem: DeviceProblem: computing Jacobian on device
[07-02 12:16:57][DEBUG] jax_fem: Function split_and_compute_cell took 0.0287 seconds
[07-02 12:16:57][DEBUG] jax_fem: CuDSSNewtonSolver: initial residual = 2.235e+08
[07-02 12:16:57][DEBUG] jax_fem: DeviceProblem: computing Jacobian on device
[07-02 12:16:57][DEBUG] jax_fem: Function split_and_compute_cell took 0.0384 seconds
[07-02 12:16:57][DEBUG] jax_fem: CuDSSNewtonSolver: iter=1  res=1.483e-05  rel=6.634e-14
[07-02 12:16:57][INFO] jax_fem: CuDSSNewtonSolver: solve finished in 0.11s  res=1.483e-05
[07-02 12:16:58][DEBUG] jax_fem: CuDSSNewtonSolver: starting Newton loop
[07-02 12:16:58][DEBUG] jax_fem: DeviceProblem: computing Jacobian on device
[07-02 12:16:58][DEBUG] jax_fem: Function split_and_compute_cell took 0.0313 seconds
[07-02 12:16:58][DEBUG] jax_fem: CuDSSNewtonSolver: initial residual = 2.223e+08
[07-02 12:16:58][DEBUG] jax_fem: DeviceProblem: computing Jacobian on device
[07-02 12:16:58][DEBUG] jax_fem: Function split_and_compute_cell took 0.0227 seconds
[07-02 12:16:58][DEBUG] jax_fem: CuDSSNewtonSolver: iter=1  res=1.410e-05  rel=6.343e-14
[07-02 12:16:58][INFO] jax_fem: CuDSSNewtonSolver: solve finished in 0.09s  res=1.410e-05
[07-02 12:16:59][DEBUG] jax_fem: CuDSSNewtonSolver: starting Newton loop
[07-02 12:16:59][DEBUG] jax_fem: DeviceProblem: computing Jacobian on device
[07-02 12:16:59][DEBUG] jax_fem: Function split_and_compute_cell took 0.0266 seconds
[07-02 12:16:59][DEBUG] jax_fem: CuDSSNewtonSolver: initial residual = 2.233e+08
[07-02 12:16:59][DEBUG] jax_fem: DeviceProblem: computing Jacobian on device
[07-02 12:16:59][DEBUG] jax_fem: Function split_and_compute_cell took 0.0262 seconds
[07-02 12:16:59][DEBUG] jax_fem: CuDSSNewtonSolver: iter=1  res=1.546e-05  rel=6.922e-14
[07-02 12:16:59][INFO] jax_fem: CuDSSNewtonSolver: solve finished in 0.09s  res=1.546e-05
[07-02 12:17:00][DEBUG] jax_fem: CuDSSNewtonSolver: starting Newton loop
[07-02 12:17:00][DEBUG] jax_fem: DeviceProblem: computing Jacobian on device
[07-02 12:17:00][DEBUG] jax_fem: Function split_and_compute_cell took 0.0268 seconds
[07-02 12:17:00][DEBUG] jax_fem: CuDSSNewtonSolver: initial residual = 2.215e+08
[07-02 12:17:00][DEBUG] jax_fem: DeviceProblem: computing Jacobian on device
[07-02 12:17:00][DEBUG] jax_fem: Function split_and_compute_cell took 0.0253 seconds
[07-02 12:17:00][DEBUG] jax_fem: CuDSSNewtonSolver: iter=1  res=1.475e-05  rel=6.659e-14
[07-02 12:17:00][INFO] jax_fem: CuDSSNewtonSolver: solve finished in 0.09s  res=1.475e-05
[07-02 12:17:00][DEBUG] jax_fem: CuDSSNewtonSolver: starting Newton loop
[07-02 12:17:01][DEBUG] jax_fem: DeviceProblem: computing Jacobian on device
[07-02 12:17:01][DEBUG] jax_fem: Function split_and_compute_cell took 0.0265 seconds
[07-02 12:17:01][DEBUG] jax_fem: CuDSSNewtonSolver: initial residual = 2.209e+08
[07-02 12:17:01][DEBUG] jax_fem: DeviceProblem: computing Jacobian on device
[07-02 12:17:01][DEBUG] jax_fem: Function split_and_compute_cell took 0.0266 seconds
[07-02 12:17:01][DEBUG] jax_fem: CuDSSNewtonSolver: iter=1  res=1.684e-05  rel=7.623e-14
[07-02 12:17:01][INFO] jax_fem: CuDSSNewtonSolver: solve finished in 0.09s  res=1.684e-05
[07-02 12:17:01][DEBUG] jax_fem: CuDSSNewtonSolver: starting Newton loop
[07-02 12:17:01][DEBUG] jax_fem: DeviceProblem: computing Jacobian on device
[07-02 12:17:01][DEBUG] jax_fem: Function split_and_compute_cell took 0.0257 seconds
[07-02 12:17:01][DEBUG] jax_fem: CuDSSNewtonSolver: initial residual = 2.235e+08
[07-02 12:17:01][DEBUG] jax_fem: DeviceProblem: computing Jacobian on device
[07-02 12:17:01][DEBUG] jax_fem: Function split_and_compute_cell took 0.0276 seconds
[07-02 12:17:01][DEBUG] jax_fem: CuDSSNewtonSolver: iter=1  res=1.518e-05  rel=6.793e-14
[07-02 12:17:01][INFO] jax_fem: CuDSSNewtonSolver: solve finished in 0.09s  res=1.518e-05
[07-02 12:17:02][DEBUG] jax_fem: CuDSSNewtonSolver: starting Newton loop
[07-02 12:17:02][DEBUG] jax_fem: DeviceProblem: computing Jacobian on device
[07-02 12:17:02][DEBUG] jax_fem: Function split_and_compute_cell took 0.0274 seconds
[07-02 12:17:02][DEBUG] jax_fem: CuDSSNewtonSolver: initial residual = 2.223e+08
[07-02 12:17:02][DEBUG] jax_fem: DeviceProblem: computing Jacobian on device
[07-02 12:17:02][DEBUG] jax_fem: Function split_and_compute_cell took 0.0261 seconds
[07-02 12:17:02][DEBUG] jax_fem: CuDSSNewtonSolver: iter=1  res=1.394e-05  rel=6.272e-14
[07-02 12:17:02][INFO] jax_fem: CuDSSNewtonSolver: solve finished in 0.09s  res=1.394e-05
[07-02 12:17:02][INFO] jax_fem: CuDSS backward: solving adjoint problem …
[07-02 12:17:02][DEBUG] jax_fem: DeviceProblem: computing Jacobian on device
[07-02 12:17:02][DEBUG] jax_fem: Function split_and_compute_cell took 0.0468 seconds
[07-02 12:17:02][DEBUG] jax_fem: Computing cell residual...
[07-02 12:17:02][DEBUG] jax_fem: Function split_and_compute_cell took 0.0630 seconds
[07-02 12:17:02][INFO] jax_fem: CuDSS backward: solving adjoint problem …
[07-02 12:17:02][DEBUG] jax_fem: DeviceProblem: computing Jacobian on device
[07-02 12:17:03][DEBUG] jax_fem: Function split_and_compute_cell took 0.0640 seconds
[07-02 12:17:03][DEBUG] jax_fem: Computing cell residual...
[07-02 12:17:03][DEBUG] jax_fem: Function split_and_compute_cell took 0.0678 seconds
[07-02 12:17:03][INFO] jax_fem: CuDSS backward: solving adjoint problem …
[07-02 12:17:03][DEBUG] jax_fem: DeviceProblem: computing Jacobian on device
[07-02 12:17:03][DEBUG] jax_fem: Function split_and_compute_cell took 0.0340 seconds
[07-02 12:17:03][DEBUG] jax_fem: Computing cell residual...
[07-02 12:17:03][DEBUG] jax_fem: Function split_and_compute_cell took 0.0646 seconds
[07-02 12:17:03][INFO] jax_fem: CuDSS backward: solving adjoint problem …
[07-02 12:17:03][DEBUG] jax_fem: DeviceProblem: computing Jacobian on device
[07-02 12:17:03][DEBUG] jax_fem: Function split_and_compute_cell took 0.0279 seconds
[07-02 12:17:03][DEBUG] jax_fem: Computing cell residual...
[07-02 12:17:03][DEBUG] jax_fem: Function split_and_compute_cell took 0.0591 seconds
[07-02 12:17:04][INFO] jax_fem: CuDSS backward: solving adjoint problem …
[07-02 12:17:04][DEBUG] jax_fem: DeviceProblem: computing Jacobian on device
[07-02 12:17:04][DEBUG] jax_fem: Function split_and_compute_cell took 0.0414 seconds
[07-02 12:17:04][DEBUG] jax_fem: Computing cell residual...
[07-02 12:17:04][DEBUG] jax_fem: Function split_and_compute_cell took 0.0542 seconds
[07-02 12:17:05][DEBUG] jax_fem: CuDSSNewtonSolver: starting Newton loop
[07-02 12:17:05][DEBUG] jax_fem: DeviceProblem: computing Jacobian on device
[07-02 12:17:05][DEBUG] jax_fem: Function split_and_compute_cell took 0.0273 seconds
[07-02 12:17:05][DEBUG] jax_fem: CuDSSNewtonSolver: initial residual = 2.235e+08
[07-02 12:17:05][DEBUG] jax_fem: DeviceProblem: computing Jacobian on device
[07-02 12:17:05][DEBUG] jax_fem: Function split_and_compute_cell took 0.0362 seconds
[07-02 12:17:05][DEBUG] jax_fem: CuDSSNewtonSolver: iter=1  res=1.558e-05  rel=6.971e-14
[07-02 12:17:05][INFO] jax_fem: CuDSSNewtonSolver: solve finished in 0.10s  res=1.558e-05
[07-02 12:17:06][DEBUG] jax_fem: CuDSSNewtonSolver: starting Newton loop
[07-02 12:17:06][DEBUG] jax_fem: DeviceProblem: computing Jacobian on device
[07-02 12:17:06][DEBUG] jax_fem: Function split_and_compute_cell took 0.0451 seconds
[07-02 12:17:06][DEBUG] jax_fem: CuDSSNewtonSolver: initial residual = 2.216e+08
[07-02 12:17:06][DEBUG] jax_fem: DeviceProblem: computing Jacobian on device
[07-02 12:17:06][DEBUG] jax_fem: Function split_and_compute_cell took 0.0301 seconds
[07-02 12:17:06][DEBUG] jax_fem: CuDSSNewtonSolver: iter=1  res=1.546e-05  rel=6.978e-14
[07-02 12:17:06][INFO] jax_fem: CuDSSNewtonSolver: solve finished in 0.12s  res=1.546e-05
[07-02 12:17:06][DEBUG] jax_fem: CuDSSNewtonSolver: starting Newton loop
[07-02 12:17:06][DEBUG] jax_fem: DeviceProblem: computing Jacobian on device
[07-02 12:17:06][DEBUG] jax_fem: Function split_and_compute_cell took 0.0344 seconds
[07-02 12:17:06][DEBUG] jax_fem: CuDSSNewtonSolver: initial residual = 2.210e+08
[07-02 12:17:06][DEBUG] jax_fem: DeviceProblem: computing Jacobian on device
[07-02 12:17:06][DEBUG] jax_fem: Function split_and_compute_cell took 0.0396 seconds
[07-02 12:17:06][DEBUG] jax_fem: CuDSSNewtonSolver: iter=1  res=1.663e-05  rel=7.524e-14
[07-02 12:17:06][INFO] jax_fem: CuDSSNewtonSolver: solve finished in 0.11s  res=1.663e-05
[07-02 12:17:06][DEBUG] jax_fem: CuDSSNewtonSolver: starting Newton loop
[07-02 12:17:06][DEBUG] jax_fem: DeviceProblem: computing Jacobian on device
[07-02 12:17:07][DEBUG] jax_fem: Function split_and_compute_cell took 0.0576 seconds
[07-02 12:17:07][DEBUG] jax_fem: CuDSSNewtonSolver: initial residual = 2.236e+08
[07-02 12:17:07][DEBUG] jax_fem: DeviceProblem: computing Jacobian on device
[07-02 12:17:07][DEBUG] jax_fem: Function split_and_compute_cell took 0.0339 seconds
[07-02 12:17:07][DEBUG] jax_fem: CuDSSNewtonSolver: iter=1  res=1.520e-05  rel=6.797e-14
[07-02 12:17:07][INFO] jax_fem: CuDSSNewtonSolver: solve finished in 0.14s  res=1.520e-05
[07-02 12:17:07][DEBUG] jax_fem: CuDSSNewtonSolver: starting Newton loop
[07-02 12:17:07][DEBUG] jax_fem: DeviceProblem: computing Jacobian on device
[07-02 12:17:07][DEBUG] jax_fem: Function split_and_compute_cell took 0.0603 seconds
[07-02 12:17:07][DEBUG] jax_fem: CuDSSNewtonSolver: initial residual = 2.223e+08
[07-02 12:17:07][DEBUG] jax_fem: DeviceProblem: computing Jacobian on device
[07-02 12:17:07][DEBUG] jax_fem: Function split_and_compute_cell took 0.0493 seconds
[07-02 12:17:07][DEBUG] jax_fem: CuDSSNewtonSolver: iter=1  res=1.287e-05  rel=5.791e-14
[07-02 12:17:07][INFO] jax_fem: CuDSSNewtonSolver: solve finished in 0.15s  res=1.287e-05
[07-02 12:17:09][DEBUG] jax_fem: CuDSSNewtonSolver: starting Newton loop
[07-02 12:17:09][DEBUG] jax_fem: DeviceProblem: computing Jacobian on device
[07-02 12:17:09][DEBUG] jax_fem: Function split_and_compute_cell took 0.0266 seconds
[07-02 12:17:09][DEBUG] jax_fem: CuDSSNewtonSolver: initial residual = 2.235e+08
[07-02 12:17:09][DEBUG] jax_fem: DeviceProblem: computing Jacobian on device
[07-02 12:17:09][DEBUG] jax_fem: Function split_and_compute_cell took 0.0263 seconds
[07-02 12:17:09][DEBUG] jax_fem: CuDSSNewtonSolver: iter=1  res=1.618e-05  rel=7.241e-14
[07-02 12:17:09][INFO] jax_fem: CuDSSNewtonSolver: solve finished in 0.09s  res=1.618e-05
[07-02 12:17:09][DEBUG] jax_fem: CuDSSNewtonSolver: starting Newton loop
[07-02 12:17:09][DEBUG] jax_fem: DeviceProblem: computing Jacobian on device
[07-02 12:17:09][DEBUG] jax_fem: Function split_and_compute_cell took 0.0267 seconds
[07-02 12:17:09][DEBUG] jax_fem: CuDSSNewtonSolver: initial residual = 2.216e+08
[07-02 12:17:09][DEBUG] jax_fem: DeviceProblem: computing Jacobian on device
[07-02 12:17:09][DEBUG] jax_fem: Function split_and_compute_cell took 0.0279 seconds
[07-02 12:17:09][DEBUG] jax_fem: CuDSSNewtonSolver: iter=1  res=1.650e-05  rel=7.445e-14
[07-02 12:17:09][INFO] jax_fem: CuDSSNewtonSolver: solve finished in 0.09s  res=1.650e-05
[07-02 12:17:10][DEBUG] jax_fem: CuDSSNewtonSolver: starting Newton loop
[07-02 12:17:10][DEBUG] jax_fem: DeviceProblem: computing Jacobian on device
[07-02 12:17:10][DEBUG] jax_fem: Function split_and_compute_cell took 0.0268 seconds
[07-02 12:17:10][DEBUG] jax_fem: CuDSSNewtonSolver: initial residual = 2.210e+08
[07-02 12:17:10][DEBUG] jax_fem: DeviceProblem: computing Jacobian on device
[07-02 12:17:10][DEBUG] jax_fem: Function split_and_compute_cell took 0.0257 seconds
[07-02 12:17:10][DEBUG] jax_fem: CuDSSNewtonSolver: iter=1  res=1.642e-05  rel=7.428e-14
[07-02 12:17:10][INFO] jax_fem: CuDSSNewtonSolver: solve finished in 0.09s  res=1.642e-05
[07-02 12:17:10][DEBUG] jax_fem: CuDSSNewtonSolver: starting Newton loop
[07-02 12:17:10][DEBUG] jax_fem: DeviceProblem: computing Jacobian on device
[07-02 12:17:10][DEBUG] jax_fem: Function split_and_compute_cell took 0.0276 seconds
[07-02 12:17:10][DEBUG] jax_fem: CuDSSNewtonSolver: initial residual = 2.236e+08
[07-02 12:17:10][DEBUG] jax_fem: DeviceProblem: computing Jacobian on device
[07-02 12:17:10][DEBUG] jax_fem: Function split_and_compute_cell took 0.0255 seconds
[07-02 12:17:10][DEBUG] jax_fem: CuDSSNewtonSolver: iter=1  res=1.545e-05  rel=6.908e-14
[07-02 12:17:10][INFO] jax_fem: CuDSSNewtonSolver: solve finished in 0.09s  res=1.545e-05
[07-02 12:17:11][DEBUG] jax_fem: CuDSSNewtonSolver: starting Newton loop
[07-02 12:17:11][DEBUG] jax_fem: DeviceProblem: computing Jacobian on device
[07-02 12:17:11][DEBUG] jax_fem: Function split_and_compute_cell took 0.0266 seconds
[07-02 12:17:11][DEBUG] jax_fem: CuDSSNewtonSolver: initial residual = 2.223e+08
[07-02 12:17:11][DEBUG] jax_fem: DeviceProblem: computing Jacobian on device
[07-02 12:17:11][DEBUG] jax_fem: Function split_and_compute_cell took 0.0268 seconds
[07-02 12:17:11][DEBUG] jax_fem: CuDSSNewtonSolver: iter=1  res=1.277e-05  rel=5.745e-14
[07-02 12:17:11][INFO] jax_fem: CuDSSNewtonSolver: solve finished in 0.09s  res=1.277e-05
[07-02 12:17:11][INFO] jax_fem: CuDSS backward: solving adjoint problem …
[07-02 12:17:11][DEBUG] jax_fem: DeviceProblem: computing Jacobian on device
[07-02 12:17:11][DEBUG] jax_fem: Function split_and_compute_cell took 0.0337 seconds
[07-02 12:17:11][DEBUG] jax_fem: Computing cell residual...
[07-02 12:17:11][DEBUG] jax_fem: Function split_and_compute_cell took 0.0610 seconds
[07-02 12:17:12][INFO] jax_fem: CuDSS backward: solving adjoint problem …
[07-02 12:17:12][DEBUG] jax_fem: DeviceProblem: computing Jacobian on device
[07-02 12:17:12][DEBUG] jax_fem: Function split_and_compute_cell took 0.0263 seconds
[07-02 12:17:12][DEBUG] jax_fem: Computing cell residual...
[07-02 12:17:12][DEBUG] jax_fem: Function split_and_compute_cell took 0.0745 seconds
[07-02 12:17:12][INFO] jax_fem: CuDSS backward: solving adjoint problem …
[07-02 12:17:12][DEBUG] jax_fem: DeviceProblem: computing Jacobian on device
[07-02 12:17:12][DEBUG] jax_fem: Function split_and_compute_cell took 0.0434 seconds
[07-02 12:17:12][DEBUG] jax_fem: Computing cell residual...
[07-02 12:17:12][DEBUG] jax_fem: Function split_and_compute_cell took 0.0674 seconds
[07-02 12:17:12][INFO] jax_fem: CuDSS backward: solving adjoint problem …
[07-02 12:17:12][DEBUG] jax_fem: DeviceProblem: computing Jacobian on device
[07-02 12:17:12][DEBUG] jax_fem: Function split_and_compute_cell took 0.0485 seconds
[07-02 12:17:12][DEBUG] jax_fem: Computing cell residual...
[07-02 12:17:13][DEBUG] jax_fem: Function split_and_compute_cell took 0.0738 seconds
[07-02 12:17:13][INFO] jax_fem: CuDSS backward: solving adjoint problem …
[07-02 12:17:13][DEBUG] jax_fem: DeviceProblem: computing Jacobian on device
[07-02 12:17:13][DEBUG] jax_fem: Function split_and_compute_cell took 0.0395 seconds
[07-02 12:17:13][DEBUG] jax_fem: Computing cell residual...
[07-02 12:17:13][DEBUG] jax_fem: Function split_and_compute_cell took 0.0665 seconds
[07-02 12:17:14][DEBUG] jax_fem: CuDSSNewtonSolver: starting Newton loop
[07-02 12:17:14][DEBUG] jax_fem: DeviceProblem: computing Jacobian on device
[07-02 12:17:14][DEBUG] jax_fem: Function split_and_compute_cell took 0.0397 seconds
[07-02 12:17:14][DEBUG] jax_fem: CuDSSNewtonSolver: initial residual = 2.235e+08
[07-02 12:17:14][DEBUG] jax_fem: DeviceProblem: computing Jacobian on device
[07-02 12:17:15][DEBUG] jax_fem: Function split_and_compute_cell took 0.0513 seconds
[07-02 12:17:15][DEBUG] jax_fem: CuDSSNewtonSolver: iter=1  res=1.563e-05  rel=6.993e-14
[07-02 12:17:15][INFO] jax_fem: CuDSSNewtonSolver: solve finished in 0.14s  res=1.563e-05
[07-02 12:17:15][DEBUG] jax_fem: CuDSSNewtonSolver: starting Newton loop
[07-02 12:17:15][DEBUG] jax_fem: DeviceProblem: computing Jacobian on device
[07-02 12:17:15][DEBUG] jax_fem: Function split_and_compute_cell took 0.0396 seconds
[07-02 12:17:15][DEBUG] jax_fem: CuDSSNewtonSolver: initial residual = 2.216e+08
[07-02 12:17:15][DEBUG] jax_fem: DeviceProblem: computing Jacobian on device
[07-02 12:17:15][DEBUG] jax_fem: Function split_and_compute_cell took 0.0245 seconds
[07-02 12:17:15][DEBUG] jax_fem: CuDSSNewtonSolver: iter=1  res=1.590e-05  rel=7.175e-14
[07-02 12:17:15][INFO] jax_fem: CuDSSNewtonSolver: solve finished in 0.11s  res=1.590e-05
[07-02 12:17:15][DEBUG] jax_fem: CuDSSNewtonSolver: starting Newton loop
[07-02 12:17:15][DEBUG] jax_fem: DeviceProblem: computing Jacobian on device
[07-02 12:17:15][DEBUG] jax_fem: Function split_and_compute_cell took 0.0276 seconds
[07-02 12:17:15][DEBUG] jax_fem: CuDSSNewtonSolver: initial residual = 2.211e+08
[07-02 12:17:15][DEBUG] jax_fem: DeviceProblem: computing Jacobian on device
[07-02 12:17:15][DEBUG] jax_fem: Function split_and_compute_cell took 0.0288 seconds
[07-02 12:17:15][DEBUG] jax_fem: CuDSSNewtonSolver: iter=1  res=1.630e-05  rel=7.374e-14
[07-02 12:17:15][INFO] jax_fem: CuDSSNewtonSolver: solve finished in 0.10s  res=1.630e-05
[07-02 12:17:15][DEBUG] jax_fem: CuDSSNewtonSolver: starting Newton loop
[07-02 12:17:15][DEBUG] jax_fem: DeviceProblem: computing Jacobian on device
[07-02 12:17:16][DEBUG] jax_fem: Function split_and_compute_cell took 0.0319 seconds
[07-02 12:17:16][DEBUG] jax_fem: CuDSSNewtonSolver: initial residual = 2.236e+08
[07-02 12:17:16][DEBUG] jax_fem: DeviceProblem: computing Jacobian on device
[07-02 12:17:16][DEBUG] jax_fem: Function split_and_compute_cell took 0.0276 seconds
[07-02 12:17:16][DEBUG] jax_fem: CuDSSNewtonSolver: iter=1  res=1.602e-05  rel=7.165e-14
[07-02 12:17:16][INFO] jax_fem: CuDSSNewtonSolver: solve finished in 0.10s  res=1.602e-05
[07-02 12:17:16][DEBUG] jax_fem: CuDSSNewtonSolver: starting Newton loop
[07-02 12:17:16][DEBUG] jax_fem: DeviceProblem: computing Jacobian on device
[07-02 12:17:16][DEBUG] jax_fem: Function split_and_compute_cell took 0.0266 seconds
[07-02 12:17:16][DEBUG] jax_fem: CuDSSNewtonSolver: initial residual = 2.223e+08
[07-02 12:17:16][DEBUG] jax_fem: DeviceProblem: computing Jacobian on device
[07-02 12:17:16][DEBUG] jax_fem: Function split_and_compute_cell took 0.0307 seconds
[07-02 12:17:16][DEBUG] jax_fem: CuDSSNewtonSolver: iter=1  res=1.305e-05  rel=5.868e-14
[07-02 12:17:16][INFO] jax_fem: CuDSSNewtonSolver: solve finished in 0.09s  res=1.305e-05
[07-02 12:17:18][DEBUG] jax_fem: CuDSSNewtonSolver: starting Newton loop
[07-02 12:17:18][DEBUG] jax_fem: DeviceProblem: computing Jacobian on device
[07-02 12:17:18][DEBUG] jax_fem: Function split_and_compute_cell took 0.0276 seconds
[07-02 12:17:18][DEBUG] jax_fem: CuDSSNewtonSolver: initial residual = 2.235e+08
[07-02 12:17:18][DEBUG] jax_fem: DeviceProblem: computing Jacobian on device
[07-02 12:17:18][DEBUG] jax_fem: Function split_and_compute_cell took 0.0264 seconds
[07-02 12:17:18][DEBUG] jax_fem: CuDSSNewtonSolver: iter=1  res=1.549e-05  rel=6.929e-14
[07-02 12:17:18][INFO] jax_fem: CuDSSNewtonSolver: solve finished in 0.09s  res=1.549e-05
[07-02 12:17:18][DEBUG] jax_fem: CuDSSNewtonSolver: starting Newton loop
[07-02 12:17:18][DEBUG] jax_fem: DeviceProblem: computing Jacobian on device
[07-02 12:17:18][DEBUG] jax_fem: Function split_and_compute_cell took 0.0267 seconds
[07-02 12:17:18][DEBUG] jax_fem: CuDSSNewtonSolver: initial residual = 2.216e+08
[07-02 12:17:18][DEBUG] jax_fem: DeviceProblem: computing Jacobian on device
[07-02 12:17:18][DEBUG] jax_fem: Function split_and_compute_cell took 0.0262 seconds
[07-02 12:17:18][DEBUG] jax_fem: CuDSSNewtonSolver: iter=1  res=1.519e-05  rel=6.854e-14
[07-02 12:17:18][INFO] jax_fem: CuDSSNewtonSolver: solve finished in 0.09s  res=1.519e-05
[07-02 12:17:19][DEBUG] jax_fem: CuDSSNewtonSolver: starting Newton loop
[07-02 12:17:19][DEBUG] jax_fem: DeviceProblem: computing Jacobian on device
[07-02 12:17:19][DEBUG] jax_fem: Function split_and_compute_cell took 0.0279 seconds
[07-02 12:17:19][DEBUG] jax_fem: CuDSSNewtonSolver: initial residual = 2.211e+08
[07-02 12:17:19][DEBUG] jax_fem: DeviceProblem: computing Jacobian on device
[07-02 12:17:19][DEBUG] jax_fem: Function split_and_compute_cell took 0.0266 seconds
[07-02 12:17:19][DEBUG] jax_fem: CuDSSNewtonSolver: iter=1  res=1.559e-05  rel=7.054e-14
[07-02 12:17:19][INFO] jax_fem: CuDSSNewtonSolver: solve finished in 0.09s  res=1.559e-05
[07-02 12:17:20][DEBUG] jax_fem: CuDSSNewtonSolver: starting Newton loop
[07-02 12:17:20][DEBUG] jax_fem: DeviceProblem: computing Jacobian on device
[07-02 12:17:20][DEBUG] jax_fem: Function split_and_compute_cell took 0.0268 seconds
[07-02 12:17:20][DEBUG] jax_fem: CuDSSNewtonSolver: initial residual = 2.236e+08
[07-02 12:17:20][DEBUG] jax_fem: DeviceProblem: computing Jacobian on device
[07-02 12:17:20][DEBUG] jax_fem: Function split_and_compute_cell took 0.0282 seconds
[07-02 12:17:20][DEBUG] jax_fem: CuDSSNewtonSolver: iter=1  res=1.589e-05  rel=7.103e-14
[07-02 12:17:20][INFO] jax_fem: CuDSSNewtonSolver: solve finished in 0.09s  res=1.589e-05
[07-02 12:17:20][DEBUG] jax_fem: CuDSSNewtonSolver: starting Newton loop
[07-02 12:17:20][DEBUG] jax_fem: DeviceProblem: computing Jacobian on device
[07-02 12:17:20][DEBUG] jax_fem: Function split_and_compute_cell took 0.0269 seconds
[07-02 12:17:20][DEBUG] jax_fem: CuDSSNewtonSolver: initial residual = 2.223e+08
[07-02 12:17:20][DEBUG] jax_fem: DeviceProblem: computing Jacobian on device
[07-02 12:17:20][DEBUG] jax_fem: Function split_and_compute_cell took 0.0267 seconds
[07-02 12:17:20][DEBUG] jax_fem: CuDSSNewtonSolver: iter=1  res=1.346e-05  rel=6.053e-14
[07-02 12:17:20][INFO] jax_fem: CuDSSNewtonSolver: solve finished in 0.09s  res=1.346e-05
[07-02 12:17:20][INFO] jax_fem: CuDSS backward: solving adjoint problem …
[07-02 12:17:20][DEBUG] jax_fem: DeviceProblem: computing Jacobian on device
[07-02 12:17:20][DEBUG] jax_fem: Function split_and_compute_cell took 0.0555 seconds
[07-02 12:17:20][DEBUG] jax_fem: Computing cell residual...
[07-02 12:17:21][DEBUG] jax_fem: Function split_and_compute_cell took 0.0665 seconds
[07-02 12:17:21][INFO] jax_fem: CuDSS backward: solving adjoint problem …
[07-02 12:17:21][DEBUG] jax_fem: DeviceProblem: computing Jacobian on device
[07-02 12:17:21][DEBUG] jax_fem: Function split_and_compute_cell took 0.0512 seconds
[07-02 12:17:21][DEBUG] jax_fem: Computing cell residual...
[07-02 12:17:21][DEBUG] jax_fem: Function split_and_compute_cell took 0.0677 seconds
[07-02 12:17:21][INFO] jax_fem: CuDSS backward: solving adjoint problem …
[07-02 12:17:21][DEBUG] jax_fem: DeviceProblem: computing Jacobian on device
[07-02 12:17:21][DEBUG] jax_fem: Function split_and_compute_cell took 0.0368 seconds
[07-02 12:17:21][DEBUG] jax_fem: Computing cell residual...
[07-02 12:17:21][DEBUG] jax_fem: Function split_and_compute_cell took 0.0575 seconds
[07-02 12:17:22][INFO] jax_fem: CuDSS backward: solving adjoint problem …
[07-02 12:17:22][DEBUG] jax_fem: DeviceProblem: computing Jacobian on device
[07-02 12:17:22][DEBUG] jax_fem: Function split_and_compute_cell took 0.0455 seconds
[07-02 12:17:22][DEBUG] jax_fem: Computing cell residual...
[07-02 12:17:22][DEBUG] jax_fem: Function split_and_compute_cell took 0.0699 seconds
[07-02 12:17:22][INFO] jax_fem: CuDSS backward: solving adjoint problem …
[07-02 12:17:22][DEBUG] jax_fem: DeviceProblem: computing Jacobian on device
[07-02 12:17:22][DEBUG] jax_fem: Function split_and_compute_cell took 0.0258 seconds
[07-02 12:17:22][DEBUG] jax_fem: Computing cell residual...
[07-02 12:17:22][DEBUG] jax_fem: Function split_and_compute_cell took 0.0681 seconds
[07-02 12:17:24][DEBUG] jax_fem: CuDSSNewtonSolver: starting Newton loop
[07-02 12:17:24][DEBUG] jax_fem: DeviceProblem: computing Jacobian on device
[07-02 12:17:24][DEBUG] jax_fem: Function split_and_compute_cell took 0.0255 seconds
[07-02 12:17:24][DEBUG] jax_fem: CuDSSNewtonSolver: initial residual = 2.235e+08
[07-02 12:17:24][DEBUG] jax_fem: DeviceProblem: computing Jacobian on device
[07-02 12:17:24][DEBUG] jax_fem: Function split_and_compute_cell took 0.0248 seconds
[07-02 12:17:24][DEBUG] jax_fem: CuDSSNewtonSolver: iter=1  res=1.534e-05  rel=6.865e-14
[07-02 12:17:24][INFO] jax_fem: CuDSSNewtonSolver: solve finished in 0.09s  res=1.534e-05
[07-02 12:17:24][DEBUG] jax_fem: CuDSSNewtonSolver: starting Newton loop
[07-02 12:17:24][DEBUG] jax_fem: DeviceProblem: computing Jacobian on device
[07-02 12:17:24][DEBUG] jax_fem: Function split_and_compute_cell took 0.0337 seconds
[07-02 12:17:24][DEBUG] jax_fem: CuDSSNewtonSolver: initial residual = 2.216e+08
[07-02 12:17:24][DEBUG] jax_fem: DeviceProblem: computing Jacobian on device
[07-02 12:17:24][DEBUG] jax_fem: Function split_and_compute_cell took 0.0381 seconds
[07-02 12:17:24][DEBUG] jax_fem: CuDSSNewtonSolver: iter=1  res=1.486e-05  rel=6.703e-14
[07-02 12:17:24][INFO] jax_fem: CuDSSNewtonSolver: solve finished in 0.11s  res=1.486e-05
[07-02 12:17:24][DEBUG] jax_fem: CuDSSNewtonSolver: starting Newton loop
[07-02 12:17:24][DEBUG] jax_fem: DeviceProblem: computing Jacobian on device
[07-02 12:17:24][DEBUG] jax_fem: Function split_and_compute_cell took 0.0346 seconds
[07-02 12:17:24][DEBUG] jax_fem: CuDSSNewtonSolver: initial residual = 2.211e+08
[07-02 12:17:24][DEBUG] jax_fem: DeviceProblem: computing Jacobian on device
[07-02 12:17:24][DEBUG] jax_fem: Function split_and_compute_cell took 0.0370 seconds
[07-02 12:17:24][DEBUG] jax_fem: CuDSSNewtonSolver: iter=1  res=1.688e-05  rel=7.635e-14
[07-02 12:17:24][INFO] jax_fem: CuDSSNewtonSolver: solve finished in 0.11s  res=1.688e-05
[07-02 12:17:25][DEBUG] jax_fem: CuDSSNewtonSolver: starting Newton loop
[07-02 12:17:25][DEBUG] jax_fem: DeviceProblem: computing Jacobian on device
[07-02 12:17:25][DEBUG] jax_fem: Function split_and_compute_cell took 0.0444 seconds
[07-02 12:17:25][DEBUG] jax_fem: CuDSSNewtonSolver: initial residual = 2.236e+08
[07-02 12:17:25][DEBUG] jax_fem: DeviceProblem: computing Jacobian on device
[07-02 12:17:25][DEBUG] jax_fem: Function split_and_compute_cell took 0.0455 seconds
[07-02 12:17:25][DEBUG] jax_fem: CuDSSNewtonSolver: iter=1  res=1.539e-05  rel=6.881e-14
[07-02 12:17:25][INFO] jax_fem: CuDSSNewtonSolver: solve finished in 0.13s  res=1.539e-05
[07-02 12:17:25][DEBUG] jax_fem: CuDSSNewtonSolver: starting Newton loop
[07-02 12:17:25][DEBUG] jax_fem: DeviceProblem: computing Jacobian on device
[07-02 12:17:25][DEBUG] jax_fem: Function split_and_compute_cell took 0.0365 seconds
[07-02 12:17:25][DEBUG] jax_fem: CuDSSNewtonSolver: initial residual = 2.223e+08
[07-02 12:17:25][DEBUG] jax_fem: DeviceProblem: computing Jacobian on device
[07-02 12:17:25][DEBUG] jax_fem: Function split_and_compute_cell took 0.0379 seconds
[07-02 12:17:25][DEBUG] jax_fem: CuDSSNewtonSolver: iter=1  res=1.353e-05  rel=6.086e-14
[07-02 12:17:25][INFO] jax_fem: CuDSSNewtonSolver: solve finished in 0.12s  res=1.353e-05
[07-02 12:17:27][DEBUG] jax_fem: CuDSSNewtonSolver: starting Newton loop
[07-02 12:17:27][DEBUG] jax_fem: DeviceProblem: computing Jacobian on device
[07-02 12:17:27][DEBUG] jax_fem: Function split_and_compute_cell took 0.0268 seconds
[07-02 12:17:27][DEBUG] jax_fem: CuDSSNewtonSolver: initial residual = 2.235e+08
[07-02 12:17:27][DEBUG] jax_fem: DeviceProblem: computing Jacobian on device
[07-02 12:17:27][DEBUG] jax_fem: Function split_and_compute_cell took 0.0263 seconds
[07-02 12:17:27][DEBUG] jax_fem: CuDSSNewtonSolver: iter=1  res=1.465e-05  rel=6.556e-14
[07-02 12:17:27][INFO] jax_fem: CuDSSNewtonSolver: solve finished in 0.09s  res=1.465e-05
[07-02 12:17:27][DEBUG] jax_fem: CuDSSNewtonSolver: starting Newton loop
[07-02 12:17:27][DEBUG] jax_fem: DeviceProblem: computing Jacobian on device
[07-02 12:17:27][DEBUG] jax_fem: Function split_and_compute_cell took 0.0259 seconds
[07-02 12:17:27][DEBUG] jax_fem: CuDSSNewtonSolver: initial residual = 2.216e+08
[07-02 12:17:27][DEBUG] jax_fem: DeviceProblem: computing Jacobian on device
[07-02 12:17:28][DEBUG] jax_fem: Function split_and_compute_cell took 0.0251 seconds
[07-02 12:17:28][DEBUG] jax_fem: CuDSSNewtonSolver: iter=1  res=1.498e-05  rel=6.758e-14
[07-02 12:17:28][INFO] jax_fem: CuDSSNewtonSolver: solve finished in 0.09s  res=1.498e-05
[07-02 12:17:28][DEBUG] jax_fem: CuDSSNewtonSolver: starting Newton loop
[07-02 12:17:28][DEBUG] jax_fem: DeviceProblem: computing Jacobian on device
[07-02 12:17:28][DEBUG] jax_fem: Function split_and_compute_cell took 0.0265 seconds
[07-02 12:17:28][DEBUG] jax_fem: CuDSSNewtonSolver: initial residual = 2.211e+08
[07-02 12:17:28][DEBUG] jax_fem: DeviceProblem: computing Jacobian on device
[07-02 12:17:28][DEBUG] jax_fem: Function split_and_compute_cell took 0.0277 seconds
[07-02 12:17:28][DEBUG] jax_fem: CuDSSNewtonSolver: iter=1  res=1.713e-05  rel=7.750e-14
[07-02 12:17:28][INFO] jax_fem: CuDSSNewtonSolver: solve finished in 0.09s  res=1.713e-05
[07-02 12:17:29][DEBUG] jax_fem: CuDSSNewtonSolver: starting Newton loop
[07-02 12:17:29][DEBUG] jax_fem: DeviceProblem: computing Jacobian on device
[07-02 12:17:29][DEBUG] jax_fem: Function split_and_compute_cell took 0.0275 seconds
[07-02 12:17:29][DEBUG] jax_fem: CuDSSNewtonSolver: initial residual = 2.236e+08
[07-02 12:17:29][DEBUG] jax_fem: DeviceProblem: computing Jacobian on device
[07-02 12:17:29][DEBUG] jax_fem: Function split_and_compute_cell took 0.0271 seconds
[07-02 12:17:29][DEBUG] jax_fem: CuDSSNewtonSolver: iter=1  res=1.633e-05  rel=7.300e-14
[07-02 12:17:29][INFO] jax_fem: CuDSSNewtonSolver: solve finished in 0.09s  res=1.633e-05
[07-02 12:17:29][DEBUG] jax_fem: CuDSSNewtonSolver: starting Newton loop
[07-02 12:17:29][DEBUG] jax_fem: DeviceProblem: computing Jacobian on device
[07-02 12:17:29][DEBUG] jax_fem: Function split_and_compute_cell took 0.0259 seconds
[07-02 12:17:29][DEBUG] jax_fem: CuDSSNewtonSolver: initial residual = 2.223e+08
[07-02 12:17:29][DEBUG] jax_fem: DeviceProblem: computing Jacobian on device
[07-02 12:17:30][DEBUG] jax_fem: Function split_and_compute_cell took 0.0272 seconds
[07-02 12:17:30][DEBUG] jax_fem: CuDSSNewtonSolver: iter=1  res=1.395e-05  rel=6.275e-14
[07-02 12:17:30][INFO] jax_fem: CuDSSNewtonSolver: solve finished in 0.09s  res=1.395e-05
[07-02 12:17:30][INFO] jax_fem: CuDSS backward: solving adjoint problem …
[07-02 12:17:30][DEBUG] jax_fem: DeviceProblem: computing Jacobian on device
[07-02 12:17:30][DEBUG] jax_fem: Function split_and_compute_cell took 0.0258 seconds
[07-02 12:17:30][DEBUG] jax_fem: Computing cell residual...
[07-02 12:17:30][DEBUG] jax_fem: Function split_and_compute_cell took 0.0654 seconds
[07-02 12:17:30][INFO] jax_fem: CuDSS backward: solving adjoint problem …
[07-02 12:17:30][DEBUG] jax_fem: DeviceProblem: computing Jacobian on device
[07-02 12:17:30][DEBUG] jax_fem: Function split_and_compute_cell took 0.0513 seconds
[07-02 12:17:30][DEBUG] jax_fem: Computing cell residual...
[07-02 12:17:30][DEBUG] jax_fem: Function split_and_compute_cell took 0.0563 seconds
[07-02 12:17:30][INFO] jax_fem: CuDSS backward: solving adjoint problem …
[07-02 12:17:30][DEBUG] jax_fem: DeviceProblem: computing Jacobian on device
[07-02 12:17:30][DEBUG] jax_fem: Function split_and_compute_cell took 0.0524 seconds
[07-02 12:17:30][DEBUG] jax_fem: Computing cell residual...
[07-02 12:17:31][DEBUG] jax_fem: Function split_and_compute_cell took 0.0628 seconds
[07-02 12:17:31][INFO] jax_fem: CuDSS backward: solving adjoint problem …
[07-02 12:17:31][DEBUG] jax_fem: DeviceProblem: computing Jacobian on device
[07-02 12:17:31][DEBUG] jax_fem: Function split_and_compute_cell took 0.0416 seconds
[07-02 12:17:31][DEBUG] jax_fem: Computing cell residual...
[07-02 12:17:31][DEBUG] jax_fem: Function split_and_compute_cell took 0.0597 seconds
[07-02 12:17:31][INFO] jax_fem: CuDSS backward: solving adjoint problem …
[07-02 12:17:31][DEBUG] jax_fem: DeviceProblem: computing Jacobian on device
[07-02 12:17:31][DEBUG] jax_fem: Function split_and_compute_cell took 0.0560 seconds
[07-02 12:17:31][DEBUG] jax_fem: Computing cell residual...
[07-02 12:17:31][DEBUG] jax_fem: Function split_and_compute_cell took 0.0732 seconds
[07-02 12:17:33][DEBUG] jax_fem: CuDSSNewtonSolver: starting Newton loop
[07-02 12:17:33][DEBUG] jax_fem: DeviceProblem: computing Jacobian on device
[07-02 12:17:33][DEBUG] jax_fem: Function split_and_compute_cell took 0.0366 seconds
[07-02 12:17:33][DEBUG] jax_fem: CuDSSNewtonSolver: initial residual = 2.235e+08
[07-02 12:17:33][DEBUG] jax_fem: DeviceProblem: computing Jacobian on device
[07-02 12:17:33][DEBUG] jax_fem: Function split_and_compute_cell took 0.0383 seconds
[07-02 12:17:33][DEBUG] jax_fem: CuDSSNewtonSolver: iter=1  res=1.535e-05  rel=6.867e-14
[07-02 12:17:33][INFO] jax_fem: CuDSSNewtonSolver: solve finished in 0.12s  res=1.535e-05
[07-02 12:17:33][DEBUG] jax_fem: CuDSSNewtonSolver: starting Newton loop
[07-02 12:17:33][DEBUG] jax_fem: DeviceProblem: computing Jacobian on device
[07-02 12:17:33][DEBUG] jax_fem: Function split_and_compute_cell took 0.0347 seconds
[07-02 12:17:33][DEBUG] jax_fem: CuDSSNewtonSolver: initial residual = 2.216e+08
[07-02 12:17:33][DEBUG] jax_fem: DeviceProblem: computing Jacobian on device
[07-02 12:17:33][DEBUG] jax_fem: Function split_and_compute_cell took 0.0301 seconds
[07-02 12:17:33][DEBUG] jax_fem: CuDSSNewtonSolver: iter=1  res=1.512e-05  rel=6.824e-14
[07-02 12:17:33][INFO] jax_fem: CuDSSNewtonSolver: solve finished in 0.11s  res=1.512e-05
[07-02 12:17:34][DEBUG] jax_fem: CuDSSNewtonSolver: starting Newton loop
[07-02 12:17:34][DEBUG] jax_fem: DeviceProblem: computing Jacobian on device
[07-02 12:17:34][DEBUG] jax_fem: Function split_and_compute_cell took 0.0404 seconds
[07-02 12:17:34][DEBUG] jax_fem: CuDSSNewtonSolver: initial residual = 2.211e+08
[07-02 12:17:34][DEBUG] jax_fem: DeviceProblem: computing Jacobian on device
[07-02 12:17:34][DEBUG] jax_fem: Function split_and_compute_cell took 0.0257 seconds
[07-02 12:17:34][DEBUG] jax_fem: CuDSSNewtonSolver: iter=1  res=1.581e-05  rel=7.151e-14
[07-02 12:17:34][INFO] jax_fem: CuDSSNewtonSolver: solve finished in 0.11s  res=1.581e-05
[07-02 12:17:34][DEBUG] jax_fem: CuDSSNewtonSolver: starting Newton loop
[07-02 12:17:34][DEBUG] jax_fem: DeviceProblem: computing Jacobian on device
[07-02 12:17:34][DEBUG] jax_fem: Function split_and_compute_cell took 0.0303 seconds
[07-02 12:17:34][DEBUG] jax_fem: CuDSSNewtonSolver: initial residual = 2.236e+08
[07-02 12:17:34][DEBUG] jax_fem: DeviceProblem: computing Jacobian on device
[07-02 12:17:34][DEBUG] jax_fem: Function split_and_compute_cell took 0.0502 seconds
[07-02 12:17:34][DEBUG] jax_fem: CuDSSNewtonSolver: iter=1  res=1.553e-05  rel=6.943e-14
[07-02 12:17:34][INFO] jax_fem: CuDSSNewtonSolver: solve finished in 0.13s  res=1.553e-05
[07-02 12:17:34][DEBUG] jax_fem: CuDSSNewtonSolver: starting Newton loop
[07-02 12:17:34][DEBUG] jax_fem: DeviceProblem: computing Jacobian on device
[07-02 12:17:34][DEBUG] jax_fem: Function split_and_compute_cell took 0.0411 seconds
[07-02 12:17:35][DEBUG] jax_fem: CuDSSNewtonSolver: initial residual = 2.223e+08
[07-02 12:17:35][DEBUG] jax_fem: DeviceProblem: computing Jacobian on device
[07-02 12:17:35][DEBUG] jax_fem: Function split_and_compute_cell took 0.0357 seconds
[07-02 12:17:35][DEBUG] jax_fem: CuDSSNewtonSolver: iter=1  res=1.327e-05  rel=5.969e-14
[07-02 12:17:35][INFO] jax_fem: CuDSSNewtonSolver: solve finished in 0.12s  res=1.327e-05
[07-02 12:17:36][DEBUG] jax_fem: CuDSSNewtonSolver: starting Newton loop
[07-02 12:17:36][DEBUG] jax_fem: DeviceProblem: computing Jacobian on device
[07-02 12:17:36][DEBUG] jax_fem: Function split_and_compute_cell took 0.0286 seconds
[07-02 12:17:36][DEBUG] jax_fem: CuDSSNewtonSolver: initial residual = 2.235e+08
[07-02 12:17:36][DEBUG] jax_fem: DeviceProblem: computing Jacobian on device
[07-02 12:17:36][DEBUG] jax_fem: Function split_and_compute_cell took 0.0270 seconds
[07-02 12:17:36][DEBUG] jax_fem: CuDSSNewtonSolver: iter=1  res=1.510e-05  rel=6.759e-14
[07-02 12:17:36][INFO] jax_fem: CuDSSNewtonSolver: solve finished in 0.09s  res=1.510e-05
[07-02 12:17:37][DEBUG] jax_fem: CuDSSNewtonSolver: starting Newton loop
[07-02 12:17:37][DEBUG] jax_fem: DeviceProblem: computing Jacobian on device
[07-02 12:17:37][DEBUG] jax_fem: Function split_and_compute_cell took 0.0270 seconds
[07-02 12:17:37][DEBUG] jax_fem: CuDSSNewtonSolver: initial residual = 2.216e+08
[07-02 12:17:37][DEBUG] jax_fem: DeviceProblem: computing Jacobian on device
[07-02 12:17:37][DEBUG] jax_fem: Function split_and_compute_cell took 0.0275 seconds
[07-02 12:17:37][DEBUG] jax_fem: CuDSSNewtonSolver: iter=1  res=1.511e-05  rel=6.817e-14
[07-02 12:17:37][INFO] jax_fem: CuDSSNewtonSolver: solve finished in 0.09s  res=1.511e-05
[07-02 12:17:37][DEBUG] jax_fem: CuDSSNewtonSolver: starting Newton loop
[07-02 12:17:38][DEBUG] jax_fem: DeviceProblem: computing Jacobian on device
[07-02 12:17:38][DEBUG] jax_fem: Function split_and_compute_cell took 0.0281 seconds
[07-02 12:17:38][DEBUG] jax_fem: CuDSSNewtonSolver: initial residual = 2.211e+08
[07-02 12:17:38][DEBUG] jax_fem: DeviceProblem: computing Jacobian on device
[07-02 12:17:38][DEBUG] jax_fem: Function split_and_compute_cell took 0.0259 seconds
[07-02 12:17:38][DEBUG] jax_fem: CuDSSNewtonSolver: iter=1  res=1.616e-05  rel=7.311e-14
[07-02 12:17:38][INFO] jax_fem: CuDSSNewtonSolver: solve finished in 0.09s  res=1.616e-05
[07-02 12:17:38][DEBUG] jax_fem: CuDSSNewtonSolver: starting Newton loop
[07-02 12:17:38][DEBUG] jax_fem: DeviceProblem: computing Jacobian on device
[07-02 12:17:38][DEBUG] jax_fem: Function split_and_compute_cell took 0.0278 seconds
[07-02 12:17:38][DEBUG] jax_fem: CuDSSNewtonSolver: initial residual = 2.236e+08
[07-02 12:17:38][DEBUG] jax_fem: DeviceProblem: computing Jacobian on device
[07-02 12:17:38][DEBUG] jax_fem: Function split_and_compute_cell took 0.0283 seconds
[07-02 12:17:38][DEBUG] jax_fem: CuDSSNewtonSolver: iter=1  res=1.452e-05  rel=6.492e-14
[07-02 12:17:38][INFO] jax_fem: CuDSSNewtonSolver: solve finished in 0.09s  res=1.452e-05
[07-02 12:17:39][DEBUG] jax_fem: CuDSSNewtonSolver: starting Newton loop
[07-02 12:17:39][DEBUG] jax_fem: DeviceProblem: computing Jacobian on device
[07-02 12:17:39][DEBUG] jax_fem: Function split_and_compute_cell took 0.0268 seconds
[07-02 12:17:39][DEBUG] jax_fem: CuDSSNewtonSolver: initial residual = 2.223e+08
[07-02 12:17:39][DEBUG] jax_fem: DeviceProblem: computing Jacobian on device
[07-02 12:17:39][DEBUG] jax_fem: Function split_and_compute_cell took 0.0263 seconds
[07-02 12:17:39][DEBUG] jax_fem: CuDSSNewtonSolver: iter=1  res=1.319e-05  rel=5.931e-14
[07-02 12:17:39][INFO] jax_fem: CuDSSNewtonSolver: solve finished in 0.09s  res=1.319e-05
[07-02 12:17:39][INFO] jax_fem: CuDSS backward: solving adjoint problem …
[07-02 12:17:39][DEBUG] jax_fem: DeviceProblem: computing Jacobian on device
[07-02 12:17:39][DEBUG] jax_fem: Function split_and_compute_cell took 0.0547 seconds
[07-02 12:17:39][DEBUG] jax_fem: Computing cell residual...
[07-02 12:17:39][DEBUG] jax_fem: Function split_and_compute_cell took 0.0649 seconds
[07-02 12:17:39][INFO] jax_fem: CuDSS backward: solving adjoint problem …
[07-02 12:17:39][DEBUG] jax_fem: DeviceProblem: computing Jacobian on device
[07-02 12:17:39][DEBUG] jax_fem: Function split_and_compute_cell took 0.0602 seconds
[07-02 12:17:39][DEBUG] jax_fem: Computing cell residual...
[07-02 12:17:39][DEBUG] jax_fem: Function split_and_compute_cell took 0.0633 seconds
[07-02 12:17:40][INFO] jax_fem: CuDSS backward: solving adjoint problem …
[07-02 12:17:40][DEBUG] jax_fem: DeviceProblem: computing Jacobian on device
[07-02 12:17:40][DEBUG] jax_fem: Function split_and_compute_cell took 0.0406 seconds
[07-02 12:17:40][DEBUG] jax_fem: Computing cell residual...
[07-02 12:17:40][DEBUG] jax_fem: Function split_and_compute_cell took 0.0653 seconds
[07-02 12:17:40][INFO] jax_fem: CuDSS backward: solving adjoint problem …
[07-02 12:17:40][DEBUG] jax_fem: DeviceProblem: computing Jacobian on device
[07-02 12:17:40][DEBUG] jax_fem: Function split_and_compute_cell took 0.0420 seconds
[07-02 12:17:40][DEBUG] jax_fem: Computing cell residual...
[07-02 12:17:40][DEBUG] jax_fem: Function split_and_compute_cell took 0.0571 seconds
[07-02 12:17:40][INFO] jax_fem: CuDSS backward: solving adjoint problem …
[07-02 12:17:40][DEBUG] jax_fem: DeviceProblem: computing Jacobian on device
[07-02 12:17:40][DEBUG] jax_fem: Function split_and_compute_cell took 0.0364 seconds
[07-02 12:17:41][DEBUG] jax_fem: Computing cell residual...
[07-02 12:17:41][DEBUG] jax_fem: Function split_and_compute_cell took 0.0664 seconds
[07-02 12:17:42][DEBUG] jax_fem: CuDSSNewtonSolver: starting Newton loop
[07-02 12:17:42][DEBUG] jax_fem: DeviceProblem: computing Jacobian on device
[07-02 12:17:42][DEBUG] jax_fem: Function split_and_compute_cell took 0.0238 seconds
[07-02 12:17:42][DEBUG] jax_fem: CuDSSNewtonSolver: initial residual = 2.235e+08
[07-02 12:17:42][DEBUG] jax_fem: DeviceProblem: computing Jacobian on device
[07-02 12:17:42][DEBUG] jax_fem: Function split_and_compute_cell took 0.0289 seconds
[07-02 12:17:42][DEBUG] jax_fem: CuDSSNewtonSolver: iter=1  res=1.497e-05  rel=6.698e-14
[07-02 12:17:42][INFO] jax_fem: CuDSSNewtonSolver: solve finished in 0.10s  res=1.497e-05
[07-02 12:17:43][DEBUG] jax_fem: CuDSSNewtonSolver: starting Newton loop
[07-02 12:17:43][DEBUG] jax_fem: DeviceProblem: computing Jacobian on device
[07-02 12:17:43][DEBUG] jax_fem: Function split_and_compute_cell took 0.0569 seconds
[07-02 12:17:43][DEBUG] jax_fem: CuDSSNewtonSolver: initial residual = 2.216e+08
[07-02 12:17:43][DEBUG] jax_fem: DeviceProblem: computing Jacobian on device
[07-02 12:17:43][DEBUG] jax_fem: Function split_and_compute_cell took 0.0331 seconds
[07-02 12:17:43][DEBUG] jax_fem: CuDSSNewtonSolver: iter=1  res=1.529e-05  rel=6.897e-14
[07-02 12:17:43][INFO] jax_fem: CuDSSNewtonSolver: solve finished in 0.13s  res=1.529e-05
[07-02 12:17:43][DEBUG] jax_fem: CuDSSNewtonSolver: starting Newton loop
[07-02 12:17:43][DEBUG] jax_fem: DeviceProblem: computing Jacobian on device
[07-02 12:17:43][DEBUG] jax_fem: Function split_and_compute_cell took 0.0424 seconds
[07-02 12:17:43][DEBUG] jax_fem: CuDSSNewtonSolver: initial residual = 2.211e+08
[07-02 12:17:43][DEBUG] jax_fem: DeviceProblem: computing Jacobian on device
[07-02 12:17:43][DEBUG] jax_fem: Function split_and_compute_cell took 0.0472 seconds
[07-02 12:17:43][DEBUG] jax_fem: CuDSSNewtonSolver: iter=1  res=1.611e-05  rel=7.287e-14
[07-02 12:17:43][INFO] jax_fem: CuDSSNewtonSolver: solve finished in 0.13s  res=1.611e-05
[07-02 12:17:43][DEBUG] jax_fem: CuDSSNewtonSolver: starting Newton loop
[07-02 12:17:43][DEBUG] jax_fem: DeviceProblem: computing Jacobian on device
[07-02 12:17:43][DEBUG] jax_fem: Function split_and_compute_cell took 0.0291 seconds
[07-02 12:17:43][DEBUG] jax_fem: CuDSSNewtonSolver: initial residual = 2.236e+08
[07-02 12:17:43][DEBUG] jax_fem: DeviceProblem: computing Jacobian on device
[07-02 12:17:43][DEBUG] jax_fem: Function split_and_compute_cell took 0.0253 seconds
[07-02 12:17:43][DEBUG] jax_fem: CuDSSNewtonSolver: iter=1  res=1.511e-05  rel=6.755e-14
[07-02 12:17:43][INFO] jax_fem: CuDSSNewtonSolver: solve finished in 0.09s  res=1.511e-05
[07-02 12:17:44][DEBUG] jax_fem: CuDSSNewtonSolver: starting Newton loop
[07-02 12:17:44][DEBUG] jax_fem: DeviceProblem: computing Jacobian on device
[07-02 12:17:44][DEBUG] jax_fem: Function split_and_compute_cell took 0.0254 seconds
[07-02 12:17:44][DEBUG] jax_fem: CuDSSNewtonSolver: initial residual = 2.223e+08
[07-02 12:17:44][DEBUG] jax_fem: DeviceProblem: computing Jacobian on device
[07-02 12:17:44][DEBUG] jax_fem: Function split_and_compute_cell took 0.0293 seconds
[07-02 12:17:44][DEBUG] jax_fem: CuDSSNewtonSolver: iter=1  res=1.342e-05  rel=6.037e-14
[07-02 12:17:44][INFO] jax_fem: CuDSSNewtonSolver: solve finished in 0.09s  res=1.342e-05
[07-02 12:17:46][DEBUG] jax_fem: CuDSSNewtonSolver: starting Newton loop
[07-02 12:17:46][DEBUG] jax_fem: DeviceProblem: computing Jacobian on device
[07-02 12:17:46][DEBUG] jax_fem: Function split_and_compute_cell took 0.0272 seconds
[07-02 12:17:46][DEBUG] jax_fem: CuDSSNewtonSolver: initial residual = 2.235e+08
[07-02 12:17:46][DEBUG] jax_fem: DeviceProblem: computing Jacobian on device
[07-02 12:17:46][DEBUG] jax_fem: Function split_and_compute_cell took 0.0285 seconds
[07-02 12:17:46][DEBUG] jax_fem: CuDSSNewtonSolver: iter=1  res=1.523e-05  rel=6.815e-14
[07-02 12:17:46][INFO] jax_fem: CuDSSNewtonSolver: solve finished in 0.09s  res=1.523e-05
[07-02 12:17:46][DEBUG] jax_fem: CuDSSNewtonSolver: starting Newton loop
[07-02 12:17:46][DEBUG] jax_fem: DeviceProblem: computing Jacobian on device
[07-02 12:17:46][DEBUG] jax_fem: Function split_and_compute_cell took 0.0240 seconds
[07-02 12:17:46][DEBUG] jax_fem: CuDSSNewtonSolver: initial residual = 2.216e+08
[07-02 12:17:46][DEBUG] jax_fem: DeviceProblem: computing Jacobian on device
[07-02 12:17:46][DEBUG] jax_fem: Function split_and_compute_cell took 0.0265 seconds
[07-02 12:17:46][DEBUG] jax_fem: CuDSSNewtonSolver: iter=1  res=1.498e-05  rel=6.760e-14
[07-02 12:17:46][INFO] jax_fem: CuDSSNewtonSolver: solve finished in 0.09s  res=1.498e-05
[07-02 12:17:47][DEBUG] jax_fem: CuDSSNewtonSolver: starting Newton loop
[07-02 12:17:47][DEBUG] jax_fem: DeviceProblem: computing Jacobian on device
[07-02 12:17:47][DEBUG] jax_fem: Function split_and_compute_cell took 0.0255 seconds
[07-02 12:17:47][DEBUG] jax_fem: CuDSSNewtonSolver: initial residual = 2.211e+08
[07-02 12:17:47][DEBUG] jax_fem: DeviceProblem: computing Jacobian on device
[07-02 12:17:47][DEBUG] jax_fem: Function split_and_compute_cell took 0.0267 seconds
[07-02 12:17:47][DEBUG] jax_fem: CuDSSNewtonSolver: iter=1  res=1.638e-05  rel=7.408e-14
[07-02 12:17:47][INFO] jax_fem: CuDSSNewtonSolver: solve finished in 0.09s  res=1.638e-05
[07-02 12:17:47][DEBUG] jax_fem: CuDSSNewtonSolver: starting Newton loop
[07-02 12:17:47][DEBUG] jax_fem: DeviceProblem: computing Jacobian on device
[07-02 12:17:47][DEBUG] jax_fem: Function split_and_compute_cell took 0.0285 seconds
[07-02 12:17:47][DEBUG] jax_fem: CuDSSNewtonSolver: initial residual = 2.236e+08
[07-02 12:17:47][DEBUG] jax_fem: DeviceProblem: computing Jacobian on device
[07-02 12:17:47][DEBUG] jax_fem: Function split_and_compute_cell took 0.0261 seconds
[07-02 12:17:47][DEBUG] jax_fem: CuDSSNewtonSolver: iter=1  res=1.427e-05  rel=6.382e-14
[07-02 12:17:47][INFO] jax_fem: CuDSSNewtonSolver: solve finished in 0.09s  res=1.427e-05
[07-02 12:17:48][DEBUG] jax_fem: CuDSSNewtonSolver: starting Newton loop
[07-02 12:17:48][DEBUG] jax_fem: DeviceProblem: computing Jacobian on device
[07-02 12:17:48][DEBUG] jax_fem: Function split_and_compute_cell took 0.0282 seconds
[07-02 12:17:48][DEBUG] jax_fem: CuDSSNewtonSolver: initial residual = 2.223e+08
[07-02 12:17:48][DEBUG] jax_fem: DeviceProblem: computing Jacobian on device
[07-02 12:17:48][DEBUG] jax_fem: Function split_and_compute_cell took 0.0274 seconds
[07-02 12:17:48][DEBUG] jax_fem: CuDSSNewtonSolver: iter=1  res=1.312e-05  rel=5.902e-14
[07-02 12:17:48][INFO] jax_fem: CuDSSNewtonSolver: solve finished in 0.09s  res=1.312e-05
[07-02 12:17:48][INFO] jax_fem: CuDSS backward: solving adjoint problem …
[07-02 12:17:48][DEBUG] jax_fem: DeviceProblem: computing Jacobian on device
[07-02 12:17:48][DEBUG] jax_fem: Function split_and_compute_cell took 0.0242 seconds
[07-02 12:17:48][DEBUG] jax_fem: Computing cell residual...
[07-02 12:17:48][DEBUG] jax_fem: Function split_and_compute_cell took 0.0580 seconds
[07-02 12:17:49][INFO] jax_fem: CuDSS backward: solving adjoint problem …
[07-02 12:17:49][DEBUG] jax_fem: DeviceProblem: computing Jacobian on device
[07-02 12:17:49][DEBUG] jax_fem: Function split_and_compute_cell took 0.0449 seconds
[07-02 12:17:49][DEBUG] jax_fem: Computing cell residual...
[07-02 12:17:49][DEBUG] jax_fem: Function split_and_compute_cell took 0.0737 seconds
[07-02 12:17:49][INFO] jax_fem: CuDSS backward: solving adjoint problem …
[07-02 12:17:49][DEBUG] jax_fem: DeviceProblem: computing Jacobian on device
[07-02 12:17:49][DEBUG] jax_fem: Function split_and_compute_cell took 0.0447 seconds
[07-02 12:17:49][DEBUG] jax_fem: Computing cell residual...
[07-02 12:17:49][DEBUG] jax_fem: Function split_and_compute_cell took 0.0656 seconds
[07-02 12:17:49][INFO] jax_fem: CuDSS backward: solving adjoint problem …
[07-02 12:17:49][DEBUG] jax_fem: DeviceProblem: computing Jacobian on device
[07-02 12:17:49][DEBUG] jax_fem: Function split_and_compute_cell took 0.0505 seconds
[07-02 12:17:49][DEBUG] jax_fem: Computing cell residual...
[07-02 12:17:50][DEBUG] jax_fem: Function split_and_compute_cell took 0.0638 seconds
[07-02 12:17:50][INFO] jax_fem: CuDSS backward: solving adjoint problem …
[07-02 12:17:50][DEBUG] jax_fem: DeviceProblem: computing Jacobian on device
[07-02 12:17:50][DEBUG] jax_fem: Function split_and_compute_cell took 0.0586 seconds
[07-02 12:17:50][DEBUG] jax_fem: Computing cell residual...
[07-02 12:17:50][DEBUG] jax_fem: Function split_and_compute_cell took 0.0721 seconds
[07-02 12:17:52][DEBUG] jax_fem: CuDSSNewtonSolver: starting Newton loop
[07-02 12:17:52][DEBUG] jax_fem: DeviceProblem: computing Jacobian on device
[07-02 12:17:52][DEBUG] jax_fem: Function split_and_compute_cell took 0.0377 seconds
[07-02 12:17:52][DEBUG] jax_fem: CuDSSNewtonSolver: initial residual = 2.235e+08
[07-02 12:17:52][DEBUG] jax_fem: DeviceProblem: computing Jacobian on device
[07-02 12:17:52][DEBUG] jax_fem: Function split_and_compute_cell took 0.0277 seconds
[07-02 12:17:52][DEBUG] jax_fem: CuDSSNewtonSolver: iter=1  res=1.487e-05  rel=6.652e-14
[07-02 12:17:52][INFO] jax_fem: CuDSSNewtonSolver: solve finished in 0.11s  res=1.487e-05
[07-02 12:17:52][DEBUG] jax_fem: CuDSSNewtonSolver: starting Newton loop
[07-02 12:17:52][DEBUG] jax_fem: DeviceProblem: computing Jacobian on device
[07-02 12:17:52][DEBUG] jax_fem: Function split_and_compute_cell took 0.0286 seconds
[07-02 12:17:52][DEBUG] jax_fem: CuDSSNewtonSolver: initial residual = 2.216e+08
[07-02 12:17:52][DEBUG] jax_fem: DeviceProblem: computing Jacobian on device
[07-02 12:17:52][DEBUG] jax_fem: Function split_and_compute_cell took 0.0328 seconds
[07-02 12:17:52][DEBUG] jax_fem: CuDSSNewtonSolver: iter=1  res=1.499e-05  rel=6.764e-14
[07-02 12:17:52][INFO] jax_fem: CuDSSNewtonSolver: solve finished in 0.10s  res=1.499e-05
[07-02 12:17:52][DEBUG] jax_fem: CuDSSNewtonSolver: starting Newton loop
[07-02 12:17:52][DEBUG] jax_fem: DeviceProblem: computing Jacobian on device
[07-02 12:17:52][DEBUG] jax_fem: Function split_and_compute_cell took 0.0482 seconds
[07-02 12:17:52][DEBUG] jax_fem: CuDSSNewtonSolver: initial residual = 2.211e+08
[07-02 12:17:52][DEBUG] jax_fem: DeviceProblem: computing Jacobian on device
[07-02 12:17:52][DEBUG] jax_fem: Function split_and_compute_cell took 0.0407 seconds
[07-02 12:17:52][DEBUG] jax_fem: CuDSSNewtonSolver: iter=1  res=1.727e-05  rel=7.815e-14
[07-02 12:17:52][INFO] jax_fem: CuDSSNewtonSolver: solve finished in 0.13s  res=1.727e-05
[07-02 12:17:53][DEBUG] jax_fem: CuDSSNewtonSolver: starting Newton loop
[07-02 12:17:53][DEBUG] jax_fem: DeviceProblem: computing Jacobian on device
[07-02 12:17:53][DEBUG] jax_fem: Function split_and_compute_cell took 0.0569 seconds
[07-02 12:17:53][DEBUG] jax_fem: CuDSSNewtonSolver: initial residual = 2.236e+08
[07-02 12:17:53][DEBUG] jax_fem: DeviceProblem: computing Jacobian on device
[07-02 12:17:53][DEBUG] jax_fem: Function split_and_compute_cell took 0.0447 seconds
[07-02 12:17:53][DEBUG] jax_fem: CuDSSNewtonSolver: iter=1  res=1.514e-05  rel=6.771e-14
[07-02 12:17:53][INFO] jax_fem: CuDSSNewtonSolver: solve finished in 0.15s  res=1.514e-05
[07-02 12:17:53][DEBUG] jax_fem: CuDSSNewtonSolver: starting Newton loop
[07-02 12:17:53][DEBUG] jax_fem: DeviceProblem: computing Jacobian on device
[07-02 12:17:53][DEBUG] jax_fem: Function split_and_compute_cell took 0.0392 seconds
[07-02 12:17:53][DEBUG] jax_fem: CuDSSNewtonSolver: initial residual = 2.223e+08
[07-02 12:17:53][DEBUG] jax_fem: DeviceProblem: computing Jacobian on device
[07-02 12:17:53][DEBUG] jax_fem: Function split_and_compute_cell took 0.0380 seconds
[07-02 12:17:53][DEBUG] jax_fem: CuDSSNewtonSolver: iter=1  res=1.337e-05  rel=6.015e-14
[07-02 12:17:53][INFO] jax_fem: CuDSSNewtonSolver: solve finished in 0.12s  res=1.337e-05
[07-02 12:17:55][DEBUG] jax_fem: CuDSSNewtonSolver: starting Newton loop
[07-02 12:17:55][DEBUG] jax_fem: DeviceProblem: computing Jacobian on device
[07-02 12:17:55][DEBUG] jax_fem: Function split_and_compute_cell took 0.0258 seconds
[07-02 12:17:55][DEBUG] jax_fem: CuDSSNewtonSolver: initial residual = 2.235e+08
[07-02 12:17:55][DEBUG] jax_fem: DeviceProblem: computing Jacobian on device
[07-02 12:17:55][DEBUG] jax_fem: Function split_and_compute_cell took 0.0269 seconds
[07-02 12:17:55][DEBUG] jax_fem: CuDSSNewtonSolver: iter=1  res=1.629e-05  rel=7.289e-14
[07-02 12:17:55][INFO] jax_fem: CuDSSNewtonSolver: solve finished in 0.09s  res=1.629e-05
[07-02 12:17:55][DEBUG] jax_fem: CuDSSNewtonSolver: starting Newton loop
[07-02 12:17:55][DEBUG] jax_fem: DeviceProblem: computing Jacobian on device
[07-02 12:17:55][DEBUG] jax_fem: Function split_and_compute_cell took 0.0281 seconds
[07-02 12:17:55][DEBUG] jax_fem: CuDSSNewtonSolver: initial residual = 2.216e+08
[07-02 12:17:55][DEBUG] jax_fem: DeviceProblem: computing Jacobian on device
[07-02 12:17:55][DEBUG] jax_fem: Function split_and_compute_cell took 0.0263 seconds
[07-02 12:17:56][DEBUG] jax_fem: CuDSSNewtonSolver: iter=1  res=1.637e-05  rel=7.386e-14
[07-02 12:17:56][INFO] jax_fem: CuDSSNewtonSolver: solve finished in 0.09s  res=1.637e-05
[07-02 12:17:56][DEBUG] jax_fem: CuDSSNewtonSolver: starting Newton loop
[07-02 12:17:56][DEBUG] jax_fem: DeviceProblem: computing Jacobian on device
[07-02 12:17:56][DEBUG] jax_fem: Function split_and_compute_cell took 0.0270 seconds
[07-02 12:17:56][DEBUG] jax_fem: CuDSSNewtonSolver: initial residual = 2.211e+08
[07-02 12:17:56][DEBUG] jax_fem: DeviceProblem: computing Jacobian on device
[07-02 12:17:56][DEBUG] jax_fem: Function split_and_compute_cell took 0.0278 seconds
[07-02 12:17:56][DEBUG] jax_fem: CuDSSNewtonSolver: iter=1  res=1.591e-05  rel=7.199e-14
[07-02 12:17:56][INFO] jax_fem: CuDSSNewtonSolver: solve finished in 0.09s  res=1.591e-05
[07-02 12:17:57][DEBUG] jax_fem: CuDSSNewtonSolver: starting Newton loop
[07-02 12:17:57][DEBUG] jax_fem: DeviceProblem: computing Jacobian on device
[07-02 12:17:57][DEBUG] jax_fem: Function split_and_compute_cell took 0.0276 seconds
[07-02 12:17:57][DEBUG] jax_fem: CuDSSNewtonSolver: initial residual = 2.236e+08
[07-02 12:17:57][DEBUG] jax_fem: DeviceProblem: computing Jacobian on device
[07-02 12:17:57][DEBUG] jax_fem: Function split_and_compute_cell took 0.0280 seconds
[07-02 12:17:57][DEBUG] jax_fem: CuDSSNewtonSolver: iter=1  res=1.509e-05  rel=6.748e-14
[07-02 12:17:57][INFO] jax_fem: CuDSSNewtonSolver: solve finished in 0.09s  res=1.509e-05
[07-02 12:17:57][DEBUG] jax_fem: CuDSSNewtonSolver: starting Newton loop
[07-02 12:17:57][DEBUG] jax_fem: DeviceProblem: computing Jacobian on device
[07-02 12:17:57][DEBUG] jax_fem: Function split_and_compute_cell took 0.0277 seconds
[07-02 12:17:57][DEBUG] jax_fem: CuDSSNewtonSolver: initial residual = 2.223e+08
[07-02 12:17:57][DEBUG] jax_fem: DeviceProblem: computing Jacobian on device
[07-02 12:17:57][DEBUG] jax_fem: Function split_and_compute_cell took 0.0260 seconds
[07-02 12:17:57][DEBUG] jax_fem: CuDSSNewtonSolver: iter=1  res=1.319e-05  rel=5.931e-14
[07-02 12:17:57][INFO] jax_fem: CuDSSNewtonSolver: solve finished in 0.09s  res=1.319e-05
[07-02 12:17:58][INFO] jax_fem: CuDSS backward: solving adjoint problem …
[07-02 12:17:58][DEBUG] jax_fem: DeviceProblem: computing Jacobian on device
[07-02 12:17:58][DEBUG] jax_fem: Function split_and_compute_cell took 0.0526 seconds
[07-02 12:17:58][DEBUG] jax_fem: Computing cell residual...
[07-02 12:17:58][DEBUG] jax_fem: Function split_and_compute_cell took 0.0633 seconds
[07-02 12:17:58][INFO] jax_fem: CuDSS backward: solving adjoint problem …
[07-02 12:17:58][DEBUG] jax_fem: DeviceProblem: computing Jacobian on device
[07-02 12:17:58][DEBUG] jax_fem: Function split_and_compute_cell took 0.0241 seconds
[07-02 12:17:58][DEBUG] jax_fem: Computing cell residual...
[07-02 12:17:58][DEBUG] jax_fem: Function split_and_compute_cell took 0.0596 seconds
[07-02 12:17:58][INFO] jax_fem: CuDSS backward: solving adjoint problem …
[07-02 12:17:58][DEBUG] jax_fem: DeviceProblem: computing Jacobian on device
[07-02 12:17:58][DEBUG] jax_fem: Function split_and_compute_cell took 0.0346 seconds
[07-02 12:17:58][DEBUG] jax_fem: Computing cell residual...
[07-02 12:17:58][DEBUG] jax_fem: Function split_and_compute_cell took 0.0720 seconds
[07-02 12:17:59][INFO] jax_fem: CuDSS backward: solving adjoint problem …
[07-02 12:17:59][DEBUG] jax_fem: DeviceProblem: computing Jacobian on device
[07-02 12:17:59][DEBUG] jax_fem: Function split_and_compute_cell took 0.0397 seconds
[07-02 12:17:59][DEBUG] jax_fem: Computing cell residual...
[07-02 12:17:59][DEBUG] jax_fem: Function split_and_compute_cell took 0.0588 seconds
[07-02 12:17:59][INFO] jax_fem: CuDSS backward: solving adjoint problem …
[07-02 12:17:59][DEBUG] jax_fem: DeviceProblem: computing Jacobian on device
[07-02 12:17:59][DEBUG] jax_fem: Function split_and_compute_cell took 0.0546 seconds
[07-02 12:17:59][DEBUG] jax_fem: Computing cell residual...
[07-02 12:17:59][DEBUG] jax_fem: Function split_and_compute_cell took 0.0615 seconds
[07-02 12:18:01][DEBUG] jax_fem: CuDSSNewtonSolver: starting Newton loop
[07-02 12:18:01][DEBUG] jax_fem: DeviceProblem: computing Jacobian on device
[07-02 12:18:01][DEBUG] jax_fem: Function split_and_compute_cell took 0.0347 seconds
[07-02 12:18:01][DEBUG] jax_fem: CuDSSNewtonSolver: initial residual = 2.235e+08
[07-02 12:18:01][DEBUG] jax_fem: DeviceProblem: computing Jacobian on device
[07-02 12:18:01][DEBUG] jax_fem: Function split_and_compute_cell took 0.0414 seconds
[07-02 12:18:01][DEBUG] jax_fem: CuDSSNewtonSolver: iter=1  res=1.690e-05  rel=7.560e-14
[07-02 12:18:01][INFO] jax_fem: CuDSSNewtonSolver: solve finished in 0.12s  res=1.690e-05
[07-02 12:18:01][DEBUG] jax_fem: CuDSSNewtonSolver: starting Newton loop
[07-02 12:18:01][DEBUG] jax_fem: DeviceProblem: computing Jacobian on device
[07-02 12:18:01][DEBUG] jax_fem: Function split_and_compute_cell took 0.0348 seconds
[07-02 12:18:01][DEBUG] jax_fem: CuDSSNewtonSolver: initial residual = 2.216e+08
[07-02 12:18:01][DEBUG] jax_fem: DeviceProblem: computing Jacobian on device
[07-02 12:18:01][DEBUG] jax_fem: Function split_and_compute_cell took 0.0332 seconds
[07-02 12:18:01][DEBUG] jax_fem: CuDSSNewtonSolver: iter=1  res=1.625e-05  rel=7.330e-14
[07-02 12:18:01][INFO] jax_fem: CuDSSNewtonSolver: solve finished in 0.11s  res=1.625e-05
[07-02 12:18:01][DEBUG] jax_fem: CuDSSNewtonSolver: starting Newton loop
[07-02 12:18:02][DEBUG] jax_fem: DeviceProblem: computing Jacobian on device
[07-02 12:18:02][DEBUG] jax_fem: Function split_and_compute_cell took 0.0518 seconds
[07-02 12:18:02][DEBUG] jax_fem: CuDSSNewtonSolver: initial residual = 2.211e+08
[07-02 12:18:02][DEBUG] jax_fem: DeviceProblem: computing Jacobian on device
[07-02 12:18:02][DEBUG] jax_fem: Function split_and_compute_cell took 0.0239 seconds
[07-02 12:18:02][DEBUG] jax_fem: CuDSSNewtonSolver: iter=1  res=1.624e-05  rel=7.347e-14
[07-02 12:18:02][INFO] jax_fem: CuDSSNewtonSolver: solve finished in 0.12s  res=1.624e-05
[07-02 12:18:02][DEBUG] jax_fem: CuDSSNewtonSolver: starting Newton loop
[07-02 12:18:02][DEBUG] jax_fem: DeviceProblem: computing Jacobian on device
[07-02 12:18:02][DEBUG] jax_fem: Function split_and_compute_cell took 0.0263 seconds
[07-02 12:18:02][DEBUG] jax_fem: CuDSSNewtonSolver: initial residual = 2.236e+08
[07-02 12:18:02][DEBUG] jax_fem: DeviceProblem: computing Jacobian on device
[07-02 12:18:02][DEBUG] jax_fem: Function split_and_compute_cell took 0.0268 seconds
[07-02 12:18:02][DEBUG] jax_fem: CuDSSNewtonSolver: iter=1  res=1.508e-05  rel=6.744e-14
[07-02 12:18:02][INFO] jax_fem: CuDSSNewtonSolver: solve finished in 0.10s  res=1.508e-05
[07-02 12:18:02][DEBUG] jax_fem: CuDSSNewtonSolver: starting Newton loop
[07-02 12:18:02][DEBUG] jax_fem: DeviceProblem: computing Jacobian on device
[07-02 12:18:02][DEBUG] jax_fem: Function split_and_compute_cell took 0.0435 seconds
[07-02 12:18:02][DEBUG] jax_fem: CuDSSNewtonSolver: initial residual = 2.223e+08
[07-02 12:18:02][DEBUG] jax_fem: DeviceProblem: computing Jacobian on device
[07-02 12:18:02][DEBUG] jax_fem: Function split_and_compute_cell took 0.0347 seconds
[07-02 12:18:02][DEBUG] jax_fem: CuDSSNewtonSolver: iter=1  res=1.343e-05  rel=6.038e-14
[07-02 12:18:02][INFO] jax_fem: CuDSSNewtonSolver: solve finished in 0.12s  res=1.343e-05
[07-02 12:18:04][DEBUG] jax_fem: CuDSSNewtonSolver: starting Newton loop
[07-02 12:18:04][DEBUG] jax_fem: DeviceProblem: computing Jacobian on device
[07-02 12:18:04][DEBUG] jax_fem: Function split_and_compute_cell took 0.0268 seconds
[07-02 12:18:04][DEBUG] jax_fem: CuDSSNewtonSolver: initial residual = 2.235e+08
[07-02 12:18:04][DEBUG] jax_fem: DeviceProblem: computing Jacobian on device
[07-02 12:18:04][DEBUG] jax_fem: Function split_and_compute_cell took 0.0266 seconds
[07-02 12:18:04][DEBUG] jax_fem: CuDSSNewtonSolver: iter=1  res=1.569e-05  rel=7.020e-14
[07-02 12:18:04][INFO] jax_fem: CuDSSNewtonSolver: solve finished in 0.09s  res=1.569e-05
[07-02 12:18:05][DEBUG] jax_fem: CuDSSNewtonSolver: starting Newton loop
[07-02 12:18:05][DEBUG] jax_fem: DeviceProblem: computing Jacobian on device
[07-02 12:18:05][DEBUG] jax_fem: Function split_and_compute_cell took 0.0259 seconds
[07-02 12:18:05][DEBUG] jax_fem: CuDSSNewtonSolver: initial residual = 2.216e+08
[07-02 12:18:05][DEBUG] jax_fem: DeviceProblem: computing Jacobian on device
[07-02 12:18:05][DEBUG] jax_fem: Function split_and_compute_cell took 0.0270 seconds
[07-02 12:18:05][DEBUG] jax_fem: CuDSSNewtonSolver: iter=1  res=1.422e-05  rel=6.415e-14
[07-02 12:18:05][INFO] jax_fem: CuDSSNewtonSolver: solve finished in 0.09s  res=1.422e-05
[07-02 12:18:05][DEBUG] jax_fem: CuDSSNewtonSolver: starting Newton loop
[07-02 12:18:05][DEBUG] jax_fem: DeviceProblem: computing Jacobian on device
[07-02 12:18:05][DEBUG] jax_fem: Function split_and_compute_cell took 0.0270 seconds
[07-02 12:18:05][DEBUG] jax_fem: CuDSSNewtonSolver: initial residual = 2.211e+08
[07-02 12:18:05][DEBUG] jax_fem: DeviceProblem: computing Jacobian on device
[07-02 12:18:05][DEBUG] jax_fem: Function split_and_compute_cell took 0.0261 seconds
[07-02 12:18:05][DEBUG] jax_fem: CuDSSNewtonSolver: iter=1  res=1.638e-05  rel=7.412e-14
[07-02 12:18:05][INFO] jax_fem: CuDSSNewtonSolver: solve finished in 0.09s  res=1.638e-05
[07-02 12:18:06][DEBUG] jax_fem: CuDSSNewtonSolver: starting Newton loop
[07-02 12:18:06][DEBUG] jax_fem: DeviceProblem: computing Jacobian on device
[07-02 12:18:06][DEBUG] jax_fem: Function split_and_compute_cell took 0.0268 seconds
[07-02 12:18:06][DEBUG] jax_fem: CuDSSNewtonSolver: initial residual = 2.236e+08
[07-02 12:18:06][DEBUG] jax_fem: DeviceProblem: computing Jacobian on device
[07-02 12:18:06][DEBUG] jax_fem: Function split_and_compute_cell took 0.0271 seconds
[07-02 12:18:06][DEBUG] jax_fem: CuDSSNewtonSolver: iter=1  res=1.547e-05  rel=6.918e-14
[07-02 12:18:06][INFO] jax_fem: CuDSSNewtonSolver: solve finished in 0.09s  res=1.547e-05
[07-02 12:18:06][DEBUG] jax_fem: CuDSSNewtonSolver: starting Newton loop
[07-02 12:18:06][DEBUG] jax_fem: DeviceProblem: computing Jacobian on device
[07-02 12:18:06][DEBUG] jax_fem: Function split_and_compute_cell took 0.0267 seconds
[07-02 12:18:06][DEBUG] jax_fem: CuDSSNewtonSolver: initial residual = 2.223e+08
[07-02 12:18:06][DEBUG] jax_fem: DeviceProblem: computing Jacobian on device
[07-02 12:18:06][DEBUG] jax_fem: Function split_and_compute_cell took 0.0264 seconds
[07-02 12:18:06][DEBUG] jax_fem: CuDSSNewtonSolver: iter=1  res=1.350e-05  rel=6.072e-14
[07-02 12:18:06][INFO] jax_fem: CuDSSNewtonSolver: solve finished in 0.09s  res=1.350e-05
[07-02 12:18:07][INFO] jax_fem: CuDSS backward: solving adjoint problem …
[07-02 12:18:07][DEBUG] jax_fem: DeviceProblem: computing Jacobian on device
[07-02 12:18:07][DEBUG] jax_fem: Function split_and_compute_cell took 0.0417 seconds
[07-02 12:18:07][DEBUG] jax_fem: Computing cell residual...
[07-02 12:18:07][DEBUG] jax_fem: Function split_and_compute_cell took 0.0709 seconds
[07-02 12:18:07][INFO] jax_fem: CuDSS backward: solving adjoint problem …
[07-02 12:18:07][DEBUG] jax_fem: DeviceProblem: computing Jacobian on device
[07-02 12:18:07][DEBUG] jax_fem: Function split_and_compute_cell took 0.0373 seconds
[07-02 12:18:07][DEBUG] jax_fem: Computing cell residual...
[07-02 12:18:07][DEBUG] jax_fem: Function split_and_compute_cell took 0.0608 seconds
[07-02 12:18:07][INFO] jax_fem: CuDSS backward: solving adjoint problem …
[07-02 12:18:07][DEBUG] jax_fem: DeviceProblem: computing Jacobian on device
[07-02 12:18:08][DEBUG] jax_fem: Function split_and_compute_cell took 0.0305 seconds
[07-02 12:18:08][DEBUG] jax_fem: Computing cell residual...
[07-02 12:18:08][DEBUG] jax_fem: Function split_and_compute_cell took 0.0671 seconds
[07-02 12:18:08][INFO] jax_fem: CuDSS backward: solving adjoint problem …
[07-02 12:18:08][DEBUG] jax_fem: DeviceProblem: computing Jacobian on device
[07-02 12:18:08][DEBUG] jax_fem: Function split_and_compute_cell took 0.0286 seconds
[07-02 12:18:08][DEBUG] jax_fem: Computing cell residual...
[07-02 12:18:08][DEBUG] jax_fem: Function split_and_compute_cell took 0.0651 seconds
[07-02 12:18:08][INFO] jax_fem: CuDSS backward: solving adjoint problem …
[07-02 12:18:08][DEBUG] jax_fem: DeviceProblem: computing Jacobian on device
[07-02 12:18:08][DEBUG] jax_fem: Function split_and_compute_cell took 0.0404 seconds
[07-02 12:18:08][DEBUG] jax_fem: Computing cell residual...
[07-02 12:18:08][DEBUG] jax_fem: Function split_and_compute_cell took 0.0610 seconds
