[gl040.hpc.nyu.edu:2549600] pmix_mca_base_component_repository_open: unable to open /scratch/lf2869/conda_envs/desc/lib/pmix/pmix_mca_pcompress_zlib.so: File /scratch/lf2869/conda_envs/desc/lib/pmix/pmix_mca_pcompress_zlib.so.sl not found (ignored)
[07-01 19:24:25][INFO] jax_fem: pyamgx not installed. AMGX solver disabled.
[07-01 19:24:30][DEBUG] jax_fem: Computing shape function values, gradients, etc.
[07-01 19:24:30][DEBUG] jax_fem: ele_type = TET10, quad_points.shape = (num_quads, dim) = (4, 3)
[07-01 19:24:30][DEBUG] jax_fem: face_quad_points.shape = (num_faces, num_face_quads, dim) = (4, 3, 3)
[07-01 19:24:30][DEBUG] jax_fem: Done pre-computations, took 0.009474992752075195 [s]
[07-01 19:24:30][INFO] jax_fem: Solving a problem with 1920 cells, 4000x3 = 12000 dofs.
[07-01 19:24:30][INFO] jax_fem: Element type is TET10, using 4 quad points per element.
[07-01 19:24:31][DEBUG] jax_fem: face_quad_points.shape = (num_faces, num_face_quads, dim) = (4, 3, 3)
[07-01 19:24:31][DEBUG] jax_fem: face_quad_points.shape = (num_faces, num_face_quads, dim) = (4, 6, 3)
[07-01 19:24:31][INFO] jax_fem: CuDSSNewtonSolver: building CSR pattern …
[07-01 19:24:31][INFO] jax_fem: CuDSSNewtonSolver: CSR pattern built in 0.23s  n=12000  nnz_csr=800640
[07-01 19:24:31][INFO] jax_fem: CuDSSNewtonSolver: building BC metadata …
[07-01 19:24:31][INFO] jax_fem: CuDSSNewtonSolver: instantiating cuDSS solver …
[07-01 19:24:31][DEBUG] jax_fem: Computing shape function values, gradients, etc.
[07-01 19:24:31][DEBUG] jax_fem: ele_type = TET10, quad_points.shape = (num_quads, dim) = (4, 3)
[07-01 19:24:31][DEBUG] jax_fem: face_quad_points.shape = (num_faces, num_face_quads, dim) = (4, 3, 3)
[07-01 19:24:31][DEBUG] jax_fem: Done pre-computations, took 0.008152246475219727 [s]
[07-01 19:24:31][INFO] jax_fem: Solving a problem with 1920 cells, 4000x3 = 12000 dofs.
[07-01 19:24:31][INFO] jax_fem: Element type is TET10, using 4 quad points per element.
[07-01 19:24:31][DEBUG] jax_fem: face_quad_points.shape = (num_faces, num_face_quads, dim) = (4, 3, 3)
[07-01 19:24:31][DEBUG] jax_fem: face_quad_points.shape = (num_faces, num_face_quads, dim) = (4, 6, 3)
[07-01 19:24:31][INFO] jax_fem: CuDSSNewtonSolver: building CSR pattern …
[07-01 19:24:31][INFO] jax_fem: CuDSSNewtonSolver: CSR pattern built in 0.22s  n=12000  nnz_csr=800640
[07-01 19:24:31][INFO] jax_fem: CuDSSNewtonSolver: building BC metadata …
[07-01 19:24:31][INFO] jax_fem: CuDSSNewtonSolver: instantiating cuDSS solver …
[07-01 19:24:31][DEBUG] jax_fem: Computing shape function values, gradients, etc.
[07-01 19:24:31][DEBUG] jax_fem: ele_type = TET10, quad_points.shape = (num_quads, dim) = (4, 3)
[07-01 19:24:31][DEBUG] jax_fem: face_quad_points.shape = (num_faces, num_face_quads, dim) = (4, 3, 3)
[07-01 19:24:31][DEBUG] jax_fem: Done pre-computations, took 0.008657693862915039 [s]
[07-01 19:24:31][INFO] jax_fem: Solving a problem with 1920 cells, 4000x3 = 12000 dofs.
[07-01 19:24:31][INFO] jax_fem: Element type is TET10, using 4 quad points per element.
[07-01 19:24:31][DEBUG] jax_fem: face_quad_points.shape = (num_faces, num_face_quads, dim) = (4, 3, 3)
[07-01 19:24:31][DEBUG] jax_fem: face_quad_points.shape = (num_faces, num_face_quads, dim) = (4, 6, 3)
[07-01 19:24:31][INFO] jax_fem: CuDSSNewtonSolver: building CSR pattern …
[07-01 19:24:31][INFO] jax_fem: CuDSSNewtonSolver: CSR pattern built in 0.21s  n=12000  nnz_csr=800640
[07-01 19:24:31][INFO] jax_fem: CuDSSNewtonSolver: building BC metadata …
[07-01 19:24:31][INFO] jax_fem: CuDSSNewtonSolver: instantiating cuDSS solver …
[07-01 19:24:31][DEBUG] jax_fem: Computing shape function values, gradients, etc.
[07-01 19:24:31][DEBUG] jax_fem: ele_type = TET10, quad_points.shape = (num_quads, dim) = (4, 3)
[07-01 19:24:31][DEBUG] jax_fem: face_quad_points.shape = (num_faces, num_face_quads, dim) = (4, 3, 3)
[07-01 19:24:31][DEBUG] jax_fem: Done pre-computations, took 0.007838010787963867 [s]
[07-01 19:24:31][INFO] jax_fem: Solving a problem with 1920 cells, 4000x3 = 12000 dofs.
[07-01 19:24:31][INFO] jax_fem: Element type is TET10, using 4 quad points per element.
[07-01 19:24:31][DEBUG] jax_fem: face_quad_points.shape = (num_faces, num_face_quads, dim) = (4, 3, 3)
[07-01 19:24:31][DEBUG] jax_fem: face_quad_points.shape = (num_faces, num_face_quads, dim) = (4, 6, 3)
[07-01 19:24:31][INFO] jax_fem: CuDSSNewtonSolver: building CSR pattern …
[07-01 19:24:32][INFO] jax_fem: CuDSSNewtonSolver: CSR pattern built in 0.21s  n=12000  nnz_csr=800640
[07-01 19:24:32][INFO] jax_fem: CuDSSNewtonSolver: building BC metadata …
[07-01 19:24:32][INFO] jax_fem: CuDSSNewtonSolver: instantiating cuDSS solver …
[07-01 19:24:32][DEBUG] jax_fem: Computing shape function values, gradients, etc.
[07-01 19:24:32][DEBUG] jax_fem: ele_type = TET10, quad_points.shape = (num_quads, dim) = (4, 3)
[07-01 19:24:32][DEBUG] jax_fem: face_quad_points.shape = (num_faces, num_face_quads, dim) = (4, 3, 3)
[07-01 19:24:32][DEBUG] jax_fem: Done pre-computations, took 0.007889270782470703 [s]
[07-01 19:24:32][INFO] jax_fem: Solving a problem with 1920 cells, 4000x3 = 12000 dofs.
[07-01 19:24:32][INFO] jax_fem: Element type is TET10, using 4 quad points per element.
[07-01 19:24:32][DEBUG] jax_fem: face_quad_points.shape = (num_faces, num_face_quads, dim) = (4, 3, 3)
[07-01 19:24:32][DEBUG] jax_fem: face_quad_points.shape = (num_faces, num_face_quads, dim) = (4, 6, 3)
[07-01 19:24:32][INFO] jax_fem: CuDSSNewtonSolver: building CSR pattern …
[07-01 19:24:32][INFO] jax_fem: CuDSSNewtonSolver: CSR pattern built in 0.22s  n=12000  nnz_csr=800640
[07-01 19:24:32][INFO] jax_fem: CuDSSNewtonSolver: building BC metadata …
[07-01 19:24:32][INFO] jax_fem: CuDSSNewtonSolver: instantiating cuDSS solver …
[07-01 19:24:55][DEBUG] jax_fem: CuDSSNewtonSolver: starting Newton loop
[07-01 19:24:56][DEBUG] jax_fem: DeviceProblem: computing Jacobian on device
[07-01 19:24:57][DEBUG] jax_fem: Function split_and_compute_cell took 0.8537 seconds
[07-01 19:24:58][DEBUG] jax_fem: CuDSSNewtonSolver: initial residual = 2.235e+08
[07-01 19:24:59][DEBUG] jax_fem: DeviceProblem: computing Jacobian on device
[07-01 19:24:59][DEBUG] jax_fem: Function split_and_compute_cell took 0.0379 seconds
[07-01 19:24:59][DEBUG] jax_fem: CuDSSNewtonSolver: iter=1  res=6.536e-06  rel=2.924e-14
[07-01 19:24:59][INFO] jax_fem: CuDSSNewtonSolver: solve finished in 4.17s  res=6.536e-06
[07-01 19:25:00][DEBUG] jax_fem: CuDSSNewtonSolver: starting Newton loop
[07-01 19:25:00][DEBUG] jax_fem: DeviceProblem: computing Jacobian on device
[07-01 19:25:00][DEBUG] jax_fem: Function split_and_compute_cell took 0.2143 seconds
[07-01 19:25:00][DEBUG] jax_fem: CuDSSNewtonSolver: initial residual = 2.217e+08
[07-01 19:25:00][DEBUG] jax_fem: DeviceProblem: computing Jacobian on device
[07-01 19:25:00][DEBUG] jax_fem: Function split_and_compute_cell took 0.0329 seconds
[07-01 19:25:00][DEBUG] jax_fem: CuDSSNewtonSolver: iter=1  res=6.205e-06  rel=2.799e-14
[07-01 19:25:00][INFO] jax_fem: CuDSSNewtonSolver: solve finished in 0.43s  res=6.205e-06
[07-01 19:25:01][DEBUG] jax_fem: CuDSSNewtonSolver: starting Newton loop
[07-01 19:25:01][DEBUG] jax_fem: DeviceProblem: computing Jacobian on device
[07-01 19:25:01][DEBUG] jax_fem: Function split_and_compute_cell took 0.2342 seconds
[07-01 19:25:01][DEBUG] jax_fem: CuDSSNewtonSolver: initial residual = 2.211e+08
[07-01 19:25:01][DEBUG] jax_fem: DeviceProblem: computing Jacobian on device
[07-01 19:25:01][DEBUG] jax_fem: Function split_and_compute_cell took 0.0307 seconds
[07-01 19:25:01][DEBUG] jax_fem: CuDSSNewtonSolver: iter=1  res=1.351e-05  rel=6.112e-14
[07-01 19:25:01][INFO] jax_fem: CuDSSNewtonSolver: solve finished in 0.45s  res=1.351e-05
[07-01 19:25:01][DEBUG] jax_fem: CuDSSNewtonSolver: starting Newton loop
[07-01 19:25:01][DEBUG] jax_fem: DeviceProblem: computing Jacobian on device
[07-01 19:25:01][DEBUG] jax_fem: Function split_and_compute_cell took 0.2332 seconds
[07-01 19:25:02][DEBUG] jax_fem: CuDSSNewtonSolver: initial residual = 2.237e+08
[07-01 19:25:02][DEBUG] jax_fem: DeviceProblem: computing Jacobian on device
[07-01 19:25:02][DEBUG] jax_fem: Function split_and_compute_cell took 0.0401 seconds
[07-01 19:25:02][DEBUG] jax_fem: CuDSSNewtonSolver: iter=1  res=1.663e-05  rel=7.436e-14
[07-01 19:25:02][INFO] jax_fem: CuDSSNewtonSolver: solve finished in 0.46s  res=1.663e-05
[07-01 19:25:02][DEBUG] jax_fem: CuDSSNewtonSolver: starting Newton loop
[07-01 19:25:02][DEBUG] jax_fem: DeviceProblem: computing Jacobian on device
[07-01 19:25:02][DEBUG] jax_fem: Function split_and_compute_cell took 0.2258 seconds
[07-01 19:25:02][DEBUG] jax_fem: CuDSSNewtonSolver: initial residual = 2.223e+08
[07-01 19:25:02][DEBUG] jax_fem: DeviceProblem: computing Jacobian on device
[07-01 19:25:02][DEBUG] jax_fem: Function split_and_compute_cell took 0.0266 seconds
[07-01 19:25:02][DEBUG] jax_fem: CuDSSNewtonSolver: iter=1  res=8.657e-06  rel=3.894e-14
[07-01 19:25:02][INFO] jax_fem: CuDSSNewtonSolver: solve finished in 0.43s  res=8.657e-06
[07-01 19:25:28][DEBUG] jax_fem: CuDSSNewtonSolver: starting Newton loop
[07-01 19:25:28][DEBUG] jax_fem: DeviceProblem: computing Jacobian on device
[07-01 19:25:28][DEBUG] jax_fem: Function split_and_compute_cell took 0.0285 seconds
[07-01 19:25:28][DEBUG] jax_fem: CuDSSNewtonSolver: initial residual = 2.235e+08
[07-01 19:25:28][DEBUG] jax_fem: DeviceProblem: computing Jacobian on device
[07-01 19:25:28][DEBUG] jax_fem: Function split_and_compute_cell took 0.0294 seconds
[07-01 19:25:28][DEBUG] jax_fem: CuDSSNewtonSolver: iter=1  res=6.426e-06  rel=2.875e-14
[07-01 19:25:28][INFO] jax_fem: CuDSSNewtonSolver: solve finished in 0.09s  res=6.426e-06
[07-01 19:25:29][DEBUG] jax_fem: CuDSSNewtonSolver: starting Newton loop
[07-01 19:25:29][DEBUG] jax_fem: DeviceProblem: computing Jacobian on device
[07-01 19:25:29][DEBUG] jax_fem: Function split_and_compute_cell took 0.0277 seconds
[07-01 19:25:29][DEBUG] jax_fem: CuDSSNewtonSolver: initial residual = 2.217e+08
[07-01 19:25:29][DEBUG] jax_fem: DeviceProblem: computing Jacobian on device
[07-01 19:25:29][DEBUG] jax_fem: Function split_and_compute_cell took 0.0272 seconds
[07-01 19:25:29][DEBUG] jax_fem: CuDSSNewtonSolver: iter=1  res=6.080e-06  rel=2.743e-14
[07-01 19:25:29][INFO] jax_fem: CuDSSNewtonSolver: solve finished in 0.09s  res=6.080e-06
[07-01 19:25:30][DEBUG] jax_fem: CuDSSNewtonSolver: starting Newton loop
[07-01 19:25:30][DEBUG] jax_fem: DeviceProblem: computing Jacobian on device
[07-01 19:25:30][DEBUG] jax_fem: Function split_and_compute_cell took 0.0266 seconds
[07-01 19:25:30][DEBUG] jax_fem: CuDSSNewtonSolver: initial residual = 2.211e+08
[07-01 19:25:30][DEBUG] jax_fem: DeviceProblem: computing Jacobian on device
[07-01 19:25:30][DEBUG] jax_fem: Function split_and_compute_cell took 0.0290 seconds
[07-01 19:25:30][DEBUG] jax_fem: CuDSSNewtonSolver: iter=1  res=1.336e-05  rel=6.042e-14
[07-01 19:25:30][INFO] jax_fem: CuDSSNewtonSolver: solve finished in 0.09s  res=1.336e-05
[07-01 19:25:31][DEBUG] jax_fem: CuDSSNewtonSolver: starting Newton loop
[07-01 19:25:31][DEBUG] jax_fem: DeviceProblem: computing Jacobian on device
[07-01 19:25:31][DEBUG] jax_fem: Function split_and_compute_cell took 0.0287 seconds
[07-01 19:25:31][DEBUG] jax_fem: CuDSSNewtonSolver: initial residual = 2.237e+08
[07-01 19:25:31][DEBUG] jax_fem: DeviceProblem: computing Jacobian on device
[07-01 19:25:31][DEBUG] jax_fem: Function split_and_compute_cell took 0.0275 seconds
[07-01 19:25:31][DEBUG] jax_fem: CuDSSNewtonSolver: iter=1  res=1.734e-05  rel=7.751e-14
[07-01 19:25:31][INFO] jax_fem: CuDSSNewtonSolver: solve finished in 0.09s  res=1.734e-05
[07-01 19:25:31][DEBUG] jax_fem: CuDSSNewtonSolver: starting Newton loop
[07-01 19:25:31][DEBUG] jax_fem: DeviceProblem: computing Jacobian on device
[07-01 19:25:31][DEBUG] jax_fem: Function split_and_compute_cell took 0.0286 seconds
[07-01 19:25:31][DEBUG] jax_fem: CuDSSNewtonSolver: initial residual = 2.223e+08
[07-01 19:25:31][DEBUG] jax_fem: DeviceProblem: computing Jacobian on device
[07-01 19:25:31][DEBUG] jax_fem: Function split_and_compute_cell took 0.0275 seconds
[07-01 19:25:31][DEBUG] jax_fem: CuDSSNewtonSolver: iter=1  res=8.360e-06  rel=3.760e-14
[07-01 19:25:31][INFO] jax_fem: CuDSSNewtonSolver: solve finished in 0.09s  res=8.360e-06
[07-01 19:25:33][INFO] jax_fem: CuDSS backward: solving adjoint problem …
[07-01 19:25:35][DEBUG] jax_fem: DeviceProblem: computing Jacobian on device
[07-01 19:25:36][DEBUG] jax_fem: Function split_and_compute_cell took 0.7863 seconds
[07-01 19:25:38][DEBUG] jax_fem: Computing cell residual...
[07-01 19:25:39][DEBUG] jax_fem: Function split_and_compute_cell took 0.2440 seconds
[07-01 19:26:04][INFO] jax_fem: CuDSS backward: solving adjoint problem …
[07-01 19:26:04][DEBUG] jax_fem: DeviceProblem: computing Jacobian on device
[07-01 19:26:04][DEBUG] jax_fem: Function split_and_compute_cell took 0.2506 seconds
[07-01 19:26:04][DEBUG] jax_fem: Computing cell residual...
[07-01 19:26:04][DEBUG] jax_fem: Function split_and_compute_cell took 0.2172 seconds
[07-01 19:26:05][INFO] jax_fem: CuDSS backward: solving adjoint problem …
[07-01 19:26:05][DEBUG] jax_fem: DeviceProblem: computing Jacobian on device
[07-01 19:26:05][DEBUG] jax_fem: Function split_and_compute_cell took 0.2449 seconds
[07-01 19:26:05][DEBUG] jax_fem: Computing cell residual...
[07-01 19:26:06][DEBUG] jax_fem: Function split_and_compute_cell took 0.2050 seconds
[07-01 19:26:06][INFO] jax_fem: CuDSS backward: solving adjoint problem …
[07-01 19:26:06][DEBUG] jax_fem: DeviceProblem: computing Jacobian on device
[07-01 19:26:07][DEBUG] jax_fem: Function split_and_compute_cell took 0.2633 seconds
[07-01 19:26:07][DEBUG] jax_fem: Computing cell residual...
[07-01 19:26:07][DEBUG] jax_fem: Function split_and_compute_cell took 0.2224 seconds
[07-01 19:26:07][INFO] jax_fem: CuDSS backward: solving adjoint problem …
[07-01 19:26:07][DEBUG] jax_fem: DeviceProblem: computing Jacobian on device
[07-01 19:26:08][DEBUG] jax_fem: Function split_and_compute_cell took 0.2421 seconds
[07-01 19:26:08][DEBUG] jax_fem: Computing cell residual...
[07-01 19:26:08][DEBUG] jax_fem: Function split_and_compute_cell took 0.2136 seconds
[07-01 19:26:11][DEBUG] jax_fem: CuDSSNewtonSolver: starting Newton loop
[07-01 19:26:11][DEBUG] jax_fem: DeviceProblem: computing Jacobian on device
[07-01 19:26:11][DEBUG] jax_fem: Function split_and_compute_cell took 0.0285 seconds
[07-01 19:26:11][DEBUG] jax_fem: CuDSSNewtonSolver: initial residual = 2.235e+08
[07-01 19:26:11][DEBUG] jax_fem: DeviceProblem: computing Jacobian on device
[07-01 19:26:12][DEBUG] jax_fem: Function split_and_compute_cell took 0.0425 seconds
[07-01 19:26:12][DEBUG] jax_fem: CuDSSNewtonSolver: iter=1  res=6.957e-06  rel=3.113e-14
[07-01 19:26:12][INFO] jax_fem: CuDSSNewtonSolver: solve finished in 0.12s  res=6.957e-06
[07-01 19:26:12][DEBUG] jax_fem: CuDSSNewtonSolver: starting Newton loop
[07-01 19:26:12][DEBUG] jax_fem: DeviceProblem: computing Jacobian on device
[07-01 19:26:12][DEBUG] jax_fem: Function split_and_compute_cell took 0.0412 seconds
[07-01 19:26:12][DEBUG] jax_fem: CuDSSNewtonSolver: initial residual = 2.217e+08
[07-01 19:26:12][DEBUG] jax_fem: DeviceProblem: computing Jacobian on device
[07-01 19:26:12][DEBUG] jax_fem: Function split_and_compute_cell took 0.0308 seconds
[07-01 19:26:12][DEBUG] jax_fem: CuDSSNewtonSolver: iter=1  res=2.216e-05  rel=9.997e-14
[07-01 19:26:12][INFO] jax_fem: CuDSSNewtonSolver: solve finished in 0.11s  res=2.216e-05
[07-01 19:26:12][DEBUG] jax_fem: CuDSSNewtonSolver: starting Newton loop
[07-01 19:26:12][DEBUG] jax_fem: DeviceProblem: computing Jacobian on device
[07-01 19:26:12][DEBUG] jax_fem: Function split_and_compute_cell took 0.0338 seconds
[07-01 19:26:12][DEBUG] jax_fem: CuDSSNewtonSolver: initial residual = 2.211e+08
[07-01 19:26:12][DEBUG] jax_fem: DeviceProblem: computing Jacobian on device
[07-01 19:26:12][DEBUG] jax_fem: Function split_and_compute_cell took 0.0349 seconds
[07-01 19:26:12][DEBUG] jax_fem: CuDSSNewtonSolver: iter=1  res=7.869e-06  rel=3.559e-14
[07-01 19:26:12][INFO] jax_fem: CuDSSNewtonSolver: solve finished in 0.11s  res=7.869e-06
[07-01 19:26:12][DEBUG] jax_fem: CuDSSNewtonSolver: starting Newton loop
[07-01 19:26:12][DEBUG] jax_fem: DeviceProblem: computing Jacobian on device
[07-01 19:26:12][DEBUG] jax_fem: Function split_and_compute_cell took 0.0299 seconds
[07-01 19:26:13][DEBUG] jax_fem: CuDSSNewtonSolver: initial residual = 2.237e+08
[07-01 19:26:13][DEBUG] jax_fem: DeviceProblem: computing Jacobian on device
[07-01 19:26:13][DEBUG] jax_fem: Function split_and_compute_cell took 0.0311 seconds
[07-01 19:26:13][DEBUG] jax_fem: CuDSSNewtonSolver: iter=1  res=1.368e-05  rel=6.118e-14
[07-01 19:26:13][INFO] jax_fem: CuDSSNewtonSolver: solve finished in 0.10s  res=1.368e-05
[07-01 19:26:13][DEBUG] jax_fem: CuDSSNewtonSolver: starting Newton loop
[07-01 19:26:13][DEBUG] jax_fem: DeviceProblem: computing Jacobian on device
[07-01 19:26:13][DEBUG] jax_fem: Function split_and_compute_cell took 0.0484 seconds
[07-01 19:26:13][DEBUG] jax_fem: CuDSSNewtonSolver: initial residual = 2.223e+08
[07-01 19:26:13][DEBUG] jax_fem: DeviceProblem: computing Jacobian on device
[07-01 19:26:13][DEBUG] jax_fem: Function split_and_compute_cell took 0.0273 seconds
[07-01 19:26:13][DEBUG] jax_fem: CuDSSNewtonSolver: iter=1  res=1.173e-05  rel=5.274e-14
[07-01 19:26:13][INFO] jax_fem: CuDSSNewtonSolver: solve finished in 0.11s  res=1.173e-05
[07-01 19:26:15][DEBUG] jax_fem: CuDSSNewtonSolver: starting Newton loop
[07-01 19:26:15][DEBUG] jax_fem: DeviceProblem: computing Jacobian on device
[07-01 19:26:15][DEBUG] jax_fem: Function split_and_compute_cell took 0.0289 seconds
[07-01 19:26:15][DEBUG] jax_fem: CuDSSNewtonSolver: initial residual = 2.235e+08
[07-01 19:26:15][DEBUG] jax_fem: DeviceProblem: computing Jacobian on device
[07-01 19:26:15][DEBUG] jax_fem: Function split_and_compute_cell took 0.0289 seconds
[07-01 19:26:15][DEBUG] jax_fem: CuDSSNewtonSolver: iter=1  res=6.931e-06  rel=3.101e-14
[07-01 19:26:15][INFO] jax_fem: CuDSSNewtonSolver: solve finished in 0.09s  res=6.931e-06
[07-01 19:26:15][DEBUG] jax_fem: CuDSSNewtonSolver: starting Newton loop
[07-01 19:26:15][DEBUG] jax_fem: DeviceProblem: computing Jacobian on device
[07-01 19:26:15][DEBUG] jax_fem: Function split_and_compute_cell took 0.0293 seconds
[07-01 19:26:15][DEBUG] jax_fem: CuDSSNewtonSolver: initial residual = 2.217e+08
[07-01 19:26:15][DEBUG] jax_fem: DeviceProblem: computing Jacobian on device
[07-01 19:26:15][DEBUG] jax_fem: Function split_and_compute_cell took 0.0279 seconds
[07-01 19:26:15][DEBUG] jax_fem: CuDSSNewtonSolver: iter=1  res=2.134e-05  rel=9.628e-14
[07-01 19:26:15][INFO] jax_fem: CuDSSNewtonSolver: solve finished in 0.09s  res=2.134e-05
[07-01 19:26:16][DEBUG] jax_fem: CuDSSNewtonSolver: starting Newton loop
[07-01 19:26:16][DEBUG] jax_fem: DeviceProblem: computing Jacobian on device
[07-01 19:26:16][DEBUG] jax_fem: Function split_and_compute_cell took 0.0280 seconds
[07-01 19:26:16][DEBUG] jax_fem: CuDSSNewtonSolver: initial residual = 2.211e+08
[07-01 19:26:16][DEBUG] jax_fem: DeviceProblem: computing Jacobian on device
[07-01 19:26:16][DEBUG] jax_fem: Function split_and_compute_cell took 0.0268 seconds
[07-01 19:26:16][DEBUG] jax_fem: CuDSSNewtonSolver: iter=1  res=8.168e-06  rel=3.695e-14
[07-01 19:26:16][INFO] jax_fem: CuDSSNewtonSolver: solve finished in 0.09s  res=8.168e-06
[07-01 19:26:16][DEBUG] jax_fem: CuDSSNewtonSolver: starting Newton loop
[07-01 19:26:16][DEBUG] jax_fem: DeviceProblem: computing Jacobian on device
[07-01 19:26:16][DEBUG] jax_fem: Function split_and_compute_cell took 0.0266 seconds
[07-01 19:26:16][DEBUG] jax_fem: CuDSSNewtonSolver: initial residual = 2.237e+08
[07-01 19:26:16][DEBUG] jax_fem: DeviceProblem: computing Jacobian on device
[07-01 19:26:16][DEBUG] jax_fem: Function split_and_compute_cell took 0.0280 seconds
[07-01 19:26:16][DEBUG] jax_fem: CuDSSNewtonSolver: iter=1  res=1.316e-05  rel=5.882e-14
[07-01 19:26:16][INFO] jax_fem: CuDSSNewtonSolver: solve finished in 0.09s  res=1.316e-05
[07-01 19:26:17][DEBUG] jax_fem: CuDSSNewtonSolver: starting Newton loop
[07-01 19:26:17][DEBUG] jax_fem: DeviceProblem: computing Jacobian on device
[07-01 19:26:17][DEBUG] jax_fem: Function split_and_compute_cell took 0.0281 seconds
[07-01 19:26:17][DEBUG] jax_fem: CuDSSNewtonSolver: initial residual = 2.223e+08
[07-01 19:26:17][DEBUG] jax_fem: DeviceProblem: computing Jacobian on device
[07-01 19:26:17][DEBUG] jax_fem: Function split_and_compute_cell took 0.0286 seconds
[07-01 19:26:17][DEBUG] jax_fem: CuDSSNewtonSolver: iter=1  res=1.166e-05  rel=5.246e-14
[07-01 19:26:17][INFO] jax_fem: CuDSSNewtonSolver: solve finished in 0.09s  res=1.166e-05
[07-01 19:26:17][INFO] jax_fem: CuDSS backward: solving adjoint problem …
[07-01 19:26:17][DEBUG] jax_fem: DeviceProblem: computing Jacobian on device
[07-01 19:26:17][DEBUG] jax_fem: Function split_and_compute_cell took 0.0354 seconds
[07-01 19:26:17][DEBUG] jax_fem: Computing cell residual...
[07-01 19:26:17][DEBUG] jax_fem: Function split_and_compute_cell took 0.0630 seconds
[07-01 19:26:18][INFO] jax_fem: CuDSS backward: solving adjoint problem …
[07-01 19:26:18][DEBUG] jax_fem: DeviceProblem: computing Jacobian on device
[07-01 19:26:18][DEBUG] jax_fem: Function split_and_compute_cell took 0.0412 seconds
[07-01 19:26:18][DEBUG] jax_fem: Computing cell residual...
[07-01 19:26:18][DEBUG] jax_fem: Function split_and_compute_cell took 0.0622 seconds
[07-01 19:26:18][INFO] jax_fem: CuDSS backward: solving adjoint problem …
[07-01 19:26:18][DEBUG] jax_fem: DeviceProblem: computing Jacobian on device
[07-01 19:26:18][DEBUG] jax_fem: Function split_and_compute_cell took 0.0441 seconds
[07-01 19:26:18][DEBUG] jax_fem: Computing cell residual...
[07-01 19:26:18][DEBUG] jax_fem: Function split_and_compute_cell took 0.0721 seconds
[07-01 19:26:18][INFO] jax_fem: CuDSS backward: solving adjoint problem …
[07-01 19:26:19][DEBUG] jax_fem: DeviceProblem: computing Jacobian on device
[07-01 19:26:19][DEBUG] jax_fem: Function split_and_compute_cell took 0.0441 seconds
[07-01 19:26:19][DEBUG] jax_fem: Computing cell residual...
[07-01 19:26:19][DEBUG] jax_fem: Function split_and_compute_cell took 0.0720 seconds
[07-01 19:26:19][INFO] jax_fem: CuDSS backward: solving adjoint problem …
[07-01 19:26:19][DEBUG] jax_fem: DeviceProblem: computing Jacobian on device
[07-01 19:26:19][DEBUG] jax_fem: Function split_and_compute_cell took 0.0404 seconds
[07-01 19:26:19][DEBUG] jax_fem: Computing cell residual...
[07-01 19:26:19][DEBUG] jax_fem: Function split_and_compute_cell took 0.0631 seconds
[07-01 19:26:21][DEBUG] jax_fem: CuDSSNewtonSolver: starting Newton loop
[07-01 19:26:21][DEBUG] jax_fem: DeviceProblem: computing Jacobian on device
[07-01 19:26:21][DEBUG] jax_fem: Function split_and_compute_cell took 0.0283 seconds
[07-01 19:26:21][DEBUG] jax_fem: CuDSSNewtonSolver: initial residual = 2.235e+08
[07-01 19:26:21][DEBUG] jax_fem: DeviceProblem: computing Jacobian on device
[07-01 19:26:21][DEBUG] jax_fem: Function split_and_compute_cell took 0.0281 seconds
[07-01 19:26:21][DEBUG] jax_fem: CuDSSNewtonSolver: iter=1  res=7.156e-06  rel=3.202e-14
[07-01 19:26:21][INFO] jax_fem: CuDSSNewtonSolver: solve finished in 0.10s  res=7.156e-06
[07-01 19:26:21][DEBUG] jax_fem: CuDSSNewtonSolver: starting Newton loop
[07-01 19:26:21][DEBUG] jax_fem: DeviceProblem: computing Jacobian on device
[07-01 19:26:21][DEBUG] jax_fem: Function split_and_compute_cell took 0.0316 seconds
[07-01 19:26:21][DEBUG] jax_fem: CuDSSNewtonSolver: initial residual = 2.217e+08
[07-01 19:26:21][DEBUG] jax_fem: DeviceProblem: computing Jacobian on device
[07-01 19:26:21][DEBUG] jax_fem: Function split_and_compute_cell took 0.0305 seconds
[07-01 19:26:21][DEBUG] jax_fem: CuDSSNewtonSolver: iter=1  res=8.169e-06  rel=3.686e-14
[07-01 19:26:21][INFO] jax_fem: CuDSSNewtonSolver: solve finished in 0.10s  res=8.169e-06
[07-01 19:26:21][DEBUG] jax_fem: CuDSSNewtonSolver: starting Newton loop
[07-01 19:26:21][DEBUG] jax_fem: DeviceProblem: computing Jacobian on device
[07-01 19:26:21][DEBUG] jax_fem: Function split_and_compute_cell took 0.0424 seconds
[07-01 19:26:21][DEBUG] jax_fem: CuDSSNewtonSolver: initial residual = 2.211e+08
[07-01 19:26:21][DEBUG] jax_fem: DeviceProblem: computing Jacobian on device
[07-01 19:26:21][DEBUG] jax_fem: Function split_and_compute_cell took 0.0335 seconds
[07-01 19:26:21][DEBUG] jax_fem: CuDSSNewtonSolver: iter=1  res=6.520e-06  rel=2.949e-14
[07-01 19:26:21][INFO] jax_fem: CuDSSNewtonSolver: solve finished in 0.12s  res=6.520e-06
[07-01 19:26:22][DEBUG] jax_fem: CuDSSNewtonSolver: starting Newton loop
[07-01 19:26:22][DEBUG] jax_fem: DeviceProblem: computing Jacobian on device
[07-01 19:26:22][DEBUG] jax_fem: Function split_and_compute_cell took 0.0305 seconds
[07-01 19:26:22][DEBUG] jax_fem: CuDSSNewtonSolver: initial residual = 2.237e+08
[07-01 19:26:22][DEBUG] jax_fem: DeviceProblem: computing Jacobian on device
[07-01 19:26:22][DEBUG] jax_fem: Function split_and_compute_cell took 0.0429 seconds
[07-01 19:26:22][DEBUG] jax_fem: CuDSSNewtonSolver: iter=1  res=2.366e-05  rel=1.058e-13
[07-01 19:26:22][INFO] jax_fem: CuDSSNewtonSolver: solve finished in 0.11s  res=2.366e-05
[07-01 19:26:22][DEBUG] jax_fem: CuDSSNewtonSolver: starting Newton loop
[07-01 19:26:22][DEBUG] jax_fem: DeviceProblem: computing Jacobian on device
[07-01 19:26:22][DEBUG] jax_fem: Function split_and_compute_cell took 0.0463 seconds
[07-01 19:26:22][DEBUG] jax_fem: CuDSSNewtonSolver: initial residual = 2.223e+08
[07-01 19:26:22][DEBUG] jax_fem: DeviceProblem: computing Jacobian on device
[07-01 19:26:22][DEBUG] jax_fem: Function split_and_compute_cell took 0.0344 seconds
[07-01 19:26:22][DEBUG] jax_fem: CuDSSNewtonSolver: iter=1  res=8.375e-06  rel=3.767e-14
[07-01 19:26:22][INFO] jax_fem: CuDSSNewtonSolver: solve finished in 0.12s  res=8.375e-06
[07-01 19:26:24][DEBUG] jax_fem: CuDSSNewtonSolver: starting Newton loop
[07-01 19:26:24][DEBUG] jax_fem: DeviceProblem: computing Jacobian on device
[07-01 19:26:24][DEBUG] jax_fem: Function split_and_compute_cell took 0.0273 seconds
[07-01 19:26:24][DEBUG] jax_fem: CuDSSNewtonSolver: initial residual = 2.235e+08
[07-01 19:26:24][DEBUG] jax_fem: DeviceProblem: computing Jacobian on device
[07-01 19:26:24][DEBUG] jax_fem: Function split_and_compute_cell took 0.0270 seconds
[07-01 19:26:24][DEBUG] jax_fem: CuDSSNewtonSolver: iter=1  res=7.187e-06  rel=3.216e-14
[07-01 19:26:24][INFO] jax_fem: CuDSSNewtonSolver: solve finished in 0.09s  res=7.187e-06
[07-01 19:26:24][DEBUG] jax_fem: CuDSSNewtonSolver: starting Newton loop
[07-01 19:26:24][DEBUG] jax_fem: DeviceProblem: computing Jacobian on device
[07-01 19:26:24][DEBUG] jax_fem: Function split_and_compute_cell took 0.0284 seconds
[07-01 19:26:24][DEBUG] jax_fem: CuDSSNewtonSolver: initial residual = 2.217e+08
[07-01 19:26:24][DEBUG] jax_fem: DeviceProblem: computing Jacobian on device
[07-01 19:26:24][DEBUG] jax_fem: Function split_and_compute_cell took 0.0298 seconds
[07-01 19:26:24][DEBUG] jax_fem: CuDSSNewtonSolver: iter=1  res=8.550e-06  rel=3.857e-14
[07-01 19:26:24][INFO] jax_fem: CuDSSNewtonSolver: solve finished in 0.09s  res=8.550e-06
[07-01 19:26:25][DEBUG] jax_fem: CuDSSNewtonSolver: starting Newton loop
[07-01 19:26:25][DEBUG] jax_fem: DeviceProblem: computing Jacobian on device
[07-01 19:26:25][DEBUG] jax_fem: Function split_and_compute_cell took 0.0279 seconds
[07-01 19:26:25][DEBUG] jax_fem: CuDSSNewtonSolver: initial residual = 2.211e+08
[07-01 19:26:25][DEBUG] jax_fem: DeviceProblem: computing Jacobian on device
[07-01 19:26:25][DEBUG] jax_fem: Function split_and_compute_cell took 0.0274 seconds
[07-01 19:26:25][DEBUG] jax_fem: CuDSSNewtonSolver: iter=1  res=6.655e-06  rel=3.010e-14
[07-01 19:26:25][INFO] jax_fem: CuDSSNewtonSolver: solve finished in 0.09s  res=6.655e-06
[07-01 19:26:26][DEBUG] jax_fem: CuDSSNewtonSolver: starting Newton loop
[07-01 19:26:26][DEBUG] jax_fem: DeviceProblem: computing Jacobian on device
[07-01 19:26:26][DEBUG] jax_fem: Function split_and_compute_cell took 0.0271 seconds
[07-01 19:26:26][DEBUG] jax_fem: CuDSSNewtonSolver: initial residual = 2.237e+08
[07-01 19:26:26][DEBUG] jax_fem: DeviceProblem: computing Jacobian on device
[07-01 19:26:26][DEBUG] jax_fem: Function split_and_compute_cell took 0.0286 seconds
[07-01 19:26:26][DEBUG] jax_fem: CuDSSNewtonSolver: iter=1  res=2.303e-05  rel=1.030e-13
[07-01 19:26:26][INFO] jax_fem: CuDSSNewtonSolver: solve finished in 0.09s  res=2.303e-05
[07-01 19:26:26][DEBUG] jax_fem: CuDSSNewtonSolver: starting Newton loop
[07-01 19:26:26][DEBUG] jax_fem: DeviceProblem: computing Jacobian on device
[07-01 19:26:26][DEBUG] jax_fem: Function split_and_compute_cell took 0.0280 seconds
[07-01 19:26:26][DEBUG] jax_fem: CuDSSNewtonSolver: initial residual = 2.223e+08
[07-01 19:26:26][DEBUG] jax_fem: DeviceProblem: computing Jacobian on device
[07-01 19:26:26][DEBUG] jax_fem: Function split_and_compute_cell took 0.0288 seconds
[07-01 19:26:26][DEBUG] jax_fem: CuDSSNewtonSolver: iter=1  res=8.466e-06  rel=3.807e-14
[07-01 19:26:26][INFO] jax_fem: CuDSSNewtonSolver: solve finished in 0.09s  res=8.466e-06
[07-01 19:26:26][INFO] jax_fem: CuDSS backward: solving adjoint problem …
[07-01 19:26:26][DEBUG] jax_fem: DeviceProblem: computing Jacobian on device
[07-01 19:26:26][DEBUG] jax_fem: Function split_and_compute_cell took 0.0518 seconds
[07-01 19:26:26][DEBUG] jax_fem: Computing cell residual...
[07-01 19:26:27][DEBUG] jax_fem: Function split_and_compute_cell took 0.0777 seconds
[07-01 19:26:27][INFO] jax_fem: CuDSS backward: solving adjoint problem …
[07-01 19:26:27][DEBUG] jax_fem: DeviceProblem: computing Jacobian on device
[07-01 19:26:27][DEBUG] jax_fem: Function split_and_compute_cell took 0.0383 seconds
[07-01 19:26:27][DEBUG] jax_fem: Computing cell residual...
[07-01 19:26:27][DEBUG] jax_fem: Function split_and_compute_cell took 0.0702 seconds
[07-01 19:26:27][INFO] jax_fem: CuDSS backward: solving adjoint problem …
[07-01 19:26:27][DEBUG] jax_fem: DeviceProblem: computing Jacobian on device
[07-01 19:26:27][DEBUG] jax_fem: Function split_and_compute_cell took 0.0466 seconds
[07-01 19:26:27][DEBUG] jax_fem: Computing cell residual...
[07-01 19:26:27][DEBUG] jax_fem: Function split_and_compute_cell took 0.0623 seconds
[07-01 19:26:28][INFO] jax_fem: CuDSS backward: solving adjoint problem …
[07-01 19:26:28][DEBUG] jax_fem: DeviceProblem: computing Jacobian on device
[07-01 19:26:28][DEBUG] jax_fem: Function split_and_compute_cell took 0.0328 seconds
[07-01 19:26:28][DEBUG] jax_fem: Computing cell residual...
[07-01 19:26:28][DEBUG] jax_fem: Function split_and_compute_cell took 0.0674 seconds
[07-01 19:26:28][INFO] jax_fem: CuDSS backward: solving adjoint problem …
[07-01 19:26:28][DEBUG] jax_fem: DeviceProblem: computing Jacobian on device
[07-01 19:26:28][DEBUG] jax_fem: Function split_and_compute_cell took 0.0405 seconds
[07-01 19:26:28][DEBUG] jax_fem: Computing cell residual...
[07-01 19:26:28][DEBUG] jax_fem: Function split_and_compute_cell took 0.0590 seconds
[07-01 19:26:30][DEBUG] jax_fem: CuDSSNewtonSolver: starting Newton loop
[07-01 19:26:30][DEBUG] jax_fem: DeviceProblem: computing Jacobian on device
[07-01 19:26:30][DEBUG] jax_fem: Function split_and_compute_cell took 0.0272 seconds
[07-01 19:26:30][DEBUG] jax_fem: CuDSSNewtonSolver: initial residual = 2.235e+08
[07-01 19:26:30][DEBUG] jax_fem: DeviceProblem: computing Jacobian on device
[07-01 19:26:30][DEBUG] jax_fem: Function split_and_compute_cell took 0.0329 seconds
[07-01 19:26:30][DEBUG] jax_fem: CuDSSNewtonSolver: iter=1  res=6.820e-06  rel=3.052e-14
[07-01 19:26:30][INFO] jax_fem: CuDSSNewtonSolver: solve finished in 0.10s  res=6.820e-06
[07-01 19:26:30][DEBUG] jax_fem: CuDSSNewtonSolver: starting Newton loop
[07-01 19:26:30][DEBUG] jax_fem: DeviceProblem: computing Jacobian on device
[07-01 19:26:30][DEBUG] jax_fem: Function split_and_compute_cell took 0.0252 seconds
[07-01 19:26:30][DEBUG] jax_fem: CuDSSNewtonSolver: initial residual = 2.217e+08
[07-01 19:26:30][DEBUG] jax_fem: DeviceProblem: computing Jacobian on device
[07-01 19:26:30][DEBUG] jax_fem: Function split_and_compute_cell took 0.0356 seconds
[07-01 19:26:30][DEBUG] jax_fem: CuDSSNewtonSolver: iter=1  res=1.450e-05  rel=6.542e-14
[07-01 19:26:30][INFO] jax_fem: CuDSSNewtonSolver: solve finished in 0.10s  res=1.450e-05
[07-01 19:26:30][DEBUG] jax_fem: CuDSSNewtonSolver: starting Newton loop
[07-01 19:26:30][DEBUG] jax_fem: DeviceProblem: computing Jacobian on device
[07-01 19:26:30][DEBUG] jax_fem: Function split_and_compute_cell took 0.0460 seconds
[07-01 19:26:30][DEBUG] jax_fem: CuDSSNewtonSolver: initial residual = 2.211e+08
[07-01 19:26:30][DEBUG] jax_fem: DeviceProblem: computing Jacobian on device
[07-01 19:26:30][DEBUG] jax_fem: Function split_and_compute_cell took 0.0302 seconds
[07-01 19:26:30][DEBUG] jax_fem: CuDSSNewtonSolver: iter=1  res=7.692e-06  rel=3.479e-14
[07-01 19:26:30][INFO] jax_fem: CuDSSNewtonSolver: solve finished in 0.12s  res=7.692e-06
[07-01 19:26:31][DEBUG] jax_fem: CuDSSNewtonSolver: starting Newton loop
[07-01 19:26:31][DEBUG] jax_fem: DeviceProblem: computing Jacobian on device
[07-01 19:26:31][DEBUG] jax_fem: Function split_and_compute_cell took 0.0413 seconds
[07-01 19:26:31][DEBUG] jax_fem: CuDSSNewtonSolver: initial residual = 2.237e+08
[07-01 19:26:31][DEBUG] jax_fem: DeviceProblem: computing Jacobian on device
[07-01 19:26:31][DEBUG] jax_fem: Function split_and_compute_cell took 0.0356 seconds
[07-01 19:26:31][DEBUG] jax_fem: CuDSSNewtonSolver: iter=1  res=1.847e-05  rel=8.257e-14
[07-01 19:26:31][INFO] jax_fem: CuDSSNewtonSolver: solve finished in 0.12s  res=1.847e-05
[07-01 19:26:31][DEBUG] jax_fem: CuDSSNewtonSolver: starting Newton loop
[07-01 19:26:31][DEBUG] jax_fem: DeviceProblem: computing Jacobian on device
[07-01 19:26:31][DEBUG] jax_fem: Function split_and_compute_cell took 0.0391 seconds
[07-01 19:26:31][DEBUG] jax_fem: CuDSSNewtonSolver: initial residual = 2.223e+08
[07-01 19:26:31][DEBUG] jax_fem: DeviceProblem: computing Jacobian on device
[07-01 19:26:31][DEBUG] jax_fem: Function split_and_compute_cell took 0.0330 seconds
[07-01 19:26:31][DEBUG] jax_fem: CuDSSNewtonSolver: iter=1  res=7.432e-06  rel=3.343e-14
[07-01 19:26:31][INFO] jax_fem: CuDSSNewtonSolver: solve finished in 0.11s  res=7.432e-06
[07-01 19:26:33][DEBUG] jax_fem: CuDSSNewtonSolver: starting Newton loop
[07-01 19:26:33][DEBUG] jax_fem: DeviceProblem: computing Jacobian on device
[07-01 19:26:33][DEBUG] jax_fem: Function split_and_compute_cell took 0.0279 seconds
[07-01 19:26:33][DEBUG] jax_fem: CuDSSNewtonSolver: initial residual = 2.235e+08
[07-01 19:26:33][DEBUG] jax_fem: DeviceProblem: computing Jacobian on device
[07-01 19:26:33][DEBUG] jax_fem: Function split_and_compute_cell took 0.0282 seconds
[07-01 19:26:33][DEBUG] jax_fem: CuDSSNewtonSolver: iter=1  res=6.930e-06  rel=3.100e-14
[07-01 19:26:33][INFO] jax_fem: CuDSSNewtonSolver: solve finished in 0.09s  res=6.930e-06
[07-01 19:26:34][DEBUG] jax_fem: CuDSSNewtonSolver: starting Newton loop
[07-01 19:26:34][DEBUG] jax_fem: DeviceProblem: computing Jacobian on device
[07-01 19:26:34][DEBUG] jax_fem: Function split_and_compute_cell took 0.0289 seconds
[07-01 19:26:34][DEBUG] jax_fem: CuDSSNewtonSolver: initial residual = 2.217e+08
[07-01 19:26:34][DEBUG] jax_fem: DeviceProblem: computing Jacobian on device
[07-01 19:26:34][DEBUG] jax_fem: Function split_and_compute_cell took 0.0283 seconds
[07-01 19:26:34][DEBUG] jax_fem: CuDSSNewtonSolver: iter=1  res=1.554e-05  rel=7.011e-14
[07-01 19:26:34][INFO] jax_fem: CuDSSNewtonSolver: solve finished in 0.09s  res=1.554e-05
[07-01 19:26:34][DEBUG] jax_fem: CuDSSNewtonSolver: starting Newton loop
[07-01 19:26:34][DEBUG] jax_fem: DeviceProblem: computing Jacobian on device
[07-01 19:26:34][DEBUG] jax_fem: Function split_and_compute_cell took 0.0290 seconds
[07-01 19:26:34][DEBUG] jax_fem: CuDSSNewtonSolver: initial residual = 2.211e+08
[07-01 19:26:34][DEBUG] jax_fem: DeviceProblem: computing Jacobian on device
[07-01 19:26:34][DEBUG] jax_fem: Function split_and_compute_cell took 0.0275 seconds
[07-01 19:26:34][DEBUG] jax_fem: CuDSSNewtonSolver: iter=1  res=7.988e-06  rel=3.613e-14
[07-01 19:26:34][INFO] jax_fem: CuDSSNewtonSolver: solve finished in 0.09s  res=7.988e-06
[07-01 19:26:35][DEBUG] jax_fem: CuDSSNewtonSolver: starting Newton loop
[07-01 19:26:35][DEBUG] jax_fem: DeviceProblem: computing Jacobian on device
[07-01 19:26:35][DEBUG] jax_fem: Function split_and_compute_cell took 0.0273 seconds
[07-01 19:26:35][DEBUG] jax_fem: CuDSSNewtonSolver: initial residual = 2.237e+08
[07-01 19:26:35][DEBUG] jax_fem: DeviceProblem: computing Jacobian on device
[07-01 19:26:35][DEBUG] jax_fem: Function split_and_compute_cell took 0.0266 seconds
[07-01 19:26:35][DEBUG] jax_fem: CuDSSNewtonSolver: iter=1  res=1.868e-05  rel=8.350e-14
[07-01 19:26:35][INFO] jax_fem: CuDSSNewtonSolver: solve finished in 0.09s  res=1.868e-05
[07-01 19:26:35][DEBUG] jax_fem: CuDSSNewtonSolver: starting Newton loop
[07-01 19:26:35][DEBUG] jax_fem: DeviceProblem: computing Jacobian on device
[07-01 19:26:35][DEBUG] jax_fem: Function split_and_compute_cell took 0.0281 seconds
[07-01 19:26:35][DEBUG] jax_fem: CuDSSNewtonSolver: initial residual = 2.223e+08
[07-01 19:26:35][DEBUG] jax_fem: DeviceProblem: computing Jacobian on device
[07-01 19:26:36][DEBUG] jax_fem: Function split_and_compute_cell took 0.0294 seconds
[07-01 19:26:36][DEBUG] jax_fem: CuDSSNewtonSolver: iter=1  res=7.563e-06  rel=3.401e-14
[07-01 19:26:36][INFO] jax_fem: CuDSSNewtonSolver: solve finished in 0.09s  res=7.563e-06
[07-01 19:26:36][INFO] jax_fem: CuDSS backward: solving adjoint problem …
[07-01 19:26:36][DEBUG] jax_fem: DeviceProblem: computing Jacobian on device
[07-01 19:26:36][DEBUG] jax_fem: Function split_and_compute_cell took 0.0375 seconds
[07-01 19:26:36][DEBUG] jax_fem: Computing cell residual...
[07-01 19:26:36][DEBUG] jax_fem: Function split_and_compute_cell took 0.0594 seconds
[07-01 19:26:36][INFO] jax_fem: CuDSS backward: solving adjoint problem …
[07-01 19:26:36][DEBUG] jax_fem: DeviceProblem: computing Jacobian on device
[07-01 19:26:36][DEBUG] jax_fem: Function split_and_compute_cell took 0.0383 seconds
[07-01 19:26:36][DEBUG] jax_fem: Computing cell residual...
[07-01 19:26:36][DEBUG] jax_fem: Function split_and_compute_cell took 0.0572 seconds
[07-01 19:26:36][INFO] jax_fem: CuDSS backward: solving adjoint problem …
[07-01 19:26:36][DEBUG] jax_fem: DeviceProblem: computing Jacobian on device
[07-01 19:26:36][DEBUG] jax_fem: Function split_and_compute_cell took 0.0368 seconds
[07-01 19:26:36][DEBUG] jax_fem: Computing cell residual...
[07-01 19:26:36][DEBUG] jax_fem: Function split_and_compute_cell took 0.0637 seconds
[07-01 19:26:37][INFO] jax_fem: CuDSS backward: solving adjoint problem …
[07-01 19:26:37][DEBUG] jax_fem: DeviceProblem: computing Jacobian on device
[07-01 19:26:37][DEBUG] jax_fem: Function split_and_compute_cell took 0.0403 seconds
[07-01 19:26:37][DEBUG] jax_fem: Computing cell residual...
[07-01 19:26:37][DEBUG] jax_fem: Function split_and_compute_cell took 0.0671 seconds
[07-01 19:26:37][INFO] jax_fem: CuDSS backward: solving adjoint problem …
[07-01 19:26:37][DEBUG] jax_fem: DeviceProblem: computing Jacobian on device
[07-01 19:26:37][DEBUG] jax_fem: Function split_and_compute_cell took 0.0381 seconds
[07-01 19:26:37][DEBUG] jax_fem: Computing cell residual...
[07-01 19:26:37][DEBUG] jax_fem: Function split_and_compute_cell took 0.0716 seconds
[07-01 19:26:39][DEBUG] jax_fem: CuDSSNewtonSolver: starting Newton loop
[07-01 19:26:39][DEBUG] jax_fem: DeviceProblem: computing Jacobian on device
[07-01 19:26:39][DEBUG] jax_fem: Function split_and_compute_cell took 0.0281 seconds
[07-01 19:26:39][DEBUG] jax_fem: CuDSSNewtonSolver: initial residual = 2.235e+08
[07-01 19:26:39][DEBUG] jax_fem: DeviceProblem: computing Jacobian on device
[07-01 19:26:39][DEBUG] jax_fem: Function split_and_compute_cell took 0.0536 seconds
[07-01 19:26:39][DEBUG] jax_fem: CuDSSNewtonSolver: iter=1  res=7.178e-06  rel=3.212e-14
[07-01 19:26:39][INFO] jax_fem: CuDSSNewtonSolver: solve finished in 0.12s  res=7.178e-06
[07-01 19:26:39][DEBUG] jax_fem: CuDSSNewtonSolver: starting Newton loop
[07-01 19:26:39][DEBUG] jax_fem: DeviceProblem: computing Jacobian on device
[07-01 19:26:39][DEBUG] jax_fem: Function split_and_compute_cell took 0.0461 seconds
[07-01 19:26:39][DEBUG] jax_fem: CuDSSNewtonSolver: initial residual = 2.217e+08
[07-01 19:26:39][DEBUG] jax_fem: DeviceProblem: computing Jacobian on device
[07-01 19:26:39][DEBUG] jax_fem: Function split_and_compute_cell took 0.0400 seconds
[07-01 19:26:39][DEBUG] jax_fem: CuDSSNewtonSolver: iter=1  res=1.180e-05  rel=5.324e-14
[07-01 19:26:39][INFO] jax_fem: CuDSSNewtonSolver: solve finished in 0.13s  res=1.180e-05
[07-01 19:26:40][DEBUG] jax_fem: CuDSSNewtonSolver: starting Newton loop
[07-01 19:26:40][DEBUG] jax_fem: DeviceProblem: computing Jacobian on device
[07-01 19:26:40][DEBUG] jax_fem: Function split_and_compute_cell took 0.0306 seconds
[07-01 19:26:40][DEBUG] jax_fem: CuDSSNewtonSolver: initial residual = 2.211e+08
[07-01 19:26:40][DEBUG] jax_fem: DeviceProblem: computing Jacobian on device
[07-01 19:26:40][DEBUG] jax_fem: Function split_and_compute_cell took 0.0258 seconds
[07-01 19:26:40][DEBUG] jax_fem: CuDSSNewtonSolver: iter=1  res=7.909e-06  rel=3.577e-14
[07-01 19:26:40][INFO] jax_fem: CuDSSNewtonSolver: solve finished in 0.10s  res=7.909e-06
[07-01 19:26:40][DEBUG] jax_fem: CuDSSNewtonSolver: starting Newton loop
[07-01 19:26:40][DEBUG] jax_fem: DeviceProblem: computing Jacobian on device
[07-01 19:26:40][DEBUG] jax_fem: Function split_and_compute_cell took 0.0267 seconds
[07-01 19:26:40][DEBUG] jax_fem: CuDSSNewtonSolver: initial residual = 2.237e+08
[07-01 19:26:40][DEBUG] jax_fem: DeviceProblem: computing Jacobian on device
[07-01 19:26:40][DEBUG] jax_fem: Function split_and_compute_cell took 0.0311 seconds
[07-01 19:26:40][DEBUG] jax_fem: CuDSSNewtonSolver: iter=1  res=2.090e-05  rel=9.345e-14
[07-01 19:26:40][INFO] jax_fem: CuDSSNewtonSolver: solve finished in 0.10s  res=2.090e-05
[07-01 19:26:40][DEBUG] jax_fem: CuDSSNewtonSolver: starting Newton loop
[07-01 19:26:40][DEBUG] jax_fem: DeviceProblem: computing Jacobian on device
[07-01 19:26:40][DEBUG] jax_fem: Function split_and_compute_cell took 0.0443 seconds
[07-01 19:26:40][DEBUG] jax_fem: CuDSSNewtonSolver: initial residual = 2.223e+08
[07-01 19:26:40][DEBUG] jax_fem: DeviceProblem: computing Jacobian on device
[07-01 19:26:40][DEBUG] jax_fem: Function split_and_compute_cell took 0.0378 seconds
[07-01 19:26:40][DEBUG] jax_fem: CuDSSNewtonSolver: iter=1  res=7.334e-06  rel=3.298e-14
[07-01 19:26:40][INFO] jax_fem: CuDSSNewtonSolver: solve finished in 0.13s  res=7.334e-06
[07-01 19:26:42][DEBUG] jax_fem: CuDSSNewtonSolver: starting Newton loop
[07-01 19:26:42][DEBUG] jax_fem: DeviceProblem: computing Jacobian on device
[07-01 19:26:42][DEBUG] jax_fem: Function split_and_compute_cell took 0.0282 seconds
[07-01 19:26:42][DEBUG] jax_fem: CuDSSNewtonSolver: initial residual = 2.235e+08
[07-01 19:26:42][DEBUG] jax_fem: DeviceProblem: computing Jacobian on device
[07-01 19:26:42][DEBUG] jax_fem: Function split_and_compute_cell took 0.0291 seconds
[07-01 19:26:42][DEBUG] jax_fem: CuDSSNewtonSolver: iter=1  res=7.113e-06  rel=3.183e-14
[07-01 19:26:42][INFO] jax_fem: CuDSSNewtonSolver: solve finished in 0.09s  res=7.113e-06
[07-01 19:26:43][DEBUG] jax_fem: CuDSSNewtonSolver: starting Newton loop
[07-01 19:26:43][DEBUG] jax_fem: DeviceProblem: computing Jacobian on device
[07-01 19:26:43][DEBUG] jax_fem: Function split_and_compute_cell took 0.0305 seconds
[07-01 19:26:43][DEBUG] jax_fem: CuDSSNewtonSolver: initial residual = 2.217e+08
[07-01 19:26:43][DEBUG] jax_fem: DeviceProblem: computing Jacobian on device
[07-01 19:26:43][DEBUG] jax_fem: Function split_and_compute_cell took 0.0300 seconds
[07-01 19:26:43][DEBUG] jax_fem: CuDSSNewtonSolver: iter=1  res=1.167e-05  rel=5.264e-14
[07-01 19:26:43][INFO] jax_fem: CuDSSNewtonSolver: solve finished in 0.10s  res=1.167e-05
[07-01 19:26:43][DEBUG] jax_fem: CuDSSNewtonSolver: starting Newton loop
[07-01 19:26:43][DEBUG] jax_fem: DeviceProblem: computing Jacobian on device
[07-01 19:26:43][DEBUG] jax_fem: Function split_and_compute_cell took 0.0275 seconds
[07-01 19:26:43][DEBUG] jax_fem: CuDSSNewtonSolver: initial residual = 2.211e+08
[07-01 19:26:43][DEBUG] jax_fem: DeviceProblem: computing Jacobian on device
[07-01 19:26:43][DEBUG] jax_fem: Function split_and_compute_cell took 0.0272 seconds
[07-01 19:26:43][DEBUG] jax_fem: CuDSSNewtonSolver: iter=1  res=7.529e-06  rel=3.406e-14
[07-01 19:26:43][INFO] jax_fem: CuDSSNewtonSolver: solve finished in 0.09s  res=7.529e-06
[07-01 19:26:44][DEBUG] jax_fem: CuDSSNewtonSolver: starting Newton loop
[07-01 19:26:44][DEBUG] jax_fem: DeviceProblem: computing Jacobian on device
[07-01 19:26:44][DEBUG] jax_fem: Function split_and_compute_cell took 0.0297 seconds
[07-01 19:26:44][DEBUG] jax_fem: CuDSSNewtonSolver: initial residual = 2.237e+08
[07-01 19:26:44][DEBUG] jax_fem: DeviceProblem: computing Jacobian on device
[07-01 19:26:44][DEBUG] jax_fem: Function split_and_compute_cell took 0.0291 seconds
[07-01 19:26:44][DEBUG] jax_fem: CuDSSNewtonSolver: iter=1  res=2.207e-05  rel=9.868e-14
[07-01 19:26:44][INFO] jax_fem: CuDSSNewtonSolver: solve finished in 0.10s  res=2.207e-05
[07-01 19:26:45][DEBUG] jax_fem: CuDSSNewtonSolver: starting Newton loop
[07-01 19:26:45][DEBUG] jax_fem: DeviceProblem: computing Jacobian on device
[07-01 19:26:45][DEBUG] jax_fem: Function split_and_compute_cell took 0.0270 seconds
[07-01 19:26:45][DEBUG] jax_fem: CuDSSNewtonSolver: initial residual = 2.223e+08
[07-01 19:26:45][DEBUG] jax_fem: DeviceProblem: computing Jacobian on device
[07-01 19:26:45][DEBUG] jax_fem: Function split_and_compute_cell took 0.0296 seconds
[07-01 19:26:45][DEBUG] jax_fem: CuDSSNewtonSolver: iter=1  res=7.343e-06  rel=3.303e-14
[07-01 19:26:45][INFO] jax_fem: CuDSSNewtonSolver: solve finished in 0.09s  res=7.343e-06
[07-01 19:26:45][INFO] jax_fem: CuDSS backward: solving adjoint problem …
[07-01 19:26:45][DEBUG] jax_fem: DeviceProblem: computing Jacobian on device
[07-01 19:26:45][DEBUG] jax_fem: Function split_and_compute_cell took 0.0325 seconds
[07-01 19:26:45][DEBUG] jax_fem: Computing cell residual...
[07-01 19:26:45][DEBUG] jax_fem: Function split_and_compute_cell took 0.0679 seconds
[07-01 19:26:45][INFO] jax_fem: CuDSS backward: solving adjoint problem …
[07-01 19:26:45][DEBUG] jax_fem: DeviceProblem: computing Jacobian on device
[07-01 19:26:45][DEBUG] jax_fem: Function split_and_compute_cell took 0.0436 seconds
[07-01 19:26:45][DEBUG] jax_fem: Computing cell residual...
[07-01 19:26:45][DEBUG] jax_fem: Function split_and_compute_cell took 0.0691 seconds
[07-01 19:26:46][INFO] jax_fem: CuDSS backward: solving adjoint problem …
[07-01 19:26:46][DEBUG] jax_fem: DeviceProblem: computing Jacobian on device
[07-01 19:26:46][DEBUG] jax_fem: Function split_and_compute_cell took 0.0270 seconds
[07-01 19:26:46][DEBUG] jax_fem: Computing cell residual...
[07-01 19:26:46][DEBUG] jax_fem: Function split_and_compute_cell took 0.0618 seconds
[07-01 19:26:46][INFO] jax_fem: CuDSS backward: solving adjoint problem …
[07-01 19:26:46][DEBUG] jax_fem: DeviceProblem: computing Jacobian on device
[07-01 19:26:46][DEBUG] jax_fem: Function split_and_compute_cell took 0.0336 seconds
[07-01 19:26:46][DEBUG] jax_fem: Computing cell residual...
[07-01 19:26:46][DEBUG] jax_fem: Function split_and_compute_cell took 0.0704 seconds
[07-01 19:26:46][INFO] jax_fem: CuDSS backward: solving adjoint problem …
[07-01 19:26:46][DEBUG] jax_fem: DeviceProblem: computing Jacobian on device
[07-01 19:26:46][DEBUG] jax_fem: Function split_and_compute_cell took 0.0446 seconds
[07-01 19:26:46][DEBUG] jax_fem: Computing cell residual...
[07-01 19:26:47][DEBUG] jax_fem: Function split_and_compute_cell took 0.0681 seconds
[07-01 19:26:48][DEBUG] jax_fem: CuDSSNewtonSolver: starting Newton loop
[07-01 19:26:48][DEBUG] jax_fem: DeviceProblem: computing Jacobian on device
[07-01 19:26:48][DEBUG] jax_fem: Function split_and_compute_cell took 0.0482 seconds
[07-01 19:26:48][DEBUG] jax_fem: CuDSSNewtonSolver: initial residual = 2.235e+08
[07-01 19:26:48][DEBUG] jax_fem: DeviceProblem: computing Jacobian on device
[07-01 19:26:48][DEBUG] jax_fem: Function split_and_compute_cell took 0.0275 seconds
[07-01 19:26:48][DEBUG] jax_fem: CuDSSNewtonSolver: iter=1  res=6.770e-06  rel=3.029e-14
[07-01 19:26:48][INFO] jax_fem: CuDSSNewtonSolver: solve finished in 0.11s  res=6.770e-06
[07-01 19:26:48][DEBUG] jax_fem: CuDSSNewtonSolver: starting Newton loop
[07-01 19:26:48][DEBUG] jax_fem: DeviceProblem: computing Jacobian on device
[07-01 19:26:48][DEBUG] jax_fem: Function split_and_compute_cell took 0.0296 seconds
[07-01 19:26:48][DEBUG] jax_fem: CuDSSNewtonSolver: initial residual = 2.217e+08
[07-01 19:26:48][DEBUG] jax_fem: DeviceProblem: computing Jacobian on device
[07-01 19:26:48][DEBUG] jax_fem: Function split_and_compute_cell took 0.0341 seconds
[07-01 19:26:48][DEBUG] jax_fem: CuDSSNewtonSolver: iter=1  res=1.366e-05  rel=6.160e-14
[07-01 19:26:48][INFO] jax_fem: CuDSSNewtonSolver: solve finished in 0.10s  res=1.366e-05
[07-01 19:26:49][DEBUG] jax_fem: CuDSSNewtonSolver: starting Newton loop
[07-01 19:26:49][DEBUG] jax_fem: DeviceProblem: computing Jacobian on device
[07-01 19:26:49][DEBUG] jax_fem: Function split_and_compute_cell took 0.0405 seconds
[07-01 19:26:49][DEBUG] jax_fem: CuDSSNewtonSolver: initial residual = 2.211e+08
[07-01 19:26:49][DEBUG] jax_fem: DeviceProblem: computing Jacobian on device
[07-01 19:26:49][DEBUG] jax_fem: Function split_and_compute_cell took 0.0270 seconds
[07-01 19:26:49][DEBUG] jax_fem: CuDSSNewtonSolver: iter=1  res=7.451e-06  rel=3.370e-14
[07-01 19:26:49][INFO] jax_fem: CuDSSNewtonSolver: solve finished in 0.10s  res=7.451e-06
[07-01 19:26:49][DEBUG] jax_fem: CuDSSNewtonSolver: starting Newton loop
[07-01 19:26:49][DEBUG] jax_fem: DeviceProblem: computing Jacobian on device
[07-01 19:26:49][DEBUG] jax_fem: Function split_and_compute_cell took 0.0252 seconds
[07-01 19:26:49][DEBUG] jax_fem: CuDSSNewtonSolver: initial residual = 2.237e+08
[07-01 19:26:49][DEBUG] jax_fem: DeviceProblem: computing Jacobian on device
[07-01 19:26:49][DEBUG] jax_fem: Function split_and_compute_cell took 0.0390 seconds
[07-01 19:26:49][DEBUG] jax_fem: CuDSSNewtonSolver: iter=1  res=1.968e-05  rel=8.798e-14
[07-01 19:26:49][INFO] jax_fem: CuDSSNewtonSolver: solve finished in 0.10s  res=1.968e-05
[07-01 19:26:49][DEBUG] jax_fem: CuDSSNewtonSolver: starting Newton loop
[07-01 19:26:49][DEBUG] jax_fem: DeviceProblem: computing Jacobian on device
[07-01 19:26:49][DEBUG] jax_fem: Function split_and_compute_cell took 0.0364 seconds
[07-01 19:26:49][DEBUG] jax_fem: CuDSSNewtonSolver: initial residual = 2.223e+08
[07-01 19:26:49][DEBUG] jax_fem: DeviceProblem: computing Jacobian on device
[07-01 19:26:49][DEBUG] jax_fem: Function split_and_compute_cell took 0.0327 seconds
[07-01 19:26:50][DEBUG] jax_fem: CuDSSNewtonSolver: iter=1  res=7.515e-06  rel=3.380e-14
[07-01 19:26:50][INFO] jax_fem: CuDSSNewtonSolver: solve finished in 0.11s  res=7.515e-06
[07-01 19:26:51][DEBUG] jax_fem: CuDSSNewtonSolver: starting Newton loop
[07-01 19:26:51][DEBUG] jax_fem: DeviceProblem: computing Jacobian on device
[07-01 19:26:51][DEBUG] jax_fem: Function split_and_compute_cell took 0.0271 seconds
[07-01 19:26:51][DEBUG] jax_fem: CuDSSNewtonSolver: initial residual = 2.235e+08
[07-01 19:26:51][DEBUG] jax_fem: DeviceProblem: computing Jacobian on device
[07-01 19:26:51][DEBUG] jax_fem: Function split_and_compute_cell took 0.0286 seconds
[07-01 19:26:51][DEBUG] jax_fem: CuDSSNewtonSolver: iter=1  res=6.782e-06  rel=3.034e-14
[07-01 19:26:51][INFO] jax_fem: CuDSSNewtonSolver: solve finished in 0.09s  res=6.782e-06
[07-01 19:26:52][DEBUG] jax_fem: CuDSSNewtonSolver: starting Newton loop
[07-01 19:26:52][DEBUG] jax_fem: DeviceProblem: computing Jacobian on device
[07-01 19:26:52][DEBUG] jax_fem: Function split_and_compute_cell took 0.0273 seconds
[07-01 19:26:52][DEBUG] jax_fem: CuDSSNewtonSolver: initial residual = 2.217e+08
[07-01 19:26:52][DEBUG] jax_fem: DeviceProblem: computing Jacobian on device
[07-01 19:26:52][DEBUG] jax_fem: Function split_and_compute_cell took 0.0290 seconds
[07-01 19:26:52][DEBUG] jax_fem: CuDSSNewtonSolver: iter=1  res=1.388e-05  rel=6.260e-14
[07-01 19:26:52][INFO] jax_fem: CuDSSNewtonSolver: solve finished in 0.09s  res=1.388e-05
[07-01 19:26:52][DEBUG] jax_fem: CuDSSNewtonSolver: starting Newton loop
[07-01 19:26:52][DEBUG] jax_fem: DeviceProblem: computing Jacobian on device
[07-01 19:26:52][DEBUG] jax_fem: Function split_and_compute_cell took 0.0285 seconds
[07-01 19:26:52][DEBUG] jax_fem: CuDSSNewtonSolver: initial residual = 2.211e+08
[07-01 19:26:52][DEBUG] jax_fem: DeviceProblem: computing Jacobian on device
[07-01 19:26:52][DEBUG] jax_fem: Function split_and_compute_cell took 0.0272 seconds
[07-01 19:26:52][DEBUG] jax_fem: CuDSSNewtonSolver: iter=1  res=7.132e-06  rel=3.226e-14
[07-01 19:26:52][INFO] jax_fem: CuDSSNewtonSolver: solve finished in 0.09s  res=7.132e-06
[07-01 19:26:53][DEBUG] jax_fem: CuDSSNewtonSolver: starting Newton loop
[07-01 19:26:53][DEBUG] jax_fem: DeviceProblem: computing Jacobian on device
[07-01 19:26:53][DEBUG] jax_fem: Function split_and_compute_cell took 0.0284 seconds
[07-01 19:26:53][DEBUG] jax_fem: CuDSSNewtonSolver: initial residual = 2.237e+08
[07-01 19:26:53][DEBUG] jax_fem: DeviceProblem: computing Jacobian on device
[07-01 19:26:53][DEBUG] jax_fem: Function split_and_compute_cell took 0.0300 seconds
[07-01 19:26:53][DEBUG] jax_fem: CuDSSNewtonSolver: iter=1  res=2.075e-05  rel=9.276e-14
[07-01 19:26:53][INFO] jax_fem: CuDSSNewtonSolver: solve finished in 0.09s  res=2.075e-05
[07-01 19:26:54][DEBUG] jax_fem: CuDSSNewtonSolver: starting Newton loop
[07-01 19:26:54][DEBUG] jax_fem: DeviceProblem: computing Jacobian on device
[07-01 19:26:54][DEBUG] jax_fem: Function split_and_compute_cell took 0.0271 seconds
[07-01 19:26:54][DEBUG] jax_fem: CuDSSNewtonSolver: initial residual = 2.223e+08
[07-01 19:26:54][DEBUG] jax_fem: DeviceProblem: computing Jacobian on device
[07-01 19:26:54][DEBUG] jax_fem: Function split_and_compute_cell took 0.0276 seconds
[07-01 19:26:54][DEBUG] jax_fem: CuDSSNewtonSolver: iter=1  res=7.269e-06  rel=3.269e-14
[07-01 19:26:54][INFO] jax_fem: CuDSSNewtonSolver: solve finished in 0.09s  res=7.269e-06
[07-01 19:26:54][INFO] jax_fem: CuDSS backward: solving adjoint problem …
[07-01 19:26:54][DEBUG] jax_fem: DeviceProblem: computing Jacobian on device
[07-01 19:26:54][DEBUG] jax_fem: Function split_and_compute_cell took 0.0282 seconds
[07-01 19:26:54][DEBUG] jax_fem: Computing cell residual...
[07-01 19:26:54][DEBUG] jax_fem: Function split_and_compute_cell took 0.0594 seconds
[07-01 19:26:54][INFO] jax_fem: CuDSS backward: solving adjoint problem …
[07-01 19:26:54][DEBUG] jax_fem: DeviceProblem: computing Jacobian on device
[07-01 19:26:54][DEBUG] jax_fem: Function split_and_compute_cell took 0.0464 seconds
[07-01 19:26:54][DEBUG] jax_fem: Computing cell residual...
[07-01 19:26:54][DEBUG] jax_fem: Function split_and_compute_cell took 0.0717 seconds
[07-01 19:26:55][INFO] jax_fem: CuDSS backward: solving adjoint problem …
[07-01 19:26:55][DEBUG] jax_fem: DeviceProblem: computing Jacobian on device
[07-01 19:26:55][DEBUG] jax_fem: Function split_and_compute_cell took 0.0479 seconds
[07-01 19:26:55][DEBUG] jax_fem: Computing cell residual...
[07-01 19:26:55][DEBUG] jax_fem: Function split_and_compute_cell took 0.0617 seconds
[07-01 19:26:55][INFO] jax_fem: CuDSS backward: solving adjoint problem …
[07-01 19:26:55][DEBUG] jax_fem: DeviceProblem: computing Jacobian on device
[07-01 19:26:55][DEBUG] jax_fem: Function split_and_compute_cell took 0.0450 seconds
[07-01 19:26:55][DEBUG] jax_fem: Computing cell residual...
[07-01 19:26:55][DEBUG] jax_fem: Function split_and_compute_cell took 0.0764 seconds
[07-01 19:26:55][INFO] jax_fem: CuDSS backward: solving adjoint problem …
[07-01 19:26:55][DEBUG] jax_fem: DeviceProblem: computing Jacobian on device
[07-01 19:26:55][DEBUG] jax_fem: Function split_and_compute_cell took 0.0318 seconds
[07-01 19:26:55][DEBUG] jax_fem: Computing cell residual...
[07-01 19:26:56][DEBUG] jax_fem: Function split_and_compute_cell took 0.0635 seconds
[07-01 19:26:57][DEBUG] jax_fem: CuDSSNewtonSolver: starting Newton loop
[07-01 19:26:57][DEBUG] jax_fem: DeviceProblem: computing Jacobian on device
[07-01 19:26:57][DEBUG] jax_fem: Function split_and_compute_cell took 0.0275 seconds
[07-01 19:26:57][DEBUG] jax_fem: CuDSSNewtonSolver: initial residual = 2.235e+08
[07-01 19:26:57][DEBUG] jax_fem: DeviceProblem: computing Jacobian on device
[07-01 19:26:57][DEBUG] jax_fem: Function split_and_compute_cell took 0.0303 seconds
[07-01 19:26:57][DEBUG] jax_fem: CuDSSNewtonSolver: iter=1  res=7.420e-06  rel=3.320e-14
[07-01 19:26:57][INFO] jax_fem: CuDSSNewtonSolver: solve finished in 0.10s  res=7.420e-06
[07-01 19:26:57][DEBUG] jax_fem: CuDSSNewtonSolver: starting Newton loop
[07-01 19:26:57][DEBUG] jax_fem: DeviceProblem: computing Jacobian on device
[07-01 19:26:57][DEBUG] jax_fem: Function split_and_compute_cell took 0.0434 seconds
[07-01 19:26:57][DEBUG] jax_fem: CuDSSNewtonSolver: initial residual = 2.217e+08
[07-01 19:26:57][DEBUG] jax_fem: DeviceProblem: computing Jacobian on device
[07-01 19:26:57][DEBUG] jax_fem: Function split_and_compute_cell took 0.0521 seconds
[07-01 19:26:57][DEBUG] jax_fem: CuDSSNewtonSolver: iter=1  res=1.435e-05  rel=6.472e-14
[07-01 19:26:57][INFO] jax_fem: CuDSSNewtonSolver: solve finished in 0.14s  res=1.435e-05
[07-01 19:26:58][DEBUG] jax_fem: CuDSSNewtonSolver: starting Newton loop
[07-01 19:26:58][DEBUG] jax_fem: DeviceProblem: computing Jacobian on device
[07-01 19:26:58][DEBUG] jax_fem: Function split_and_compute_cell took 0.0438 seconds
[07-01 19:26:58][DEBUG] jax_fem: CuDSSNewtonSolver: initial residual = 2.211e+08
[07-01 19:26:58][DEBUG] jax_fem: DeviceProblem: computing Jacobian on device
[07-01 19:26:58][DEBUG] jax_fem: Function split_and_compute_cell took 0.0272 seconds
[07-01 19:26:58][DEBUG] jax_fem: CuDSSNewtonSolver: iter=1  res=7.848e-06  rel=3.550e-14
[07-01 19:26:58][INFO] jax_fem: CuDSSNewtonSolver: solve finished in 0.11s  res=7.848e-06
[07-01 19:26:58][DEBUG] jax_fem: CuDSSNewtonSolver: starting Newton loop
[07-01 19:26:58][DEBUG] jax_fem: DeviceProblem: computing Jacobian on device
[07-01 19:26:58][DEBUG] jax_fem: Function split_and_compute_cell took 0.0450 seconds
[07-01 19:26:58][DEBUG] jax_fem: CuDSSNewtonSolver: initial residual = 2.237e+08
[07-01 19:26:58][DEBUG] jax_fem: DeviceProblem: computing Jacobian on device
[07-01 19:26:58][DEBUG] jax_fem: Function split_and_compute_cell took 0.0406 seconds
[07-01 19:26:58][DEBUG] jax_fem: CuDSSNewtonSolver: iter=1  res=1.835e-05  rel=8.204e-14
[07-01 19:26:58][INFO] jax_fem: CuDSSNewtonSolver: solve finished in 0.13s  res=1.835e-05
[07-01 19:26:59][DEBUG] jax_fem: CuDSSNewtonSolver: starting Newton loop
[07-01 19:26:59][DEBUG] jax_fem: DeviceProblem: computing Jacobian on device
[07-01 19:26:59][DEBUG] jax_fem: Function split_and_compute_cell took 0.0350 seconds
[07-01 19:26:59][DEBUG] jax_fem: CuDSSNewtonSolver: initial residual = 2.223e+08
[07-01 19:26:59][DEBUG] jax_fem: DeviceProblem: computing Jacobian on device
[07-01 19:26:59][DEBUG] jax_fem: Function split_and_compute_cell took 0.0339 seconds
[07-01 19:26:59][DEBUG] jax_fem: CuDSSNewtonSolver: iter=1  res=1.650e-05  rel=7.421e-14
[07-01 19:26:59][INFO] jax_fem: CuDSSNewtonSolver: solve finished in 0.11s  res=1.650e-05
[07-01 19:27:00][DEBUG] jax_fem: CuDSSNewtonSolver: starting Newton loop
[07-01 19:27:00][DEBUG] jax_fem: DeviceProblem: computing Jacobian on device
[07-01 19:27:00][DEBUG] jax_fem: Function split_and_compute_cell took 0.0286 seconds
[07-01 19:27:00][DEBUG] jax_fem: CuDSSNewtonSolver: initial residual = 2.235e+08
[07-01 19:27:00][DEBUG] jax_fem: DeviceProblem: computing Jacobian on device
[07-01 19:27:01][DEBUG] jax_fem: Function split_and_compute_cell took 0.0399 seconds
[07-01 19:27:01][DEBUG] jax_fem: CuDSSNewtonSolver: iter=1  res=7.643e-06  rel=3.420e-14
[07-01 19:27:01][INFO] jax_fem: CuDSSNewtonSolver: solve finished in 0.10s  res=7.643e-06
[07-01 19:27:01][DEBUG] jax_fem: CuDSSNewtonSolver: starting Newton loop
[07-01 19:27:01][DEBUG] jax_fem: DeviceProblem: computing Jacobian on device
[07-01 19:27:01][DEBUG] jax_fem: Function split_and_compute_cell took 0.0275 seconds
[07-01 19:27:01][DEBUG] jax_fem: CuDSSNewtonSolver: initial residual = 2.217e+08
[07-01 19:27:01][DEBUG] jax_fem: DeviceProblem: computing Jacobian on device
[07-01 19:27:01][DEBUG] jax_fem: Function split_and_compute_cell took 0.0280 seconds
[07-01 19:27:01][DEBUG] jax_fem: CuDSSNewtonSolver: iter=1  res=1.371e-05  rel=6.187e-14
[07-01 19:27:01][INFO] jax_fem: CuDSSNewtonSolver: solve finished in 0.09s  res=1.371e-05
[07-01 19:27:02][DEBUG] jax_fem: CuDSSNewtonSolver: starting Newton loop
[07-01 19:27:02][DEBUG] jax_fem: DeviceProblem: computing Jacobian on device
[07-01 19:27:02][DEBUG] jax_fem: Function split_and_compute_cell took 0.0286 seconds
[07-01 19:27:02][DEBUG] jax_fem: CuDSSNewtonSolver: initial residual = 2.211e+08
[07-01 19:27:02][DEBUG] jax_fem: DeviceProblem: computing Jacobian on device
[07-01 19:27:02][DEBUG] jax_fem: Function split_and_compute_cell took 0.0275 seconds
[07-01 19:27:02][DEBUG] jax_fem: CuDSSNewtonSolver: iter=1  res=7.393e-06  rel=3.344e-14
[07-01 19:27:02][INFO] jax_fem: CuDSSNewtonSolver: solve finished in 0.09s  res=7.393e-06
[07-01 19:27:02][DEBUG] jax_fem: CuDSSNewtonSolver: starting Newton loop
[07-01 19:27:02][DEBUG] jax_fem: DeviceProblem: computing Jacobian on device
[07-01 19:27:02][DEBUG] jax_fem: Function split_and_compute_cell took 0.0289 seconds
[07-01 19:27:02][DEBUG] jax_fem: CuDSSNewtonSolver: initial residual = 2.237e+08
[07-01 19:27:02][DEBUG] jax_fem: DeviceProblem: computing Jacobian on device
[07-01 19:27:02][DEBUG] jax_fem: Function split_and_compute_cell took 0.0284 seconds
[07-01 19:27:02][DEBUG] jax_fem: CuDSSNewtonSolver: iter=1  res=1.835e-05  rel=8.204e-14
[07-01 19:27:02][INFO] jax_fem: CuDSSNewtonSolver: solve finished in 0.09s  res=1.835e-05
[07-01 19:27:03][DEBUG] jax_fem: CuDSSNewtonSolver: starting Newton loop
[07-01 19:27:03][DEBUG] jax_fem: DeviceProblem: computing Jacobian on device
[07-01 19:27:03][DEBUG] jax_fem: Function split_and_compute_cell took 0.0275 seconds
[07-01 19:27:03][DEBUG] jax_fem: CuDSSNewtonSolver: initial residual = 2.223e+08
[07-01 19:27:03][DEBUG] jax_fem: DeviceProblem: computing Jacobian on device
[07-01 19:27:03][DEBUG] jax_fem: Function split_and_compute_cell took 0.0286 seconds
[07-01 19:27:03][DEBUG] jax_fem: CuDSSNewtonSolver: iter=1  res=1.573e-05  rel=7.076e-14
[07-01 19:27:03][INFO] jax_fem: CuDSSNewtonSolver: solve finished in 0.09s  res=1.573e-05
[07-01 19:27:03][INFO] jax_fem: CuDSS backward: solving adjoint problem …
[07-01 19:27:03][DEBUG] jax_fem: DeviceProblem: computing Jacobian on device
[07-01 19:27:03][DEBUG] jax_fem: Function split_and_compute_cell took 0.0358 seconds
[07-01 19:27:03][DEBUG] jax_fem: Computing cell residual...
[07-01 19:27:03][DEBUG] jax_fem: Function split_and_compute_cell took 0.0698 seconds
[07-01 19:27:03][INFO] jax_fem: CuDSS backward: solving adjoint problem …
[07-01 19:27:03][DEBUG] jax_fem: DeviceProblem: computing Jacobian on device
[07-01 19:27:03][DEBUG] jax_fem: Function split_and_compute_cell took 0.0285 seconds
[07-01 19:27:04][DEBUG] jax_fem: Computing cell residual...
[07-01 19:27:04][DEBUG] jax_fem: Function split_and_compute_cell took 0.0628 seconds
[07-01 19:27:04][INFO] jax_fem: CuDSS backward: solving adjoint problem …
[07-01 19:27:04][DEBUG] jax_fem: DeviceProblem: computing Jacobian on device
[07-01 19:27:04][DEBUG] jax_fem: Function split_and_compute_cell took 0.0260 seconds
[07-01 19:27:04][DEBUG] jax_fem: Computing cell residual...
[07-01 19:27:04][DEBUG] jax_fem: Function split_and_compute_cell took 0.0586 seconds
[07-01 19:27:04][INFO] jax_fem: CuDSS backward: solving adjoint problem …
[07-01 19:27:04][DEBUG] jax_fem: DeviceProblem: computing Jacobian on device
[07-01 19:27:04][DEBUG] jax_fem: Function split_and_compute_cell took 0.0287 seconds
[07-01 19:27:04][DEBUG] jax_fem: Computing cell residual...
[07-01 19:27:04][DEBUG] jax_fem: Function split_and_compute_cell took 0.0673 seconds
[07-01 19:27:05][INFO] jax_fem: CuDSS backward: solving adjoint problem …
[07-01 19:27:05][DEBUG] jax_fem: DeviceProblem: computing Jacobian on device
[07-01 19:27:05][DEBUG] jax_fem: Function split_and_compute_cell took 0.0440 seconds
[07-01 19:27:05][DEBUG] jax_fem: Computing cell residual...
[07-01 19:27:05][DEBUG] jax_fem: Function split_and_compute_cell took 0.0675 seconds
[07-01 19:27:06][DEBUG] jax_fem: CuDSSNewtonSolver: starting Newton loop
[07-01 19:27:06][DEBUG] jax_fem: DeviceProblem: computing Jacobian on device
[07-01 19:27:06][DEBUG] jax_fem: Function split_and_compute_cell took 0.0531 seconds
[07-01 19:27:06][DEBUG] jax_fem: CuDSSNewtonSolver: initial residual = 2.235e+08
[07-01 19:27:06][DEBUG] jax_fem: DeviceProblem: computing Jacobian on device
[07-01 19:27:06][DEBUG] jax_fem: Function split_and_compute_cell took 0.0468 seconds
[07-01 19:27:06][DEBUG] jax_fem: CuDSSNewtonSolver: iter=1  res=7.021e-06  rel=3.141e-14
[07-01 19:27:06][INFO] jax_fem: CuDSSNewtonSolver: solve finished in 0.14s  res=7.021e-06
[07-01 19:27:07][DEBUG] jax_fem: CuDSSNewtonSolver: starting Newton loop
[07-01 19:27:07][DEBUG] jax_fem: DeviceProblem: computing Jacobian on device
[07-01 19:27:07][DEBUG] jax_fem: Function split_and_compute_cell took 0.0419 seconds
[07-01 19:27:07][DEBUG] jax_fem: CuDSSNewtonSolver: initial residual = 2.217e+08
[07-01 19:27:07][DEBUG] jax_fem: DeviceProblem: computing Jacobian on device
[07-01 19:27:07][DEBUG] jax_fem: Function split_and_compute_cell took 0.0444 seconds
[07-01 19:27:07][DEBUG] jax_fem: CuDSSNewtonSolver: iter=1  res=1.075e-05  rel=4.850e-14
[07-01 19:27:07][INFO] jax_fem: CuDSSNewtonSolver: solve finished in 0.12s  res=1.075e-05
[07-01 19:27:07][DEBUG] jax_fem: CuDSSNewtonSolver: starting Newton loop
[07-01 19:27:07][DEBUG] jax_fem: DeviceProblem: computing Jacobian on device
[07-01 19:27:07][DEBUG] jax_fem: Function split_and_compute_cell took 0.0325 seconds
[07-01 19:27:07][DEBUG] jax_fem: CuDSSNewtonSolver: initial residual = 2.211e+08
[07-01 19:27:07][DEBUG] jax_fem: DeviceProblem: computing Jacobian on device
[07-01 19:27:07][DEBUG] jax_fem: Function split_and_compute_cell took 0.0374 seconds
[07-01 19:27:07][DEBUG] jax_fem: CuDSSNewtonSolver: iter=1  res=7.314e-06  rel=3.308e-14
[07-01 19:27:07][INFO] jax_fem: CuDSSNewtonSolver: solve finished in 0.11s  res=7.314e-06
[07-01 19:27:07][DEBUG] jax_fem: CuDSSNewtonSolver: starting Newton loop
[07-01 19:27:07][DEBUG] jax_fem: DeviceProblem: computing Jacobian on device
[07-01 19:27:07][DEBUG] jax_fem: Function split_and_compute_cell took 0.0345 seconds
[07-01 19:27:07][DEBUG] jax_fem: CuDSSNewtonSolver: initial residual = 2.237e+08
[07-01 19:27:08][DEBUG] jax_fem: DeviceProblem: computing Jacobian on device
[07-01 19:27:08][DEBUG] jax_fem: Function split_and_compute_cell took 0.0357 seconds
[07-01 19:27:08][DEBUG] jax_fem: CuDSSNewtonSolver: iter=1  res=2.013e-05  rel=9.001e-14
[07-01 19:27:08][INFO] jax_fem: CuDSSNewtonSolver: solve finished in 0.11s  res=2.013e-05
[07-01 19:27:08][DEBUG] jax_fem: CuDSSNewtonSolver: starting Newton loop
[07-01 19:27:08][DEBUG] jax_fem: DeviceProblem: computing Jacobian on device
[07-01 19:27:08][DEBUG] jax_fem: Function split_and_compute_cell took 0.0334 seconds
[07-01 19:27:08][DEBUG] jax_fem: CuDSSNewtonSolver: initial residual = 2.223e+08
[07-01 19:27:08][DEBUG] jax_fem: DeviceProblem: computing Jacobian on device
[07-01 19:27:08][DEBUG] jax_fem: Function split_and_compute_cell took 0.0354 seconds
[07-01 19:27:08][DEBUG] jax_fem: CuDSSNewtonSolver: iter=1  res=7.106e-06  rel=3.196e-14
[07-01 19:27:08][INFO] jax_fem: CuDSSNewtonSolver: solve finished in 0.11s  res=7.106e-06
[07-01 19:27:10][DEBUG] jax_fem: CuDSSNewtonSolver: starting Newton loop
[07-01 19:27:10][DEBUG] jax_fem: DeviceProblem: computing Jacobian on device
[07-01 19:27:10][DEBUG] jax_fem: Function split_and_compute_cell took 0.0284 seconds
[07-01 19:27:10][DEBUG] jax_fem: CuDSSNewtonSolver: initial residual = 2.235e+08
[07-01 19:27:10][DEBUG] jax_fem: DeviceProblem: computing Jacobian on device
[07-01 19:27:10][DEBUG] jax_fem: Function split_and_compute_cell took 0.0281 seconds
[07-01 19:27:10][DEBUG] jax_fem: CuDSSNewtonSolver: iter=1  res=7.185e-06  rel=3.215e-14
[07-01 19:27:10][INFO] jax_fem: CuDSSNewtonSolver: solve finished in 0.09s  res=7.185e-06
[07-01 19:27:10][DEBUG] jax_fem: CuDSSNewtonSolver: starting Newton loop
[07-01 19:27:10][DEBUG] jax_fem: DeviceProblem: computing Jacobian on device
[07-01 19:27:10][DEBUG] jax_fem: Function split_and_compute_cell took 0.0281 seconds
[07-01 19:27:10][DEBUG] jax_fem: CuDSSNewtonSolver: initial residual = 2.217e+08
[07-01 19:27:10][DEBUG] jax_fem: DeviceProblem: computing Jacobian on device
[07-01 19:27:10][DEBUG] jax_fem: Function split_and_compute_cell took 0.0287 seconds
[07-01 19:27:10][DEBUG] jax_fem: CuDSSNewtonSolver: iter=1  res=1.077e-05  rel=4.859e-14
[07-01 19:27:10][INFO] jax_fem: CuDSSNewtonSolver: solve finished in 0.09s  res=1.077e-05
[07-01 19:27:11][DEBUG] jax_fem: CuDSSNewtonSolver: starting Newton loop
[07-01 19:27:11][DEBUG] jax_fem: DeviceProblem: computing Jacobian on device
[07-01 19:27:11][DEBUG] jax_fem: Function split_and_compute_cell took 0.0277 seconds
[07-01 19:27:11][DEBUG] jax_fem: CuDSSNewtonSolver: initial residual = 2.211e+08
[07-01 19:27:11][DEBUG] jax_fem: DeviceProblem: computing Jacobian on device
[07-01 19:27:11][DEBUG] jax_fem: Function split_and_compute_cell took 0.0277 seconds
[07-01 19:27:11][DEBUG] jax_fem: CuDSSNewtonSolver: iter=1  res=7.383e-06  rel=3.339e-14
[07-01 19:27:11][INFO] jax_fem: CuDSSNewtonSolver: solve finished in 0.09s  res=7.383e-06
[07-01 19:27:11][DEBUG] jax_fem: CuDSSNewtonSolver: starting Newton loop
[07-01 19:27:11][DEBUG] jax_fem: DeviceProblem: computing Jacobian on device
[07-01 19:27:12][DEBUG] jax_fem: Function split_and_compute_cell took 0.0290 seconds
[07-01 19:27:12][DEBUG] jax_fem: CuDSSNewtonSolver: initial residual = 2.237e+08
[07-01 19:27:12][DEBUG] jax_fem: DeviceProblem: computing Jacobian on device
[07-01 19:27:12][DEBUG] jax_fem: Function split_and_compute_cell took 0.0284 seconds
[07-01 19:27:12][DEBUG] jax_fem: CuDSSNewtonSolver: iter=1  res=1.972e-05  rel=8.818e-14
[07-01 19:27:12][INFO] jax_fem: CuDSSNewtonSolver: solve finished in 0.09s  res=1.972e-05
[07-01 19:27:12][DEBUG] jax_fem: CuDSSNewtonSolver: starting Newton loop
[07-01 19:27:12][DEBUG] jax_fem: DeviceProblem: computing Jacobian on device
[07-01 19:27:12][DEBUG] jax_fem: Function split_and_compute_cell took 0.0271 seconds
[07-01 19:27:12][DEBUG] jax_fem: CuDSSNewtonSolver: initial residual = 2.223e+08
[07-01 19:27:12][DEBUG] jax_fem: DeviceProblem: computing Jacobian on device
[07-01 19:27:12][DEBUG] jax_fem: Function split_and_compute_cell took 0.0276 seconds
[07-01 19:27:12][DEBUG] jax_fem: CuDSSNewtonSolver: iter=1  res=7.064e-06  rel=3.177e-14
[07-01 19:27:12][INFO] jax_fem: CuDSSNewtonSolver: solve finished in 0.09s  res=7.064e-06
[07-01 19:27:12][INFO] jax_fem: CuDSS backward: solving adjoint problem …
[07-01 19:27:12][DEBUG] jax_fem: DeviceProblem: computing Jacobian on device
[07-01 19:27:12][DEBUG] jax_fem: Function split_and_compute_cell took 0.0419 seconds
[07-01 19:27:12][DEBUG] jax_fem: Computing cell residual...
[07-01 19:27:12][DEBUG] jax_fem: Function split_and_compute_cell took 0.0603 seconds
[07-01 19:27:13][INFO] jax_fem: CuDSS backward: solving adjoint problem …
[07-01 19:27:13][DEBUG] jax_fem: DeviceProblem: computing Jacobian on device
[07-01 19:27:13][DEBUG] jax_fem: Function split_and_compute_cell took 0.0245 seconds
[07-01 19:27:13][DEBUG] jax_fem: Computing cell residual...
[07-01 19:27:13][DEBUG] jax_fem: Function split_and_compute_cell took 0.0646 seconds
[07-01 19:27:13][INFO] jax_fem: CuDSS backward: solving adjoint problem …
[07-01 19:27:13][DEBUG] jax_fem: DeviceProblem: computing Jacobian on device
[07-01 19:27:13][DEBUG] jax_fem: Function split_and_compute_cell took 0.0268 seconds
[07-01 19:27:13][DEBUG] jax_fem: Computing cell residual...
[07-01 19:27:13][DEBUG] jax_fem: Function split_and_compute_cell took 0.0573 seconds
[07-01 19:27:13][INFO] jax_fem: CuDSS backward: solving adjoint problem …
[07-01 19:27:13][DEBUG] jax_fem: DeviceProblem: computing Jacobian on device
[07-01 19:27:13][DEBUG] jax_fem: Function split_and_compute_cell took 0.0448 seconds
[07-01 19:27:13][DEBUG] jax_fem: Computing cell residual...
[07-01 19:27:14][DEBUG] jax_fem: Function split_and_compute_cell took 0.0662 seconds
[07-01 19:27:14][INFO] jax_fem: CuDSS backward: solving adjoint problem …
[07-01 19:27:14][DEBUG] jax_fem: DeviceProblem: computing Jacobian on device
[07-01 19:27:14][DEBUG] jax_fem: Function split_and_compute_cell took 0.0428 seconds
[07-01 19:27:14][DEBUG] jax_fem: Computing cell residual...
[07-01 19:27:14][DEBUG] jax_fem: Function split_and_compute_cell took 0.0700 seconds
[07-01 19:27:16][DEBUG] jax_fem: CuDSSNewtonSolver: starting Newton loop
[07-01 19:27:16][DEBUG] jax_fem: DeviceProblem: computing Jacobian on device
[07-01 19:27:16][DEBUG] jax_fem: Function split_and_compute_cell took 0.0449 seconds
[07-01 19:27:16][DEBUG] jax_fem: CuDSSNewtonSolver: initial residual = 2.235e+08
[07-01 19:27:16][DEBUG] jax_fem: DeviceProblem: computing Jacobian on device
[07-01 19:27:16][DEBUG] jax_fem: Function split_and_compute_cell took 0.0464 seconds
[07-01 19:27:16][DEBUG] jax_fem: CuDSSNewtonSolver: iter=1  res=6.867e-06  rel=3.072e-14
[07-01 19:27:16][INFO] jax_fem: CuDSSNewtonSolver: solve finished in 0.13s  res=6.867e-06
[07-01 19:27:16][DEBUG] jax_fem: CuDSSNewtonSolver: starting Newton loop
[07-01 19:27:16][DEBUG] jax_fem: DeviceProblem: computing Jacobian on device
[07-01 19:27:16][DEBUG] jax_fem: Function split_and_compute_cell took 0.0475 seconds
[07-01 19:27:16][DEBUG] jax_fem: CuDSSNewtonSolver: initial residual = 2.217e+08
[07-01 19:27:16][DEBUG] jax_fem: DeviceProblem: computing Jacobian on device
[07-01 19:27:16][DEBUG] jax_fem: Function split_and_compute_cell took 0.0421 seconds
[07-01 19:27:16][DEBUG] jax_fem: CuDSSNewtonSolver: iter=1  res=9.179e-06  rel=4.141e-14
[07-01 19:27:16][INFO] jax_fem: CuDSSNewtonSolver: solve finished in 0.13s  res=9.179e-06
[07-01 19:27:16][DEBUG] jax_fem: CuDSSNewtonSolver: starting Newton loop
[07-01 19:27:16][DEBUG] jax_fem: DeviceProblem: computing Jacobian on device
[07-01 19:27:16][DEBUG] jax_fem: Function split_and_compute_cell took 0.0307 seconds
[07-01 19:27:16][DEBUG] jax_fem: CuDSSNewtonSolver: initial residual = 2.211e+08
[07-01 19:27:16][DEBUG] jax_fem: DeviceProblem: computing Jacobian on device
[07-01 19:27:16][DEBUG] jax_fem: Function split_and_compute_cell took 0.0446 seconds
[07-01 19:27:16][DEBUG] jax_fem: CuDSSNewtonSolver: iter=1  res=7.732e-06  rel=3.497e-14
[07-01 19:27:16][INFO] jax_fem: CuDSSNewtonSolver: solve finished in 0.11s  res=7.732e-06
[07-01 19:27:17][DEBUG] jax_fem: CuDSSNewtonSolver: starting Newton loop
[07-01 19:27:17][DEBUG] jax_fem: DeviceProblem: computing Jacobian on device
[07-01 19:27:17][DEBUG] jax_fem: Function split_and_compute_cell took 0.0391 seconds
[07-01 19:27:17][DEBUG] jax_fem: CuDSSNewtonSolver: initial residual = 2.237e+08
[07-01 19:27:17][DEBUG] jax_fem: DeviceProblem: computing Jacobian on device
[07-01 19:27:17][DEBUG] jax_fem: Function split_and_compute_cell took 0.0285 seconds
[07-01 19:27:17][DEBUG] jax_fem: CuDSSNewtonSolver: iter=1  res=2.098e-05  rel=9.380e-14
[07-01 19:27:17][INFO] jax_fem: CuDSSNewtonSolver: solve finished in 0.11s  res=2.098e-05
[07-01 19:27:17][DEBUG] jax_fem: CuDSSNewtonSolver: starting Newton loop
[07-01 19:27:17][DEBUG] jax_fem: DeviceProblem: computing Jacobian on device
[07-01 19:27:17][DEBUG] jax_fem: Function split_and_compute_cell took 0.0294 seconds
[07-01 19:27:17][DEBUG] jax_fem: CuDSSNewtonSolver: initial residual = 2.223e+08
[07-01 19:27:17][DEBUG] jax_fem: DeviceProblem: computing Jacobian on device
[07-01 19:27:17][DEBUG] jax_fem: Function split_and_compute_cell took 0.0303 seconds
[07-01 19:27:17][DEBUG] jax_fem: CuDSSNewtonSolver: iter=1  res=7.693e-06  rel=3.460e-14
[07-01 19:27:17][INFO] jax_fem: CuDSSNewtonSolver: solve finished in 0.10s  res=7.693e-06
[07-01 19:27:19][DEBUG] jax_fem: CuDSSNewtonSolver: starting Newton loop
[07-01 19:27:19][DEBUG] jax_fem: DeviceProblem: computing Jacobian on device
[07-01 19:27:19][DEBUG] jax_fem: Function split_and_compute_cell took 0.0278 seconds
[07-01 19:27:19][DEBUG] jax_fem: CuDSSNewtonSolver: initial residual = 2.235e+08
[07-01 19:27:19][DEBUG] jax_fem: DeviceProblem: computing Jacobian on device
[07-01 19:27:19][DEBUG] jax_fem: Function split_and_compute_cell took 0.0278 seconds
[07-01 19:27:19][DEBUG] jax_fem: CuDSSNewtonSolver: iter=1  res=6.875e-06  rel=3.076e-14
[07-01 19:27:19][INFO] jax_fem: CuDSSNewtonSolver: solve finished in 0.09s  res=6.875e-06
[07-01 19:27:19][DEBUG] jax_fem: CuDSSNewtonSolver: starting Newton loop
[07-01 19:27:19][DEBUG] jax_fem: DeviceProblem: computing Jacobian on device
[07-01 19:27:19][DEBUG] jax_fem: Function split_and_compute_cell took 0.0284 seconds
[07-01 19:27:19][DEBUG] jax_fem: CuDSSNewtonSolver: initial residual = 2.217e+08
[07-01 19:27:19][DEBUG] jax_fem: DeviceProblem: computing Jacobian on device
[07-01 19:27:19][DEBUG] jax_fem: Function split_and_compute_cell took 0.0304 seconds
[07-01 19:27:19][DEBUG] jax_fem: CuDSSNewtonSolver: iter=1  res=9.580e-06  rel=4.322e-14
[07-01 19:27:19][INFO] jax_fem: CuDSSNewtonSolver: solve finished in 0.09s  res=9.580e-06
[07-01 19:27:20][DEBUG] jax_fem: CuDSSNewtonSolver: starting Newton loop
[07-01 19:27:20][DEBUG] jax_fem: DeviceProblem: computing Jacobian on device
[07-01 19:27:20][DEBUG] jax_fem: Function split_and_compute_cell took 0.0294 seconds
[07-01 19:27:20][DEBUG] jax_fem: CuDSSNewtonSolver: initial residual = 2.211e+08
[07-01 19:27:20][DEBUG] jax_fem: DeviceProblem: computing Jacobian on device
[07-01 19:27:20][DEBUG] jax_fem: Function split_and_compute_cell took 0.0279 seconds
[07-01 19:27:20][DEBUG] jax_fem: CuDSSNewtonSolver: iter=1  res=7.333e-06  rel=3.317e-14
[07-01 19:27:20][INFO] jax_fem: CuDSSNewtonSolver: solve finished in 0.09s  res=7.333e-06
[07-01 19:27:20][DEBUG] jax_fem: CuDSSNewtonSolver: starting Newton loop
[07-01 19:27:20][DEBUG] jax_fem: DeviceProblem: computing Jacobian on device
[07-01 19:27:21][DEBUG] jax_fem: Function split_and_compute_cell took 0.0286 seconds
[07-01 19:27:21][DEBUG] jax_fem: CuDSSNewtonSolver: initial residual = 2.237e+08
[07-01 19:27:21][DEBUG] jax_fem: DeviceProblem: computing Jacobian on device
[07-01 19:27:21][DEBUG] jax_fem: Function split_and_compute_cell took 0.0281 seconds
[07-01 19:27:21][DEBUG] jax_fem: CuDSSNewtonSolver: iter=1  res=1.909e-05  rel=8.536e-14
[07-01 19:27:21][INFO] jax_fem: CuDSSNewtonSolver: solve finished in 0.09s  res=1.909e-05
[07-01 19:27:21][DEBUG] jax_fem: CuDSSNewtonSolver: starting Newton loop
[07-01 19:27:21][DEBUG] jax_fem: DeviceProblem: computing Jacobian on device
[07-01 19:27:21][DEBUG] jax_fem: Function split_and_compute_cell took 0.0273 seconds
[07-01 19:27:21][DEBUG] jax_fem: CuDSSNewtonSolver: initial residual = 2.223e+08
[07-01 19:27:21][DEBUG] jax_fem: DeviceProblem: computing Jacobian on device
[07-01 19:27:21][DEBUG] jax_fem: Function split_and_compute_cell took 0.0275 seconds
[07-01 19:27:21][DEBUG] jax_fem: CuDSSNewtonSolver: iter=1  res=7.607e-06  rel=3.421e-14
[07-01 19:27:21][INFO] jax_fem: CuDSSNewtonSolver: solve finished in 0.09s  res=7.607e-06
[07-01 19:27:21][INFO] jax_fem: CuDSS backward: solving adjoint problem …
[07-01 19:27:21][DEBUG] jax_fem: DeviceProblem: computing Jacobian on device
[07-01 19:27:21][DEBUG] jax_fem: Function split_and_compute_cell took 0.0299 seconds
[07-01 19:27:21][DEBUG] jax_fem: Computing cell residual...
[07-01 19:27:22][DEBUG] jax_fem: Function split_and_compute_cell took 0.0714 seconds
[07-01 19:27:22][INFO] jax_fem: CuDSS backward: solving adjoint problem …
[07-01 19:27:22][DEBUG] jax_fem: DeviceProblem: computing Jacobian on device
[07-01 19:27:22][DEBUG] jax_fem: Function split_and_compute_cell took 0.0399 seconds
[07-01 19:27:22][DEBUG] jax_fem: Computing cell residual...
[07-01 19:27:22][DEBUG] jax_fem: Function split_and_compute_cell took 0.0617 seconds
[07-01 19:27:22][INFO] jax_fem: CuDSS backward: solving adjoint problem …
[07-01 19:27:22][DEBUG] jax_fem: DeviceProblem: computing Jacobian on device
[07-01 19:27:22][DEBUG] jax_fem: Function split_and_compute_cell took 0.0579 seconds
[07-01 19:27:22][DEBUG] jax_fem: Computing cell residual...
[07-01 19:27:22][DEBUG] jax_fem: Function split_and_compute_cell took 0.0724 seconds
[07-01 19:27:23][INFO] jax_fem: CuDSS backward: solving adjoint problem …
[07-01 19:27:23][DEBUG] jax_fem: DeviceProblem: computing Jacobian on device
[07-01 19:27:23][DEBUG] jax_fem: Function split_and_compute_cell took 0.0298 seconds
[07-01 19:27:23][DEBUG] jax_fem: Computing cell residual...
[07-01 19:27:23][DEBUG] jax_fem: Function split_and_compute_cell took 0.0610 seconds
[07-01 19:27:23][INFO] jax_fem: CuDSS backward: solving adjoint problem …
[07-01 19:27:23][DEBUG] jax_fem: DeviceProblem: computing Jacobian on device
[07-01 19:27:23][DEBUG] jax_fem: Function split_and_compute_cell took 0.0397 seconds
[07-01 19:27:23][DEBUG] jax_fem: Computing cell residual...
[07-01 19:27:23][DEBUG] jax_fem: Function split_and_compute_cell took 0.0698 seconds
[07-01 19:27:25][DEBUG] jax_fem: CuDSSNewtonSolver: starting Newton loop
[07-01 19:27:25][DEBUG] jax_fem: DeviceProblem: computing Jacobian on device
[07-01 19:27:25][DEBUG] jax_fem: Function split_and_compute_cell took 0.0355 seconds
[07-01 19:27:25][DEBUG] jax_fem: CuDSSNewtonSolver: initial residual = 2.235e+08
[07-01 19:27:25][DEBUG] jax_fem: DeviceProblem: computing Jacobian on device
[07-01 19:27:25][DEBUG] jax_fem: Function split_and_compute_cell took 0.0288 seconds
[07-01 19:27:25][DEBUG] jax_fem: CuDSSNewtonSolver: iter=1  res=7.195e-06  rel=3.219e-14
[07-01 19:27:25][INFO] jax_fem: CuDSSNewtonSolver: solve finished in 0.10s  res=7.195e-06
[07-01 19:27:25][DEBUG] jax_fem: CuDSSNewtonSolver: starting Newton loop
[07-01 19:27:25][DEBUG] jax_fem: DeviceProblem: computing Jacobian on device
[07-01 19:27:25][DEBUG] jax_fem: Function split_and_compute_cell took 0.0307 seconds
[07-01 19:27:25][DEBUG] jax_fem: CuDSSNewtonSolver: initial residual = 2.217e+08
[07-01 19:27:25][DEBUG] jax_fem: DeviceProblem: computing Jacobian on device
[07-01 19:27:25][DEBUG] jax_fem: Function split_and_compute_cell took 0.0276 seconds
[07-01 19:27:25][DEBUG] jax_fem: CuDSSNewtonSolver: iter=1  res=1.024e-05  rel=4.622e-14
[07-01 19:27:25][INFO] jax_fem: CuDSSNewtonSolver: solve finished in 0.10s  res=1.024e-05
[07-01 19:27:25][DEBUG] jax_fem: CuDSSNewtonSolver: starting Newton loop
[07-01 19:27:25][DEBUG] jax_fem: DeviceProblem: computing Jacobian on device
[07-01 19:27:25][DEBUG] jax_fem: Function split_and_compute_cell took 0.0277 seconds
[07-01 19:27:25][DEBUG] jax_fem: CuDSSNewtonSolver: initial residual = 2.211e+08
[07-01 19:27:25][DEBUG] jax_fem: DeviceProblem: computing Jacobian on device
[07-01 19:27:25][DEBUG] jax_fem: Function split_and_compute_cell took 0.0402 seconds
[07-01 19:27:25][DEBUG] jax_fem: CuDSSNewtonSolver: iter=1  res=7.414e-06  rel=3.354e-14
[07-01 19:27:25][INFO] jax_fem: CuDSSNewtonSolver: solve finished in 0.11s  res=7.414e-06
[07-01 19:27:26][DEBUG] jax_fem: CuDSSNewtonSolver: starting Newton loop
[07-01 19:27:26][DEBUG] jax_fem: DeviceProblem: computing Jacobian on device
[07-01 19:27:26][DEBUG] jax_fem: Function split_and_compute_cell took 0.0364 seconds
[07-01 19:27:26][DEBUG] jax_fem: CuDSSNewtonSolver: initial residual = 2.237e+08
[07-01 19:27:26][DEBUG] jax_fem: DeviceProblem: computing Jacobian on device
[07-01 19:27:26][DEBUG] jax_fem: Function split_and_compute_cell took 0.0324 seconds
[07-01 19:27:26][DEBUG] jax_fem: CuDSSNewtonSolver: iter=1  res=2.094e-05  rel=9.363e-14
[07-01 19:27:26][INFO] jax_fem: CuDSSNewtonSolver: solve finished in 0.11s  res=2.094e-05
[07-01 19:27:26][DEBUG] jax_fem: CuDSSNewtonSolver: starting Newton loop
[07-01 19:27:26][DEBUG] jax_fem: DeviceProblem: computing Jacobian on device
[07-01 19:27:26][DEBUG] jax_fem: Function split_and_compute_cell took 0.0445 seconds
[07-01 19:27:26][DEBUG] jax_fem: CuDSSNewtonSolver: initial residual = 2.223e+08
[07-01 19:27:26][DEBUG] jax_fem: DeviceProblem: computing Jacobian on device
[07-01 19:27:26][DEBUG] jax_fem: Function split_and_compute_cell took 0.0407 seconds
[07-01 19:27:26][DEBUG] jax_fem: CuDSSNewtonSolver: iter=1  res=7.815e-06  rel=3.515e-14
[07-01 19:27:26][INFO] jax_fem: CuDSSNewtonSolver: solve finished in 0.13s  res=7.815e-06
[07-01 19:27:28][DEBUG] jax_fem: CuDSSNewtonSolver: starting Newton loop
[07-01 19:27:28][DEBUG] jax_fem: DeviceProblem: computing Jacobian on device
[07-01 19:27:28][DEBUG] jax_fem: Function split_and_compute_cell took 0.0289 seconds
[07-01 19:27:28][DEBUG] jax_fem: CuDSSNewtonSolver: initial residual = 2.235e+08
[07-01 19:27:28][DEBUG] jax_fem: DeviceProblem: computing Jacobian on device
[07-01 19:27:28][DEBUG] jax_fem: Function split_and_compute_cell took 0.0310 seconds
[07-01 19:27:28][DEBUG] jax_fem: CuDSSNewtonSolver: iter=1  res=7.258e-06  rel=3.247e-14
[07-01 19:27:28][INFO] jax_fem: CuDSSNewtonSolver: solve finished in 0.09s  res=7.258e-06
[07-01 19:27:28][DEBUG] jax_fem: CuDSSNewtonSolver: starting Newton loop
[07-01 19:27:28][DEBUG] jax_fem: DeviceProblem: computing Jacobian on device
[07-01 19:27:28][DEBUG] jax_fem: Function split_and_compute_cell took 0.0286 seconds
[07-01 19:27:28][DEBUG] jax_fem: CuDSSNewtonSolver: initial residual = 2.217e+08
[07-01 19:27:28][DEBUG] jax_fem: DeviceProblem: computing Jacobian on device
[07-01 19:27:28][DEBUG] jax_fem: Function split_and_compute_cell took 0.0279 seconds
[07-01 19:27:28][DEBUG] jax_fem: CuDSSNewtonSolver: iter=1  res=1.056e-05  rel=4.765e-14
[07-01 19:27:28][INFO] jax_fem: CuDSSNewtonSolver: solve finished in 0.09s  res=1.056e-05
[07-01 19:27:29][DEBUG] jax_fem: CuDSSNewtonSolver: starting Newton loop
[07-01 19:27:29][DEBUG] jax_fem: DeviceProblem: computing Jacobian on device
[07-01 19:27:29][DEBUG] jax_fem: Function split_and_compute_cell took 0.0289 seconds
[07-01 19:27:29][DEBUG] jax_fem: CuDSSNewtonSolver: initial residual = 2.211e+08
[07-01 19:27:29][DEBUG] jax_fem: DeviceProblem: computing Jacobian on device
[07-01 19:27:29][DEBUG] jax_fem: Function split_and_compute_cell took 0.0285 seconds
[07-01 19:27:29][DEBUG] jax_fem: CuDSSNewtonSolver: iter=1  res=7.153e-06  rel=3.235e-14
[07-01 19:27:29][INFO] jax_fem: CuDSSNewtonSolver: solve finished in 0.09s  res=7.153e-06
[07-01 19:27:30][DEBUG] jax_fem: CuDSSNewtonSolver: starting Newton loop
[07-01 19:27:30][DEBUG] jax_fem: DeviceProblem: computing Jacobian on device
[07-01 19:27:30][DEBUG] jax_fem: Function split_and_compute_cell took 0.0301 seconds
[07-01 19:27:30][DEBUG] jax_fem: CuDSSNewtonSolver: initial residual = 2.237e+08
[07-01 19:27:30][DEBUG] jax_fem: DeviceProblem: computing Jacobian on device
[07-01 19:27:30][DEBUG] jax_fem: Function split_and_compute_cell took 0.0286 seconds
[07-01 19:27:30][DEBUG] jax_fem: CuDSSNewtonSolver: iter=1  res=2.039e-05  rel=9.117e-14
[07-01 19:27:30][INFO] jax_fem: CuDSSNewtonSolver: solve finished in 0.09s  res=2.039e-05
[07-01 19:27:30][DEBUG] jax_fem: CuDSSNewtonSolver: starting Newton loop
[07-01 19:27:30][DEBUG] jax_fem: DeviceProblem: computing Jacobian on device
[07-01 19:27:30][DEBUG] jax_fem: Function split_and_compute_cell took 0.0288 seconds
[07-01 19:27:30][DEBUG] jax_fem: CuDSSNewtonSolver: initial residual = 2.223e+08
[07-01 19:27:30][DEBUG] jax_fem: DeviceProblem: computing Jacobian on device
[07-01 19:27:30][DEBUG] jax_fem: Function split_and_compute_cell took 0.0286 seconds
[07-01 19:27:30][DEBUG] jax_fem: CuDSSNewtonSolver: iter=1  res=7.482e-06  rel=3.365e-14
[07-01 19:27:30][INFO] jax_fem: CuDSSNewtonSolver: solve finished in 0.09s  res=7.482e-06
[07-01 19:27:30][INFO] jax_fem: CuDSS backward: solving adjoint problem …
[07-01 19:27:30][DEBUG] jax_fem: DeviceProblem: computing Jacobian on device
[07-01 19:27:30][DEBUG] jax_fem: Function split_and_compute_cell took 0.0518 seconds
[07-01 19:27:30][DEBUG] jax_fem: Computing cell residual...
[07-01 19:27:31][DEBUG] jax_fem: Function split_and_compute_cell took 0.0625 seconds
[07-01 19:27:31][INFO] jax_fem: CuDSS backward: solving adjoint problem …
[07-01 19:27:31][DEBUG] jax_fem: DeviceProblem: computing Jacobian on device
[07-01 19:27:31][DEBUG] jax_fem: Function split_and_compute_cell took 0.0337 seconds
[07-01 19:27:31][DEBUG] jax_fem: Computing cell residual...
[07-01 19:27:31][DEBUG] jax_fem: Function split_and_compute_cell took 0.0660 seconds
[07-01 19:27:31][INFO] jax_fem: CuDSS backward: solving adjoint problem …
[07-01 19:27:31][DEBUG] jax_fem: DeviceProblem: computing Jacobian on device
[07-01 19:27:31][DEBUG] jax_fem: Function split_and_compute_cell took 0.0324 seconds
[07-01 19:27:31][DEBUG] jax_fem: Computing cell residual...
[07-01 19:27:31][DEBUG] jax_fem: Function split_and_compute_cell took 0.0608 seconds
[07-01 19:27:32][INFO] jax_fem: CuDSS backward: solving adjoint problem …
[07-01 19:27:32][DEBUG] jax_fem: DeviceProblem: computing Jacobian on device
[07-01 19:27:32][DEBUG] jax_fem: Function split_and_compute_cell took 0.0328 seconds
[07-01 19:27:32][DEBUG] jax_fem: Computing cell residual...
[07-01 19:27:32][DEBUG] jax_fem: Function split_and_compute_cell took 0.0705 seconds
[07-01 19:27:32][INFO] jax_fem: CuDSS backward: solving adjoint problem …
[07-01 19:27:32][DEBUG] jax_fem: DeviceProblem: computing Jacobian on device
[07-01 19:27:32][DEBUG] jax_fem: Function split_and_compute_cell took 0.0350 seconds
[07-01 19:27:32][DEBUG] jax_fem: Computing cell residual...
[07-01 19:27:32][DEBUG] jax_fem: Function split_and_compute_cell took 0.0642 seconds
[07-01 19:27:34][DEBUG] jax_fem: CuDSSNewtonSolver: starting Newton loop
[07-01 19:27:34][DEBUG] jax_fem: DeviceProblem: computing Jacobian on device
[07-01 19:27:34][DEBUG] jax_fem: Function split_and_compute_cell took 0.0326 seconds
[07-01 19:27:34][DEBUG] jax_fem: CuDSSNewtonSolver: initial residual = 2.235e+08
[07-01 19:27:34][DEBUG] jax_fem: DeviceProblem: computing Jacobian on device
[07-01 19:27:34][DEBUG] jax_fem: Function split_and_compute_cell took 0.0351 seconds
[07-01 19:27:34][DEBUG] jax_fem: CuDSSNewtonSolver: iter=1  res=6.992e-06  rel=3.128e-14
[07-01 19:27:34][INFO] jax_fem: CuDSSNewtonSolver: solve finished in 0.11s  res=6.992e-06
[07-01 19:27:34][DEBUG] jax_fem: CuDSSNewtonSolver: starting Newton loop
[07-01 19:27:34][DEBUG] jax_fem: DeviceProblem: computing Jacobian on device
[07-01 19:27:34][DEBUG] jax_fem: Function split_and_compute_cell took 0.0447 seconds
[07-01 19:27:34][DEBUG] jax_fem: CuDSSNewtonSolver: initial residual = 2.217e+08
[07-01 19:27:34][DEBUG] jax_fem: DeviceProblem: computing Jacobian on device
[07-01 19:27:34][DEBUG] jax_fem: Function split_and_compute_cell took 0.0421 seconds
[07-01 19:27:34][DEBUG] jax_fem: CuDSSNewtonSolver: iter=1  res=9.490e-06  rel=4.281e-14
[07-01 19:27:34][INFO] jax_fem: CuDSSNewtonSolver: solve finished in 0.13s  res=9.490e-06
[07-01 19:27:34][DEBUG] jax_fem: CuDSSNewtonSolver: starting Newton loop
[07-01 19:27:34][DEBUG] jax_fem: DeviceProblem: computing Jacobian on device
[07-01 19:27:34][DEBUG] jax_fem: Function split_and_compute_cell took 0.0472 seconds
[07-01 19:27:34][DEBUG] jax_fem: CuDSSNewtonSolver: initial residual = 2.211e+08
[07-01 19:27:34][DEBUG] jax_fem: DeviceProblem: computing Jacobian on device
[07-01 19:27:35][DEBUG] jax_fem: Function split_and_compute_cell took 0.0302 seconds
[07-01 19:27:35][DEBUG] jax_fem: CuDSSNewtonSolver: iter=1  res=7.348e-06  rel=3.324e-14
[07-01 19:27:35][INFO] jax_fem: CuDSSNewtonSolver: solve finished in 0.12s  res=7.348e-06
[07-01 19:27:35][DEBUG] jax_fem: CuDSSNewtonSolver: starting Newton loop
[07-01 19:27:35][DEBUG] jax_fem: DeviceProblem: computing Jacobian on device
[07-01 19:27:35][DEBUG] jax_fem: Function split_and_compute_cell took 0.0288 seconds
[07-01 19:27:35][DEBUG] jax_fem: CuDSSNewtonSolver: initial residual = 2.237e+08
[07-01 19:27:35][DEBUG] jax_fem: DeviceProblem: computing Jacobian on device
[07-01 19:27:35][DEBUG] jax_fem: Function split_and_compute_cell took 0.0431 seconds
[07-01 19:27:35][DEBUG] jax_fem: CuDSSNewtonSolver: iter=1  res=1.939e-05  rel=8.669e-14
[07-01 19:27:35][INFO] jax_fem: CuDSSNewtonSolver: solve finished in 0.11s  res=1.939e-05
[07-01 19:27:35][DEBUG] jax_fem: CuDSSNewtonSolver: starting Newton loop
[07-01 19:27:35][DEBUG] jax_fem: DeviceProblem: computing Jacobian on device
[07-01 19:27:35][DEBUG] jax_fem: Function split_and_compute_cell took 0.0299 seconds
[07-01 19:27:35][DEBUG] jax_fem: CuDSSNewtonSolver: initial residual = 2.223e+08
[07-01 19:27:35][DEBUG] jax_fem: DeviceProblem: computing Jacobian on device
[07-01 19:27:35][DEBUG] jax_fem: Function split_and_compute_cell took 0.0269 seconds
[07-01 19:27:35][DEBUG] jax_fem: CuDSSNewtonSolver: iter=1  res=7.364e-06  rel=3.312e-14
[07-01 19:27:35][INFO] jax_fem: CuDSSNewtonSolver: solve finished in 0.09s  res=7.364e-06
[07-01 19:27:37][DEBUG] jax_fem: CuDSSNewtonSolver: starting Newton loop
[07-01 19:27:37][DEBUG] jax_fem: DeviceProblem: computing Jacobian on device
[07-01 19:27:37][DEBUG] jax_fem: Function split_and_compute_cell took 0.0288 seconds
[07-01 19:27:37][DEBUG] jax_fem: CuDSSNewtonSolver: initial residual = 2.235e+08
[07-01 19:27:37][DEBUG] jax_fem: DeviceProblem: computing Jacobian on device
[07-01 19:27:37][DEBUG] jax_fem: Function split_and_compute_cell took 0.0289 seconds
[07-01 19:27:37][DEBUG] jax_fem: CuDSSNewtonSolver: iter=1  res=6.865e-06  rel=3.072e-14
[07-01 19:27:37][INFO] jax_fem: CuDSSNewtonSolver: solve finished in 0.09s  res=6.865e-06
[07-01 19:27:38][DEBUG] jax_fem: CuDSSNewtonSolver: starting Newton loop
[07-01 19:27:38][DEBUG] jax_fem: DeviceProblem: computing Jacobian on device
[07-01 19:27:38][DEBUG] jax_fem: Function split_and_compute_cell took 0.0278 seconds
[07-01 19:27:38][DEBUG] jax_fem: CuDSSNewtonSolver: initial residual = 2.217e+08
[07-01 19:27:38][DEBUG] jax_fem: DeviceProblem: computing Jacobian on device
[07-01 19:27:38][DEBUG] jax_fem: Function split_and_compute_cell took 0.0288 seconds
[07-01 19:27:38][DEBUG] jax_fem: CuDSSNewtonSolver: iter=1  res=9.706e-06  rel=4.379e-14
[07-01 19:27:38][INFO] jax_fem: CuDSSNewtonSolver: solve finished in 0.09s  res=9.706e-06
[07-01 19:27:38][DEBUG] jax_fem: CuDSSNewtonSolver: starting Newton loop
[07-01 19:27:38][DEBUG] jax_fem: DeviceProblem: computing Jacobian on device
[07-01 19:27:38][DEBUG] jax_fem: Function split_and_compute_cell took 0.0277 seconds
[07-01 19:27:38][DEBUG] jax_fem: CuDSSNewtonSolver: initial residual = 2.211e+08
[07-01 19:27:38][DEBUG] jax_fem: DeviceProblem: computing Jacobian on device
[07-01 19:27:38][DEBUG] jax_fem: Function split_and_compute_cell took 0.0276 seconds
[07-01 19:27:38][DEBUG] jax_fem: CuDSSNewtonSolver: iter=1  res=7.602e-06  rel=3.439e-14
[07-01 19:27:38][INFO] jax_fem: CuDSSNewtonSolver: solve finished in 0.09s  res=7.602e-06
[07-01 19:27:39][DEBUG] jax_fem: CuDSSNewtonSolver: starting Newton loop
[07-01 19:27:39][DEBUG] jax_fem: DeviceProblem: computing Jacobian on device
[07-01 19:27:39][DEBUG] jax_fem: Function split_and_compute_cell took 0.0283 seconds
[07-01 19:27:39][DEBUG] jax_fem: CuDSSNewtonSolver: initial residual = 2.237e+08
[07-01 19:27:39][DEBUG] jax_fem: DeviceProblem: computing Jacobian on device
[07-01 19:27:39][DEBUG] jax_fem: Function split_and_compute_cell took 0.0272 seconds
[07-01 19:27:39][DEBUG] jax_fem: CuDSSNewtonSolver: iter=1  res=1.981e-05  rel=8.859e-14
[07-01 19:27:39][INFO] jax_fem: CuDSSNewtonSolver: solve finished in 0.09s  res=1.981e-05
[07-01 19:27:39][DEBUG] jax_fem: CuDSSNewtonSolver: starting Newton loop
[07-01 19:27:39][DEBUG] jax_fem: DeviceProblem: computing Jacobian on device
[07-01 19:27:39][DEBUG] jax_fem: Function split_and_compute_cell took 0.0280 seconds
[07-01 19:27:39][DEBUG] jax_fem: CuDSSNewtonSolver: initial residual = 2.223e+08
[07-01 19:27:39][DEBUG] jax_fem: DeviceProblem: computing Jacobian on device
[07-01 19:27:40][DEBUG] jax_fem: Function split_and_compute_cell took 0.0271 seconds
[07-01 19:27:40][DEBUG] jax_fem: CuDSSNewtonSolver: iter=1  res=7.819e-06  rel=3.517e-14
[07-01 19:27:40][INFO] jax_fem: CuDSSNewtonSolver: solve finished in 0.09s  res=7.819e-06
[07-01 19:27:40][INFO] jax_fem: CuDSS backward: solving adjoint problem …
[07-01 19:27:40][DEBUG] jax_fem: DeviceProblem: computing Jacobian on device
[07-01 19:27:40][DEBUG] jax_fem: Function split_and_compute_cell took 0.0348 seconds
[07-01 19:27:40][DEBUG] jax_fem: Computing cell residual...
[07-01 19:27:40][DEBUG] jax_fem: Function split_and_compute_cell took 0.0527 seconds
[07-01 19:27:40][INFO] jax_fem: CuDSS backward: solving adjoint problem …
[07-01 19:27:40][DEBUG] jax_fem: DeviceProblem: computing Jacobian on device
[07-01 19:27:40][DEBUG] jax_fem: Function split_and_compute_cell took 0.0325 seconds
[07-01 19:27:40][DEBUG] jax_fem: Computing cell residual...
[07-01 19:27:40][DEBUG] jax_fem: Function split_and_compute_cell took 0.0631 seconds
[07-01 19:27:40][INFO] jax_fem: CuDSS backward: solving adjoint problem …
[07-01 19:27:40][DEBUG] jax_fem: DeviceProblem: computing Jacobian on device
[07-01 19:27:40][DEBUG] jax_fem: Function split_and_compute_cell took 0.0464 seconds
[07-01 19:27:40][DEBUG] jax_fem: Computing cell residual...
[07-01 19:27:40][DEBUG] jax_fem: Function split_and_compute_cell took 0.0683 seconds
[07-01 19:27:41][INFO] jax_fem: CuDSS backward: solving adjoint problem …
[07-01 19:27:41][DEBUG] jax_fem: DeviceProblem: computing Jacobian on device
[07-01 19:27:41][DEBUG] jax_fem: Function split_and_compute_cell took 0.0279 seconds
[07-01 19:27:41][DEBUG] jax_fem: Computing cell residual...
[07-01 19:27:41][DEBUG] jax_fem: Function split_and_compute_cell took 0.0578 seconds
[07-01 19:27:41][INFO] jax_fem: CuDSS backward: solving adjoint problem …
[07-01 19:27:41][DEBUG] jax_fem: DeviceProblem: computing Jacobian on device
[07-01 19:27:41][DEBUG] jax_fem: Function split_and_compute_cell took 0.0359 seconds
[07-01 19:27:41][DEBUG] jax_fem: Computing cell residual...
[07-01 19:27:41][DEBUG] jax_fem: Function split_and_compute_cell took 0.0639 seconds
[07-01 19:27:43][DEBUG] jax_fem: CuDSSNewtonSolver: starting Newton loop
[07-01 19:27:43][DEBUG] jax_fem: DeviceProblem: computing Jacobian on device
[07-01 19:27:43][DEBUG] jax_fem: Function split_and_compute_cell took 0.0522 seconds
[07-01 19:27:43][DEBUG] jax_fem: CuDSSNewtonSolver: initial residual = 2.235e+08
[07-01 19:27:43][DEBUG] jax_fem: DeviceProblem: computing Jacobian on device
[07-01 19:27:43][DEBUG] jax_fem: Function split_and_compute_cell took 0.0379 seconds
[07-01 19:27:43][DEBUG] jax_fem: CuDSSNewtonSolver: iter=1  res=6.946e-06  rel=3.108e-14
[07-01 19:27:43][INFO] jax_fem: CuDSSNewtonSolver: solve finished in 0.13s  res=6.946e-06
[07-01 19:27:43][DEBUG] jax_fem: CuDSSNewtonSolver: starting Newton loop
[07-01 19:27:43][DEBUG] jax_fem: DeviceProblem: computing Jacobian on device
[07-01 19:27:43][DEBUG] jax_fem: Function split_and_compute_cell took 0.0458 seconds
[07-01 19:27:43][DEBUG] jax_fem: CuDSSNewtonSolver: initial residual = 2.217e+08
[07-01 19:27:43][DEBUG] jax_fem: DeviceProblem: computing Jacobian on device
[07-01 19:27:43][DEBUG] jax_fem: Function split_and_compute_cell took 0.0446 seconds
[07-01 19:27:43][DEBUG] jax_fem: CuDSSNewtonSolver: iter=1  res=9.922e-06  rel=4.476e-14
[07-01 19:27:43][INFO] jax_fem: CuDSSNewtonSolver: solve finished in 0.13s  res=9.922e-06
[07-01 19:27:44][DEBUG] jax_fem: CuDSSNewtonSolver: starting Newton loop
[07-01 19:27:44][DEBUG] jax_fem: DeviceProblem: computing Jacobian on device
[07-01 19:27:44][DEBUG] jax_fem: Function split_and_compute_cell took 0.0497 seconds
[07-01 19:27:44][DEBUG] jax_fem: CuDSSNewtonSolver: initial residual = 2.211e+08
[07-01 19:27:44][DEBUG] jax_fem: DeviceProblem: computing Jacobian on device
[07-01 19:27:44][DEBUG] jax_fem: Function split_and_compute_cell took 0.0310 seconds
[07-01 19:27:44][DEBUG] jax_fem: CuDSSNewtonSolver: iter=1  res=7.387e-06  rel=3.341e-14
[07-01 19:27:44][INFO] jax_fem: CuDSSNewtonSolver: solve finished in 0.12s  res=7.387e-06
[07-01 19:27:44][DEBUG] jax_fem: CuDSSNewtonSolver: starting Newton loop
[07-01 19:27:44][DEBUG] jax_fem: DeviceProblem: computing Jacobian on device
[07-01 19:27:44][DEBUG] jax_fem: Function split_and_compute_cell took 0.0385 seconds
[07-01 19:27:44][DEBUG] jax_fem: CuDSSNewtonSolver: initial residual = 2.237e+08
[07-01 19:27:44][DEBUG] jax_fem: DeviceProblem: computing Jacobian on device
[07-01 19:27:44][DEBUG] jax_fem: Function split_and_compute_cell took 0.0323 seconds
[07-01 19:27:44][DEBUG] jax_fem: CuDSSNewtonSolver: iter=1  res=1.768e-05  rel=7.902e-14
[07-01 19:27:44][INFO] jax_fem: CuDSSNewtonSolver: solve finished in 0.11s  res=1.768e-05
[07-01 19:27:44][DEBUG] jax_fem: CuDSSNewtonSolver: starting Newton loop
[07-01 19:27:44][DEBUG] jax_fem: DeviceProblem: computing Jacobian on device
[07-01 19:27:44][DEBUG] jax_fem: Function split_and_compute_cell took 0.0305 seconds
[07-01 19:27:44][DEBUG] jax_fem: CuDSSNewtonSolver: initial residual = 2.223e+08
[07-01 19:27:44][DEBUG] jax_fem: DeviceProblem: computing Jacobian on device
[07-01 19:27:44][DEBUG] jax_fem: Function split_and_compute_cell took 0.0363 seconds
[07-01 19:27:44][DEBUG] jax_fem: CuDSSNewtonSolver: iter=1  res=7.468e-06  rel=3.359e-14
[07-01 19:27:44][INFO] jax_fem: CuDSSNewtonSolver: solve finished in 0.11s  res=7.468e-06
[07-01 19:27:46][DEBUG] jax_fem: CuDSSNewtonSolver: starting Newton loop
[07-01 19:27:46][DEBUG] jax_fem: DeviceProblem: computing Jacobian on device
[07-01 19:27:46][DEBUG] jax_fem: Function split_and_compute_cell took 0.0279 seconds
[07-01 19:27:46][DEBUG] jax_fem: CuDSSNewtonSolver: initial residual = 2.235e+08
[07-01 19:27:46][DEBUG] jax_fem: DeviceProblem: computing Jacobian on device
[07-01 19:27:46][DEBUG] jax_fem: Function split_and_compute_cell took 0.0264 seconds
[07-01 19:27:46][DEBUG] jax_fem: CuDSSNewtonSolver: iter=1  res=6.784e-06  rel=3.035e-14
[07-01 19:27:46][INFO] jax_fem: CuDSSNewtonSolver: solve finished in 0.09s  res=6.784e-06
[07-01 19:27:47][DEBUG] jax_fem: CuDSSNewtonSolver: starting Newton loop
[07-01 19:27:47][DEBUG] jax_fem: DeviceProblem: computing Jacobian on device
[07-01 19:27:47][DEBUG] jax_fem: Function split_and_compute_cell took 0.0282 seconds
[07-01 19:27:47][DEBUG] jax_fem: CuDSSNewtonSolver: initial residual = 2.217e+08
[07-01 19:27:47][DEBUG] jax_fem: DeviceProblem: computing Jacobian on device
[07-01 19:27:47][DEBUG] jax_fem: Function split_and_compute_cell took 0.0297 seconds
[07-01 19:27:47][DEBUG] jax_fem: CuDSSNewtonSolver: iter=1  res=9.405e-06  rel=4.243e-14
[07-01 19:27:47][INFO] jax_fem: CuDSSNewtonSolver: solve finished in 0.09s  res=9.405e-06
[07-01 19:27:47][DEBUG] jax_fem: CuDSSNewtonSolver: starting Newton loop
[07-01 19:27:47][DEBUG] jax_fem: DeviceProblem: computing Jacobian on device
[07-01 19:27:47][DEBUG] jax_fem: Function split_and_compute_cell took 0.0294 seconds
[07-01 19:27:47][DEBUG] jax_fem: CuDSSNewtonSolver: initial residual = 2.211e+08
[07-01 19:27:47][DEBUG] jax_fem: DeviceProblem: computing Jacobian on device
[07-01 19:27:48][DEBUG] jax_fem: Function split_and_compute_cell took 0.0398 seconds
[07-01 19:27:48][DEBUG] jax_fem: CuDSSNewtonSolver: iter=1  res=7.185e-06  rel=3.250e-14
[07-01 19:27:48][INFO] jax_fem: CuDSSNewtonSolver: solve finished in 0.25s  res=7.185e-06
[07-01 19:27:48][DEBUG] jax_fem: CuDSSNewtonSolver: starting Newton loop
[07-01 19:27:48][DEBUG] jax_fem: DeviceProblem: computing Jacobian on device
[07-01 19:27:48][DEBUG] jax_fem: Function split_and_compute_cell took 0.0265 seconds
[07-01 19:27:48][DEBUG] jax_fem: CuDSSNewtonSolver: initial residual = 2.237e+08
[07-01 19:27:48][DEBUG] jax_fem: DeviceProblem: computing Jacobian on device
[07-01 19:27:48][DEBUG] jax_fem: Function split_and_compute_cell took 0.0283 seconds
[07-01 19:27:48][DEBUG] jax_fem: CuDSSNewtonSolver: iter=1  res=1.700e-05  rel=7.602e-14
[07-01 19:27:48][INFO] jax_fem: CuDSSNewtonSolver: solve finished in 0.09s  res=1.700e-05
[07-01 19:27:49][DEBUG] jax_fem: CuDSSNewtonSolver: starting Newton loop
[07-01 19:27:49][DEBUG] jax_fem: DeviceProblem: computing Jacobian on device
[07-01 19:27:49][DEBUG] jax_fem: Function split_and_compute_cell took 0.0296 seconds
[07-01 19:27:49][DEBUG] jax_fem: CuDSSNewtonSolver: initial residual = 2.223e+08
[07-01 19:27:49][DEBUG] jax_fem: DeviceProblem: computing Jacobian on device
[07-01 19:27:49][DEBUG] jax_fem: Function split_and_compute_cell took 0.0277 seconds
[07-01 19:27:49][DEBUG] jax_fem: CuDSSNewtonSolver: iter=1  res=7.667e-06  rel=3.448e-14
[07-01 19:27:49][INFO] jax_fem: CuDSSNewtonSolver: solve finished in 0.09s  res=7.667e-06
[07-01 19:27:49][INFO] jax_fem: CuDSS backward: solving adjoint problem …
[07-01 19:27:49][DEBUG] jax_fem: DeviceProblem: computing Jacobian on device
[07-01 19:27:49][DEBUG] jax_fem: Function split_and_compute_cell took 0.0351 seconds
[07-01 19:27:49][DEBUG] jax_fem: Computing cell residual...
[07-01 19:27:49][DEBUG] jax_fem: Function split_and_compute_cell took 0.0718 seconds
[07-01 19:27:49][INFO] jax_fem: CuDSS backward: solving adjoint problem …
[07-01 19:27:49][DEBUG] jax_fem: DeviceProblem: computing Jacobian on device
[07-01 19:27:49][DEBUG] jax_fem: Function split_and_compute_cell took 0.0285 seconds
[07-01 19:27:49][DEBUG] jax_fem: Computing cell residual...
[07-01 19:27:49][DEBUG] jax_fem: Function split_and_compute_cell took 0.0596 seconds
[07-01 19:27:50][INFO] jax_fem: CuDSS backward: solving adjoint problem …
[07-01 19:27:50][DEBUG] jax_fem: DeviceProblem: computing Jacobian on device
[07-01 19:27:50][DEBUG] jax_fem: Function split_and_compute_cell took 0.0332 seconds
[07-01 19:27:50][DEBUG] jax_fem: Computing cell residual...
[07-01 19:27:50][DEBUG] jax_fem: Function split_and_compute_cell took 0.0595 seconds
[07-01 19:27:50][INFO] jax_fem: CuDSS backward: solving adjoint problem …
[07-01 19:27:50][DEBUG] jax_fem: DeviceProblem: computing Jacobian on device
[07-01 19:27:50][DEBUG] jax_fem: Function split_and_compute_cell took 0.0326 seconds
[07-01 19:27:50][DEBUG] jax_fem: Computing cell residual...
[07-01 19:27:50][DEBUG] jax_fem: Function split_and_compute_cell took 0.0688 seconds
[07-01 19:27:50][INFO] jax_fem: CuDSS backward: solving adjoint problem …
[07-01 19:27:50][DEBUG] jax_fem: DeviceProblem: computing Jacobian on device
[07-01 19:27:50][DEBUG] jax_fem: Function split_and_compute_cell took 0.0457 seconds
[07-01 19:27:50][DEBUG] jax_fem: Computing cell residual...
[07-01 19:27:51][DEBUG] jax_fem: Function split_and_compute_cell took 0.0722 seconds
[07-01 19:27:52][DEBUG] jax_fem: CuDSSNewtonSolver: starting Newton loop
[07-01 19:27:52][DEBUG] jax_fem: DeviceProblem: computing Jacobian on device
[07-01 19:27:52][DEBUG] jax_fem: Function split_and_compute_cell took 0.0343 seconds
[07-01 19:27:52][DEBUG] jax_fem: CuDSSNewtonSolver: initial residual = 2.235e+08
[07-01 19:27:52][DEBUG] jax_fem: DeviceProblem: computing Jacobian on device
[07-01 19:27:52][DEBUG] jax_fem: Function split_and_compute_cell took 0.0334 seconds
[07-01 19:27:52][DEBUG] jax_fem: CuDSSNewtonSolver: iter=1  res=6.630e-06  rel=2.967e-14
[07-01 19:27:52][INFO] jax_fem: CuDSSNewtonSolver: solve finished in 0.10s  res=6.630e-06
[07-01 19:27:52][DEBUG] jax_fem: CuDSSNewtonSolver: starting Newton loop
[07-01 19:27:53][DEBUG] jax_fem: DeviceProblem: computing Jacobian on device
[07-01 19:27:53][DEBUG] jax_fem: Function split_and_compute_cell took 0.0368 seconds
[07-01 19:27:53][DEBUG] jax_fem: CuDSSNewtonSolver: initial residual = 2.217e+08
[07-01 19:27:53][DEBUG] jax_fem: DeviceProblem: computing Jacobian on device
[07-01 19:27:53][DEBUG] jax_fem: Function split_and_compute_cell took 0.0448 seconds
[07-01 19:27:53][DEBUG] jax_fem: CuDSSNewtonSolver: iter=1  res=8.359e-06  rel=3.771e-14
[07-01 19:27:53][INFO] jax_fem: CuDSSNewtonSolver: solve finished in 0.12s  res=8.359e-06
[07-01 19:27:53][DEBUG] jax_fem: CuDSSNewtonSolver: starting Newton loop
[07-01 19:27:53][DEBUG] jax_fem: DeviceProblem: computing Jacobian on device
[07-01 19:27:53][DEBUG] jax_fem: Function split_and_compute_cell took 0.0529 seconds
[07-01 19:27:53][DEBUG] jax_fem: CuDSSNewtonSolver: initial residual = 2.211e+08
[07-01 19:27:53][DEBUG] jax_fem: DeviceProblem: computing Jacobian on device
[07-01 19:27:53][DEBUG] jax_fem: Function split_and_compute_cell took 0.0424 seconds
[07-01 19:27:53][DEBUG] jax_fem: CuDSSNewtonSolver: iter=1  res=7.398e-06  rel=3.346e-14
[07-01 19:27:53][INFO] jax_fem: CuDSSNewtonSolver: solve finished in 0.14s  res=7.398e-06
[07-01 19:27:53][DEBUG] jax_fem: CuDSSNewtonSolver: starting Newton loop
[07-01 19:27:53][DEBUG] jax_fem: DeviceProblem: computing Jacobian on device
[07-01 19:27:53][DEBUG] jax_fem: Function split_and_compute_cell took 0.0262 seconds
[07-01 19:27:53][DEBUG] jax_fem: CuDSSNewtonSolver: initial residual = 2.237e+08
[07-01 19:27:53][DEBUG] jax_fem: DeviceProblem: computing Jacobian on device
[07-01 19:27:53][DEBUG] jax_fem: Function split_and_compute_cell took 0.0323 seconds
[07-01 19:27:53][DEBUG] jax_fem: CuDSSNewtonSolver: iter=1  res=1.328e-05  rel=5.936e-14
[07-01 19:27:53][INFO] jax_fem: CuDSSNewtonSolver: solve finished in 0.10s  res=1.328e-05
[07-01 19:27:54][DEBUG] jax_fem: CuDSSNewtonSolver: starting Newton loop
[07-01 19:27:54][DEBUG] jax_fem: DeviceProblem: computing Jacobian on device
[07-01 19:27:54][DEBUG] jax_fem: Function split_and_compute_cell took 0.0380 seconds
[07-01 19:27:54][DEBUG] jax_fem: CuDSSNewtonSolver: initial residual = 2.223e+08
[07-01 19:27:54][DEBUG] jax_fem: DeviceProblem: computing Jacobian on device
[07-01 19:27:54][DEBUG] jax_fem: Function split_and_compute_cell took 0.0365 seconds
[07-01 19:27:54][DEBUG] jax_fem: CuDSSNewtonSolver: iter=1  res=7.455e-06  rel=3.353e-14
[07-01 19:27:54][INFO] jax_fem: CuDSSNewtonSolver: solve finished in 0.12s  res=7.455e-06
[07-01 19:27:55][DEBUG] jax_fem: CuDSSNewtonSolver: starting Newton loop
[07-01 19:27:55][DEBUG] jax_fem: DeviceProblem: computing Jacobian on device
[07-01 19:27:55][DEBUG] jax_fem: Function split_and_compute_cell took 0.0267 seconds
[07-01 19:27:55][DEBUG] jax_fem: CuDSSNewtonSolver: initial residual = 2.235e+08
[07-01 19:27:55][DEBUG] jax_fem: DeviceProblem: computing Jacobian on device
[07-01 19:27:55][DEBUG] jax_fem: Function split_and_compute_cell took 0.0289 seconds
[07-01 19:27:55][DEBUG] jax_fem: CuDSSNewtonSolver: iter=1  res=6.742e-06  rel=3.017e-14
[07-01 19:27:55][INFO] jax_fem: CuDSSNewtonSolver: solve finished in 0.09s  res=6.742e-06
[07-01 19:27:56][DEBUG] jax_fem: CuDSSNewtonSolver: starting Newton loop
[07-01 19:27:56][DEBUG] jax_fem: DeviceProblem: computing Jacobian on device
[07-01 19:27:56][DEBUG] jax_fem: Function split_and_compute_cell took 0.0288 seconds
[07-01 19:27:56][DEBUG] jax_fem: CuDSSNewtonSolver: initial residual = 2.217e+08
[07-01 19:27:56][DEBUG] jax_fem: DeviceProblem: computing Jacobian on device
[07-01 19:27:56][DEBUG] jax_fem: Function split_and_compute_cell took 0.0283 seconds
[07-01 19:27:56][DEBUG] jax_fem: CuDSSNewtonSolver: iter=1  res=8.223e-06  rel=3.710e-14
[07-01 19:27:56][INFO] jax_fem: CuDSSNewtonSolver: solve finished in 0.09s  res=8.223e-06
[07-01 19:27:57][DEBUG] jax_fem: CuDSSNewtonSolver: starting Newton loop
[07-01 19:27:57][DEBUG] jax_fem: DeviceProblem: computing Jacobian on device
[07-01 19:27:57][DEBUG] jax_fem: Function split_and_compute_cell took 0.0282 seconds
[07-01 19:27:57][DEBUG] jax_fem: CuDSSNewtonSolver: initial residual = 2.211e+08
[07-01 19:27:57][DEBUG] jax_fem: DeviceProblem: computing Jacobian on device
[07-01 19:27:57][DEBUG] jax_fem: Function split_and_compute_cell took 0.0279 seconds
[07-01 19:27:57][DEBUG] jax_fem: CuDSSNewtonSolver: iter=1  res=7.219e-06  rel=3.265e-14
[07-01 19:27:57][INFO] jax_fem: CuDSSNewtonSolver: solve finished in 0.09s  res=7.219e-06
[07-01 19:27:57][DEBUG] jax_fem: CuDSSNewtonSolver: starting Newton loop
[07-01 19:27:57][DEBUG] jax_fem: DeviceProblem: computing Jacobian on device
[07-01 19:27:57][DEBUG] jax_fem: Function split_and_compute_cell took 0.0296 seconds
[07-01 19:27:57][DEBUG] jax_fem: CuDSSNewtonSolver: initial residual = 2.237e+08
[07-01 19:27:57][DEBUG] jax_fem: DeviceProblem: computing Jacobian on device
[07-01 19:27:57][DEBUG] jax_fem: Function split_and_compute_cell took 0.0285 seconds
[07-01 19:27:57][DEBUG] jax_fem: CuDSSNewtonSolver: iter=1  res=1.375e-05  rel=6.145e-14
[07-01 19:27:57][INFO] jax_fem: CuDSSNewtonSolver: solve finished in 0.09s  res=1.375e-05
[07-01 19:27:58][DEBUG] jax_fem: CuDSSNewtonSolver: starting Newton loop
[07-01 19:27:58][DEBUG] jax_fem: DeviceProblem: computing Jacobian on device
[07-01 19:27:58][DEBUG] jax_fem: Function split_and_compute_cell took 0.0277 seconds
[07-01 19:27:58][DEBUG] jax_fem: CuDSSNewtonSolver: initial residual = 2.223e+08
[07-01 19:27:58][DEBUG] jax_fem: DeviceProblem: computing Jacobian on device
[07-01 19:27:58][DEBUG] jax_fem: Function split_and_compute_cell took 0.0286 seconds
[07-01 19:27:58][DEBUG] jax_fem: CuDSSNewtonSolver: iter=1  res=7.452e-06  rel=3.351e-14
[07-01 19:27:58][INFO] jax_fem: CuDSSNewtonSolver: solve finished in 0.09s  res=7.452e-06
[07-01 19:27:58][INFO] jax_fem: CuDSS backward: solving adjoint problem …
[07-01 19:27:58][DEBUG] jax_fem: DeviceProblem: computing Jacobian on device
[07-01 19:27:58][DEBUG] jax_fem: Function split_and_compute_cell took 0.0310 seconds
[07-01 19:27:58][DEBUG] jax_fem: Computing cell residual...
[07-01 19:27:58][DEBUG] jax_fem: Function split_and_compute_cell took 0.2074 seconds
[07-01 19:27:58][INFO] jax_fem: CuDSS backward: solving adjoint problem …
[07-01 19:27:58][DEBUG] jax_fem: DeviceProblem: computing Jacobian on device
[07-01 19:27:59][DEBUG] jax_fem: Function split_and_compute_cell took 0.0537 seconds
[07-01 19:27:59][DEBUG] jax_fem: Computing cell residual...
[07-01 19:27:59][DEBUG] jax_fem: Function split_and_compute_cell took 0.0729 seconds
[07-01 19:27:59][INFO] jax_fem: CuDSS backward: solving adjoint problem …
[07-01 19:27:59][DEBUG] jax_fem: DeviceProblem: computing Jacobian on device
[07-01 19:27:59][DEBUG] jax_fem: Function split_and_compute_cell took 0.0344 seconds
[07-01 19:27:59][DEBUG] jax_fem: Computing cell residual...
[07-01 19:27:59][DEBUG] jax_fem: Function split_and_compute_cell took 0.0695 seconds
[07-01 19:27:59][INFO] jax_fem: CuDSS backward: solving adjoint problem …
[07-01 19:27:59][DEBUG] jax_fem: DeviceProblem: computing Jacobian on device
[07-01 19:27:59][DEBUG] jax_fem: Function split_and_compute_cell took 0.0361 seconds
[07-01 19:27:59][DEBUG] jax_fem: Computing cell residual...
[07-01 19:27:59][DEBUG] jax_fem: Function split_and_compute_cell took 0.0611 seconds
[07-01 19:28:00][INFO] jax_fem: CuDSS backward: solving adjoint problem …
[07-01 19:28:00][DEBUG] jax_fem: DeviceProblem: computing Jacobian on device
[07-01 19:28:00][DEBUG] jax_fem: Function split_and_compute_cell took 0.0408 seconds
[07-01 19:28:00][DEBUG] jax_fem: Computing cell residual...
[07-01 19:28:00][DEBUG] jax_fem: Function split_and_compute_cell took 0.0734 seconds
[07-01 19:28:01][DEBUG] jax_fem: CuDSSNewtonSolver: starting Newton loop
[07-01 19:28:01][DEBUG] jax_fem: DeviceProblem: computing Jacobian on device
[07-01 19:28:01][DEBUG] jax_fem: Function split_and_compute_cell took 0.0318 seconds
[07-01 19:28:01][DEBUG] jax_fem: CuDSSNewtonSolver: initial residual = 2.235e+08
[07-01 19:28:01][DEBUG] jax_fem: DeviceProblem: computing Jacobian on device
[07-01 19:28:01][DEBUG] jax_fem: Function split_and_compute_cell took 0.0504 seconds
[07-01 19:28:01][DEBUG] jax_fem: CuDSSNewtonSolver: iter=1  res=6.715e-06  rel=3.004e-14
[07-01 19:28:01][INFO] jax_fem: CuDSSNewtonSolver: solve finished in 0.12s  res=6.715e-06
[07-01 19:28:02][DEBUG] jax_fem: CuDSSNewtonSolver: starting Newton loop
[07-01 19:28:02][DEBUG] jax_fem: DeviceProblem: computing Jacobian on device
[07-01 19:28:02][DEBUG] jax_fem: Function split_and_compute_cell took 0.0501 seconds
[07-01 19:28:02][DEBUG] jax_fem: CuDSSNewtonSolver: initial residual = 2.217e+08
[07-01 19:28:02][DEBUG] jax_fem: DeviceProblem: computing Jacobian on device
[07-01 19:28:02][DEBUG] jax_fem: Function split_and_compute_cell took 0.0614 seconds
[07-01 19:28:02][DEBUG] jax_fem: CuDSSNewtonSolver: iter=1  res=6.277e-06  rel=2.832e-14
[07-01 19:28:02][INFO] jax_fem: CuDSSNewtonSolver: solve finished in 0.15s  res=6.277e-06
[07-01 19:28:02][DEBUG] jax_fem: CuDSSNewtonSolver: starting Newton loop
[07-01 19:28:02][DEBUG] jax_fem: DeviceProblem: computing Jacobian on device
[07-01 19:28:02][DEBUG] jax_fem: Function split_and_compute_cell took 0.0532 seconds
[07-01 19:28:02][DEBUG] jax_fem: CuDSSNewtonSolver: initial residual = 2.211e+08
[07-01 19:28:02][DEBUG] jax_fem: DeviceProblem: computing Jacobian on device
[07-01 19:28:02][DEBUG] jax_fem: Function split_and_compute_cell took 0.0513 seconds
[07-01 19:28:02][DEBUG] jax_fem: CuDSSNewtonSolver: iter=1  res=7.337e-06  rel=3.319e-14
[07-01 19:28:02][INFO] jax_fem: CuDSSNewtonSolver: solve finished in 0.14s  res=7.337e-06
[07-01 19:28:02][DEBUG] jax_fem: CuDSSNewtonSolver: starting Newton loop
[07-01 19:28:03][DEBUG] jax_fem: DeviceProblem: computing Jacobian on device
[07-01 19:28:03][DEBUG] jax_fem: Function split_and_compute_cell took 0.0538 seconds
[07-01 19:28:03][DEBUG] jax_fem: CuDSSNewtonSolver: initial residual = 2.237e+08
[07-01 19:28:03][DEBUG] jax_fem: DeviceProblem: computing Jacobian on device
[07-01 19:28:03][DEBUG] jax_fem: Function split_and_compute_cell took 0.0367 seconds
[07-01 19:28:03][DEBUG] jax_fem: CuDSSNewtonSolver: iter=1  res=1.713e-05  rel=7.656e-14
[07-01 19:28:03][INFO] jax_fem: CuDSSNewtonSolver: solve finished in 0.14s  res=1.713e-05
[07-01 19:28:03][DEBUG] jax_fem: CuDSSNewtonSolver: starting Newton loop
[07-01 19:28:03][DEBUG] jax_fem: DeviceProblem: computing Jacobian on device
[07-01 19:28:03][DEBUG] jax_fem: Function split_and_compute_cell took 0.0490 seconds
[07-01 19:28:03][DEBUG] jax_fem: CuDSSNewtonSolver: initial residual = 2.223e+08
[07-01 19:28:03][DEBUG] jax_fem: DeviceProblem: computing Jacobian on device
[07-01 19:28:03][DEBUG] jax_fem: Function split_and_compute_cell took 0.0294 seconds
[07-01 19:28:03][DEBUG] jax_fem: CuDSSNewtonSolver: iter=1  res=7.674e-06  rel=3.451e-14
[07-01 19:28:03][INFO] jax_fem: CuDSSNewtonSolver: solve finished in 0.12s  res=7.674e-06
[07-01 19:28:05][DEBUG] jax_fem: CuDSSNewtonSolver: starting Newton loop
[07-01 19:28:05][DEBUG] jax_fem: DeviceProblem: computing Jacobian on device
[07-01 19:28:05][DEBUG] jax_fem: Function split_and_compute_cell took 0.0276 seconds
[07-01 19:28:05][DEBUG] jax_fem: CuDSSNewtonSolver: initial residual = 2.235e+08
[07-01 19:28:05][DEBUG] jax_fem: DeviceProblem: computing Jacobian on device
[07-01 19:28:05][DEBUG] jax_fem: Function split_and_compute_cell took 0.0281 seconds
[07-01 19:28:05][DEBUG] jax_fem: CuDSSNewtonSolver: iter=1  res=6.615e-06  rel=2.960e-14
[07-01 19:28:05][INFO] jax_fem: CuDSSNewtonSolver: solve finished in 0.09s  res=6.615e-06
[07-01 19:28:05][DEBUG] jax_fem: CuDSSNewtonSolver: starting Newton loop
[07-01 19:28:05][DEBUG] jax_fem: DeviceProblem: computing Jacobian on device
[07-01 19:28:05][DEBUG] jax_fem: Function split_and_compute_cell took 0.0300 seconds
[07-01 19:28:05][DEBUG] jax_fem: CuDSSNewtonSolver: initial residual = 2.217e+08
[07-01 19:28:05][DEBUG] jax_fem: DeviceProblem: computing Jacobian on device
[07-01 19:28:05][DEBUG] jax_fem: Function split_and_compute_cell took 0.0276 seconds
[07-01 19:28:05][DEBUG] jax_fem: CuDSSNewtonSolver: iter=1  res=6.224e-06  rel=2.808e-14
[07-01 19:28:05][INFO] jax_fem: CuDSSNewtonSolver: solve finished in 0.09s  res=6.224e-06
[07-01 19:28:06][DEBUG] jax_fem: CuDSSNewtonSolver: starting Newton loop
[07-01 19:28:06][DEBUG] jax_fem: DeviceProblem: computing Jacobian on device
[07-01 19:28:06][DEBUG] jax_fem: Function split_and_compute_cell took 0.0289 seconds
[07-01 19:28:06][DEBUG] jax_fem: CuDSSNewtonSolver: initial residual = 2.211e+08
[07-01 19:28:06][DEBUG] jax_fem: DeviceProblem: computing Jacobian on device
[07-01 19:28:06][DEBUG] jax_fem: Function split_and_compute_cell took 0.0269 seconds
[07-01 19:28:06][DEBUG] jax_fem: CuDSSNewtonSolver: iter=1  res=7.546e-06  rel=3.413e-14
[07-01 19:28:06][INFO] jax_fem: CuDSSNewtonSolver: solve finished in 0.09s  res=7.546e-06
[07-01 19:28:06][DEBUG] jax_fem: CuDSSNewtonSolver: starting Newton loop
[07-01 19:28:06][DEBUG] jax_fem: DeviceProblem: computing Jacobian on device
[07-01 19:28:07][DEBUG] jax_fem: Function split_and_compute_cell took 0.0280 seconds
[07-01 19:28:07][DEBUG] jax_fem: CuDSSNewtonSolver: initial residual = 2.237e+08
[07-01 19:28:07][DEBUG] jax_fem: DeviceProblem: computing Jacobian on device
[07-01 19:28:07][DEBUG] jax_fem: Function split_and_compute_cell took 0.0301 seconds
[07-01 19:28:07][DEBUG] jax_fem: CuDSSNewtonSolver: iter=1  res=1.725e-05  rel=7.711e-14
[07-01 19:28:07][INFO] jax_fem: CuDSSNewtonSolver: solve finished in 0.09s  res=1.725e-05
[07-01 19:28:07][DEBUG] jax_fem: CuDSSNewtonSolver: starting Newton loop
[07-01 19:28:07][DEBUG] jax_fem: DeviceProblem: computing Jacobian on device
[07-01 19:28:07][DEBUG] jax_fem: Function split_and_compute_cell took 0.0279 seconds
[07-01 19:28:07][DEBUG] jax_fem: CuDSSNewtonSolver: initial residual = 2.223e+08
[07-01 19:28:07][DEBUG] jax_fem: DeviceProblem: computing Jacobian on device
[07-01 19:28:07][DEBUG] jax_fem: Function split_and_compute_cell took 0.0285 seconds
[07-01 19:28:07][DEBUG] jax_fem: CuDSSNewtonSolver: iter=1  res=7.961e-06  rel=3.580e-14
[07-01 19:28:07][INFO] jax_fem: CuDSSNewtonSolver: solve finished in 0.09s  res=7.961e-06
[07-01 19:28:07][INFO] jax_fem: CuDSS backward: solving adjoint problem …
[07-01 19:28:07][DEBUG] jax_fem: DeviceProblem: computing Jacobian on device
[07-01 19:28:07][DEBUG] jax_fem: Function split_and_compute_cell took 0.0298 seconds
[07-01 19:28:07][DEBUG] jax_fem: Computing cell residual...
[07-01 19:28:07][DEBUG] jax_fem: Function split_and_compute_cell took 0.0617 seconds
[07-01 19:28:08][INFO] jax_fem: CuDSS backward: solving adjoint problem …
[07-01 19:28:08][DEBUG] jax_fem: DeviceProblem: computing Jacobian on device
[07-01 19:28:08][DEBUG] jax_fem: Function split_and_compute_cell took 0.0501 seconds
[07-01 19:28:08][DEBUG] jax_fem: Computing cell residual...
[07-01 19:28:08][DEBUG] jax_fem: Function split_and_compute_cell took 0.0566 seconds
[07-01 19:28:08][INFO] jax_fem: CuDSS backward: solving adjoint problem …
[07-01 19:28:08][DEBUG] jax_fem: DeviceProblem: computing Jacobian on device
[07-01 19:28:08][DEBUG] jax_fem: Function split_and_compute_cell took 0.0293 seconds
[07-01 19:28:08][DEBUG] jax_fem: Computing cell residual...
[07-01 19:28:08][DEBUG] jax_fem: Function split_and_compute_cell took 0.0663 seconds
[07-01 19:28:08][INFO] jax_fem: CuDSS backward: solving adjoint problem …
[07-01 19:28:08][DEBUG] jax_fem: DeviceProblem: computing Jacobian on device
[07-01 19:28:08][DEBUG] jax_fem: Function split_and_compute_cell took 0.0260 seconds
[07-01 19:28:08][DEBUG] jax_fem: Computing cell residual...
[07-01 19:28:09][DEBUG] jax_fem: Function split_and_compute_cell took 0.0626 seconds
[07-01 19:28:09][INFO] jax_fem: CuDSS backward: solving adjoint problem …
[07-01 19:28:09][DEBUG] jax_fem: DeviceProblem: computing Jacobian on device
[07-01 19:28:09][DEBUG] jax_fem: Function split_and_compute_cell took 0.0338 seconds
[07-01 19:28:09][DEBUG] jax_fem: Computing cell residual...
[07-01 19:28:09][DEBUG] jax_fem: Function split_and_compute_cell took 0.0711 seconds
[07-01 19:28:10][DEBUG] jax_fem: CuDSSNewtonSolver: starting Newton loop
[07-01 19:28:10][DEBUG] jax_fem: DeviceProblem: computing Jacobian on device
[07-01 19:28:11][DEBUG] jax_fem: Function split_and_compute_cell took 0.0462 seconds
[07-01 19:28:11][DEBUG] jax_fem: CuDSSNewtonSolver: initial residual = 2.235e+08
[07-01 19:28:11][DEBUG] jax_fem: DeviceProblem: computing Jacobian on device
[07-01 19:28:11][DEBUG] jax_fem: Function split_and_compute_cell took 0.0407 seconds
[07-01 19:28:11][DEBUG] jax_fem: CuDSSNewtonSolver: iter=1  res=7.937e-06  rel=3.551e-14
[07-01 19:28:11][INFO] jax_fem: CuDSSNewtonSolver: solve finished in 0.13s  res=7.937e-06
[07-01 19:28:11][DEBUG] jax_fem: CuDSSNewtonSolver: starting Newton loop
[07-01 19:28:11][DEBUG] jax_fem: DeviceProblem: computing Jacobian on device
[07-01 19:28:11][DEBUG] jax_fem: Function split_and_compute_cell took 0.0458 seconds
[07-01 19:28:11][DEBUG] jax_fem: CuDSSNewtonSolver: initial residual = 2.217e+08
[07-01 19:28:11][DEBUG] jax_fem: DeviceProblem: computing Jacobian on device
[07-01 19:28:11][DEBUG] jax_fem: Function split_and_compute_cell took 0.0302 seconds
[07-01 19:28:11][DEBUG] jax_fem: CuDSSNewtonSolver: iter=1  res=2.479e-05  rel=1.119e-13
[07-01 19:28:11][INFO] jax_fem: CuDSSNewtonSolver: solve finished in 0.11s  res=2.479e-05
[07-01 19:28:11][DEBUG] jax_fem: CuDSSNewtonSolver: starting Newton loop
[07-01 19:28:11][DEBUG] jax_fem: DeviceProblem: computing Jacobian on device
[07-01 19:28:11][DEBUG] jax_fem: Function split_and_compute_cell took 0.0280 seconds
[07-01 19:28:11][DEBUG] jax_fem: CuDSSNewtonSolver: initial residual = 2.211e+08
[07-01 19:28:11][DEBUG] jax_fem: DeviceProblem: computing Jacobian on device
[07-01 19:28:11][DEBUG] jax_fem: Function split_and_compute_cell took 0.0307 seconds
[07-01 19:28:11][DEBUG] jax_fem: CuDSSNewtonSolver: iter=1  res=7.278e-06  rel=3.292e-14
[07-01 19:28:11][INFO] jax_fem: CuDSSNewtonSolver: solve finished in 0.10s  res=7.278e-06
[07-01 19:28:12][DEBUG] jax_fem: CuDSSNewtonSolver: starting Newton loop
[07-01 19:28:12][DEBUG] jax_fem: DeviceProblem: computing Jacobian on device
[07-01 19:28:12][DEBUG] jax_fem: Function split_and_compute_cell took 0.0442 seconds
[07-01 19:28:12][DEBUG] jax_fem: CuDSSNewtonSolver: initial residual = 2.237e+08
[07-01 19:28:12][DEBUG] jax_fem: DeviceProblem: computing Jacobian on device
[07-01 19:28:12][DEBUG] jax_fem: Function split_and_compute_cell took 0.0432 seconds
[07-01 19:28:12][DEBUG] jax_fem: CuDSSNewtonSolver: iter=1  res=3.080e-05  rel=1.377e-13
[07-01 19:28:12][INFO] jax_fem: CuDSSNewtonSolver: solve finished in 0.13s  res=3.080e-05
[07-01 19:28:12][DEBUG] jax_fem: CuDSSNewtonSolver: starting Newton loop
[07-01 19:28:12][DEBUG] jax_fem: DeviceProblem: computing Jacobian on device
[07-01 19:28:12][DEBUG] jax_fem: Function split_and_compute_cell took 0.0294 seconds
[07-01 19:28:12][DEBUG] jax_fem: CuDSSNewtonSolver: initial residual = 2.223e+08
[07-01 19:28:12][DEBUG] jax_fem: DeviceProblem: computing Jacobian on device
[07-01 19:28:12][DEBUG] jax_fem: Function split_and_compute_cell took 0.0405 seconds
[07-01 19:28:12][DEBUG] jax_fem: CuDSSNewtonSolver: iter=1  res=1.542e-05  rel=6.935e-14
[07-01 19:28:12][INFO] jax_fem: CuDSSNewtonSolver: solve finished in 0.11s  res=1.542e-05
[07-01 19:28:14][DEBUG] jax_fem: CuDSSNewtonSolver: starting Newton loop
[07-01 19:28:14][DEBUG] jax_fem: DeviceProblem: computing Jacobian on device
[07-01 19:28:14][DEBUG] jax_fem: Function split_and_compute_cell took 0.0288 seconds
[07-01 19:28:14][DEBUG] jax_fem: CuDSSNewtonSolver: initial residual = 2.235e+08
[07-01 19:28:14][DEBUG] jax_fem: DeviceProblem: computing Jacobian on device
[07-01 19:28:14][DEBUG] jax_fem: Function split_and_compute_cell took 0.0270 seconds
[07-01 19:28:14][DEBUG] jax_fem: CuDSSNewtonSolver: iter=1  res=7.980e-06  rel=3.570e-14
[07-01 19:28:14][INFO] jax_fem: CuDSSNewtonSolver: solve finished in 0.09s  res=7.980e-06
[07-01 19:28:14][DEBUG] jax_fem: CuDSSNewtonSolver: starting Newton loop
[07-01 19:28:14][DEBUG] jax_fem: DeviceProblem: computing Jacobian on device
[07-01 19:28:14][DEBUG] jax_fem: Function split_and_compute_cell took 0.0269 seconds
[07-01 19:28:14][DEBUG] jax_fem: CuDSSNewtonSolver: initial residual = 2.217e+08
[07-01 19:28:15][DEBUG] jax_fem: DeviceProblem: computing Jacobian on device
[07-01 19:28:15][DEBUG] jax_fem: Function split_and_compute_cell took 0.0285 seconds
[07-01 19:28:15][DEBUG] jax_fem: CuDSSNewtonSolver: iter=1  res=2.507e-05  rel=1.131e-13
[07-01 19:28:15][INFO] jax_fem: CuDSSNewtonSolver: solve finished in 0.09s  res=2.507e-05
[07-01 19:28:15][DEBUG] jax_fem: CuDSSNewtonSolver: starting Newton loop
[07-01 19:28:15][DEBUG] jax_fem: DeviceProblem: computing Jacobian on device
[07-01 19:28:15][DEBUG] jax_fem: Function split_and_compute_cell took 0.0279 seconds
[07-01 19:28:15][DEBUG] jax_fem: CuDSSNewtonSolver: initial residual = 2.211e+08
[07-01 19:28:15][DEBUG] jax_fem: DeviceProblem: computing Jacobian on device
[07-01 19:28:15][DEBUG] jax_fem: Function split_and_compute_cell took 0.0302 seconds
[07-01 19:28:15][DEBUG] jax_fem: CuDSSNewtonSolver: iter=1  res=7.473e-06  rel=3.380e-14
[07-01 19:28:15][INFO] jax_fem: CuDSSNewtonSolver: solve finished in 0.09s  res=7.473e-06
[07-01 19:28:16][DEBUG] jax_fem: CuDSSNewtonSolver: starting Newton loop
[07-01 19:28:16][DEBUG] jax_fem: DeviceProblem: computing Jacobian on device
[07-01 19:28:16][DEBUG] jax_fem: Function split_and_compute_cell took 0.0281 seconds
[07-01 19:28:16][DEBUG] jax_fem: CuDSSNewtonSolver: initial residual = 2.237e+08
[07-01 19:28:16][DEBUG] jax_fem: DeviceProblem: computing Jacobian on device
[07-01 19:28:16][DEBUG] jax_fem: Function split_and_compute_cell took 0.0284 seconds
[07-01 19:28:16][DEBUG] jax_fem: CuDSSNewtonSolver: iter=1  res=2.801e-05  rel=1.252e-13
[07-01 19:28:16][INFO] jax_fem: CuDSSNewtonSolver: solve finished in 0.09s  res=2.801e-05
[07-01 19:28:16][DEBUG] jax_fem: CuDSSNewtonSolver: starting Newton loop
[07-01 19:28:16][DEBUG] jax_fem: DeviceProblem: computing Jacobian on device
[07-01 19:28:16][DEBUG] jax_fem: Function split_and_compute_cell took 0.0267 seconds
[07-01 19:28:16][DEBUG] jax_fem: CuDSSNewtonSolver: initial residual = 2.223e+08
[07-01 19:28:16][DEBUG] jax_fem: DeviceProblem: computing Jacobian on device
[07-01 19:28:16][DEBUG] jax_fem: Function split_and_compute_cell took 0.0270 seconds
[07-01 19:28:16][DEBUG] jax_fem: CuDSSNewtonSolver: iter=1  res=1.535e-05  rel=6.903e-14
[07-01 19:28:16][INFO] jax_fem: CuDSSNewtonSolver: solve finished in 0.09s  res=1.535e-05
[07-01 19:28:16][INFO] jax_fem: CuDSS backward: solving adjoint problem …
[07-01 19:28:16][DEBUG] jax_fem: DeviceProblem: computing Jacobian on device
[07-01 19:28:16][DEBUG] jax_fem: Function split_and_compute_cell took 0.0347 seconds
[07-01 19:28:17][DEBUG] jax_fem: Computing cell residual...
[07-01 19:28:17][DEBUG] jax_fem: Function split_and_compute_cell took 0.0632 seconds
[07-01 19:28:17][INFO] jax_fem: CuDSS backward: solving adjoint problem …
[07-01 19:28:17][DEBUG] jax_fem: DeviceProblem: computing Jacobian on device
[07-01 19:28:17][DEBUG] jax_fem: Function split_and_compute_cell took 0.0461 seconds
[07-01 19:28:17][DEBUG] jax_fem: Computing cell residual...
[07-01 19:28:17][DEBUG] jax_fem: Function split_and_compute_cell took 0.0663 seconds
[07-01 19:28:17][INFO] jax_fem: CuDSS backward: solving adjoint problem …
[07-01 19:28:17][DEBUG] jax_fem: DeviceProblem: computing Jacobian on device
[07-01 19:28:17][DEBUG] jax_fem: Function split_and_compute_cell took 0.0380 seconds
[07-01 19:28:17][DEBUG] jax_fem: Computing cell residual...
[07-01 19:28:17][DEBUG] jax_fem: Function split_and_compute_cell took 0.0608 seconds
[07-01 19:28:18][INFO] jax_fem: CuDSS backward: solving adjoint problem …
[07-01 19:28:18][DEBUG] jax_fem: DeviceProblem: computing Jacobian on device
[07-01 19:28:18][DEBUG] jax_fem: Function split_and_compute_cell took 0.0293 seconds
[07-01 19:28:18][DEBUG] jax_fem: Computing cell residual...
[07-01 19:28:18][DEBUG] jax_fem: Function split_and_compute_cell took 0.0701 seconds
[07-01 19:28:18][INFO] jax_fem: CuDSS backward: solving adjoint problem …
[07-01 19:28:18][DEBUG] jax_fem: DeviceProblem: computing Jacobian on device
[07-01 19:28:18][DEBUG] jax_fem: Function split_and_compute_cell took 0.0313 seconds
[07-01 19:28:18][DEBUG] jax_fem: Computing cell residual...
[07-01 19:28:18][DEBUG] jax_fem: Function split_and_compute_cell took 0.0631 seconds
[07-01 19:28:20][DEBUG] jax_fem: CuDSSNewtonSolver: starting Newton loop
[07-01 19:28:20][DEBUG] jax_fem: DeviceProblem: computing Jacobian on device
[07-01 19:28:20][DEBUG] jax_fem: Function split_and_compute_cell took 0.0410 seconds
[07-01 19:28:20][DEBUG] jax_fem: CuDSSNewtonSolver: initial residual = 2.235e+08
[07-01 19:28:20][DEBUG] jax_fem: DeviceProblem: computing Jacobian on device
[07-01 19:28:20][DEBUG] jax_fem: Function split_and_compute_cell took 0.0426 seconds
[07-01 19:28:20][DEBUG] jax_fem: CuDSSNewtonSolver: iter=1  res=7.102e-06  rel=3.178e-14
[07-01 19:28:20][INFO] jax_fem: CuDSSNewtonSolver: solve finished in 0.13s  res=7.102e-06
[07-01 19:28:20][DEBUG] jax_fem: CuDSSNewtonSolver: starting Newton loop
[07-01 19:28:20][DEBUG] jax_fem: DeviceProblem: computing Jacobian on device
[07-01 19:28:20][DEBUG] jax_fem: Function split_and_compute_cell took 0.0286 seconds
[07-01 19:28:20][DEBUG] jax_fem: CuDSSNewtonSolver: initial residual = 2.217e+08
[07-01 19:28:20][DEBUG] jax_fem: DeviceProblem: computing Jacobian on device
[07-01 19:28:20][DEBUG] jax_fem: Function split_and_compute_cell took 0.0263 seconds
[07-01 19:28:20][DEBUG] jax_fem: CuDSSNewtonSolver: iter=1  res=6.337e-06  rel=2.859e-14
[07-01 19:28:20][INFO] jax_fem: CuDSSNewtonSolver: solve finished in 0.09s  res=6.337e-06
[07-01 19:28:20][DEBUG] jax_fem: CuDSSNewtonSolver: starting Newton loop
[07-01 19:28:20][DEBUG] jax_fem: DeviceProblem: computing Jacobian on device
[07-01 19:28:20][DEBUG] jax_fem: Function split_and_compute_cell took 0.0388 seconds
[07-01 19:28:20][DEBUG] jax_fem: CuDSSNewtonSolver: initial residual = 2.211e+08
[07-01 19:28:20][DEBUG] jax_fem: DeviceProblem: computing Jacobian on device
[07-01 19:28:20][DEBUG] jax_fem: Function split_and_compute_cell took 0.0301 seconds
[07-01 19:28:20][DEBUG] jax_fem: CuDSSNewtonSolver: iter=1  res=6.802e-06  rel=3.077e-14
[07-01 19:28:20][INFO] jax_fem: CuDSSNewtonSolver: solve finished in 0.11s  res=6.802e-06
[07-01 19:28:21][DEBUG] jax_fem: CuDSSNewtonSolver: starting Newton loop
[07-01 19:28:21][DEBUG] jax_fem: DeviceProblem: computing Jacobian on device
[07-01 19:28:21][DEBUG] jax_fem: Function split_and_compute_cell took 0.0299 seconds
[07-01 19:28:21][DEBUG] jax_fem: CuDSSNewtonSolver: initial residual = 2.237e+08
[07-01 19:28:21][DEBUG] jax_fem: DeviceProblem: computing Jacobian on device
[07-01 19:28:21][DEBUG] jax_fem: Function split_and_compute_cell took 0.0349 seconds
[07-01 19:28:21][DEBUG] jax_fem: CuDSSNewtonSolver: iter=1  res=1.661e-05  rel=7.424e-14
[07-01 19:28:21][INFO] jax_fem: CuDSSNewtonSolver: solve finished in 0.11s  res=1.661e-05
[07-01 19:28:21][DEBUG] jax_fem: CuDSSNewtonSolver: starting Newton loop
[07-01 19:28:21][DEBUG] jax_fem: DeviceProblem: computing Jacobian on device
[07-01 19:28:21][DEBUG] jax_fem: Function split_and_compute_cell took 0.0272 seconds
[07-01 19:28:21][DEBUG] jax_fem: CuDSSNewtonSolver: initial residual = 2.223e+08
[07-01 19:28:21][DEBUG] jax_fem: DeviceProblem: computing Jacobian on device
[07-01 19:28:21][DEBUG] jax_fem: Function split_and_compute_cell took 0.0431 seconds
[07-01 19:28:21][DEBUG] jax_fem: CuDSSNewtonSolver: iter=1  res=8.213e-06  rel=3.694e-14
[07-01 19:28:21][INFO] jax_fem: CuDSSNewtonSolver: solve finished in 0.11s  res=8.213e-06
[07-01 19:28:23][DEBUG] jax_fem: CuDSSNewtonSolver: starting Newton loop
[07-01 19:28:23][DEBUG] jax_fem: DeviceProblem: computing Jacobian on device
[07-01 19:28:23][DEBUG] jax_fem: Function split_and_compute_cell took 0.0288 seconds
[07-01 19:28:23][DEBUG] jax_fem: CuDSSNewtonSolver: initial residual = 2.235e+08
[07-01 19:28:23][DEBUG] jax_fem: DeviceProblem: computing Jacobian on device
[07-01 19:28:23][DEBUG] jax_fem: Function split_and_compute_cell took 0.0285 seconds
[07-01 19:28:23][DEBUG] jax_fem: CuDSSNewtonSolver: iter=1  res=7.064e-06  rel=3.160e-14
[07-01 19:28:23][INFO] jax_fem: CuDSSNewtonSolver: solve finished in 0.09s  res=7.064e-06
[07-01 19:28:23][DEBUG] jax_fem: CuDSSNewtonSolver: starting Newton loop
[07-01 19:28:23][DEBUG] jax_fem: DeviceProblem: computing Jacobian on device
[07-01 19:28:24][DEBUG] jax_fem: Function split_and_compute_cell took 0.0293 seconds
[07-01 19:28:24][DEBUG] jax_fem: CuDSSNewtonSolver: initial residual = 2.217e+08
[07-01 19:28:24][DEBUG] jax_fem: DeviceProblem: computing Jacobian on device
[07-01 19:28:24][DEBUG] jax_fem: Function split_and_compute_cell took 0.0285 seconds
[07-01 19:28:24][DEBUG] jax_fem: CuDSSNewtonSolver: iter=1  res=6.304e-06  rel=2.844e-14
[07-01 19:28:24][INFO] jax_fem: CuDSSNewtonSolver: solve finished in 0.09s  res=6.304e-06
[07-01 19:28:24][DEBUG] jax_fem: CuDSSNewtonSolver: starting Newton loop
[07-01 19:28:24][DEBUG] jax_fem: DeviceProblem: computing Jacobian on device
[07-01 19:28:24][DEBUG] jax_fem: Function split_and_compute_cell took 0.0274 seconds
[07-01 19:28:24][DEBUG] jax_fem: CuDSSNewtonSolver: initial residual = 2.211e+08
[07-01 19:28:24][DEBUG] jax_fem: DeviceProblem: computing Jacobian on device
[07-01 19:28:24][DEBUG] jax_fem: Function split_and_compute_cell took 0.0296 seconds
[07-01 19:28:24][DEBUG] jax_fem: CuDSSNewtonSolver: iter=1  res=7.009e-06  rel=3.170e-14
[07-01 19:28:24][INFO] jax_fem: CuDSSNewtonSolver: solve finished in 0.09s  res=7.009e-06
[07-01 19:28:25][DEBUG] jax_fem: CuDSSNewtonSolver: starting Newton loop
[07-01 19:28:25][DEBUG] jax_fem: DeviceProblem: computing Jacobian on device
[07-01 19:28:25][DEBUG] jax_fem: Function split_and_compute_cell took 0.0293 seconds
[07-01 19:28:25][DEBUG] jax_fem: CuDSSNewtonSolver: initial residual = 2.237e+08
[07-01 19:28:25][DEBUG] jax_fem: DeviceProblem: computing Jacobian on device
[07-01 19:28:25][DEBUG] jax_fem: Function split_and_compute_cell took 0.0282 seconds
[07-01 19:28:25][DEBUG] jax_fem: CuDSSNewtonSolver: iter=1  res=1.628e-05  rel=7.278e-14
[07-01 19:28:25][INFO] jax_fem: CuDSSNewtonSolver: solve finished in 0.09s  res=1.628e-05
[07-01 19:28:25][DEBUG] jax_fem: CuDSSNewtonSolver: starting Newton loop
[07-01 19:28:25][DEBUG] jax_fem: DeviceProblem: computing Jacobian on device
[07-01 19:28:25][DEBUG] jax_fem: Function split_and_compute_cell took 0.0286 seconds
[07-01 19:28:25][DEBUG] jax_fem: CuDSSNewtonSolver: initial residual = 2.223e+08
[07-01 19:28:25][DEBUG] jax_fem: DeviceProblem: computing Jacobian on device
[07-01 19:28:25][DEBUG] jax_fem: Function split_and_compute_cell took 0.0276 seconds
[07-01 19:28:25][DEBUG] jax_fem: CuDSSNewtonSolver: iter=1  res=8.154e-06  rel=3.667e-14
[07-01 19:28:25][INFO] jax_fem: CuDSSNewtonSolver: solve finished in 0.09s  res=8.154e-06
[07-01 19:28:26][INFO] jax_fem: CuDSS backward: solving adjoint problem …
[07-01 19:28:26][DEBUG] jax_fem: DeviceProblem: computing Jacobian on device
[07-01 19:28:26][DEBUG] jax_fem: Function split_and_compute_cell took 0.0407 seconds
[07-01 19:28:26][DEBUG] jax_fem: Computing cell residual...
[07-01 19:28:26][DEBUG] jax_fem: Function split_and_compute_cell took 0.0649 seconds
[07-01 19:28:26][INFO] jax_fem: CuDSS backward: solving adjoint problem …
[07-01 19:28:26][DEBUG] jax_fem: DeviceProblem: computing Jacobian on device
[07-01 19:28:26][DEBUG] jax_fem: Function split_and_compute_cell took 0.0346 seconds
[07-01 19:28:26][DEBUG] jax_fem: Computing cell residual...
[07-01 19:28:26][DEBUG] jax_fem: Function split_and_compute_cell took 0.0666 seconds
[07-01 19:28:26][INFO] jax_fem: CuDSS backward: solving adjoint problem …
[07-01 19:28:26][DEBUG] jax_fem: DeviceProblem: computing Jacobian on device
[07-01 19:28:26][DEBUG] jax_fem: Function split_and_compute_cell took 0.0449 seconds
[07-01 19:28:26][DEBUG] jax_fem: Computing cell residual...
[07-01 19:28:27][DEBUG] jax_fem: Function split_and_compute_cell took 0.0763 seconds
[07-01 19:28:27][INFO] jax_fem: CuDSS backward: solving adjoint problem …
[07-01 19:28:27][DEBUG] jax_fem: DeviceProblem: computing Jacobian on device
[07-01 19:28:27][DEBUG] jax_fem: Function split_and_compute_cell took 0.0565 seconds
[07-01 19:28:27][DEBUG] jax_fem: Computing cell residual...
[07-01 19:28:27][DEBUG] jax_fem: Function split_and_compute_cell took 0.0689 seconds
[07-01 19:28:27][INFO] jax_fem: CuDSS backward: solving adjoint problem …
[07-01 19:28:27][DEBUG] jax_fem: DeviceProblem: computing Jacobian on device
[07-01 19:28:27][DEBUG] jax_fem: Function split_and_compute_cell took 0.0322 seconds
[07-01 19:28:27][DEBUG] jax_fem: Computing cell residual...
[07-01 19:28:27][DEBUG] jax_fem: Function split_and_compute_cell took 0.0583 seconds
[07-01 19:28:29][DEBUG] jax_fem: CuDSSNewtonSolver: starting Newton loop
[07-01 19:28:29][DEBUG] jax_fem: DeviceProblem: computing Jacobian on device
[07-01 19:28:29][DEBUG] jax_fem: Function split_and_compute_cell took 0.0254 seconds
[07-01 19:28:29][DEBUG] jax_fem: CuDSSNewtonSolver: initial residual = 2.235e+08
[07-01 19:28:29][DEBUG] jax_fem: DeviceProblem: computing Jacobian on device
[07-01 19:28:29][DEBUG] jax_fem: Function split_and_compute_cell took 0.0300 seconds
[07-01 19:28:29][DEBUG] jax_fem: CuDSSNewtonSolver: iter=1  res=7.182e-06  rel=3.213e-14
[07-01 19:28:29][INFO] jax_fem: CuDSSNewtonSolver: solve finished in 0.09s  res=7.182e-06
[07-01 19:28:29][DEBUG] jax_fem: CuDSSNewtonSolver: starting Newton loop
[07-01 19:28:29][DEBUG] jax_fem: DeviceProblem: computing Jacobian on device
[07-01 19:28:29][DEBUG] jax_fem: Function split_and_compute_cell took 0.0338 seconds
[07-01 19:28:29][DEBUG] jax_fem: CuDSSNewtonSolver: initial residual = 2.217e+08
[07-01 19:28:29][DEBUG] jax_fem: DeviceProblem: computing Jacobian on device
[07-01 19:28:29][DEBUG] jax_fem: Function split_and_compute_cell took 0.0289 seconds
[07-01 19:28:29][DEBUG] jax_fem: CuDSSNewtonSolver: iter=1  res=6.445e-06  rel=2.908e-14
[07-01 19:28:29][INFO] jax_fem: CuDSSNewtonSolver: solve finished in 0.11s  res=6.445e-06
[07-01 19:28:30][DEBUG] jax_fem: CuDSSNewtonSolver: starting Newton loop
[07-01 19:28:30][DEBUG] jax_fem: DeviceProblem: computing Jacobian on device
[07-01 19:28:30][DEBUG] jax_fem: Function split_and_compute_cell took 0.0422 seconds
[07-01 19:28:30][DEBUG] jax_fem: CuDSSNewtonSolver: initial residual = 2.211e+08
[07-01 19:28:30][DEBUG] jax_fem: DeviceProblem: computing Jacobian on device
[07-01 19:28:30][DEBUG] jax_fem: Function split_and_compute_cell took 0.0303 seconds
[07-01 19:28:30][DEBUG] jax_fem: CuDSSNewtonSolver: iter=1  res=6.803e-06  rel=3.077e-14
[07-01 19:28:30][INFO] jax_fem: CuDSSNewtonSolver: solve finished in 0.11s  res=6.803e-06
[07-01 19:28:30][DEBUG] jax_fem: CuDSSNewtonSolver: starting Newton loop
[07-01 19:28:30][DEBUG] jax_fem: DeviceProblem: computing Jacobian on device
[07-01 19:28:30][DEBUG] jax_fem: Function split_and_compute_cell took 0.0301 seconds
[07-01 19:28:30][DEBUG] jax_fem: CuDSSNewtonSolver: initial residual = 2.237e+08
[07-01 19:28:30][DEBUG] jax_fem: DeviceProblem: computing Jacobian on device
[07-01 19:28:30][DEBUG] jax_fem: Function split_and_compute_cell took 0.0558 seconds
[07-01 19:28:30][DEBUG] jax_fem: CuDSSNewtonSolver: iter=1  res=1.000e-05  rel=4.472e-14
[07-01 19:28:30][INFO] jax_fem: CuDSSNewtonSolver: solve finished in 0.13s  res=1.000e-05
[07-01 19:28:30][DEBUG] jax_fem: CuDSSNewtonSolver: starting Newton loop
[07-01 19:28:30][DEBUG] jax_fem: DeviceProblem: computing Jacobian on device
[07-01 19:28:30][DEBUG] jax_fem: Function split_and_compute_cell took 0.0539 seconds
[07-01 19:28:30][DEBUG] jax_fem: CuDSSNewtonSolver: initial residual = 2.223e+08
[07-01 19:28:30][DEBUG] jax_fem: DeviceProblem: computing Jacobian on device
[07-01 19:28:30][DEBUG] jax_fem: Function split_and_compute_cell took 0.0447 seconds
[07-01 19:28:30][DEBUG] jax_fem: CuDSSNewtonSolver: iter=1  res=6.911e-06  rel=3.108e-14
[07-01 19:28:30][INFO] jax_fem: CuDSSNewtonSolver: solve finished in 0.14s  res=6.911e-06
[07-01 19:28:32][DEBUG] jax_fem: CuDSSNewtonSolver: starting Newton loop
[07-01 19:28:32][DEBUG] jax_fem: DeviceProblem: computing Jacobian on device
[07-01 19:28:32][DEBUG] jax_fem: Function split_and_compute_cell took 0.0269 seconds
[07-01 19:28:32][DEBUG] jax_fem: CuDSSNewtonSolver: initial residual = 2.235e+08
[07-01 19:28:32][DEBUG] jax_fem: DeviceProblem: computing Jacobian on device
[07-01 19:28:32][DEBUG] jax_fem: Function split_and_compute_cell took 0.0272 seconds
[07-01 19:28:32][DEBUG] jax_fem: CuDSSNewtonSolver: iter=1  res=7.213e-06  rel=3.227e-14
[07-01 19:28:32][INFO] jax_fem: CuDSSNewtonSolver: solve finished in 0.09s  res=7.213e-06
[07-01 19:28:33][DEBUG] jax_fem: CuDSSNewtonSolver: starting Newton loop
[07-01 19:28:33][DEBUG] jax_fem: DeviceProblem: computing Jacobian on device
[07-01 19:28:33][DEBUG] jax_fem: Function split_and_compute_cell took 0.0299 seconds
[07-01 19:28:33][DEBUG] jax_fem: CuDSSNewtonSolver: initial residual = 2.217e+08
[07-01 19:28:33][DEBUG] jax_fem: DeviceProblem: computing Jacobian on device
[07-01 19:28:33][DEBUG] jax_fem: Function split_and_compute_cell took 0.0281 seconds
[07-01 19:28:33][DEBUG] jax_fem: CuDSSNewtonSolver: iter=1  res=6.805e-06  rel=3.070e-14
[07-01 19:28:33][INFO] jax_fem: CuDSSNewtonSolver: solve finished in 0.09s  res=6.805e-06
[07-01 19:28:33][DEBUG] jax_fem: CuDSSNewtonSolver: starting Newton loop
[07-01 19:28:33][DEBUG] jax_fem: DeviceProblem: computing Jacobian on device
[07-01 19:28:33][DEBUG] jax_fem: Function split_and_compute_cell took 0.0270 seconds
[07-01 19:28:33][DEBUG] jax_fem: CuDSSNewtonSolver: initial residual = 2.211e+08
[07-01 19:28:33][DEBUG] jax_fem: DeviceProblem: computing Jacobian on device
[07-01 19:28:33][DEBUG] jax_fem: Function split_and_compute_cell took 0.0303 seconds
[07-01 19:28:34][DEBUG] jax_fem: CuDSSNewtonSolver: iter=1  res=6.933e-06  rel=3.136e-14
[07-01 19:28:34][INFO] jax_fem: CuDSSNewtonSolver: solve finished in 0.09s  res=6.933e-06
[07-01 19:28:34][DEBUG] jax_fem: CuDSSNewtonSolver: starting Newton loop
[07-01 19:28:34][DEBUG] jax_fem: DeviceProblem: computing Jacobian on device
[07-01 19:28:34][DEBUG] jax_fem: Function split_and_compute_cell took 0.0298 seconds
[07-01 19:28:34][DEBUG] jax_fem: CuDSSNewtonSolver: initial residual = 2.237e+08
[07-01 19:28:34][DEBUG] jax_fem: DeviceProblem: computing Jacobian on device
[07-01 19:28:34][DEBUG] jax_fem: Function split_and_compute_cell took 0.0270 seconds
[07-01 19:28:34][DEBUG] jax_fem: CuDSSNewtonSolver: iter=1  res=1.029e-05  rel=4.602e-14
[07-01 19:28:34][INFO] jax_fem: CuDSSNewtonSolver: solve finished in 0.09s  res=1.029e-05
[07-01 19:28:35][DEBUG] jax_fem: CuDSSNewtonSolver: starting Newton loop
[07-01 19:28:35][DEBUG] jax_fem: DeviceProblem: computing Jacobian on device
[07-01 19:28:35][DEBUG] jax_fem: Function split_and_compute_cell took 0.0274 seconds
[07-01 19:28:35][DEBUG] jax_fem: CuDSSNewtonSolver: initial residual = 2.223e+08
[07-01 19:28:35][DEBUG] jax_fem: DeviceProblem: computing Jacobian on device
[07-01 19:28:35][DEBUG] jax_fem: Function split_and_compute_cell took 0.0295 seconds
[07-01 19:28:35][DEBUG] jax_fem: CuDSSNewtonSolver: iter=1  res=6.825e-06  rel=3.070e-14
[07-01 19:28:35][INFO] jax_fem: CuDSSNewtonSolver: solve finished in 0.09s  res=6.825e-06
[07-01 19:28:35][INFO] jax_fem: CuDSS backward: solving adjoint problem …
[07-01 19:28:35][DEBUG] jax_fem: DeviceProblem: computing Jacobian on device
[07-01 19:28:35][DEBUG] jax_fem: Function split_and_compute_cell took 0.0577 seconds
[07-01 19:28:35][DEBUG] jax_fem: Computing cell residual...
[07-01 19:28:35][DEBUG] jax_fem: Function split_and_compute_cell took 0.0814 seconds
[07-01 19:28:35][INFO] jax_fem: CuDSS backward: solving adjoint problem …
[07-01 19:28:35][DEBUG] jax_fem: DeviceProblem: computing Jacobian on device
[07-01 19:28:35][DEBUG] jax_fem: Function split_and_compute_cell took 0.0443 seconds
[07-01 19:28:35][DEBUG] jax_fem: Computing cell residual...
[07-01 19:28:35][DEBUG] jax_fem: Function split_and_compute_cell took 0.0584 seconds
[07-01 19:28:36][INFO] jax_fem: CuDSS backward: solving adjoint problem …
[07-01 19:28:36][DEBUG] jax_fem: DeviceProblem: computing Jacobian on device
[07-01 19:28:36][DEBUG] jax_fem: Function split_and_compute_cell took 0.0375 seconds
[07-01 19:28:36][DEBUG] jax_fem: Computing cell residual...
[07-01 19:28:36][DEBUG] jax_fem: Function split_and_compute_cell took 0.0684 seconds
[07-01 19:28:36][INFO] jax_fem: CuDSS backward: solving adjoint problem …
[07-01 19:28:36][DEBUG] jax_fem: DeviceProblem: computing Jacobian on device
[07-01 19:28:36][DEBUG] jax_fem: Function split_and_compute_cell took 0.0302 seconds
[07-01 19:28:36][DEBUG] jax_fem: Computing cell residual...
[07-01 19:28:36][DEBUG] jax_fem: Function split_and_compute_cell took 0.0635 seconds
[07-01 19:28:36][INFO] jax_fem: CuDSS backward: solving adjoint problem …
[07-01 19:28:36][DEBUG] jax_fem: DeviceProblem: computing Jacobian on device
[07-01 19:28:36][DEBUG] jax_fem: Function split_and_compute_cell took 0.0415 seconds
[07-01 19:28:37][DEBUG] jax_fem: Computing cell residual...
[07-01 19:28:37][DEBUG] jax_fem: Function split_and_compute_cell took 0.0635 seconds
[07-01 19:28:38][DEBUG] jax_fem: CuDSSNewtonSolver: starting Newton loop
[07-01 19:28:38][DEBUG] jax_fem: DeviceProblem: computing Jacobian on device
[07-01 19:28:38][DEBUG] jax_fem: Function split_and_compute_cell took 0.0338 seconds
[07-01 19:28:38][DEBUG] jax_fem: CuDSSNewtonSolver: initial residual = 2.235e+08
[07-01 19:28:38][DEBUG] jax_fem: DeviceProblem: computing Jacobian on device
[07-01 19:28:38][DEBUG] jax_fem: Function split_and_compute_cell took 0.0471 seconds
[07-01 19:28:38][DEBUG] jax_fem: CuDSSNewtonSolver: iter=1  res=6.928e-05  rel=3.099e-13
[07-01 19:28:38][INFO] jax_fem: CuDSSNewtonSolver: solve finished in 0.12s  res=6.928e-05
[07-01 19:28:39][DEBUG] jax_fem: CuDSSNewtonSolver: starting Newton loop
[07-01 19:28:39][DEBUG] jax_fem: DeviceProblem: computing Jacobian on device
[07-01 19:28:39][DEBUG] jax_fem: Function split_and_compute_cell took 0.0379 seconds
[07-01 19:28:39][DEBUG] jax_fem: CuDSSNewtonSolver: initial residual = 2.217e+08
[07-01 19:28:39][DEBUG] jax_fem: DeviceProblem: computing Jacobian on device
[07-01 19:28:39][DEBUG] jax_fem: Function split_and_compute_cell took 0.0396 seconds
[07-01 19:28:39][DEBUG] jax_fem: CuDSSNewtonSolver: iter=1  res=1.067e-05  rel=4.814e-14
[07-01 19:28:39][INFO] jax_fem: CuDSSNewtonSolver: solve finished in 0.12s  res=1.067e-05
[07-01 19:28:39][DEBUG] jax_fem: CuDSSNewtonSolver: starting Newton loop
[07-01 19:28:39][DEBUG] jax_fem: DeviceProblem: computing Jacobian on device
[07-01 19:28:39][DEBUG] jax_fem: Function split_and_compute_cell took 0.0530 seconds
[07-01 19:28:39][DEBUG] jax_fem: CuDSSNewtonSolver: initial residual = 2.211e+08
[07-01 19:28:39][DEBUG] jax_fem: DeviceProblem: computing Jacobian on device
[07-01 19:28:39][DEBUG] jax_fem: Function split_and_compute_cell took 0.0434 seconds
[07-01 19:28:39][DEBUG] jax_fem: CuDSSNewtonSolver: iter=1  res=2.392e-05  rel=1.082e-13
[07-01 19:28:39][INFO] jax_fem: CuDSSNewtonSolver: solve finished in 0.13s  res=2.392e-05
[07-01 19:28:39][DEBUG] jax_fem: CuDSSNewtonSolver: starting Newton loop
[07-01 19:28:39][DEBUG] jax_fem: DeviceProblem: computing Jacobian on device
[07-01 19:28:39][DEBUG] jax_fem: Function split_and_compute_cell took 0.0347 seconds
[07-01 19:28:39][DEBUG] jax_fem: CuDSSNewtonSolver: initial residual = 2.237e+08
[07-01 19:28:39][DEBUG] jax_fem: DeviceProblem: computing Jacobian on device
[07-01 19:28:39][DEBUG] jax_fem: Function split_and_compute_cell took 0.0383 seconds
[07-01 19:28:39][DEBUG] jax_fem: CuDSSNewtonSolver: iter=1  res=4.562e-05  rel=2.039e-13
[07-01 19:28:39][INFO] jax_fem: CuDSSNewtonSolver: solve finished in 0.11s  res=4.562e-05
[07-01 19:28:40][DEBUG] jax_fem: CuDSSNewtonSolver: starting Newton loop
[07-01 19:28:40][DEBUG] jax_fem: DeviceProblem: computing Jacobian on device
[07-01 19:28:40][DEBUG] jax_fem: Function split_and_compute_cell took 0.0276 seconds
[07-01 19:28:40][DEBUG] jax_fem: CuDSSNewtonSolver: initial residual = 2.223e+08
[07-01 19:28:40][DEBUG] jax_fem: DeviceProblem: computing Jacobian on device
[07-01 19:28:40][DEBUG] jax_fem: Function split_and_compute_cell took 0.0402 seconds
[07-01 19:28:40][DEBUG] jax_fem: CuDSSNewtonSolver: iter=1  res=3.084e-05  rel=1.387e-13
[07-01 19:28:40][INFO] jax_fem: CuDSSNewtonSolver: solve finished in 0.11s  res=3.084e-05
[07-01 19:28:42][DEBUG] jax_fem: CuDSSNewtonSolver: starting Newton loop
[07-01 19:28:42][DEBUG] jax_fem: DeviceProblem: computing Jacobian on device
[07-01 19:28:42][DEBUG] jax_fem: Function split_and_compute_cell took 0.0290 seconds
[07-01 19:28:42][DEBUG] jax_fem: CuDSSNewtonSolver: initial residual = 2.235e+08
[07-01 19:28:42][DEBUG] jax_fem: DeviceProblem: computing Jacobian on device
[07-01 19:28:42][DEBUG] jax_fem: Function split_and_compute_cell took 0.0278 seconds
[07-01 19:28:42][DEBUG] jax_fem: CuDSSNewtonSolver: iter=1  res=7.292e-05  rel=3.262e-13
[07-01 19:28:42][INFO] jax_fem: CuDSSNewtonSolver: solve finished in 0.09s  res=7.292e-05
[07-01 19:28:42][DEBUG] jax_fem: CuDSSNewtonSolver: starting Newton loop
[07-01 19:28:42][DEBUG] jax_fem: DeviceProblem: computing Jacobian on device
[07-01 19:28:42][DEBUG] jax_fem: Function split_and_compute_cell took 0.0256 seconds
[07-01 19:28:42][DEBUG] jax_fem: CuDSSNewtonSolver: initial residual = 2.217e+08
[07-01 19:28:42][DEBUG] jax_fem: DeviceProblem: computing Jacobian on device
[07-01 19:28:42][DEBUG] jax_fem: Function split_and_compute_cell took 0.0291 seconds
[07-01 19:28:42][DEBUG] jax_fem: CuDSSNewtonSolver: iter=1  res=1.070e-05  rel=4.825e-14
[07-01 19:28:42][INFO] jax_fem: CuDSSNewtonSolver: solve finished in 0.09s  res=1.070e-05
[07-01 19:28:43][DEBUG] jax_fem: CuDSSNewtonSolver: starting Newton loop
[07-01 19:28:43][DEBUG] jax_fem: DeviceProblem: computing Jacobian on device
[07-01 19:28:43][DEBUG] jax_fem: Function split_and_compute_cell took 0.0279 seconds
[07-01 19:28:43][DEBUG] jax_fem: CuDSSNewtonSolver: initial residual = 2.211e+08
[07-01 19:28:43][DEBUG] jax_fem: DeviceProblem: computing Jacobian on device
[07-01 19:28:43][DEBUG] jax_fem: Function split_and_compute_cell took 0.0430 seconds
[07-01 19:28:43][DEBUG] jax_fem: CuDSSNewtonSolver: iter=1  res=2.386e-05  rel=1.079e-13
[07-01 19:28:43][INFO] jax_fem: CuDSSNewtonSolver: solve finished in 0.11s  res=2.386e-05
[07-01 19:28:43][DEBUG] jax_fem: CuDSSNewtonSolver: starting Newton loop
[07-01 19:28:43][DEBUG] jax_fem: DeviceProblem: computing Jacobian on device
[07-01 19:28:43][DEBUG] jax_fem: Function split_and_compute_cell took 0.0296 seconds
[07-01 19:28:43][DEBUG] jax_fem: CuDSSNewtonSolver: initial residual = 2.237e+08
[07-01 19:28:43][DEBUG] jax_fem: DeviceProblem: computing Jacobian on device
[07-01 19:28:44][DEBUG] jax_fem: Function split_and_compute_cell took 0.0277 seconds
[07-01 19:28:44][DEBUG] jax_fem: CuDSSNewtonSolver: iter=1  res=4.452e-05  rel=1.991e-13
[07-01 19:28:44][INFO] jax_fem: CuDSSNewtonSolver: solve finished in 0.09s  res=4.452e-05
[07-01 19:28:44][DEBUG] jax_fem: CuDSSNewtonSolver: starting Newton loop
[07-01 19:28:44][DEBUG] jax_fem: DeviceProblem: computing Jacobian on device
[07-01 19:28:44][DEBUG] jax_fem: Function split_and_compute_cell took 0.0262 seconds
[07-01 19:28:44][DEBUG] jax_fem: CuDSSNewtonSolver: initial residual = 2.223e+08
[07-01 19:28:44][DEBUG] jax_fem: DeviceProblem: computing Jacobian on device
[07-01 19:28:44][DEBUG] jax_fem: Function split_and_compute_cell took 0.0278 seconds
[07-01 19:28:44][DEBUG] jax_fem: CuDSSNewtonSolver: iter=1  res=3.153e-05  rel=1.418e-13
[07-01 19:28:44][INFO] jax_fem: CuDSSNewtonSolver: solve finished in 0.09s  res=3.153e-05
[07-01 19:28:44][INFO] jax_fem: CuDSS backward: solving adjoint problem …
[07-01 19:28:44][DEBUG] jax_fem: DeviceProblem: computing Jacobian on device
[07-01 19:28:44][DEBUG] jax_fem: Function split_and_compute_cell took 0.0281 seconds
[07-01 19:28:44][DEBUG] jax_fem: Computing cell residual...
[07-01 19:28:44][DEBUG] jax_fem: Function split_and_compute_cell took 0.0821 seconds
[07-01 19:28:45][INFO] jax_fem: CuDSS backward: solving adjoint problem …
[07-01 19:28:45][DEBUG] jax_fem: DeviceProblem: computing Jacobian on device
[07-01 19:28:45][DEBUG] jax_fem: Function split_and_compute_cell took 0.0259 seconds
[07-01 19:28:45][DEBUG] jax_fem: Computing cell residual...
[07-01 19:28:45][DEBUG] jax_fem: Function split_and_compute_cell took 0.0639 seconds
[07-01 19:28:45][INFO] jax_fem: CuDSS backward: solving adjoint problem …
[07-01 19:28:45][DEBUG] jax_fem: DeviceProblem: computing Jacobian on device
[07-01 19:28:45][DEBUG] jax_fem: Function split_and_compute_cell took 0.0433 seconds
[07-01 19:28:45][DEBUG] jax_fem: Computing cell residual...
[07-01 19:28:45][DEBUG] jax_fem: Function split_and_compute_cell took 0.0729 seconds
[07-01 19:28:45][INFO] jax_fem: CuDSS backward: solving adjoint problem …
[07-01 19:28:45][DEBUG] jax_fem: DeviceProblem: computing Jacobian on device
[07-01 19:28:45][DEBUG] jax_fem: Function split_and_compute_cell took 0.0365 seconds
[07-01 19:28:45][DEBUG] jax_fem: Computing cell residual...
[07-01 19:28:46][DEBUG] jax_fem: Function split_and_compute_cell took 0.0693 seconds
[07-01 19:28:46][INFO] jax_fem: CuDSS backward: solving adjoint problem …
[07-01 19:28:46][DEBUG] jax_fem: DeviceProblem: computing Jacobian on device
[07-01 19:28:46][DEBUG] jax_fem: Function split_and_compute_cell took 0.0518 seconds
[07-01 19:28:46][DEBUG] jax_fem: Computing cell residual...
[07-01 19:28:46][DEBUG] jax_fem: Function split_and_compute_cell took 0.0874 seconds
[07-01 19:28:48][DEBUG] jax_fem: CuDSSNewtonSolver: starting Newton loop
[07-01 19:28:48][DEBUG] jax_fem: DeviceProblem: computing Jacobian on device
[07-01 19:28:48][DEBUG] jax_fem: Function split_and_compute_cell took 0.0362 seconds
[07-01 19:28:48][DEBUG] jax_fem: CuDSSNewtonSolver: initial residual = 2.235e+08
[07-01 19:28:48][DEBUG] jax_fem: DeviceProblem: computing Jacobian on device
[07-01 19:28:48][DEBUG] jax_fem: Function split_and_compute_cell took 0.0353 seconds
[07-01 19:28:48][DEBUG] jax_fem: CuDSSNewtonSolver: iter=1  res=6.930e-06  rel=3.101e-14
[07-01 19:28:48][INFO] jax_fem: CuDSSNewtonSolver: solve finished in 0.11s  res=6.930e-06
[07-01 19:28:48][DEBUG] jax_fem: CuDSSNewtonSolver: starting Newton loop
[07-01 19:28:48][DEBUG] jax_fem: DeviceProblem: computing Jacobian on device
[07-01 19:28:48][DEBUG] jax_fem: Function split_and_compute_cell took 0.0348 seconds
[07-01 19:28:48][DEBUG] jax_fem: CuDSSNewtonSolver: initial residual = 2.217e+08
[07-01 19:28:48][DEBUG] jax_fem: DeviceProblem: computing Jacobian on device
[07-01 19:28:48][DEBUG] jax_fem: Function split_and_compute_cell took 0.0410 seconds
[07-01 19:28:48][DEBUG] jax_fem: CuDSSNewtonSolver: iter=1  res=8.804e-06  rel=3.972e-14
[07-01 19:28:48][INFO] jax_fem: CuDSSNewtonSolver: solve finished in 0.12s  res=8.804e-06
[07-01 19:28:48][DEBUG] jax_fem: CuDSSNewtonSolver: starting Newton loop
[07-01 19:28:48][DEBUG] jax_fem: DeviceProblem: computing Jacobian on device
[07-01 19:28:48][DEBUG] jax_fem: Function split_and_compute_cell took 0.0299 seconds
[07-01 19:28:48][DEBUG] jax_fem: CuDSSNewtonSolver: initial residual = 2.211e+08
[07-01 19:28:48][DEBUG] jax_fem: DeviceProblem: computing Jacobian on device
[07-01 19:28:48][DEBUG] jax_fem: Function split_and_compute_cell took 0.0308 seconds
[07-01 19:28:48][DEBUG] jax_fem: CuDSSNewtonSolver: iter=1  res=6.852e-06  rel=3.099e-14
[07-01 19:28:48][INFO] jax_fem: CuDSSNewtonSolver: solve finished in 0.10s  res=6.852e-06
[07-01 19:28:49][DEBUG] jax_fem: CuDSSNewtonSolver: starting Newton loop
[07-01 19:28:49][DEBUG] jax_fem: DeviceProblem: computing Jacobian on device
[07-01 19:28:49][DEBUG] jax_fem: Function split_and_compute_cell took 0.0327 seconds
[07-01 19:28:49][DEBUG] jax_fem: CuDSSNewtonSolver: initial residual = 2.237e+08
[07-01 19:28:49][DEBUG] jax_fem: DeviceProblem: computing Jacobian on device
[07-01 19:28:49][DEBUG] jax_fem: Function split_and_compute_cell took 0.0320 seconds
[07-01 19:28:49][DEBUG] jax_fem: CuDSSNewtonSolver: iter=1  res=5.726e-06  rel=2.560e-14
[07-01 19:28:49][INFO] jax_fem: CuDSSNewtonSolver: solve finished in 0.10s  res=5.726e-06
[07-01 19:28:49][DEBUG] jax_fem: CuDSSNewtonSolver: starting Newton loop
[07-01 19:28:49][DEBUG] jax_fem: DeviceProblem: computing Jacobian on device
[07-01 19:28:49][DEBUG] jax_fem: Function split_and_compute_cell took 0.0463 seconds
[07-01 19:28:49][DEBUG] jax_fem: CuDSSNewtonSolver: initial residual = 2.223e+08
[07-01 19:28:49][DEBUG] jax_fem: DeviceProblem: computing Jacobian on device
[07-01 19:28:49][DEBUG] jax_fem: Function split_and_compute_cell took 0.0281 seconds
[07-01 19:28:49][DEBUG] jax_fem: CuDSSNewtonSolver: iter=1  res=7.966e-06  rel=3.583e-14
[07-01 19:28:49][INFO] jax_fem: CuDSSNewtonSolver: solve finished in 0.12s  res=7.966e-06
[07-01 19:28:51][DEBUG] jax_fem: CuDSSNewtonSolver: starting Newton loop
[07-01 19:28:51][DEBUG] jax_fem: DeviceProblem: computing Jacobian on device
[07-01 19:28:51][DEBUG] jax_fem: Function split_and_compute_cell took 0.0277 seconds
[07-01 19:28:51][DEBUG] jax_fem: CuDSSNewtonSolver: initial residual = 2.235e+08
[07-01 19:28:51][DEBUG] jax_fem: DeviceProblem: computing Jacobian on device
[07-01 19:28:51][DEBUG] jax_fem: Function split_and_compute_cell took 0.0295 seconds
[07-01 19:28:51][DEBUG] jax_fem: CuDSSNewtonSolver: iter=1  res=6.804e-06  rel=3.044e-14
[07-01 19:28:51][INFO] jax_fem: CuDSSNewtonSolver: solve finished in 0.09s  res=6.804e-06
[07-01 19:28:51][DEBUG] jax_fem: CuDSSNewtonSolver: starting Newton loop
[07-01 19:28:51][DEBUG] jax_fem: DeviceProblem: computing Jacobian on device
[07-01 19:28:51][DEBUG] jax_fem: Function split_and_compute_cell took 0.0279 seconds
[07-01 19:28:51][DEBUG] jax_fem: CuDSSNewtonSolver: initial residual = 2.217e+08
[07-01 19:28:51][DEBUG] jax_fem: DeviceProblem: computing Jacobian on device
[07-01 19:28:51][DEBUG] jax_fem: Function split_and_compute_cell took 0.0267 seconds
[07-01 19:28:51][DEBUG] jax_fem: CuDSSNewtonSolver: iter=1  res=9.302e-06  rel=4.196e-14
[07-01 19:28:51][INFO] jax_fem: CuDSSNewtonSolver: solve finished in 0.09s  res=9.302e-06
[07-01 19:28:52][DEBUG] jax_fem: CuDSSNewtonSolver: starting Newton loop
[07-01 19:28:52][DEBUG] jax_fem: DeviceProblem: computing Jacobian on device
[07-01 19:28:52][DEBUG] jax_fem: Function split_and_compute_cell took 0.0276 seconds
[07-01 19:28:52][DEBUG] jax_fem: CuDSSNewtonSolver: initial residual = 2.211e+08
[07-01 19:28:52][DEBUG] jax_fem: DeviceProblem: computing Jacobian on device
[07-01 19:28:52][DEBUG] jax_fem: Function split_and_compute_cell took 0.0282 seconds
[07-01 19:28:52][DEBUG] jax_fem: CuDSSNewtonSolver: iter=1  res=6.426e-06  rel=2.907e-14
[07-01 19:28:52][INFO] jax_fem: CuDSSNewtonSolver: solve finished in 0.09s  res=6.426e-06
[07-01 19:28:53][DEBUG] jax_fem: CuDSSNewtonSolver: starting Newton loop
[07-01 19:28:53][DEBUG] jax_fem: DeviceProblem: computing Jacobian on device
[07-01 19:28:53][DEBUG] jax_fem: Function split_and_compute_cell took 0.0292 seconds
[07-01 19:28:53][DEBUG] jax_fem: CuDSSNewtonSolver: initial residual = 2.237e+08
[07-01 19:28:53][DEBUG] jax_fem: DeviceProblem: computing Jacobian on device
[07-01 19:28:53][DEBUG] jax_fem: Function split_and_compute_cell took 0.0277 seconds
[07-01 19:28:53][DEBUG] jax_fem: CuDSSNewtonSolver: iter=1  res=5.648e-06  rel=2.525e-14
[07-01 19:28:53][INFO] jax_fem: CuDSSNewtonSolver: solve finished in 0.09s  res=5.648e-06
[07-01 19:28:53][DEBUG] jax_fem: CuDSSNewtonSolver: starting Newton loop
[07-01 19:28:53][DEBUG] jax_fem: DeviceProblem: computing Jacobian on device
[07-01 19:28:53][DEBUG] jax_fem: Function split_and_compute_cell took 0.0276 seconds
[07-01 19:28:53][DEBUG] jax_fem: CuDSSNewtonSolver: initial residual = 2.223e+08
[07-01 19:28:53][DEBUG] jax_fem: DeviceProblem: computing Jacobian on device
[07-01 19:28:53][DEBUG] jax_fem: Function split_and_compute_cell took 0.0286 seconds
[07-01 19:28:53][DEBUG] jax_fem: CuDSSNewtonSolver: iter=1  res=7.853e-06  rel=3.532e-14
[07-01 19:28:53][INFO] jax_fem: CuDSSNewtonSolver: solve finished in 0.09s  res=7.853e-06
[07-01 19:28:53][INFO] jax_fem: CuDSS backward: solving adjoint problem …
[07-01 19:28:53][DEBUG] jax_fem: DeviceProblem: computing Jacobian on device
[07-01 19:28:53][DEBUG] jax_fem: Function split_and_compute_cell took 0.0337 seconds
[07-01 19:28:54][DEBUG] jax_fem: Computing cell residual...
[07-01 19:28:54][DEBUG] jax_fem: Function split_and_compute_cell took 0.0598 seconds
[07-01 19:28:54][INFO] jax_fem: CuDSS backward: solving adjoint problem …
[07-01 19:28:54][DEBUG] jax_fem: DeviceProblem: computing Jacobian on device
[07-01 19:28:54][DEBUG] jax_fem: Function split_and_compute_cell took 0.0322 seconds
[07-01 19:28:54][DEBUG] jax_fem: Computing cell residual...
[07-01 19:28:54][DEBUG] jax_fem: Function split_and_compute_cell took 0.0708 seconds
[07-01 19:28:54][INFO] jax_fem: CuDSS backward: solving adjoint problem …
[07-01 19:28:54][DEBUG] jax_fem: DeviceProblem: computing Jacobian on device
[07-01 19:28:54][DEBUG] jax_fem: Function split_and_compute_cell took 0.0320 seconds
[07-01 19:28:54][DEBUG] jax_fem: Computing cell residual...
[07-01 19:28:54][DEBUG] jax_fem: Function split_and_compute_cell took 0.0673 seconds
[07-01 19:28:55][INFO] jax_fem: CuDSS backward: solving adjoint problem …
[07-01 19:28:55][DEBUG] jax_fem: DeviceProblem: computing Jacobian on device
[07-01 19:28:55][DEBUG] jax_fem: Function split_and_compute_cell took 0.0493 seconds
[07-01 19:28:55][DEBUG] jax_fem: Computing cell residual...
[07-01 19:28:55][DEBUG] jax_fem: Function split_and_compute_cell took 0.0754 seconds
[07-01 19:28:55][INFO] jax_fem: CuDSS backward: solving adjoint problem …
[07-01 19:28:55][DEBUG] jax_fem: DeviceProblem: computing Jacobian on device
[07-01 19:28:55][DEBUG] jax_fem: Function split_and_compute_cell took 0.0356 seconds
[07-01 19:28:55][DEBUG] jax_fem: Computing cell residual...
[07-01 19:28:55][DEBUG] jax_fem: Function split_and_compute_cell took 0.0760 seconds
[07-01 19:28:57][DEBUG] jax_fem: CuDSSNewtonSolver: starting Newton loop
[07-01 19:28:57][DEBUG] jax_fem: DeviceProblem: computing Jacobian on device
[07-01 19:28:57][DEBUG] jax_fem: Function split_and_compute_cell took 0.0265 seconds
[07-01 19:28:57][DEBUG] jax_fem: CuDSSNewtonSolver: initial residual = 2.235e+08
[07-01 19:28:57][DEBUG] jax_fem: DeviceProblem: computing Jacobian on device
[07-01 19:28:57][DEBUG] jax_fem: Function split_and_compute_cell took 0.0330 seconds
[07-01 19:28:57][DEBUG] jax_fem: CuDSSNewtonSolver: iter=1  res=7.213e-06  rel=3.227e-14
[07-01 19:28:57][INFO] jax_fem: CuDSSNewtonSolver: solve finished in 0.10s  res=7.213e-06
[07-01 19:28:57][DEBUG] jax_fem: CuDSSNewtonSolver: starting Newton loop
[07-01 19:28:57][DEBUG] jax_fem: DeviceProblem: computing Jacobian on device
[07-01 19:28:57][DEBUG] jax_fem: Function split_and_compute_cell took 0.0298 seconds
[07-01 19:28:57][DEBUG] jax_fem: CuDSSNewtonSolver: initial residual = 2.217e+08
[07-01 19:28:57][DEBUG] jax_fem: DeviceProblem: computing Jacobian on device
[07-01 19:28:57][DEBUG] jax_fem: Function split_and_compute_cell took 0.0530 seconds
[07-01 19:28:57][DEBUG] jax_fem: CuDSSNewtonSolver: iter=1  res=6.821e-06  rel=3.077e-14
[07-01 19:28:57][INFO] jax_fem: CuDSSNewtonSolver: solve finished in 0.12s  res=6.821e-06
[07-01 19:28:57][DEBUG] jax_fem: CuDSSNewtonSolver: starting Newton loop
[07-01 19:28:57][DEBUG] jax_fem: DeviceProblem: computing Jacobian on device
[07-01 19:28:57][DEBUG] jax_fem: Function split_and_compute_cell took 0.0376 seconds
[07-01 19:28:57][DEBUG] jax_fem: CuDSSNewtonSolver: initial residual = 2.211e+08
[07-01 19:28:57][DEBUG] jax_fem: DeviceProblem: computing Jacobian on device
[07-01 19:28:57][DEBUG] jax_fem: Function split_and_compute_cell took 0.0367 seconds
[07-01 19:28:57][DEBUG] jax_fem: CuDSSNewtonSolver: iter=1  res=6.496e-06  rel=2.938e-14
[07-01 19:28:57][INFO] jax_fem: CuDSSNewtonSolver: solve finished in 0.11s  res=6.496e-06
[07-01 19:28:58][DEBUG] jax_fem: CuDSSNewtonSolver: starting Newton loop
[07-01 19:28:58][DEBUG] jax_fem: DeviceProblem: computing Jacobian on device
[07-01 19:28:58][DEBUG] jax_fem: Function split_and_compute_cell took 0.0364 seconds
[07-01 19:28:58][DEBUG] jax_fem: CuDSSNewtonSolver: initial residual = 2.237e+08
[07-01 19:28:58][DEBUG] jax_fem: DeviceProblem: computing Jacobian on device
[07-01 19:28:58][DEBUG] jax_fem: Function split_and_compute_cell took 0.0263 seconds
[07-01 19:28:58][DEBUG] jax_fem: CuDSSNewtonSolver: iter=1  res=8.268e-06  rel=3.696e-14
[07-01 19:28:58][INFO] jax_fem: CuDSSNewtonSolver: solve finished in 0.10s  res=8.268e-06
[07-01 19:28:58][DEBUG] jax_fem: CuDSSNewtonSolver: starting Newton loop
[07-01 19:28:58][DEBUG] jax_fem: DeviceProblem: computing Jacobian on device
[07-01 19:28:58][DEBUG] jax_fem: Function split_and_compute_cell took 0.0353 seconds
[07-01 19:28:58][DEBUG] jax_fem: CuDSSNewtonSolver: initial residual = 2.223e+08
[07-01 19:28:58][DEBUG] jax_fem: DeviceProblem: computing Jacobian on device
[07-01 19:28:58][DEBUG] jax_fem: Function split_and_compute_cell took 0.0365 seconds
[07-01 19:28:58][DEBUG] jax_fem: CuDSSNewtonSolver: iter=1  res=6.850e-06  rel=3.081e-14
[07-01 19:28:58][INFO] jax_fem: CuDSSNewtonSolver: solve finished in 0.11s  res=6.850e-06
[07-01 19:29:00][DEBUG] jax_fem: CuDSSNewtonSolver: starting Newton loop
[07-01 19:29:00][DEBUG] jax_fem: DeviceProblem: computing Jacobian on device
[07-01 19:29:00][DEBUG] jax_fem: Function split_and_compute_cell took 0.0279 seconds
[07-01 19:29:00][DEBUG] jax_fem: CuDSSNewtonSolver: initial residual = 2.235e+08
[07-01 19:29:00][DEBUG] jax_fem: DeviceProblem: computing Jacobian on device
[07-01 19:29:00][DEBUG] jax_fem: Function split_and_compute_cell took 0.0254 seconds
[07-01 19:29:00][DEBUG] jax_fem: CuDSSNewtonSolver: iter=1  res=7.179e-06  rel=3.212e-14
[07-01 19:29:00][INFO] jax_fem: CuDSSNewtonSolver: solve finished in 0.09s  res=7.179e-06
[07-01 19:29:00][DEBUG] jax_fem: CuDSSNewtonSolver: starting Newton loop
[07-01 19:29:00][DEBUG] jax_fem: DeviceProblem: computing Jacobian on device
[07-01 19:29:00][DEBUG] jax_fem: Function split_and_compute_cell took 0.0283 seconds
[07-01 19:29:00][DEBUG] jax_fem: CuDSSNewtonSolver: initial residual = 2.217e+08
[07-01 19:29:00][DEBUG] jax_fem: DeviceProblem: computing Jacobian on device
[07-01 19:29:00][DEBUG] jax_fem: Function split_and_compute_cell took 0.0299 seconds
[07-01 19:29:00][DEBUG] jax_fem: CuDSSNewtonSolver: iter=1  res=6.649e-06  rel=3.000e-14
[07-01 19:29:00][INFO] jax_fem: CuDSSNewtonSolver: solve finished in 0.09s  res=6.649e-06
[07-01 19:29:01][DEBUG] jax_fem: CuDSSNewtonSolver: starting Newton loop
[07-01 19:29:01][DEBUG] jax_fem: DeviceProblem: computing Jacobian on device
[07-01 19:29:01][DEBUG] jax_fem: Function split_and_compute_cell took 0.0275 seconds
[07-01 19:29:01][DEBUG] jax_fem: CuDSSNewtonSolver: initial residual = 2.211e+08
[07-01 19:29:01][DEBUG] jax_fem: DeviceProblem: computing Jacobian on device
[07-01 19:29:01][DEBUG] jax_fem: Function split_and_compute_cell took 0.0289 seconds
[07-01 19:29:01][DEBUG] jax_fem: CuDSSNewtonSolver: iter=1  res=6.705e-06  rel=3.033e-14
[07-01 19:29:01][INFO] jax_fem: CuDSSNewtonSolver: solve finished in 0.09s  res=6.705e-06
[07-01 19:29:02][DEBUG] jax_fem: CuDSSNewtonSolver: starting Newton loop
[07-01 19:29:02][DEBUG] jax_fem: DeviceProblem: computing Jacobian on device
[07-01 19:29:02][DEBUG] jax_fem: Function split_and_compute_cell took 0.0289 seconds
[07-01 19:29:02][DEBUG] jax_fem: CuDSSNewtonSolver: initial residual = 2.237e+08
[07-01 19:29:02][DEBUG] jax_fem: DeviceProblem: computing Jacobian on device
[07-01 19:29:02][DEBUG] jax_fem: Function split_and_compute_cell took 0.0290 seconds
[07-01 19:29:02][DEBUG] jax_fem: CuDSSNewtonSolver: iter=1  res=8.131e-06  rel=3.635e-14
[07-01 19:29:02][INFO] jax_fem: CuDSSNewtonSolver: solve finished in 0.09s  res=8.131e-06
[07-01 19:29:02][DEBUG] jax_fem: CuDSSNewtonSolver: starting Newton loop
[07-01 19:29:02][DEBUG] jax_fem: DeviceProblem: computing Jacobian on device
[07-01 19:29:02][DEBUG] jax_fem: Function split_and_compute_cell took 0.0269 seconds
[07-01 19:29:02][DEBUG] jax_fem: CuDSSNewtonSolver: initial residual = 2.223e+08
[07-01 19:29:02][DEBUG] jax_fem: DeviceProblem: computing Jacobian on device
[07-01 19:29:02][DEBUG] jax_fem: Function split_and_compute_cell took 0.0273 seconds
[07-01 19:29:02][DEBUG] jax_fem: CuDSSNewtonSolver: iter=1  res=6.654e-06  rel=2.993e-14
[07-01 19:29:02][INFO] jax_fem: CuDSSNewtonSolver: solve finished in 0.09s  res=6.654e-06
[07-01 19:29:02][INFO] jax_fem: CuDSS backward: solving adjoint problem …
[07-01 19:29:02][DEBUG] jax_fem: DeviceProblem: computing Jacobian on device
[07-01 19:29:02][DEBUG] jax_fem: Function split_and_compute_cell took 0.0319 seconds
[07-01 19:29:02][DEBUG] jax_fem: Computing cell residual...
[07-01 19:29:03][DEBUG] jax_fem: Function split_and_compute_cell took 0.0740 seconds
[07-01 19:29:03][INFO] jax_fem: CuDSS backward: solving adjoint problem …
[07-01 19:29:03][DEBUG] jax_fem: DeviceProblem: computing Jacobian on device
[07-01 19:29:03][DEBUG] jax_fem: Function split_and_compute_cell took 0.0486 seconds
[07-01 19:29:03][DEBUG] jax_fem: Computing cell residual...
[07-01 19:29:03][DEBUG] jax_fem: Function split_and_compute_cell took 0.0713 seconds
[07-01 19:29:03][INFO] jax_fem: CuDSS backward: solving adjoint problem …
[07-01 19:29:03][DEBUG] jax_fem: DeviceProblem: computing Jacobian on device
[07-01 19:29:03][DEBUG] jax_fem: Function split_and_compute_cell took 0.0493 seconds
[07-01 19:29:03][DEBUG] jax_fem: Computing cell residual...
[07-01 19:29:03][DEBUG] jax_fem: Function split_and_compute_cell took 0.0596 seconds
[07-01 19:29:04][INFO] jax_fem: CuDSS backward: solving adjoint problem …
[07-01 19:29:04][DEBUG] jax_fem: DeviceProblem: computing Jacobian on device
[07-01 19:29:04][DEBUG] jax_fem: Function split_and_compute_cell took 0.0259 seconds
[07-01 19:29:04][DEBUG] jax_fem: Computing cell residual...
[07-01 19:29:04][DEBUG] jax_fem: Function split_and_compute_cell took 0.0657 seconds
[07-01 19:29:04][INFO] jax_fem: CuDSS backward: solving adjoint problem …
[07-01 19:29:04][DEBUG] jax_fem: DeviceProblem: computing Jacobian on device
[07-01 19:29:04][DEBUG] jax_fem: Function split_and_compute_cell took 0.0403 seconds
[07-01 19:29:04][DEBUG] jax_fem: Computing cell residual...
[07-01 19:29:04][DEBUG] jax_fem: Function split_and_compute_cell took 0.0729 seconds
[07-01 19:29:06][DEBUG] jax_fem: CuDSSNewtonSolver: starting Newton loop
[07-01 19:29:06][DEBUG] jax_fem: DeviceProblem: computing Jacobian on device
[07-01 19:29:06][DEBUG] jax_fem: Function split_and_compute_cell took 0.0395 seconds
[07-01 19:29:06][DEBUG] jax_fem: CuDSSNewtonSolver: initial residual = 2.235e+08
[07-01 19:29:06][DEBUG] jax_fem: DeviceProblem: computing Jacobian on device
[07-01 19:29:06][DEBUG] jax_fem: Function split_and_compute_cell took 0.0434 seconds
[07-01 19:29:06][DEBUG] jax_fem: CuDSSNewtonSolver: iter=1  res=6.816e-06  rel=3.049e-14
[07-01 19:29:06][INFO] jax_fem: CuDSSNewtonSolver: solve finished in 0.12s  res=6.816e-06
[07-01 19:29:06][DEBUG] jax_fem: CuDSSNewtonSolver: starting Newton loop
[07-01 19:29:06][DEBUG] jax_fem: DeviceProblem: computing Jacobian on device
[07-01 19:29:06][DEBUG] jax_fem: Function split_and_compute_cell took 0.0402 seconds
[07-01 19:29:06][DEBUG] jax_fem: CuDSSNewtonSolver: initial residual = 2.217e+08
[07-01 19:29:06][DEBUG] jax_fem: DeviceProblem: computing Jacobian on device
[07-01 19:29:06][DEBUG] jax_fem: Function split_and_compute_cell took 0.0261 seconds
[07-01 19:29:06][DEBUG] jax_fem: CuDSSNewtonSolver: iter=1  res=6.440e-06  rel=2.906e-14
[07-01 19:29:06][INFO] jax_fem: CuDSSNewtonSolver: solve finished in 0.11s  res=6.440e-06
[07-01 19:29:06][DEBUG] jax_fem: CuDSSNewtonSolver: starting Newton loop
[07-01 19:29:06][DEBUG] jax_fem: DeviceProblem: computing Jacobian on device
[07-01 19:29:06][DEBUG] jax_fem: Function split_and_compute_cell took 0.0460 seconds
[07-01 19:29:06][DEBUG] jax_fem: CuDSSNewtonSolver: initial residual = 2.211e+08
[07-01 19:29:06][DEBUG] jax_fem: DeviceProblem: computing Jacobian on device
[07-01 19:29:07][DEBUG] jax_fem: Function split_and_compute_cell took 0.0543 seconds
[07-01 19:29:07][DEBUG] jax_fem: CuDSSNewtonSolver: iter=1  res=6.649e-06  rel=3.007e-14
[07-01 19:29:07][INFO] jax_fem: CuDSSNewtonSolver: solve finished in 0.14s  res=6.649e-06
[07-01 19:29:07][DEBUG] jax_fem: CuDSSNewtonSolver: starting Newton loop
[07-01 19:29:07][DEBUG] jax_fem: DeviceProblem: computing Jacobian on device
[07-01 19:29:07][DEBUG] jax_fem: Function split_and_compute_cell took 0.0525 seconds
[07-01 19:29:07][DEBUG] jax_fem: CuDSSNewtonSolver: initial residual = 2.237e+08
[07-01 19:29:07][DEBUG] jax_fem: DeviceProblem: computing Jacobian on device
[07-01 19:29:07][DEBUG] jax_fem: Function split_and_compute_cell took 0.0336 seconds
[07-01 19:29:07][DEBUG] jax_fem: CuDSSNewtonSolver: iter=1  res=9.710e-06  rel=4.341e-14
[07-01 19:29:07][INFO] jax_fem: CuDSSNewtonSolver: solve finished in 0.12s  res=9.710e-06
[07-01 19:29:07][DEBUG] jax_fem: CuDSSNewtonSolver: starting Newton loop
[07-01 19:29:07][DEBUG] jax_fem: DeviceProblem: computing Jacobian on device
[07-01 19:29:07][DEBUG] jax_fem: Function split_and_compute_cell took 0.0414 seconds
[07-01 19:29:07][DEBUG] jax_fem: CuDSSNewtonSolver: initial residual = 2.223e+08
[07-01 19:29:07][DEBUG] jax_fem: DeviceProblem: computing Jacobian on device
[07-01 19:29:07][DEBUG] jax_fem: Function split_and_compute_cell took 0.0488 seconds
[07-01 19:29:07][DEBUG] jax_fem: CuDSSNewtonSolver: iter=1  res=6.428e-06  rel=2.891e-14
[07-01 19:29:07][INFO] jax_fem: CuDSSNewtonSolver: solve finished in 0.13s  res=6.428e-06
[07-01 19:29:09][DEBUG] jax_fem: CuDSSNewtonSolver: starting Newton loop
[07-01 19:29:09][DEBUG] jax_fem: DeviceProblem: computing Jacobian on device
[07-01 19:29:09][DEBUG] jax_fem: Function split_and_compute_cell took 0.0277 seconds
[07-01 19:29:09][DEBUG] jax_fem: CuDSSNewtonSolver: initial residual = 2.235e+08
[07-01 19:29:09][DEBUG] jax_fem: DeviceProblem: computing Jacobian on device
[07-01 19:29:09][DEBUG] jax_fem: Function split_and_compute_cell took 0.0300 seconds
[07-01 19:29:09][DEBUG] jax_fem: CuDSSNewtonSolver: iter=1  res=6.992e-06  rel=3.128e-14
[07-01 19:29:09][INFO] jax_fem: CuDSSNewtonSolver: solve finished in 0.09s  res=6.992e-06
[07-01 19:29:10][DEBUG] jax_fem: CuDSSNewtonSolver: starting Newton loop
[07-01 19:29:10][DEBUG] jax_fem: DeviceProblem: computing Jacobian on device
[07-01 19:29:10][DEBUG] jax_fem: Function split_and_compute_cell took 0.0270 seconds
[07-01 19:29:10][DEBUG] jax_fem: CuDSSNewtonSolver: initial residual = 2.217e+08
[07-01 19:29:10][DEBUG] jax_fem: DeviceProblem: computing Jacobian on device
[07-01 19:29:10][DEBUG] jax_fem: Function split_and_compute_cell took 0.0273 seconds
[07-01 19:29:10][DEBUG] jax_fem: CuDSSNewtonSolver: iter=1  res=6.495e-06  rel=2.930e-14
[07-01 19:29:10][INFO] jax_fem: CuDSSNewtonSolver: solve finished in 0.09s  res=6.495e-06
[07-01 19:29:10][DEBUG] jax_fem: CuDSSNewtonSolver: starting Newton loop
[07-01 19:29:10][DEBUG] jax_fem: DeviceProblem: computing Jacobian on device
[07-01 19:29:10][DEBUG] jax_fem: Function split_and_compute_cell took 0.0284 seconds
[07-01 19:29:10][DEBUG] jax_fem: CuDSSNewtonSolver: initial residual = 2.211e+08
[07-01 19:29:10][DEBUG] jax_fem: DeviceProblem: computing Jacobian on device
[07-01 19:29:10][DEBUG] jax_fem: Function split_and_compute_cell took 0.0281 seconds
[07-01 19:29:10][DEBUG] jax_fem: CuDSSNewtonSolver: iter=1  res=6.729e-06  rel=3.044e-14
[07-01 19:29:10][INFO] jax_fem: CuDSSNewtonSolver: solve finished in 0.09s  res=6.729e-06
[07-01 19:29:11][DEBUG] jax_fem: CuDSSNewtonSolver: starting Newton loop
[07-01 19:29:11][DEBUG] jax_fem: DeviceProblem: computing Jacobian on device
[07-01 19:29:11][DEBUG] jax_fem: Function split_and_compute_cell took 0.0279 seconds
[07-01 19:29:11][DEBUG] jax_fem: CuDSSNewtonSolver: initial residual = 2.237e+08
[07-01 19:29:11][DEBUG] jax_fem: DeviceProblem: computing Jacobian on device
[07-01 19:29:11][DEBUG] jax_fem: Function split_and_compute_cell took 0.0281 seconds
[07-01 19:29:11][DEBUG] jax_fem: CuDSSNewtonSolver: iter=1  res=9.598e-06  rel=4.291e-14
[07-01 19:29:11][INFO] jax_fem: CuDSSNewtonSolver: solve finished in 0.09s  res=9.598e-06
[07-01 19:29:12][DEBUG] jax_fem: CuDSSNewtonSolver: starting Newton loop
[07-01 19:29:12][DEBUG] jax_fem: DeviceProblem: computing Jacobian on device
[07-01 19:29:12][DEBUG] jax_fem: Function split_and_compute_cell took 0.0279 seconds
[07-01 19:29:12][DEBUG] jax_fem: CuDSSNewtonSolver: initial residual = 2.223e+08
[07-01 19:29:12][DEBUG] jax_fem: DeviceProblem: computing Jacobian on device
[07-01 19:29:12][DEBUG] jax_fem: Function split_and_compute_cell took 0.0288 seconds
[07-01 19:29:12][DEBUG] jax_fem: CuDSSNewtonSolver: iter=1  res=6.418e-06  rel=2.886e-14
[07-01 19:29:12][INFO] jax_fem: CuDSSNewtonSolver: solve finished in 0.09s  res=6.418e-06
[07-01 19:29:12][INFO] jax_fem: CuDSS backward: solving adjoint problem …
[07-01 19:29:12][DEBUG] jax_fem: DeviceProblem: computing Jacobian on device
[07-01 19:29:12][DEBUG] jax_fem: Function split_and_compute_cell took 0.0521 seconds
[07-01 19:29:12][DEBUG] jax_fem: Computing cell residual...
[07-01 19:29:12][DEBUG] jax_fem: Function split_and_compute_cell took 0.0663 seconds
[07-01 19:29:12][INFO] jax_fem: CuDSS backward: solving adjoint problem …
[07-01 19:29:12][DEBUG] jax_fem: DeviceProblem: computing Jacobian on device
[07-01 19:29:12][DEBUG] jax_fem: Function split_and_compute_cell took 0.0411 seconds
[07-01 19:29:12][DEBUG] jax_fem: Computing cell residual...
[07-01 19:29:12][DEBUG] jax_fem: Function split_and_compute_cell took 0.0730 seconds
[07-01 19:29:13][INFO] jax_fem: CuDSS backward: solving adjoint problem …
[07-01 19:29:13][DEBUG] jax_fem: DeviceProblem: computing Jacobian on device
[07-01 19:29:13][DEBUG] jax_fem: Function split_and_compute_cell took 0.0329 seconds
[07-01 19:29:13][DEBUG] jax_fem: Computing cell residual...
[07-01 19:29:13][DEBUG] jax_fem: Function split_and_compute_cell took 0.0694 seconds
[07-01 19:29:13][INFO] jax_fem: CuDSS backward: solving adjoint problem …
[07-01 19:29:13][DEBUG] jax_fem: DeviceProblem: computing Jacobian on device
[07-01 19:29:13][DEBUG] jax_fem: Function split_and_compute_cell took 0.0461 seconds
[07-01 19:29:13][DEBUG] jax_fem: Computing cell residual...
[07-01 19:29:13][DEBUG] jax_fem: Function split_and_compute_cell took 0.0577 seconds
[07-01 19:29:13][INFO] jax_fem: CuDSS backward: solving adjoint problem …
[07-01 19:29:13][DEBUG] jax_fem: DeviceProblem: computing Jacobian on device
[07-01 19:29:13][DEBUG] jax_fem: Function split_and_compute_cell took 0.0437 seconds
[07-01 19:29:13][DEBUG] jax_fem: Computing cell residual...
[07-01 19:29:14][DEBUG] jax_fem: Function split_and_compute_cell took 0.0670 seconds
[07-01 19:29:15][DEBUG] jax_fem: CuDSSNewtonSolver: starting Newton loop
[07-01 19:29:15][DEBUG] jax_fem: DeviceProblem: computing Jacobian on device
[07-01 19:29:15][DEBUG] jax_fem: Function split_and_compute_cell took 0.0447 seconds
[07-01 19:29:15][DEBUG] jax_fem: CuDSSNewtonSolver: initial residual = 2.235e+08
[07-01 19:29:15][DEBUG] jax_fem: DeviceProblem: computing Jacobian on device
[07-01 19:29:15][DEBUG] jax_fem: Function split_and_compute_cell took 0.0323 seconds
[07-01 19:29:15][DEBUG] jax_fem: CuDSSNewtonSolver: iter=1  res=7.416e-06  rel=3.318e-14
[07-01 19:29:15][INFO] jax_fem: CuDSSNewtonSolver: solve finished in 0.12s  res=7.416e-06
[07-01 19:29:16][DEBUG] jax_fem: CuDSSNewtonSolver: starting Newton loop
[07-01 19:29:16][DEBUG] jax_fem: DeviceProblem: computing Jacobian on device
[07-01 19:29:16][DEBUG] jax_fem: Function split_and_compute_cell took 0.0326 seconds
[07-01 19:29:16][DEBUG] jax_fem: CuDSSNewtonSolver: initial residual = 2.217e+08
[07-01 19:29:16][DEBUG] jax_fem: DeviceProblem: computing Jacobian on device
[07-01 19:29:16][DEBUG] jax_fem: Function split_and_compute_cell took 0.0266 seconds
[07-01 19:29:16][DEBUG] jax_fem: CuDSSNewtonSolver: iter=1  res=6.182e-06  rel=2.789e-14
[07-01 19:29:16][INFO] jax_fem: CuDSSNewtonSolver: solve finished in 0.10s  res=6.182e-06
[07-01 19:29:16][DEBUG] jax_fem: CuDSSNewtonSolver: starting Newton loop
[07-01 19:29:16][DEBUG] jax_fem: DeviceProblem: computing Jacobian on device
[07-01 19:29:16][DEBUG] jax_fem: Function split_and_compute_cell took 0.0357 seconds
[07-01 19:29:16][DEBUG] jax_fem: CuDSSNewtonSolver: initial residual = 2.211e+08
[07-01 19:29:16][DEBUG] jax_fem: DeviceProblem: computing Jacobian on device
[07-01 19:29:16][DEBUG] jax_fem: Function split_and_compute_cell took 0.0460 seconds
[07-01 19:29:16][DEBUG] jax_fem: CuDSSNewtonSolver: iter=1  res=6.629e-06  rel=2.998e-14
[07-01 19:29:16][INFO] jax_fem: CuDSSNewtonSolver: solve finished in 0.12s  res=6.629e-06
[07-01 19:29:16][DEBUG] jax_fem: CuDSSNewtonSolver: starting Newton loop
[07-01 19:29:16][DEBUG] jax_fem: DeviceProblem: computing Jacobian on device
[07-01 19:29:16][DEBUG] jax_fem: Function split_and_compute_cell took 0.0335 seconds
[07-01 19:29:16][DEBUG] jax_fem: CuDSSNewtonSolver: initial residual = 2.237e+08
[07-01 19:29:16][DEBUG] jax_fem: DeviceProblem: computing Jacobian on device
[07-01 19:29:16][DEBUG] jax_fem: Function split_and_compute_cell took 0.0310 seconds
[07-01 19:29:16][DEBUG] jax_fem: CuDSSNewtonSolver: iter=1  res=1.072e-05  rel=4.792e-14
[07-01 19:29:16][INFO] jax_fem: CuDSSNewtonSolver: solve finished in 0.10s  res=1.072e-05
[07-01 19:29:17][DEBUG] jax_fem: CuDSSNewtonSolver: starting Newton loop
[07-01 19:29:17][DEBUG] jax_fem: DeviceProblem: computing Jacobian on device
[07-01 19:29:17][DEBUG] jax_fem: Function split_and_compute_cell took 0.0389 seconds
[07-01 19:29:17][DEBUG] jax_fem: CuDSSNewtonSolver: initial residual = 2.223e+08
[07-01 19:29:17][DEBUG] jax_fem: DeviceProblem: computing Jacobian on device
[07-01 19:29:17][DEBUG] jax_fem: Function split_and_compute_cell took 0.0337 seconds
[07-01 19:29:17][DEBUG] jax_fem: CuDSSNewtonSolver: iter=1  res=6.432e-06  rel=2.893e-14
[07-01 19:29:17][INFO] jax_fem: CuDSSNewtonSolver: solve finished in 0.11s  res=6.432e-06
[07-01 19:29:18][DEBUG] jax_fem: CuDSSNewtonSolver: starting Newton loop
[07-01 19:29:18][DEBUG] jax_fem: DeviceProblem: computing Jacobian on device
[07-01 19:29:18][DEBUG] jax_fem: Function split_and_compute_cell took 0.0294 seconds
[07-01 19:29:18][DEBUG] jax_fem: CuDSSNewtonSolver: initial residual = 2.235e+08
[07-01 19:29:18][DEBUG] jax_fem: DeviceProblem: computing Jacobian on device
[07-01 19:29:18][DEBUG] jax_fem: Function split_and_compute_cell took 0.0283 seconds
[07-01 19:29:18][DEBUG] jax_fem: CuDSSNewtonSolver: iter=1  res=7.409e-06  rel=3.315e-14
[07-01 19:29:18][INFO] jax_fem: CuDSSNewtonSolver: solve finished in 0.09s  res=7.409e-06
[07-01 19:29:19][DEBUG] jax_fem: CuDSSNewtonSolver: starting Newton loop
[07-01 19:29:19][DEBUG] jax_fem: DeviceProblem: computing Jacobian on device
[07-01 19:29:19][DEBUG] jax_fem: Function split_and_compute_cell took 0.0290 seconds
[07-01 19:29:19][DEBUG] jax_fem: CuDSSNewtonSolver: initial residual = 2.217e+08
[07-01 19:29:19][DEBUG] jax_fem: DeviceProblem: computing Jacobian on device
[07-01 19:29:19][DEBUG] jax_fem: Function split_and_compute_cell took 0.0287 seconds
[07-01 19:29:19][DEBUG] jax_fem: CuDSSNewtonSolver: iter=1  res=6.260e-06  rel=2.824e-14
[07-01 19:29:19][INFO] jax_fem: CuDSSNewtonSolver: solve finished in 0.09s  res=6.260e-06
[07-01 19:29:20][DEBUG] jax_fem: CuDSSNewtonSolver: starting Newton loop
[07-01 19:29:20][DEBUG] jax_fem: DeviceProblem: computing Jacobian on device
[07-01 19:29:20][DEBUG] jax_fem: Function split_and_compute_cell took 0.0276 seconds
[07-01 19:29:20][DEBUG] jax_fem: CuDSSNewtonSolver: initial residual = 2.211e+08
[07-01 19:29:20][DEBUG] jax_fem: DeviceProblem: computing Jacobian on device
[07-01 19:29:20][DEBUG] jax_fem: Function split_and_compute_cell took 0.0273 seconds
[07-01 19:29:20][DEBUG] jax_fem: CuDSSNewtonSolver: iter=1  res=6.439e-06  rel=2.913e-14
[07-01 19:29:20][INFO] jax_fem: CuDSSNewtonSolver: solve finished in 0.09s  res=6.439e-06
[07-01 19:29:20][DEBUG] jax_fem: CuDSSNewtonSolver: starting Newton loop
[07-01 19:29:20][DEBUG] jax_fem: DeviceProblem: computing Jacobian on device
[07-01 19:29:20][DEBUG] jax_fem: Function split_and_compute_cell took 0.0284 seconds
[07-01 19:29:20][DEBUG] jax_fem: CuDSSNewtonSolver: initial residual = 2.237e+08
[07-01 19:29:20][DEBUG] jax_fem: DeviceProblem: computing Jacobian on device
[07-01 19:29:20][DEBUG] jax_fem: Function split_and_compute_cell took 0.0275 seconds
[07-01 19:29:20][DEBUG] jax_fem: CuDSSNewtonSolver: iter=1  res=1.061e-05  rel=4.743e-14
[07-01 19:29:20][INFO] jax_fem: CuDSSNewtonSolver: solve finished in 0.09s  res=1.061e-05
[07-01 19:29:21][DEBUG] jax_fem: CuDSSNewtonSolver: starting Newton loop
[07-01 19:29:21][DEBUG] jax_fem: DeviceProblem: computing Jacobian on device
[07-01 19:29:21][DEBUG] jax_fem: Function split_and_compute_cell took 0.0277 seconds
[07-01 19:29:21][DEBUG] jax_fem: CuDSSNewtonSolver: initial residual = 2.223e+08
[07-01 19:29:21][DEBUG] jax_fem: DeviceProblem: computing Jacobian on device
[07-01 19:29:21][DEBUG] jax_fem: Function split_and_compute_cell took 0.0282 seconds
[07-01 19:29:21][DEBUG] jax_fem: CuDSSNewtonSolver: iter=1  res=6.468e-06  rel=2.909e-14
[07-01 19:29:21][INFO] jax_fem: CuDSSNewtonSolver: solve finished in 0.09s  res=6.468e-06
[07-01 19:29:21][INFO] jax_fem: CuDSS backward: solving adjoint problem …
[07-01 19:29:21][DEBUG] jax_fem: DeviceProblem: computing Jacobian on device
[07-01 19:29:21][DEBUG] jax_fem: Function split_and_compute_cell took 0.0467 seconds
[07-01 19:29:21][DEBUG] jax_fem: Computing cell residual...
[07-01 19:29:21][DEBUG] jax_fem: Function split_and_compute_cell took 0.0700 seconds
[07-01 19:29:22][INFO] jax_fem: CuDSS backward: solving adjoint problem …
[07-01 19:29:22][DEBUG] jax_fem: DeviceProblem: computing Jacobian on device
[07-01 19:29:22][DEBUG] jax_fem: Function split_and_compute_cell took 0.0285 seconds
[07-01 19:29:22][DEBUG] jax_fem: Computing cell residual...
[07-01 19:29:22][DEBUG] jax_fem: Function split_and_compute_cell took 0.0625 seconds
[07-01 19:29:22][INFO] jax_fem: CuDSS backward: solving adjoint problem …
[07-01 19:29:22][DEBUG] jax_fem: DeviceProblem: computing Jacobian on device
[07-01 19:29:22][DEBUG] jax_fem: Function split_and_compute_cell took 0.0288 seconds
[07-01 19:29:22][DEBUG] jax_fem: Computing cell residual...
[07-01 19:29:22][DEBUG] jax_fem: Function split_and_compute_cell took 0.0618 seconds
[07-01 19:29:22][INFO] jax_fem: CuDSS backward: solving adjoint problem …
[07-01 19:29:22][DEBUG] jax_fem: DeviceProblem: computing Jacobian on device
[07-01 19:29:22][DEBUG] jax_fem: Function split_and_compute_cell took 0.0389 seconds
[07-01 19:29:22][DEBUG] jax_fem: Computing cell residual...
[07-01 19:29:22][DEBUG] jax_fem: Function split_and_compute_cell took 0.0753 seconds
[07-01 19:29:23][INFO] jax_fem: CuDSS backward: solving adjoint problem …
[07-01 19:29:23][DEBUG] jax_fem: DeviceProblem: computing Jacobian on device
[07-01 19:29:23][DEBUG] jax_fem: Function split_and_compute_cell took 0.0292 seconds
[07-01 19:29:23][DEBUG] jax_fem: Computing cell residual...
[07-01 19:29:23][DEBUG] jax_fem: Function split_and_compute_cell took 0.0728 seconds
[07-01 19:29:24][DEBUG] jax_fem: CuDSSNewtonSolver: starting Newton loop
[07-01 19:29:24][DEBUG] jax_fem: DeviceProblem: computing Jacobian on device
[07-01 19:29:24][DEBUG] jax_fem: Function split_and_compute_cell took 0.0406 seconds
[07-01 19:29:24][DEBUG] jax_fem: CuDSSNewtonSolver: initial residual = 2.235e+08
[07-01 19:29:24][DEBUG] jax_fem: DeviceProblem: computing Jacobian on device
[07-01 19:29:24][DEBUG] jax_fem: Function split_and_compute_cell took 0.0489 seconds
[07-01 19:29:24][DEBUG] jax_fem: CuDSSNewtonSolver: iter=1  res=7.359e-06  rel=3.292e-14
[07-01 19:29:24][INFO] jax_fem: CuDSSNewtonSolver: solve finished in 0.13s  res=7.359e-06
[07-01 19:29:25][DEBUG] jax_fem: CuDSSNewtonSolver: starting Newton loop
[07-01 19:29:25][DEBUG] jax_fem: DeviceProblem: computing Jacobian on device
[07-01 19:29:25][DEBUG] jax_fem: Function split_and_compute_cell took 0.0297 seconds
[07-01 19:29:25][DEBUG] jax_fem: CuDSSNewtonSolver: initial residual = 2.217e+08
[07-01 19:29:25][DEBUG] jax_fem: DeviceProblem: computing Jacobian on device
[07-01 19:29:25][DEBUG] jax_fem: Function split_and_compute_cell took 0.0287 seconds
[07-01 19:29:25][DEBUG] jax_fem: CuDSSNewtonSolver: iter=1  res=7.510e-06  rel=3.388e-14
[07-01 19:29:25][INFO] jax_fem: CuDSSNewtonSolver: solve finished in 0.10s  res=7.510e-06
[07-01 19:29:25][DEBUG] jax_fem: CuDSSNewtonSolver: starting Newton loop
[07-01 19:29:25][DEBUG] jax_fem: DeviceProblem: computing Jacobian on device
[07-01 19:29:25][DEBUG] jax_fem: Function split_and_compute_cell took 0.0428 seconds
[07-01 19:29:25][DEBUG] jax_fem: CuDSSNewtonSolver: initial residual = 2.211e+08
[07-01 19:29:25][DEBUG] jax_fem: DeviceProblem: computing Jacobian on device
[07-01 19:29:25][DEBUG] jax_fem: Function split_and_compute_cell took 0.0289 seconds
[07-01 19:29:25][DEBUG] jax_fem: CuDSSNewtonSolver: iter=1  res=6.100e-06  rel=2.759e-14
[07-01 19:29:25][INFO] jax_fem: CuDSSNewtonSolver: solve finished in 0.12s  res=6.100e-06
[07-01 19:29:25][DEBUG] jax_fem: CuDSSNewtonSolver: starting Newton loop
[07-01 19:29:25][DEBUG] jax_fem: DeviceProblem: computing Jacobian on device
[07-01 19:29:25][DEBUG] jax_fem: Function split_and_compute_cell took 0.0321 seconds
[07-01 19:29:25][DEBUG] jax_fem: CuDSSNewtonSolver: initial residual = 2.237e+08
[07-01 19:29:25][DEBUG] jax_fem: DeviceProblem: computing Jacobian on device
[07-01 19:29:25][DEBUG] jax_fem: Function split_and_compute_cell took 0.0298 seconds
[07-01 19:29:25][DEBUG] jax_fem: CuDSSNewtonSolver: iter=1  res=1.601e-05  rel=7.158e-14
[07-01 19:29:25][INFO] jax_fem: CuDSSNewtonSolver: solve finished in 0.11s  res=1.601e-05
[07-01 19:29:26][DEBUG] jax_fem: CuDSSNewtonSolver: starting Newton loop
[07-01 19:29:26][DEBUG] jax_fem: DeviceProblem: computing Jacobian on device
[07-01 19:29:26][DEBUG] jax_fem: Function split_and_compute_cell took 0.0423 seconds
[07-01 19:29:26][DEBUG] jax_fem: CuDSSNewtonSolver: initial residual = 2.223e+08
[07-01 19:29:26][DEBUG] jax_fem: DeviceProblem: computing Jacobian on device
[07-01 19:29:26][DEBUG] jax_fem: Function split_and_compute_cell took 0.0378 seconds
[07-01 19:29:26][DEBUG] jax_fem: CuDSSNewtonSolver: iter=1  res=6.865e-06  rel=3.088e-14
[07-01 19:29:26][INFO] jax_fem: CuDSSNewtonSolver: solve finished in 0.12s  res=6.865e-06
[07-01 19:29:28][DEBUG] jax_fem: CuDSSNewtonSolver: starting Newton loop
[07-01 19:29:28][DEBUG] jax_fem: DeviceProblem: computing Jacobian on device
[07-01 19:29:28][DEBUG] jax_fem: Function split_and_compute_cell took 0.0286 seconds
[07-01 19:29:28][DEBUG] jax_fem: CuDSSNewtonSolver: initial residual = 2.235e+08
[07-01 19:29:28][DEBUG] jax_fem: DeviceProblem: computing Jacobian on device
[07-01 19:29:28][DEBUG] jax_fem: Function split_and_compute_cell took 0.0287 seconds
[07-01 19:29:28][DEBUG] jax_fem: CuDSSNewtonSolver: iter=1  res=7.805e-06  rel=3.492e-14
[07-01 19:29:28][INFO] jax_fem: CuDSSNewtonSolver: solve finished in 0.10s  res=7.805e-06
[07-01 19:29:28][DEBUG] jax_fem: CuDSSNewtonSolver: starting Newton loop
[07-01 19:29:28][DEBUG] jax_fem: DeviceProblem: computing Jacobian on device
[07-01 19:29:28][DEBUG] jax_fem: Function split_and_compute_cell took 0.0304 seconds
[07-01 19:29:28][DEBUG] jax_fem: CuDSSNewtonSolver: initial residual = 2.217e+08
[07-01 19:29:28][DEBUG] jax_fem: DeviceProblem: computing Jacobian on device
[07-01 19:29:28][DEBUG] jax_fem: Function split_and_compute_cell took 0.0289 seconds
[07-01 19:29:28][DEBUG] jax_fem: CuDSSNewtonSolver: iter=1  res=7.381e-06  rel=3.330e-14
[07-01 19:29:28][INFO] jax_fem: CuDSSNewtonSolver: solve finished in 0.10s  res=7.381e-06
[07-01 19:29:29][DEBUG] jax_fem: CuDSSNewtonSolver: starting Newton loop
[07-01 19:29:29][DEBUG] jax_fem: DeviceProblem: computing Jacobian on device
[07-01 19:29:29][DEBUG] jax_fem: Function split_and_compute_cell took 0.0259 seconds
[07-01 19:29:29][DEBUG] jax_fem: CuDSSNewtonSolver: initial residual = 2.211e+08
[07-01 19:29:29][DEBUG] jax_fem: DeviceProblem: computing Jacobian on device
[07-01 19:29:29][DEBUG] jax_fem: Function split_and_compute_cell took 0.0288 seconds
[07-01 19:29:29][DEBUG] jax_fem: CuDSSNewtonSolver: iter=1  res=6.138e-06  rel=2.776e-14
[07-01 19:29:29][INFO] jax_fem: CuDSSNewtonSolver: solve finished in 0.09s  res=6.138e-06
[07-01 19:29:29][DEBUG] jax_fem: CuDSSNewtonSolver: starting Newton loop
[07-01 19:29:29][DEBUG] jax_fem: DeviceProblem: computing Jacobian on device
[07-01 19:29:29][DEBUG] jax_fem: Function split_and_compute_cell took 0.0273 seconds
[07-01 19:29:29][DEBUG] jax_fem: CuDSSNewtonSolver: initial residual = 2.237e+08
[07-01 19:29:29][DEBUG] jax_fem: DeviceProblem: computing Jacobian on device
[07-01 19:29:29][DEBUG] jax_fem: Function split_and_compute_cell took 0.0282 seconds
[07-01 19:29:29][DEBUG] jax_fem: CuDSSNewtonSolver: iter=1  res=1.593e-05  rel=7.120e-14
[07-01 19:29:29][INFO] jax_fem: CuDSSNewtonSolver: solve finished in 0.09s  res=1.593e-05
[07-01 19:29:30][DEBUG] jax_fem: CuDSSNewtonSolver: starting Newton loop
[07-01 19:29:30][DEBUG] jax_fem: DeviceProblem: computing Jacobian on device
[07-01 19:29:30][DEBUG] jax_fem: Function split_and_compute_cell took 0.0279 seconds
[07-01 19:29:30][DEBUG] jax_fem: CuDSSNewtonSolver: initial residual = 2.223e+08
[07-01 19:29:30][DEBUG] jax_fem: DeviceProblem: computing Jacobian on device
[07-01 19:29:30][DEBUG] jax_fem: Function split_and_compute_cell took 0.0268 seconds
[07-01 19:29:30][DEBUG] jax_fem: CuDSSNewtonSolver: iter=1  res=6.899e-06  rel=3.103e-14
[07-01 19:29:30][INFO] jax_fem: CuDSSNewtonSolver: solve finished in 0.09s  res=6.899e-06
[07-01 19:29:30][INFO] jax_fem: CuDSS backward: solving adjoint problem …
[07-01 19:29:30][DEBUG] jax_fem: DeviceProblem: computing Jacobian on device
[07-01 19:29:30][DEBUG] jax_fem: Function split_and_compute_cell took 0.0475 seconds
[07-01 19:29:30][DEBUG] jax_fem: Computing cell residual...
[07-01 19:29:30][DEBUG] jax_fem: Function split_and_compute_cell took 0.0633 seconds
[07-01 19:29:31][INFO] jax_fem: CuDSS backward: solving adjoint problem …
[07-01 19:29:31][DEBUG] jax_fem: DeviceProblem: computing Jacobian on device
[07-01 19:29:31][DEBUG] jax_fem: Function split_and_compute_cell took 0.0591 seconds
[07-01 19:29:31][DEBUG] jax_fem: Computing cell residual...
[07-01 19:29:31][DEBUG] jax_fem: Function split_and_compute_cell took 0.0758 seconds
[07-01 19:29:31][INFO] jax_fem: CuDSS backward: solving adjoint problem …
[07-01 19:29:31][DEBUG] jax_fem: DeviceProblem: computing Jacobian on device
[07-01 19:29:31][DEBUG] jax_fem: Function split_and_compute_cell took 0.0364 seconds
[07-01 19:29:31][DEBUG] jax_fem: Computing cell residual...
[07-01 19:29:31][DEBUG] jax_fem: Function split_and_compute_cell took 0.0751 seconds
[07-01 19:29:32][INFO] jax_fem: CuDSS backward: solving adjoint problem …
[07-01 19:29:32][DEBUG] jax_fem: DeviceProblem: computing Jacobian on device
[07-01 19:29:32][DEBUG] jax_fem: Function split_and_compute_cell took 0.0381 seconds
[07-01 19:29:32][DEBUG] jax_fem: Computing cell residual...
[07-01 19:29:32][DEBUG] jax_fem: Function split_and_compute_cell took 0.0573 seconds
[07-01 19:29:32][INFO] jax_fem: CuDSS backward: solving adjoint problem …
[07-01 19:29:32][DEBUG] jax_fem: DeviceProblem: computing Jacobian on device
[07-01 19:29:32][DEBUG] jax_fem: Function split_and_compute_cell took 0.0438 seconds
[07-01 19:29:32][DEBUG] jax_fem: Computing cell residual...
[07-01 19:29:32][DEBUG] jax_fem: Function split_and_compute_cell took 0.0641 seconds
[07-01 19:29:34][DEBUG] jax_fem: CuDSSNewtonSolver: starting Newton loop
[07-01 19:29:34][DEBUG] jax_fem: DeviceProblem: computing Jacobian on device
[07-01 19:29:34][DEBUG] jax_fem: Function split_and_compute_cell took 0.0495 seconds
[07-01 19:29:34][DEBUG] jax_fem: CuDSSNewtonSolver: initial residual = 2.235e+08
[07-01 19:29:34][DEBUG] jax_fem: DeviceProblem: computing Jacobian on device
[07-01 19:29:34][DEBUG] jax_fem: Function split_and_compute_cell took 0.0267 seconds
[07-01 19:29:34][DEBUG] jax_fem: CuDSSNewtonSolver: iter=1  res=7.033e-06  rel=3.146e-14
[07-01 19:29:34][INFO] jax_fem: CuDSSNewtonSolver: solve finished in 0.11s  res=7.033e-06
[07-01 19:29:34][DEBUG] jax_fem: CuDSSNewtonSolver: starting Newton loop
[07-01 19:29:34][DEBUG] jax_fem: DeviceProblem: computing Jacobian on device
[07-01 19:29:34][DEBUG] jax_fem: Function split_and_compute_cell took 0.0406 seconds
[07-01 19:29:34][DEBUG] jax_fem: CuDSSNewtonSolver: initial residual = 2.217e+08
[07-01 19:29:34][DEBUG] jax_fem: DeviceProblem: computing Jacobian on device
[07-01 19:29:34][DEBUG] jax_fem: Function split_and_compute_cell took 0.0301 seconds
[07-01 19:29:34][DEBUG] jax_fem: CuDSSNewtonSolver: iter=1  res=6.251e-06  rel=2.820e-14
[07-01 19:29:34][INFO] jax_fem: CuDSSNewtonSolver: solve finished in 0.11s  res=6.251e-06
[07-01 19:29:34][DEBUG] jax_fem: CuDSSNewtonSolver: starting Newton loop
[07-01 19:29:34][DEBUG] jax_fem: DeviceProblem: computing Jacobian on device
[07-01 19:29:34][DEBUG] jax_fem: Function split_and_compute_cell took 0.0502 seconds
[07-01 19:29:34][DEBUG] jax_fem: CuDSSNewtonSolver: initial residual = 2.211e+08
[07-01 19:29:35][DEBUG] jax_fem: DeviceProblem: computing Jacobian on device
[07-01 19:29:35][DEBUG] jax_fem: Function split_and_compute_cell took 0.0534 seconds
[07-01 19:29:35][DEBUG] jax_fem: CuDSSNewtonSolver: iter=1  res=6.259e-06  rel=2.831e-14
[07-01 19:29:35][INFO] jax_fem: CuDSSNewtonSolver: solve finished in 0.15s  res=6.259e-06
[07-01 19:29:35][DEBUG] jax_fem: CuDSSNewtonSolver: starting Newton loop
[07-01 19:29:35][DEBUG] jax_fem: DeviceProblem: computing Jacobian on device
[07-01 19:29:35][DEBUG] jax_fem: Function split_and_compute_cell took 0.0362 seconds
[07-01 19:29:35][DEBUG] jax_fem: CuDSSNewtonSolver: initial residual = 2.237e+08
[07-01 19:29:35][DEBUG] jax_fem: DeviceProblem: computing Jacobian on device
[07-01 19:29:35][DEBUG] jax_fem: Function split_and_compute_cell took 0.0399 seconds
[07-01 19:29:35][DEBUG] jax_fem: CuDSSNewtonSolver: iter=1  res=1.157e-05  rel=5.173e-14
[07-01 19:29:35][INFO] jax_fem: CuDSSNewtonSolver: solve finished in 0.11s  res=1.157e-05
[07-01 19:29:35][DEBUG] jax_fem: CuDSSNewtonSolver: starting Newton loop
[07-01 19:29:35][DEBUG] jax_fem: DeviceProblem: computing Jacobian on device
[07-01 19:29:35][DEBUG] jax_fem: Function split_and_compute_cell took 0.0392 seconds
[07-01 19:29:35][DEBUG] jax_fem: CuDSSNewtonSolver: initial residual = 2.223e+08
[07-01 19:29:35][DEBUG] jax_fem: DeviceProblem: computing Jacobian on device
[07-01 19:29:35][DEBUG] jax_fem: Function split_and_compute_cell took 0.0473 seconds
[07-01 19:29:35][DEBUG] jax_fem: CuDSSNewtonSolver: iter=1  res=6.536e-06  rel=2.940e-14
[07-01 19:29:35][INFO] jax_fem: CuDSSNewtonSolver: solve finished in 0.13s  res=6.536e-06
[07-01 19:29:37][DEBUG] jax_fem: CuDSSNewtonSolver: starting Newton loop
[07-01 19:29:37][DEBUG] jax_fem: DeviceProblem: computing Jacobian on device
[07-01 19:29:37][DEBUG] jax_fem: Function split_and_compute_cell took 0.0283 seconds
[07-01 19:29:37][DEBUG] jax_fem: CuDSSNewtonSolver: initial residual = 2.235e+08
[07-01 19:29:37][DEBUG] jax_fem: DeviceProblem: computing Jacobian on device
[07-01 19:29:37][DEBUG] jax_fem: Function split_and_compute_cell took 0.0290 seconds
[07-01 19:29:37][DEBUG] jax_fem: CuDSSNewtonSolver: iter=1  res=6.948e-06  rel=3.109e-14
[07-01 19:29:37][INFO] jax_fem: CuDSSNewtonSolver: solve finished in 0.09s  res=6.948e-06
[07-01 19:29:38][DEBUG] jax_fem: CuDSSNewtonSolver: starting Newton loop
[07-01 19:29:38][DEBUG] jax_fem: DeviceProblem: computing Jacobian on device
[07-01 19:29:38][DEBUG] jax_fem: Function split_and_compute_cell took 0.0295 seconds
[07-01 19:29:38][DEBUG] jax_fem: CuDSSNewtonSolver: initial residual = 2.217e+08
[07-01 19:29:38][DEBUG] jax_fem: DeviceProblem: computing Jacobian on device
[07-01 19:29:38][DEBUG] jax_fem: Function split_and_compute_cell took 0.0282 seconds
[07-01 19:29:38][DEBUG] jax_fem: CuDSSNewtonSolver: iter=1  res=6.484e-06  rel=2.925e-14
[07-01 19:29:38][INFO] jax_fem: CuDSSNewtonSolver: solve finished in 0.09s  res=6.484e-06
[07-01 19:29:38][DEBUG] jax_fem: CuDSSNewtonSolver: starting Newton loop
[07-01 19:29:38][DEBUG] jax_fem: DeviceProblem: computing Jacobian on device
[07-01 19:29:38][DEBUG] jax_fem: Function split_and_compute_cell took 0.0293 seconds
[07-01 19:29:38][DEBUG] jax_fem: CuDSSNewtonSolver: initial residual = 2.211e+08
[07-01 19:29:38][DEBUG] jax_fem: DeviceProblem: computing Jacobian on device
[07-01 19:29:38][DEBUG] jax_fem: Function split_and_compute_cell took 0.0278 seconds
[07-01 19:29:38][DEBUG] jax_fem: CuDSSNewtonSolver: iter=1  res=6.157e-06  rel=2.785e-14
[07-01 19:29:38][INFO] jax_fem: CuDSSNewtonSolver: solve finished in 0.09s  res=6.157e-06
[07-01 19:29:39][DEBUG] jax_fem: CuDSSNewtonSolver: starting Newton loop
[07-01 19:29:39][DEBUG] jax_fem: DeviceProblem: computing Jacobian on device
[07-01 19:29:39][DEBUG] jax_fem: Function split_and_compute_cell took 0.0278 seconds
[07-01 19:29:39][DEBUG] jax_fem: CuDSSNewtonSolver: initial residual = 2.237e+08
[07-01 19:29:39][DEBUG] jax_fem: DeviceProblem: computing Jacobian on device
[07-01 19:29:39][DEBUG] jax_fem: Function split_and_compute_cell took 0.0285 seconds
[07-01 19:29:39][DEBUG] jax_fem: CuDSSNewtonSolver: iter=1  res=1.223e-05  rel=5.467e-14
[07-01 19:29:39][INFO] jax_fem: CuDSSNewtonSolver: solve finished in 0.09s  res=1.223e-05
[07-01 19:29:39][DEBUG] jax_fem: CuDSSNewtonSolver: starting Newton loop
[07-01 19:29:39][DEBUG] jax_fem: DeviceProblem: computing Jacobian on device
[07-01 19:29:40][DEBUG] jax_fem: Function split_and_compute_cell took 0.0289 seconds
[07-01 19:29:40][DEBUG] jax_fem: CuDSSNewtonSolver: initial residual = 2.223e+08
[07-01 19:29:40][DEBUG] jax_fem: DeviceProblem: computing Jacobian on device
[07-01 19:29:40][DEBUG] jax_fem: Function split_and_compute_cell took 0.0293 seconds
[07-01 19:29:40][DEBUG] jax_fem: CuDSSNewtonSolver: iter=1  res=6.558e-06  rel=2.950e-14
[07-01 19:29:40][INFO] jax_fem: CuDSSNewtonSolver: solve finished in 0.09s  res=6.558e-06
[07-01 19:29:40][INFO] jax_fem: CuDSS backward: solving adjoint problem …
[07-01 19:29:40][DEBUG] jax_fem: DeviceProblem: computing Jacobian on device
[07-01 19:29:40][DEBUG] jax_fem: Function split_and_compute_cell took 0.0316 seconds
[07-01 19:29:40][DEBUG] jax_fem: Computing cell residual...
[07-01 19:29:40][DEBUG] jax_fem: Function split_and_compute_cell took 0.0696 seconds
[07-01 19:29:40][INFO] jax_fem: CuDSS backward: solving adjoint problem …
[07-01 19:29:40][DEBUG] jax_fem: DeviceProblem: computing Jacobian on device
[07-01 19:29:40][DEBUG] jax_fem: Function split_and_compute_cell took 0.0335 seconds
[07-01 19:29:40][DEBUG] jax_fem: Computing cell residual...
[07-01 19:29:40][DEBUG] jax_fem: Function split_and_compute_cell took 0.0722 seconds
[07-01 19:29:40][INFO] jax_fem: CuDSS backward: solving adjoint problem …
[07-01 19:29:40][DEBUG] jax_fem: DeviceProblem: computing Jacobian on device
[07-01 19:29:40][DEBUG] jax_fem: Function split_and_compute_cell took 0.0447 seconds
[07-01 19:29:41][DEBUG] jax_fem: Computing cell residual...
[07-01 19:29:41][DEBUG] jax_fem: Function split_and_compute_cell took 0.0682 seconds
[07-01 19:29:41][INFO] jax_fem: CuDSS backward: solving adjoint problem …
[07-01 19:29:41][DEBUG] jax_fem: DeviceProblem: computing Jacobian on device
[07-01 19:29:41][DEBUG] jax_fem: Function split_and_compute_cell took 0.0417 seconds
[07-01 19:29:41][DEBUG] jax_fem: Computing cell residual...
[07-01 19:29:41][DEBUG] jax_fem: Function split_and_compute_cell took 0.0568 seconds
[07-01 19:29:41][INFO] jax_fem: CuDSS backward: solving adjoint problem …
[07-01 19:29:41][DEBUG] jax_fem: DeviceProblem: computing Jacobian on device
[07-01 19:29:41][DEBUG] jax_fem: Function split_and_compute_cell took 0.0351 seconds
[07-01 19:29:41][DEBUG] jax_fem: Computing cell residual...
[07-01 19:29:41][DEBUG] jax_fem: Function split_and_compute_cell took 0.0702 seconds
[07-01 19:29:43][DEBUG] jax_fem: CuDSSNewtonSolver: starting Newton loop
[07-01 19:29:43][DEBUG] jax_fem: DeviceProblem: computing Jacobian on device
[07-01 19:29:43][DEBUG] jax_fem: Function split_and_compute_cell took 0.0423 seconds
[07-01 19:29:43][DEBUG] jax_fem: CuDSSNewtonSolver: initial residual = 2.235e+08
[07-01 19:29:43][DEBUG] jax_fem: DeviceProblem: computing Jacobian on device
[07-01 19:29:43][DEBUG] jax_fem: Function split_and_compute_cell took 0.0363 seconds
[07-01 19:29:43][DEBUG] jax_fem: CuDSSNewtonSolver: iter=1  res=7.537e-06  rel=3.372e-14
[07-01 19:29:43][INFO] jax_fem: CuDSSNewtonSolver: solve finished in 0.12s  res=7.537e-06
[07-01 19:29:43][DEBUG] jax_fem: CuDSSNewtonSolver: starting Newton loop
[07-01 19:29:43][DEBUG] jax_fem: DeviceProblem: computing Jacobian on device
[07-01 19:29:43][DEBUG] jax_fem: Function split_and_compute_cell took 0.0306 seconds
[07-01 19:29:43][DEBUG] jax_fem: CuDSSNewtonSolver: initial residual = 2.217e+08
[07-01 19:29:43][DEBUG] jax_fem: DeviceProblem: computing Jacobian on device
[07-01 19:29:44][DEBUG] jax_fem: Function split_and_compute_cell took 0.0378 seconds
[07-01 19:29:44][DEBUG] jax_fem: CuDSSNewtonSolver: iter=1  res=6.333e-06  rel=2.857e-14
[07-01 19:29:44][INFO] jax_fem: CuDSSNewtonSolver: solve finished in 0.11s  res=6.333e-06
[07-01 19:29:44][DEBUG] jax_fem: CuDSSNewtonSolver: starting Newton loop
[07-01 19:29:44][DEBUG] jax_fem: DeviceProblem: computing Jacobian on device
[07-01 19:29:44][DEBUG] jax_fem: Function split_and_compute_cell took 0.0376 seconds
[07-01 19:29:44][DEBUG] jax_fem: CuDSSNewtonSolver: initial residual = 2.211e+08
[07-01 19:29:44][DEBUG] jax_fem: DeviceProblem: computing Jacobian on device
[07-01 19:29:44][DEBUG] jax_fem: Function split_and_compute_cell took 0.0410 seconds
[07-01 19:29:44][DEBUG] jax_fem: CuDSSNewtonSolver: iter=1  res=6.471e-06  rel=2.927e-14
[07-01 19:29:44][INFO] jax_fem: CuDSSNewtonSolver: solve finished in 0.12s  res=6.471e-06
[07-01 19:29:44][DEBUG] jax_fem: CuDSSNewtonSolver: starting Newton loop
[07-01 19:29:44][DEBUG] jax_fem: DeviceProblem: computing Jacobian on device
[07-01 19:29:44][DEBUG] jax_fem: Function split_and_compute_cell took 0.0369 seconds
[07-01 19:29:44][DEBUG] jax_fem: CuDSSNewtonSolver: initial residual = 2.237e+08
[07-01 19:29:44][DEBUG] jax_fem: DeviceProblem: computing Jacobian on device
[07-01 19:29:44][DEBUG] jax_fem: Function split_and_compute_cell took 0.0364 seconds
[07-01 19:29:44][DEBUG] jax_fem: CuDSSNewtonSolver: iter=1  res=1.134e-05  rel=5.069e-14
[07-01 19:29:44][INFO] jax_fem: CuDSSNewtonSolver: solve finished in 0.12s  res=1.134e-05
[07-01 19:29:44][DEBUG] jax_fem: CuDSSNewtonSolver: starting Newton loop
[07-01 19:29:44][DEBUG] jax_fem: DeviceProblem: computing Jacobian on device
[07-01 19:29:45][DEBUG] jax_fem: Function split_and_compute_cell took 0.0256 seconds
[07-01 19:29:45][DEBUG] jax_fem: CuDSSNewtonSolver: initial residual = 2.223e+08
[07-01 19:29:45][DEBUG] jax_fem: DeviceProblem: computing Jacobian on device
[07-01 19:29:45][DEBUG] jax_fem: Function split_and_compute_cell took 0.0499 seconds
[07-01 19:29:45][DEBUG] jax_fem: CuDSSNewtonSolver: iter=1  res=6.570e-06  rel=2.955e-14
[07-01 19:29:45][INFO] jax_fem: CuDSSNewtonSolver: solve finished in 0.12s  res=6.570e-06
[07-01 19:29:46][DEBUG] jax_fem: CuDSSNewtonSolver: starting Newton loop
[07-01 19:29:46][DEBUG] jax_fem: DeviceProblem: computing Jacobian on device
[07-01 19:29:46][DEBUG] jax_fem: Function split_and_compute_cell took 0.0276 seconds
[07-01 19:29:46][DEBUG] jax_fem: CuDSSNewtonSolver: initial residual = 2.235e+08
[07-01 19:29:46][DEBUG] jax_fem: DeviceProblem: computing Jacobian on device
[07-01 19:29:47][DEBUG] jax_fem: Function split_and_compute_cell took 0.0391 seconds
[07-01 19:29:47][DEBUG] jax_fem: CuDSSNewtonSolver: iter=1  res=7.218e-06  rel=3.229e-14
[07-01 19:29:47][INFO] jax_fem: CuDSSNewtonSolver: solve finished in 0.11s  res=7.218e-06
[07-01 19:29:47][DEBUG] jax_fem: CuDSSNewtonSolver: starting Newton loop
[07-01 19:29:47][DEBUG] jax_fem: DeviceProblem: computing Jacobian on device
[07-01 19:29:47][DEBUG] jax_fem: Function split_and_compute_cell took 0.0286 seconds
[07-01 19:29:47][DEBUG] jax_fem: CuDSSNewtonSolver: initial residual = 2.217e+08
[07-01 19:29:47][DEBUG] jax_fem: DeviceProblem: computing Jacobian on device
[07-01 19:29:47][DEBUG] jax_fem: Function split_and_compute_cell took 0.0306 seconds
[07-01 19:29:47][DEBUG] jax_fem: CuDSSNewtonSolver: iter=1  res=6.439e-06  rel=2.905e-14
[07-01 19:29:47][INFO] jax_fem: CuDSSNewtonSolver: solve finished in 0.10s  res=6.439e-06
[07-01 19:29:48][DEBUG] jax_fem: CuDSSNewtonSolver: starting Newton loop
[07-01 19:29:48][DEBUG] jax_fem: DeviceProblem: computing Jacobian on device
[07-01 19:29:48][DEBUG] jax_fem: Function split_and_compute_cell took 0.0300 seconds
[07-01 19:29:48][DEBUG] jax_fem: CuDSSNewtonSolver: initial residual = 2.211e+08
[07-01 19:29:48][DEBUG] jax_fem: DeviceProblem: computing Jacobian on device
[07-01 19:29:48][DEBUG] jax_fem: Function split_and_compute_cell took 0.0274 seconds
[07-01 19:29:48][DEBUG] jax_fem: CuDSSNewtonSolver: iter=1  res=6.257e-06  rel=2.830e-14
[07-01 19:29:48][INFO] jax_fem: CuDSSNewtonSolver: solve finished in 0.09s  res=6.257e-06
[07-01 19:29:48][DEBUG] jax_fem: CuDSSNewtonSolver: starting Newton loop
[07-01 19:29:48][DEBUG] jax_fem: DeviceProblem: computing Jacobian on device
[07-01 19:29:48][DEBUG] jax_fem: Function split_and_compute_cell took 0.0306 seconds
[07-01 19:29:48][DEBUG] jax_fem: CuDSSNewtonSolver: initial residual = 2.237e+08
[07-01 19:29:48][DEBUG] jax_fem: DeviceProblem: computing Jacobian on device
[07-01 19:29:48][DEBUG] jax_fem: Function split_and_compute_cell took 0.0283 seconds
[07-01 19:29:48][DEBUG] jax_fem: CuDSSNewtonSolver: iter=1  res=1.103e-05  rel=4.929e-14
[07-01 19:29:48][INFO] jax_fem: CuDSSNewtonSolver: solve finished in 0.09s  res=1.103e-05
[07-01 19:29:49][DEBUG] jax_fem: CuDSSNewtonSolver: starting Newton loop
[07-01 19:29:49][DEBUG] jax_fem: DeviceProblem: computing Jacobian on device
[07-01 19:29:49][DEBUG] jax_fem: Function split_and_compute_cell took 0.0277 seconds
[07-01 19:29:49][DEBUG] jax_fem: CuDSSNewtonSolver: initial residual = 2.223e+08
[07-01 19:29:49][DEBUG] jax_fem: DeviceProblem: computing Jacobian on device
[07-01 19:29:49][DEBUG] jax_fem: Function split_and_compute_cell took 0.0274 seconds
[07-01 19:29:49][DEBUG] jax_fem: CuDSSNewtonSolver: iter=1  res=6.505e-06  rel=2.926e-14
[07-01 19:29:49][INFO] jax_fem: CuDSSNewtonSolver: solve finished in 0.09s  res=6.505e-06
[07-01 19:29:49][INFO] jax_fem: CuDSS backward: solving adjoint problem …
[07-01 19:29:49][DEBUG] jax_fem: DeviceProblem: computing Jacobian on device
[07-01 19:29:49][DEBUG] jax_fem: Function split_and_compute_cell took 0.0288 seconds
[07-01 19:29:49][DEBUG] jax_fem: Computing cell residual...
[07-01 19:29:49][DEBUG] jax_fem: Function split_and_compute_cell took 0.0683 seconds
[07-01 19:29:49][INFO] jax_fem: CuDSS backward: solving adjoint problem …
[07-01 19:29:49][DEBUG] jax_fem: DeviceProblem: computing Jacobian on device
[07-01 19:29:49][DEBUG] jax_fem: Function split_and_compute_cell took 0.0346 seconds
[07-01 19:29:50][DEBUG] jax_fem: Computing cell residual...
[07-01 19:29:50][DEBUG] jax_fem: Function split_and_compute_cell took 0.0602 seconds
[07-01 19:29:50][INFO] jax_fem: CuDSS backward: solving adjoint problem …
[07-01 19:29:50][DEBUG] jax_fem: DeviceProblem: computing Jacobian on device
[07-01 19:29:50][DEBUG] jax_fem: Function split_and_compute_cell took 0.0300 seconds
[07-01 19:29:50][DEBUG] jax_fem: Computing cell residual...
[07-01 19:29:50][DEBUG] jax_fem: Function split_and_compute_cell took 0.0703 seconds
[07-01 19:29:50][INFO] jax_fem: CuDSS backward: solving adjoint problem …
[07-01 19:29:50][DEBUG] jax_fem: DeviceProblem: computing Jacobian on device
[07-01 19:29:50][DEBUG] jax_fem: Function split_and_compute_cell took 0.0265 seconds
[07-01 19:29:50][DEBUG] jax_fem: Computing cell residual...
[07-01 19:29:50][DEBUG] jax_fem: Function split_and_compute_cell took 0.0685 seconds
[07-01 19:29:51][INFO] jax_fem: CuDSS backward: solving adjoint problem …
[07-01 19:29:51][DEBUG] jax_fem: DeviceProblem: computing Jacobian on device
[07-01 19:29:51][DEBUG] jax_fem: Function split_and_compute_cell took 0.0407 seconds
[07-01 19:29:51][DEBUG] jax_fem: Computing cell residual...
[07-01 19:29:51][DEBUG] jax_fem: Function split_and_compute_cell took 0.0681 seconds
[07-01 19:29:52][DEBUG] jax_fem: CuDSSNewtonSolver: starting Newton loop
[07-01 19:29:52][DEBUG] jax_fem: DeviceProblem: computing Jacobian on device
[07-01 19:29:52][DEBUG] jax_fem: Function split_and_compute_cell took 0.0345 seconds
[07-01 19:29:52][DEBUG] jax_fem: CuDSSNewtonSolver: initial residual = 2.235e+08
[07-01 19:29:52][DEBUG] jax_fem: DeviceProblem: computing Jacobian on device
[07-01 19:29:52][DEBUG] jax_fem: Function split_and_compute_cell took 0.0493 seconds
[07-01 19:29:52][DEBUG] jax_fem: CuDSSNewtonSolver: iter=1  res=7.189e-06  rel=3.216e-14
[07-01 19:29:52][INFO] jax_fem: CuDSSNewtonSolver: solve finished in 0.13s  res=7.189e-06
[07-01 19:29:53][DEBUG] jax_fem: CuDSSNewtonSolver: starting Newton loop
[07-01 19:29:53][DEBUG] jax_fem: DeviceProblem: computing Jacobian on device
[07-01 19:29:53][DEBUG] jax_fem: Function split_and_compute_cell took 0.0345 seconds
[07-01 19:29:53][DEBUG] jax_fem: CuDSSNewtonSolver: initial residual = 2.217e+08
[07-01 19:29:53][DEBUG] jax_fem: DeviceProblem: computing Jacobian on device
[07-01 19:29:53][DEBUG] jax_fem: Function split_and_compute_cell took 0.0369 seconds
[07-01 19:29:53][DEBUG] jax_fem: CuDSSNewtonSolver: iter=1  res=6.431e-06  rel=2.901e-14
[07-01 19:29:53][INFO] jax_fem: CuDSSNewtonSolver: solve finished in 0.11s  res=6.431e-06
[07-01 19:29:53][DEBUG] jax_fem: CuDSSNewtonSolver: starting Newton loop
[07-01 19:29:53][DEBUG] jax_fem: DeviceProblem: computing Jacobian on device
[07-01 19:29:53][DEBUG] jax_fem: Function split_and_compute_cell took 0.0348 seconds
[07-01 19:29:53][DEBUG] jax_fem: CuDSSNewtonSolver: initial residual = 2.211e+08
[07-01 19:29:53][DEBUG] jax_fem: DeviceProblem: computing Jacobian on device
[07-01 19:29:53][DEBUG] jax_fem: Function split_and_compute_cell took 0.0269 seconds
[07-01 19:29:53][DEBUG] jax_fem: CuDSSNewtonSolver: iter=1  res=6.109e-06  rel=2.763e-14
[07-01 19:29:53][INFO] jax_fem: CuDSSNewtonSolver: solve finished in 0.11s  res=6.109e-06
[07-01 19:29:53][DEBUG] jax_fem: CuDSSNewtonSolver: starting Newton loop
[07-01 19:29:53][DEBUG] jax_fem: DeviceProblem: computing Jacobian on device
[07-01 19:29:53][DEBUG] jax_fem: Function split_and_compute_cell took 0.0618 seconds
[07-01 19:29:53][DEBUG] jax_fem: CuDSSNewtonSolver: initial residual = 2.237e+08
[07-01 19:29:53][DEBUG] jax_fem: DeviceProblem: computing Jacobian on device
[07-01 19:29:53][DEBUG] jax_fem: Function split_and_compute_cell took 0.0297 seconds
[07-01 19:29:53][DEBUG] jax_fem: CuDSSNewtonSolver: iter=1  res=1.068e-05  rel=4.774e-14
[07-01 19:29:53][INFO] jax_fem: CuDSSNewtonSolver: solve finished in 0.13s  res=1.068e-05
[07-01 19:29:54][DEBUG] jax_fem: CuDSSNewtonSolver: starting Newton loop
[07-01 19:29:54][DEBUG] jax_fem: DeviceProblem: computing Jacobian on device
[07-01 19:29:54][DEBUG] jax_fem: Function split_and_compute_cell took 0.0338 seconds
[07-01 19:29:54][DEBUG] jax_fem: CuDSSNewtonSolver: initial residual = 2.223e+08
[07-01 19:29:54][DEBUG] jax_fem: DeviceProblem: computing Jacobian on device
[07-01 19:29:54][DEBUG] jax_fem: Function split_and_compute_cell took 0.0334 seconds
[07-01 19:29:54][DEBUG] jax_fem: CuDSSNewtonSolver: iter=1  res=6.534e-06  rel=2.939e-14
[07-01 19:29:54][INFO] jax_fem: CuDSSNewtonSolver: solve finished in 0.11s  res=6.534e-06
[07-01 19:29:55][DEBUG] jax_fem: CuDSSNewtonSolver: starting Newton loop
[07-01 19:29:55][DEBUG] jax_fem: DeviceProblem: computing Jacobian on device
[07-01 19:29:56][DEBUG] jax_fem: Function split_and_compute_cell took 0.0300 seconds
[07-01 19:29:56][DEBUG] jax_fem: CuDSSNewtonSolver: initial residual = 2.235e+08
[07-01 19:29:56][DEBUG] jax_fem: DeviceProblem: computing Jacobian on device
[07-01 19:29:56][DEBUG] jax_fem: Function split_and_compute_cell took 0.0278 seconds
[07-01 19:29:56][DEBUG] jax_fem: CuDSSNewtonSolver: iter=1  res=7.077e-06  rel=3.166e-14
[07-01 19:29:56][INFO] jax_fem: CuDSSNewtonSolver: solve finished in 0.09s  res=7.077e-06
[07-01 19:29:56][DEBUG] jax_fem: CuDSSNewtonSolver: starting Newton loop
[07-01 19:29:56][DEBUG] jax_fem: DeviceProblem: computing Jacobian on device
[07-01 19:29:56][DEBUG] jax_fem: Function split_and_compute_cell took 0.0278 seconds
[07-01 19:29:56][DEBUG] jax_fem: CuDSSNewtonSolver: initial residual = 2.217e+08
[07-01 19:29:56][DEBUG] jax_fem: DeviceProblem: computing Jacobian on device
[07-01 19:29:56][DEBUG] jax_fem: Function split_and_compute_cell took 0.0284 seconds
[07-01 19:29:56][DEBUG] jax_fem: CuDSSNewtonSolver: iter=1  res=6.042e-06  rel=2.726e-14
[07-01 19:29:56][INFO] jax_fem: CuDSSNewtonSolver: solve finished in 0.09s  res=6.042e-06
[07-01 19:29:57][DEBUG] jax_fem: CuDSSNewtonSolver: starting Newton loop
[07-01 19:29:57][DEBUG] jax_fem: DeviceProblem: computing Jacobian on device
[07-01 19:29:57][DEBUG] jax_fem: Function split_and_compute_cell took 0.0293 seconds
[07-01 19:29:57][DEBUG] jax_fem: CuDSSNewtonSolver: initial residual = 2.211e+08
[07-01 19:29:57][DEBUG] jax_fem: DeviceProblem: computing Jacobian on device
[07-01 19:29:57][DEBUG] jax_fem: Function split_and_compute_cell took 0.0283 seconds
[07-01 19:29:57][DEBUG] jax_fem: CuDSSNewtonSolver: iter=1  res=6.472e-06  rel=2.927e-14
[07-01 19:29:57][INFO] jax_fem: CuDSSNewtonSolver: solve finished in 0.09s  res=6.472e-06
[07-01 19:29:57][DEBUG] jax_fem: CuDSSNewtonSolver: starting Newton loop
[07-01 19:29:57][DEBUG] jax_fem: DeviceProblem: computing Jacobian on device
[07-01 19:29:57][DEBUG] jax_fem: Function split_and_compute_cell took 0.0280 seconds
[07-01 19:29:57][DEBUG] jax_fem: CuDSSNewtonSolver: initial residual = 2.237e+08
[07-01 19:29:57][DEBUG] jax_fem: DeviceProblem: computing Jacobian on device
[07-01 19:29:58][DEBUG] jax_fem: Function split_and_compute_cell took 0.0276 seconds
[07-01 19:29:58][DEBUG] jax_fem: CuDSSNewtonSolver: iter=1  res=1.074e-05  rel=4.801e-14
[07-01 19:29:58][INFO] jax_fem: CuDSSNewtonSolver: solve finished in 0.09s  res=1.074e-05
[07-01 19:29:58][DEBUG] jax_fem: CuDSSNewtonSolver: starting Newton loop
[07-01 19:29:58][DEBUG] jax_fem: DeviceProblem: computing Jacobian on device
[07-01 19:29:58][DEBUG] jax_fem: Function split_and_compute_cell took 0.0273 seconds
[07-01 19:29:58][DEBUG] jax_fem: CuDSSNewtonSolver: initial residual = 2.223e+08
[07-01 19:29:58][DEBUG] jax_fem: DeviceProblem: computing Jacobian on device
[07-01 19:29:58][DEBUG] jax_fem: Function split_and_compute_cell took 0.0283 seconds
[07-01 19:29:58][DEBUG] jax_fem: CuDSSNewtonSolver: iter=1  res=6.497e-06  rel=2.922e-14
[07-01 19:29:58][INFO] jax_fem: CuDSSNewtonSolver: solve finished in 0.09s  res=6.497e-06
[07-01 19:29:58][INFO] jax_fem: CuDSS backward: solving adjoint problem …
[07-01 19:29:58][DEBUG] jax_fem: DeviceProblem: computing Jacobian on device
[07-01 19:29:58][DEBUG] jax_fem: Function split_and_compute_cell took 0.0265 seconds
[07-01 19:29:58][DEBUG] jax_fem: Computing cell residual...
[07-01 19:29:58][DEBUG] jax_fem: Function split_and_compute_cell took 0.0711 seconds
[07-01 19:29:59][INFO] jax_fem: CuDSS backward: solving adjoint problem …
[07-01 19:29:59][DEBUG] jax_fem: DeviceProblem: computing Jacobian on device
[07-01 19:29:59][DEBUG] jax_fem: Function split_and_compute_cell took 0.0446 seconds
[07-01 19:29:59][DEBUG] jax_fem: Computing cell residual...
[07-01 19:29:59][DEBUG] jax_fem: Function split_and_compute_cell took 0.0671 seconds
[07-01 19:29:59][INFO] jax_fem: CuDSS backward: solving adjoint problem …
[07-01 19:29:59][DEBUG] jax_fem: DeviceProblem: computing Jacobian on device
[07-01 19:29:59][DEBUG] jax_fem: Function split_and_compute_cell took 0.0486 seconds
[07-01 19:29:59][DEBUG] jax_fem: Computing cell residual...
[07-01 19:29:59][DEBUG] jax_fem: Function split_and_compute_cell took 0.0674 seconds
[07-01 19:29:59][INFO] jax_fem: CuDSS backward: solving adjoint problem …
[07-01 19:29:59][DEBUG] jax_fem: DeviceProblem: computing Jacobian on device
[07-01 19:29:59][DEBUG] jax_fem: Function split_and_compute_cell took 0.0297 seconds
[07-01 19:30:00][DEBUG] jax_fem: Computing cell residual...
[07-01 19:30:00][DEBUG] jax_fem: Function split_and_compute_cell took 0.0597 seconds
[07-01 19:30:00][INFO] jax_fem: CuDSS backward: solving adjoint problem …
[07-01 19:30:00][DEBUG] jax_fem: DeviceProblem: computing Jacobian on device
[07-01 19:30:00][DEBUG] jax_fem: Function split_and_compute_cell took 0.0364 seconds
[07-01 19:30:00][DEBUG] jax_fem: Computing cell residual...
[07-01 19:30:00][DEBUG] jax_fem: Function split_and_compute_cell took 0.0691 seconds
[07-01 19:30:02][DEBUG] jax_fem: CuDSSNewtonSolver: starting Newton loop
[07-01 19:30:02][DEBUG] jax_fem: DeviceProblem: computing Jacobian on device
[07-01 19:30:02][DEBUG] jax_fem: Function split_and_compute_cell took 0.0385 seconds
[07-01 19:30:02][DEBUG] jax_fem: CuDSSNewtonSolver: initial residual = 2.235e+08
[07-01 19:30:02][DEBUG] jax_fem: DeviceProblem: computing Jacobian on device
[07-01 19:30:02][DEBUG] jax_fem: Function split_and_compute_cell took 0.0320 seconds
[07-01 19:30:02][DEBUG] jax_fem: CuDSSNewtonSolver: iter=1  res=8.119e-06  rel=3.633e-14
[07-01 19:30:02][INFO] jax_fem: CuDSSNewtonSolver: solve finished in 0.11s  res=8.119e-06
[07-01 19:30:02][DEBUG] jax_fem: CuDSSNewtonSolver: starting Newton loop
[07-01 19:30:02][DEBUG] jax_fem: DeviceProblem: computing Jacobian on device
[07-01 19:30:02][DEBUG] jax_fem: Function split_and_compute_cell took 0.0442 seconds
[07-01 19:30:02][DEBUG] jax_fem: CuDSSNewtonSolver: initial residual = 2.217e+08
[07-01 19:30:02][DEBUG] jax_fem: DeviceProblem: computing Jacobian on device
[07-01 19:30:02][DEBUG] jax_fem: Function split_and_compute_cell took 0.0359 seconds
[07-01 19:30:02][DEBUG] jax_fem: CuDSSNewtonSolver: iter=1  res=6.804e-06  rel=3.069e-14
[07-01 19:30:02][INFO] jax_fem: CuDSSNewtonSolver: solve finished in 0.12s  res=6.804e-06
[07-01 19:30:02][DEBUG] jax_fem: CuDSSNewtonSolver: starting Newton loop
[07-01 19:30:02][DEBUG] jax_fem: DeviceProblem: computing Jacobian on device
[07-01 19:30:02][DEBUG] jax_fem: Function split_and_compute_cell took 0.0284 seconds
[07-01 19:30:02][DEBUG] jax_fem: CuDSSNewtonSolver: initial residual = 2.211e+08
[07-01 19:30:02][DEBUG] jax_fem: DeviceProblem: computing Jacobian on device
[07-01 19:30:02][DEBUG] jax_fem: Function split_and_compute_cell took 0.0462 seconds
[07-01 19:30:02][DEBUG] jax_fem: CuDSSNewtonSolver: iter=1  res=6.533e-06  rel=2.955e-14
[07-01 19:30:02][INFO] jax_fem: CuDSSNewtonSolver: solve finished in 0.11s  res=6.533e-06
[07-01 19:30:03][DEBUG] jax_fem: CuDSSNewtonSolver: starting Newton loop
[07-01 19:30:03][DEBUG] jax_fem: DeviceProblem: computing Jacobian on device
[07-01 19:30:03][DEBUG] jax_fem: Function split_and_compute_cell took 0.0288 seconds
[07-01 19:30:03][DEBUG] jax_fem: CuDSSNewtonSolver: initial residual = 2.237e+08
[07-01 19:30:03][DEBUG] jax_fem: DeviceProblem: computing Jacobian on device
[07-01 19:30:03][DEBUG] jax_fem: Function split_and_compute_cell took 0.0333 seconds
[07-01 19:30:03][DEBUG] jax_fem: CuDSSNewtonSolver: iter=1  res=8.090e-06  rel=3.617e-14
[07-01 19:30:03][INFO] jax_fem: CuDSSNewtonSolver: solve finished in 0.10s  res=8.090e-06
[07-01 19:30:03][DEBUG] jax_fem: CuDSSNewtonSolver: starting Newton loop
[07-01 19:30:03][DEBUG] jax_fem: DeviceProblem: computing Jacobian on device
[07-01 19:30:03][DEBUG] jax_fem: Function split_and_compute_cell took 0.0534 seconds
[07-01 19:30:03][DEBUG] jax_fem: CuDSSNewtonSolver: initial residual = 2.223e+08
[07-01 19:30:03][DEBUG] jax_fem: DeviceProblem: computing Jacobian on device
[07-01 19:30:03][DEBUG] jax_fem: Function split_and_compute_cell took 0.0527 seconds
[07-01 19:30:03][DEBUG] jax_fem: CuDSSNewtonSolver: iter=1  res=6.329e-06  rel=2.846e-14
[07-01 19:30:03][INFO] jax_fem: CuDSSNewtonSolver: solve finished in 0.15s  res=6.329e-06
[07-01 19:30:05][DEBUG] jax_fem: CuDSSNewtonSolver: starting Newton loop
[07-01 19:30:05][DEBUG] jax_fem: DeviceProblem: computing Jacobian on device
[07-01 19:30:05][DEBUG] jax_fem: Function split_and_compute_cell took 0.0276 seconds
[07-01 19:30:05][DEBUG] jax_fem: CuDSSNewtonSolver: initial residual = 2.235e+08
[07-01 19:30:05][DEBUG] jax_fem: DeviceProblem: computing Jacobian on device
[07-01 19:30:05][DEBUG] jax_fem: Function split_and_compute_cell took 0.0283 seconds
[07-01 19:30:05][DEBUG] jax_fem: CuDSSNewtonSolver: iter=1  res=8.027e-06  rel=3.591e-14
[07-01 19:30:05][INFO] jax_fem: CuDSSNewtonSolver: solve finished in 0.09s  res=8.027e-06
[07-01 19:30:05][DEBUG] jax_fem: CuDSSNewtonSolver: starting Newton loop
[07-01 19:30:05][DEBUG] jax_fem: DeviceProblem: computing Jacobian on device
[07-01 19:30:05][DEBUG] jax_fem: Function split_and_compute_cell took 0.0282 seconds
[07-01 19:30:05][DEBUG] jax_fem: CuDSSNewtonSolver: initial residual = 2.217e+08
[07-01 19:30:05][DEBUG] jax_fem: DeviceProblem: computing Jacobian on device
[07-01 19:30:05][DEBUG] jax_fem: Function split_and_compute_cell took 0.0277 seconds
[07-01 19:30:05][DEBUG] jax_fem: CuDSSNewtonSolver: iter=1  res=6.685e-06  rel=3.016e-14
[07-01 19:30:05][INFO] jax_fem: CuDSSNewtonSolver: solve finished in 0.09s  res=6.685e-06
[07-01 19:30:06][DEBUG] jax_fem: CuDSSNewtonSolver: starting Newton loop
[07-01 19:30:06][DEBUG] jax_fem: DeviceProblem: computing Jacobian on device
[07-01 19:30:06][DEBUG] jax_fem: Function split_and_compute_cell took 0.0288 seconds
[07-01 19:30:06][DEBUG] jax_fem: CuDSSNewtonSolver: initial residual = 2.211e+08
[07-01 19:30:06][DEBUG] jax_fem: DeviceProblem: computing Jacobian on device
[07-01 19:30:06][DEBUG] jax_fem: Function split_and_compute_cell took 0.0282 seconds
[07-01 19:30:06][DEBUG] jax_fem: CuDSSNewtonSolver: iter=1  res=6.148e-06  rel=2.781e-14
[07-01 19:30:06][INFO] jax_fem: CuDSSNewtonSolver: solve finished in 0.09s  res=6.148e-06
[07-01 19:30:07][DEBUG] jax_fem: CuDSSNewtonSolver: starting Newton loop
[07-01 19:30:07][DEBUG] jax_fem: DeviceProblem: computing Jacobian on device
[07-01 19:30:07][DEBUG] jax_fem: Function split_and_compute_cell took 0.0289 seconds
[07-01 19:30:07][DEBUG] jax_fem: CuDSSNewtonSolver: initial residual = 2.237e+08
[07-01 19:30:07][DEBUG] jax_fem: DeviceProblem: computing Jacobian on device
[07-01 19:30:07][DEBUG] jax_fem: Function split_and_compute_cell took 0.0243 seconds
[07-01 19:30:07][DEBUG] jax_fem: CuDSSNewtonSolver: iter=1  res=8.464e-06  rel=3.784e-14
[07-01 19:30:07][INFO] jax_fem: CuDSSNewtonSolver: solve finished in 0.09s  res=8.464e-06
[07-01 19:30:07][DEBUG] jax_fem: CuDSSNewtonSolver: starting Newton loop
[07-01 19:30:07][DEBUG] jax_fem: DeviceProblem: computing Jacobian on device
[07-01 19:30:07][DEBUG] jax_fem: Function split_and_compute_cell took 0.0278 seconds
[07-01 19:30:07][DEBUG] jax_fem: CuDSSNewtonSolver: initial residual = 2.223e+08
[07-01 19:30:07][DEBUG] jax_fem: DeviceProblem: computing Jacobian on device
[07-01 19:30:07][DEBUG] jax_fem: Function split_and_compute_cell took 0.0297 seconds
[07-01 19:30:07][DEBUG] jax_fem: CuDSSNewtonSolver: iter=1  res=6.438e-06  rel=2.895e-14
[07-01 19:30:07][INFO] jax_fem: CuDSSNewtonSolver: solve finished in 0.09s  res=6.438e-06
[07-01 19:30:07][INFO] jax_fem: CuDSS backward: solving adjoint problem …
[07-01 19:30:07][DEBUG] jax_fem: DeviceProblem: computing Jacobian on device
[07-01 19:30:07][DEBUG] jax_fem: Function split_and_compute_cell took 0.0377 seconds
[07-01 19:30:07][DEBUG] jax_fem: Computing cell residual...
[07-01 19:30:07][DEBUG] jax_fem: Function split_and_compute_cell took 0.0713 seconds
[07-01 19:30:08][INFO] jax_fem: CuDSS backward: solving adjoint problem …
[07-01 19:30:08][DEBUG] jax_fem: DeviceProblem: computing Jacobian on device
[07-01 19:30:08][DEBUG] jax_fem: Function split_and_compute_cell took 0.0307 seconds
[07-01 19:30:08][DEBUG] jax_fem: Computing cell residual...
[07-01 19:30:08][DEBUG] jax_fem: Function split_and_compute_cell took 0.0626 seconds
[07-01 19:30:08][INFO] jax_fem: CuDSS backward: solving adjoint problem …
[07-01 19:30:08][DEBUG] jax_fem: DeviceProblem: computing Jacobian on device
[07-01 19:30:08][DEBUG] jax_fem: Function split_and_compute_cell took 0.0289 seconds
[07-01 19:30:08][DEBUG] jax_fem: Computing cell residual...
[07-01 19:30:08][DEBUG] jax_fem: Function split_and_compute_cell took 0.0570 seconds
[07-01 19:30:08][INFO] jax_fem: CuDSS backward: solving adjoint problem …
[07-01 19:30:08][DEBUG] jax_fem: DeviceProblem: computing Jacobian on device
[07-01 19:30:09][DEBUG] jax_fem: Function split_and_compute_cell took 0.0525 seconds
[07-01 19:30:09][DEBUG] jax_fem: Computing cell residual...
[07-01 19:30:09][DEBUG] jax_fem: Function split_and_compute_cell took 0.0664 seconds
[07-01 19:30:09][INFO] jax_fem: CuDSS backward: solving adjoint problem …
[07-01 19:30:09][DEBUG] jax_fem: DeviceProblem: computing Jacobian on device
[07-01 19:30:09][DEBUG] jax_fem: Function split_and_compute_cell took 0.0534 seconds
[07-01 19:30:09][DEBUG] jax_fem: Computing cell residual...
[07-01 19:30:09][DEBUG] jax_fem: Function split_and_compute_cell took 0.2154 seconds
[07-01 19:30:11][DEBUG] jax_fem: CuDSSNewtonSolver: starting Newton loop
[07-01 19:30:11][DEBUG] jax_fem: DeviceProblem: computing Jacobian on device
[07-01 19:30:11][DEBUG] jax_fem: Function split_and_compute_cell took 0.0382 seconds
[07-01 19:30:11][DEBUG] jax_fem: CuDSSNewtonSolver: initial residual = 2.235e+08
[07-01 19:30:11][DEBUG] jax_fem: DeviceProblem: computing Jacobian on device
[07-01 19:30:11][DEBUG] jax_fem: Function split_and_compute_cell took 0.0462 seconds
[07-01 19:30:11][DEBUG] jax_fem: CuDSSNewtonSolver: iter=1  res=9.034e-06  rel=4.042e-14
[07-01 19:30:11][INFO] jax_fem: CuDSSNewtonSolver: solve finished in 0.13s  res=9.034e-06
[07-01 19:30:11][DEBUG] jax_fem: CuDSSNewtonSolver: starting Newton loop
[07-01 19:30:11][DEBUG] jax_fem: DeviceProblem: computing Jacobian on device
[07-01 19:30:11][DEBUG] jax_fem: Function split_and_compute_cell took 0.0418 seconds
[07-01 19:30:11][DEBUG] jax_fem: CuDSSNewtonSolver: initial residual = 2.217e+08
[07-01 19:30:11][DEBUG] jax_fem: DeviceProblem: computing Jacobian on device
[07-01 19:30:11][DEBUG] jax_fem: Function split_and_compute_cell took 0.0410 seconds
[07-01 19:30:11][DEBUG] jax_fem: CuDSSNewtonSolver: iter=1  res=8.249e-06  rel=3.721e-14
[07-01 19:30:11][INFO] jax_fem: CuDSSNewtonSolver: solve finished in 0.13s  res=8.249e-06
[07-01 19:30:12][DEBUG] jax_fem: CuDSSNewtonSolver: starting Newton loop
[07-01 19:30:12][DEBUG] jax_fem: DeviceProblem: computing Jacobian on device
[07-01 19:30:12][DEBUG] jax_fem: Function split_and_compute_cell took 0.0388 seconds
[07-01 19:30:12][DEBUG] jax_fem: CuDSSNewtonSolver: initial residual = 2.211e+08
[07-01 19:30:12][DEBUG] jax_fem: DeviceProblem: computing Jacobian on device
[07-01 19:30:12][DEBUG] jax_fem: Function split_and_compute_cell took 0.0355 seconds
[07-01 19:30:12][DEBUG] jax_fem: CuDSSNewtonSolver: iter=1  res=6.486e-06  rel=2.934e-14
[07-01 19:30:12][INFO] jax_fem: CuDSSNewtonSolver: solve finished in 0.12s  res=6.486e-06
[07-01 19:30:12][DEBUG] jax_fem: CuDSSNewtonSolver: starting Newton loop
[07-01 19:30:12][DEBUG] jax_fem: DeviceProblem: computing Jacobian on device
[07-01 19:30:12][DEBUG] jax_fem: Function split_and_compute_cell took 0.0390 seconds
[07-01 19:30:12][DEBUG] jax_fem: CuDSSNewtonSolver: initial residual = 2.237e+08
[07-01 19:30:12][DEBUG] jax_fem: DeviceProblem: computing Jacobian on device
[07-01 19:30:12][DEBUG] jax_fem: Function split_and_compute_cell took 0.0297 seconds
[07-01 19:30:12][DEBUG] jax_fem: CuDSSNewtonSolver: iter=1  res=6.558e-06  rel=2.932e-14
[07-01 19:30:12][INFO] jax_fem: CuDSSNewtonSolver: solve finished in 0.10s  res=6.558e-06
[07-01 19:30:12][DEBUG] jax_fem: CuDSSNewtonSolver: starting Newton loop
[07-01 19:30:12][DEBUG] jax_fem: DeviceProblem: computing Jacobian on device
[07-01 19:30:12][DEBUG] jax_fem: Function split_and_compute_cell took 0.0395 seconds
[07-01 19:30:12][DEBUG] jax_fem: CuDSSNewtonSolver: initial residual = 2.223e+08
[07-01 19:30:12][DEBUG] jax_fem: DeviceProblem: computing Jacobian on device
[07-01 19:30:12][DEBUG] jax_fem: Function split_and_compute_cell took 0.0358 seconds
[07-01 19:30:12][DEBUG] jax_fem: CuDSSNewtonSolver: iter=1  res=6.701e-06  rel=3.014e-14
[07-01 19:30:12][INFO] jax_fem: CuDSSNewtonSolver: solve finished in 0.12s  res=6.701e-06
[07-01 19:30:14][DEBUG] jax_fem: CuDSSNewtonSolver: starting Newton loop
[07-01 19:30:14][DEBUG] jax_fem: DeviceProblem: computing Jacobian on device
[07-01 19:30:14][DEBUG] jax_fem: Function split_and_compute_cell took 0.0293 seconds
[07-01 19:30:14][DEBUG] jax_fem: CuDSSNewtonSolver: initial residual = 2.235e+08
[07-01 19:30:14][DEBUG] jax_fem: DeviceProblem: computing Jacobian on device
[07-01 19:30:14][DEBUG] jax_fem: Function split_and_compute_cell took 0.0288 seconds
[07-01 19:30:14][DEBUG] jax_fem: CuDSSNewtonSolver: iter=1  res=9.011e-06  rel=4.032e-14
[07-01 19:30:14][INFO] jax_fem: CuDSSNewtonSolver: solve finished in 0.09s  res=9.011e-06
[07-01 19:30:15][DEBUG] jax_fem: CuDSSNewtonSolver: starting Newton loop
[07-01 19:30:15][DEBUG] jax_fem: DeviceProblem: computing Jacobian on device
[07-01 19:30:15][DEBUG] jax_fem: Function split_and_compute_cell took 0.0297 seconds
[07-01 19:30:15][DEBUG] jax_fem: CuDSSNewtonSolver: initial residual = 2.217e+08
[07-01 19:30:15][DEBUG] jax_fem: DeviceProblem: computing Jacobian on device
[07-01 19:30:15][DEBUG] jax_fem: Function split_and_compute_cell took 0.0284 seconds
[07-01 19:30:15][DEBUG] jax_fem: CuDSSNewtonSolver: iter=1  res=8.259e-06  rel=3.726e-14
[07-01 19:30:15][INFO] jax_fem: CuDSSNewtonSolver: solve finished in 0.09s  res=8.259e-06
[07-01 19:30:15][DEBUG] jax_fem: CuDSSNewtonSolver: starting Newton loop
[07-01 19:30:15][DEBUG] jax_fem: DeviceProblem: computing Jacobian on device
[07-01 19:30:15][DEBUG] jax_fem: Function split_and_compute_cell took 0.0286 seconds
[07-01 19:30:15][DEBUG] jax_fem: CuDSSNewtonSolver: initial residual = 2.211e+08
[07-01 19:30:15][DEBUG] jax_fem: DeviceProblem: computing Jacobian on device
[07-01 19:30:15][DEBUG] jax_fem: Function split_and_compute_cell took 0.0283 seconds
[07-01 19:30:15][DEBUG] jax_fem: CuDSSNewtonSolver: iter=1  res=6.258e-06  rel=2.831e-14
[07-01 19:30:15][INFO] jax_fem: CuDSSNewtonSolver: solve finished in 0.09s  res=6.258e-06
[07-01 19:30:16][DEBUG] jax_fem: CuDSSNewtonSolver: starting Newton loop
[07-01 19:30:16][DEBUG] jax_fem: DeviceProblem: computing Jacobian on device
[07-01 19:30:16][DEBUG] jax_fem: Function split_and_compute_cell took 0.0281 seconds
[07-01 19:30:16][DEBUG] jax_fem: CuDSSNewtonSolver: initial residual = 2.237e+08
[07-01 19:30:16][DEBUG] jax_fem: DeviceProblem: computing Jacobian on device
[07-01 19:30:16][DEBUG] jax_fem: Function split_and_compute_cell took 0.0282 seconds
[07-01 19:30:16][DEBUG] jax_fem: CuDSSNewtonSolver: iter=1  res=6.513e-06  rel=2.912e-14
[07-01 19:30:16][INFO] jax_fem: CuDSSNewtonSolver: solve finished in 0.09s  res=6.513e-06
[07-01 19:30:17][DEBUG] jax_fem: CuDSSNewtonSolver: starting Newton loop
[07-01 19:30:17][DEBUG] jax_fem: DeviceProblem: computing Jacobian on device
[07-01 19:30:17][DEBUG] jax_fem: Function split_and_compute_cell took 0.0288 seconds
[07-01 19:30:17][DEBUG] jax_fem: CuDSSNewtonSolver: initial residual = 2.223e+08
[07-01 19:30:17][DEBUG] jax_fem: DeviceProblem: computing Jacobian on device
[07-01 19:30:17][DEBUG] jax_fem: Function split_and_compute_cell took 0.0302 seconds
[07-01 19:30:17][DEBUG] jax_fem: CuDSSNewtonSolver: iter=1  res=6.578e-06  rel=2.959e-14
[07-01 19:30:17][INFO] jax_fem: CuDSSNewtonSolver: solve finished in 0.10s  res=6.578e-06
[07-01 19:30:17][INFO] jax_fem: CuDSS backward: solving adjoint problem …
[07-01 19:30:17][DEBUG] jax_fem: DeviceProblem: computing Jacobian on device
[07-01 19:30:17][DEBUG] jax_fem: Function split_and_compute_cell took 0.0386 seconds
[07-01 19:30:17][DEBUG] jax_fem: Computing cell residual...
[07-01 19:30:17][DEBUG] jax_fem: Function split_and_compute_cell took 0.0663 seconds
[07-01 19:30:17][INFO] jax_fem: CuDSS backward: solving adjoint problem …
[07-01 19:30:17][DEBUG] jax_fem: DeviceProblem: computing Jacobian on device
[07-01 19:30:17][DEBUG] jax_fem: Function split_and_compute_cell took 0.0296 seconds
[07-01 19:30:17][DEBUG] jax_fem: Computing cell residual...
[07-01 19:30:17][DEBUG] jax_fem: Function split_and_compute_cell took 0.0675 seconds
[07-01 19:30:18][INFO] jax_fem: CuDSS backward: solving adjoint problem …
[07-01 19:30:18][DEBUG] jax_fem: DeviceProblem: computing Jacobian on device
[07-01 19:30:18][DEBUG] jax_fem: Function split_and_compute_cell took 0.0404 seconds
[07-01 19:30:18][DEBUG] jax_fem: Computing cell residual...
[07-01 19:30:18][DEBUG] jax_fem: Function split_and_compute_cell took 0.0633 seconds
[07-01 19:30:18][INFO] jax_fem: CuDSS backward: solving adjoint problem …
[07-01 19:30:18][DEBUG] jax_fem: DeviceProblem: computing Jacobian on device
[07-01 19:30:18][DEBUG] jax_fem: Function split_and_compute_cell took 0.0433 seconds
[07-01 19:30:18][DEBUG] jax_fem: Computing cell residual...
[07-01 19:30:18][DEBUG] jax_fem: Function split_and_compute_cell took 0.0723 seconds
[07-01 19:30:18][INFO] jax_fem: CuDSS backward: solving adjoint problem …
[07-01 19:30:18][DEBUG] jax_fem: DeviceProblem: computing Jacobian on device
[07-01 19:30:18][DEBUG] jax_fem: Function split_and_compute_cell took 0.0419 seconds
[07-01 19:30:18][DEBUG] jax_fem: Computing cell residual...
[07-01 19:30:18][DEBUG] jax_fem: Function split_and_compute_cell took 0.0699 seconds
[07-01 19:30:20][DEBUG] jax_fem: CuDSSNewtonSolver: starting Newton loop
[07-01 19:30:20][DEBUG] jax_fem: DeviceProblem: computing Jacobian on device
[07-01 19:30:20][DEBUG] jax_fem: Function split_and_compute_cell took 0.0371 seconds
[07-01 19:30:20][DEBUG] jax_fem: CuDSSNewtonSolver: initial residual = 2.235e+08
[07-01 19:30:20][DEBUG] jax_fem: DeviceProblem: computing Jacobian on device
[07-01 19:30:20][DEBUG] jax_fem: Function split_and_compute_cell took 0.0451 seconds
[07-01 19:30:20][DEBUG] jax_fem: CuDSSNewtonSolver: iter=1  res=8.300e-06  rel=3.713e-14
[07-01 19:30:20][INFO] jax_fem: CuDSSNewtonSolver: solve finished in 0.12s  res=8.300e-06
[07-01 19:30:20][DEBUG] jax_fem: CuDSSNewtonSolver: starting Newton loop
[07-01 19:30:20][DEBUG] jax_fem: DeviceProblem: computing Jacobian on device
[07-01 19:30:20][DEBUG] jax_fem: Function split_and_compute_cell took 0.0585 seconds
[07-01 19:30:20][DEBUG] jax_fem: CuDSSNewtonSolver: initial residual = 2.217e+08
[07-01 19:30:20][DEBUG] jax_fem: DeviceProblem: computing Jacobian on device
[07-01 19:30:21][DEBUG] jax_fem: Function split_and_compute_cell took 0.0344 seconds
[07-01 19:30:21][DEBUG] jax_fem: CuDSSNewtonSolver: iter=1  res=7.088e-06  rel=3.198e-14
[07-01 19:30:21][INFO] jax_fem: CuDSSNewtonSolver: solve finished in 0.13s  res=7.088e-06
[07-01 19:30:21][DEBUG] jax_fem: CuDSSNewtonSolver: starting Newton loop
[07-01 19:30:21][DEBUG] jax_fem: DeviceProblem: computing Jacobian on device
[07-01 19:30:21][DEBUG] jax_fem: Function split_and_compute_cell took 0.0360 seconds
[07-01 19:30:21][DEBUG] jax_fem: CuDSSNewtonSolver: initial residual = 2.211e+08
[07-01 19:30:21][DEBUG] jax_fem: DeviceProblem: computing Jacobian on device
[07-01 19:30:21][DEBUG] jax_fem: Function split_and_compute_cell took 0.0281 seconds
[07-01 19:30:21][DEBUG] jax_fem: CuDSSNewtonSolver: iter=1  res=6.218e-06  rel=2.813e-14
[07-01 19:30:21][INFO] jax_fem: CuDSSNewtonSolver: solve finished in 0.10s  res=6.218e-06
[07-01 19:30:21][DEBUG] jax_fem: CuDSSNewtonSolver: starting Newton loop
[07-01 19:30:21][DEBUG] jax_fem: DeviceProblem: computing Jacobian on device
[07-01 19:30:21][DEBUG] jax_fem: Function split_and_compute_cell took 0.0360 seconds
[07-01 19:30:21][DEBUG] jax_fem: CuDSSNewtonSolver: initial residual = 2.237e+08
[07-01 19:30:21][DEBUG] jax_fem: DeviceProblem: computing Jacobian on device
[07-01 19:30:21][DEBUG] jax_fem: Function split_and_compute_cell took 0.0475 seconds
[07-01 19:30:21][DEBUG] jax_fem: CuDSSNewtonSolver: iter=1  res=7.909e-06  rel=3.536e-14
[07-01 19:30:21][INFO] jax_fem: CuDSSNewtonSolver: solve finished in 0.13s  res=7.909e-06
[07-01 19:30:22][DEBUG] jax_fem: CuDSSNewtonSolver: starting Newton loop
[07-01 19:30:22][DEBUG] jax_fem: DeviceProblem: computing Jacobian on device
[07-01 19:30:22][DEBUG] jax_fem: Function split_and_compute_cell took 0.0337 seconds
[07-01 19:30:22][DEBUG] jax_fem: CuDSSNewtonSolver: initial residual = 2.223e+08
[07-01 19:30:22][DEBUG] jax_fem: DeviceProblem: computing Jacobian on device
[07-01 19:30:22][DEBUG] jax_fem: Function split_and_compute_cell took 0.0433 seconds
[07-01 19:30:22][DEBUG] jax_fem: CuDSSNewtonSolver: iter=1  res=6.652e-06  rel=2.992e-14
[07-01 19:30:22][INFO] jax_fem: CuDSSNewtonSolver: solve finished in 0.12s  res=6.652e-06
[07-01 19:30:23][DEBUG] jax_fem: CuDSSNewtonSolver: starting Newton loop
[07-01 19:30:23][DEBUG] jax_fem: DeviceProblem: computing Jacobian on device
[07-01 19:30:23][DEBUG] jax_fem: Function split_and_compute_cell took 0.0286 seconds
[07-01 19:30:23][DEBUG] jax_fem: CuDSSNewtonSolver: initial residual = 2.235e+08
[07-01 19:30:23][DEBUG] jax_fem: DeviceProblem: computing Jacobian on device
[07-01 19:30:23][DEBUG] jax_fem: Function split_and_compute_cell took 0.0281 seconds
[07-01 19:30:23][DEBUG] jax_fem: CuDSSNewtonSolver: iter=1  res=8.320e-06  rel=3.722e-14
[07-01 19:30:23][INFO] jax_fem: CuDSSNewtonSolver: solve finished in 0.09s  res=8.320e-06
[07-01 19:30:24][DEBUG] jax_fem: CuDSSNewtonSolver: starting Newton loop
[07-01 19:30:24][DEBUG] jax_fem: DeviceProblem: computing Jacobian on device
[07-01 19:30:24][DEBUG] jax_fem: Function split_and_compute_cell took 0.0274 seconds
[07-01 19:30:24][DEBUG] jax_fem: CuDSSNewtonSolver: initial residual = 2.217e+08
[07-01 19:30:24][DEBUG] jax_fem: DeviceProblem: computing Jacobian on device
[07-01 19:30:24][DEBUG] jax_fem: Function split_and_compute_cell took 0.0279 seconds
[07-01 19:30:24][DEBUG] jax_fem: CuDSSNewtonSolver: iter=1  res=6.921e-06  rel=3.122e-14
[07-01 19:30:24][INFO] jax_fem: CuDSSNewtonSolver: solve finished in 0.09s  res=6.921e-06
[07-01 19:30:25][DEBUG] jax_fem: CuDSSNewtonSolver: starting Newton loop
[07-01 19:30:25][DEBUG] jax_fem: DeviceProblem: computing Jacobian on device
[07-01 19:30:25][DEBUG] jax_fem: Function split_and_compute_cell took 0.0280 seconds
[07-01 19:30:25][DEBUG] jax_fem: CuDSSNewtonSolver: initial residual = 2.211e+08
[07-01 19:30:25][DEBUG] jax_fem: DeviceProblem: computing Jacobian on device
[07-01 19:30:25][DEBUG] jax_fem: Function split_and_compute_cell took 0.0295 seconds
[07-01 19:30:25][DEBUG] jax_fem: CuDSSNewtonSolver: iter=1  res=6.207e-06  rel=2.807e-14
[07-01 19:30:25][INFO] jax_fem: CuDSSNewtonSolver: solve finished in 0.10s  res=6.207e-06
[07-01 19:30:25][DEBUG] jax_fem: CuDSSNewtonSolver: starting Newton loop
[07-01 19:30:25][DEBUG] jax_fem: DeviceProblem: computing Jacobian on device
[07-01 19:30:25][DEBUG] jax_fem: Function split_and_compute_cell took 0.0290 seconds
[07-01 19:30:25][DEBUG] jax_fem: CuDSSNewtonSolver: initial residual = 2.237e+08
[07-01 19:30:25][DEBUG] jax_fem: DeviceProblem: computing Jacobian on device
[07-01 19:30:25][DEBUG] jax_fem: Function split_and_compute_cell took 0.0273 seconds
[07-01 19:30:25][DEBUG] jax_fem: CuDSSNewtonSolver: iter=1  res=8.033e-06  rel=3.591e-14
[07-01 19:30:25][INFO] jax_fem: CuDSSNewtonSolver: solve finished in 0.09s  res=8.033e-06
[07-01 19:30:26][DEBUG] jax_fem: CuDSSNewtonSolver: starting Newton loop
[07-01 19:30:26][DEBUG] jax_fem: DeviceProblem: computing Jacobian on device
[07-01 19:30:26][DEBUG] jax_fem: Function split_and_compute_cell took 0.0265 seconds
[07-01 19:30:26][DEBUG] jax_fem: CuDSSNewtonSolver: initial residual = 2.223e+08
[07-01 19:30:26][DEBUG] jax_fem: DeviceProblem: computing Jacobian on device
[07-01 19:30:26][DEBUG] jax_fem: Function split_and_compute_cell took 0.0291 seconds
[07-01 19:30:26][DEBUG] jax_fem: CuDSSNewtonSolver: iter=1  res=6.323e-06  rel=2.844e-14
[07-01 19:30:26][INFO] jax_fem: CuDSSNewtonSolver: solve finished in 0.09s  res=6.323e-06
[07-01 19:30:26][INFO] jax_fem: CuDSS backward: solving adjoint problem …
[07-01 19:30:26][DEBUG] jax_fem: DeviceProblem: computing Jacobian on device
[07-01 19:30:26][DEBUG] jax_fem: Function split_and_compute_cell took 0.0491 seconds
[07-01 19:30:26][DEBUG] jax_fem: Computing cell residual...
[07-01 19:30:26][DEBUG] jax_fem: Function split_and_compute_cell took 0.0683 seconds
[07-01 19:30:27][INFO] jax_fem: CuDSS backward: solving adjoint problem …
[07-01 19:30:27][DEBUG] jax_fem: DeviceProblem: computing Jacobian on device
[07-01 19:30:27][DEBUG] jax_fem: Function split_and_compute_cell took 0.0522 seconds
[07-01 19:30:27][DEBUG] jax_fem: Computing cell residual...
[07-01 19:30:27][DEBUG] jax_fem: Function split_and_compute_cell took 0.0714 seconds
[07-01 19:30:27][INFO] jax_fem: CuDSS backward: solving adjoint problem …
[07-01 19:30:27][DEBUG] jax_fem: DeviceProblem: computing Jacobian on device
[07-01 19:30:27][DEBUG] jax_fem: Function split_and_compute_cell took 0.0438 seconds
[07-01 19:30:27][DEBUG] jax_fem: Computing cell residual...
[07-01 19:30:27][DEBUG] jax_fem: Function split_and_compute_cell took 0.0589 seconds
[07-01 19:30:27][INFO] jax_fem: CuDSS backward: solving adjoint problem …
[07-01 19:30:27][DEBUG] jax_fem: DeviceProblem: computing Jacobian on device
[07-01 19:30:27][DEBUG] jax_fem: Function split_and_compute_cell took 0.0480 seconds
[07-01 19:30:27][DEBUG] jax_fem: Computing cell residual...
[07-01 19:30:28][DEBUG] jax_fem: Function split_and_compute_cell took 0.0701 seconds
[07-01 19:30:28][INFO] jax_fem: CuDSS backward: solving adjoint problem …
[07-01 19:30:28][DEBUG] jax_fem: DeviceProblem: computing Jacobian on device
[07-01 19:30:28][DEBUG] jax_fem: Function split_and_compute_cell took 0.0313 seconds
[07-01 19:30:28][DEBUG] jax_fem: Computing cell residual...
[07-01 19:30:28][DEBUG] jax_fem: Function split_and_compute_cell took 0.0652 seconds
[07-01 19:30:29][DEBUG] jax_fem: CuDSSNewtonSolver: starting Newton loop
[07-01 19:30:29][DEBUG] jax_fem: DeviceProblem: computing Jacobian on device
[07-01 19:30:29][DEBUG] jax_fem: Function split_and_compute_cell took 0.0266 seconds
[07-01 19:30:29][DEBUG] jax_fem: CuDSSNewtonSolver: initial residual = 2.235e+08
[07-01 19:30:29][DEBUG] jax_fem: DeviceProblem: computing Jacobian on device
[07-01 19:30:30][DEBUG] jax_fem: Function split_and_compute_cell took 0.0304 seconds
[07-01 19:30:30][DEBUG] jax_fem: CuDSSNewtonSolver: iter=1  res=7.786e-06  rel=3.483e-14
[07-01 19:30:30][INFO] jax_fem: CuDSSNewtonSolver: solve finished in 0.10s  res=7.786e-06
[07-01 19:30:30][DEBUG] jax_fem: CuDSSNewtonSolver: starting Newton loop
[07-01 19:30:30][DEBUG] jax_fem: DeviceProblem: computing Jacobian on device
[07-01 19:30:30][DEBUG] jax_fem: Function split_and_compute_cell took 0.0401 seconds
[07-01 19:30:30][DEBUG] jax_fem: CuDSSNewtonSolver: initial residual = 2.217e+08
[07-01 19:30:30][DEBUG] jax_fem: DeviceProblem: computing Jacobian on device
[07-01 19:30:30][DEBUG] jax_fem: Function split_and_compute_cell took 0.0280 seconds
[07-01 19:30:30][DEBUG] jax_fem: CuDSSNewtonSolver: iter=1  res=7.132e-06  rel=3.218e-14
[07-01 19:30:30][INFO] jax_fem: CuDSSNewtonSolver: solve finished in 0.11s  res=7.132e-06
[07-01 19:30:30][DEBUG] jax_fem: CuDSSNewtonSolver: starting Newton loop
[07-01 19:30:30][DEBUG] jax_fem: DeviceProblem: computing Jacobian on device
[07-01 19:30:30][DEBUG] jax_fem: Function split_and_compute_cell took 0.0322 seconds
[07-01 19:30:30][DEBUG] jax_fem: CuDSSNewtonSolver: initial residual = 2.211e+08
[07-01 19:30:30][DEBUG] jax_fem: DeviceProblem: computing Jacobian on device
[07-01 19:30:30][DEBUG] jax_fem: Function split_and_compute_cell took 0.0255 seconds
[07-01 19:30:30][DEBUG] jax_fem: CuDSSNewtonSolver: iter=1  res=6.339e-06  rel=2.867e-14
[07-01 19:30:30][INFO] jax_fem: CuDSSNewtonSolver: solve finished in 0.09s  res=6.339e-06
[07-01 19:30:30][DEBUG] jax_fem: CuDSSNewtonSolver: starting Newton loop
[07-01 19:30:30][DEBUG] jax_fem: DeviceProblem: computing Jacobian on device
[07-01 19:30:31][DEBUG] jax_fem: Function split_and_compute_cell took 0.0530 seconds
[07-01 19:30:31][DEBUG] jax_fem: CuDSSNewtonSolver: initial residual = 2.237e+08
[07-01 19:30:31][DEBUG] jax_fem: DeviceProblem: computing Jacobian on device
[07-01 19:30:31][DEBUG] jax_fem: Function split_and_compute_cell took 0.0286 seconds
[07-01 19:30:31][DEBUG] jax_fem: CuDSSNewtonSolver: iter=1  res=8.331e-06  rel=3.725e-14
[07-01 19:30:31][INFO] jax_fem: CuDSSNewtonSolver: solve finished in 0.12s  res=8.331e-06
[07-01 19:30:31][DEBUG] jax_fem: CuDSSNewtonSolver: starting Newton loop
[07-01 19:30:31][DEBUG] jax_fem: DeviceProblem: computing Jacobian on device
[07-01 19:30:31][DEBUG] jax_fem: Function split_and_compute_cell took 0.0300 seconds
[07-01 19:30:31][DEBUG] jax_fem: CuDSSNewtonSolver: initial residual = 2.223e+08
[07-01 19:30:31][DEBUG] jax_fem: DeviceProblem: computing Jacobian on device
[07-01 19:30:31][DEBUG] jax_fem: Function split_and_compute_cell took 0.0447 seconds
[07-01 19:30:31][DEBUG] jax_fem: CuDSSNewtonSolver: iter=1  res=6.872e-06  rel=3.091e-14
[07-01 19:30:31][INFO] jax_fem: CuDSSNewtonSolver: solve finished in 0.12s  res=6.872e-06
[07-01 19:30:33][DEBUG] jax_fem: CuDSSNewtonSolver: starting Newton loop
[07-01 19:30:33][DEBUG] jax_fem: DeviceProblem: computing Jacobian on device
[07-01 19:30:33][DEBUG] jax_fem: Function split_and_compute_cell took 0.0279 seconds
[07-01 19:30:33][DEBUG] jax_fem: CuDSSNewtonSolver: initial residual = 2.235e+08
[07-01 19:30:33][DEBUG] jax_fem: DeviceProblem: computing Jacobian on device
[07-01 19:30:33][DEBUG] jax_fem: Function split_and_compute_cell took 0.0273 seconds
[07-01 19:30:33][DEBUG] jax_fem: CuDSSNewtonSolver: iter=1  res=7.804e-06  rel=3.492e-14
[07-01 19:30:33][INFO] jax_fem: CuDSSNewtonSolver: solve finished in 0.09s  res=7.804e-06
[07-01 19:30:33][DEBUG] jax_fem: CuDSSNewtonSolver: starting Newton loop
[07-01 19:30:33][DEBUG] jax_fem: DeviceProblem: computing Jacobian on device
[07-01 19:30:33][DEBUG] jax_fem: Function split_and_compute_cell took 0.0273 seconds
[07-01 19:30:33][DEBUG] jax_fem: CuDSSNewtonSolver: initial residual = 2.217e+08
[07-01 19:30:33][DEBUG] jax_fem: DeviceProblem: computing Jacobian on device
[07-01 19:30:33][DEBUG] jax_fem: Function split_and_compute_cell took 0.0287 seconds
[07-01 19:30:33][DEBUG] jax_fem: CuDSSNewtonSolver: iter=1  res=6.897e-06  rel=3.112e-14
[07-01 19:30:33][INFO] jax_fem: CuDSSNewtonSolver: solve finished in 0.09s  res=6.897e-06
[07-01 19:30:34][DEBUG] jax_fem: CuDSSNewtonSolver: starting Newton loop
[07-01 19:30:34][DEBUG] jax_fem: DeviceProblem: computing Jacobian on device
[07-01 19:30:34][DEBUG] jax_fem: Function split_and_compute_cell took 0.0273 seconds
[07-01 19:30:34][DEBUG] jax_fem: CuDSSNewtonSolver: initial residual = 2.211e+08
[07-01 19:30:34][DEBUG] jax_fem: DeviceProblem: computing Jacobian on device
[07-01 19:30:34][DEBUG] jax_fem: Function split_and_compute_cell took 0.0282 seconds
[07-01 19:30:34][DEBUG] jax_fem: CuDSSNewtonSolver: iter=1  res=6.484e-06  rel=2.933e-14
[07-01 19:30:34][INFO] jax_fem: CuDSSNewtonSolver: solve finished in 0.09s  res=6.484e-06
[07-01 19:30:35][DEBUG] jax_fem: CuDSSNewtonSolver: starting Newton loop
[07-01 19:30:35][DEBUG] jax_fem: DeviceProblem: computing Jacobian on device
[07-01 19:30:35][DEBUG] jax_fem: Function split_and_compute_cell took 0.0275 seconds
[07-01 19:30:35][DEBUG] jax_fem: CuDSSNewtonSolver: initial residual = 2.237e+08
[07-01 19:30:35][DEBUG] jax_fem: DeviceProblem: computing Jacobian on device
[07-01 19:30:35][DEBUG] jax_fem: Function split_and_compute_cell took 0.0277 seconds
[07-01 19:30:35][DEBUG] jax_fem: CuDSSNewtonSolver: iter=1  res=8.333e-06  rel=3.726e-14
[07-01 19:30:35][INFO] jax_fem: CuDSSNewtonSolver: solve finished in 0.09s  res=8.333e-06
[07-01 19:30:35][DEBUG] jax_fem: CuDSSNewtonSolver: starting Newton loop
[07-01 19:30:35][DEBUG] jax_fem: DeviceProblem: computing Jacobian on device
[07-01 19:30:35][DEBUG] jax_fem: Function split_and_compute_cell took 0.0271 seconds
[07-01 19:30:35][DEBUG] jax_fem: CuDSSNewtonSolver: initial residual = 2.223e+08
[07-01 19:30:35][DEBUG] jax_fem: DeviceProblem: computing Jacobian on device
[07-01 19:30:35][DEBUG] jax_fem: Function split_and_compute_cell took 0.0279 seconds
[07-01 19:30:35][DEBUG] jax_fem: CuDSSNewtonSolver: iter=1  res=6.853e-06  rel=3.082e-14
[07-01 19:30:35][INFO] jax_fem: CuDSSNewtonSolver: solve finished in 0.09s  res=6.853e-06
[07-01 19:30:35][INFO] jax_fem: CuDSS backward: solving adjoint problem …
[07-01 19:30:35][DEBUG] jax_fem: DeviceProblem: computing Jacobian on device
[07-01 19:30:35][DEBUG] jax_fem: Function split_and_compute_cell took 0.0297 seconds
[07-01 19:30:36][DEBUG] jax_fem: Computing cell residual...
[07-01 19:30:36][DEBUG] jax_fem: Function split_and_compute_cell took 0.0783 seconds
[07-01 19:30:36][INFO] jax_fem: CuDSS backward: solving adjoint problem …
[07-01 19:30:36][DEBUG] jax_fem: DeviceProblem: computing Jacobian on device
[07-01 19:30:36][DEBUG] jax_fem: Function split_and_compute_cell took 0.0295 seconds
[07-01 19:30:36][DEBUG] jax_fem: Computing cell residual...
[07-01 19:30:36][DEBUG] jax_fem: Function split_and_compute_cell took 0.0667 seconds
[07-01 19:30:36][INFO] jax_fem: CuDSS backward: solving adjoint problem …
[07-01 19:30:36][DEBUG] jax_fem: DeviceProblem: computing Jacobian on device
[07-01 19:30:36][DEBUG] jax_fem: Function split_and_compute_cell took 0.0300 seconds
[07-01 19:30:36][DEBUG] jax_fem: Computing cell residual...
[07-01 19:30:36][DEBUG] jax_fem: Function split_and_compute_cell took 0.0751 seconds
[07-01 19:30:37][INFO] jax_fem: CuDSS backward: solving adjoint problem …
[07-01 19:30:37][DEBUG] jax_fem: DeviceProblem: computing Jacobian on device
[07-01 19:30:37][DEBUG] jax_fem: Function split_and_compute_cell took 0.0279 seconds
[07-01 19:30:37][DEBUG] jax_fem: Computing cell residual...
[07-01 19:30:37][DEBUG] jax_fem: Function split_and_compute_cell took 0.0632 seconds
[07-01 19:30:37][INFO] jax_fem: CuDSS backward: solving adjoint problem …
[07-01 19:30:37][DEBUG] jax_fem: DeviceProblem: computing Jacobian on device
[07-01 19:30:37][DEBUG] jax_fem: Function split_and_compute_cell took 0.0279 seconds
[07-01 19:30:37][DEBUG] jax_fem: Computing cell residual...
[07-01 19:30:37][DEBUG] jax_fem: Function split_and_compute_cell took 0.0649 seconds
[07-01 19:30:39][DEBUG] jax_fem: CuDSSNewtonSolver: starting Newton loop
[07-01 19:30:39][DEBUG] jax_fem: DeviceProblem: computing Jacobian on device
[07-01 19:30:39][DEBUG] jax_fem: Function split_and_compute_cell took 0.0516 seconds
[07-01 19:30:39][DEBUG] jax_fem: CuDSSNewtonSolver: initial residual = 2.235e+08
[07-01 19:30:39][DEBUG] jax_fem: DeviceProblem: computing Jacobian on device
[07-01 19:30:39][DEBUG] jax_fem: Function split_and_compute_cell took 0.0499 seconds
[07-01 19:30:39][DEBUG] jax_fem: CuDSSNewtonSolver: iter=1  res=7.950e-06  rel=3.557e-14
[07-01 19:30:39][INFO] jax_fem: CuDSSNewtonSolver: solve finished in 0.15s  res=7.950e-06
[07-01 19:30:39][DEBUG] jax_fem: CuDSSNewtonSolver: starting Newton loop
[07-01 19:30:39][DEBUG] jax_fem: DeviceProblem: computing Jacobian on device
[07-01 19:30:39][DEBUG] jax_fem: Function split_and_compute_cell took 0.0323 seconds
[07-01 19:30:39][DEBUG] jax_fem: CuDSSNewtonSolver: initial residual = 2.217e+08
[07-01 19:30:39][DEBUG] jax_fem: DeviceProblem: computing Jacobian on device
[07-01 19:30:39][DEBUG] jax_fem: Function split_and_compute_cell took 0.0475 seconds
[07-01 19:30:39][DEBUG] jax_fem: CuDSSNewtonSolver: iter=1  res=7.225e-06  rel=3.259e-14
[07-01 19:30:39][INFO] jax_fem: CuDSSNewtonSolver: solve finished in 0.12s  res=7.225e-06
[07-01 19:30:40][DEBUG] jax_fem: CuDSSNewtonSolver: starting Newton loop
[07-01 19:30:40][DEBUG] jax_fem: DeviceProblem: computing Jacobian on device
[07-01 19:30:40][DEBUG] jax_fem: Function split_and_compute_cell took 0.0297 seconds
[07-01 19:30:40][DEBUG] jax_fem: CuDSSNewtonSolver: initial residual = 2.211e+08
[07-01 19:30:40][DEBUG] jax_fem: DeviceProblem: computing Jacobian on device
[07-01 19:30:40][DEBUG] jax_fem: Function split_and_compute_cell took 0.0410 seconds
[07-01 19:30:40][DEBUG] jax_fem: CuDSSNewtonSolver: iter=1  res=6.490e-06  rel=2.935e-14
[07-01 19:30:40][INFO] jax_fem: CuDSSNewtonSolver: solve finished in 0.11s  res=6.490e-06
[07-01 19:30:40][DEBUG] jax_fem: CuDSSNewtonSolver: starting Newton loop
[07-01 19:30:40][DEBUG] jax_fem: DeviceProblem: computing Jacobian on device
[07-01 19:30:40][DEBUG] jax_fem: Function split_and_compute_cell took 0.0471 seconds
[07-01 19:30:40][DEBUG] jax_fem: CuDSSNewtonSolver: initial residual = 2.237e+08
[07-01 19:30:40][DEBUG] jax_fem: DeviceProblem: computing Jacobian on device
[07-01 19:30:40][DEBUG] jax_fem: Function split_and_compute_cell took 0.0315 seconds
[07-01 19:30:40][DEBUG] jax_fem: CuDSSNewtonSolver: iter=1  res=7.995e-06  rel=3.574e-14
[07-01 19:30:40][INFO] jax_fem: CuDSSNewtonSolver: solve finished in 0.12s  res=7.995e-06
[07-01 19:30:40][DEBUG] jax_fem: CuDSSNewtonSolver: starting Newton loop
[07-01 19:30:40][DEBUG] jax_fem: DeviceProblem: computing Jacobian on device
[07-01 19:30:40][DEBUG] jax_fem: Function split_and_compute_cell took 0.0353 seconds
[07-01 19:30:40][DEBUG] jax_fem: CuDSSNewtonSolver: initial residual = 2.223e+08
[07-01 19:30:40][DEBUG] jax_fem: DeviceProblem: computing Jacobian on device
[07-01 19:30:40][DEBUG] jax_fem: Function split_and_compute_cell took 0.0375 seconds
[07-01 19:30:40][DEBUG] jax_fem: CuDSSNewtonSolver: iter=1  res=6.655e-06  rel=2.993e-14
[07-01 19:30:40][INFO] jax_fem: CuDSSNewtonSolver: solve finished in 0.11s  res=6.655e-06
[07-01 19:30:42][DEBUG] jax_fem: CuDSSNewtonSolver: starting Newton loop
[07-01 19:30:42][DEBUG] jax_fem: DeviceProblem: computing Jacobian on device
[07-01 19:30:42][DEBUG] jax_fem: Function split_and_compute_cell took 0.0285 seconds
[07-01 19:30:42][DEBUG] jax_fem: CuDSSNewtonSolver: initial residual = 2.235e+08
[07-01 19:30:42][DEBUG] jax_fem: DeviceProblem: computing Jacobian on device
[07-01 19:30:42][DEBUG] jax_fem: Function split_and_compute_cell took 0.0282 seconds
[07-01 19:30:42][DEBUG] jax_fem: CuDSSNewtonSolver: iter=1  res=7.522e-06  rel=3.365e-14
[07-01 19:30:42][INFO] jax_fem: CuDSSNewtonSolver: solve finished in 0.09s  res=7.522e-06
[07-01 19:30:43][DEBUG] jax_fem: CuDSSNewtonSolver: starting Newton loop
[07-01 19:30:43][DEBUG] jax_fem: DeviceProblem: computing Jacobian on device
[07-01 19:30:43][DEBUG] jax_fem: Function split_and_compute_cell took 0.0284 seconds
[07-01 19:30:43][DEBUG] jax_fem: CuDSSNewtonSolver: initial residual = 2.217e+08
[07-01 19:30:43][DEBUG] jax_fem: DeviceProblem: computing Jacobian on device
[07-01 19:30:43][DEBUG] jax_fem: Function split_and_compute_cell took 0.0274 seconds
[07-01 19:30:43][DEBUG] jax_fem: CuDSSNewtonSolver: iter=1  res=7.085e-06  rel=3.197e-14
[07-01 19:30:43][INFO] jax_fem: CuDSSNewtonSolver: solve finished in 0.09s  res=7.085e-06
[07-01 19:30:43][DEBUG] jax_fem: CuDSSNewtonSolver: starting Newton loop
[07-01 19:30:43][DEBUG] jax_fem: DeviceProblem: computing Jacobian on device
[07-01 19:30:43][DEBUG] jax_fem: Function split_and_compute_cell took 0.0272 seconds
[07-01 19:30:43][DEBUG] jax_fem: CuDSSNewtonSolver: initial residual = 2.211e+08
[07-01 19:30:43][DEBUG] jax_fem: DeviceProblem: computing Jacobian on device
[07-01 19:30:43][DEBUG] jax_fem: Function split_and_compute_cell took 0.0292 seconds
[07-01 19:30:43][DEBUG] jax_fem: CuDSSNewtonSolver: iter=1  res=6.406e-06  rel=2.898e-14
[07-01 19:30:43][INFO] jax_fem: CuDSSNewtonSolver: solve finished in 0.09s  res=6.406e-06
[07-01 19:30:44][DEBUG] jax_fem: CuDSSNewtonSolver: starting Newton loop
[07-01 19:30:44][DEBUG] jax_fem: DeviceProblem: computing Jacobian on device
[07-01 19:30:44][DEBUG] jax_fem: Function split_and_compute_cell took 0.0290 seconds
[07-01 19:30:44][DEBUG] jax_fem: CuDSSNewtonSolver: initial residual = 2.237e+08
[07-01 19:30:44][DEBUG] jax_fem: DeviceProblem: computing Jacobian on device
[07-01 19:30:44][DEBUG] jax_fem: Function split_and_compute_cell took 0.0274 seconds
[07-01 19:30:44][DEBUG] jax_fem: CuDSSNewtonSolver: iter=1  res=8.266e-06  rel=3.696e-14
[07-01 19:30:44][INFO] jax_fem: CuDSSNewtonSolver: solve finished in 0.09s  res=8.266e-06
[07-01 19:30:45][DEBUG] jax_fem: CuDSSNewtonSolver: starting Newton loop
[07-01 19:30:45][DEBUG] jax_fem: DeviceProblem: computing Jacobian on device
[07-01 19:30:45][DEBUG] jax_fem: Function split_and_compute_cell took 0.0274 seconds
[07-01 19:30:45][DEBUG] jax_fem: CuDSSNewtonSolver: initial residual = 2.223e+08
[07-01 19:30:45][DEBUG] jax_fem: DeviceProblem: computing Jacobian on device
[07-01 19:30:45][DEBUG] jax_fem: Function split_and_compute_cell took 0.0284 seconds
[07-01 19:30:45][DEBUG] jax_fem: CuDSSNewtonSolver: iter=1  res=6.413e-06  rel=2.884e-14
[07-01 19:30:45][INFO] jax_fem: CuDSSNewtonSolver: solve finished in 0.09s  res=6.413e-06
[07-01 19:30:45][INFO] jax_fem: CuDSS backward: solving adjoint problem …
[07-01 19:30:45][DEBUG] jax_fem: DeviceProblem: computing Jacobian on device
[07-01 19:30:45][DEBUG] jax_fem: Function split_and_compute_cell took 0.0436 seconds
[07-01 19:30:45][DEBUG] jax_fem: Computing cell residual...
[07-01 19:30:45][DEBUG] jax_fem: Function split_and_compute_cell took 0.0695 seconds
[07-01 19:30:45][INFO] jax_fem: CuDSS backward: solving adjoint problem …
[07-01 19:30:45][DEBUG] jax_fem: DeviceProblem: computing Jacobian on device
[07-01 19:30:45][DEBUG] jax_fem: Function split_and_compute_cell took 0.0580 seconds
[07-01 19:30:45][DEBUG] jax_fem: Computing cell residual...
[07-01 19:30:45][DEBUG] jax_fem: Function split_and_compute_cell took 0.0751 seconds
[07-01 19:30:46][INFO] jax_fem: CuDSS backward: solving adjoint problem …
[07-01 19:30:46][DEBUG] jax_fem: DeviceProblem: computing Jacobian on device
[07-01 19:30:46][DEBUG] jax_fem: Function split_and_compute_cell took 0.0327 seconds
[07-01 19:30:46][DEBUG] jax_fem: Computing cell residual...
[07-01 19:30:46][DEBUG] jax_fem: Function split_and_compute_cell took 0.0703 seconds
[07-01 19:30:46][INFO] jax_fem: CuDSS backward: solving adjoint problem …
[07-01 19:30:46][DEBUG] jax_fem: DeviceProblem: computing Jacobian on device
[07-01 19:30:46][DEBUG] jax_fem: Function split_and_compute_cell took 0.0528 seconds
[07-01 19:30:46][DEBUG] jax_fem: Computing cell residual...
[07-01 19:30:46][DEBUG] jax_fem: Function split_and_compute_cell took 0.0667 seconds
[07-01 19:30:46][INFO] jax_fem: CuDSS backward: solving adjoint problem …
[07-01 19:30:46][DEBUG] jax_fem: DeviceProblem: computing Jacobian on device
[07-01 19:30:46][DEBUG] jax_fem: Function split_and_compute_cell took 0.0418 seconds
[07-01 19:30:46][DEBUG] jax_fem: Computing cell residual...
[07-01 19:30:47][DEBUG] jax_fem: Function split_and_compute_cell took 0.0681 seconds
[07-01 19:30:48][DEBUG] jax_fem: CuDSSNewtonSolver: starting Newton loop
[07-01 19:30:48][DEBUG] jax_fem: DeviceProblem: computing Jacobian on device
[07-01 19:30:48][DEBUG] jax_fem: Function split_and_compute_cell took 0.0323 seconds
[07-01 19:30:48][DEBUG] jax_fem: CuDSSNewtonSolver: initial residual = 2.235e+08
[07-01 19:30:48][DEBUG] jax_fem: DeviceProblem: computing Jacobian on device
[07-01 19:30:48][DEBUG] jax_fem: Function split_and_compute_cell took 0.0368 seconds
[07-01 19:30:48][DEBUG] jax_fem: CuDSSNewtonSolver: iter=1  res=8.838e-06  rel=3.954e-14
[07-01 19:30:48][INFO] jax_fem: CuDSSNewtonSolver: solve finished in 0.11s  res=8.838e-06
[07-01 19:30:49][DEBUG] jax_fem: CuDSSNewtonSolver: starting Newton loop
[07-01 19:30:49][DEBUG] jax_fem: DeviceProblem: computing Jacobian on device
[07-01 19:30:49][DEBUG] jax_fem: Function split_and_compute_cell took 0.0370 seconds
[07-01 19:30:49][DEBUG] jax_fem: CuDSSNewtonSolver: initial residual = 2.217e+08
[07-01 19:30:49][DEBUG] jax_fem: DeviceProblem: computing Jacobian on device
[07-01 19:30:49][DEBUG] jax_fem: Function split_and_compute_cell took 0.0354 seconds
[07-01 19:30:49][DEBUG] jax_fem: CuDSSNewtonSolver: iter=1  res=8.258e-06  rel=3.726e-14
[07-01 19:30:49][INFO] jax_fem: CuDSSNewtonSolver: solve finished in 0.11s  res=8.258e-06
[07-01 19:30:49][DEBUG] jax_fem: CuDSSNewtonSolver: starting Newton loop
[07-01 19:30:49][DEBUG] jax_fem: DeviceProblem: computing Jacobian on device
[07-01 19:30:49][DEBUG] jax_fem: Function split_and_compute_cell took 0.0363 seconds
[07-01 19:30:49][DEBUG] jax_fem: CuDSSNewtonSolver: initial residual = 2.211e+08
[07-01 19:30:49][DEBUG] jax_fem: DeviceProblem: computing Jacobian on device
[07-01 19:30:49][DEBUG] jax_fem: Function split_and_compute_cell took 0.0290 seconds
[07-01 19:30:49][DEBUG] jax_fem: CuDSSNewtonSolver: iter=1  res=7.227e-06  rel=3.269e-14
[07-01 19:30:49][INFO] jax_fem: CuDSSNewtonSolver: solve finished in 0.11s  res=7.227e-06
[07-01 19:30:49][DEBUG] jax_fem: CuDSSNewtonSolver: starting Newton loop
[07-01 19:30:49][DEBUG] jax_fem: DeviceProblem: computing Jacobian on device
[07-01 19:30:49][DEBUG] jax_fem: Function split_and_compute_cell took 0.0388 seconds
[07-01 19:30:49][DEBUG] jax_fem: CuDSSNewtonSolver: initial residual = 2.237e+08
[07-01 19:30:49][DEBUG] jax_fem: DeviceProblem: computing Jacobian on device
[07-01 19:30:49][DEBUG] jax_fem: Function split_and_compute_cell took 0.0426 seconds
[07-01 19:30:49][DEBUG] jax_fem: CuDSSNewtonSolver: iter=1  res=9.815e-06  rel=4.388e-14
[07-01 19:30:49][INFO] jax_fem: CuDSSNewtonSolver: solve finished in 0.12s  res=9.815e-06
[07-01 19:30:50][DEBUG] jax_fem: CuDSSNewtonSolver: starting Newton loop
[07-01 19:30:50][DEBUG] jax_fem: DeviceProblem: computing Jacobian on device
[07-01 19:30:50][DEBUG] jax_fem: Function split_and_compute_cell took 0.0414 seconds
[07-01 19:30:50][DEBUG] jax_fem: CuDSSNewtonSolver: initial residual = 2.223e+08
[07-01 19:30:50][DEBUG] jax_fem: DeviceProblem: computing Jacobian on device
[07-01 19:30:50][DEBUG] jax_fem: Function split_and_compute_cell took 0.0317 seconds
[07-01 19:30:50][DEBUG] jax_fem: CuDSSNewtonSolver: iter=1  res=1.658e-05  rel=7.458e-14
[07-01 19:30:50][INFO] jax_fem: CuDSSNewtonSolver: solve finished in 0.11s  res=1.658e-05
[07-01 19:30:51][DEBUG] jax_fem: CuDSSNewtonSolver: starting Newton loop
[07-01 19:30:51][DEBUG] jax_fem: DeviceProblem: computing Jacobian on device
[07-01 19:30:51][DEBUG] jax_fem: Function split_and_compute_cell took 0.0298 seconds
[07-01 19:30:51][DEBUG] jax_fem: CuDSSNewtonSolver: initial residual = 2.235e+08
[07-01 19:30:51][DEBUG] jax_fem: DeviceProblem: computing Jacobian on device
[07-01 19:30:51][DEBUG] jax_fem: Function split_and_compute_cell took 0.0287 seconds
[07-01 19:30:51][DEBUG] jax_fem: CuDSSNewtonSolver: iter=1  res=8.373e-06  rel=3.746e-14
[07-01 19:30:51][INFO] jax_fem: CuDSSNewtonSolver: solve finished in 0.09s  res=8.373e-06
[07-01 19:30:52][DEBUG] jax_fem: CuDSSNewtonSolver: starting Newton loop
[07-01 19:30:52][DEBUG] jax_fem: DeviceProblem: computing Jacobian on device
[07-01 19:30:52][DEBUG] jax_fem: Function split_and_compute_cell took 0.0296 seconds
[07-01 19:30:52][DEBUG] jax_fem: CuDSSNewtonSolver: initial residual = 2.217e+08
[07-01 19:30:52][DEBUG] jax_fem: DeviceProblem: computing Jacobian on device
[07-01 19:30:52][DEBUG] jax_fem: Function split_and_compute_cell took 0.0283 seconds
[07-01 19:30:52][DEBUG] jax_fem: CuDSSNewtonSolver: iter=1  res=8.017e-06  rel=3.617e-14
[07-01 19:30:52][INFO] jax_fem: CuDSSNewtonSolver: solve finished in 0.09s  res=8.017e-06
[07-01 19:30:53][DEBUG] jax_fem: CuDSSNewtonSolver: starting Newton loop
[07-01 19:30:53][DEBUG] jax_fem: DeviceProblem: computing Jacobian on device
[07-01 19:30:53][DEBUG] jax_fem: Function split_and_compute_cell took 0.0288 seconds
[07-01 19:30:53][DEBUG] jax_fem: CuDSSNewtonSolver: initial residual = 2.211e+08
[07-01 19:30:53][DEBUG] jax_fem: DeviceProblem: computing Jacobian on device
[07-01 19:30:53][DEBUG] jax_fem: Function split_and_compute_cell took 0.0288 seconds
[07-01 19:30:53][DEBUG] jax_fem: CuDSSNewtonSolver: iter=1  res=6.967e-06  rel=3.151e-14
[07-01 19:30:53][INFO] jax_fem: CuDSSNewtonSolver: solve finished in 0.09s  res=6.967e-06
[07-01 19:30:53][DEBUG] jax_fem: CuDSSNewtonSolver: starting Newton loop
[07-01 19:30:53][DEBUG] jax_fem: DeviceProblem: computing Jacobian on device
[07-01 19:30:53][DEBUG] jax_fem: Function split_and_compute_cell took 0.0293 seconds
[07-01 19:30:53][DEBUG] jax_fem: CuDSSNewtonSolver: initial residual = 2.237e+08
[07-01 19:30:53][DEBUG] jax_fem: DeviceProblem: computing Jacobian on device
[07-01 19:30:53][DEBUG] jax_fem: Function split_and_compute_cell took 0.0287 seconds
[07-01 19:30:53][DEBUG] jax_fem: CuDSSNewtonSolver: iter=1  res=9.504e-06  rel=4.249e-14
[07-01 19:30:53][INFO] jax_fem: CuDSSNewtonSolver: solve finished in 0.09s  res=9.504e-06
[07-01 19:30:54][DEBUG] jax_fem: CuDSSNewtonSolver: starting Newton loop
[07-01 19:30:54][DEBUG] jax_fem: DeviceProblem: computing Jacobian on device
[07-01 19:30:54][DEBUG] jax_fem: Function split_and_compute_cell took 0.0281 seconds
[07-01 19:30:54][DEBUG] jax_fem: CuDSSNewtonSolver: initial residual = 2.223e+08
[07-01 19:30:54][DEBUG] jax_fem: DeviceProblem: computing Jacobian on device
[07-01 19:30:54][DEBUG] jax_fem: Function split_and_compute_cell took 0.0293 seconds
[07-01 19:30:54][DEBUG] jax_fem: CuDSSNewtonSolver: iter=1  res=1.631e-05  rel=7.337e-14
[07-01 19:30:54][INFO] jax_fem: CuDSSNewtonSolver: solve finished in 0.09s  res=1.631e-05
[07-01 19:30:54][INFO] jax_fem: CuDSS backward: solving adjoint problem …
[07-01 19:30:54][DEBUG] jax_fem: DeviceProblem: computing Jacobian on device
[07-01 19:30:54][DEBUG] jax_fem: Function split_and_compute_cell took 0.0433 seconds
[07-01 19:30:54][DEBUG] jax_fem: Computing cell residual...
[07-01 19:30:54][DEBUG] jax_fem: Function split_and_compute_cell took 0.0596 seconds
[07-01 19:30:54][INFO] jax_fem: CuDSS backward: solving adjoint problem …
[07-01 19:30:54][DEBUG] jax_fem: DeviceProblem: computing Jacobian on device
[07-01 19:30:54][DEBUG] jax_fem: Function split_and_compute_cell took 0.0390 seconds
[07-01 19:30:55][DEBUG] jax_fem: Computing cell residual...
[07-01 19:30:55][DEBUG] jax_fem: Function split_and_compute_cell took 0.0713 seconds
[07-01 19:30:55][INFO] jax_fem: CuDSS backward: solving adjoint problem …
[07-01 19:30:55][DEBUG] jax_fem: DeviceProblem: computing Jacobian on device
[07-01 19:30:55][DEBUG] jax_fem: Function split_and_compute_cell took 0.0521 seconds
[07-01 19:30:55][DEBUG] jax_fem: Computing cell residual...
[07-01 19:30:55][DEBUG] jax_fem: Function split_and_compute_cell took 0.0654 seconds
[07-01 19:30:55][INFO] jax_fem: CuDSS backward: solving adjoint problem …
[07-01 19:30:55][DEBUG] jax_fem: DeviceProblem: computing Jacobian on device
[07-01 19:30:55][DEBUG] jax_fem: Function split_and_compute_cell took 0.0461 seconds
[07-01 19:30:55][DEBUG] jax_fem: Computing cell residual...
[07-01 19:30:55][DEBUG] jax_fem: Function split_and_compute_cell took 0.0669 seconds
[07-01 19:30:56][INFO] jax_fem: CuDSS backward: solving adjoint problem …
[07-01 19:30:56][DEBUG] jax_fem: DeviceProblem: computing Jacobian on device
[07-01 19:30:56][DEBUG] jax_fem: Function split_and_compute_cell took 0.0547 seconds
[07-01 19:30:56][DEBUG] jax_fem: Computing cell residual...
[07-01 19:30:56][DEBUG] jax_fem: Function split_and_compute_cell took 0.0638 seconds
[07-01 19:30:57][DEBUG] jax_fem: CuDSSNewtonSolver: starting Newton loop
[07-01 19:30:57][DEBUG] jax_fem: DeviceProblem: computing Jacobian on device
[07-01 19:30:57][DEBUG] jax_fem: Function split_and_compute_cell took 0.0303 seconds
[07-01 19:30:57][DEBUG] jax_fem: CuDSSNewtonSolver: initial residual = 2.235e+08
[07-01 19:30:57][DEBUG] jax_fem: DeviceProblem: computing Jacobian on device
[07-01 19:30:57][DEBUG] jax_fem: Function split_and_compute_cell took 0.0411 seconds
[07-01 19:30:57][DEBUG] jax_fem: CuDSSNewtonSolver: iter=1  res=7.272e-06  rel=3.254e-14
[07-01 19:30:57][INFO] jax_fem: CuDSSNewtonSolver: solve finished in 0.11s  res=7.272e-06
[07-01 19:30:58][DEBUG] jax_fem: CuDSSNewtonSolver: starting Newton loop
[07-01 19:30:58][DEBUG] jax_fem: DeviceProblem: computing Jacobian on device
[07-01 19:30:58][DEBUG] jax_fem: Function split_and_compute_cell took 0.0273 seconds
[07-01 19:30:58][DEBUG] jax_fem: CuDSSNewtonSolver: initial residual = 2.217e+08
[07-01 19:30:58][DEBUG] jax_fem: DeviceProblem: computing Jacobian on device
[07-01 19:30:58][DEBUG] jax_fem: Function split_and_compute_cell took 0.0353 seconds
[07-01 19:30:58][DEBUG] jax_fem: CuDSSNewtonSolver: iter=1  res=6.715e-06  rel=3.029e-14
[07-01 19:30:58][INFO] jax_fem: CuDSSNewtonSolver: solve finished in 0.10s  res=6.715e-06
[07-01 19:30:58][DEBUG] jax_fem: CuDSSNewtonSolver: starting Newton loop
[07-01 19:30:58][DEBUG] jax_fem: DeviceProblem: computing Jacobian on device
[07-01 19:30:58][DEBUG] jax_fem: Function split_and_compute_cell took 0.0522 seconds
[07-01 19:30:58][DEBUG] jax_fem: CuDSSNewtonSolver: initial residual = 2.211e+08
[07-01 19:30:58][DEBUG] jax_fem: DeviceProblem: computing Jacobian on device
[07-01 19:30:58][DEBUG] jax_fem: Function split_and_compute_cell took 0.0275 seconds
[07-01 19:30:58][DEBUG] jax_fem: CuDSSNewtonSolver: iter=1  res=6.209e-06  rel=2.808e-14
[07-01 19:30:58][INFO] jax_fem: CuDSSNewtonSolver: solve finished in 0.12s  res=6.209e-06
[07-01 19:30:58][DEBUG] jax_fem: CuDSSNewtonSolver: starting Newton loop
[07-01 19:30:58][DEBUG] jax_fem: DeviceProblem: computing Jacobian on device
[07-01 19:30:58][DEBUG] jax_fem: Function split_and_compute_cell took 0.0428 seconds
[07-01 19:30:58][DEBUG] jax_fem: CuDSSNewtonSolver: initial residual = 2.237e+08
[07-01 19:30:58][DEBUG] jax_fem: DeviceProblem: computing Jacobian on device
[07-01 19:30:59][DEBUG] jax_fem: Function split_and_compute_cell took 0.0367 seconds
[07-01 19:30:59][DEBUG] jax_fem: CuDSSNewtonSolver: iter=1  res=8.362e-06  rel=3.738e-14
[07-01 19:30:59][INFO] jax_fem: CuDSSNewtonSolver: solve finished in 0.12s  res=8.362e-06
[07-01 19:30:59][DEBUG] jax_fem: CuDSSNewtonSolver: starting Newton loop
[07-01 19:30:59][DEBUG] jax_fem: DeviceProblem: computing Jacobian on device
[07-01 19:30:59][DEBUG] jax_fem: Function split_and_compute_cell took 0.0370 seconds
[07-01 19:30:59][DEBUG] jax_fem: CuDSSNewtonSolver: initial residual = 2.223e+08
[07-01 19:30:59][DEBUG] jax_fem: DeviceProblem: computing Jacobian on device
[07-01 19:30:59][DEBUG] jax_fem: Function split_and_compute_cell took 0.0456 seconds
[07-01 19:30:59][DEBUG] jax_fem: CuDSSNewtonSolver: iter=1  res=7.080e-06  rel=3.184e-14
[07-01 19:30:59][INFO] jax_fem: CuDSSNewtonSolver: solve finished in 0.12s  res=7.080e-06
[07-01 19:31:01][DEBUG] jax_fem: CuDSSNewtonSolver: starting Newton loop
[07-01 19:31:01][DEBUG] jax_fem: DeviceProblem: computing Jacobian on device
[07-01 19:31:01][DEBUG] jax_fem: Function split_and_compute_cell took 0.0303 seconds
[07-01 19:31:01][DEBUG] jax_fem: CuDSSNewtonSolver: initial residual = 2.235e+08
[07-01 19:31:01][DEBUG] jax_fem: DeviceProblem: computing Jacobian on device
[07-01 19:31:01][DEBUG] jax_fem: Function split_and_compute_cell took 0.0290 seconds
[07-01 19:31:01][DEBUG] jax_fem: CuDSSNewtonSolver: iter=1  res=7.472e-06  rel=3.343e-14
[07-01 19:31:01][INFO] jax_fem: CuDSSNewtonSolver: solve finished in 0.10s  res=7.472e-06
[07-01 19:31:01][DEBUG] jax_fem: CuDSSNewtonSolver: starting Newton loop
[07-01 19:31:01][DEBUG] jax_fem: DeviceProblem: computing Jacobian on device
[07-01 19:31:01][DEBUG] jax_fem: Function split_and_compute_cell took 0.0283 seconds
[07-01 19:31:01][DEBUG] jax_fem: CuDSSNewtonSolver: initial residual = 2.217e+08
[07-01 19:31:01][DEBUG] jax_fem: DeviceProblem: computing Jacobian on device
[07-01 19:31:01][DEBUG] jax_fem: Function split_and_compute_cell took 0.0262 seconds
[07-01 19:31:01][DEBUG] jax_fem: CuDSSNewtonSolver: iter=1  res=6.859e-06  rel=3.095e-14
[07-01 19:31:01][INFO] jax_fem: CuDSSNewtonSolver: solve finished in 0.09s  res=6.859e-06
[07-01 19:31:02][DEBUG] jax_fem: CuDSSNewtonSolver: starting Newton loop
[07-01 19:31:02][DEBUG] jax_fem: DeviceProblem: computing Jacobian on device
[07-01 19:31:02][DEBUG] jax_fem: Function split_and_compute_cell took 0.0284 seconds
[07-01 19:31:02][DEBUG] jax_fem: CuDSSNewtonSolver: initial residual = 2.211e+08
[07-01 19:31:02][DEBUG] jax_fem: DeviceProblem: computing Jacobian on device
[07-01 19:31:02][DEBUG] jax_fem: Function split_and_compute_cell took 0.0315 seconds
[07-01 19:31:02][DEBUG] jax_fem: CuDSSNewtonSolver: iter=1  res=6.320e-06  rel=2.859e-14
[07-01 19:31:02][INFO] jax_fem: CuDSSNewtonSolver: solve finished in 0.10s  res=6.320e-06
[07-01 19:31:02][DEBUG] jax_fem: CuDSSNewtonSolver: starting Newton loop
[07-01 19:31:02][DEBUG] jax_fem: DeviceProblem: computing Jacobian on device
[07-01 19:31:03][DEBUG] jax_fem: Function split_and_compute_cell took 0.0272 seconds
[07-01 19:31:03][DEBUG] jax_fem: CuDSSNewtonSolver: initial residual = 2.237e+08
[07-01 19:31:03][DEBUG] jax_fem: DeviceProblem: computing Jacobian on device
[07-01 19:31:03][DEBUG] jax_fem: Function split_and_compute_cell took 0.0295 seconds
[07-01 19:31:03][DEBUG] jax_fem: CuDSSNewtonSolver: iter=1  res=7.824e-06  rel=3.498e-14
[07-01 19:31:03][INFO] jax_fem: CuDSSNewtonSolver: solve finished in 0.09s  res=7.824e-06
[07-01 19:31:03][DEBUG] jax_fem: CuDSSNewtonSolver: starting Newton loop
[07-01 19:31:03][DEBUG] jax_fem: DeviceProblem: computing Jacobian on device
[07-01 19:31:03][DEBUG] jax_fem: Function split_and_compute_cell took 0.0296 seconds
[07-01 19:31:03][DEBUG] jax_fem: CuDSSNewtonSolver: initial residual = 2.223e+08
[07-01 19:31:03][DEBUG] jax_fem: DeviceProblem: computing Jacobian on device
[07-01 19:31:03][DEBUG] jax_fem: Function split_and_compute_cell took 0.0281 seconds
[07-01 19:31:03][DEBUG] jax_fem: CuDSSNewtonSolver: iter=1  res=6.882e-06  rel=3.095e-14
[07-01 19:31:03][INFO] jax_fem: CuDSSNewtonSolver: solve finished in 0.09s  res=6.882e-06
[07-01 19:31:03][INFO] jax_fem: CuDSS backward: solving adjoint problem …
[07-01 19:31:03][DEBUG] jax_fem: DeviceProblem: computing Jacobian on device
[07-01 19:31:03][DEBUG] jax_fem: Function split_and_compute_cell took 0.0419 seconds
[07-01 19:31:03][DEBUG] jax_fem: Computing cell residual...
[07-01 19:31:04][DEBUG] jax_fem: Function split_and_compute_cell took 0.0669 seconds
[07-01 19:31:04][INFO] jax_fem: CuDSS backward: solving adjoint problem …
[07-01 19:31:04][DEBUG] jax_fem: DeviceProblem: computing Jacobian on device
[07-01 19:31:04][DEBUG] jax_fem: Function split_and_compute_cell took 0.0426 seconds
[07-01 19:31:04][DEBUG] jax_fem: Computing cell residual...
[07-01 19:31:04][DEBUG] jax_fem: Function split_and_compute_cell took 0.0669 seconds
[07-01 19:31:04][INFO] jax_fem: CuDSS backward: solving adjoint problem …
[07-01 19:31:04][DEBUG] jax_fem: DeviceProblem: computing Jacobian on device
[07-01 19:31:04][DEBUG] jax_fem: Function split_and_compute_cell took 0.0319 seconds
[07-01 19:31:04][DEBUG] jax_fem: Computing cell residual...
[07-01 19:31:04][DEBUG] jax_fem: Function split_and_compute_cell took 0.0616 seconds
[07-01 19:31:05][INFO] jax_fem: CuDSS backward: solving adjoint problem …
[07-01 19:31:05][DEBUG] jax_fem: DeviceProblem: computing Jacobian on device
[07-01 19:31:05][DEBUG] jax_fem: Function split_and_compute_cell took 0.0350 seconds
[07-01 19:31:05][DEBUG] jax_fem: Computing cell residual...
[07-01 19:31:05][DEBUG] jax_fem: Function split_and_compute_cell took 0.0708 seconds
[07-01 19:31:05][INFO] jax_fem: CuDSS backward: solving adjoint problem …
[07-01 19:31:05][DEBUG] jax_fem: DeviceProblem: computing Jacobian on device
[07-01 19:31:05][DEBUG] jax_fem: Function split_and_compute_cell took 0.0381 seconds
[07-01 19:31:05][DEBUG] jax_fem: Computing cell residual...
[07-01 19:31:05][DEBUG] jax_fem: Function split_and_compute_cell took 0.0835 seconds
[07-01 19:31:07][DEBUG] jax_fem: CuDSSNewtonSolver: starting Newton loop
[07-01 19:31:07][DEBUG] jax_fem: DeviceProblem: computing Jacobian on device
[07-01 19:31:07][DEBUG] jax_fem: Function split_and_compute_cell took 0.0553 seconds
[07-01 19:31:07][DEBUG] jax_fem: CuDSSNewtonSolver: initial residual = 2.235e+08
[07-01 19:31:07][DEBUG] jax_fem: DeviceProblem: computing Jacobian on device
[07-01 19:31:07][DEBUG] jax_fem: Function split_and_compute_cell took 0.0384 seconds
[07-01 19:31:07][DEBUG] jax_fem: CuDSSNewtonSolver: iter=1  res=7.410e-06  rel=3.315e-14
[07-01 19:31:07][INFO] jax_fem: CuDSSNewtonSolver: solve finished in 0.14s  res=7.410e-06
[07-01 19:31:07][DEBUG] jax_fem: CuDSSNewtonSolver: starting Newton loop
[07-01 19:31:07][DEBUG] jax_fem: DeviceProblem: computing Jacobian on device
[07-01 19:31:07][DEBUG] jax_fem: Function split_and_compute_cell took 0.0455 seconds
[07-01 19:31:07][DEBUG] jax_fem: CuDSSNewtonSolver: initial residual = 2.217e+08
[07-01 19:31:07][DEBUG] jax_fem: DeviceProblem: computing Jacobian on device
[07-01 19:31:07][DEBUG] jax_fem: Function split_and_compute_cell took 0.0262 seconds
[07-01 19:31:07][DEBUG] jax_fem: CuDSSNewtonSolver: iter=1  res=6.702e-06  rel=3.024e-14
[07-01 19:31:07][INFO] jax_fem: CuDSSNewtonSolver: solve finished in 0.12s  res=6.702e-06
[07-01 19:31:08][DEBUG] jax_fem: CuDSSNewtonSolver: starting Newton loop
[07-01 19:31:08][DEBUG] jax_fem: DeviceProblem: computing Jacobian on device
[07-01 19:31:08][DEBUG] jax_fem: Function split_and_compute_cell took 0.0308 seconds
[07-01 19:31:08][DEBUG] jax_fem: CuDSSNewtonSolver: initial residual = 2.211e+08
[07-01 19:31:08][DEBUG] jax_fem: DeviceProblem: computing Jacobian on device
[07-01 19:31:08][DEBUG] jax_fem: Function split_and_compute_cell took 0.0423 seconds
[07-01 19:31:08][DEBUG] jax_fem: CuDSSNewtonSolver: iter=1  res=6.372e-06  rel=2.882e-14
[07-01 19:31:08][INFO] jax_fem: CuDSSNewtonSolver: solve finished in 0.11s  res=6.372e-06
[07-01 19:31:08][DEBUG] jax_fem: CuDSSNewtonSolver: starting Newton loop
[07-01 19:31:08][DEBUG] jax_fem: DeviceProblem: computing Jacobian on device
[07-01 19:31:08][DEBUG] jax_fem: Function split_and_compute_cell took 0.0268 seconds
[07-01 19:31:08][DEBUG] jax_fem: CuDSSNewtonSolver: initial residual = 2.237e+08
[07-01 19:31:08][DEBUG] jax_fem: DeviceProblem: computing Jacobian on device
[07-01 19:31:08][DEBUG] jax_fem: Function split_and_compute_cell took 0.0302 seconds
[07-01 19:31:08][DEBUG] jax_fem: CuDSSNewtonSolver: iter=1  res=7.881e-06  rel=3.523e-14
[07-01 19:31:08][INFO] jax_fem: CuDSSNewtonSolver: solve finished in 0.10s  res=7.881e-06
[07-01 19:31:08][DEBUG] jax_fem: CuDSSNewtonSolver: starting Newton loop
[07-01 19:31:08][DEBUG] jax_fem: DeviceProblem: computing Jacobian on device
[07-01 19:31:08][DEBUG] jax_fem: Function split_and_compute_cell took 0.0367 seconds
[07-01 19:31:08][DEBUG] jax_fem: CuDSSNewtonSolver: initial residual = 2.223e+08
[07-01 19:31:08][DEBUG] jax_fem: DeviceProblem: computing Jacobian on device
[07-01 19:31:08][DEBUG] jax_fem: Function split_and_compute_cell took 0.0453 seconds
[07-01 19:31:08][DEBUG] jax_fem: CuDSSNewtonSolver: iter=1  res=6.854e-06  rel=3.083e-14
[07-01 19:31:08][INFO] jax_fem: CuDSSNewtonSolver: solve finished in 0.12s  res=6.854e-06
[07-01 19:31:10][DEBUG] jax_fem: CuDSSNewtonSolver: starting Newton loop
[07-01 19:31:10][DEBUG] jax_fem: DeviceProblem: computing Jacobian on device
[07-01 19:31:10][DEBUG] jax_fem: Function split_and_compute_cell took 0.0276 seconds
[07-01 19:31:10][DEBUG] jax_fem: CuDSSNewtonSolver: initial residual = 2.235e+08
[07-01 19:31:10][DEBUG] jax_fem: DeviceProblem: computing Jacobian on device
[07-01 19:31:10][DEBUG] jax_fem: Function split_and_compute_cell took 0.0283 seconds
[07-01 19:31:10][DEBUG] jax_fem: CuDSSNewtonSolver: iter=1  res=8.029e-06  rel=3.592e-14
[07-01 19:31:10][INFO] jax_fem: CuDSSNewtonSolver: solve finished in 0.09s  res=8.029e-06
[07-01 19:31:11][DEBUG] jax_fem: CuDSSNewtonSolver: starting Newton loop
[07-01 19:31:11][DEBUG] jax_fem: DeviceProblem: computing Jacobian on device
[07-01 19:31:11][DEBUG] jax_fem: Function split_and_compute_cell took 0.0287 seconds
[07-01 19:31:11][DEBUG] jax_fem: CuDSSNewtonSolver: initial residual = 2.217e+08
[07-01 19:31:11][DEBUG] jax_fem: DeviceProblem: computing Jacobian on device
[07-01 19:31:11][DEBUG] jax_fem: Function split_and_compute_cell took 0.0284 seconds
[07-01 19:31:11][DEBUG] jax_fem: CuDSSNewtonSolver: iter=1  res=7.010e-06  rel=3.163e-14
[07-01 19:31:11][INFO] jax_fem: CuDSSNewtonSolver: solve finished in 0.09s  res=7.010e-06
[07-01 19:31:11][DEBUG] jax_fem: CuDSSNewtonSolver: starting Newton loop
[07-01 19:31:11][DEBUG] jax_fem: DeviceProblem: computing Jacobian on device
[07-01 19:31:11][DEBUG] jax_fem: Function split_and_compute_cell took 0.0287 seconds
[07-01 19:31:11][DEBUG] jax_fem: CuDSSNewtonSolver: initial residual = 2.211e+08
[07-01 19:31:11][DEBUG] jax_fem: DeviceProblem: computing Jacobian on device
[07-01 19:31:11][DEBUG] jax_fem: Function split_and_compute_cell took 0.0288 seconds
[07-01 19:31:11][DEBUG] jax_fem: CuDSSNewtonSolver: iter=1  res=6.476e-06  rel=2.929e-14
[07-01 19:31:11][INFO] jax_fem: CuDSSNewtonSolver: solve finished in 0.09s  res=6.476e-06
[07-01 19:31:12][DEBUG] jax_fem: CuDSSNewtonSolver: starting Newton loop
[07-01 19:31:12][DEBUG] jax_fem: DeviceProblem: computing Jacobian on device
[07-01 19:31:12][DEBUG] jax_fem: Function split_and_compute_cell took 0.0283 seconds
[07-01 19:31:12][DEBUG] jax_fem: CuDSSNewtonSolver: initial residual = 2.237e+08
[07-01 19:31:12][DEBUG] jax_fem: DeviceProblem: computing Jacobian on device
[07-01 19:31:12][DEBUG] jax_fem: Function split_and_compute_cell took 0.0312 seconds
[07-01 19:31:12][DEBUG] jax_fem: CuDSSNewtonSolver: iter=1  res=7.811e-06  rel=3.492e-14
[07-01 19:31:12][INFO] jax_fem: CuDSSNewtonSolver: solve finished in 0.09s  res=7.811e-06
[07-01 19:31:12][DEBUG] jax_fem: CuDSSNewtonSolver: starting Newton loop
[07-01 19:31:12][DEBUG] jax_fem: DeviceProblem: computing Jacobian on device
[07-01 19:31:12][DEBUG] jax_fem: Function split_and_compute_cell took 0.0297 seconds
[07-01 19:31:12][DEBUG] jax_fem: CuDSSNewtonSolver: initial residual = 2.223e+08
[07-01 19:31:12][DEBUG] jax_fem: DeviceProblem: computing Jacobian on device
[07-01 19:31:13][DEBUG] jax_fem: Function split_and_compute_cell took 0.0297 seconds
[07-01 19:31:13][DEBUG] jax_fem: CuDSSNewtonSolver: iter=1  res=6.634e-06  rel=2.984e-14
[07-01 19:31:13][INFO] jax_fem: CuDSSNewtonSolver: solve finished in 0.10s  res=6.634e-06
[07-01 19:31:13][INFO] jax_fem: CuDSS backward: solving adjoint problem …
[07-01 19:31:13][DEBUG] jax_fem: DeviceProblem: computing Jacobian on device
[07-01 19:31:13][DEBUG] jax_fem: Function split_and_compute_cell took 0.0270 seconds
[07-01 19:31:13][DEBUG] jax_fem: Computing cell residual...
[07-01 19:31:13][DEBUG] jax_fem: Function split_and_compute_cell took 0.0579 seconds
[07-01 19:31:13][INFO] jax_fem: CuDSS backward: solving adjoint problem …
[07-01 19:31:13][DEBUG] jax_fem: DeviceProblem: computing Jacobian on device
[07-01 19:31:13][DEBUG] jax_fem: Function split_and_compute_cell took 0.0405 seconds
[07-01 19:31:13][DEBUG] jax_fem: Computing cell residual...
[07-01 19:31:13][DEBUG] jax_fem: Function split_and_compute_cell took 0.0660 seconds
[07-01 19:31:13][INFO] jax_fem: CuDSS backward: solving adjoint problem …
[07-01 19:31:13][DEBUG] jax_fem: DeviceProblem: computing Jacobian on device
[07-01 19:31:13][DEBUG] jax_fem: Function split_and_compute_cell took 0.0527 seconds
[07-01 19:31:13][DEBUG] jax_fem: Computing cell residual...
[07-01 19:31:14][DEBUG] jax_fem: Function split_and_compute_cell took 0.0729 seconds
[07-01 19:31:14][INFO] jax_fem: CuDSS backward: solving adjoint problem …
[07-01 19:31:14][DEBUG] jax_fem: DeviceProblem: computing Jacobian on device
[07-01 19:31:14][DEBUG] jax_fem: Function split_and_compute_cell took 0.0522 seconds
[07-01 19:31:14][DEBUG] jax_fem: Computing cell residual...
[07-01 19:31:14][DEBUG] jax_fem: Function split_and_compute_cell took 0.0640 seconds
[07-01 19:31:14][INFO] jax_fem: CuDSS backward: solving adjoint problem …
[07-01 19:31:14][DEBUG] jax_fem: DeviceProblem: computing Jacobian on device
[07-01 19:31:14][DEBUG] jax_fem: Function split_and_compute_cell took 0.0537 seconds
[07-01 19:31:14][DEBUG] jax_fem: Computing cell residual...
[07-01 19:31:14][DEBUG] jax_fem: Function split_and_compute_cell took 0.0693 seconds
[07-01 19:31:16][DEBUG] jax_fem: CuDSSNewtonSolver: starting Newton loop
[07-01 19:31:16][DEBUG] jax_fem: DeviceProblem: computing Jacobian on device
[07-01 19:31:16][DEBUG] jax_fem: Function split_and_compute_cell took 0.0261 seconds
[07-01 19:31:16][DEBUG] jax_fem: CuDSSNewtonSolver: initial residual = 2.235e+08
[07-01 19:31:16][DEBUG] jax_fem: DeviceProblem: computing Jacobian on device
[07-01 19:31:16][DEBUG] jax_fem: Function split_and_compute_cell took 0.0356 seconds
[07-01 19:31:16][DEBUG] jax_fem: CuDSSNewtonSolver: iter=1  res=7.581e-06  rel=3.392e-14
[07-01 19:31:16][INFO] jax_fem: CuDSSNewtonSolver: solve finished in 0.10s  res=7.581e-06
[07-01 19:31:16][DEBUG] jax_fem: CuDSSNewtonSolver: starting Newton loop
[07-01 19:31:16][DEBUG] jax_fem: DeviceProblem: computing Jacobian on device
[07-01 19:31:16][DEBUG] jax_fem: Function split_and_compute_cell took 0.0341 seconds
[07-01 19:31:16][DEBUG] jax_fem: CuDSSNewtonSolver: initial residual = 2.217e+08
[07-01 19:31:16][DEBUG] jax_fem: DeviceProblem: computing Jacobian on device
[07-01 19:31:16][DEBUG] jax_fem: Function split_and_compute_cell took 0.0313 seconds
[07-01 19:31:16][DEBUG] jax_fem: CuDSSNewtonSolver: iter=1  res=7.326e-06  rel=3.305e-14
[07-01 19:31:16][INFO] jax_fem: CuDSSNewtonSolver: solve finished in 0.10s  res=7.326e-06
[07-01 19:31:17][DEBUG] jax_fem: CuDSSNewtonSolver: starting Newton loop
[07-01 19:31:17][DEBUG] jax_fem: DeviceProblem: computing Jacobian on device
[07-01 19:31:17][DEBUG] jax_fem: Function split_and_compute_cell took 0.0278 seconds
[07-01 19:31:17][DEBUG] jax_fem: CuDSSNewtonSolver: initial residual = 2.211e+08
[07-01 19:31:17][DEBUG] jax_fem: DeviceProblem: computing Jacobian on device
[07-01 19:31:17][DEBUG] jax_fem: Function split_and_compute_cell took 0.0378 seconds
[07-01 19:31:17][DEBUG] jax_fem: CuDSSNewtonSolver: iter=1  res=6.449e-06  rel=2.917e-14
[07-01 19:31:17][INFO] jax_fem: CuDSSNewtonSolver: solve finished in 0.11s  res=6.449e-06
[07-01 19:31:17][DEBUG] jax_fem: CuDSSNewtonSolver: starting Newton loop
[07-01 19:31:17][DEBUG] jax_fem: DeviceProblem: computing Jacobian on device
[07-01 19:31:17][DEBUG] jax_fem: Function split_and_compute_cell took 0.0459 seconds
[07-01 19:31:17][DEBUG] jax_fem: CuDSSNewtonSolver: initial residual = 2.237e+08
[07-01 19:31:17][DEBUG] jax_fem: DeviceProblem: computing Jacobian on device
[07-01 19:31:17][DEBUG] jax_fem: Function split_and_compute_cell took 0.0259 seconds
[07-01 19:31:17][DEBUG] jax_fem: CuDSSNewtonSolver: iter=1  res=7.882e-06  rel=3.524e-14
[07-01 19:31:17][INFO] jax_fem: CuDSSNewtonSolver: solve finished in 0.11s  res=7.882e-06
[07-01 19:31:17][DEBUG] jax_fem: CuDSSNewtonSolver: starting Newton loop
[07-01 19:31:17][DEBUG] jax_fem: DeviceProblem: computing Jacobian on device
[07-01 19:31:17][DEBUG] jax_fem: Function split_and_compute_cell took 0.0486 seconds
[07-01 19:31:17][DEBUG] jax_fem: CuDSSNewtonSolver: initial residual = 2.223e+08
[07-01 19:31:17][DEBUG] jax_fem: DeviceProblem: computing Jacobian on device
[07-01 19:31:17][DEBUG] jax_fem: Function split_and_compute_cell took 0.0301 seconds
[07-01 19:31:17][DEBUG] jax_fem: CuDSSNewtonSolver: iter=1  res=7.020e-06  rel=3.157e-14
[07-01 19:31:17][INFO] jax_fem: CuDSSNewtonSolver: solve finished in 0.12s  res=7.020e-06
[07-01 19:31:19][DEBUG] jax_fem: CuDSSNewtonSolver: starting Newton loop
[07-01 19:31:19][DEBUG] jax_fem: DeviceProblem: computing Jacobian on device
[07-01 19:31:19][DEBUG] jax_fem: Function split_and_compute_cell took 0.0289 seconds
[07-01 19:31:19][DEBUG] jax_fem: CuDSSNewtonSolver: initial residual = 2.235e+08
[07-01 19:31:19][DEBUG] jax_fem: DeviceProblem: computing Jacobian on device
[07-01 19:31:19][DEBUG] jax_fem: Function split_and_compute_cell took 0.0284 seconds
[07-01 19:31:19][DEBUG] jax_fem: CuDSSNewtonSolver: iter=1  res=7.355e-06  rel=3.291e-14
[07-01 19:31:19][INFO] jax_fem: CuDSSNewtonSolver: solve finished in 0.09s  res=7.355e-06
[07-01 19:31:20][DEBUG] jax_fem: CuDSSNewtonSolver: starting Newton loop
[07-01 19:31:20][DEBUG] jax_fem: DeviceProblem: computing Jacobian on device
[07-01 19:31:20][DEBUG] jax_fem: Function split_and_compute_cell took 0.0291 seconds
[07-01 19:31:20][DEBUG] jax_fem: CuDSSNewtonSolver: initial residual = 2.217e+08
[07-01 19:31:20][DEBUG] jax_fem: DeviceProblem: computing Jacobian on device
[07-01 19:31:20][DEBUG] jax_fem: Function split_and_compute_cell took 0.0279 seconds
[07-01 19:31:20][DEBUG] jax_fem: CuDSSNewtonSolver: iter=1  res=7.457e-06  rel=3.364e-14
[07-01 19:31:20][INFO] jax_fem: CuDSSNewtonSolver: solve finished in 0.09s  res=7.457e-06
[07-01 19:31:21][DEBUG] jax_fem: CuDSSNewtonSolver: starting Newton loop
[07-01 19:31:21][DEBUG] jax_fem: DeviceProblem: computing Jacobian on device
[07-01 19:31:21][DEBUG] jax_fem: Function split_and_compute_cell took 0.0293 seconds
[07-01 19:31:21][DEBUG] jax_fem: CuDSSNewtonSolver: initial residual = 2.211e+08
[07-01 19:31:21][DEBUG] jax_fem: DeviceProblem: computing Jacobian on device
[07-01 19:31:21][DEBUG] jax_fem: Function split_and_compute_cell took 0.0275 seconds
[07-01 19:31:21][DEBUG] jax_fem: CuDSSNewtonSolver: iter=1  res=6.465e-06  rel=2.924e-14
[07-01 19:31:21][INFO] jax_fem: CuDSSNewtonSolver: solve finished in 0.09s  res=6.465e-06
[07-01 19:31:21][DEBUG] jax_fem: CuDSSNewtonSolver: starting Newton loop
[07-01 19:31:21][DEBUG] jax_fem: DeviceProblem: computing Jacobian on device
[07-01 19:31:21][DEBUG] jax_fem: Function split_and_compute_cell took 0.0278 seconds
[07-01 19:31:21][DEBUG] jax_fem: CuDSSNewtonSolver: initial residual = 2.237e+08
[07-01 19:31:21][DEBUG] jax_fem: DeviceProblem: computing Jacobian on device
[07-01 19:31:21][DEBUG] jax_fem: Function split_and_compute_cell took 0.0277 seconds
[07-01 19:31:21][DEBUG] jax_fem: CuDSSNewtonSolver: iter=1  res=7.751e-06  rel=3.465e-14
[07-01 19:31:21][INFO] jax_fem: CuDSSNewtonSolver: solve finished in 0.09s  res=7.751e-06
[07-01 19:31:22][DEBUG] jax_fem: CuDSSNewtonSolver: starting Newton loop
[07-01 19:31:22][DEBUG] jax_fem: DeviceProblem: computing Jacobian on device
[07-01 19:31:22][DEBUG] jax_fem: Function split_and_compute_cell took 0.0272 seconds
[07-01 19:31:22][DEBUG] jax_fem: CuDSSNewtonSolver: initial residual = 2.223e+08
[07-01 19:31:22][DEBUG] jax_fem: DeviceProblem: computing Jacobian on device
[07-01 19:31:22][DEBUG] jax_fem: Function split_and_compute_cell took 0.0290 seconds
[07-01 19:31:22][DEBUG] jax_fem: CuDSSNewtonSolver: iter=1  res=6.793e-06  rel=3.055e-14
[07-01 19:31:22][INFO] jax_fem: CuDSSNewtonSolver: solve finished in 0.09s  res=6.793e-06
[07-01 19:31:22][INFO] jax_fem: CuDSS backward: solving adjoint problem …
[07-01 19:31:22][DEBUG] jax_fem: DeviceProblem: computing Jacobian on device
[07-01 19:31:22][DEBUG] jax_fem: Function split_and_compute_cell took 0.0275 seconds
[07-01 19:31:22][DEBUG] jax_fem: Computing cell residual...
[07-01 19:31:22][DEBUG] jax_fem: Function split_and_compute_cell took 0.0691 seconds
[07-01 19:31:22][INFO] jax_fem: CuDSS backward: solving adjoint problem …
[07-01 19:31:22][DEBUG] jax_fem: DeviceProblem: computing Jacobian on device
[07-01 19:31:22][DEBUG] jax_fem: Function split_and_compute_cell took 0.0310 seconds
[07-01 19:31:22][DEBUG] jax_fem: Computing cell residual...
[07-01 19:31:22][DEBUG] jax_fem: Function split_and_compute_cell took 0.0595 seconds
[07-01 19:31:23][INFO] jax_fem: CuDSS backward: solving adjoint problem …
[07-01 19:31:23][DEBUG] jax_fem: DeviceProblem: computing Jacobian on device
[07-01 19:31:23][DEBUG] jax_fem: Function split_and_compute_cell took 0.0396 seconds
[07-01 19:31:23][DEBUG] jax_fem: Computing cell residual...
[07-01 19:31:23][DEBUG] jax_fem: Function split_and_compute_cell took 0.0731 seconds
[07-01 19:31:23][INFO] jax_fem: CuDSS backward: solving adjoint problem …
[07-01 19:31:23][DEBUG] jax_fem: DeviceProblem: computing Jacobian on device
[07-01 19:31:23][DEBUG] jax_fem: Function split_and_compute_cell took 0.0546 seconds
[07-01 19:31:23][DEBUG] jax_fem: Computing cell residual...
[07-01 19:31:23][DEBUG] jax_fem: Function split_and_compute_cell took 0.0718 seconds
[07-01 19:31:23][INFO] jax_fem: CuDSS backward: solving adjoint problem …
[07-01 19:31:24][DEBUG] jax_fem: DeviceProblem: computing Jacobian on device
[07-01 19:31:24][DEBUG] jax_fem: Function split_and_compute_cell took 0.0386 seconds
[07-01 19:31:24][DEBUG] jax_fem: Computing cell residual...
[07-01 19:31:24][DEBUG] jax_fem: Function split_and_compute_cell took 0.0667 seconds
[07-01 19:31:25][DEBUG] jax_fem: CuDSSNewtonSolver: starting Newton loop
[07-01 19:31:25][DEBUG] jax_fem: DeviceProblem: computing Jacobian on device
[07-01 19:31:25][DEBUG] jax_fem: Function split_and_compute_cell took 0.0480 seconds
[07-01 19:31:25][DEBUG] jax_fem: CuDSSNewtonSolver: initial residual = 2.235e+08
[07-01 19:31:25][DEBUG] jax_fem: DeviceProblem: computing Jacobian on device
[07-01 19:31:25][DEBUG] jax_fem: Function split_and_compute_cell took 0.0336 seconds
[07-01 19:31:25][DEBUG] jax_fem: CuDSSNewtonSolver: iter=1  res=7.078e-06  rel=3.167e-14
[07-01 19:31:25][INFO] jax_fem: CuDSSNewtonSolver: solve finished in 0.13s  res=7.078e-06
[07-01 19:31:26][DEBUG] jax_fem: CuDSSNewtonSolver: starting Newton loop
[07-01 19:31:26][DEBUG] jax_fem: DeviceProblem: computing Jacobian on device
[07-01 19:31:26][DEBUG] jax_fem: Function split_and_compute_cell took 0.0297 seconds
[07-01 19:31:26][DEBUG] jax_fem: CuDSSNewtonSolver: initial residual = 2.217e+08
[07-01 19:31:26][DEBUG] jax_fem: DeviceProblem: computing Jacobian on device
[07-01 19:31:26][DEBUG] jax_fem: Function split_and_compute_cell took 0.0348 seconds
[07-01 19:31:26][DEBUG] jax_fem: CuDSSNewtonSolver: iter=1  res=7.010e-06  rel=3.162e-14
[07-01 19:31:26][INFO] jax_fem: CuDSSNewtonSolver: solve finished in 0.11s  res=7.010e-06
[07-01 19:31:26][DEBUG] jax_fem: CuDSSNewtonSolver: starting Newton loop
[07-01 19:31:26][DEBUG] jax_fem: DeviceProblem: computing Jacobian on device
[07-01 19:31:26][DEBUG] jax_fem: Function split_and_compute_cell took 0.0333 seconds
[07-01 19:31:26][DEBUG] jax_fem: CuDSSNewtonSolver: initial residual = 2.211e+08
[07-01 19:31:26][DEBUG] jax_fem: DeviceProblem: computing Jacobian on device
[07-01 19:31:26][DEBUG] jax_fem: Function split_and_compute_cell took 0.0363 seconds
[07-01 19:31:26][DEBUG] jax_fem: CuDSSNewtonSolver: iter=1  res=6.668e-06  rel=3.016e-14
[07-01 19:31:26][INFO] jax_fem: CuDSSNewtonSolver: solve finished in 0.11s  res=6.668e-06
[07-01 19:31:26][DEBUG] jax_fem: CuDSSNewtonSolver: starting Newton loop
[07-01 19:31:26][DEBUG] jax_fem: DeviceProblem: computing Jacobian on device
[07-01 19:31:26][DEBUG] jax_fem: Function split_and_compute_cell took 0.0311 seconds
[07-01 19:31:26][DEBUG] jax_fem: CuDSSNewtonSolver: initial residual = 2.237e+08
[07-01 19:31:26][DEBUG] jax_fem: DeviceProblem: computing Jacobian on device
[07-01 19:31:26][DEBUG] jax_fem: Function split_and_compute_cell took 0.0469 seconds
[07-01 19:31:26][DEBUG] jax_fem: CuDSSNewtonSolver: iter=1  res=7.547e-06  rel=3.374e-14
[07-01 19:31:26][INFO] jax_fem: CuDSSNewtonSolver: solve finished in 0.12s  res=7.547e-06
[07-01 19:31:27][DEBUG] jax_fem: CuDSSNewtonSolver: starting Newton loop
[07-01 19:31:27][DEBUG] jax_fem: DeviceProblem: computing Jacobian on device
[07-01 19:31:27][DEBUG] jax_fem: Function split_and_compute_cell took 0.0421 seconds
[07-01 19:31:27][DEBUG] jax_fem: CuDSSNewtonSolver: initial residual = 2.223e+08
[07-01 19:31:27][DEBUG] jax_fem: DeviceProblem: computing Jacobian on device
[07-01 19:31:27][DEBUG] jax_fem: Function split_and_compute_cell took 0.0484 seconds
[07-01 19:31:27][DEBUG] jax_fem: CuDSSNewtonSolver: iter=1  res=7.231e-06  rel=3.252e-14
[07-01 19:31:27][INFO] jax_fem: CuDSSNewtonSolver: solve finished in 0.14s  res=7.231e-06
[07-01 19:31:29][DEBUG] jax_fem: CuDSSNewtonSolver: starting Newton loop
[07-01 19:31:29][DEBUG] jax_fem: DeviceProblem: computing Jacobian on device
[07-01 19:31:29][DEBUG] jax_fem: Function split_and_compute_cell took 0.0267 seconds
[07-01 19:31:29][DEBUG] jax_fem: CuDSSNewtonSolver: initial residual = 2.235e+08
[07-01 19:31:29][DEBUG] jax_fem: DeviceProblem: computing Jacobian on device
[07-01 19:31:29][DEBUG] jax_fem: Function split_and_compute_cell took 0.0285 seconds
[07-01 19:31:29][DEBUG] jax_fem: CuDSSNewtonSolver: iter=1  res=7.307e-06  rel=3.269e-14
[07-01 19:31:29][INFO] jax_fem: CuDSSNewtonSolver: solve finished in 0.09s  res=7.307e-06
[07-01 19:31:29][DEBUG] jax_fem: CuDSSNewtonSolver: starting Newton loop
[07-01 19:31:29][DEBUG] jax_fem: DeviceProblem: computing Jacobian on device
[07-01 19:31:29][DEBUG] jax_fem: Function split_and_compute_cell took 0.0285 seconds
[07-01 19:31:29][DEBUG] jax_fem: CuDSSNewtonSolver: initial residual = 2.217e+08
[07-01 19:31:29][DEBUG] jax_fem: DeviceProblem: computing Jacobian on device
[07-01 19:31:29][DEBUG] jax_fem: Function split_and_compute_cell took 0.0276 seconds
[07-01 19:31:29][DEBUG] jax_fem: CuDSSNewtonSolver: iter=1  res=7.149e-06  rel=3.225e-14
[07-01 19:31:29][INFO] jax_fem: CuDSSNewtonSolver: solve finished in 0.09s  res=7.149e-06
[07-01 19:31:30][DEBUG] jax_fem: CuDSSNewtonSolver: starting Newton loop
[07-01 19:31:30][DEBUG] jax_fem: DeviceProblem: computing Jacobian on device
[07-01 19:31:30][DEBUG] jax_fem: Function split_and_compute_cell took 0.0281 seconds
[07-01 19:31:30][DEBUG] jax_fem: CuDSSNewtonSolver: initial residual = 2.211e+08
[07-01 19:31:30][DEBUG] jax_fem: DeviceProblem: computing Jacobian on device
[07-01 19:31:30][DEBUG] jax_fem: Function split_and_compute_cell took 0.0279 seconds
[07-01 19:31:30][DEBUG] jax_fem: CuDSSNewtonSolver: iter=1  res=6.829e-06  rel=3.089e-14
[07-01 19:31:30][INFO] jax_fem: CuDSSNewtonSolver: solve finished in 0.09s  res=6.829e-06
[07-01 19:31:30][DEBUG] jax_fem: CuDSSNewtonSolver: starting Newton loop
[07-01 19:31:30][DEBUG] jax_fem: DeviceProblem: computing Jacobian on device
[07-01 19:31:30][DEBUG] jax_fem: Function split_and_compute_cell took 0.0288 seconds
[07-01 19:31:30][DEBUG] jax_fem: CuDSSNewtonSolver: initial residual = 2.237e+08
[07-01 19:31:30][DEBUG] jax_fem: DeviceProblem: computing Jacobian on device
[07-01 19:31:30][DEBUG] jax_fem: Function split_and_compute_cell took 0.0316 seconds
[07-01 19:31:30][DEBUG] jax_fem: CuDSSNewtonSolver: iter=1  res=7.469e-06  rel=3.339e-14
[07-01 19:31:30][INFO] jax_fem: CuDSSNewtonSolver: solve finished in 0.09s  res=7.469e-06
[07-01 19:31:31][DEBUG] jax_fem: CuDSSNewtonSolver: starting Newton loop
[07-01 19:31:31][DEBUG] jax_fem: DeviceProblem: computing Jacobian on device
[07-01 19:31:31][DEBUG] jax_fem: Function split_and_compute_cell took 0.0287 seconds
[07-01 19:31:31][DEBUG] jax_fem: CuDSSNewtonSolver: initial residual = 2.223e+08
[07-01 19:31:31][DEBUG] jax_fem: DeviceProblem: computing Jacobian on device
[07-01 19:31:31][DEBUG] jax_fem: Function split_and_compute_cell took 0.0283 seconds
[07-01 19:31:31][DEBUG] jax_fem: CuDSSNewtonSolver: iter=1  res=6.985e-06  rel=3.141e-14
[07-01 19:31:31][INFO] jax_fem: CuDSSNewtonSolver: solve finished in 0.09s  res=6.985e-06
[07-01 19:31:31][INFO] jax_fem: CuDSS backward: solving adjoint problem …
[07-01 19:31:31][DEBUG] jax_fem: DeviceProblem: computing Jacobian on device
[07-01 19:31:31][DEBUG] jax_fem: Function split_and_compute_cell took 0.0385 seconds
[07-01 19:31:31][DEBUG] jax_fem: Computing cell residual...
[07-01 19:31:31][DEBUG] jax_fem: Function split_and_compute_cell took 0.0707 seconds
[07-01 19:31:32][INFO] jax_fem: CuDSS backward: solving adjoint problem …
[07-01 19:31:32][DEBUG] jax_fem: DeviceProblem: computing Jacobian on device
[07-01 19:31:32][DEBUG] jax_fem: Function split_and_compute_cell took 0.0436 seconds
[07-01 19:31:32][DEBUG] jax_fem: Computing cell residual...
[07-01 19:31:32][DEBUG] jax_fem: Function split_and_compute_cell took 0.0715 seconds
[07-01 19:31:32][INFO] jax_fem: CuDSS backward: solving adjoint problem …
[07-01 19:31:32][DEBUG] jax_fem: DeviceProblem: computing Jacobian on device
[07-01 19:31:32][DEBUG] jax_fem: Function split_and_compute_cell took 0.0535 seconds
[07-01 19:31:32][DEBUG] jax_fem: Computing cell residual...
[07-01 19:31:32][DEBUG] jax_fem: Function split_and_compute_cell took 0.0519 seconds
[07-01 19:31:32][INFO] jax_fem: CuDSS backward: solving adjoint problem …
[07-01 19:31:33][DEBUG] jax_fem: DeviceProblem: computing Jacobian on device
[07-01 19:31:33][DEBUG] jax_fem: Function split_and_compute_cell took 0.0507 seconds
[07-01 19:31:33][DEBUG] jax_fem: Computing cell residual...
[07-01 19:31:33][DEBUG] jax_fem: Function split_and_compute_cell took 0.0622 seconds
[07-01 19:31:33][INFO] jax_fem: CuDSS backward: solving adjoint problem …
[07-01 19:31:33][DEBUG] jax_fem: DeviceProblem: computing Jacobian on device
[07-01 19:31:33][DEBUG] jax_fem: Function split_and_compute_cell took 0.0289 seconds
[07-01 19:31:33][DEBUG] jax_fem: Computing cell residual...
[07-01 19:31:33][DEBUG] jax_fem: Function split_and_compute_cell took 0.0735 seconds
[07-01 19:31:35][DEBUG] jax_fem: CuDSSNewtonSolver: starting Newton loop
[07-01 19:31:35][DEBUG] jax_fem: DeviceProblem: computing Jacobian on device
[07-01 19:31:35][DEBUG] jax_fem: Function split_and_compute_cell took 0.0301 seconds
[07-01 19:31:35][DEBUG] jax_fem: CuDSSNewtonSolver: initial residual = 2.235e+08
[07-01 19:31:35][DEBUG] jax_fem: DeviceProblem: computing Jacobian on device
[07-01 19:31:35][DEBUG] jax_fem: Function split_and_compute_cell took 0.0278 seconds
[07-01 19:31:35][DEBUG] jax_fem: CuDSSNewtonSolver: iter=1  res=7.618e-06  rel=3.408e-14
[07-01 19:31:35][INFO] jax_fem: CuDSSNewtonSolver: solve finished in 0.10s  res=7.618e-06
[07-01 19:31:35][DEBUG] jax_fem: CuDSSNewtonSolver: starting Newton loop
[07-01 19:31:35][DEBUG] jax_fem: DeviceProblem: computing Jacobian on device
[07-01 19:31:35][DEBUG] jax_fem: Function split_and_compute_cell took 0.0429 seconds
[07-01 19:31:35][DEBUG] jax_fem: CuDSSNewtonSolver: initial residual = 2.217e+08
[07-01 19:31:35][DEBUG] jax_fem: DeviceProblem: computing Jacobian on device
[07-01 19:31:35][DEBUG] jax_fem: Function split_and_compute_cell took 0.0470 seconds
[07-01 19:31:35][DEBUG] jax_fem: CuDSSNewtonSolver: iter=1  res=7.375e-06  rel=3.327e-14
[07-01 19:31:35][INFO] jax_fem: CuDSSNewtonSolver: solve finished in 0.13s  res=7.375e-06
[07-01 19:31:35][DEBUG] jax_fem: CuDSSNewtonSolver: starting Newton loop
[07-01 19:31:35][DEBUG] jax_fem: DeviceProblem: computing Jacobian on device
[07-01 19:31:35][DEBUG] jax_fem: Function split_and_compute_cell took 0.0361 seconds
[07-01 19:31:35][DEBUG] jax_fem: CuDSSNewtonSolver: initial residual = 2.211e+08
[07-01 19:31:35][DEBUG] jax_fem: DeviceProblem: computing Jacobian on device
[07-01 19:31:35][DEBUG] jax_fem: Function split_and_compute_cell took 0.0255 seconds
[07-01 19:31:35][DEBUG] jax_fem: CuDSSNewtonSolver: iter=1  res=6.625e-06  rel=2.997e-14
[07-01 19:31:35][INFO] jax_fem: CuDSSNewtonSolver: solve finished in 0.10s  res=6.625e-06
[07-01 19:31:36][DEBUG] jax_fem: CuDSSNewtonSolver: starting Newton loop
[07-01 19:31:36][DEBUG] jax_fem: DeviceProblem: computing Jacobian on device
[07-01 19:31:36][DEBUG] jax_fem: Function split_and_compute_cell took 0.0297 seconds
[07-01 19:31:36][DEBUG] jax_fem: CuDSSNewtonSolver: initial residual = 2.237e+08
[07-01 19:31:36][DEBUG] jax_fem: DeviceProblem: computing Jacobian on device
[07-01 19:31:36][DEBUG] jax_fem: Function split_and_compute_cell took 0.0351 seconds
[07-01 19:31:36][DEBUG] jax_fem: CuDSSNewtonSolver: iter=1  res=8.134e-06  rel=3.637e-14
[07-01 19:31:36][INFO] jax_fem: CuDSSNewtonSolver: solve finished in 0.11s  res=8.134e-06
[07-01 19:31:36][DEBUG] jax_fem: CuDSSNewtonSolver: starting Newton loop
[07-01 19:31:36][DEBUG] jax_fem: DeviceProblem: computing Jacobian on device
[07-01 19:31:36][DEBUG] jax_fem: Function split_and_compute_cell took 0.0415 seconds
[07-01 19:31:36][DEBUG] jax_fem: CuDSSNewtonSolver: initial residual = 2.223e+08
[07-01 19:31:36][DEBUG] jax_fem: DeviceProblem: computing Jacobian on device
[07-01 19:31:36][DEBUG] jax_fem: Function split_and_compute_cell took 0.0354 seconds
[07-01 19:31:36][DEBUG] jax_fem: CuDSSNewtonSolver: iter=1  res=7.078e-06  rel=3.183e-14
[07-01 19:31:36][INFO] jax_fem: CuDSSNewtonSolver: solve finished in 0.12s  res=7.078e-06
[07-01 19:31:38][DEBUG] jax_fem: CuDSSNewtonSolver: starting Newton loop
[07-01 19:31:38][DEBUG] jax_fem: DeviceProblem: computing Jacobian on device
[07-01 19:31:38][DEBUG] jax_fem: Function split_and_compute_cell took 0.0285 seconds
[07-01 19:31:38][DEBUG] jax_fem: CuDSSNewtonSolver: initial residual = 2.235e+08
[07-01 19:31:38][DEBUG] jax_fem: DeviceProblem: computing Jacobian on device
[07-01 19:31:38][DEBUG] jax_fem: Function split_and_compute_cell took 0.0415 seconds
[07-01 19:31:38][DEBUG] jax_fem: CuDSSNewtonSolver: iter=1  res=7.637e-06  rel=3.417e-14
[07-01 19:31:38][INFO] jax_fem: CuDSSNewtonSolver: solve finished in 0.11s  res=7.637e-06
[07-01 19:31:38][DEBUG] jax_fem: CuDSSNewtonSolver: starting Newton loop
[07-01 19:31:38][DEBUG] jax_fem: DeviceProblem: computing Jacobian on device
[07-01 19:31:38][DEBUG] jax_fem: Function split_and_compute_cell took 0.0306 seconds
[07-01 19:31:38][DEBUG] jax_fem: CuDSSNewtonSolver: initial residual = 2.217e+08
[07-01 19:31:38][DEBUG] jax_fem: DeviceProblem: computing Jacobian on device
[07-01 19:31:38][DEBUG] jax_fem: Function split_and_compute_cell took 0.0284 seconds
[07-01 19:31:38][DEBUG] jax_fem: CuDSSNewtonSolver: iter=1  res=7.392e-06  rel=3.335e-14
[07-01 19:31:38][INFO] jax_fem: CuDSSNewtonSolver: solve finished in 0.09s  res=7.392e-06
[07-01 19:31:39][DEBUG] jax_fem: CuDSSNewtonSolver: starting Newton loop
[07-01 19:31:39][DEBUG] jax_fem: DeviceProblem: computing Jacobian on device
[07-01 19:31:39][DEBUG] jax_fem: Function split_and_compute_cell took 0.0284 seconds
[07-01 19:31:39][DEBUG] jax_fem: CuDSSNewtonSolver: initial residual = 2.211e+08
[07-01 19:31:39][DEBUG] jax_fem: DeviceProblem: computing Jacobian on device
[07-01 19:31:39][DEBUG] jax_fem: Function split_and_compute_cell took 0.0299 seconds
[07-01 19:31:39][DEBUG] jax_fem: CuDSSNewtonSolver: iter=1  res=6.155e-06  rel=2.784e-14
[07-01 19:31:39][INFO] jax_fem: CuDSSNewtonSolver: solve finished in 0.09s  res=6.155e-06
[07-01 19:31:40][DEBUG] jax_fem: CuDSSNewtonSolver: starting Newton loop
[07-01 19:31:40][DEBUG] jax_fem: DeviceProblem: computing Jacobian on device
[07-01 19:31:40][DEBUG] jax_fem: Function split_and_compute_cell took 0.0286 seconds
[07-01 19:31:40][DEBUG] jax_fem: CuDSSNewtonSolver: initial residual = 2.237e+08
[07-01 19:31:40][DEBUG] jax_fem: DeviceProblem: computing Jacobian on device
[07-01 19:31:40][DEBUG] jax_fem: Function split_and_compute_cell took 0.0285 seconds
[07-01 19:31:40][DEBUG] jax_fem: CuDSSNewtonSolver: iter=1  res=7.946e-06  rel=3.552e-14
[07-01 19:31:40][INFO] jax_fem: CuDSSNewtonSolver: solve finished in 0.09s  res=7.946e-06
[07-01 19:31:40][DEBUG] jax_fem: CuDSSNewtonSolver: starting Newton loop
[07-01 19:31:40][DEBUG] jax_fem: DeviceProblem: computing Jacobian on device
[07-01 19:31:40][DEBUG] jax_fem: Function split_and_compute_cell took 0.0309 seconds
[07-01 19:31:40][DEBUG] jax_fem: CuDSSNewtonSolver: initial residual = 2.223e+08
[07-01 19:31:40][DEBUG] jax_fem: DeviceProblem: computing Jacobian on device
[07-01 19:31:40][DEBUG] jax_fem: Function split_and_compute_cell took 0.0276 seconds
[07-01 19:31:40][DEBUG] jax_fem: CuDSSNewtonSolver: iter=1  res=7.172e-06  rel=3.226e-14
[07-01 19:31:40][INFO] jax_fem: CuDSSNewtonSolver: solve finished in 0.10s  res=7.172e-06
[07-01 19:31:40][INFO] jax_fem: CuDSS backward: solving adjoint problem …
[07-01 19:31:40][DEBUG] jax_fem: DeviceProblem: computing Jacobian on device
[07-01 19:31:40][DEBUG] jax_fem: Function split_and_compute_cell took 0.0336 seconds
[07-01 19:31:40][DEBUG] jax_fem: Computing cell residual...
[07-01 19:31:41][DEBUG] jax_fem: Function split_and_compute_cell took 0.0602 seconds
[07-01 19:31:41][INFO] jax_fem: CuDSS backward: solving adjoint problem …
[07-01 19:31:41][DEBUG] jax_fem: DeviceProblem: computing Jacobian on device
[07-01 19:31:41][DEBUG] jax_fem: Function split_and_compute_cell took 0.0417 seconds
[07-01 19:31:41][DEBUG] jax_fem: Computing cell residual...
[07-01 19:31:41][DEBUG] jax_fem: Function split_and_compute_cell took 0.0767 seconds
[07-01 19:31:41][INFO] jax_fem: CuDSS backward: solving adjoint problem …
[07-01 19:31:41][DEBUG] jax_fem: DeviceProblem: computing Jacobian on device
[07-01 19:31:41][DEBUG] jax_fem: Function split_and_compute_cell took 0.0314 seconds
[07-01 19:31:41][DEBUG] jax_fem: Computing cell residual...
[07-01 19:31:41][DEBUG] jax_fem: Function split_and_compute_cell took 0.0629 seconds
[07-01 19:31:42][INFO] jax_fem: CuDSS backward: solving adjoint problem …
[07-01 19:31:42][DEBUG] jax_fem: DeviceProblem: computing Jacobian on device
[07-01 19:31:42][DEBUG] jax_fem: Function split_and_compute_cell took 0.0348 seconds
[07-01 19:31:42][DEBUG] jax_fem: Computing cell residual...
[07-01 19:31:42][DEBUG] jax_fem: Function split_and_compute_cell took 0.0552 seconds
[07-01 19:31:42][INFO] jax_fem: CuDSS backward: solving adjoint problem …
[07-01 19:31:42][DEBUG] jax_fem: DeviceProblem: computing Jacobian on device
[07-01 19:31:42][DEBUG] jax_fem: Function split_and_compute_cell took 0.0542 seconds
[07-01 19:31:42][DEBUG] jax_fem: Computing cell residual...
[07-01 19:31:42][DEBUG] jax_fem: Function split_and_compute_cell took 0.0680 seconds
[07-01 19:31:44][DEBUG] jax_fem: CuDSSNewtonSolver: starting Newton loop
[07-01 19:31:44][DEBUG] jax_fem: DeviceProblem: computing Jacobian on device
[07-01 19:31:44][DEBUG] jax_fem: Function split_and_compute_cell took 0.0443 seconds
[07-01 19:31:44][DEBUG] jax_fem: CuDSSNewtonSolver: initial residual = 2.235e+08
[07-01 19:31:44][DEBUG] jax_fem: DeviceProblem: computing Jacobian on device
[07-01 19:31:44][DEBUG] jax_fem: Function split_and_compute_cell took 0.0429 seconds
[07-01 19:31:44][DEBUG] jax_fem: CuDSSNewtonSolver: iter=1  res=7.300e-06  rel=3.266e-14
[07-01 19:31:44][INFO] jax_fem: CuDSSNewtonSolver: solve finished in 0.13s  res=7.300e-06
[07-01 19:31:44][DEBUG] jax_fem: CuDSSNewtonSolver: starting Newton loop
[07-01 19:31:44][DEBUG] jax_fem: DeviceProblem: computing Jacobian on device
[07-01 19:31:44][DEBUG] jax_fem: Function split_and_compute_cell took 0.0484 seconds
[07-01 19:31:44][DEBUG] jax_fem: CuDSSNewtonSolver: initial residual = 2.217e+08
[07-01 19:31:44][DEBUG] jax_fem: DeviceProblem: computing Jacobian on device
[07-01 19:31:44][DEBUG] jax_fem: Function split_and_compute_cell took 0.0524 seconds
[07-01 19:31:44][DEBUG] jax_fem: CuDSSNewtonSolver: iter=1  res=6.905e-06  rel=3.115e-14
[07-01 19:31:44][INFO] jax_fem: CuDSSNewtonSolver: solve finished in 0.15s  res=6.905e-06
[07-01 19:31:45][DEBUG] jax_fem: CuDSSNewtonSolver: starting Newton loop
[07-01 19:31:45][DEBUG] jax_fem: DeviceProblem: computing Jacobian on device
[07-01 19:31:45][DEBUG] jax_fem: Function split_and_compute_cell took 0.0271 seconds
[07-01 19:31:45][DEBUG] jax_fem: CuDSSNewtonSolver: initial residual = 2.211e+08
[07-01 19:31:45][DEBUG] jax_fem: DeviceProblem: computing Jacobian on device
[07-01 19:31:45][DEBUG] jax_fem: Function split_and_compute_cell took 0.0354 seconds
[07-01 19:31:45][DEBUG] jax_fem: CuDSSNewtonSolver: iter=1  res=6.618e-06  rel=2.993e-14
[07-01 19:31:45][INFO] jax_fem: CuDSSNewtonSolver: solve finished in 0.11s  res=6.618e-06
[07-01 19:31:45][DEBUG] jax_fem: CuDSSNewtonSolver: starting Newton loop
[07-01 19:31:45][DEBUG] jax_fem: DeviceProblem: computing Jacobian on device
[07-01 19:31:45][DEBUG] jax_fem: Function split_and_compute_cell took 0.0318 seconds
[07-01 19:31:45][DEBUG] jax_fem: CuDSSNewtonSolver: initial residual = 2.237e+08
[07-01 19:31:45][DEBUG] jax_fem: DeviceProblem: computing Jacobian on device
[07-01 19:31:45][DEBUG] jax_fem: Function split_and_compute_cell took 0.0326 seconds
[07-01 19:31:45][DEBUG] jax_fem: CuDSSNewtonSolver: iter=1  res=7.425e-06  rel=3.319e-14
[07-01 19:31:45][INFO] jax_fem: CuDSSNewtonSolver: solve finished in 0.11s  res=7.425e-06
[07-01 19:31:45][DEBUG] jax_fem: CuDSSNewtonSolver: starting Newton loop
[07-01 19:31:45][DEBUG] jax_fem: DeviceProblem: computing Jacobian on device
[07-01 19:31:45][DEBUG] jax_fem: Function split_and_compute_cell took 0.0555 seconds
[07-01 19:31:45][DEBUG] jax_fem: CuDSSNewtonSolver: initial residual = 2.223e+08
[07-01 19:31:45][DEBUG] jax_fem: DeviceProblem: computing Jacobian on device
[07-01 19:31:45][DEBUG] jax_fem: Function split_and_compute_cell took 0.0442 seconds
[07-01 19:31:45][DEBUG] jax_fem: CuDSSNewtonSolver: iter=1  res=7.045e-06  rel=3.168e-14
[07-01 19:31:45][INFO] jax_fem: CuDSSNewtonSolver: solve finished in 0.14s  res=7.045e-06
[07-01 19:31:47][DEBUG] jax_fem: CuDSSNewtonSolver: starting Newton loop
[07-01 19:31:47][DEBUG] jax_fem: DeviceProblem: computing Jacobian on device
[07-01 19:31:47][DEBUG] jax_fem: Function split_and_compute_cell took 0.0277 seconds
[07-01 19:31:47][DEBUG] jax_fem: CuDSSNewtonSolver: initial residual = 2.235e+08
[07-01 19:31:47][DEBUG] jax_fem: DeviceProblem: computing Jacobian on device
[07-01 19:31:47][DEBUG] jax_fem: Function split_and_compute_cell took 0.0290 seconds
[07-01 19:31:47][DEBUG] jax_fem: CuDSSNewtonSolver: iter=1  res=7.511e-06  rel=3.360e-14
[07-01 19:31:47][INFO] jax_fem: CuDSSNewtonSolver: solve finished in 0.09s  res=7.511e-06
[07-01 19:31:48][DEBUG] jax_fem: CuDSSNewtonSolver: starting Newton loop
[07-01 19:31:48][DEBUG] jax_fem: DeviceProblem: computing Jacobian on device
[07-01 19:31:48][DEBUG] jax_fem: Function split_and_compute_cell took 0.0293 seconds
[07-01 19:31:48][DEBUG] jax_fem: CuDSSNewtonSolver: initial residual = 2.217e+08
[07-01 19:31:48][DEBUG] jax_fem: DeviceProblem: computing Jacobian on device
[07-01 19:31:48][DEBUG] jax_fem: Function split_and_compute_cell took 0.0278 seconds
[07-01 19:31:48][DEBUG] jax_fem: CuDSSNewtonSolver: iter=1  res=6.739e-06  rel=3.040e-14
[07-01 19:31:48][INFO] jax_fem: CuDSSNewtonSolver: solve finished in 0.09s  res=6.739e-06
[07-01 19:31:48][DEBUG] jax_fem: CuDSSNewtonSolver: starting Newton loop
[07-01 19:31:48][DEBUG] jax_fem: DeviceProblem: computing Jacobian on device
[07-01 19:31:48][DEBUG] jax_fem: Function split_and_compute_cell took 0.0274 seconds
[07-01 19:31:48][DEBUG] jax_fem: CuDSSNewtonSolver: initial residual = 2.211e+08
[07-01 19:31:48][DEBUG] jax_fem: DeviceProblem: computing Jacobian on device
[07-01 19:31:48][DEBUG] jax_fem: Function split_and_compute_cell took 0.0276 seconds
[07-01 19:31:48][DEBUG] jax_fem: CuDSSNewtonSolver: iter=1  res=6.654e-06  rel=3.010e-14
[07-01 19:31:48][INFO] jax_fem: CuDSSNewtonSolver: solve finished in 0.09s  res=6.654e-06
[07-01 19:31:49][DEBUG] jax_fem: CuDSSNewtonSolver: starting Newton loop
[07-01 19:31:49][DEBUG] jax_fem: DeviceProblem: computing Jacobian on device
[07-01 19:31:49][DEBUG] jax_fem: Function split_and_compute_cell took 0.0287 seconds
[07-01 19:31:49][DEBUG] jax_fem: CuDSSNewtonSolver: initial residual = 2.237e+08
[07-01 19:31:49][DEBUG] jax_fem: DeviceProblem: computing Jacobian on device
[07-01 19:31:49][DEBUG] jax_fem: Function split_and_compute_cell took 0.0281 seconds
[07-01 19:31:49][DEBUG] jax_fem: CuDSSNewtonSolver: iter=1  res=7.585e-06  rel=3.391e-14
[07-01 19:31:49][INFO] jax_fem: CuDSSNewtonSolver: solve finished in 0.09s  res=7.585e-06
[07-01 19:31:50][DEBUG] jax_fem: CuDSSNewtonSolver: starting Newton loop
[07-01 19:31:50][DEBUG] jax_fem: DeviceProblem: computing Jacobian on device
[07-01 19:31:50][DEBUG] jax_fem: Function split_and_compute_cell took 0.0280 seconds
[07-01 19:31:50][DEBUG] jax_fem: CuDSSNewtonSolver: initial residual = 2.223e+08
[07-01 19:31:50][DEBUG] jax_fem: DeviceProblem: computing Jacobian on device
[07-01 19:31:50][DEBUG] jax_fem: Function split_and_compute_cell took 0.0287 seconds
[07-01 19:31:50][DEBUG] jax_fem: CuDSSNewtonSolver: iter=1  res=7.010e-06  rel=3.153e-14
[07-01 19:31:50][INFO] jax_fem: CuDSSNewtonSolver: solve finished in 0.09s  res=7.010e-06
[07-01 19:31:50][INFO] jax_fem: CuDSS backward: solving adjoint problem …
[07-01 19:31:50][DEBUG] jax_fem: DeviceProblem: computing Jacobian on device
[07-01 19:31:50][DEBUG] jax_fem: Function split_and_compute_cell took 0.0403 seconds
[07-01 19:31:50][DEBUG] jax_fem: Computing cell residual...
[07-01 19:31:50][DEBUG] jax_fem: Function split_and_compute_cell took 0.0634 seconds
[07-01 19:31:50][INFO] jax_fem: CuDSS backward: solving adjoint problem …
[07-01 19:31:50][DEBUG] jax_fem: DeviceProblem: computing Jacobian on device
[07-01 19:31:50][DEBUG] jax_fem: Function split_and_compute_cell took 0.0416 seconds
[07-01 19:31:50][DEBUG] jax_fem: Computing cell residual...
[07-01 19:31:50][DEBUG] jax_fem: Function split_and_compute_cell took 0.0682 seconds
[07-01 19:31:51][INFO] jax_fem: CuDSS backward: solving adjoint problem …
[07-01 19:31:51][DEBUG] jax_fem: DeviceProblem: computing Jacobian on device
[07-01 19:31:51][DEBUG] jax_fem: Function split_and_compute_cell took 0.0496 seconds
[07-01 19:31:51][DEBUG] jax_fem: Computing cell residual...
[07-01 19:31:51][DEBUG] jax_fem: Function split_and_compute_cell took 0.0650 seconds
[07-01 19:31:51][INFO] jax_fem: CuDSS backward: solving adjoint problem …
[07-01 19:31:51][DEBUG] jax_fem: DeviceProblem: computing Jacobian on device
[07-01 19:31:51][DEBUG] jax_fem: Function split_and_compute_cell took 0.0647 seconds
[07-01 19:31:51][DEBUG] jax_fem: Computing cell residual...
[07-01 19:31:51][DEBUG] jax_fem: Function split_and_compute_cell took 0.0627 seconds
[07-01 19:31:51][INFO] jax_fem: CuDSS backward: solving adjoint problem …
[07-01 19:31:51][DEBUG] jax_fem: DeviceProblem: computing Jacobian on device
[07-01 19:31:51][DEBUG] jax_fem: Function split_and_compute_cell took 0.0553 seconds
[07-01 19:31:52][DEBUG] jax_fem: Computing cell residual...
[07-01 19:31:52][DEBUG] jax_fem: Function split_and_compute_cell took 0.0752 seconds
[07-01 19:31:53][DEBUG] jax_fem: CuDSSNewtonSolver: starting Newton loop
[07-01 19:31:53][DEBUG] jax_fem: DeviceProblem: computing Jacobian on device
[07-01 19:31:53][DEBUG] jax_fem: Function split_and_compute_cell took 0.0522 seconds
[07-01 19:31:53][DEBUG] jax_fem: CuDSSNewtonSolver: initial residual = 2.235e+08
[07-01 19:31:53][DEBUG] jax_fem: DeviceProblem: computing Jacobian on device
[07-01 19:31:53][DEBUG] jax_fem: Function split_and_compute_cell took 0.0376 seconds
[07-01 19:31:53][DEBUG] jax_fem: CuDSSNewtonSolver: iter=1  res=7.625e-06  rel=3.412e-14
[07-01 19:31:53][INFO] jax_fem: CuDSSNewtonSolver: solve finished in 0.13s  res=7.625e-06
[07-01 19:31:54][DEBUG] jax_fem: CuDSSNewtonSolver: starting Newton loop
[07-01 19:31:54][DEBUG] jax_fem: DeviceProblem: computing Jacobian on device
[07-01 19:31:54][DEBUG] jax_fem: Function split_and_compute_cell took 0.0427 seconds
[07-01 19:31:54][DEBUG] jax_fem: CuDSSNewtonSolver: initial residual = 2.217e+08
[07-01 19:31:54][DEBUG] jax_fem: DeviceProblem: computing Jacobian on device
[07-01 19:31:54][DEBUG] jax_fem: Function split_and_compute_cell took 0.0326 seconds
[07-01 19:31:54][DEBUG] jax_fem: CuDSSNewtonSolver: iter=1  res=7.110e-06  rel=3.208e-14
[07-01 19:31:54][INFO] jax_fem: CuDSSNewtonSolver: solve finished in 0.12s  res=7.110e-06
[07-01 19:31:54][DEBUG] jax_fem: CuDSSNewtonSolver: starting Newton loop
[07-01 19:31:54][DEBUG] jax_fem: DeviceProblem: computing Jacobian on device
[07-01 19:31:54][DEBUG] jax_fem: Function split_and_compute_cell took 0.0422 seconds
[07-01 19:31:54][DEBUG] jax_fem: CuDSSNewtonSolver: initial residual = 2.211e+08
[07-01 19:31:54][DEBUG] jax_fem: DeviceProblem: computing Jacobian on device
[07-01 19:31:54][DEBUG] jax_fem: Function split_and_compute_cell took 0.0591 seconds
[07-01 19:31:54][DEBUG] jax_fem: CuDSSNewtonSolver: iter=1  res=6.631e-06  rel=2.999e-14
[07-01 19:31:54][INFO] jax_fem: CuDSSNewtonSolver: solve finished in 0.14s  res=6.631e-06
[07-01 19:31:54][DEBUG] jax_fem: CuDSSNewtonSolver: starting Newton loop
[07-01 19:31:54][DEBUG] jax_fem: DeviceProblem: computing Jacobian on device
[07-01 19:31:54][DEBUG] jax_fem: Function split_and_compute_cell took 0.0367 seconds
[07-01 19:31:54][DEBUG] jax_fem: CuDSSNewtonSolver: initial residual = 2.237e+08
[07-01 19:31:54][DEBUG] jax_fem: DeviceProblem: computing Jacobian on device
[07-01 19:31:54][DEBUG] jax_fem: Function split_and_compute_cell took 0.0248 seconds
[07-01 19:31:54][DEBUG] jax_fem: CuDSSNewtonSolver: iter=1  res=8.047e-06  rel=3.598e-14
[07-01 19:31:54][INFO] jax_fem: CuDSSNewtonSolver: solve finished in 0.10s  res=8.047e-06
[07-01 19:31:55][DEBUG] jax_fem: CuDSSNewtonSolver: starting Newton loop
[07-01 19:31:55][DEBUG] jax_fem: DeviceProblem: computing Jacobian on device
[07-01 19:31:55][DEBUG] jax_fem: Function split_and_compute_cell took 0.0558 seconds
[07-01 19:31:55][DEBUG] jax_fem: CuDSSNewtonSolver: initial residual = 2.223e+08
[07-01 19:31:55][DEBUG] jax_fem: DeviceProblem: computing Jacobian on device
[07-01 19:31:55][DEBUG] jax_fem: Function split_and_compute_cell took 0.0357 seconds
[07-01 19:31:55][DEBUG] jax_fem: CuDSSNewtonSolver: iter=1  res=7.108e-06  rel=3.197e-14
[07-01 19:31:55][INFO] jax_fem: CuDSSNewtonSolver: solve finished in 0.13s  res=7.108e-06
[07-01 19:31:56][DEBUG] jax_fem: CuDSSNewtonSolver: starting Newton loop
[07-01 19:31:56][DEBUG] jax_fem: DeviceProblem: computing Jacobian on device
[07-01 19:31:56][DEBUG] jax_fem: Function split_and_compute_cell took 0.0282 seconds
[07-01 19:31:56][DEBUG] jax_fem: CuDSSNewtonSolver: initial residual = 2.235e+08
[07-01 19:31:56][DEBUG] jax_fem: DeviceProblem: computing Jacobian on device
[07-01 19:31:57][DEBUG] jax_fem: Function split_and_compute_cell took 0.0293 seconds
[07-01 19:31:57][DEBUG] jax_fem: CuDSSNewtonSolver: iter=1  res=7.509e-06  rel=3.360e-14
[07-01 19:31:57][INFO] jax_fem: CuDSSNewtonSolver: solve finished in 0.10s  res=7.509e-06
[07-01 19:31:57][DEBUG] jax_fem: CuDSSNewtonSolver: starting Newton loop
[07-01 19:31:57][DEBUG] jax_fem: DeviceProblem: computing Jacobian on device
[07-01 19:31:57][DEBUG] jax_fem: Function split_and_compute_cell took 0.0294 seconds
[07-01 19:31:57][DEBUG] jax_fem: CuDSSNewtonSolver: initial residual = 2.217e+08
[07-01 19:31:57][DEBUG] jax_fem: DeviceProblem: computing Jacobian on device
[07-01 19:31:57][DEBUG] jax_fem: Function split_and_compute_cell took 0.0287 seconds
[07-01 19:31:57][DEBUG] jax_fem: CuDSSNewtonSolver: iter=1  res=6.930e-06  rel=3.126e-14
[07-01 19:31:57][INFO] jax_fem: CuDSSNewtonSolver: solve finished in 0.10s  res=6.930e-06
[07-01 19:31:58][DEBUG] jax_fem: CuDSSNewtonSolver: starting Newton loop
[07-01 19:31:58][DEBUG] jax_fem: DeviceProblem: computing Jacobian on device
[07-01 19:31:58][DEBUG] jax_fem: Function split_and_compute_cell took 0.0258 seconds
[07-01 19:31:58][DEBUG] jax_fem: CuDSSNewtonSolver: initial residual = 2.211e+08
[07-01 19:31:58][DEBUG] jax_fem: DeviceProblem: computing Jacobian on device
[07-01 19:31:58][DEBUG] jax_fem: Function split_and_compute_cell took 0.0266 seconds
[07-01 19:31:58][DEBUG] jax_fem: CuDSSNewtonSolver: iter=1  res=6.532e-06  rel=2.955e-14
[07-01 19:31:58][INFO] jax_fem: CuDSSNewtonSolver: solve finished in 0.09s  res=6.532e-06
[07-01 19:31:58][DEBUG] jax_fem: CuDSSNewtonSolver: starting Newton loop
[07-01 19:31:58][DEBUG] jax_fem: DeviceProblem: computing Jacobian on device
[07-01 19:31:58][DEBUG] jax_fem: Function split_and_compute_cell took 0.0314 seconds
[07-01 19:31:58][DEBUG] jax_fem: CuDSSNewtonSolver: initial residual = 2.237e+08
[07-01 19:31:58][DEBUG] jax_fem: DeviceProblem: computing Jacobian on device
[07-01 19:31:58][DEBUG] jax_fem: Function split_and_compute_cell took 0.0292 seconds
[07-01 19:31:58][DEBUG] jax_fem: CuDSSNewtonSolver: iter=1  res=7.879e-06  rel=3.523e-14
[07-01 19:31:58][INFO] jax_fem: CuDSSNewtonSolver: solve finished in 0.10s  res=7.879e-06
[07-01 19:31:59][DEBUG] jax_fem: CuDSSNewtonSolver: starting Newton loop
[07-01 19:31:59][DEBUG] jax_fem: DeviceProblem: computing Jacobian on device
[07-01 19:31:59][DEBUG] jax_fem: Function split_and_compute_cell took 0.0281 seconds
[07-01 19:31:59][DEBUG] jax_fem: CuDSSNewtonSolver: initial residual = 2.223e+08
[07-01 19:31:59][DEBUG] jax_fem: DeviceProblem: computing Jacobian on device
[07-01 19:31:59][DEBUG] jax_fem: Function split_and_compute_cell took 0.0311 seconds
[07-01 19:31:59][DEBUG] jax_fem: CuDSSNewtonSolver: iter=1  res=6.961e-06  rel=3.131e-14
[07-01 19:31:59][INFO] jax_fem: CuDSSNewtonSolver: solve finished in 0.09s  res=6.961e-06
[07-01 19:31:59][INFO] jax_fem: CuDSS backward: solving adjoint problem …
[07-01 19:31:59][DEBUG] jax_fem: DeviceProblem: computing Jacobian on device
[07-01 19:31:59][DEBUG] jax_fem: Function split_and_compute_cell took 0.0320 seconds
[07-01 19:31:59][DEBUG] jax_fem: Computing cell residual...
[07-01 19:31:59][DEBUG] jax_fem: Function split_and_compute_cell took 0.0635 seconds
[07-01 19:32:00][INFO] jax_fem: CuDSS backward: solving adjoint problem …
[07-01 19:32:00][DEBUG] jax_fem: DeviceProblem: computing Jacobian on device
[07-01 19:32:00][DEBUG] jax_fem: Function split_and_compute_cell took 0.0428 seconds
[07-01 19:32:00][DEBUG] jax_fem: Computing cell residual...
[07-01 19:32:00][DEBUG] jax_fem: Function split_and_compute_cell took 0.0645 seconds
[07-01 19:32:00][INFO] jax_fem: CuDSS backward: solving adjoint problem …
[07-01 19:32:00][DEBUG] jax_fem: DeviceProblem: computing Jacobian on device
[07-01 19:32:00][DEBUG] jax_fem: Function split_and_compute_cell took 0.0373 seconds
[07-01 19:32:00][DEBUG] jax_fem: Computing cell residual...
[07-01 19:32:00][DEBUG] jax_fem: Function split_and_compute_cell took 0.0648 seconds
[07-01 19:32:00][INFO] jax_fem: CuDSS backward: solving adjoint problem …
[07-01 19:32:00][DEBUG] jax_fem: DeviceProblem: computing Jacobian on device
[07-01 19:32:00][DEBUG] jax_fem: Function split_and_compute_cell took 0.0369 seconds
[07-01 19:32:00][DEBUG] jax_fem: Computing cell residual...
[07-01 19:32:01][DEBUG] jax_fem: Function split_and_compute_cell took 0.0685 seconds
[07-01 19:32:01][INFO] jax_fem: CuDSS backward: solving adjoint problem …
[07-01 19:32:01][DEBUG] jax_fem: DeviceProblem: computing Jacobian on device
[07-01 19:32:01][DEBUG] jax_fem: Function split_and_compute_cell took 0.0303 seconds
[07-01 19:32:01][DEBUG] jax_fem: Computing cell residual...
[07-01 19:32:01][DEBUG] jax_fem: Function split_and_compute_cell took 0.0604 seconds
[07-01 19:32:02][DEBUG] jax_fem: CuDSSNewtonSolver: starting Newton loop
[07-01 19:32:02][DEBUG] jax_fem: DeviceProblem: computing Jacobian on device
[07-01 19:32:02][DEBUG] jax_fem: Function split_and_compute_cell took 0.0314 seconds
[07-01 19:32:02][DEBUG] jax_fem: CuDSSNewtonSolver: initial residual = 2.235e+08
[07-01 19:32:02][DEBUG] jax_fem: DeviceProblem: computing Jacobian on device
[07-01 19:32:03][DEBUG] jax_fem: Function split_and_compute_cell took 0.0346 seconds
[07-01 19:32:03][DEBUG] jax_fem: CuDSSNewtonSolver: iter=1  res=7.616e-06  rel=3.408e-14
[07-01 19:32:03][INFO] jax_fem: CuDSSNewtonSolver: solve finished in 0.10s  res=7.616e-06
[07-01 19:32:03][DEBUG] jax_fem: CuDSSNewtonSolver: starting Newton loop
[07-01 19:32:03][DEBUG] jax_fem: DeviceProblem: computing Jacobian on device
[07-01 19:32:03][DEBUG] jax_fem: Function split_and_compute_cell took 0.0435 seconds
[07-01 19:32:03][DEBUG] jax_fem: CuDSSNewtonSolver: initial residual = 2.217e+08
[07-01 19:32:03][DEBUG] jax_fem: DeviceProblem: computing Jacobian on device
[07-01 19:32:03][DEBUG] jax_fem: Function split_and_compute_cell took 0.0424 seconds
[07-01 19:32:03][DEBUG] jax_fem: CuDSSNewtonSolver: iter=1  res=6.995e-06  rel=3.156e-14
[07-01 19:32:03][INFO] jax_fem: CuDSSNewtonSolver: solve finished in 0.13s  res=6.995e-06
[07-01 19:32:03][DEBUG] jax_fem: CuDSSNewtonSolver: starting Newton loop
[07-01 19:32:03][DEBUG] jax_fem: DeviceProblem: computing Jacobian on device
[07-01 19:32:03][DEBUG] jax_fem: Function split_and_compute_cell took 0.0259 seconds
[07-01 19:32:03][DEBUG] jax_fem: CuDSSNewtonSolver: initial residual = 2.211e+08
[07-01 19:32:03][DEBUG] jax_fem: DeviceProblem: computing Jacobian on device
[07-01 19:32:03][DEBUG] jax_fem: Function split_and_compute_cell took 0.0477 seconds
[07-01 19:32:03][DEBUG] jax_fem: CuDSSNewtonSolver: iter=1  res=6.515e-06  rel=2.947e-14
[07-01 19:32:03][INFO] jax_fem: CuDSSNewtonSolver: solve finished in 0.12s  res=6.515e-06
[07-01 19:32:04][DEBUG] jax_fem: CuDSSNewtonSolver: starting Newton loop
[07-01 19:32:04][DEBUG] jax_fem: DeviceProblem: computing Jacobian on device
[07-01 19:32:04][DEBUG] jax_fem: Function split_and_compute_cell took 0.0306 seconds
[07-01 19:32:04][DEBUG] jax_fem: CuDSSNewtonSolver: initial residual = 2.237e+08
[07-01 19:32:04][DEBUG] jax_fem: DeviceProblem: computing Jacobian on device
[07-01 19:32:04][DEBUG] jax_fem: Function split_and_compute_cell took 0.0354 seconds
[07-01 19:32:04][DEBUG] jax_fem: CuDSSNewtonSolver: iter=1  res=7.934e-06  rel=3.547e-14
[07-01 19:32:04][INFO] jax_fem: CuDSSNewtonSolver: solve finished in 0.11s  res=7.934e-06
[07-01 19:32:04][DEBUG] jax_fem: CuDSSNewtonSolver: starting Newton loop
[07-01 19:32:04][DEBUG] jax_fem: DeviceProblem: computing Jacobian on device
[07-01 19:32:04][DEBUG] jax_fem: Function split_and_compute_cell took 0.0391 seconds
[07-01 19:32:04][DEBUG] jax_fem: CuDSSNewtonSolver: initial residual = 2.223e+08
[07-01 19:32:04][DEBUG] jax_fem: DeviceProblem: computing Jacobian on device
[07-01 19:32:04][DEBUG] jax_fem: Function split_and_compute_cell took 0.0341 seconds
[07-01 19:32:04][DEBUG] jax_fem: CuDSSNewtonSolver: iter=1  res=7.141e-06  rel=3.211e-14
[07-01 19:32:04][INFO] jax_fem: CuDSSNewtonSolver: solve finished in 0.11s  res=7.141e-06
[07-01 19:32:06][DEBUG] jax_fem: CuDSSNewtonSolver: starting Newton loop
[07-01 19:32:06][DEBUG] jax_fem: DeviceProblem: computing Jacobian on device
[07-01 19:32:06][DEBUG] jax_fem: Function split_and_compute_cell took 0.0276 seconds
[07-01 19:32:06][DEBUG] jax_fem: CuDSSNewtonSolver: initial residual = 2.235e+08
[07-01 19:32:06][DEBUG] jax_fem: DeviceProblem: computing Jacobian on device
[07-01 19:32:06][DEBUG] jax_fem: Function split_and_compute_cell took 0.0273 seconds
[07-01 19:32:06][DEBUG] jax_fem: CuDSSNewtonSolver: iter=1  res=7.595e-06  rel=3.398e-14
[07-01 19:32:06][INFO] jax_fem: CuDSSNewtonSolver: solve finished in 0.09s  res=7.595e-06
[07-01 19:32:06][DEBUG] jax_fem: CuDSSNewtonSolver: starting Newton loop
[07-01 19:32:06][DEBUG] jax_fem: DeviceProblem: computing Jacobian on device
[07-01 19:32:06][DEBUG] jax_fem: Function split_and_compute_cell took 0.0297 seconds
[07-01 19:32:06][DEBUG] jax_fem: CuDSSNewtonSolver: initial residual = 2.217e+08
[07-01 19:32:06][DEBUG] jax_fem: DeviceProblem: computing Jacobian on device
[07-01 19:32:06][DEBUG] jax_fem: Function split_and_compute_cell took 0.0277 seconds
[07-01 19:32:06][DEBUG] jax_fem: CuDSSNewtonSolver: iter=1  res=7.183e-06  rel=3.240e-14
[07-01 19:32:06][INFO] jax_fem: CuDSSNewtonSolver: solve finished in 0.09s  res=7.183e-06
[07-01 19:32:07][DEBUG] jax_fem: CuDSSNewtonSolver: starting Newton loop
[07-01 19:32:07][DEBUG] jax_fem: DeviceProblem: computing Jacobian on device
[07-01 19:32:07][DEBUG] jax_fem: Function split_and_compute_cell took 0.0280 seconds
[07-01 19:32:07][DEBUG] jax_fem: CuDSSNewtonSolver: initial residual = 2.211e+08
[07-01 19:32:07][DEBUG] jax_fem: DeviceProblem: computing Jacobian on device
[07-01 19:32:07][DEBUG] jax_fem: Function split_and_compute_cell took 0.0287 seconds
[07-01 19:32:07][DEBUG] jax_fem: CuDSSNewtonSolver: iter=1  res=6.822e-06  rel=3.086e-14
[07-01 19:32:07][INFO] jax_fem: CuDSSNewtonSolver: solve finished in 0.09s  res=6.822e-06
[07-01 19:32:08][DEBUG] jax_fem: CuDSSNewtonSolver: starting Newton loop
[07-01 19:32:08][DEBUG] jax_fem: DeviceProblem: computing Jacobian on device
[07-01 19:32:08][DEBUG] jax_fem: Function split_and_compute_cell took 0.0303 seconds
[07-01 19:32:08][DEBUG] jax_fem: CuDSSNewtonSolver: initial residual = 2.237e+08
[07-01 19:32:08][DEBUG] jax_fem: DeviceProblem: computing Jacobian on device
[07-01 19:32:08][DEBUG] jax_fem: Function split_and_compute_cell took 0.0282 seconds
[07-01 19:32:08][DEBUG] jax_fem: CuDSSNewtonSolver: iter=1  res=8.019e-06  rel=3.585e-14
[07-01 19:32:08][INFO] jax_fem: CuDSSNewtonSolver: solve finished in 0.09s  res=8.019e-06
[07-01 19:32:08][DEBUG] jax_fem: CuDSSNewtonSolver: starting Newton loop
[07-01 19:32:08][DEBUG] jax_fem: DeviceProblem: computing Jacobian on device
[07-01 19:32:08][DEBUG] jax_fem: Function split_and_compute_cell took 0.0284 seconds
[07-01 19:32:08][DEBUG] jax_fem: CuDSSNewtonSolver: initial residual = 2.223e+08
[07-01 19:32:08][DEBUG] jax_fem: DeviceProblem: computing Jacobian on device
[07-01 19:32:08][DEBUG] jax_fem: Function split_and_compute_cell took 0.0278 seconds
[07-01 19:32:08][DEBUG] jax_fem: CuDSSNewtonSolver: iter=1  res=6.963e-06  rel=3.131e-14
[07-01 19:32:08][INFO] jax_fem: CuDSSNewtonSolver: solve finished in 0.09s  res=6.963e-06
[07-01 19:32:08][INFO] jax_fem: CuDSS backward: solving adjoint problem …
[07-01 19:32:08][DEBUG] jax_fem: DeviceProblem: computing Jacobian on device
[07-01 19:32:08][DEBUG] jax_fem: Function split_and_compute_cell took 0.0434 seconds
[07-01 19:32:08][DEBUG] jax_fem: Computing cell residual...
[07-01 19:32:08][DEBUG] jax_fem: Function split_and_compute_cell took 0.0675 seconds
[07-01 19:32:09][INFO] jax_fem: CuDSS backward: solving adjoint problem …
[07-01 19:32:09][DEBUG] jax_fem: DeviceProblem: computing Jacobian on device
[07-01 19:32:09][DEBUG] jax_fem: Function split_and_compute_cell took 0.0321 seconds
[07-01 19:32:09][DEBUG] jax_fem: Computing cell residual...
[07-01 19:32:09][DEBUG] jax_fem: Function split_and_compute_cell took 0.0704 seconds
[07-01 19:32:09][INFO] jax_fem: CuDSS backward: solving adjoint problem …
[07-01 19:32:09][DEBUG] jax_fem: DeviceProblem: computing Jacobian on device
[07-01 19:32:09][DEBUG] jax_fem: Function split_and_compute_cell took 0.0288 seconds
[07-01 19:32:09][DEBUG] jax_fem: Computing cell residual...
[07-01 19:32:09][DEBUG] jax_fem: Function split_and_compute_cell took 0.0784 seconds
[07-01 19:32:10][INFO] jax_fem: CuDSS backward: solving adjoint problem …
[07-01 19:32:10][DEBUG] jax_fem: DeviceProblem: computing Jacobian on device
[07-01 19:32:10][DEBUG] jax_fem: Function split_and_compute_cell took 0.0559 seconds
[07-01 19:32:10][DEBUG] jax_fem: Computing cell residual...
[07-01 19:32:10][DEBUG] jax_fem: Function split_and_compute_cell took 0.0641 seconds
[07-01 19:32:10][INFO] jax_fem: CuDSS backward: solving adjoint problem …
[07-01 19:32:10][DEBUG] jax_fem: DeviceProblem: computing Jacobian on device
[07-01 19:32:10][DEBUG] jax_fem: Function split_and_compute_cell took 0.0477 seconds
[07-01 19:32:10][DEBUG] jax_fem: Computing cell residual...
[07-01 19:32:10][DEBUG] jax_fem: Function split_and_compute_cell took 0.0526 seconds
[07-01 19:32:12][DEBUG] jax_fem: CuDSSNewtonSolver: starting Newton loop
[07-01 19:32:12][DEBUG] jax_fem: DeviceProblem: computing Jacobian on device
[07-01 19:32:12][DEBUG] jax_fem: Function split_and_compute_cell took 0.0460 seconds
[07-01 19:32:12][DEBUG] jax_fem: CuDSSNewtonSolver: initial residual = 2.235e+08
[07-01 19:32:12][DEBUG] jax_fem: DeviceProblem: computing Jacobian on device
[07-01 19:32:12][DEBUG] jax_fem: Function split_and_compute_cell took 0.0365 seconds
[07-01 19:32:12][DEBUG] jax_fem: CuDSSNewtonSolver: iter=1  res=7.849e-06  rel=3.512e-14
[07-01 19:32:12][INFO] jax_fem: CuDSSNewtonSolver: solve finished in 0.12s  res=7.849e-06
[07-01 19:32:12][DEBUG] jax_fem: CuDSSNewtonSolver: starting Newton loop
[07-01 19:32:12][DEBUG] jax_fem: DeviceProblem: computing Jacobian on device
[07-01 19:32:12][DEBUG] jax_fem: Function split_and_compute_cell took 0.0290 seconds
[07-01 19:32:12][DEBUG] jax_fem: CuDSSNewtonSolver: initial residual = 2.217e+08
[07-01 19:32:12][DEBUG] jax_fem: DeviceProblem: computing Jacobian on device
[07-01 19:32:12][DEBUG] jax_fem: Function split_and_compute_cell took 0.0261 seconds
[07-01 19:32:12][DEBUG] jax_fem: CuDSSNewtonSolver: iter=1  res=6.913e-06  rel=3.119e-14
[07-01 19:32:12][INFO] jax_fem: CuDSSNewtonSolver: solve finished in 0.10s  res=6.913e-06
[07-01 19:32:12][DEBUG] jax_fem: CuDSSNewtonSolver: starting Newton loop
[07-01 19:32:12][DEBUG] jax_fem: DeviceProblem: computing Jacobian on device
[07-01 19:32:13][DEBUG] jax_fem: Function split_and_compute_cell took 0.0440 seconds
[07-01 19:32:13][DEBUG] jax_fem: CuDSSNewtonSolver: initial residual = 2.211e+08
[07-01 19:32:13][DEBUG] jax_fem: DeviceProblem: computing Jacobian on device
[07-01 19:32:13][DEBUG] jax_fem: Function split_and_compute_cell took 0.0382 seconds
[07-01 19:32:13][DEBUG] jax_fem: CuDSSNewtonSolver: iter=1  res=6.564e-06  rel=2.969e-14
[07-01 19:32:13][INFO] jax_fem: CuDSSNewtonSolver: solve finished in 0.13s  res=6.564e-06
[07-01 19:32:13][DEBUG] jax_fem: CuDSSNewtonSolver: starting Newton loop
[07-01 19:32:13][DEBUG] jax_fem: DeviceProblem: computing Jacobian on device
[07-01 19:32:13][DEBUG] jax_fem: Function split_and_compute_cell took 0.0498 seconds
[07-01 19:32:13][DEBUG] jax_fem: CuDSSNewtonSolver: initial residual = 2.237e+08
[07-01 19:32:13][DEBUG] jax_fem: DeviceProblem: computing Jacobian on device
[07-01 19:32:13][DEBUG] jax_fem: Function split_and_compute_cell took 0.0400 seconds
[07-01 19:32:13][DEBUG] jax_fem: CuDSSNewtonSolver: iter=1  res=7.361e-06  rel=3.291e-14
[07-01 19:32:13][INFO] jax_fem: CuDSSNewtonSolver: solve finished in 0.13s  res=7.361e-06
[07-01 19:32:13][DEBUG] jax_fem: CuDSSNewtonSolver: starting Newton loop
[07-01 19:32:13][DEBUG] jax_fem: DeviceProblem: computing Jacobian on device
[07-01 19:32:13][DEBUG] jax_fem: Function split_and_compute_cell took 0.0423 seconds
[07-01 19:32:13][DEBUG] jax_fem: CuDSSNewtonSolver: initial residual = 2.223e+08
[07-01 19:32:13][DEBUG] jax_fem: DeviceProblem: computing Jacobian on device
[07-01 19:32:13][DEBUG] jax_fem: Function split_and_compute_cell took 0.0363 seconds
[07-01 19:32:13][DEBUG] jax_fem: CuDSSNewtonSolver: iter=1  res=7.277e-06  rel=3.273e-14
[07-01 19:32:13][INFO] jax_fem: CuDSSNewtonSolver: solve finished in 0.12s  res=7.277e-06
[07-01 19:32:15][DEBUG] jax_fem: CuDSSNewtonSolver: starting Newton loop
[07-01 19:32:15][DEBUG] jax_fem: DeviceProblem: computing Jacobian on device
[07-01 19:32:15][DEBUG] jax_fem: Function split_and_compute_cell took 0.0284 seconds
[07-01 19:32:15][DEBUG] jax_fem: CuDSSNewtonSolver: initial residual = 2.235e+08
[07-01 19:32:15][DEBUG] jax_fem: DeviceProblem: computing Jacobian on device
[07-01 19:32:15][DEBUG] jax_fem: Function split_and_compute_cell took 0.0277 seconds
[07-01 19:32:15][DEBUG] jax_fem: CuDSSNewtonSolver: iter=1  res=7.761e-06  rel=3.473e-14
[07-01 19:32:15][INFO] jax_fem: CuDSSNewtonSolver: solve finished in 0.09s  res=7.761e-06
[07-01 19:32:16][DEBUG] jax_fem: CuDSSNewtonSolver: starting Newton loop
[07-01 19:32:16][DEBUG] jax_fem: DeviceProblem: computing Jacobian on device
[07-01 19:32:16][DEBUG] jax_fem: Function split_and_compute_cell took 0.0288 seconds
[07-01 19:32:16][DEBUG] jax_fem: CuDSSNewtonSolver: initial residual = 2.217e+08
[07-01 19:32:16][DEBUG] jax_fem: DeviceProblem: computing Jacobian on device
[07-01 19:32:16][DEBUG] jax_fem: Function split_and_compute_cell took 0.0293 seconds
[07-01 19:32:16][DEBUG] jax_fem: CuDSSNewtonSolver: iter=1  res=6.662e-06  rel=3.005e-14
[07-01 19:32:16][INFO] jax_fem: CuDSSNewtonSolver: solve finished in 0.09s  res=6.662e-06
[07-01 19:32:16][DEBUG] jax_fem: CuDSSNewtonSolver: starting Newton loop
[07-01 19:32:16][DEBUG] jax_fem: DeviceProblem: computing Jacobian on device
[07-01 19:32:16][DEBUG] jax_fem: Function split_and_compute_cell took 0.0290 seconds
[07-01 19:32:16][DEBUG] jax_fem: CuDSSNewtonSolver: initial residual = 2.211e+08
[07-01 19:32:16][DEBUG] jax_fem: DeviceProblem: computing Jacobian on device
[07-01 19:32:16][DEBUG] jax_fem: Function split_and_compute_cell took 0.0272 seconds
[07-01 19:32:16][DEBUG] jax_fem: CuDSSNewtonSolver: iter=1  res=6.605e-06  rel=2.987e-14
[07-01 19:32:16][INFO] jax_fem: CuDSSNewtonSolver: solve finished in 0.09s  res=6.605e-06
[07-01 19:32:17][DEBUG] jax_fem: CuDSSNewtonSolver: starting Newton loop
[07-01 19:32:17][DEBUG] jax_fem: DeviceProblem: computing Jacobian on device
[07-01 19:32:17][DEBUG] jax_fem: Function split_and_compute_cell took 0.0287 seconds
[07-01 19:32:17][DEBUG] jax_fem: CuDSSNewtonSolver: initial residual = 2.237e+08
[07-01 19:32:17][DEBUG] jax_fem: DeviceProblem: computing Jacobian on device
[07-01 19:32:17][DEBUG] jax_fem: Function split_and_compute_cell took 0.0283 seconds
[07-01 19:32:17][DEBUG] jax_fem: CuDSSNewtonSolver: iter=1  res=7.524e-06  rel=3.364e-14
[07-01 19:32:17][INFO] jax_fem: CuDSSNewtonSolver: solve finished in 0.09s  res=7.524e-06
[07-01 19:32:18][DEBUG] jax_fem: CuDSSNewtonSolver: starting Newton loop
[07-01 19:32:18][DEBUG] jax_fem: DeviceProblem: computing Jacobian on device
[07-01 19:32:18][DEBUG] jax_fem: Function split_and_compute_cell took 0.0283 seconds
[07-01 19:32:18][DEBUG] jax_fem: CuDSSNewtonSolver: initial residual = 2.223e+08
[07-01 19:32:18][DEBUG] jax_fem: DeviceProblem: computing Jacobian on device
[07-01 19:32:18][DEBUG] jax_fem: Function split_and_compute_cell took 0.0274 seconds
[07-01 19:32:18][DEBUG] jax_fem: CuDSSNewtonSolver: iter=1  res=7.174e-06  rel=3.226e-14
[07-01 19:32:18][INFO] jax_fem: CuDSSNewtonSolver: solve finished in 0.09s  res=7.174e-06
[07-01 19:32:18][INFO] jax_fem: CuDSS backward: solving adjoint problem …
[07-01 19:32:18][DEBUG] jax_fem: DeviceProblem: computing Jacobian on device
[07-01 19:32:18][DEBUG] jax_fem: Function split_and_compute_cell took 0.0436 seconds
[07-01 19:32:18][DEBUG] jax_fem: Computing cell residual...
[07-01 19:32:18][DEBUG] jax_fem: Function split_and_compute_cell took 0.0712 seconds
[07-01 19:32:18][INFO] jax_fem: CuDSS backward: solving adjoint problem …
[07-01 19:32:18][DEBUG] jax_fem: DeviceProblem: computing Jacobian on device
[07-01 19:32:18][DEBUG] jax_fem: Function split_and_compute_cell took 0.0381 seconds
[07-01 19:32:18][DEBUG] jax_fem: Computing cell residual...
[07-01 19:32:18][DEBUG] jax_fem: Function split_and_compute_cell took 0.0593 seconds
[07-01 19:32:18][INFO] jax_fem: CuDSS backward: solving adjoint problem …
[07-01 19:32:19][DEBUG] jax_fem: DeviceProblem: computing Jacobian on device
[07-01 19:32:19][DEBUG] jax_fem: Function split_and_compute_cell took 0.0433 seconds
[07-01 19:32:19][DEBUG] jax_fem: Computing cell residual...
[07-01 19:32:19][DEBUG] jax_fem: Function split_and_compute_cell took 0.0672 seconds
[07-01 19:32:19][INFO] jax_fem: CuDSS backward: solving adjoint problem …
[07-01 19:32:19][DEBUG] jax_fem: DeviceProblem: computing Jacobian on device
[07-01 19:32:19][DEBUG] jax_fem: Function split_and_compute_cell took 0.0542 seconds
[07-01 19:32:19][DEBUG] jax_fem: Computing cell residual...
[07-01 19:32:19][DEBUG] jax_fem: Function split_and_compute_cell took 0.0625 seconds
[07-01 19:32:19][INFO] jax_fem: CuDSS backward: solving adjoint problem …
[07-01 19:32:19][DEBUG] jax_fem: DeviceProblem: computing Jacobian on device
[07-01 19:32:19][DEBUG] jax_fem: Function split_and_compute_cell took 0.0512 seconds
[07-01 19:32:19][DEBUG] jax_fem: Computing cell residual...
[07-01 19:32:20][DEBUG] jax_fem: Function split_and_compute_cell took 0.0696 seconds
[07-01 19:32:21][DEBUG] jax_fem: CuDSSNewtonSolver: starting Newton loop
[07-01 19:32:21][DEBUG] jax_fem: DeviceProblem: computing Jacobian on device
[07-01 19:32:21][DEBUG] jax_fem: Function split_and_compute_cell took 0.0406 seconds
[07-01 19:32:21][DEBUG] jax_fem: CuDSSNewtonSolver: initial residual = 2.235e+08
[07-01 19:32:21][DEBUG] jax_fem: DeviceProblem: computing Jacobian on device
[07-01 19:32:21][DEBUG] jax_fem: Function split_and_compute_cell took 0.0410 seconds
[07-01 19:32:21][DEBUG] jax_fem: CuDSSNewtonSolver: iter=1  res=7.676e-06  rel=3.434e-14
[07-01 19:32:21][INFO] jax_fem: CuDSSNewtonSolver: solve finished in 0.12s  res=7.676e-06
[07-01 19:32:22][DEBUG] jax_fem: CuDSSNewtonSolver: starting Newton loop
[07-01 19:32:22][DEBUG] jax_fem: DeviceProblem: computing Jacobian on device
[07-01 19:32:22][DEBUG] jax_fem: Function split_and_compute_cell took 0.0409 seconds
[07-01 19:32:22][DEBUG] jax_fem: CuDSSNewtonSolver: initial residual = 2.217e+08
[07-01 19:32:22][DEBUG] jax_fem: DeviceProblem: computing Jacobian on device
[07-01 19:32:22][DEBUG] jax_fem: Function split_and_compute_cell took 0.0472 seconds
[07-01 19:32:22][DEBUG] jax_fem: CuDSSNewtonSolver: iter=1  res=6.711e-06  rel=3.028e-14
[07-01 19:32:22][INFO] jax_fem: CuDSSNewtonSolver: solve finished in 0.13s  res=6.711e-06
[07-01 19:32:22][DEBUG] jax_fem: CuDSSNewtonSolver: starting Newton loop
[07-01 19:32:22][DEBUG] jax_fem: DeviceProblem: computing Jacobian on device
[07-01 19:32:22][DEBUG] jax_fem: Function split_and_compute_cell took 0.0370 seconds
[07-01 19:32:22][DEBUG] jax_fem: CuDSSNewtonSolver: initial residual = 2.211e+08
[07-01 19:32:22][DEBUG] jax_fem: DeviceProblem: computing Jacobian on device
[07-01 19:32:22][DEBUG] jax_fem: Function split_and_compute_cell took 0.0308 seconds
[07-01 19:32:22][DEBUG] jax_fem: CuDSSNewtonSolver: iter=1  res=6.359e-06  rel=2.876e-14
[07-01 19:32:22][INFO] jax_fem: CuDSSNewtonSolver: solve finished in 0.11s  res=6.359e-06
[07-01 19:32:22][DEBUG] jax_fem: CuDSSNewtonSolver: starting Newton loop
[07-01 19:32:22][DEBUG] jax_fem: DeviceProblem: computing Jacobian on device
[07-01 19:32:22][DEBUG] jax_fem: Function split_and_compute_cell took 0.0336 seconds
[07-01 19:32:22][DEBUG] jax_fem: CuDSSNewtonSolver: initial residual = 2.237e+08
[07-01 19:32:22][DEBUG] jax_fem: DeviceProblem: computing Jacobian on device
[07-01 19:32:22][DEBUG] jax_fem: Function split_and_compute_cell took 0.0323 seconds
[07-01 19:32:22][DEBUG] jax_fem: CuDSSNewtonSolver: iter=1  res=7.855e-06  rel=3.512e-14
[07-01 19:32:22][INFO] jax_fem: CuDSSNewtonSolver: solve finished in 0.10s  res=7.855e-06
[07-01 19:32:23][DEBUG] jax_fem: CuDSSNewtonSolver: starting Newton loop
[07-01 19:32:23][DEBUG] jax_fem: DeviceProblem: computing Jacobian on device
[07-01 19:32:23][DEBUG] jax_fem: Function split_and_compute_cell took 0.0362 seconds
[07-01 19:32:23][DEBUG] jax_fem: CuDSSNewtonSolver: initial residual = 2.223e+08
[07-01 19:32:23][DEBUG] jax_fem: DeviceProblem: computing Jacobian on device
[07-01 19:32:23][DEBUG] jax_fem: Function split_and_compute_cell took 0.0396 seconds
[07-01 19:32:23][DEBUG] jax_fem: CuDSSNewtonSolver: iter=1  res=6.951e-06  rel=3.126e-14
[07-01 19:32:23][INFO] jax_fem: CuDSSNewtonSolver: solve finished in 0.12s  res=6.951e-06
[07-01 19:32:24][DEBUG] jax_fem: CuDSSNewtonSolver: starting Newton loop
[07-01 19:32:24][DEBUG] jax_fem: DeviceProblem: computing Jacobian on device
[07-01 19:32:24][DEBUG] jax_fem: Function split_and_compute_cell took 0.0294 seconds
[07-01 19:32:24][DEBUG] jax_fem: CuDSSNewtonSolver: initial residual = 2.235e+08
[07-01 19:32:24][DEBUG] jax_fem: DeviceProblem: computing Jacobian on device
[07-01 19:32:24][DEBUG] jax_fem: Function split_and_compute_cell took 0.0295 seconds
[07-01 19:32:25][DEBUG] jax_fem: CuDSSNewtonSolver: iter=1  res=7.650e-06  rel=3.423e-14
[07-01 19:32:25][INFO] jax_fem: CuDSSNewtonSolver: solve finished in 0.10s  res=7.650e-06
[07-01 19:32:25][DEBUG] jax_fem: CuDSSNewtonSolver: starting Newton loop
[07-01 19:32:25][DEBUG] jax_fem: DeviceProblem: computing Jacobian on device
[07-01 19:32:25][DEBUG] jax_fem: Function split_and_compute_cell took 0.0285 seconds
[07-01 19:32:25][DEBUG] jax_fem: CuDSSNewtonSolver: initial residual = 2.217e+08
[07-01 19:32:25][DEBUG] jax_fem: DeviceProblem: computing Jacobian on device
[07-01 19:32:25][DEBUG] jax_fem: Function split_and_compute_cell took 0.0280 seconds
[07-01 19:32:25][DEBUG] jax_fem: CuDSSNewtonSolver: iter=1  res=6.766e-06  rel=3.053e-14
[07-01 19:32:25][INFO] jax_fem: CuDSSNewtonSolver: solve finished in 0.09s  res=6.766e-06
[07-01 19:32:26][DEBUG] jax_fem: CuDSSNewtonSolver: starting Newton loop
[07-01 19:32:26][DEBUG] jax_fem: DeviceProblem: computing Jacobian on device
[07-01 19:32:26][DEBUG] jax_fem: Function split_and_compute_cell took 0.0287 seconds
[07-01 19:32:26][DEBUG] jax_fem: CuDSSNewtonSolver: initial residual = 2.211e+08
[07-01 19:32:26][DEBUG] jax_fem: DeviceProblem: computing Jacobian on device
[07-01 19:32:26][DEBUG] jax_fem: Function split_and_compute_cell took 0.0291 seconds
[07-01 19:32:26][DEBUG] jax_fem: CuDSSNewtonSolver: iter=1  res=6.881e-06  rel=3.113e-14
[07-01 19:32:26][INFO] jax_fem: CuDSSNewtonSolver: solve finished in 0.09s  res=6.881e-06
[07-01 19:32:26][DEBUG] jax_fem: CuDSSNewtonSolver: starting Newton loop
[07-01 19:32:26][DEBUG] jax_fem: DeviceProblem: computing Jacobian on device
[07-01 19:32:26][DEBUG] jax_fem: Function split_and_compute_cell took 0.0297 seconds
[07-01 19:32:26][DEBUG] jax_fem: CuDSSNewtonSolver: initial residual = 2.237e+08
[07-01 19:32:26][DEBUG] jax_fem: DeviceProblem: computing Jacobian on device
[07-01 19:32:26][DEBUG] jax_fem: Function split_and_compute_cell took 0.0273 seconds
[07-01 19:32:26][DEBUG] jax_fem: CuDSSNewtonSolver: iter=1  res=7.968e-06  rel=3.562e-14
[07-01 19:32:26][INFO] jax_fem: CuDSSNewtonSolver: solve finished in 0.09s  res=7.968e-06
[07-01 19:32:27][DEBUG] jax_fem: CuDSSNewtonSolver: starting Newton loop
[07-01 19:32:27][DEBUG] jax_fem: DeviceProblem: computing Jacobian on device
[07-01 19:32:27][DEBUG] jax_fem: Function split_and_compute_cell took 0.0298 seconds
[07-01 19:32:27][DEBUG] jax_fem: CuDSSNewtonSolver: initial residual = 2.223e+08
[07-01 19:32:27][DEBUG] jax_fem: DeviceProblem: computing Jacobian on device
[07-01 19:32:27][DEBUG] jax_fem: Function split_and_compute_cell took 0.0266 seconds
[07-01 19:32:27][DEBUG] jax_fem: CuDSSNewtonSolver: iter=1  res=6.905e-06  rel=3.106e-14
[07-01 19:32:27][INFO] jax_fem: CuDSSNewtonSolver: solve finished in 0.09s  res=6.905e-06
[07-01 19:32:27][INFO] jax_fem: CuDSS backward: solving adjoint problem …
[07-01 19:32:27][DEBUG] jax_fem: DeviceProblem: computing Jacobian on device
[07-01 19:32:27][DEBUG] jax_fem: Function split_and_compute_cell took 0.0413 seconds
[07-01 19:32:27][DEBUG] jax_fem: Computing cell residual...
[07-01 19:32:27][DEBUG] jax_fem: Function split_and_compute_cell took 0.0647 seconds
[07-01 19:32:28][INFO] jax_fem: CuDSS backward: solving adjoint problem …
[07-01 19:32:28][DEBUG] jax_fem: DeviceProblem: computing Jacobian on device
[07-01 19:32:28][DEBUG] jax_fem: Function split_and_compute_cell took 0.0290 seconds
[07-01 19:32:28][DEBUG] jax_fem: Computing cell residual...
[07-01 19:32:28][DEBUG] jax_fem: Function split_and_compute_cell took 0.0693 seconds
[07-01 19:32:28][INFO] jax_fem: CuDSS backward: solving adjoint problem …
[07-01 19:32:28][DEBUG] jax_fem: DeviceProblem: computing Jacobian on device
[07-01 19:32:28][DEBUG] jax_fem: Function split_and_compute_cell took 0.0290 seconds
[07-01 19:32:28][DEBUG] jax_fem: Computing cell residual...
[07-01 19:32:28][DEBUG] jax_fem: Function split_and_compute_cell took 0.0680 seconds
[07-01 19:32:28][INFO] jax_fem: CuDSS backward: solving adjoint problem …
[07-01 19:32:28][DEBUG] jax_fem: DeviceProblem: computing Jacobian on device
[07-01 19:32:28][DEBUG] jax_fem: Function split_and_compute_cell took 0.0366 seconds
[07-01 19:32:28][DEBUG] jax_fem: Computing cell residual...
[07-01 19:32:28][DEBUG] jax_fem: Function split_and_compute_cell took 0.0571 seconds
[07-01 19:32:29][INFO] jax_fem: CuDSS backward: solving adjoint problem …
[07-01 19:32:29][DEBUG] jax_fem: DeviceProblem: computing Jacobian on device
[07-01 19:32:29][DEBUG] jax_fem: Function split_and_compute_cell took 0.0365 seconds
[07-01 19:32:29][DEBUG] jax_fem: Computing cell residual...
[07-01 19:32:29][DEBUG] jax_fem: Function split_and_compute_cell took 0.0772 seconds
[07-01 19:32:30][DEBUG] jax_fem: CuDSSNewtonSolver: starting Newton loop
[07-01 19:32:30][DEBUG] jax_fem: DeviceProblem: computing Jacobian on device
[07-01 19:32:31][DEBUG] jax_fem: Function split_and_compute_cell took 0.0385 seconds
[07-01 19:32:31][DEBUG] jax_fem: CuDSSNewtonSolver: initial residual = 2.235e+08
[07-01 19:32:31][DEBUG] jax_fem: DeviceProblem: computing Jacobian on device
[07-01 19:32:31][DEBUG] jax_fem: Function split_and_compute_cell took 0.0357 seconds
[07-01 19:32:31][DEBUG] jax_fem: CuDSSNewtonSolver: iter=1  res=7.767e-06  rel=3.475e-14
[07-01 19:32:31][INFO] jax_fem: CuDSSNewtonSolver: solve finished in 0.12s  res=7.767e-06
[07-01 19:32:31][DEBUG] jax_fem: CuDSSNewtonSolver: starting Newton loop
[07-01 19:32:31][DEBUG] jax_fem: DeviceProblem: computing Jacobian on device
[07-01 19:32:31][DEBUG] jax_fem: Function split_and_compute_cell took 0.0535 seconds
[07-01 19:32:31][DEBUG] jax_fem: CuDSSNewtonSolver: initial residual = 2.217e+08
[07-01 19:32:31][DEBUG] jax_fem: DeviceProblem: computing Jacobian on device
[07-01 19:32:31][DEBUG] jax_fem: Function split_and_compute_cell took 0.0502 seconds
[07-01 19:32:31][DEBUG] jax_fem: CuDSSNewtonSolver: iter=1  res=6.719e-06  rel=3.031e-14
[07-01 19:32:31][INFO] jax_fem: CuDSSNewtonSolver: solve finished in 0.15s  res=6.719e-06
[07-01 19:32:31][DEBUG] jax_fem: CuDSSNewtonSolver: starting Newton loop
[07-01 19:32:31][DEBUG] jax_fem: DeviceProblem: computing Jacobian on device
[07-01 19:32:31][DEBUG] jax_fem: Function split_and_compute_cell took 0.0292 seconds
[07-01 19:32:31][DEBUG] jax_fem: CuDSSNewtonSolver: initial residual = 2.211e+08
[07-01 19:32:31][DEBUG] jax_fem: DeviceProblem: computing Jacobian on device
[07-01 19:32:31][DEBUG] jax_fem: Function split_and_compute_cell took 0.0366 seconds
[07-01 19:32:31][DEBUG] jax_fem: CuDSSNewtonSolver: iter=1  res=6.402e-06  rel=2.896e-14
[07-01 19:32:31][INFO] jax_fem: CuDSSNewtonSolver: solve finished in 0.11s  res=6.402e-06
[07-01 19:32:32][DEBUG] jax_fem: CuDSSNewtonSolver: starting Newton loop
[07-01 19:32:32][DEBUG] jax_fem: DeviceProblem: computing Jacobian on device
[07-01 19:32:32][DEBUG] jax_fem: Function split_and_compute_cell took 0.0283 seconds
[07-01 19:32:32][DEBUG] jax_fem: CuDSSNewtonSolver: initial residual = 2.237e+08
[07-01 19:32:32][DEBUG] jax_fem: DeviceProblem: computing Jacobian on device
[07-01 19:32:32][DEBUG] jax_fem: Function split_and_compute_cell took 0.0377 seconds
[07-01 19:32:32][DEBUG] jax_fem: CuDSSNewtonSolver: iter=1  res=6.869e-06  rel=3.071e-14
[07-01 19:32:32][INFO] jax_fem: CuDSSNewtonSolver: solve finished in 0.11s  res=6.869e-06
[07-01 19:32:32][DEBUG] jax_fem: CuDSSNewtonSolver: starting Newton loop
[07-01 19:32:32][DEBUG] jax_fem: DeviceProblem: computing Jacobian on device
[07-01 19:32:32][DEBUG] jax_fem: Function split_and_compute_cell took 0.0304 seconds
[07-01 19:32:32][DEBUG] jax_fem: CuDSSNewtonSolver: initial residual = 2.223e+08
[07-01 19:32:32][DEBUG] jax_fem: DeviceProblem: computing Jacobian on device
[07-01 19:32:32][DEBUG] jax_fem: Function split_and_compute_cell took 0.0273 seconds
[07-01 19:32:32][DEBUG] jax_fem: CuDSSNewtonSolver: iter=1  res=7.003e-06  rel=3.150e-14
[07-01 19:32:32][INFO] jax_fem: CuDSSNewtonSolver: solve finished in 0.10s  res=7.003e-06
[07-01 19:32:34][DEBUG] jax_fem: CuDSSNewtonSolver: starting Newton loop
[07-01 19:32:34][DEBUG] jax_fem: DeviceProblem: computing Jacobian on device
[07-01 19:32:34][DEBUG] jax_fem: Function split_and_compute_cell took 0.0276 seconds
[07-01 19:32:34][DEBUG] jax_fem: CuDSSNewtonSolver: initial residual = 2.235e+08
[07-01 19:32:34][DEBUG] jax_fem: DeviceProblem: computing Jacobian on device
[07-01 19:32:34][DEBUG] jax_fem: Function split_and_compute_cell took 0.0283 seconds
[07-01 19:32:34][DEBUG] jax_fem: CuDSSNewtonSolver: iter=1  res=7.481e-06  rel=3.347e-14
[07-01 19:32:34][INFO] jax_fem: CuDSSNewtonSolver: solve finished in 0.09s  res=7.481e-06
[07-01 19:32:34][DEBUG] jax_fem: CuDSSNewtonSolver: starting Newton loop
[07-01 19:32:34][DEBUG] jax_fem: DeviceProblem: computing Jacobian on device
[07-01 19:32:34][DEBUG] jax_fem: Function split_and_compute_cell took 0.0295 seconds
[07-01 19:32:34][DEBUG] jax_fem: CuDSSNewtonSolver: initial residual = 2.217e+08
[07-01 19:32:34][DEBUG] jax_fem: DeviceProblem: computing Jacobian on device
[07-01 19:32:34][DEBUG] jax_fem: Function split_and_compute_cell took 0.0291 seconds
[07-01 19:32:34][DEBUG] jax_fem: CuDSSNewtonSolver: iter=1  res=6.702e-06  rel=3.023e-14
[07-01 19:32:34][INFO] jax_fem: CuDSSNewtonSolver: solve finished in 0.09s  res=6.702e-06
[07-01 19:32:35][DEBUG] jax_fem: CuDSSNewtonSolver: starting Newton loop
[07-01 19:32:35][DEBUG] jax_fem: DeviceProblem: computing Jacobian on device
[07-01 19:32:35][DEBUG] jax_fem: Function split_and_compute_cell took 0.0284 seconds
[07-01 19:32:35][DEBUG] jax_fem: CuDSSNewtonSolver: initial residual = 2.211e+08
[07-01 19:32:35][DEBUG] jax_fem: DeviceProblem: computing Jacobian on device
[07-01 19:32:35][DEBUG] jax_fem: Function split_and_compute_cell took 0.0281 seconds
[07-01 19:32:35][DEBUG] jax_fem: CuDSSNewtonSolver: iter=1  res=6.563e-06  rel=2.969e-14
[07-01 19:32:35][INFO] jax_fem: CuDSSNewtonSolver: solve finished in 0.09s  res=6.563e-06
[07-01 19:32:36][DEBUG] jax_fem: CuDSSNewtonSolver: starting Newton loop
[07-01 19:32:36][DEBUG] jax_fem: DeviceProblem: computing Jacobian on device
[07-01 19:32:36][DEBUG] jax_fem: Function split_and_compute_cell took 0.0277 seconds
[07-01 19:32:36][DEBUG] jax_fem: CuDSSNewtonSolver: initial residual = 2.237e+08
[07-01 19:32:36][DEBUG] jax_fem: DeviceProblem: computing Jacobian on device
[07-01 19:32:36][DEBUG] jax_fem: Function split_and_compute_cell took 0.0281 seconds
[07-01 19:32:36][DEBUG] jax_fem: CuDSSNewtonSolver: iter=1  res=7.272e-06  rel=3.251e-14
[07-01 19:32:36][INFO] jax_fem: CuDSSNewtonSolver: solve finished in 0.09s  res=7.272e-06
[07-01 19:32:36][DEBUG] jax_fem: CuDSSNewtonSolver: starting Newton loop
[07-01 19:32:36][DEBUG] jax_fem: DeviceProblem: computing Jacobian on device
[07-01 19:32:36][DEBUG] jax_fem: Function split_and_compute_cell took 0.0294 seconds
[07-01 19:32:36][DEBUG] jax_fem: CuDSSNewtonSolver: initial residual = 2.223e+08
[07-01 19:32:36][DEBUG] jax_fem: DeviceProblem: computing Jacobian on device
[07-01 19:32:36][DEBUG] jax_fem: Function split_and_compute_cell took 0.0275 seconds
[07-01 19:32:36][DEBUG] jax_fem: CuDSSNewtonSolver: iter=1  res=6.913e-06  rel=3.109e-14
[07-01 19:32:36][INFO] jax_fem: CuDSSNewtonSolver: solve finished in 0.09s  res=6.913e-06
[07-01 19:32:36][INFO] jax_fem: CuDSS backward: solving adjoint problem …
[07-01 19:32:36][DEBUG] jax_fem: DeviceProblem: computing Jacobian on device
[07-01 19:32:36][DEBUG] jax_fem: Function split_and_compute_cell took 0.0413 seconds
[07-01 19:32:37][DEBUG] jax_fem: Computing cell residual...
[07-01 19:32:37][DEBUG] jax_fem: Function split_and_compute_cell took 0.2099 seconds
[07-01 19:32:37][INFO] jax_fem: CuDSS backward: solving adjoint problem …
[07-01 19:32:37][DEBUG] jax_fem: DeviceProblem: computing Jacobian on device
[07-01 19:32:37][DEBUG] jax_fem: Function split_and_compute_cell took 0.0314 seconds
[07-01 19:32:37][DEBUG] jax_fem: Computing cell residual...
[07-01 19:32:37][DEBUG] jax_fem: Function split_and_compute_cell took 0.0656 seconds
[07-01 19:32:37][INFO] jax_fem: CuDSS backward: solving adjoint problem …
[07-01 19:32:37][DEBUG] jax_fem: DeviceProblem: computing Jacobian on device
[07-01 19:32:37][DEBUG] jax_fem: Function split_and_compute_cell took 0.0392 seconds
[07-01 19:32:37][DEBUG] jax_fem: Computing cell residual...
[07-01 19:32:38][DEBUG] jax_fem: Function split_and_compute_cell took 0.0670 seconds
[07-01 19:32:38][INFO] jax_fem: CuDSS backward: solving adjoint problem …
[07-01 19:32:38][DEBUG] jax_fem: DeviceProblem: computing Jacobian on device
[07-01 19:32:38][DEBUG] jax_fem: Function split_and_compute_cell took 0.0554 seconds
[07-01 19:32:38][DEBUG] jax_fem: Computing cell residual...
[07-01 19:32:38][DEBUG] jax_fem: Function split_and_compute_cell took 0.0732 seconds
[07-01 19:32:38][INFO] jax_fem: CuDSS backward: solving adjoint problem …
[07-01 19:32:38][DEBUG] jax_fem: DeviceProblem: computing Jacobian on device
[07-01 19:32:38][DEBUG] jax_fem: Function split_and_compute_cell took 0.0488 seconds
[07-01 19:32:38][DEBUG] jax_fem: Computing cell residual...
[07-01 19:32:38][DEBUG] jax_fem: Function split_and_compute_cell took 0.0781 seconds
[07-01 19:32:40][DEBUG] jax_fem: CuDSSNewtonSolver: starting Newton loop
[07-01 19:32:40][DEBUG] jax_fem: DeviceProblem: computing Jacobian on device
[07-01 19:32:40][DEBUG] jax_fem: Function split_and_compute_cell took 0.0578 seconds
[07-01 19:32:40][DEBUG] jax_fem: CuDSSNewtonSolver: initial residual = 2.235e+08
[07-01 19:32:40][DEBUG] jax_fem: DeviceProblem: computing Jacobian on device
[07-01 19:32:40][DEBUG] jax_fem: Function split_and_compute_cell took 0.0384 seconds
[07-01 19:32:40][DEBUG] jax_fem: CuDSSNewtonSolver: iter=1  res=7.621e-06  rel=3.410e-14
[07-01 19:32:40][INFO] jax_fem: CuDSSNewtonSolver: solve finished in 0.13s  res=7.621e-06
[07-01 19:32:40][DEBUG] jax_fem: CuDSSNewtonSolver: starting Newton loop
[07-01 19:32:40][DEBUG] jax_fem: DeviceProblem: computing Jacobian on device
[07-01 19:32:40][DEBUG] jax_fem: Function split_and_compute_cell took 0.0406 seconds
[07-01 19:32:40][DEBUG] jax_fem: CuDSSNewtonSolver: initial residual = 2.217e+08
[07-01 19:32:40][DEBUG] jax_fem: DeviceProblem: computing Jacobian on device
[07-01 19:32:41][DEBUG] jax_fem: Function split_and_compute_cell took 0.0310 seconds
[07-01 19:32:41][DEBUG] jax_fem: CuDSSNewtonSolver: iter=1  res=6.909e-06  rel=3.117e-14
[07-01 19:32:41][INFO] jax_fem: CuDSSNewtonSolver: solve finished in 0.12s  res=6.909e-06
[07-01 19:32:41][DEBUG] jax_fem: CuDSSNewtonSolver: starting Newton loop
[07-01 19:32:41][DEBUG] jax_fem: DeviceProblem: computing Jacobian on device
[07-01 19:32:41][DEBUG] jax_fem: Function split_and_compute_cell took 0.0337 seconds
[07-01 19:32:41][DEBUG] jax_fem: CuDSSNewtonSolver: initial residual = 2.211e+08
[07-01 19:32:41][DEBUG] jax_fem: DeviceProblem: computing Jacobian on device
[07-01 19:32:41][DEBUG] jax_fem: Function split_and_compute_cell took 0.0459 seconds
[07-01 19:32:41][DEBUG] jax_fem: CuDSSNewtonSolver: iter=1  res=6.188e-06  rel=2.799e-14
[07-01 19:32:41][INFO] jax_fem: CuDSSNewtonSolver: solve finished in 0.12s  res=6.188e-06
[07-01 19:32:41][DEBUG] jax_fem: CuDSSNewtonSolver: starting Newton loop
[07-01 19:32:41][DEBUG] jax_fem: DeviceProblem: computing Jacobian on device
[07-01 19:32:41][DEBUG] jax_fem: Function split_and_compute_cell took 0.0608 seconds
[07-01 19:32:41][DEBUG] jax_fem: CuDSSNewtonSolver: initial residual = 2.237e+08
[07-01 19:32:41][DEBUG] jax_fem: DeviceProblem: computing Jacobian on device
[07-01 19:32:41][DEBUG] jax_fem: Function split_and_compute_cell took 0.0492 seconds
[07-01 19:32:41][DEBUG] jax_fem: CuDSSNewtonSolver: iter=1  res=7.749e-06  rel=3.464e-14
[07-01 19:32:41][INFO] jax_fem: CuDSSNewtonSolver: solve finished in 0.15s  res=7.749e-06
[07-01 19:32:42][DEBUG] jax_fem: CuDSSNewtonSolver: starting Newton loop
[07-01 19:32:42][DEBUG] jax_fem: DeviceProblem: computing Jacobian on device
[07-01 19:32:42][DEBUG] jax_fem: Function split_and_compute_cell took 0.0289 seconds
[07-01 19:32:42][DEBUG] jax_fem: CuDSSNewtonSolver: initial residual = 2.223e+08
[07-01 19:32:42][DEBUG] jax_fem: DeviceProblem: computing Jacobian on device
[07-01 19:32:42][DEBUG] jax_fem: Function split_and_compute_cell took 0.0416 seconds
[07-01 19:32:42][DEBUG] jax_fem: CuDSSNewtonSolver: iter=1  res=7.107e-06  rel=3.196e-14
[07-01 19:32:42][INFO] jax_fem: CuDSSNewtonSolver: solve finished in 0.11s  res=7.107e-06
[07-01 19:32:43][DEBUG] jax_fem: CuDSSNewtonSolver: starting Newton loop
[07-01 19:32:43][DEBUG] jax_fem: DeviceProblem: computing Jacobian on device
[07-01 19:32:43][DEBUG] jax_fem: Function split_and_compute_cell took 0.0273 seconds
[07-01 19:32:43][DEBUG] jax_fem: CuDSSNewtonSolver: initial residual = 2.235e+08
[07-01 19:32:43][DEBUG] jax_fem: DeviceProblem: computing Jacobian on device
[07-01 19:32:43][DEBUG] jax_fem: Function split_and_compute_cell took 0.0282 seconds
[07-01 19:32:43][DEBUG] jax_fem: CuDSSNewtonSolver: iter=1  res=7.944e-06  rel=3.554e-14
[07-01 19:32:43][INFO] jax_fem: CuDSSNewtonSolver: solve finished in 0.09s  res=7.944e-06
[07-01 19:32:44][DEBUG] jax_fem: CuDSSNewtonSolver: starting Newton loop
[07-01 19:32:44][DEBUG] jax_fem: DeviceProblem: computing Jacobian on device
[07-01 19:32:44][DEBUG] jax_fem: Function split_and_compute_cell took 0.0285 seconds
[07-01 19:32:44][DEBUG] jax_fem: CuDSSNewtonSolver: initial residual = 2.217e+08
[07-01 19:32:44][DEBUG] jax_fem: DeviceProblem: computing Jacobian on device
[07-01 19:32:44][DEBUG] jax_fem: Function split_and_compute_cell took 0.0283 seconds
[07-01 19:32:44][DEBUG] jax_fem: CuDSSNewtonSolver: iter=1  res=7.033e-06  rel=3.173e-14
[07-01 19:32:44][INFO] jax_fem: CuDSSNewtonSolver: solve finished in 0.09s  res=7.033e-06
[07-01 19:32:45][DEBUG] jax_fem: CuDSSNewtonSolver: starting Newton loop
[07-01 19:32:45][DEBUG] jax_fem: DeviceProblem: computing Jacobian on device
[07-01 19:32:45][DEBUG] jax_fem: Function split_and_compute_cell took 0.0286 seconds
[07-01 19:32:45][DEBUG] jax_fem: CuDSSNewtonSolver: initial residual = 2.211e+08
[07-01 19:32:45][DEBUG] jax_fem: DeviceProblem: computing Jacobian on device
[07-01 19:32:45][DEBUG] jax_fem: Function split_and_compute_cell took 0.0282 seconds
[07-01 19:32:45][DEBUG] jax_fem: CuDSSNewtonSolver: iter=1  res=6.521e-06  rel=2.950e-14
[07-01 19:32:45][INFO] jax_fem: CuDSSNewtonSolver: solve finished in 0.09s  res=6.521e-06
[07-01 19:32:45][DEBUG] jax_fem: CuDSSNewtonSolver: starting Newton loop
[07-01 19:32:45][DEBUG] jax_fem: DeviceProblem: computing Jacobian on device
[07-01 19:32:45][DEBUG] jax_fem: Function split_and_compute_cell took 0.0286 seconds
[07-01 19:32:45][DEBUG] jax_fem: CuDSSNewtonSolver: initial residual = 2.237e+08
[07-01 19:32:45][DEBUG] jax_fem: DeviceProblem: computing Jacobian on device
[07-01 19:32:45][DEBUG] jax_fem: Function split_and_compute_cell took 0.0265 seconds
[07-01 19:32:45][DEBUG] jax_fem: CuDSSNewtonSolver: iter=1  res=7.729e-06  rel=3.456e-14
[07-01 19:32:45][INFO] jax_fem: CuDSSNewtonSolver: solve finished in 0.09s  res=7.729e-06
[07-01 19:32:46][DEBUG] jax_fem: CuDSSNewtonSolver: starting Newton loop
[07-01 19:32:46][DEBUG] jax_fem: DeviceProblem: computing Jacobian on device
[07-01 19:32:46][DEBUG] jax_fem: Function split_and_compute_cell took 0.0281 seconds
[07-01 19:32:46][DEBUG] jax_fem: CuDSSNewtonSolver: initial residual = 2.223e+08
[07-01 19:32:46][DEBUG] jax_fem: DeviceProblem: computing Jacobian on device
[07-01 19:32:46][DEBUG] jax_fem: Function split_and_compute_cell took 0.0287 seconds
[07-01 19:32:46][DEBUG] jax_fem: CuDSSNewtonSolver: iter=1  res=6.936e-06  rel=3.119e-14
[07-01 19:32:46][INFO] jax_fem: CuDSSNewtonSolver: solve finished in 0.09s  res=6.936e-06
[07-01 19:32:46][INFO] jax_fem: CuDSS backward: solving adjoint problem …
[07-01 19:32:46][DEBUG] jax_fem: DeviceProblem: computing Jacobian on device
[07-01 19:32:46][DEBUG] jax_fem: Function split_and_compute_cell took 0.0276 seconds
[07-01 19:32:46][DEBUG] jax_fem: Computing cell residual...
[07-01 19:32:46][DEBUG] jax_fem: Function split_and_compute_cell took 0.0609 seconds
[07-01 19:32:46][INFO] jax_fem: CuDSS backward: solving adjoint problem …
[07-01 19:32:46][DEBUG] jax_fem: DeviceProblem: computing Jacobian on device
[07-01 19:32:46][DEBUG] jax_fem: Function split_and_compute_cell took 0.0320 seconds
[07-01 19:32:46][DEBUG] jax_fem: Computing cell residual...
[07-01 19:32:47][DEBUG] jax_fem: Function split_and_compute_cell took 0.0630 seconds
[07-01 19:32:47][INFO] jax_fem: CuDSS backward: solving adjoint problem …
[07-01 19:32:47][DEBUG] jax_fem: DeviceProblem: computing Jacobian on device
[07-01 19:32:47][DEBUG] jax_fem: Function split_and_compute_cell took 0.0583 seconds
[07-01 19:32:47][DEBUG] jax_fem: Computing cell residual...
[07-01 19:32:47][DEBUG] jax_fem: Function split_and_compute_cell took 0.0586 seconds
[07-01 19:32:47][INFO] jax_fem: CuDSS backward: solving adjoint problem …
[07-01 19:32:47][DEBUG] jax_fem: DeviceProblem: computing Jacobian on device
[07-01 19:32:47][DEBUG] jax_fem: Function split_and_compute_cell took 0.0481 seconds
[07-01 19:32:47][DEBUG] jax_fem: Computing cell residual...
[07-01 19:32:47][DEBUG] jax_fem: Function split_and_compute_cell took 0.0697 seconds
[07-01 19:32:48][INFO] jax_fem: CuDSS backward: solving adjoint problem …
[07-01 19:32:48][DEBUG] jax_fem: DeviceProblem: computing Jacobian on device
[07-01 19:32:48][DEBUG] jax_fem: Function split_and_compute_cell took 0.0278 seconds
[07-01 19:32:48][DEBUG] jax_fem: Computing cell residual...
[07-01 19:32:48][DEBUG] jax_fem: Function split_and_compute_cell took 0.0576 seconds
[07-01 19:32:49][DEBUG] jax_fem: CuDSSNewtonSolver: starting Newton loop
[07-01 19:32:49][DEBUG] jax_fem: DeviceProblem: computing Jacobian on device
[07-01 19:32:49][DEBUG] jax_fem: Function split_and_compute_cell took 0.0321 seconds
[07-01 19:32:49][DEBUG] jax_fem: CuDSSNewtonSolver: initial residual = 2.235e+08
[07-01 19:32:49][DEBUG] jax_fem: DeviceProblem: computing Jacobian on device
[07-01 19:32:49][DEBUG] jax_fem: Function split_and_compute_cell took 0.0477 seconds
[07-01 19:32:49][DEBUG] jax_fem: CuDSSNewtonSolver: iter=1  res=7.798e-06  rel=3.489e-14
[07-01 19:32:49][INFO] jax_fem: CuDSSNewtonSolver: solve finished in 0.12s  res=7.798e-06
[07-01 19:32:50][DEBUG] jax_fem: CuDSSNewtonSolver: starting Newton loop
[07-01 19:32:50][DEBUG] jax_fem: DeviceProblem: computing Jacobian on device
[07-01 19:32:50][DEBUG] jax_fem: Function split_and_compute_cell took 0.0457 seconds
[07-01 19:32:50][DEBUG] jax_fem: CuDSSNewtonSolver: initial residual = 2.217e+08
[07-01 19:32:50][DEBUG] jax_fem: DeviceProblem: computing Jacobian on device
[07-01 19:32:50][DEBUG] jax_fem: Function split_and_compute_cell took 0.0404 seconds
[07-01 19:32:50][DEBUG] jax_fem: CuDSSNewtonSolver: iter=1  res=7.002e-06  rel=3.159e-14
[07-01 19:32:50][INFO] jax_fem: CuDSSNewtonSolver: solve finished in 0.13s  res=7.002e-06
[07-01 19:32:50][DEBUG] jax_fem: CuDSSNewtonSolver: starting Newton loop
[07-01 19:32:50][DEBUG] jax_fem: DeviceProblem: computing Jacobian on device
[07-01 19:32:50][DEBUG] jax_fem: Function split_and_compute_cell took 0.0534 seconds
[07-01 19:32:50][DEBUG] jax_fem: CuDSSNewtonSolver: initial residual = 2.211e+08
[07-01 19:32:50][DEBUG] jax_fem: DeviceProblem: computing Jacobian on device
[07-01 19:32:50][DEBUG] jax_fem: Function split_and_compute_cell took 0.0302 seconds
[07-01 19:32:50][DEBUG] jax_fem: CuDSSNewtonSolver: iter=1  res=6.739e-06  rel=3.048e-14
[07-01 19:32:50][INFO] jax_fem: CuDSSNewtonSolver: solve finished in 0.13s  res=6.739e-06
[07-01 19:32:51][DEBUG] jax_fem: CuDSSNewtonSolver: starting Newton loop
[07-01 19:32:51][DEBUG] jax_fem: DeviceProblem: computing Jacobian on device
[07-01 19:32:51][DEBUG] jax_fem: Function split_and_compute_cell took 0.0523 seconds
[07-01 19:32:51][DEBUG] jax_fem: CuDSSNewtonSolver: initial residual = 2.237e+08
[07-01 19:32:51][DEBUG] jax_fem: DeviceProblem: computing Jacobian on device
[07-01 19:32:51][DEBUG] jax_fem: Function split_and_compute_cell took 0.0516 seconds
[07-01 19:32:51][DEBUG] jax_fem: CuDSSNewtonSolver: iter=1  res=7.639e-06  rel=3.415e-14
[07-01 19:32:51][INFO] jax_fem: CuDSSNewtonSolver: solve finished in 0.14s  res=7.639e-06
[07-01 19:32:51][DEBUG] jax_fem: CuDSSNewtonSolver: starting Newton loop
[07-01 19:32:51][DEBUG] jax_fem: DeviceProblem: computing Jacobian on device
[07-01 19:32:51][DEBUG] jax_fem: Function split_and_compute_cell took 0.0599 seconds
[07-01 19:32:51][DEBUG] jax_fem: CuDSSNewtonSolver: initial residual = 2.223e+08
[07-01 19:32:51][DEBUG] jax_fem: DeviceProblem: computing Jacobian on device
[07-01 19:32:51][DEBUG] jax_fem: Function split_and_compute_cell took 0.0495 seconds
[07-01 19:32:51][DEBUG] jax_fem: CuDSSNewtonSolver: iter=1  res=7.048e-06  rel=3.170e-14
[07-01 19:32:51][INFO] jax_fem: CuDSSNewtonSolver: solve finished in 0.15s  res=7.048e-06
[07-01 19:32:53][DEBUG] jax_fem: CuDSSNewtonSolver: starting Newton loop
[07-01 19:32:53][DEBUG] jax_fem: DeviceProblem: computing Jacobian on device
[07-01 19:32:53][DEBUG] jax_fem: Function split_and_compute_cell took 0.0282 seconds
[07-01 19:32:53][DEBUG] jax_fem: CuDSSNewtonSolver: initial residual = 2.235e+08
[07-01 19:32:53][DEBUG] jax_fem: DeviceProblem: computing Jacobian on device
[07-01 19:32:53][DEBUG] jax_fem: Function split_and_compute_cell took 0.0298 seconds
[07-01 19:32:53][DEBUG] jax_fem: CuDSSNewtonSolver: iter=1  res=7.780e-06  rel=3.481e-14
[07-01 19:32:53][INFO] jax_fem: CuDSSNewtonSolver: solve finished in 0.09s  res=7.780e-06
[07-01 19:32:54][DEBUG] jax_fem: CuDSSNewtonSolver: starting Newton loop
[07-01 19:32:54][DEBUG] jax_fem: DeviceProblem: computing Jacobian on device
[07-01 19:32:54][DEBUG] jax_fem: Function split_and_compute_cell took 0.0294 seconds
[07-01 19:32:54][DEBUG] jax_fem: CuDSSNewtonSolver: initial residual = 2.217e+08
[07-01 19:32:54][DEBUG] jax_fem: DeviceProblem: computing Jacobian on device
[07-01 19:32:54][DEBUG] jax_fem: Function split_and_compute_cell took 0.0268 seconds
[07-01 19:32:54][DEBUG] jax_fem: CuDSSNewtonSolver: iter=1  res=7.283e-06  rel=3.286e-14
[07-01 19:32:54][INFO] jax_fem: CuDSSNewtonSolver: solve finished in 0.09s  res=7.283e-06
[07-01 19:32:54][DEBUG] jax_fem: CuDSSNewtonSolver: starting Newton loop
[07-01 19:32:54][DEBUG] jax_fem: DeviceProblem: computing Jacobian on device
[07-01 19:32:54][DEBUG] jax_fem: Function split_and_compute_cell took 0.0290 seconds
[07-01 19:32:54][DEBUG] jax_fem: CuDSSNewtonSolver: initial residual = 2.211e+08
[07-01 19:32:54][DEBUG] jax_fem: DeviceProblem: computing Jacobian on device
[07-01 19:32:54][DEBUG] jax_fem: Function split_and_compute_cell took 0.0292 seconds
[07-01 19:32:54][DEBUG] jax_fem: CuDSSNewtonSolver: iter=1  res=6.543e-06  rel=2.959e-14
[07-01 19:32:54][INFO] jax_fem: CuDSSNewtonSolver: solve finished in 0.09s  res=6.543e-06
[07-01 19:32:55][DEBUG] jax_fem: CuDSSNewtonSolver: starting Newton loop
[07-01 19:32:55][DEBUG] jax_fem: DeviceProblem: computing Jacobian on device
[07-01 19:32:55][DEBUG] jax_fem: Function split_and_compute_cell took 0.0295 seconds
[07-01 19:32:55][DEBUG] jax_fem: CuDSSNewtonSolver: initial residual = 2.237e+08
[07-01 19:32:55][DEBUG] jax_fem: DeviceProblem: computing Jacobian on device
[07-01 19:32:55][DEBUG] jax_fem: Function split_and_compute_cell took 0.0298 seconds
[07-01 19:32:55][DEBUG] jax_fem: CuDSSNewtonSolver: iter=1  res=7.787e-06  rel=3.481e-14
[07-01 19:32:55][INFO] jax_fem: CuDSSNewtonSolver: solve finished in 0.09s  res=7.787e-06
[07-01 19:32:55][DEBUG] jax_fem: CuDSSNewtonSolver: starting Newton loop
[07-01 19:32:55][DEBUG] jax_fem: DeviceProblem: computing Jacobian on device
[07-01 19:32:55][DEBUG] jax_fem: Function split_and_compute_cell took 0.0289 seconds
[07-01 19:32:55][DEBUG] jax_fem: CuDSSNewtonSolver: initial residual = 2.223e+08
[07-01 19:32:55][DEBUG] jax_fem: DeviceProblem: computing Jacobian on device
[07-01 19:32:55][DEBUG] jax_fem: Function split_and_compute_cell took 0.0270 seconds
[07-01 19:32:55][DEBUG] jax_fem: CuDSSNewtonSolver: iter=1  res=7.054e-06  rel=3.173e-14
[07-01 19:32:55][INFO] jax_fem: CuDSSNewtonSolver: solve finished in 0.09s  res=7.054e-06
[07-01 19:32:56][INFO] jax_fem: CuDSS backward: solving adjoint problem …
[07-01 19:32:56][DEBUG] jax_fem: DeviceProblem: computing Jacobian on device
[07-01 19:32:56][DEBUG] jax_fem: Function split_and_compute_cell took 0.0423 seconds
[07-01 19:32:56][DEBUG] jax_fem: Computing cell residual...
[07-01 19:32:56][DEBUG] jax_fem: Function split_and_compute_cell took 0.0605 seconds
[07-01 19:32:56][INFO] jax_fem: CuDSS backward: solving adjoint problem …
[07-01 19:32:56][DEBUG] jax_fem: DeviceProblem: computing Jacobian on device
[07-01 19:32:56][DEBUG] jax_fem: Function split_and_compute_cell took 0.0389 seconds
[07-01 19:32:56][DEBUG] jax_fem: Computing cell residual...
[07-01 19:32:56][DEBUG] jax_fem: Function split_and_compute_cell took 0.0688 seconds
[07-01 19:32:56][INFO] jax_fem: CuDSS backward: solving adjoint problem …
[07-01 19:32:56][DEBUG] jax_fem: DeviceProblem: computing Jacobian on device
[07-01 19:32:56][DEBUG] jax_fem: Function split_and_compute_cell took 0.0305 seconds
[07-01 19:32:56][DEBUG] jax_fem: Computing cell residual...
[07-01 19:32:56][DEBUG] jax_fem: Function split_and_compute_cell took 0.0660 seconds
[07-01 19:32:57][INFO] jax_fem: CuDSS backward: solving adjoint problem …
[07-01 19:32:57][DEBUG] jax_fem: DeviceProblem: computing Jacobian on device
[07-01 19:32:57][DEBUG] jax_fem: Function split_and_compute_cell took 0.0453 seconds
[07-01 19:32:57][DEBUG] jax_fem: Computing cell residual...
[07-01 19:32:57][DEBUG] jax_fem: Function split_and_compute_cell took 0.0708 seconds
[07-01 19:32:57][INFO] jax_fem: CuDSS backward: solving adjoint problem …
[07-01 19:32:57][DEBUG] jax_fem: DeviceProblem: computing Jacobian on device
[07-01 19:32:57][DEBUG] jax_fem: Function split_and_compute_cell took 0.0477 seconds
[07-01 19:32:57][DEBUG] jax_fem: Computing cell residual...
[07-01 19:32:57][DEBUG] jax_fem: Function split_and_compute_cell took 0.0743 seconds
[07-01 19:32:59][DEBUG] jax_fem: CuDSSNewtonSolver: starting Newton loop
[07-01 19:32:59][DEBUG] jax_fem: DeviceProblem: computing Jacobian on device
[07-01 19:32:59][DEBUG] jax_fem: Function split_and_compute_cell took 0.0460 seconds
[07-01 19:32:59][DEBUG] jax_fem: CuDSSNewtonSolver: initial residual = 2.235e+08
[07-01 19:32:59][DEBUG] jax_fem: DeviceProblem: computing Jacobian on device
[07-01 19:32:59][DEBUG] jax_fem: Function split_and_compute_cell took 0.0268 seconds
[07-01 19:32:59][DEBUG] jax_fem: CuDSSNewtonSolver: iter=1  res=6.891e-06  rel=3.083e-14
[07-01 19:32:59][INFO] jax_fem: CuDSSNewtonSolver: solve finished in 0.11s  res=6.891e-06
[07-01 19:32:59][DEBUG] jax_fem: CuDSSNewtonSolver: starting Newton loop
[07-01 19:32:59][DEBUG] jax_fem: DeviceProblem: computing Jacobian on device
[07-01 19:32:59][DEBUG] jax_fem: Function split_and_compute_cell took 0.0415 seconds
[07-01 19:32:59][DEBUG] jax_fem: CuDSSNewtonSolver: initial residual = 2.217e+08
[07-01 19:32:59][DEBUG] jax_fem: DeviceProblem: computing Jacobian on device
[07-01 19:32:59][DEBUG] jax_fem: Function split_and_compute_cell took 0.0522 seconds
[07-01 19:32:59][DEBUG] jax_fem: CuDSSNewtonSolver: iter=1  res=7.697e-06  rel=3.473e-14
[07-01 19:32:59][INFO] jax_fem: CuDSSNewtonSolver: solve finished in 0.14s  res=7.697e-06
[07-01 19:33:00][DEBUG] jax_fem: CuDSSNewtonSolver: starting Newton loop
[07-01 19:33:00][DEBUG] jax_fem: DeviceProblem: computing Jacobian on device
[07-01 19:33:00][DEBUG] jax_fem: Function split_and_compute_cell took 0.0301 seconds
[07-01 19:33:00][DEBUG] jax_fem: CuDSSNewtonSolver: initial residual = 2.211e+08
[07-01 19:33:00][DEBUG] jax_fem: DeviceProblem: computing Jacobian on device
[07-01 19:33:00][DEBUG] jax_fem: Function split_and_compute_cell took 0.0365 seconds
[07-01 19:33:00][DEBUG] jax_fem: CuDSSNewtonSolver: iter=1  res=6.868e-06  rel=3.106e-14
[07-01 19:33:00][INFO] jax_fem: CuDSSNewtonSolver: solve finished in 0.10s  res=6.868e-06
[07-01 19:33:00][DEBUG] jax_fem: CuDSSNewtonSolver: starting Newton loop
[07-01 19:33:00][DEBUG] jax_fem: DeviceProblem: computing Jacobian on device
[07-01 19:33:00][DEBUG] jax_fem: Function split_and_compute_cell took 0.0361 seconds
[07-01 19:33:00][DEBUG] jax_fem: CuDSSNewtonSolver: initial residual = 2.237e+08
[07-01 19:33:00][DEBUG] jax_fem: DeviceProblem: computing Jacobian on device
[07-01 19:33:00][DEBUG] jax_fem: Function split_and_compute_cell took 0.0302 seconds
[07-01 19:33:00][DEBUG] jax_fem: CuDSSNewtonSolver: iter=1  res=7.619e-06  rel=3.406e-14
[07-01 19:33:00][INFO] jax_fem: CuDSSNewtonSolver: solve finished in 0.11s  res=7.619e-06
[07-01 19:33:00][DEBUG] jax_fem: CuDSSNewtonSolver: starting Newton loop
[07-01 19:33:00][DEBUG] jax_fem: DeviceProblem: computing Jacobian on device
[07-01 19:33:00][DEBUG] jax_fem: Function split_and_compute_cell took 0.0307 seconds
[07-01 19:33:00][DEBUG] jax_fem: CuDSSNewtonSolver: initial residual = 2.223e+08
[07-01 19:33:00][DEBUG] jax_fem: DeviceProblem: computing Jacobian on device
[07-01 19:33:00][DEBUG] jax_fem: Function split_and_compute_cell took 0.0301 seconds
[07-01 19:33:00][DEBUG] jax_fem: CuDSSNewtonSolver: iter=1  res=8.471e-06  rel=3.810e-14
[07-01 19:33:00][INFO] jax_fem: CuDSSNewtonSolver: solve finished in 0.10s  res=8.471e-06
[07-01 19:33:02][DEBUG] jax_fem: CuDSSNewtonSolver: starting Newton loop
[07-01 19:33:02][DEBUG] jax_fem: DeviceProblem: computing Jacobian on device
[07-01 19:33:02][DEBUG] jax_fem: Function split_and_compute_cell took 0.0275 seconds
[07-01 19:33:02][DEBUG] jax_fem: CuDSSNewtonSolver: initial residual = 2.235e+08
[07-01 19:33:02][DEBUG] jax_fem: DeviceProblem: computing Jacobian on device
[07-01 19:33:02][DEBUG] jax_fem: Function split_and_compute_cell took 0.0289 seconds
[07-01 19:33:02][DEBUG] jax_fem: CuDSSNewtonSolver: iter=1  res=7.393e-06  rel=3.308e-14
[07-01 19:33:02][INFO] jax_fem: CuDSSNewtonSolver: solve finished in 0.09s  res=7.393e-06
[07-01 19:33:03][DEBUG] jax_fem: CuDSSNewtonSolver: starting Newton loop
[07-01 19:33:03][DEBUG] jax_fem: DeviceProblem: computing Jacobian on device
[07-01 19:33:03][DEBUG] jax_fem: Function split_and_compute_cell took 0.0275 seconds
[07-01 19:33:03][DEBUG] jax_fem: CuDSSNewtonSolver: initial residual = 2.217e+08
[07-01 19:33:03][DEBUG] jax_fem: DeviceProblem: computing Jacobian on device
[07-01 19:33:03][DEBUG] jax_fem: Function split_and_compute_cell took 0.0271 seconds
[07-01 19:33:03][DEBUG] jax_fem: CuDSSNewtonSolver: iter=1  res=7.623e-06  rel=3.439e-14
[07-01 19:33:03][INFO] jax_fem: CuDSSNewtonSolver: solve finished in 0.09s  res=7.623e-06
[07-01 19:33:03][DEBUG] jax_fem: CuDSSNewtonSolver: starting Newton loop
[07-01 19:33:03][DEBUG] jax_fem: DeviceProblem: computing Jacobian on device
[07-01 19:33:03][DEBUG] jax_fem: Function split_and_compute_cell took 0.0292 seconds
[07-01 19:33:03][DEBUG] jax_fem: CuDSSNewtonSolver: initial residual = 2.211e+08
[07-01 19:33:03][DEBUG] jax_fem: DeviceProblem: computing Jacobian on device
[07-01 19:33:03][DEBUG] jax_fem: Function split_and_compute_cell took 0.0283 seconds
[07-01 19:33:03][DEBUG] jax_fem: CuDSSNewtonSolver: iter=1  res=7.444e-06  rel=3.367e-14
[07-01 19:33:03][INFO] jax_fem: CuDSSNewtonSolver: solve finished in 0.09s  res=7.444e-06
[07-01 19:33:04][DEBUG] jax_fem: CuDSSNewtonSolver: starting Newton loop
[07-01 19:33:04][DEBUG] jax_fem: DeviceProblem: computing Jacobian on device
[07-01 19:33:04][DEBUG] jax_fem: Function split_and_compute_cell took 0.0281 seconds
[07-01 19:33:04][DEBUG] jax_fem: CuDSSNewtonSolver: initial residual = 2.237e+08
[07-01 19:33:04][DEBUG] jax_fem: DeviceProblem: computing Jacobian on device
[07-01 19:33:04][DEBUG] jax_fem: Function split_and_compute_cell took 0.0292 seconds
[07-01 19:33:04][DEBUG] jax_fem: CuDSSNewtonSolver: iter=1  res=7.782e-06  rel=3.479e-14
[07-01 19:33:04][INFO] jax_fem: CuDSSNewtonSolver: solve finished in 0.09s  res=7.782e-06
[07-01 19:33:04][DEBUG] jax_fem: CuDSSNewtonSolver: starting Newton loop
[07-01 19:33:04][DEBUG] jax_fem: DeviceProblem: computing Jacobian on device
[07-01 19:33:04][DEBUG] jax_fem: Function split_and_compute_cell took 0.0278 seconds
[07-01 19:33:04][DEBUG] jax_fem: CuDSSNewtonSolver: initial residual = 2.223e+08
[07-01 19:33:04][DEBUG] jax_fem: DeviceProblem: computing Jacobian on device
[07-01 19:33:04][DEBUG] jax_fem: Function split_and_compute_cell took 0.0278 seconds
[07-01 19:33:04][DEBUG] jax_fem: CuDSSNewtonSolver: iter=1  res=7.937e-06  rel=3.570e-14
[07-01 19:33:04][INFO] jax_fem: CuDSSNewtonSolver: solve finished in 0.09s  res=7.937e-06
[07-01 19:33:05][INFO] jax_fem: CuDSS backward: solving adjoint problem …
[07-01 19:33:05][DEBUG] jax_fem: DeviceProblem: computing Jacobian on device
[07-01 19:33:05][DEBUG] jax_fem: Function split_and_compute_cell took 0.0313 seconds
[07-01 19:33:05][DEBUG] jax_fem: Computing cell residual...
[07-01 19:33:05][DEBUG] jax_fem: Function split_and_compute_cell took 0.0698 seconds
[07-01 19:33:05][INFO] jax_fem: CuDSS backward: solving adjoint problem …
[07-01 19:33:05][DEBUG] jax_fem: DeviceProblem: computing Jacobian on device
[07-01 19:33:05][DEBUG] jax_fem: Function split_and_compute_cell took 0.0298 seconds
[07-01 19:33:05][DEBUG] jax_fem: Computing cell residual...
[07-01 19:33:05][DEBUG] jax_fem: Function split_and_compute_cell took 0.0712 seconds
[07-01 19:33:05][INFO] jax_fem: CuDSS backward: solving adjoint problem …
[07-01 19:33:05][DEBUG] jax_fem: DeviceProblem: computing Jacobian on device
[07-01 19:33:05][DEBUG] jax_fem: Function split_and_compute_cell took 0.0326 seconds
[07-01 19:33:06][DEBUG] jax_fem: Computing cell residual...
[07-01 19:33:06][DEBUG] jax_fem: Function split_and_compute_cell took 0.0659 seconds
[07-01 19:33:06][INFO] jax_fem: CuDSS backward: solving adjoint problem …
[07-01 19:33:06][DEBUG] jax_fem: DeviceProblem: computing Jacobian on device
[07-01 19:33:06][DEBUG] jax_fem: Function split_and_compute_cell took 0.0311 seconds
[07-01 19:33:06][DEBUG] jax_fem: Computing cell residual...
[07-01 19:33:06][DEBUG] jax_fem: Function split_and_compute_cell took 0.0777 seconds
[07-01 19:33:06][INFO] jax_fem: CuDSS backward: solving adjoint problem …
[07-01 19:33:06][DEBUG] jax_fem: DeviceProblem: computing Jacobian on device
[07-01 19:33:06][DEBUG] jax_fem: Function split_and_compute_cell took 0.0500 seconds
[07-01 19:33:06][DEBUG] jax_fem: Computing cell residual...
[07-01 19:33:06][DEBUG] jax_fem: Function split_and_compute_cell took 0.0697 seconds
[07-01 19:33:08][DEBUG] jax_fem: CuDSSNewtonSolver: starting Newton loop
[07-01 19:33:08][DEBUG] jax_fem: DeviceProblem: computing Jacobian on device
[07-01 19:33:08][DEBUG] jax_fem: Function split_and_compute_cell took 0.0462 seconds
[07-01 19:33:08][DEBUG] jax_fem: CuDSSNewtonSolver: initial residual = 2.235e+08
[07-01 19:33:08][DEBUG] jax_fem: DeviceProblem: computing Jacobian on device
[07-01 19:33:08][DEBUG] jax_fem: Function split_and_compute_cell took 0.0364 seconds
[07-01 19:33:08][DEBUG] jax_fem: CuDSSNewtonSolver: iter=1  res=9.405e-06  rel=4.208e-14
[07-01 19:33:08][INFO] jax_fem: CuDSSNewtonSolver: solve finished in 0.13s  res=9.405e-06
[07-01 19:33:08][DEBUG] jax_fem: CuDSSNewtonSolver: starting Newton loop
[07-01 19:33:08][DEBUG] jax_fem: DeviceProblem: computing Jacobian on device
[07-01 19:33:08][DEBUG] jax_fem: Function split_and_compute_cell took 0.0498 seconds
[07-01 19:33:08][DEBUG] jax_fem: CuDSSNewtonSolver: initial residual = 2.217e+08
[07-01 19:33:08][DEBUG] jax_fem: DeviceProblem: computing Jacobian on device
[07-01 19:33:08][DEBUG] jax_fem: Function split_and_compute_cell took 0.0428 seconds
[07-01 19:33:08][DEBUG] jax_fem: CuDSSNewtonSolver: iter=1  res=1.181e-05  rel=5.327e-14
[07-01 19:33:08][INFO] jax_fem: CuDSSNewtonSolver: solve finished in 0.14s  res=1.181e-05
[07-01 19:33:09][DEBUG] jax_fem: CuDSSNewtonSolver: starting Newton loop
[07-01 19:33:09][DEBUG] jax_fem: DeviceProblem: computing Jacobian on device
[07-01 19:33:09][DEBUG] jax_fem: Function split_and_compute_cell took 0.0347 seconds
[07-01 19:33:09][DEBUG] jax_fem: CuDSSNewtonSolver: initial residual = 2.211e+08
[07-01 19:33:09][DEBUG] jax_fem: DeviceProblem: computing Jacobian on device
[07-01 19:33:09][DEBUG] jax_fem: Function split_and_compute_cell took 0.0344 seconds
[07-01 19:33:09][DEBUG] jax_fem: CuDSSNewtonSolver: iter=1  res=8.723e-06  rel=3.946e-14
[07-01 19:33:09][INFO] jax_fem: CuDSSNewtonSolver: solve finished in 0.11s  res=8.723e-06
[07-01 19:33:09][DEBUG] jax_fem: CuDSSNewtonSolver: starting Newton loop
[07-01 19:33:09][DEBUG] jax_fem: DeviceProblem: computing Jacobian on device
[07-01 19:33:09][DEBUG] jax_fem: Function split_and_compute_cell took 0.0416 seconds
[07-01 19:33:09][DEBUG] jax_fem: CuDSSNewtonSolver: initial residual = 2.237e+08
[07-01 19:33:09][DEBUG] jax_fem: DeviceProblem: computing Jacobian on device
[07-01 19:33:09][DEBUG] jax_fem: Function split_and_compute_cell took 0.0349 seconds
[07-01 19:33:09][DEBUG] jax_fem: CuDSSNewtonSolver: iter=1  res=8.064e-06  rel=3.605e-14
[07-01 19:33:09][INFO] jax_fem: CuDSSNewtonSolver: solve finished in 0.12s  res=8.064e-06
[07-01 19:33:09][DEBUG] jax_fem: CuDSSNewtonSolver: starting Newton loop
[07-01 19:33:09][DEBUG] jax_fem: DeviceProblem: computing Jacobian on device
[07-01 19:33:09][DEBUG] jax_fem: Function split_and_compute_cell took 0.0382 seconds
[07-01 19:33:09][DEBUG] jax_fem: CuDSSNewtonSolver: initial residual = 2.223e+08
[07-01 19:33:09][DEBUG] jax_fem: DeviceProblem: computing Jacobian on device
[07-01 19:33:09][DEBUG] jax_fem: Function split_and_compute_cell took 0.0466 seconds
[07-01 19:33:09][DEBUG] jax_fem: CuDSSNewtonSolver: iter=1  res=1.251e-05  rel=5.626e-14
[07-01 19:33:09][INFO] jax_fem: CuDSSNewtonSolver: solve finished in 0.13s  res=1.251e-05
[07-01 19:33:11][DEBUG] jax_fem: CuDSSNewtonSolver: starting Newton loop
[07-01 19:33:11][DEBUG] jax_fem: DeviceProblem: computing Jacobian on device
[07-01 19:33:11][DEBUG] jax_fem: Function split_and_compute_cell took 0.0283 seconds
[07-01 19:33:11][DEBUG] jax_fem: CuDSSNewtonSolver: initial residual = 2.235e+08
[07-01 19:33:11][DEBUG] jax_fem: DeviceProblem: computing Jacobian on device
[07-01 19:33:11][DEBUG] jax_fem: Function split_and_compute_cell took 0.0281 seconds
[07-01 19:33:11][DEBUG] jax_fem: CuDSSNewtonSolver: iter=1  res=9.129e-06  rel=4.084e-14
[07-01 19:33:11][INFO] jax_fem: CuDSSNewtonSolver: solve finished in 0.09s  res=9.129e-06
[07-01 19:33:12][DEBUG] jax_fem: CuDSSNewtonSolver: starting Newton loop
[07-01 19:33:12][DEBUG] jax_fem: DeviceProblem: computing Jacobian on device
[07-01 19:33:12][DEBUG] jax_fem: Function split_and_compute_cell took 0.0278 seconds
[07-01 19:33:12][DEBUG] jax_fem: CuDSSNewtonSolver: initial residual = 2.217e+08
[07-01 19:33:12][DEBUG] jax_fem: DeviceProblem: computing Jacobian on device
[07-01 19:33:12][DEBUG] jax_fem: Function split_and_compute_cell took 0.0264 seconds
[07-01 19:33:12][DEBUG] jax_fem: CuDSSNewtonSolver: iter=1  res=1.115e-05  rel=5.028e-14
[07-01 19:33:12][INFO] jax_fem: CuDSSNewtonSolver: solve finished in 0.09s  res=1.115e-05
[07-01 19:33:12][DEBUG] jax_fem: CuDSSNewtonSolver: starting Newton loop
[07-01 19:33:12][DEBUG] jax_fem: DeviceProblem: computing Jacobian on device
[07-01 19:33:12][DEBUG] jax_fem: Function split_and_compute_cell took 0.0284 seconds
[07-01 19:33:12][DEBUG] jax_fem: CuDSSNewtonSolver: initial residual = 2.211e+08
[07-01 19:33:12][DEBUG] jax_fem: DeviceProblem: computing Jacobian on device
[07-01 19:33:12][DEBUG] jax_fem: Function split_and_compute_cell took 0.0270 seconds
[07-01 19:33:12][DEBUG] jax_fem: CuDSSNewtonSolver: iter=1  res=8.374e-06  rel=3.788e-14
[07-01 19:33:12][INFO] jax_fem: CuDSSNewtonSolver: solve finished in 0.09s  res=8.374e-06
[07-01 19:33:13][DEBUG] jax_fem: CuDSSNewtonSolver: starting Newton loop
[07-01 19:33:13][DEBUG] jax_fem: DeviceProblem: computing Jacobian on device
[07-01 19:33:13][DEBUG] jax_fem: Function split_and_compute_cell took 0.0273 seconds
[07-01 19:33:13][DEBUG] jax_fem: CuDSSNewtonSolver: initial residual = 2.237e+08
[07-01 19:33:13][DEBUG] jax_fem: DeviceProblem: computing Jacobian on device
[07-01 19:33:13][DEBUG] jax_fem: Function split_and_compute_cell took 0.0285 seconds
[07-01 19:33:13][DEBUG] jax_fem: CuDSSNewtonSolver: iter=1  res=8.517e-06  rel=3.808e-14
[07-01 19:33:13][INFO] jax_fem: CuDSSNewtonSolver: solve finished in 0.09s  res=8.517e-06
[07-01 19:33:14][DEBUG] jax_fem: CuDSSNewtonSolver: starting Newton loop
[07-01 19:33:14][DEBUG] jax_fem: DeviceProblem: computing Jacobian on device
[07-01 19:33:14][DEBUG] jax_fem: Function split_and_compute_cell took 0.0290 seconds
[07-01 19:33:14][DEBUG] jax_fem: CuDSSNewtonSolver: initial residual = 2.223e+08
[07-01 19:33:14][DEBUG] jax_fem: DeviceProblem: computing Jacobian on device
[07-01 19:33:14][DEBUG] jax_fem: Function split_and_compute_cell took 0.0287 seconds
[07-01 19:33:14][DEBUG] jax_fem: CuDSSNewtonSolver: iter=1  res=1.252e-05  rel=5.631e-14
[07-01 19:33:14][INFO] jax_fem: CuDSSNewtonSolver: solve finished in 0.09s  res=1.252e-05
[07-01 19:33:14][INFO] jax_fem: CuDSS backward: solving adjoint problem …
[07-01 19:33:14][DEBUG] jax_fem: DeviceProblem: computing Jacobian on device
[07-01 19:33:14][DEBUG] jax_fem: Function split_and_compute_cell took 0.0421 seconds
[07-01 19:33:14][DEBUG] jax_fem: Computing cell residual...
[07-01 19:33:14][DEBUG] jax_fem: Function split_and_compute_cell took 0.0631 seconds
[07-01 19:33:14][INFO] jax_fem: CuDSS backward: solving adjoint problem …
[07-01 19:33:14][DEBUG] jax_fem: DeviceProblem: computing Jacobian on device
[07-01 19:33:14][DEBUG] jax_fem: Function split_and_compute_cell took 0.0359 seconds
[07-01 19:33:14][DEBUG] jax_fem: Computing cell residual...
[07-01 19:33:14][DEBUG] jax_fem: Function split_and_compute_cell took 0.0719 seconds
[07-01 19:33:15][INFO] jax_fem: CuDSS backward: solving adjoint problem …
[07-01 19:33:15][DEBUG] jax_fem: DeviceProblem: computing Jacobian on device
[07-01 19:33:15][DEBUG] jax_fem: Function split_and_compute_cell took 0.0339 seconds
[07-01 19:33:15][DEBUG] jax_fem: Computing cell residual...
[07-01 19:33:15][DEBUG] jax_fem: Function split_and_compute_cell took 0.0649 seconds
[07-01 19:33:15][INFO] jax_fem: CuDSS backward: solving adjoint problem …
[07-01 19:33:15][DEBUG] jax_fem: DeviceProblem: computing Jacobian on device
[07-01 19:33:15][DEBUG] jax_fem: Function split_and_compute_cell took 0.0392 seconds
[07-01 19:33:15][DEBUG] jax_fem: Computing cell residual...
[07-01 19:33:15][DEBUG] jax_fem: Function split_and_compute_cell took 0.0723 seconds
[07-01 19:33:15][INFO] jax_fem: CuDSS backward: solving adjoint problem …
[07-01 19:33:15][DEBUG] jax_fem: DeviceProblem: computing Jacobian on device
[07-01 19:33:15][DEBUG] jax_fem: Function split_and_compute_cell took 0.0419 seconds
[07-01 19:33:15][DEBUG] jax_fem: Computing cell residual...
[07-01 19:33:16][DEBUG] jax_fem: Function split_and_compute_cell took 0.0736 seconds
[07-01 19:33:17][DEBUG] jax_fem: CuDSSNewtonSolver: starting Newton loop
[07-01 19:33:17][DEBUG] jax_fem: DeviceProblem: computing Jacobian on device
[07-01 19:33:17][DEBUG] jax_fem: Function split_and_compute_cell took 0.0413 seconds
[07-01 19:33:17][DEBUG] jax_fem: CuDSSNewtonSolver: initial residual = 2.235e+08
[07-01 19:33:17][DEBUG] jax_fem: DeviceProblem: computing Jacobian on device
[07-01 19:33:17][DEBUG] jax_fem: Function split_and_compute_cell took 0.0427 seconds
[07-01 19:33:17][DEBUG] jax_fem: CuDSSNewtonSolver: iter=1  res=6.526e-06  rel=2.920e-14
[07-01 19:33:17][INFO] jax_fem: CuDSSNewtonSolver: solve finished in 0.13s  res=6.526e-06
[07-01 19:33:17][DEBUG] jax_fem: CuDSSNewtonSolver: starting Newton loop
[07-01 19:33:17][DEBUG] jax_fem: DeviceProblem: computing Jacobian on device
[07-01 19:33:18][DEBUG] jax_fem: Function split_and_compute_cell took 0.0356 seconds
[07-01 19:33:18][DEBUG] jax_fem: CuDSSNewtonSolver: initial residual = 2.217e+08
[07-01 19:33:18][DEBUG] jax_fem: DeviceProblem: computing Jacobian on device
[07-01 19:33:18][DEBUG] jax_fem: Function split_and_compute_cell took 0.0456 seconds
[07-01 19:33:18][DEBUG] jax_fem: CuDSSNewtonSolver: iter=1  res=8.867e-06  rel=4.000e-14
[07-01 19:33:18][INFO] jax_fem: CuDSSNewtonSolver: solve finished in 0.13s  res=8.867e-06
[07-01 19:33:18][DEBUG] jax_fem: CuDSSNewtonSolver: starting Newton loop
[07-01 19:33:18][DEBUG] jax_fem: DeviceProblem: computing Jacobian on device
[07-01 19:33:18][DEBUG] jax_fem: Function split_and_compute_cell took 0.0338 seconds
[07-01 19:33:18][DEBUG] jax_fem: CuDSSNewtonSolver: initial residual = 2.211e+08
[07-01 19:33:18][DEBUG] jax_fem: DeviceProblem: computing Jacobian on device
[07-01 19:33:18][DEBUG] jax_fem: Function split_and_compute_cell took 0.0345 seconds
[07-01 19:33:18][DEBUG] jax_fem: CuDSSNewtonSolver: iter=1  res=8.103e-06  rel=3.665e-14
[07-01 19:33:18][INFO] jax_fem: CuDSSNewtonSolver: solve finished in 0.11s  res=8.103e-06
[07-01 19:33:18][DEBUG] jax_fem: CuDSSNewtonSolver: starting Newton loop
[07-01 19:33:18][DEBUG] jax_fem: DeviceProblem: computing Jacobian on device
[07-01 19:33:18][DEBUG] jax_fem: Function split_and_compute_cell took 0.0396 seconds
[07-01 19:33:18][DEBUG] jax_fem: CuDSSNewtonSolver: initial residual = 2.237e+08
[07-01 19:33:18][DEBUG] jax_fem: DeviceProblem: computing Jacobian on device
[07-01 19:33:18][DEBUG] jax_fem: Function split_and_compute_cell took 0.0334 seconds
[07-01 19:33:18][DEBUG] jax_fem: CuDSSNewtonSolver: iter=1  res=7.732e-06  rel=3.457e-14
[07-01 19:33:18][INFO] jax_fem: CuDSSNewtonSolver: solve finished in 0.12s  res=7.732e-06
[07-01 19:33:19][DEBUG] jax_fem: CuDSSNewtonSolver: starting Newton loop
[07-01 19:33:19][DEBUG] jax_fem: DeviceProblem: computing Jacobian on device
[07-01 19:33:19][DEBUG] jax_fem: Function split_and_compute_cell took 0.0714 seconds
[07-01 19:33:19][DEBUG] jax_fem: CuDSSNewtonSolver: initial residual = 2.223e+08
[07-01 19:33:19][DEBUG] jax_fem: DeviceProblem: computing Jacobian on device
[07-01 19:33:19][DEBUG] jax_fem: Function split_and_compute_cell took 0.0414 seconds
[07-01 19:33:19][DEBUG] jax_fem: CuDSSNewtonSolver: iter=1  res=1.058e-05  rel=4.760e-14
[07-01 19:33:19][INFO] jax_fem: CuDSSNewtonSolver: solve finished in 0.16s  res=1.058e-05
[07-01 19:33:20][DEBUG] jax_fem: CuDSSNewtonSolver: starting Newton loop
[07-01 19:33:20][DEBUG] jax_fem: DeviceProblem: computing Jacobian on device
[07-01 19:33:20][DEBUG] jax_fem: Function split_and_compute_cell took 0.0282 seconds
[07-01 19:33:20][DEBUG] jax_fem: CuDSSNewtonSolver: initial residual = 2.235e+08
[07-01 19:33:21][DEBUG] jax_fem: DeviceProblem: computing Jacobian on device
[07-01 19:33:21][DEBUG] jax_fem: Function split_and_compute_cell took 0.0281 seconds
[07-01 19:33:21][DEBUG] jax_fem: CuDSSNewtonSolver: iter=1  res=6.684e-06  rel=2.991e-14
[07-01 19:33:21][INFO] jax_fem: CuDSSNewtonSolver: solve finished in 0.09s  res=6.684e-06
[07-01 19:33:21][DEBUG] jax_fem: CuDSSNewtonSolver: starting Newton loop
[07-01 19:33:21][DEBUG] jax_fem: DeviceProblem: computing Jacobian on device
[07-01 19:33:21][DEBUG] jax_fem: Function split_and_compute_cell took 0.0270 seconds
[07-01 19:33:21][DEBUG] jax_fem: CuDSSNewtonSolver: initial residual = 2.217e+08
[07-01 19:33:21][DEBUG] jax_fem: DeviceProblem: computing Jacobian on device
[07-01 19:33:21][DEBUG] jax_fem: Function split_and_compute_cell took 0.0281 seconds
[07-01 19:33:21][DEBUG] jax_fem: CuDSSNewtonSolver: iter=1  res=8.513e-06  rel=3.841e-14
[07-01 19:33:21][INFO] jax_fem: CuDSSNewtonSolver: solve finished in 0.09s  res=8.513e-06
[07-01 19:33:22][DEBUG] jax_fem: CuDSSNewtonSolver: starting Newton loop
[07-01 19:33:22][DEBUG] jax_fem: DeviceProblem: computing Jacobian on device
[07-01 19:33:22][DEBUG] jax_fem: Function split_and_compute_cell took 0.0272 seconds
[07-01 19:33:22][DEBUG] jax_fem: CuDSSNewtonSolver: initial residual = 2.211e+08
[07-01 19:33:22][DEBUG] jax_fem: DeviceProblem: computing Jacobian on device
[07-01 19:33:22][DEBUG] jax_fem: Function split_and_compute_cell took 0.0283 seconds
[07-01 19:33:22][DEBUG] jax_fem: CuDSSNewtonSolver: iter=1  res=7.559e-06  rel=3.419e-14
[07-01 19:33:22][INFO] jax_fem: CuDSSNewtonSolver: solve finished in 0.09s  res=7.559e-06
[07-01 19:33:22][DEBUG] jax_fem: CuDSSNewtonSolver: starting Newton loop
[07-01 19:33:22][DEBUG] jax_fem: DeviceProblem: computing Jacobian on device
[07-01 19:33:22][DEBUG] jax_fem: Function split_and_compute_cell took 0.0285 seconds
[07-01 19:33:22][DEBUG] jax_fem: CuDSSNewtonSolver: initial residual = 2.237e+08
[07-01 19:33:22][DEBUG] jax_fem: DeviceProblem: computing Jacobian on device
[07-01 19:33:23][DEBUG] jax_fem: Function split_and_compute_cell took 0.0278 seconds
[07-01 19:33:23][DEBUG] jax_fem: CuDSSNewtonSolver: iter=1  res=7.567e-06  rel=3.383e-14
[07-01 19:33:23][INFO] jax_fem: CuDSSNewtonSolver: solve finished in 0.09s  res=7.567e-06
[07-01 19:33:23][DEBUG] jax_fem: CuDSSNewtonSolver: starting Newton loop
[07-01 19:33:23][DEBUG] jax_fem: DeviceProblem: computing Jacobian on device
[07-01 19:33:23][DEBUG] jax_fem: Function split_and_compute_cell took 0.0279 seconds
[07-01 19:33:23][DEBUG] jax_fem: CuDSSNewtonSolver: initial residual = 2.223e+08
[07-01 19:33:23][DEBUG] jax_fem: DeviceProblem: computing Jacobian on device
[07-01 19:33:23][DEBUG] jax_fem: Function split_and_compute_cell took 0.0264 seconds
[07-01 19:33:23][DEBUG] jax_fem: CuDSSNewtonSolver: iter=1  res=1.069e-05  rel=4.808e-14
[07-01 19:33:23][INFO] jax_fem: CuDSSNewtonSolver: solve finished in 0.09s  res=1.069e-05
[07-01 19:33:23][INFO] jax_fem: CuDSS backward: solving adjoint problem …
[07-01 19:33:23][DEBUG] jax_fem: DeviceProblem: computing Jacobian on device
[07-01 19:33:23][DEBUG] jax_fem: Function split_and_compute_cell took 0.0335 seconds
[07-01 19:33:23][DEBUG] jax_fem: Computing cell residual...
[07-01 19:33:23][DEBUG] jax_fem: Function split_and_compute_cell took 0.0674 seconds
[07-01 19:33:24][INFO] jax_fem: CuDSS backward: solving adjoint problem …
[07-01 19:33:24][DEBUG] jax_fem: DeviceProblem: computing Jacobian on device
[07-01 19:33:24][DEBUG] jax_fem: Function split_and_compute_cell took 0.0421 seconds
[07-01 19:33:24][DEBUG] jax_fem: Computing cell residual...
[07-01 19:33:24][DEBUG] jax_fem: Function split_and_compute_cell took 0.0688 seconds
[07-01 19:33:24][INFO] jax_fem: CuDSS backward: solving adjoint problem …
[07-01 19:33:24][DEBUG] jax_fem: DeviceProblem: computing Jacobian on device
[07-01 19:33:24][DEBUG] jax_fem: Function split_and_compute_cell took 0.0383 seconds
[07-01 19:33:24][DEBUG] jax_fem: Computing cell residual...
[07-01 19:33:24][DEBUG] jax_fem: Function split_and_compute_cell took 0.0647 seconds
[07-01 19:33:24][INFO] jax_fem: CuDSS backward: solving adjoint problem …
[07-01 19:33:24][DEBUG] jax_fem: DeviceProblem: computing Jacobian on device
[07-01 19:33:24][DEBUG] jax_fem: Function split_and_compute_cell took 0.0282 seconds
[07-01 19:33:24][DEBUG] jax_fem: Computing cell residual...
[07-01 19:33:25][DEBUG] jax_fem: Function split_and_compute_cell took 0.0655 seconds
[07-01 19:33:25][INFO] jax_fem: CuDSS backward: solving adjoint problem …
[07-01 19:33:25][DEBUG] jax_fem: DeviceProblem: computing Jacobian on device
[07-01 19:33:25][DEBUG] jax_fem: Function split_and_compute_cell took 0.0376 seconds
[07-01 19:33:25][DEBUG] jax_fem: Computing cell residual...
[07-01 19:33:25][DEBUG] jax_fem: Function split_and_compute_cell took 0.0716 seconds
[07-01 19:33:26][DEBUG] jax_fem: CuDSSNewtonSolver: starting Newton loop
[07-01 19:33:27][DEBUG] jax_fem: DeviceProblem: computing Jacobian on device
[07-01 19:33:27][DEBUG] jax_fem: Function split_and_compute_cell took 0.0455 seconds
[07-01 19:33:27][DEBUG] jax_fem: CuDSSNewtonSolver: initial residual = 2.235e+08
[07-01 19:33:27][DEBUG] jax_fem: DeviceProblem: computing Jacobian on device
[07-01 19:33:27][DEBUG] jax_fem: Function split_and_compute_cell took 0.0351 seconds
[07-01 19:33:27][DEBUG] jax_fem: CuDSSNewtonSolver: iter=1  res=6.857e-06  rel=3.068e-14
[07-01 19:33:27][INFO] jax_fem: CuDSSNewtonSolver: solve finished in 0.12s  res=6.857e-06
[07-01 19:33:27][DEBUG] jax_fem: CuDSSNewtonSolver: starting Newton loop
[07-01 19:33:27][DEBUG] jax_fem: DeviceProblem: computing Jacobian on device
[07-01 19:33:27][DEBUG] jax_fem: Function split_and_compute_cell took 0.0504 seconds
[07-01 19:33:27][DEBUG] jax_fem: CuDSSNewtonSolver: initial residual = 2.217e+08
[07-01 19:33:27][DEBUG] jax_fem: DeviceProblem: computing Jacobian on device
[07-01 19:33:27][DEBUG] jax_fem: Function split_and_compute_cell took 0.0402 seconds
[07-01 19:33:27][DEBUG] jax_fem: CuDSSNewtonSolver: iter=1  res=7.743e-06  rel=3.493e-14
[07-01 19:33:27][INFO] jax_fem: CuDSSNewtonSolver: solve finished in 0.14s  res=7.743e-06
[07-01 19:33:27][DEBUG] jax_fem: CuDSSNewtonSolver: starting Newton loop
[07-01 19:33:27][DEBUG] jax_fem: DeviceProblem: computing Jacobian on device
[07-01 19:33:27][DEBUG] jax_fem: Function split_and_compute_cell took 0.0519 seconds
[07-01 19:33:27][DEBUG] jax_fem: CuDSSNewtonSolver: initial residual = 2.211e+08
[07-01 19:33:27][DEBUG] jax_fem: DeviceProblem: computing Jacobian on device
[07-01 19:33:27][DEBUG] jax_fem: Function split_and_compute_cell took 0.0268 seconds
[07-01 19:33:27][DEBUG] jax_fem: CuDSSNewtonSolver: iter=1  res=7.692e-06  rel=3.479e-14
[07-01 19:33:27][INFO] jax_fem: CuDSSNewtonSolver: solve finished in 0.12s  res=7.692e-06
[07-01 19:33:28][DEBUG] jax_fem: CuDSSNewtonSolver: starting Newton loop
[07-01 19:33:28][DEBUG] jax_fem: DeviceProblem: computing Jacobian on device
[07-01 19:33:28][DEBUG] jax_fem: Function split_and_compute_cell took 0.0333 seconds
[07-01 19:33:28][DEBUG] jax_fem: CuDSSNewtonSolver: initial residual = 2.237e+08
[07-01 19:33:28][DEBUG] jax_fem: DeviceProblem: computing Jacobian on device
[07-01 19:33:28][DEBUG] jax_fem: Function split_and_compute_cell took 0.0248 seconds
[07-01 19:33:28][DEBUG] jax_fem: CuDSSNewtonSolver: iter=1  res=7.909e-06  rel=3.536e-14
[07-01 19:33:28][INFO] jax_fem: CuDSSNewtonSolver: solve finished in 0.10s  res=7.909e-06
[07-01 19:33:28][DEBUG] jax_fem: CuDSSNewtonSolver: starting Newton loop
[07-01 19:33:28][DEBUG] jax_fem: DeviceProblem: computing Jacobian on device
[07-01 19:33:28][DEBUG] jax_fem: Function split_and_compute_cell took 0.0374 seconds
[07-01 19:33:28][DEBUG] jax_fem: CuDSSNewtonSolver: initial residual = 2.223e+08
[07-01 19:33:28][DEBUG] jax_fem: DeviceProblem: computing Jacobian on device
[07-01 19:33:28][DEBUG] jax_fem: Function split_and_compute_cell took 0.0277 seconds
[07-01 19:33:28][DEBUG] jax_fem: CuDSSNewtonSolver: iter=1  res=8.668e-06  rel=3.899e-14
[07-01 19:33:28][INFO] jax_fem: CuDSSNewtonSolver: solve finished in 0.10s  res=8.668e-06
[07-01 19:33:30][DEBUG] jax_fem: CuDSSNewtonSolver: starting Newton loop
[07-01 19:33:30][DEBUG] jax_fem: DeviceProblem: computing Jacobian on device
[07-01 19:33:30][DEBUG] jax_fem: Function split_and_compute_cell took 0.0265 seconds
[07-01 19:33:30][DEBUG] jax_fem: CuDSSNewtonSolver: initial residual = 2.235e+08
[07-01 19:33:30][DEBUG] jax_fem: DeviceProblem: computing Jacobian on device
[07-01 19:33:30][DEBUG] jax_fem: Function split_and_compute_cell took 0.0297 seconds
[07-01 19:33:30][DEBUG] jax_fem: CuDSSNewtonSolver: iter=1  res=6.791e-06  rel=3.038e-14
[07-01 19:33:30][INFO] jax_fem: CuDSSNewtonSolver: solve finished in 0.09s  res=6.791e-06
[07-01 19:33:30][DEBUG] jax_fem: CuDSSNewtonSolver: starting Newton loop
[07-01 19:33:30][DEBUG] jax_fem: DeviceProblem: computing Jacobian on device
[07-01 19:33:30][DEBUG] jax_fem: Function split_and_compute_cell took 0.0282 seconds
[07-01 19:33:30][DEBUG] jax_fem: CuDSSNewtonSolver: initial residual = 2.217e+08
[07-01 19:33:30][DEBUG] jax_fem: DeviceProblem: computing Jacobian on device
[07-01 19:33:30][DEBUG] jax_fem: Function split_and_compute_cell took 0.0294 seconds
[07-01 19:33:30][DEBUG] jax_fem: CuDSSNewtonSolver: iter=1  res=7.623e-06  rel=3.439e-14
[07-01 19:33:30][INFO] jax_fem: CuDSSNewtonSolver: solve finished in 0.09s  res=7.623e-06
[07-01 19:33:31][DEBUG] jax_fem: CuDSSNewtonSolver: starting Newton loop
[07-01 19:33:31][DEBUG] jax_fem: DeviceProblem: computing Jacobian on device
[07-01 19:33:31][DEBUG] jax_fem: Function split_and_compute_cell took 0.0282 seconds
[07-01 19:33:31][DEBUG] jax_fem: CuDSSNewtonSolver: initial residual = 2.211e+08
[07-01 19:33:31][DEBUG] jax_fem: DeviceProblem: computing Jacobian on device
[07-01 19:33:31][DEBUG] jax_fem: Function split_and_compute_cell took 0.0280 seconds
[07-01 19:33:31][DEBUG] jax_fem: CuDSSNewtonSolver: iter=1  res=7.696e-06  rel=3.481e-14
[07-01 19:33:31][INFO] jax_fem: CuDSSNewtonSolver: solve finished in 0.09s  res=7.696e-06
[07-01 19:33:32][DEBUG] jax_fem: CuDSSNewtonSolver: starting Newton loop
[07-01 19:33:32][DEBUG] jax_fem: DeviceProblem: computing Jacobian on device
[07-01 19:33:32][DEBUG] jax_fem: Function split_and_compute_cell took 0.0280 seconds
[07-01 19:33:32][DEBUG] jax_fem: CuDSSNewtonSolver: initial residual = 2.237e+08
[07-01 19:33:32][DEBUG] jax_fem: DeviceProblem: computing Jacobian on device
[07-01 19:33:32][DEBUG] jax_fem: Function split_and_compute_cell took 0.0276 seconds
[07-01 19:33:32][DEBUG] jax_fem: CuDSSNewtonSolver: iter=1  res=7.469e-06  rel=3.339e-14
[07-01 19:33:32][INFO] jax_fem: CuDSSNewtonSolver: solve finished in 0.09s  res=7.469e-06
[07-01 19:33:32][DEBUG] jax_fem: CuDSSNewtonSolver: starting Newton loop
[07-01 19:33:32][DEBUG] jax_fem: DeviceProblem: computing Jacobian on device
[07-01 19:33:32][DEBUG] jax_fem: Function split_and_compute_cell took 0.0285 seconds
[07-01 19:33:32][DEBUG] jax_fem: CuDSSNewtonSolver: initial residual = 2.223e+08
[07-01 19:33:32][DEBUG] jax_fem: DeviceProblem: computing Jacobian on device
[07-01 19:33:32][DEBUG] jax_fem: Function split_and_compute_cell took 0.0281 seconds
[07-01 19:33:32][DEBUG] jax_fem: CuDSSNewtonSolver: iter=1  res=8.761e-06  rel=3.940e-14
[07-01 19:33:32][INFO] jax_fem: CuDSSNewtonSolver: solve finished in 0.09s  res=8.761e-06
[07-01 19:33:33][INFO] jax_fem: CuDSS backward: solving adjoint problem …
[07-01 19:33:33][DEBUG] jax_fem: DeviceProblem: computing Jacobian on device
[07-01 19:33:33][DEBUG] jax_fem: Function split_and_compute_cell took 0.0256 seconds
[07-01 19:33:33][DEBUG] jax_fem: Computing cell residual...
[07-01 19:33:33][DEBUG] jax_fem: Function split_and_compute_cell took 0.0653 seconds
[07-01 19:33:33][INFO] jax_fem: CuDSS backward: solving adjoint problem …
[07-01 19:33:33][DEBUG] jax_fem: DeviceProblem: computing Jacobian on device
[07-01 19:33:33][DEBUG] jax_fem: Function split_and_compute_cell took 0.0326 seconds
[07-01 19:33:33][DEBUG] jax_fem: Computing cell residual...
[07-01 19:33:33][DEBUG] jax_fem: Function split_and_compute_cell took 0.0601 seconds
[07-01 19:33:33][INFO] jax_fem: CuDSS backward: solving adjoint problem …
[07-01 19:33:33][DEBUG] jax_fem: DeviceProblem: computing Jacobian on device
[07-01 19:33:33][DEBUG] jax_fem: Function split_and_compute_cell took 0.0341 seconds
[07-01 19:33:33][DEBUG] jax_fem: Computing cell residual...
[07-01 19:33:33][DEBUG] jax_fem: Function split_and_compute_cell took 0.0662 seconds
[07-01 19:33:34][INFO] jax_fem: CuDSS backward: solving adjoint problem …
[07-01 19:33:34][DEBUG] jax_fem: DeviceProblem: computing Jacobian on device
[07-01 19:33:34][DEBUG] jax_fem: Function split_and_compute_cell took 0.0348 seconds
[07-01 19:33:34][DEBUG] jax_fem: Computing cell residual...
[07-01 19:33:34][DEBUG] jax_fem: Function split_and_compute_cell took 0.0731 seconds
[07-01 19:33:34][INFO] jax_fem: CuDSS backward: solving adjoint problem …
[07-01 19:33:34][DEBUG] jax_fem: DeviceProblem: computing Jacobian on device
[07-01 19:33:34][DEBUG] jax_fem: Function split_and_compute_cell took 0.0382 seconds
[07-01 19:33:34][DEBUG] jax_fem: Computing cell residual...
[07-01 19:33:34][DEBUG] jax_fem: Function split_and_compute_cell took 0.0562 seconds
[07-01 19:33:36][DEBUG] jax_fem: CuDSSNewtonSolver: starting Newton loop
[07-01 19:33:36][DEBUG] jax_fem: DeviceProblem: computing Jacobian on device
[07-01 19:33:36][DEBUG] jax_fem: Function split_and_compute_cell took 0.0448 seconds
[07-01 19:33:36][DEBUG] jax_fem: CuDSSNewtonSolver: initial residual = 2.235e+08
[07-01 19:33:36][DEBUG] jax_fem: DeviceProblem: computing Jacobian on device
[07-01 19:33:36][DEBUG] jax_fem: Function split_and_compute_cell took 0.0465 seconds
[07-01 19:33:36][DEBUG] jax_fem: CuDSSNewtonSolver: iter=1  res=6.675e-06  rel=2.986e-14
[07-01 19:33:36][INFO] jax_fem: CuDSSNewtonSolver: solve finished in 0.13s  res=6.675e-06
[07-01 19:33:36][DEBUG] jax_fem: CuDSSNewtonSolver: starting Newton loop
[07-01 19:33:36][DEBUG] jax_fem: DeviceProblem: computing Jacobian on device
[07-01 19:33:36][DEBUG] jax_fem: Function split_and_compute_cell took 0.0396 seconds
[07-01 19:33:36][DEBUG] jax_fem: CuDSSNewtonSolver: initial residual = 2.217e+08
[07-01 19:33:36][DEBUG] jax_fem: DeviceProblem: computing Jacobian on device
[07-01 19:33:36][DEBUG] jax_fem: Function split_and_compute_cell took 0.0466 seconds
[07-01 19:33:36][DEBUG] jax_fem: CuDSSNewtonSolver: iter=1  res=8.151e-06  rel=3.677e-14
[07-01 19:33:36][INFO] jax_fem: CuDSSNewtonSolver: solve finished in 0.13s  res=8.151e-06
[07-01 19:33:37][DEBUG] jax_fem: CuDSSNewtonSolver: starting Newton loop
[07-01 19:33:37][DEBUG] jax_fem: DeviceProblem: computing Jacobian on device
[07-01 19:33:37][DEBUG] jax_fem: Function split_and_compute_cell took 0.0466 seconds
[07-01 19:33:37][DEBUG] jax_fem: CuDSSNewtonSolver: initial residual = 2.211e+08
[07-01 19:33:37][DEBUG] jax_fem: DeviceProblem: computing Jacobian on device
[07-01 19:33:37][DEBUG] jax_fem: Function split_and_compute_cell took 0.0320 seconds
[07-01 19:33:37][DEBUG] jax_fem: CuDSSNewtonSolver: iter=1  res=7.063e-06  rel=3.195e-14
[07-01 19:33:37][INFO] jax_fem: CuDSSNewtonSolver: solve finished in 0.12s  res=7.063e-06
[07-01 19:33:37][DEBUG] jax_fem: CuDSSNewtonSolver: starting Newton loop
[07-01 19:33:37][DEBUG] jax_fem: DeviceProblem: computing Jacobian on device
[07-01 19:33:37][DEBUG] jax_fem: Function split_and_compute_cell took 0.0310 seconds
[07-01 19:33:37][DEBUG] jax_fem: CuDSSNewtonSolver: initial residual = 2.237e+08
[07-01 19:33:37][DEBUG] jax_fem: DeviceProblem: computing Jacobian on device
[07-01 19:33:37][DEBUG] jax_fem: Function split_and_compute_cell took 0.0319 seconds
[07-01 19:33:37][DEBUG] jax_fem: CuDSSNewtonSolver: iter=1  res=8.004e-06  rel=3.578e-14
[07-01 19:33:37][INFO] jax_fem: CuDSSNewtonSolver: solve finished in 0.10s  res=8.004e-06
[07-01 19:33:37][DEBUG] jax_fem: CuDSSNewtonSolver: starting Newton loop
[07-01 19:33:37][DEBUG] jax_fem: DeviceProblem: computing Jacobian on device
[07-01 19:33:37][DEBUG] jax_fem: Function split_and_compute_cell took 0.0494 seconds
[07-01 19:33:37][DEBUG] jax_fem: CuDSSNewtonSolver: initial residual = 2.223e+08
[07-01 19:33:37][DEBUG] jax_fem: DeviceProblem: computing Jacobian on device
[07-01 19:33:37][DEBUG] jax_fem: Function split_and_compute_cell took 0.0372 seconds
[07-01 19:33:37][DEBUG] jax_fem: CuDSSNewtonSolver: iter=1  res=9.868e-06  rel=4.438e-14
[07-01 19:33:37][INFO] jax_fem: CuDSSNewtonSolver: solve finished in 0.13s  res=9.868e-06
[07-01 19:33:39][DEBUG] jax_fem: CuDSSNewtonSolver: starting Newton loop
[07-01 19:33:39][DEBUG] jax_fem: DeviceProblem: computing Jacobian on device
[07-01 19:33:39][DEBUG] jax_fem: Function split_and_compute_cell took 0.0299 seconds
[07-01 19:33:39][DEBUG] jax_fem: CuDSSNewtonSolver: initial residual = 2.235e+08
[07-01 19:33:39][DEBUG] jax_fem: DeviceProblem: computing Jacobian on device
[07-01 19:33:39][DEBUG] jax_fem: Function split_and_compute_cell took 0.0288 seconds
[07-01 19:33:39][DEBUG] jax_fem: CuDSSNewtonSolver: iter=1  res=7.092e-06  rel=3.173e-14
[07-01 19:33:39][INFO] jax_fem: CuDSSNewtonSolver: solve finished in 0.10s  res=7.092e-06
[07-01 19:33:40][DEBUG] jax_fem: CuDSSNewtonSolver: starting Newton loop
[07-01 19:33:40][DEBUG] jax_fem: DeviceProblem: computing Jacobian on device
[07-01 19:33:40][DEBUG] jax_fem: Function split_and_compute_cell took 0.0280 seconds
[07-01 19:33:40][DEBUG] jax_fem: CuDSSNewtonSolver: initial residual = 2.217e+08
[07-01 19:33:40][DEBUG] jax_fem: DeviceProblem: computing Jacobian on device
[07-01 19:33:40][DEBUG] jax_fem: Function split_and_compute_cell took 0.0274 seconds
[07-01 19:33:40][DEBUG] jax_fem: CuDSSNewtonSolver: iter=1  res=8.144e-06  rel=3.674e-14
[07-01 19:33:40][INFO] jax_fem: CuDSSNewtonSolver: solve finished in 0.09s  res=8.144e-06
[07-01 19:33:40][DEBUG] jax_fem: CuDSSNewtonSolver: starting Newton loop
[07-01 19:33:40][DEBUG] jax_fem: DeviceProblem: computing Jacobian on device
[07-01 19:33:40][DEBUG] jax_fem: Function split_and_compute_cell took 0.0295 seconds
[07-01 19:33:40][DEBUG] jax_fem: CuDSSNewtonSolver: initial residual = 2.211e+08
[07-01 19:33:40][DEBUG] jax_fem: DeviceProblem: computing Jacobian on device
[07-01 19:33:40][DEBUG] jax_fem: Function split_and_compute_cell took 0.0293 seconds
[07-01 19:33:40][DEBUG] jax_fem: CuDSSNewtonSolver: iter=1  res=7.328e-06  rel=3.314e-14
[07-01 19:33:40][INFO] jax_fem: CuDSSNewtonSolver: solve finished in 0.10s  res=7.328e-06
[07-01 19:33:41][DEBUG] jax_fem: CuDSSNewtonSolver: starting Newton loop
[07-01 19:33:41][DEBUG] jax_fem: DeviceProblem: computing Jacobian on device
[07-01 19:33:41][DEBUG] jax_fem: Function split_and_compute_cell took 0.0291 seconds
[07-01 19:33:41][DEBUG] jax_fem: CuDSSNewtonSolver: initial residual = 2.237e+08
[07-01 19:33:41][DEBUG] jax_fem: DeviceProblem: computing Jacobian on device
[07-01 19:33:41][DEBUG] jax_fem: Function split_and_compute_cell took 0.0288 seconds
[07-01 19:33:41][DEBUG] jax_fem: CuDSSNewtonSolver: iter=1  res=8.525e-06  rel=3.811e-14
[07-01 19:33:41][INFO] jax_fem: CuDSSNewtonSolver: solve finished in 0.09s  res=8.525e-06
[07-01 19:33:41][DEBUG] jax_fem: CuDSSNewtonSolver: starting Newton loop
[07-01 19:33:42][DEBUG] jax_fem: DeviceProblem: computing Jacobian on device
[07-01 19:33:42][DEBUG] jax_fem: Function split_and_compute_cell took 0.0280 seconds
[07-01 19:33:42][DEBUG] jax_fem: CuDSSNewtonSolver: initial residual = 2.223e+08
[07-01 19:33:42][DEBUG] jax_fem: DeviceProblem: computing Jacobian on device
[07-01 19:33:42][DEBUG] jax_fem: Function split_and_compute_cell took 0.0292 seconds
[07-01 19:33:42][DEBUG] jax_fem: CuDSSNewtonSolver: iter=1  res=9.507e-06  rel=4.276e-14
[07-01 19:33:42][INFO] jax_fem: CuDSSNewtonSolver: solve finished in 0.09s  res=9.507e-06
[07-01 19:33:42][INFO] jax_fem: CuDSS backward: solving adjoint problem …
[07-01 19:33:42][DEBUG] jax_fem: DeviceProblem: computing Jacobian on device
[07-01 19:33:42][DEBUG] jax_fem: Function split_and_compute_cell took 0.0504 seconds
[07-01 19:33:42][DEBUG] jax_fem: Computing cell residual...
[07-01 19:33:42][DEBUG] jax_fem: Function split_and_compute_cell took 0.0766 seconds
[07-01 19:33:42][INFO] jax_fem: CuDSS backward: solving adjoint problem …
[07-01 19:33:42][DEBUG] jax_fem: DeviceProblem: computing Jacobian on device
[07-01 19:33:42][DEBUG] jax_fem: Function split_and_compute_cell took 0.0550 seconds
[07-01 19:33:42][DEBUG] jax_fem: Computing cell residual...
[07-01 19:33:42][DEBUG] jax_fem: Function split_and_compute_cell took 0.0722 seconds
[07-01 19:33:43][INFO] jax_fem: CuDSS backward: solving adjoint problem …
[07-01 19:33:43][DEBUG] jax_fem: DeviceProblem: computing Jacobian on device
[07-01 19:33:43][DEBUG] jax_fem: Function split_and_compute_cell took 0.0523 seconds
[07-01 19:33:43][DEBUG] jax_fem: Computing cell residual...
[07-01 19:33:43][DEBUG] jax_fem: Function split_and_compute_cell took 0.0677 seconds
[07-01 19:33:43][INFO] jax_fem: CuDSS backward: solving adjoint problem …
[07-01 19:33:43][DEBUG] jax_fem: DeviceProblem: computing Jacobian on device
[07-01 19:33:43][DEBUG] jax_fem: Function split_and_compute_cell took 0.0521 seconds
[07-01 19:33:43][DEBUG] jax_fem: Computing cell residual...
[07-01 19:33:43][DEBUG] jax_fem: Function split_and_compute_cell took 0.0638 seconds
[07-01 19:33:43][INFO] jax_fem: CuDSS backward: solving adjoint problem …
[07-01 19:33:43][DEBUG] jax_fem: DeviceProblem: computing Jacobian on device
[07-01 19:33:43][DEBUG] jax_fem: Function split_and_compute_cell took 0.0492 seconds
[07-01 19:33:43][DEBUG] jax_fem: Computing cell residual...
[07-01 19:33:44][DEBUG] jax_fem: Function split_and_compute_cell took 0.0668 seconds
[07-01 19:33:45][DEBUG] jax_fem: CuDSSNewtonSolver: starting Newton loop
[07-01 19:33:45][DEBUG] jax_fem: DeviceProblem: computing Jacobian on device
[07-01 19:33:45][DEBUG] jax_fem: Function split_and_compute_cell took 0.0482 seconds
[07-01 19:33:45][DEBUG] jax_fem: CuDSSNewtonSolver: initial residual = 2.235e+08
[07-01 19:33:45][DEBUG] jax_fem: DeviceProblem: computing Jacobian on device
[07-01 19:33:45][DEBUG] jax_fem: Function split_and_compute_cell took 0.0490 seconds
[07-01 19:33:45][DEBUG] jax_fem: CuDSSNewtonSolver: iter=1  res=6.550e-06  rel=2.931e-14
[07-01 19:33:45][INFO] jax_fem: CuDSSNewtonSolver: solve finished in 0.14s  res=6.550e-06
[07-01 19:33:45][DEBUG] jax_fem: CuDSSNewtonSolver: starting Newton loop
[07-01 19:33:46][DEBUG] jax_fem: DeviceProblem: computing Jacobian on device
[07-01 19:33:46][DEBUG] jax_fem: Function split_and_compute_cell took 0.0414 seconds
[07-01 19:33:46][DEBUG] jax_fem: CuDSSNewtonSolver: initial residual = 2.217e+08
[07-01 19:33:46][DEBUG] jax_fem: DeviceProblem: computing Jacobian on device
[07-01 19:33:46][DEBUG] jax_fem: Function split_and_compute_cell took 0.0547 seconds
[07-01 19:33:46][DEBUG] jax_fem: CuDSSNewtonSolver: iter=1  res=8.133e-06  rel=3.669e-14
[07-01 19:33:46][INFO] jax_fem: CuDSSNewtonSolver: solve finished in 0.14s  res=8.133e-06
[07-01 19:33:46][DEBUG] jax_fem: CuDSSNewtonSolver: starting Newton loop
[07-01 19:33:46][DEBUG] jax_fem: DeviceProblem: computing Jacobian on device
[07-01 19:33:46][DEBUG] jax_fem: Function split_and_compute_cell took 0.0274 seconds
[07-01 19:33:46][DEBUG] jax_fem: CuDSSNewtonSolver: initial residual = 2.211e+08
[07-01 19:33:46][DEBUG] jax_fem: DeviceProblem: computing Jacobian on device
[07-01 19:33:46][DEBUG] jax_fem: Function split_and_compute_cell took 0.0301 seconds
[07-01 19:33:46][DEBUG] jax_fem: CuDSSNewtonSolver: iter=1  res=7.402e-06  rel=3.348e-14
[07-01 19:33:46][INFO] jax_fem: CuDSSNewtonSolver: solve finished in 0.10s  res=7.402e-06
[07-01 19:33:46][DEBUG] jax_fem: CuDSSNewtonSolver: starting Newton loop
[07-01 19:33:46][DEBUG] jax_fem: DeviceProblem: computing Jacobian on device
[07-01 19:33:46][DEBUG] jax_fem: Function split_and_compute_cell took 0.0392 seconds
[07-01 19:33:46][DEBUG] jax_fem: CuDSSNewtonSolver: initial residual = 2.237e+08
[07-01 19:33:46][DEBUG] jax_fem: DeviceProblem: computing Jacobian on device
[07-01 19:33:46][DEBUG] jax_fem: Function split_and_compute_cell took 0.0355 seconds
[07-01 19:33:46][DEBUG] jax_fem: CuDSSNewtonSolver: iter=1  res=7.593e-06  rel=3.395e-14
[07-01 19:33:46][INFO] jax_fem: CuDSSNewtonSolver: solve finished in 0.11s  res=7.593e-06
[07-01 19:33:47][DEBUG] jax_fem: CuDSSNewtonSolver: starting Newton loop
[07-01 19:33:47][DEBUG] jax_fem: DeviceProblem: computing Jacobian on device
[07-01 19:33:47][DEBUG] jax_fem: Function split_and_compute_cell took 0.0363 seconds
[07-01 19:33:47][DEBUG] jax_fem: CuDSSNewtonSolver: initial residual = 2.223e+08
[07-01 19:33:47][DEBUG] jax_fem: DeviceProblem: computing Jacobian on device
[07-01 19:33:47][DEBUG] jax_fem: Function split_and_compute_cell took 0.0557 seconds
[07-01 19:33:47][DEBUG] jax_fem: CuDSSNewtonSolver: iter=1  res=9.066e-06  rel=4.077e-14
[07-01 19:33:47][INFO] jax_fem: CuDSSNewtonSolver: solve finished in 0.13s  res=9.066e-06
[07-01 19:33:49][DEBUG] jax_fem: CuDSSNewtonSolver: starting Newton loop
[07-01 19:33:49][DEBUG] jax_fem: DeviceProblem: computing Jacobian on device
[07-01 19:33:49][DEBUG] jax_fem: Function split_and_compute_cell took 0.0280 seconds
[07-01 19:33:49][DEBUG] jax_fem: CuDSSNewtonSolver: initial residual = 2.235e+08
[07-01 19:33:49][DEBUG] jax_fem: DeviceProblem: computing Jacobian on device
[07-01 19:33:49][DEBUG] jax_fem: Function split_and_compute_cell took 0.0288 seconds
[07-01 19:33:49][DEBUG] jax_fem: CuDSSNewtonSolver: iter=1  res=6.506e-06  rel=2.911e-14
[07-01 19:33:49][INFO] jax_fem: CuDSSNewtonSolver: solve finished in 0.09s  res=6.506e-06
[07-01 19:33:49][DEBUG] jax_fem: CuDSSNewtonSolver: starting Newton loop
[07-01 19:33:49][DEBUG] jax_fem: DeviceProblem: computing Jacobian on device
[07-01 19:33:49][DEBUG] jax_fem: Function split_and_compute_cell took 0.0277 seconds
[07-01 19:33:49][DEBUG] jax_fem: CuDSSNewtonSolver: initial residual = 2.217e+08
[07-01 19:33:49][DEBUG] jax_fem: DeviceProblem: computing Jacobian on device
[07-01 19:33:49][DEBUG] jax_fem: Function split_and_compute_cell took 0.0271 seconds
[07-01 19:33:49][DEBUG] jax_fem: CuDSSNewtonSolver: iter=1  res=8.402e-06  rel=3.791e-14
[07-01 19:33:49][INFO] jax_fem: CuDSSNewtonSolver: solve finished in 0.09s  res=8.402e-06
[07-01 19:33:50][DEBUG] jax_fem: CuDSSNewtonSolver: starting Newton loop
[07-01 19:33:50][DEBUG] jax_fem: DeviceProblem: computing Jacobian on device
[07-01 19:33:50][DEBUG] jax_fem: Function split_and_compute_cell took 0.0288 seconds
[07-01 19:33:50][DEBUG] jax_fem: CuDSSNewtonSolver: initial residual = 2.211e+08
[07-01 19:33:50][DEBUG] jax_fem: DeviceProblem: computing Jacobian on device
[07-01 19:33:50][DEBUG] jax_fem: Function split_and_compute_cell took 0.0277 seconds
[07-01 19:33:50][DEBUG] jax_fem: CuDSSNewtonSolver: iter=1  res=7.296e-06  rel=3.300e-14
[07-01 19:33:50][INFO] jax_fem: CuDSSNewtonSolver: solve finished in 0.09s  res=7.296e-06
[07-01 19:33:50][DEBUG] jax_fem: CuDSSNewtonSolver: starting Newton loop
[07-01 19:33:50][DEBUG] jax_fem: DeviceProblem: computing Jacobian on device
[07-01 19:33:51][DEBUG] jax_fem: Function split_and_compute_cell took 0.0293 seconds
[07-01 19:33:51][DEBUG] jax_fem: CuDSSNewtonSolver: initial residual = 2.237e+08
[07-01 19:33:51][DEBUG] jax_fem: DeviceProblem: computing Jacobian on device
[07-01 19:33:51][DEBUG] jax_fem: Function split_and_compute_cell took 0.0275 seconds
[07-01 19:33:51][DEBUG] jax_fem: CuDSSNewtonSolver: iter=1  res=7.904e-06  rel=3.533e-14
[07-01 19:33:51][INFO] jax_fem: CuDSSNewtonSolver: solve finished in 0.09s  res=7.904e-06
[07-01 19:33:51][DEBUG] jax_fem: CuDSSNewtonSolver: starting Newton loop
[07-01 19:33:51][DEBUG] jax_fem: DeviceProblem: computing Jacobian on device
[07-01 19:33:51][DEBUG] jax_fem: Function split_and_compute_cell took 0.0277 seconds
[07-01 19:33:51][DEBUG] jax_fem: CuDSSNewtonSolver: initial residual = 2.223e+08
[07-01 19:33:51][DEBUG] jax_fem: DeviceProblem: computing Jacobian on device
[07-01 19:33:51][DEBUG] jax_fem: Function split_and_compute_cell took 0.0293 seconds
[07-01 19:33:51][DEBUG] jax_fem: CuDSSNewtonSolver: iter=1  res=9.155e-06  rel=4.117e-14
[07-01 19:33:51][INFO] jax_fem: CuDSSNewtonSolver: solve finished in 0.09s  res=9.155e-06
[07-01 19:33:51][INFO] jax_fem: CuDSS backward: solving adjoint problem …
[07-01 19:33:51][DEBUG] jax_fem: DeviceProblem: computing Jacobian on device
[07-01 19:33:51][DEBUG] jax_fem: Function split_and_compute_cell took 0.0415 seconds
[07-01 19:33:51][DEBUG] jax_fem: Computing cell residual...
[07-01 19:33:51][DEBUG] jax_fem: Function split_and_compute_cell took 0.0579 seconds
[07-01 19:33:52][INFO] jax_fem: CuDSS backward: solving adjoint problem …
[07-01 19:33:52][DEBUG] jax_fem: DeviceProblem: computing Jacobian on device
[07-01 19:33:52][DEBUG] jax_fem: Function split_and_compute_cell took 0.0368 seconds
[07-01 19:33:52][DEBUG] jax_fem: Computing cell residual...
[07-01 19:33:52][DEBUG] jax_fem: Function split_and_compute_cell took 0.0582 seconds
[07-01 19:33:52][INFO] jax_fem: CuDSS backward: solving adjoint problem …
[07-01 19:33:52][DEBUG] jax_fem: DeviceProblem: computing Jacobian on device
[07-01 19:33:52][DEBUG] jax_fem: Function split_and_compute_cell took 0.0293 seconds
[07-01 19:33:52][DEBUG] jax_fem: Computing cell residual...
[07-01 19:33:52][DEBUG] jax_fem: Function split_and_compute_cell took 0.0743 seconds
[07-01 19:33:52][INFO] jax_fem: CuDSS backward: solving adjoint problem …
[07-01 19:33:52][DEBUG] jax_fem: DeviceProblem: computing Jacobian on device
[07-01 19:33:52][DEBUG] jax_fem: Function split_and_compute_cell took 0.0382 seconds
[07-01 19:33:53][DEBUG] jax_fem: Computing cell residual...
[07-01 19:33:53][DEBUG] jax_fem: Function split_and_compute_cell took 0.0722 seconds
[07-01 19:33:53][INFO] jax_fem: CuDSS backward: solving adjoint problem …
[07-01 19:33:53][DEBUG] jax_fem: DeviceProblem: computing Jacobian on device
[07-01 19:33:53][DEBUG] jax_fem: Function split_and_compute_cell took 0.0313 seconds
[07-01 19:33:53][DEBUG] jax_fem: Computing cell residual...
[07-01 19:33:53][DEBUG] jax_fem: Function split_and_compute_cell took 0.0564 seconds
[07-01 19:33:55][DEBUG] jax_fem: CuDSSNewtonSolver: starting Newton loop
[07-01 19:33:55][DEBUG] jax_fem: DeviceProblem: computing Jacobian on device
[07-01 19:33:55][DEBUG] jax_fem: Function split_and_compute_cell took 0.0395 seconds
[07-01 19:33:55][DEBUG] jax_fem: CuDSSNewtonSolver: initial residual = 2.235e+08
[07-01 19:33:55][DEBUG] jax_fem: DeviceProblem: computing Jacobian on device
[07-01 19:33:55][DEBUG] jax_fem: Function split_and_compute_cell took 0.0489 seconds
[07-01 19:33:55][DEBUG] jax_fem: CuDSSNewtonSolver: iter=1  res=6.754e-06  rel=3.022e-14
[07-01 19:33:55][INFO] jax_fem: CuDSSNewtonSolver: solve finished in 0.13s  res=6.754e-06
[07-01 19:33:55][DEBUG] jax_fem: CuDSSNewtonSolver: starting Newton loop
[07-01 19:33:55][DEBUG] jax_fem: DeviceProblem: computing Jacobian on device
[07-01 19:33:55][DEBUG] jax_fem: Function split_and_compute_cell took 0.0528 seconds
[07-01 19:33:55][DEBUG] jax_fem: CuDSSNewtonSolver: initial residual = 2.217e+08
[07-01 19:33:55][DEBUG] jax_fem: DeviceProblem: computing Jacobian on device
[07-01 19:33:55][DEBUG] jax_fem: Function split_and_compute_cell took 0.0488 seconds
[07-01 19:33:55][DEBUG] jax_fem: CuDSSNewtonSolver: iter=1  res=6.896e-06  rel=3.111e-14
[07-01 19:33:55][INFO] jax_fem: CuDSSNewtonSolver: solve finished in 0.15s  res=6.896e-06
[07-01 19:33:55][DEBUG] jax_fem: CuDSSNewtonSolver: starting Newton loop
[07-01 19:33:55][DEBUG] jax_fem: DeviceProblem: computing Jacobian on device
[07-01 19:33:55][DEBUG] jax_fem: Function split_and_compute_cell took 0.0496 seconds
[07-01 19:33:55][DEBUG] jax_fem: CuDSSNewtonSolver: initial residual = 2.211e+08
[07-01 19:33:55][DEBUG] jax_fem: DeviceProblem: computing Jacobian on device
[07-01 19:33:56][DEBUG] jax_fem: Function split_and_compute_cell took 0.0297 seconds
[07-01 19:33:56][DEBUG] jax_fem: CuDSSNewtonSolver: iter=1  res=7.132e-06  rel=3.226e-14
[07-01 19:33:56][INFO] jax_fem: CuDSSNewtonSolver: solve finished in 0.12s  res=7.132e-06
[07-01 19:33:56][DEBUG] jax_fem: CuDSSNewtonSolver: starting Newton loop
[07-01 19:33:56][DEBUG] jax_fem: DeviceProblem: computing Jacobian on device
[07-01 19:33:56][DEBUG] jax_fem: Function split_and_compute_cell took 0.0348 seconds
[07-01 19:33:56][DEBUG] jax_fem: CuDSSNewtonSolver: initial residual = 2.237e+08
[07-01 19:33:56][DEBUG] jax_fem: DeviceProblem: computing Jacobian on device
[07-01 19:33:56][DEBUG] jax_fem: Function split_and_compute_cell took 0.0306 seconds
[07-01 19:33:56][DEBUG] jax_fem: CuDSSNewtonSolver: iter=1  res=7.354e-06  rel=3.288e-14
[07-01 19:33:56][INFO] jax_fem: CuDSSNewtonSolver: solve finished in 0.10s  res=7.354e-06
[07-01 19:33:56][DEBUG] jax_fem: CuDSSNewtonSolver: starting Newton loop
[07-01 19:33:56][DEBUG] jax_fem: DeviceProblem: computing Jacobian on device
[07-01 19:33:56][DEBUG] jax_fem: Function split_and_compute_cell took 0.0272 seconds
[07-01 19:33:56][DEBUG] jax_fem: CuDSSNewtonSolver: initial residual = 2.223e+08
[07-01 19:33:56][DEBUG] jax_fem: DeviceProblem: computing Jacobian on device
[07-01 19:33:56][DEBUG] jax_fem: Function split_and_compute_cell took 0.0327 seconds
[07-01 19:33:56][DEBUG] jax_fem: CuDSSNewtonSolver: iter=1  res=7.659e-06  rel=3.445e-14
[07-01 19:33:56][INFO] jax_fem: CuDSSNewtonSolver: solve finished in 0.10s  res=7.659e-06
[07-01 19:33:58][DEBUG] jax_fem: CuDSSNewtonSolver: starting Newton loop
[07-01 19:33:58][DEBUG] jax_fem: DeviceProblem: computing Jacobian on device
[07-01 19:33:58][DEBUG] jax_fem: Function split_and_compute_cell took 0.0307 seconds
[07-01 19:33:58][DEBUG] jax_fem: CuDSSNewtonSolver: initial residual = 2.235e+08
[07-01 19:33:58][DEBUG] jax_fem: DeviceProblem: computing Jacobian on device
[07-01 19:33:58][DEBUG] jax_fem: Function split_and_compute_cell took 0.0282 seconds
[07-01 19:33:58][DEBUG] jax_fem: CuDSSNewtonSolver: iter=1  res=6.577e-06  rel=2.943e-14
[07-01 19:33:58][INFO] jax_fem: CuDSSNewtonSolver: solve finished in 0.10s  res=6.577e-06
[07-01 19:33:59][DEBUG] jax_fem: CuDSSNewtonSolver: starting Newton loop
[07-01 19:33:59][DEBUG] jax_fem: DeviceProblem: computing Jacobian on device
[07-01 19:33:59][DEBUG] jax_fem: Function split_and_compute_cell took 0.0290 seconds
[07-01 19:33:59][DEBUG] jax_fem: CuDSSNewtonSolver: initial residual = 2.217e+08
[07-01 19:33:59][DEBUG] jax_fem: DeviceProblem: computing Jacobian on device
[07-01 19:33:59][DEBUG] jax_fem: Function split_and_compute_cell took 0.0277 seconds
[07-01 19:33:59][DEBUG] jax_fem: CuDSSNewtonSolver: iter=1  res=7.370e-06  rel=3.325e-14
[07-01 19:33:59][INFO] jax_fem: CuDSSNewtonSolver: solve finished in 0.09s  res=7.370e-06
[07-01 19:33:59][DEBUG] jax_fem: CuDSSNewtonSolver: starting Newton loop
[07-01 19:33:59][DEBUG] jax_fem: DeviceProblem: computing Jacobian on device
[07-01 19:33:59][DEBUG] jax_fem: Function split_and_compute_cell took 0.0289 seconds
[07-01 19:33:59][DEBUG] jax_fem: CuDSSNewtonSolver: initial residual = 2.211e+08
[07-01 19:33:59][DEBUG] jax_fem: DeviceProblem: computing Jacobian on device
[07-01 19:33:59][DEBUG] jax_fem: Function split_and_compute_cell took 0.0284 seconds
[07-01 19:33:59][DEBUG] jax_fem: CuDSSNewtonSolver: iter=1  res=6.849e-06  rel=3.098e-14
[07-01 19:33:59][INFO] jax_fem: CuDSSNewtonSolver: solve finished in 0.09s  res=6.849e-06
[07-01 19:34:00][DEBUG] jax_fem: CuDSSNewtonSolver: starting Newton loop
[07-01 19:34:00][DEBUG] jax_fem: DeviceProblem: computing Jacobian on device
[07-01 19:34:00][DEBUG] jax_fem: Function split_and_compute_cell took 0.0287 seconds
[07-01 19:34:00][DEBUG] jax_fem: CuDSSNewtonSolver: initial residual = 2.237e+08
[07-01 19:34:00][DEBUG] jax_fem: DeviceProblem: computing Jacobian on device
[07-01 19:34:00][DEBUG] jax_fem: Function split_and_compute_cell took 0.0288 seconds
[07-01 19:34:00][DEBUG] jax_fem: CuDSSNewtonSolver: iter=1  res=7.658e-06  rel=3.424e-14
[07-01 19:34:00][INFO] jax_fem: CuDSSNewtonSolver: solve finished in 0.09s  res=7.658e-06
[07-01 19:34:00][DEBUG] jax_fem: CuDSSNewtonSolver: starting Newton loop
[07-01 19:34:00][DEBUG] jax_fem: DeviceProblem: computing Jacobian on device
[07-01 19:34:00][DEBUG] jax_fem: Function split_and_compute_cell took 0.0271 seconds
[07-01 19:34:00][DEBUG] jax_fem: CuDSSNewtonSolver: initial residual = 2.223e+08
[07-01 19:34:00][DEBUG] jax_fem: DeviceProblem: computing Jacobian on device
[07-01 19:34:00][DEBUG] jax_fem: Function split_and_compute_cell took 0.0287 seconds
[07-01 19:34:00][DEBUG] jax_fem: CuDSSNewtonSolver: iter=1  res=7.687e-06  rel=3.457e-14
[07-01 19:34:00][INFO] jax_fem: CuDSSNewtonSolver: solve finished in 0.09s  res=7.687e-06
[07-01 19:34:01][INFO] jax_fem: CuDSS backward: solving adjoint problem …
[07-01 19:34:01][DEBUG] jax_fem: DeviceProblem: computing Jacobian on device
[07-01 19:34:01][DEBUG] jax_fem: Function split_and_compute_cell took 0.0389 seconds
[07-01 19:34:01][DEBUG] jax_fem: Computing cell residual...
[07-01 19:34:01][DEBUG] jax_fem: Function split_and_compute_cell took 0.0604 seconds
[07-01 19:34:01][INFO] jax_fem: CuDSS backward: solving adjoint problem …
[07-01 19:34:01][DEBUG] jax_fem: DeviceProblem: computing Jacobian on device
[07-01 19:34:01][DEBUG] jax_fem: Function split_and_compute_cell took 0.0296 seconds
[07-01 19:34:01][DEBUG] jax_fem: Computing cell residual...
[07-01 19:34:01][DEBUG] jax_fem: Function split_and_compute_cell took 0.0699 seconds
[07-01 19:34:01][INFO] jax_fem: CuDSS backward: solving adjoint problem …
[07-01 19:34:01][DEBUG] jax_fem: DeviceProblem: computing Jacobian on device
[07-01 19:34:02][DEBUG] jax_fem: Function split_and_compute_cell took 0.0412 seconds
[07-01 19:34:02][DEBUG] jax_fem: Computing cell residual...
[07-01 19:34:02][DEBUG] jax_fem: Function split_and_compute_cell took 0.0582 seconds
[07-01 19:34:02][INFO] jax_fem: CuDSS backward: solving adjoint problem …
[07-01 19:34:02][DEBUG] jax_fem: DeviceProblem: computing Jacobian on device
[07-01 19:34:02][DEBUG] jax_fem: Function split_and_compute_cell took 0.0341 seconds
[07-01 19:34:02][DEBUG] jax_fem: Computing cell residual...
[07-01 19:34:02][DEBUG] jax_fem: Function split_and_compute_cell took 0.0590 seconds
[07-01 19:34:02][INFO] jax_fem: CuDSS backward: solving adjoint problem …
[07-01 19:34:02][DEBUG] jax_fem: DeviceProblem: computing Jacobian on device
[07-01 19:34:02][DEBUG] jax_fem: Function split_and_compute_cell took 0.0478 seconds
[07-01 19:34:02][DEBUG] jax_fem: Computing cell residual...
[07-01 19:34:02][DEBUG] jax_fem: Function split_and_compute_cell took 0.0759 seconds
[07-01 19:34:04][DEBUG] jax_fem: CuDSSNewtonSolver: starting Newton loop
[07-01 19:34:04][DEBUG] jax_fem: DeviceProblem: computing Jacobian on device
[07-01 19:34:04][DEBUG] jax_fem: Function split_and_compute_cell took 0.0352 seconds
[07-01 19:34:04][DEBUG] jax_fem: CuDSSNewtonSolver: initial residual = 2.235e+08
[07-01 19:34:04][DEBUG] jax_fem: DeviceProblem: computing Jacobian on device
[07-01 19:34:04][DEBUG] jax_fem: Function split_and_compute_cell took 0.0357 seconds
[07-01 19:34:04][DEBUG] jax_fem: CuDSSNewtonSolver: iter=1  res=6.789e-06  rel=3.037e-14
[07-01 19:34:04][INFO] jax_fem: CuDSSNewtonSolver: solve finished in 0.11s  res=6.789e-06
[07-01 19:34:04][DEBUG] jax_fem: CuDSSNewtonSolver: starting Newton loop
[07-01 19:34:04][DEBUG] jax_fem: DeviceProblem: computing Jacobian on device
[07-01 19:34:04][DEBUG] jax_fem: Function split_and_compute_cell took 0.0371 seconds
[07-01 19:34:04][DEBUG] jax_fem: CuDSSNewtonSolver: initial residual = 2.217e+08
[07-01 19:34:04][DEBUG] jax_fem: DeviceProblem: computing Jacobian on device
[07-01 19:34:04][DEBUG] jax_fem: Function split_and_compute_cell took 0.0468 seconds
[07-01 19:34:04][DEBUG] jax_fem: CuDSSNewtonSolver: iter=1  res=7.918e-06  rel=3.572e-14
[07-01 19:34:04][INFO] jax_fem: CuDSSNewtonSolver: solve finished in 0.13s  res=7.918e-06
[07-01 19:34:05][DEBUG] jax_fem: CuDSSNewtonSolver: starting Newton loop
[07-01 19:34:05][DEBUG] jax_fem: DeviceProblem: computing Jacobian on device
[07-01 19:34:05][DEBUG] jax_fem: Function split_and_compute_cell took 0.0348 seconds
[07-01 19:34:05][DEBUG] jax_fem: CuDSSNewtonSolver: initial residual = 2.211e+08
[07-01 19:34:05][DEBUG] jax_fem: DeviceProblem: computing Jacobian on device
[07-01 19:34:05][DEBUG] jax_fem: Function split_and_compute_cell took 0.0246 seconds
[07-01 19:34:05][DEBUG] jax_fem: CuDSSNewtonSolver: iter=1  res=7.665e-06  rel=3.467e-14
[07-01 19:34:05][INFO] jax_fem: CuDSSNewtonSolver: solve finished in 0.10s  res=7.665e-06
[07-01 19:34:05][DEBUG] jax_fem: CuDSSNewtonSolver: starting Newton loop
[07-01 19:34:05][DEBUG] jax_fem: DeviceProblem: computing Jacobian on device
[07-01 19:34:05][DEBUG] jax_fem: Function split_and_compute_cell took 0.0457 seconds
[07-01 19:34:05][DEBUG] jax_fem: CuDSSNewtonSolver: initial residual = 2.237e+08
[07-01 19:34:05][DEBUG] jax_fem: DeviceProblem: computing Jacobian on device
[07-01 19:34:05][DEBUG] jax_fem: Function split_and_compute_cell took 0.0263 seconds
[07-01 19:34:05][DEBUG] jax_fem: CuDSSNewtonSolver: iter=1  res=7.820e-06  rel=3.496e-14
[07-01 19:34:05][INFO] jax_fem: CuDSSNewtonSolver: solve finished in 0.11s  res=7.820e-06
[07-01 19:34:05][DEBUG] jax_fem: CuDSSNewtonSolver: starting Newton loop
[07-01 19:34:05][DEBUG] jax_fem: DeviceProblem: computing Jacobian on device
[07-01 19:34:05][DEBUG] jax_fem: Function split_and_compute_cell took 0.0345 seconds
[07-01 19:34:05][DEBUG] jax_fem: CuDSSNewtonSolver: initial residual = 2.223e+08
[07-01 19:34:05][DEBUG] jax_fem: DeviceProblem: computing Jacobian on device
[07-01 19:34:05][DEBUG] jax_fem: Function split_and_compute_cell took 0.0363 seconds
[07-01 19:34:05][DEBUG] jax_fem: CuDSSNewtonSolver: iter=1  res=8.595e-06  rel=3.866e-14
[07-01 19:34:05][INFO] jax_fem: CuDSSNewtonSolver: solve finished in 0.11s  res=8.595e-06
[07-01 19:34:07][DEBUG] jax_fem: CuDSSNewtonSolver: starting Newton loop
[07-01 19:34:07][DEBUG] jax_fem: DeviceProblem: computing Jacobian on device
[07-01 19:34:07][DEBUG] jax_fem: Function split_and_compute_cell took 0.0287 seconds
[07-01 19:34:07][DEBUG] jax_fem: CuDSSNewtonSolver: initial residual = 2.235e+08
[07-01 19:34:07][DEBUG] jax_fem: DeviceProblem: computing Jacobian on device
[07-01 19:34:07][DEBUG] jax_fem: Function split_and_compute_cell took 0.0284 seconds
[07-01 19:34:07][DEBUG] jax_fem: CuDSSNewtonSolver: iter=1  res=6.846e-06  rel=3.063e-14
[07-01 19:34:07][INFO] jax_fem: CuDSSNewtonSolver: solve finished in 0.09s  res=6.846e-06
[07-01 19:34:08][DEBUG] jax_fem: CuDSSNewtonSolver: starting Newton loop
[07-01 19:34:08][DEBUG] jax_fem: DeviceProblem: computing Jacobian on device
[07-01 19:34:08][DEBUG] jax_fem: Function split_and_compute_cell took 0.0286 seconds
[07-01 19:34:08][DEBUG] jax_fem: CuDSSNewtonSolver: initial residual = 2.217e+08
[07-01 19:34:08][DEBUG] jax_fem: DeviceProblem: computing Jacobian on device
[07-01 19:34:08][DEBUG] jax_fem: Function split_and_compute_cell took 0.0283 seconds
[07-01 19:34:08][DEBUG] jax_fem: CuDSSNewtonSolver: iter=1  res=7.938e-06  rel=3.581e-14
[07-01 19:34:08][INFO] jax_fem: CuDSSNewtonSolver: solve finished in 0.09s  res=7.938e-06
[07-01 19:34:08][DEBUG] jax_fem: CuDSSNewtonSolver: starting Newton loop
[07-01 19:34:08][DEBUG] jax_fem: DeviceProblem: computing Jacobian on device
[07-01 19:34:08][DEBUG] jax_fem: Function split_and_compute_cell took 0.0292 seconds
[07-01 19:34:08][DEBUG] jax_fem: CuDSSNewtonSolver: initial residual = 2.211e+08
[07-01 19:34:08][DEBUG] jax_fem: DeviceProblem: computing Jacobian on device
[07-01 19:34:08][DEBUG] jax_fem: Function split_and_compute_cell took 0.0282 seconds
[07-01 19:34:08][DEBUG] jax_fem: CuDSSNewtonSolver: iter=1  res=7.172e-06  rel=3.244e-14
[07-01 19:34:08][INFO] jax_fem: CuDSSNewtonSolver: solve finished in 0.09s  res=7.172e-06
[07-01 19:34:09][DEBUG] jax_fem: CuDSSNewtonSolver: starting Newton loop
[07-01 19:34:09][DEBUG] jax_fem: DeviceProblem: computing Jacobian on device
[07-01 19:34:09][DEBUG] jax_fem: Function split_and_compute_cell took 0.0274 seconds
[07-01 19:34:09][DEBUG] jax_fem: CuDSSNewtonSolver: initial residual = 2.237e+08
[07-01 19:34:09][DEBUG] jax_fem: DeviceProblem: computing Jacobian on device
[07-01 19:34:09][DEBUG] jax_fem: Function split_and_compute_cell took 0.0263 seconds
[07-01 19:34:09][DEBUG] jax_fem: CuDSSNewtonSolver: iter=1  res=7.807e-06  rel=3.490e-14
[07-01 19:34:09][INFO] jax_fem: CuDSSNewtonSolver: solve finished in 0.09s  res=7.807e-06
[07-01 19:34:10][DEBUG] jax_fem: CuDSSNewtonSolver: starting Newton loop
[07-01 19:34:10][DEBUG] jax_fem: DeviceProblem: computing Jacobian on device
[07-01 19:34:10][DEBUG] jax_fem: Function split_and_compute_cell took 0.0272 seconds
[07-01 19:34:10][DEBUG] jax_fem: CuDSSNewtonSolver: initial residual = 2.223e+08
[07-01 19:34:10][DEBUG] jax_fem: DeviceProblem: computing Jacobian on device
[07-01 19:34:10][DEBUG] jax_fem: Function split_and_compute_cell took 0.0295 seconds
[07-01 19:34:10][DEBUG] jax_fem: CuDSSNewtonSolver: iter=1  res=8.834e-06  rel=3.973e-14
[07-01 19:34:10][INFO] jax_fem: CuDSSNewtonSolver: solve finished in 0.09s  res=8.834e-06
[07-01 19:34:10][INFO] jax_fem: CuDSS backward: solving adjoint problem …
[07-01 19:34:10][DEBUG] jax_fem: DeviceProblem: computing Jacobian on device
[07-01 19:34:10][DEBUG] jax_fem: Function split_and_compute_cell took 0.0309 seconds
[07-01 19:34:10][DEBUG] jax_fem: Computing cell residual...
[07-01 19:34:10][DEBUG] jax_fem: Function split_and_compute_cell took 0.0546 seconds
[07-01 19:34:10][INFO] jax_fem: CuDSS backward: solving adjoint problem …
[07-01 19:34:10][DEBUG] jax_fem: DeviceProblem: computing Jacobian on device
[07-01 19:34:10][DEBUG] jax_fem: Function split_and_compute_cell took 0.0395 seconds
[07-01 19:34:10][DEBUG] jax_fem: Computing cell residual...
[07-01 19:34:10][DEBUG] jax_fem: Function split_and_compute_cell took 0.0717 seconds
[07-01 19:34:11][INFO] jax_fem: CuDSS backward: solving adjoint problem …
[07-01 19:34:11][DEBUG] jax_fem: DeviceProblem: computing Jacobian on device
[07-01 19:34:11][DEBUG] jax_fem: Function split_and_compute_cell took 0.0401 seconds
[07-01 19:34:11][DEBUG] jax_fem: Computing cell residual...
[07-01 19:34:11][DEBUG] jax_fem: Function split_and_compute_cell took 0.0662 seconds
[07-01 19:34:11][INFO] jax_fem: CuDSS backward: solving adjoint problem …
[07-01 19:34:11][DEBUG] jax_fem: DeviceProblem: computing Jacobian on device
[07-01 19:34:11][DEBUG] jax_fem: Function split_and_compute_cell took 0.0372 seconds
[07-01 19:34:11][DEBUG] jax_fem: Computing cell residual...
[07-01 19:34:11][DEBUG] jax_fem: Function split_and_compute_cell took 0.0704 seconds
[07-01 19:34:11][INFO] jax_fem: CuDSS backward: solving adjoint problem …
[07-01 19:34:11][DEBUG] jax_fem: DeviceProblem: computing Jacobian on device
[07-01 19:34:11][DEBUG] jax_fem: Function split_and_compute_cell took 0.0333 seconds
[07-01 19:34:11][DEBUG] jax_fem: Computing cell residual...
[07-01 19:34:12][DEBUG] jax_fem: Function split_and_compute_cell took 0.0640 seconds
[07-01 19:34:13][DEBUG] jax_fem: CuDSSNewtonSolver: starting Newton loop
[07-01 19:34:13][DEBUG] jax_fem: DeviceProblem: computing Jacobian on device
[07-01 19:34:13][DEBUG] jax_fem: Function split_and_compute_cell took 0.0264 seconds
[07-01 19:34:13][DEBUG] jax_fem: CuDSSNewtonSolver: initial residual = 2.235e+08
[07-01 19:34:13][DEBUG] jax_fem: DeviceProblem: computing Jacobian on device
[07-01 19:34:13][DEBUG] jax_fem: Function split_and_compute_cell took 0.0624 seconds
[07-01 19:34:13][DEBUG] jax_fem: CuDSSNewtonSolver: iter=1  res=6.422e-06  rel=2.873e-14
[07-01 19:34:13][INFO] jax_fem: CuDSSNewtonSolver: solve finished in 0.12s  res=6.422e-06
[07-01 19:34:13][DEBUG] jax_fem: CuDSSNewtonSolver: starting Newton loop
[07-01 19:34:13][DEBUG] jax_fem: DeviceProblem: computing Jacobian on device
[07-01 19:34:13][DEBUG] jax_fem: Function split_and_compute_cell took 0.0375 seconds
[07-01 19:34:13][DEBUG] jax_fem: CuDSSNewtonSolver: initial residual = 2.217e+08
[07-01 19:34:14][DEBUG] jax_fem: DeviceProblem: computing Jacobian on device
[07-01 19:34:14][DEBUG] jax_fem: Function split_and_compute_cell took 0.0322 seconds
[07-01 19:34:14][DEBUG] jax_fem: CuDSSNewtonSolver: iter=1  res=8.001e-06  rel=3.610e-14
[07-01 19:34:14][INFO] jax_fem: CuDSSNewtonSolver: solve finished in 0.11s  res=8.001e-06
[07-01 19:34:14][DEBUG] jax_fem: CuDSSNewtonSolver: starting Newton loop
[07-01 19:34:14][DEBUG] jax_fem: DeviceProblem: computing Jacobian on device
[07-01 19:34:14][DEBUG] jax_fem: Function split_and_compute_cell took 0.0408 seconds
[07-01 19:34:14][DEBUG] jax_fem: CuDSSNewtonSolver: initial residual = 2.211e+08
[07-01 19:34:14][DEBUG] jax_fem: DeviceProblem: computing Jacobian on device
[07-01 19:34:14][DEBUG] jax_fem: Function split_and_compute_cell took 0.0413 seconds
[07-01 19:34:14][DEBUG] jax_fem: CuDSSNewtonSolver: iter=1  res=7.682e-06  rel=3.475e-14
[07-01 19:34:14][INFO] jax_fem: CuDSSNewtonSolver: solve finished in 0.13s  res=7.682e-06
[07-01 19:34:14][DEBUG] jax_fem: CuDSSNewtonSolver: starting Newton loop
[07-01 19:34:14][DEBUG] jax_fem: DeviceProblem: computing Jacobian on device
[07-01 19:34:14][DEBUG] jax_fem: Function split_and_compute_cell took 0.0500 seconds
[07-01 19:34:14][DEBUG] jax_fem: CuDSSNewtonSolver: initial residual = 2.237e+08
[07-01 19:34:14][DEBUG] jax_fem: DeviceProblem: computing Jacobian on device
[07-01 19:34:14][DEBUG] jax_fem: Function split_and_compute_cell took 0.0458 seconds
[07-01 19:34:14][DEBUG] jax_fem: CuDSSNewtonSolver: iter=1  res=7.892e-06  rel=3.528e-14
[07-01 19:34:14][INFO] jax_fem: CuDSSNewtonSolver: solve finished in 0.14s  res=7.892e-06
[07-01 19:34:15][DEBUG] jax_fem: CuDSSNewtonSolver: starting Newton loop
[07-01 19:34:15][DEBUG] jax_fem: DeviceProblem: computing Jacobian on device
[07-01 19:34:15][DEBUG] jax_fem: Function split_and_compute_cell took 0.0414 seconds
[07-01 19:34:15][DEBUG] jax_fem: CuDSSNewtonSolver: initial residual = 2.223e+08
[07-01 19:34:15][DEBUG] jax_fem: DeviceProblem: computing Jacobian on device
[07-01 19:34:15][DEBUG] jax_fem: Function split_and_compute_cell took 0.0435 seconds
[07-01 19:34:15][DEBUG] jax_fem: CuDSSNewtonSolver: iter=1  res=9.081e-06  rel=4.084e-14
[07-01 19:34:15][INFO] jax_fem: CuDSSNewtonSolver: solve finished in 0.13s  res=9.081e-06
[07-01 19:34:16][DEBUG] jax_fem: CuDSSNewtonSolver: starting Newton loop
[07-01 19:34:16][DEBUG] jax_fem: DeviceProblem: computing Jacobian on device
[07-01 19:34:16][DEBUG] jax_fem: Function split_and_compute_cell took 0.0295 seconds
[07-01 19:34:16][DEBUG] jax_fem: CuDSSNewtonSolver: initial residual = 2.235e+08
[07-01 19:34:17][DEBUG] jax_fem: DeviceProblem: computing Jacobian on device
[07-01 19:34:17][DEBUG] jax_fem: Function split_and_compute_cell took 0.0288 seconds
[07-01 19:34:17][DEBUG] jax_fem: CuDSSNewtonSolver: iter=1  res=6.558e-06  rel=2.934e-14
[07-01 19:34:17][INFO] jax_fem: CuDSSNewtonSolver: solve finished in 0.10s  res=6.558e-06
[07-01 19:34:17][DEBUG] jax_fem: CuDSSNewtonSolver: starting Newton loop
[07-01 19:34:17][DEBUG] jax_fem: DeviceProblem: computing Jacobian on device
[07-01 19:34:17][DEBUG] jax_fem: Function split_and_compute_cell took 0.0290 seconds
[07-01 19:34:17][DEBUG] jax_fem: CuDSSNewtonSolver: initial residual = 2.217e+08
[07-01 19:34:17][DEBUG] jax_fem: DeviceProblem: computing Jacobian on device
[07-01 19:34:17][DEBUG] jax_fem: Function split_and_compute_cell took 0.0273 seconds
[07-01 19:34:17][DEBUG] jax_fem: CuDSSNewtonSolver: iter=1  res=7.745e-06  rel=3.494e-14
[07-01 19:34:17][INFO] jax_fem: CuDSSNewtonSolver: solve finished in 0.09s  res=7.745e-06
[07-01 19:34:18][DEBUG] jax_fem: CuDSSNewtonSolver: starting Newton loop
[07-01 19:34:18][DEBUG] jax_fem: DeviceProblem: computing Jacobian on device
[07-01 19:34:18][DEBUG] jax_fem: Function split_and_compute_cell took 0.0296 seconds
[07-01 19:34:18][DEBUG] jax_fem: CuDSSNewtonSolver: initial residual = 2.211e+08
[07-01 19:34:18][DEBUG] jax_fem: DeviceProblem: computing Jacobian on device
[07-01 19:34:18][DEBUG] jax_fem: Function split_and_compute_cell took 0.0284 seconds
[07-01 19:34:18][DEBUG] jax_fem: CuDSSNewtonSolver: iter=1  res=7.292e-06  rel=3.298e-14
[07-01 19:34:18][INFO] jax_fem: CuDSSNewtonSolver: solve finished in 0.09s  res=7.292e-06
[07-01 19:34:18][DEBUG] jax_fem: CuDSSNewtonSolver: starting Newton loop
[07-01 19:34:18][DEBUG] jax_fem: DeviceProblem: computing Jacobian on device
[07-01 19:34:18][DEBUG] jax_fem: Function split_and_compute_cell took 0.0281 seconds
[07-01 19:34:18][DEBUG] jax_fem: CuDSSNewtonSolver: initial residual = 2.237e+08
[07-01 19:34:18][DEBUG] jax_fem: DeviceProblem: computing Jacobian on device
[07-01 19:34:18][DEBUG] jax_fem: Function split_and_compute_cell took 0.0262 seconds
[07-01 19:34:18][DEBUG] jax_fem: CuDSSNewtonSolver: iter=1  res=7.724e-06  rel=3.453e-14
[07-01 19:34:18][INFO] jax_fem: CuDSSNewtonSolver: solve finished in 0.09s  res=7.724e-06
[07-01 19:34:19][DEBUG] jax_fem: CuDSSNewtonSolver: starting Newton loop
[07-01 19:34:19][DEBUG] jax_fem: DeviceProblem: computing Jacobian on device
[07-01 19:34:19][DEBUG] jax_fem: Function split_and_compute_cell took 0.0284 seconds
[07-01 19:34:19][DEBUG] jax_fem: CuDSSNewtonSolver: initial residual = 2.223e+08
[07-01 19:34:19][DEBUG] jax_fem: DeviceProblem: computing Jacobian on device
[07-01 19:34:19][DEBUG] jax_fem: Function split_and_compute_cell took 0.0297 seconds
[07-01 19:34:19][DEBUG] jax_fem: CuDSSNewtonSolver: iter=1  res=9.065e-06  rel=4.077e-14
[07-01 19:34:19][INFO] jax_fem: CuDSSNewtonSolver: solve finished in 0.09s  res=9.065e-06
[07-01 19:34:19][INFO] jax_fem: CuDSS backward: solving adjoint problem …
[07-01 19:34:19][DEBUG] jax_fem: DeviceProblem: computing Jacobian on device
[07-01 19:34:19][DEBUG] jax_fem: Function split_and_compute_cell took 0.0311 seconds
[07-01 19:34:19][DEBUG] jax_fem: Computing cell residual...
[07-01 19:34:19][DEBUG] jax_fem: Function split_and_compute_cell took 0.0678 seconds
[07-01 19:34:19][INFO] jax_fem: CuDSS backward: solving adjoint problem …
[07-01 19:34:19][DEBUG] jax_fem: DeviceProblem: computing Jacobian on device
[07-01 19:34:19][DEBUG] jax_fem: Function split_and_compute_cell took 0.0260 seconds
[07-01 19:34:20][DEBUG] jax_fem: Computing cell residual...
[07-01 19:34:20][DEBUG] jax_fem: Function split_and_compute_cell took 0.0687 seconds
[07-01 19:34:20][INFO] jax_fem: CuDSS backward: solving adjoint problem …
[07-01 19:34:20][DEBUG] jax_fem: DeviceProblem: computing Jacobian on device
[07-01 19:34:20][DEBUG] jax_fem: Function split_and_compute_cell took 0.0395 seconds
[07-01 19:34:20][DEBUG] jax_fem: Computing cell residual...
[07-01 19:34:20][DEBUG] jax_fem: Function split_and_compute_cell took 0.0690 seconds
[07-01 19:34:20][INFO] jax_fem: CuDSS backward: solving adjoint problem …
[07-01 19:34:20][DEBUG] jax_fem: DeviceProblem: computing Jacobian on device
[07-01 19:34:20][DEBUG] jax_fem: Function split_and_compute_cell took 0.0319 seconds
[07-01 19:34:20][DEBUG] jax_fem: Computing cell residual...
[07-01 19:34:20][DEBUG] jax_fem: Function split_and_compute_cell took 0.0738 seconds
[07-01 19:34:21][INFO] jax_fem: CuDSS backward: solving adjoint problem …
[07-01 19:34:21][DEBUG] jax_fem: DeviceProblem: computing Jacobian on device
[07-01 19:34:21][DEBUG] jax_fem: Function split_and_compute_cell took 0.0301 seconds
[07-01 19:34:21][DEBUG] jax_fem: Computing cell residual...
[07-01 19:34:21][DEBUG] jax_fem: Function split_and_compute_cell took 0.0648 seconds
[07-01 19:34:22][DEBUG] jax_fem: CuDSSNewtonSolver: starting Newton loop
[07-01 19:34:22][DEBUG] jax_fem: DeviceProblem: computing Jacobian on device
[07-01 19:34:22][DEBUG] jax_fem: Function split_and_compute_cell took 0.0375 seconds
[07-01 19:34:22][DEBUG] jax_fem: CuDSSNewtonSolver: initial residual = 2.235e+08
[07-01 19:34:22][DEBUG] jax_fem: DeviceProblem: computing Jacobian on device
[07-01 19:34:22][DEBUG] jax_fem: Function split_and_compute_cell took 0.0323 seconds
[07-01 19:34:22][DEBUG] jax_fem: CuDSSNewtonSolver: iter=1  res=6.776e-06  rel=3.032e-14
[07-01 19:34:22][INFO] jax_fem: CuDSSNewtonSolver: solve finished in 0.11s  res=6.776e-06
[07-01 19:34:23][DEBUG] jax_fem: CuDSSNewtonSolver: starting Newton loop
[07-01 19:34:23][DEBUG] jax_fem: DeviceProblem: computing Jacobian on device
[07-01 19:34:23][DEBUG] jax_fem: Function split_and_compute_cell took 0.0459 seconds
[07-01 19:34:23][DEBUG] jax_fem: CuDSSNewtonSolver: initial residual = 2.217e+08
[07-01 19:34:23][DEBUG] jax_fem: DeviceProblem: computing Jacobian on device
[07-01 19:34:23][DEBUG] jax_fem: Function split_and_compute_cell took 0.0381 seconds
[07-01 19:34:23][DEBUG] jax_fem: CuDSSNewtonSolver: iter=1  res=8.066e-06  rel=3.639e-14
[07-01 19:34:23][INFO] jax_fem: CuDSSNewtonSolver: solve finished in 0.12s  res=8.066e-06
[07-01 19:34:23][DEBUG] jax_fem: CuDSSNewtonSolver: starting Newton loop
[07-01 19:34:23][DEBUG] jax_fem: DeviceProblem: computing Jacobian on device
[07-01 19:34:23][DEBUG] jax_fem: Function split_and_compute_cell took 0.0547 seconds
[07-01 19:34:23][DEBUG] jax_fem: CuDSSNewtonSolver: initial residual = 2.211e+08
[07-01 19:34:23][DEBUG] jax_fem: DeviceProblem: computing Jacobian on device
[07-01 19:34:23][DEBUG] jax_fem: Function split_and_compute_cell took 0.0334 seconds
[07-01 19:34:23][DEBUG] jax_fem: CuDSSNewtonSolver: iter=1  res=7.213e-06  rel=3.263e-14
[07-01 19:34:23][INFO] jax_fem: CuDSSNewtonSolver: solve finished in 0.13s  res=7.213e-06
[07-01 19:34:23][DEBUG] jax_fem: CuDSSNewtonSolver: starting Newton loop
[07-01 19:34:23][DEBUG] jax_fem: DeviceProblem: computing Jacobian on device
[07-01 19:34:23][DEBUG] jax_fem: Function split_and_compute_cell took 0.0322 seconds
[07-01 19:34:23][DEBUG] jax_fem: CuDSSNewtonSolver: initial residual = 2.237e+08
[07-01 19:34:23][DEBUG] jax_fem: DeviceProblem: computing Jacobian on device
[07-01 19:34:24][DEBUG] jax_fem: Function split_and_compute_cell took 0.0595 seconds
[07-01 19:34:24][DEBUG] jax_fem: CuDSSNewtonSolver: iter=1  res=7.734e-06  rel=3.458e-14
[07-01 19:34:24][INFO] jax_fem: CuDSSNewtonSolver: solve finished in 0.13s  res=7.734e-06
[07-01 19:34:24][DEBUG] jax_fem: CuDSSNewtonSolver: starting Newton loop
[07-01 19:34:24][DEBUG] jax_fem: DeviceProblem: computing Jacobian on device
[07-01 19:34:24][DEBUG] jax_fem: Function split_and_compute_cell took 0.0250 seconds
[07-01 19:34:24][DEBUG] jax_fem: CuDSSNewtonSolver: initial residual = 2.223e+08
[07-01 19:34:24][DEBUG] jax_fem: DeviceProblem: computing Jacobian on device
[07-01 19:34:24][DEBUG] jax_fem: Function split_and_compute_cell took 0.0276 seconds
[07-01 19:34:24][DEBUG] jax_fem: CuDSSNewtonSolver: iter=1  res=9.080e-06  rel=4.084e-14
[07-01 19:34:24][INFO] jax_fem: CuDSSNewtonSolver: solve finished in 0.09s  res=9.080e-06
[07-01 19:34:26][DEBUG] jax_fem: CuDSSNewtonSolver: starting Newton loop
[07-01 19:34:26][DEBUG] jax_fem: DeviceProblem: computing Jacobian on device
[07-01 19:34:26][DEBUG] jax_fem: Function split_and_compute_cell took 0.0291 seconds
[07-01 19:34:26][DEBUG] jax_fem: CuDSSNewtonSolver: initial residual = 2.235e+08
[07-01 19:34:26][DEBUG] jax_fem: DeviceProblem: computing Jacobian on device
[07-01 19:34:26][DEBUG] jax_fem: Function split_and_compute_cell took 0.0287 seconds
[07-01 19:34:26][DEBUG] jax_fem: CuDSSNewtonSolver: iter=1  res=6.903e-06  rel=3.089e-14
[07-01 19:34:26][INFO] jax_fem: CuDSSNewtonSolver: solve finished in 0.09s  res=6.903e-06
[07-01 19:34:26][DEBUG] jax_fem: CuDSSNewtonSolver: starting Newton loop
[07-01 19:34:26][DEBUG] jax_fem: DeviceProblem: computing Jacobian on device
[07-01 19:34:26][DEBUG] jax_fem: Function split_and_compute_cell took 0.0264 seconds
[07-01 19:34:26][DEBUG] jax_fem: CuDSSNewtonSolver: initial residual = 2.217e+08
[07-01 19:34:26][DEBUG] jax_fem: DeviceProblem: computing Jacobian on device
[07-01 19:34:26][DEBUG] jax_fem: Function split_and_compute_cell took 0.0271 seconds
[07-01 19:34:26][DEBUG] jax_fem: CuDSSNewtonSolver: iter=1  res=7.718e-06  rel=3.482e-14
[07-01 19:34:26][INFO] jax_fem: CuDSSNewtonSolver: solve finished in 0.09s  res=7.718e-06
[07-01 19:34:27][DEBUG] jax_fem: CuDSSNewtonSolver: starting Newton loop
[07-01 19:34:27][DEBUG] jax_fem: DeviceProblem: computing Jacobian on device
[07-01 19:34:27][DEBUG] jax_fem: Function split_and_compute_cell took 0.0284 seconds
[07-01 19:34:27][DEBUG] jax_fem: CuDSSNewtonSolver: initial residual = 2.211e+08
[07-01 19:34:27][DEBUG] jax_fem: DeviceProblem: computing Jacobian on device
[07-01 19:34:27][DEBUG] jax_fem: Function split_and_compute_cell took 0.0289 seconds
[07-01 19:34:27][DEBUG] jax_fem: CuDSSNewtonSolver: iter=1  res=7.345e-06  rel=3.322e-14
[07-01 19:34:27][INFO] jax_fem: CuDSSNewtonSolver: solve finished in 0.09s  res=7.345e-06
[07-01 19:34:28][DEBUG] jax_fem: CuDSSNewtonSolver: starting Newton loop
[07-01 19:34:28][DEBUG] jax_fem: DeviceProblem: computing Jacobian on device
[07-01 19:34:28][DEBUG] jax_fem: Function split_and_compute_cell took 0.0281 seconds
[07-01 19:34:28][DEBUG] jax_fem: CuDSSNewtonSolver: initial residual = 2.237e+08
[07-01 19:34:28][DEBUG] jax_fem: DeviceProblem: computing Jacobian on device
[07-01 19:34:28][DEBUG] jax_fem: Function split_and_compute_cell took 0.0294 seconds
[07-01 19:34:28][DEBUG] jax_fem: CuDSSNewtonSolver: iter=1  res=7.772e-06  rel=3.475e-14
[07-01 19:34:28][INFO] jax_fem: CuDSSNewtonSolver: solve finished in 0.09s  res=7.772e-06
[07-01 19:34:28][DEBUG] jax_fem: CuDSSNewtonSolver: starting Newton loop
[07-01 19:34:28][DEBUG] jax_fem: DeviceProblem: computing Jacobian on device
[07-01 19:34:28][DEBUG] jax_fem: Function split_and_compute_cell took 0.0283 seconds
[07-01 19:34:28][DEBUG] jax_fem: CuDSSNewtonSolver: initial residual = 2.223e+08
[07-01 19:34:28][DEBUG] jax_fem: DeviceProblem: computing Jacobian on device
[07-01 19:34:28][DEBUG] jax_fem: Function split_and_compute_cell took 0.0287 seconds
[07-01 19:34:28][DEBUG] jax_fem: CuDSSNewtonSolver: iter=1  res=9.013e-06  rel=4.054e-14
[07-01 19:34:28][INFO] jax_fem: CuDSSNewtonSolver: solve finished in 0.09s  res=9.013e-06
[07-01 19:34:28][INFO] jax_fem: CuDSS backward: solving adjoint problem …
[07-01 19:34:28][DEBUG] jax_fem: DeviceProblem: computing Jacobian on device
[07-01 19:34:28][DEBUG] jax_fem: Function split_and_compute_cell took 0.0391 seconds
[07-01 19:34:28][DEBUG] jax_fem: Computing cell residual...
[07-01 19:34:28][DEBUG] jax_fem: Function split_and_compute_cell took 0.0571 seconds
[07-01 19:34:29][INFO] jax_fem: CuDSS backward: solving adjoint problem …
[07-01 19:34:29][DEBUG] jax_fem: DeviceProblem: computing Jacobian on device
[07-01 19:34:29][DEBUG] jax_fem: Function split_and_compute_cell took 0.0312 seconds
[07-01 19:34:29][DEBUG] jax_fem: Computing cell residual...
[07-01 19:34:29][DEBUG] jax_fem: Function split_and_compute_cell took 0.0662 seconds
[07-01 19:34:29][INFO] jax_fem: CuDSS backward: solving adjoint problem …
[07-01 19:34:29][DEBUG] jax_fem: DeviceProblem: computing Jacobian on device
[07-01 19:34:29][DEBUG] jax_fem: Function split_and_compute_cell took 0.0477 seconds
[07-01 19:34:29][DEBUG] jax_fem: Computing cell residual...
[07-01 19:34:29][DEBUG] jax_fem: Function split_and_compute_cell took 0.0647 seconds
[07-01 19:34:29][INFO] jax_fem: CuDSS backward: solving adjoint problem …
[07-01 19:34:29][DEBUG] jax_fem: DeviceProblem: computing Jacobian on device
[07-01 19:34:30][DEBUG] jax_fem: Function split_and_compute_cell took 0.0389 seconds
[07-01 19:34:30][DEBUG] jax_fem: Computing cell residual...
[07-01 19:34:30][DEBUG] jax_fem: Function split_and_compute_cell took 0.0679 seconds
[07-01 19:34:30][INFO] jax_fem: CuDSS backward: solving adjoint problem …
[07-01 19:34:30][DEBUG] jax_fem: DeviceProblem: computing Jacobian on device
[07-01 19:34:30][DEBUG] jax_fem: Function split_and_compute_cell took 0.0455 seconds
[07-01 19:34:30][DEBUG] jax_fem: Computing cell residual...
[07-01 19:34:30][DEBUG] jax_fem: Function split_and_compute_cell took 0.0740 seconds
[07-01 19:34:32][DEBUG] jax_fem: CuDSSNewtonSolver: starting Newton loop
[07-01 19:34:32][DEBUG] jax_fem: DeviceProblem: computing Jacobian on device
[07-01 19:34:32][DEBUG] jax_fem: Function split_and_compute_cell took 0.0545 seconds
[07-01 19:34:32][DEBUG] jax_fem: CuDSSNewtonSolver: initial residual = 2.235e+08
[07-01 19:34:32][DEBUG] jax_fem: DeviceProblem: computing Jacobian on device
[07-01 19:34:32][DEBUG] jax_fem: Function split_and_compute_cell took 0.0463 seconds
[07-01 19:34:32][DEBUG] jax_fem: CuDSSNewtonSolver: iter=1  res=6.755e-06  rel=3.022e-14
[07-01 19:34:32][INFO] jax_fem: CuDSSNewtonSolver: solve finished in 0.15s  res=6.755e-06
[07-01 19:34:32][DEBUG] jax_fem: CuDSSNewtonSolver: starting Newton loop
[07-01 19:34:32][DEBUG] jax_fem: DeviceProblem: computing Jacobian on device
[07-01 19:34:32][DEBUG] jax_fem: Function split_and_compute_cell took 0.0273 seconds
[07-01 19:34:32][DEBUG] jax_fem: CuDSSNewtonSolver: initial residual = 2.217e+08
[07-01 19:34:32][DEBUG] jax_fem: DeviceProblem: computing Jacobian on device
[07-01 19:34:32][DEBUG] jax_fem: Function split_and_compute_cell took 0.0340 seconds
[07-01 19:34:32][DEBUG] jax_fem: CuDSSNewtonSolver: iter=1  res=7.622e-06  rel=3.439e-14
[07-01 19:34:32][INFO] jax_fem: CuDSSNewtonSolver: solve finished in 0.10s  res=7.622e-06
[07-01 19:34:32][DEBUG] jax_fem: CuDSSNewtonSolver: starting Newton loop
[07-01 19:34:32][DEBUG] jax_fem: DeviceProblem: computing Jacobian on device
[07-01 19:34:33][DEBUG] jax_fem: Function split_and_compute_cell took 0.0324 seconds
[07-01 19:34:33][DEBUG] jax_fem: CuDSSNewtonSolver: initial residual = 2.211e+08
[07-01 19:34:33][DEBUG] jax_fem: DeviceProblem: computing Jacobian on device
[07-01 19:34:33][DEBUG] jax_fem: Function split_and_compute_cell took 0.0277 seconds
[07-01 19:34:33][DEBUG] jax_fem: CuDSSNewtonSolver: iter=1  res=7.195e-06  rel=3.254e-14
[07-01 19:34:33][INFO] jax_fem: CuDSSNewtonSolver: solve finished in 0.10s  res=7.195e-06
[07-01 19:34:33][DEBUG] jax_fem: CuDSSNewtonSolver: starting Newton loop
[07-01 19:34:33][DEBUG] jax_fem: DeviceProblem: computing Jacobian on device
[07-01 19:34:33][DEBUG] jax_fem: Function split_and_compute_cell took 0.0350 seconds
[07-01 19:34:33][DEBUG] jax_fem: CuDSSNewtonSolver: initial residual = 2.237e+08
[07-01 19:34:33][DEBUG] jax_fem: DeviceProblem: computing Jacobian on device
[07-01 19:34:33][DEBUG] jax_fem: Function split_and_compute_cell took 0.0354 seconds
[07-01 19:34:33][DEBUG] jax_fem: CuDSSNewtonSolver: iter=1  res=8.415e-06  rel=3.762e-14
[07-01 19:34:33][INFO] jax_fem: CuDSSNewtonSolver: solve finished in 0.11s  res=8.415e-06
[07-01 19:34:33][DEBUG] jax_fem: CuDSSNewtonSolver: starting Newton loop
[07-01 19:34:33][DEBUG] jax_fem: DeviceProblem: computing Jacobian on device
[07-01 19:34:33][DEBUG] jax_fem: Function split_and_compute_cell took 0.0410 seconds
[07-01 19:34:33][DEBUG] jax_fem: CuDSSNewtonSolver: initial residual = 2.223e+08
[07-01 19:34:33][DEBUG] jax_fem: DeviceProblem: computing Jacobian on device
[07-01 19:34:33][DEBUG] jax_fem: Function split_and_compute_cell took 0.0362 seconds
[07-01 19:34:33][DEBUG] jax_fem: CuDSSNewtonSolver: iter=1  res=8.691e-06  rel=3.909e-14
[07-01 19:34:33][INFO] jax_fem: CuDSSNewtonSolver: solve finished in 0.12s  res=8.691e-06
[07-01 19:34:35][DEBUG] jax_fem: CuDSSNewtonSolver: starting Newton loop
[07-01 19:34:35][DEBUG] jax_fem: DeviceProblem: computing Jacobian on device
[07-01 19:34:35][DEBUG] jax_fem: Function split_and_compute_cell took 0.0278 seconds
[07-01 19:34:35][DEBUG] jax_fem: CuDSSNewtonSolver: initial residual = 2.235e+08
[07-01 19:34:35][DEBUG] jax_fem: DeviceProblem: computing Jacobian on device
[07-01 19:34:35][DEBUG] jax_fem: Function split_and_compute_cell took 0.0273 seconds
[07-01 19:34:35][DEBUG] jax_fem: CuDSSNewtonSolver: iter=1  res=6.938e-06  rel=3.104e-14
[07-01 19:34:35][INFO] jax_fem: CuDSSNewtonSolver: solve finished in 0.09s  res=6.938e-06
[07-01 19:34:36][DEBUG] jax_fem: CuDSSNewtonSolver: starting Newton loop
[07-01 19:34:36][DEBUG] jax_fem: DeviceProblem: computing Jacobian on device
[07-01 19:34:36][DEBUG] jax_fem: Function split_and_compute_cell took 0.0309 seconds
[07-01 19:34:36][DEBUG] jax_fem: CuDSSNewtonSolver: initial residual = 2.217e+08
[07-01 19:34:36][DEBUG] jax_fem: DeviceProblem: computing Jacobian on device
[07-01 19:34:36][DEBUG] jax_fem: Function split_and_compute_cell took 0.0299 seconds
[07-01 19:34:36][DEBUG] jax_fem: CuDSSNewtonSolver: iter=1  res=7.548e-06  rel=3.405e-14
[07-01 19:34:36][INFO] jax_fem: CuDSSNewtonSolver: solve finished in 0.10s  res=7.548e-06
[07-01 19:34:36][DEBUG] jax_fem: CuDSSNewtonSolver: starting Newton loop
[07-01 19:34:36][DEBUG] jax_fem: DeviceProblem: computing Jacobian on device
[07-01 19:34:36][DEBUG] jax_fem: Function split_and_compute_cell took 0.0293 seconds
[07-01 19:34:36][DEBUG] jax_fem: CuDSSNewtonSolver: initial residual = 2.211e+08
[07-01 19:34:36][DEBUG] jax_fem: DeviceProblem: computing Jacobian on device
[07-01 19:34:36][DEBUG] jax_fem: Function split_and_compute_cell took 0.0296 seconds
[07-01 19:34:36][DEBUG] jax_fem: CuDSSNewtonSolver: iter=1  res=7.684e-06  rel=3.475e-14
[07-01 19:34:36][INFO] jax_fem: CuDSSNewtonSolver: solve finished in 0.10s  res=7.684e-06
[07-01 19:34:37][DEBUG] jax_fem: CuDSSNewtonSolver: starting Newton loop
[07-01 19:34:37][DEBUG] jax_fem: DeviceProblem: computing Jacobian on device
[07-01 19:34:37][DEBUG] jax_fem: Function split_and_compute_cell took 0.0293 seconds
[07-01 19:34:37][DEBUG] jax_fem: CuDSSNewtonSolver: initial residual = 2.237e+08
[07-01 19:34:37][DEBUG] jax_fem: DeviceProblem: computing Jacobian on device
[07-01 19:34:37][DEBUG] jax_fem: Function split_and_compute_cell took 0.0282 seconds
[07-01 19:34:37][DEBUG] jax_fem: CuDSSNewtonSolver: iter=1  res=8.045e-06  rel=3.597e-14
[07-01 19:34:37][INFO] jax_fem: CuDSSNewtonSolver: solve finished in 0.09s  res=8.045e-06
[07-01 19:34:37][DEBUG] jax_fem: CuDSSNewtonSolver: starting Newton loop
[07-01 19:34:37][DEBUG] jax_fem: DeviceProblem: computing Jacobian on device
[07-01 19:34:37][DEBUG] jax_fem: Function split_and_compute_cell took 0.0274 seconds
[07-01 19:34:37][DEBUG] jax_fem: CuDSSNewtonSolver: initial residual = 2.223e+08
[07-01 19:34:37][DEBUG] jax_fem: DeviceProblem: computing Jacobian on device
[07-01 19:34:38][DEBUG] jax_fem: Function split_and_compute_cell took 0.0281 seconds
[07-01 19:34:38][DEBUG] jax_fem: CuDSSNewtonSolver: iter=1  res=8.908e-06  rel=4.006e-14
[07-01 19:34:38][INFO] jax_fem: CuDSSNewtonSolver: solve finished in 0.09s  res=8.908e-06
[07-01 19:34:38][INFO] jax_fem: CuDSS backward: solving adjoint problem …
[07-01 19:34:38][DEBUG] jax_fem: DeviceProblem: computing Jacobian on device
[07-01 19:34:38][DEBUG] jax_fem: Function split_and_compute_cell took 0.0645 seconds
[07-01 19:34:38][DEBUG] jax_fem: Computing cell residual...
[07-01 19:34:38][DEBUG] jax_fem: Function split_and_compute_cell took 0.0670 seconds
[07-01 19:34:38][INFO] jax_fem: CuDSS backward: solving adjoint problem …
[07-01 19:34:38][DEBUG] jax_fem: DeviceProblem: computing Jacobian on device
[07-01 19:34:38][DEBUG] jax_fem: Function split_and_compute_cell took 0.0560 seconds
[07-01 19:34:38][DEBUG] jax_fem: Computing cell residual...
[07-01 19:34:38][DEBUG] jax_fem: Function split_and_compute_cell took 0.0776 seconds
[07-01 19:34:38][INFO] jax_fem: CuDSS backward: solving adjoint problem …
[07-01 19:34:38][DEBUG] jax_fem: DeviceProblem: computing Jacobian on device
[07-01 19:34:38][DEBUG] jax_fem: Function split_and_compute_cell took 0.0522 seconds
[07-01 19:34:39][DEBUG] jax_fem: Computing cell residual...
[07-01 19:34:39][DEBUG] jax_fem: Function split_and_compute_cell took 0.0763 seconds
[07-01 19:34:39][INFO] jax_fem: CuDSS backward: solving adjoint problem …
[07-01 19:34:39][DEBUG] jax_fem: DeviceProblem: computing Jacobian on device
[07-01 19:34:39][DEBUG] jax_fem: Function split_and_compute_cell took 0.0426 seconds
[07-01 19:34:39][DEBUG] jax_fem: Computing cell residual...
[07-01 19:34:39][DEBUG] jax_fem: Function split_and_compute_cell took 0.0697 seconds
[07-01 19:34:39][INFO] jax_fem: CuDSS backward: solving adjoint problem …
[07-01 19:34:39][DEBUG] jax_fem: DeviceProblem: computing Jacobian on device
[07-01 19:34:39][DEBUG] jax_fem: Function split_and_compute_cell took 0.0437 seconds
[07-01 19:34:40][DEBUG] jax_fem: Computing cell residual...
[07-01 19:34:40][DEBUG] jax_fem: Function split_and_compute_cell took 0.0763 seconds
[07-01 19:34:41][DEBUG] jax_fem: CuDSSNewtonSolver: starting Newton loop
[07-01 19:34:41][DEBUG] jax_fem: DeviceProblem: computing Jacobian on device
[07-01 19:34:41][DEBUG] jax_fem: Function split_and_compute_cell took 0.0277 seconds
[07-01 19:34:41][DEBUG] jax_fem: CuDSSNewtonSolver: initial residual = 2.235e+08
[07-01 19:34:41][DEBUG] jax_fem: DeviceProblem: computing Jacobian on device
[07-01 19:34:41][DEBUG] jax_fem: Function split_and_compute_cell took 0.0521 seconds
[07-01 19:34:41][DEBUG] jax_fem: CuDSSNewtonSolver: iter=1  res=6.733e-06  rel=3.013e-14
[07-01 19:34:41][INFO] jax_fem: CuDSSNewtonSolver: solve finished in 0.12s  res=6.733e-06
[07-01 19:34:42][DEBUG] jax_fem: CuDSSNewtonSolver: starting Newton loop
[07-01 19:34:42][DEBUG] jax_fem: DeviceProblem: computing Jacobian on device
[07-01 19:34:42][DEBUG] jax_fem: Function split_and_compute_cell took 0.0299 seconds
[07-01 19:34:42][DEBUG] jax_fem: CuDSSNewtonSolver: initial residual = 2.217e+08
[07-01 19:34:42][DEBUG] jax_fem: DeviceProblem: computing Jacobian on device
[07-01 19:34:42][DEBUG] jax_fem: Function split_and_compute_cell took 0.0419 seconds
[07-01 19:34:42][DEBUG] jax_fem: CuDSSNewtonSolver: iter=1  res=7.811e-06  rel=3.524e-14
[07-01 19:34:42][INFO] jax_fem: CuDSSNewtonSolver: solve finished in 0.11s  res=7.811e-06
[07-01 19:34:42][DEBUG] jax_fem: CuDSSNewtonSolver: starting Newton loop
[07-01 19:34:42][DEBUG] jax_fem: DeviceProblem: computing Jacobian on device
[07-01 19:34:42][DEBUG] jax_fem: Function split_and_compute_cell took 0.0305 seconds
[07-01 19:34:42][DEBUG] jax_fem: CuDSSNewtonSolver: initial residual = 2.211e+08
[07-01 19:34:42][DEBUG] jax_fem: DeviceProblem: computing Jacobian on device
[07-01 19:34:42][DEBUG] jax_fem: Function split_and_compute_cell took 0.0259 seconds
[07-01 19:34:42][DEBUG] jax_fem: CuDSSNewtonSolver: iter=1  res=7.256e-06  rel=3.282e-14
[07-01 19:34:42][INFO] jax_fem: CuDSSNewtonSolver: solve finished in 0.11s  res=7.256e-06
[07-01 19:34:42][DEBUG] jax_fem: CuDSSNewtonSolver: starting Newton loop
[07-01 19:34:42][DEBUG] jax_fem: DeviceProblem: computing Jacobian on device
[07-01 19:34:42][DEBUG] jax_fem: Function split_and_compute_cell took 0.0440 seconds
[07-01 19:34:42][DEBUG] jax_fem: CuDSSNewtonSolver: initial residual = 2.237e+08
[07-01 19:34:42][DEBUG] jax_fem: DeviceProblem: computing Jacobian on device
[07-01 19:34:42][DEBUG] jax_fem: Function split_and_compute_cell took 0.0482 seconds
[07-01 19:34:42][DEBUG] jax_fem: CuDSSNewtonSolver: iter=1  res=7.359e-06  rel=3.290e-14
[07-01 19:34:42][INFO] jax_fem: CuDSSNewtonSolver: solve finished in 0.13s  res=7.359e-06
[07-01 19:34:43][DEBUG] jax_fem: CuDSSNewtonSolver: starting Newton loop
[07-01 19:34:43][DEBUG] jax_fem: DeviceProblem: computing Jacobian on device
[07-01 19:34:43][DEBUG] jax_fem: Function split_and_compute_cell took 0.0424 seconds
[07-01 19:34:43][DEBUG] jax_fem: CuDSSNewtonSolver: initial residual = 2.223e+08
[07-01 19:34:43][DEBUG] jax_fem: DeviceProblem: computing Jacobian on device
[07-01 19:34:43][DEBUG] jax_fem: Function split_and_compute_cell took 0.0462 seconds
[07-01 19:34:43][DEBUG] jax_fem: CuDSSNewtonSolver: iter=1  res=8.560e-06  rel=3.850e-14
[07-01 19:34:43][INFO] jax_fem: CuDSSNewtonSolver: solve finished in 0.13s  res=8.560e-06
[07-01 19:34:44][DEBUG] jax_fem: CuDSSNewtonSolver: starting Newton loop
[07-01 19:34:44][DEBUG] jax_fem: DeviceProblem: computing Jacobian on device
[07-01 19:34:45][DEBUG] jax_fem: Function split_and_compute_cell took 0.0277 seconds
[07-01 19:34:45][DEBUG] jax_fem: CuDSSNewtonSolver: initial residual = 2.235e+08
[07-01 19:34:45][DEBUG] jax_fem: DeviceProblem: computing Jacobian on device
[07-01 19:34:45][DEBUG] jax_fem: Function split_and_compute_cell took 0.0284 seconds
[07-01 19:34:45][DEBUG] jax_fem: CuDSSNewtonSolver: iter=1  res=6.485e-06  rel=2.902e-14
[07-01 19:34:45][INFO] jax_fem: CuDSSNewtonSolver: solve finished in 0.09s  res=6.485e-06
[07-01 19:34:45][DEBUG] jax_fem: CuDSSNewtonSolver: starting Newton loop
[07-01 19:34:45][DEBUG] jax_fem: DeviceProblem: computing Jacobian on device
[07-01 19:34:45][DEBUG] jax_fem: Function split_and_compute_cell took 0.0298 seconds
[07-01 19:34:45][DEBUG] jax_fem: CuDSSNewtonSolver: initial residual = 2.217e+08
[07-01 19:34:45][DEBUG] jax_fem: DeviceProblem: computing Jacobian on device
[07-01 19:34:45][DEBUG] jax_fem: Function split_and_compute_cell took 0.0288 seconds
[07-01 19:34:45][DEBUG] jax_fem: CuDSSNewtonSolver: iter=1  res=8.158e-06  rel=3.680e-14
[07-01 19:34:45][INFO] jax_fem: CuDSSNewtonSolver: solve finished in 0.10s  res=8.158e-06
[07-01 19:34:46][DEBUG] jax_fem: CuDSSNewtonSolver: starting Newton loop
[07-01 19:34:46][DEBUG] jax_fem: DeviceProblem: computing Jacobian on device
[07-01 19:34:46][DEBUG] jax_fem: Function split_and_compute_cell took 0.0289 seconds
[07-01 19:34:46][DEBUG] jax_fem: CuDSSNewtonSolver: initial residual = 2.211e+08
[07-01 19:34:46][DEBUG] jax_fem: DeviceProblem: computing Jacobian on device
[07-01 19:34:46][DEBUG] jax_fem: Function split_and_compute_cell took 0.0277 seconds
[07-01 19:34:46][DEBUG] jax_fem: CuDSSNewtonSolver: iter=1  res=7.501e-06  rel=3.393e-14
[07-01 19:34:46][INFO] jax_fem: CuDSSNewtonSolver: solve finished in 0.09s  res=7.501e-06
[07-01 19:34:46][DEBUG] jax_fem: CuDSSNewtonSolver: starting Newton loop
[07-01 19:34:46][DEBUG] jax_fem: DeviceProblem: computing Jacobian on device
[07-01 19:34:46][DEBUG] jax_fem: Function split_and_compute_cell took 0.0272 seconds
[07-01 19:34:46][DEBUG] jax_fem: CuDSSNewtonSolver: initial residual = 2.237e+08
[07-01 19:34:46][DEBUG] jax_fem: DeviceProblem: computing Jacobian on device
[07-01 19:34:46][DEBUG] jax_fem: Function split_and_compute_cell took 0.0281 seconds
[07-01 19:34:46][DEBUG] jax_fem: CuDSSNewtonSolver: iter=1  res=7.678e-06  rel=3.433e-14
[07-01 19:34:46][INFO] jax_fem: CuDSSNewtonSolver: solve finished in 0.09s  res=7.678e-06
[07-01 19:34:47][DEBUG] jax_fem: CuDSSNewtonSolver: starting Newton loop
[07-01 19:34:47][DEBUG] jax_fem: DeviceProblem: computing Jacobian on device
[07-01 19:34:47][DEBUG] jax_fem: Function split_and_compute_cell took 0.0274 seconds
[07-01 19:34:47][DEBUG] jax_fem: CuDSSNewtonSolver: initial residual = 2.223e+08
[07-01 19:34:47][DEBUG] jax_fem: DeviceProblem: computing Jacobian on device
[07-01 19:34:47][DEBUG] jax_fem: Function split_and_compute_cell took 0.0282 seconds
[07-01 19:34:47][DEBUG] jax_fem: CuDSSNewtonSolver: iter=1  res=8.515e-06  rel=3.830e-14
[07-01 19:34:47][INFO] jax_fem: CuDSSNewtonSolver: solve finished in 0.09s  res=8.515e-06
[07-01 19:34:47][INFO] jax_fem: CuDSS backward: solving adjoint problem …
[07-01 19:34:47][DEBUG] jax_fem: DeviceProblem: computing Jacobian on device
[07-01 19:34:47][DEBUG] jax_fem: Function split_and_compute_cell took 0.0407 seconds
[07-01 19:34:47][DEBUG] jax_fem: Computing cell residual...
[07-01 19:34:47][DEBUG] jax_fem: Function split_and_compute_cell took 0.0833 seconds
[07-01 19:34:48][INFO] jax_fem: CuDSS backward: solving adjoint problem …
[07-01 19:34:48][DEBUG] jax_fem: DeviceProblem: computing Jacobian on device
[07-01 19:34:48][DEBUG] jax_fem: Function split_and_compute_cell took 0.0439 seconds
[07-01 19:34:48][DEBUG] jax_fem: Computing cell residual...
[07-01 19:34:48][DEBUG] jax_fem: Function split_and_compute_cell took 0.0806 seconds
[07-01 19:34:48][INFO] jax_fem: CuDSS backward: solving adjoint problem …
[07-01 19:34:48][DEBUG] jax_fem: DeviceProblem: computing Jacobian on device
[07-01 19:34:48][DEBUG] jax_fem: Function split_and_compute_cell took 0.0334 seconds
[07-01 19:34:48][DEBUG] jax_fem: Computing cell residual...
[07-01 19:34:48][DEBUG] jax_fem: Function split_and_compute_cell took 0.0652 seconds
[07-01 19:34:48][INFO] jax_fem: CuDSS backward: solving adjoint problem …
[07-01 19:34:48][DEBUG] jax_fem: DeviceProblem: computing Jacobian on device
[07-01 19:34:48][DEBUG] jax_fem: Function split_and_compute_cell took 0.0357 seconds
[07-01 19:34:48][DEBUG] jax_fem: Computing cell residual...
[07-01 19:34:49][DEBUG] jax_fem: Function split_and_compute_cell took 0.0762 seconds
[07-01 19:34:49][INFO] jax_fem: CuDSS backward: solving adjoint problem …
[07-01 19:34:49][DEBUG] jax_fem: DeviceProblem: computing Jacobian on device
[07-01 19:34:49][DEBUG] jax_fem: Function split_and_compute_cell took 0.0381 seconds
[07-01 19:34:49][DEBUG] jax_fem: Computing cell residual...
[07-01 19:34:49][DEBUG] jax_fem: Function split_and_compute_cell took 0.0525 seconds
[07-01 19:34:51][DEBUG] jax_fem: CuDSSNewtonSolver: starting Newton loop
[07-01 19:34:51][DEBUG] jax_fem: DeviceProblem: computing Jacobian on device
[07-01 19:34:51][DEBUG] jax_fem: Function split_and_compute_cell took 0.0287 seconds
[07-01 19:34:51][DEBUG] jax_fem: CuDSSNewtonSolver: initial residual = 2.235e+08
[07-01 19:34:51][DEBUG] jax_fem: DeviceProblem: computing Jacobian on device
[07-01 19:34:51][DEBUG] jax_fem: Function split_and_compute_cell took 0.0429 seconds
[07-01 19:34:51][DEBUG] jax_fem: CuDSSNewtonSolver: iter=1  res=6.723e-06  rel=3.008e-14
[07-01 19:34:51][INFO] jax_fem: CuDSSNewtonSolver: solve finished in 0.11s  res=6.723e-06
[07-01 19:34:51][DEBUG] jax_fem: CuDSSNewtonSolver: starting Newton loop
[07-01 19:34:51][DEBUG] jax_fem: DeviceProblem: computing Jacobian on device
[07-01 19:34:51][DEBUG] jax_fem: Function split_and_compute_cell took 0.0500 seconds
[07-01 19:34:51][DEBUG] jax_fem: CuDSSNewtonSolver: initial residual = 2.217e+08
[07-01 19:34:51][DEBUG] jax_fem: DeviceProblem: computing Jacobian on device
[07-01 19:34:51][DEBUG] jax_fem: Function split_and_compute_cell took 0.0408 seconds
[07-01 19:34:51][DEBUG] jax_fem: CuDSSNewtonSolver: iter=1  res=7.792e-06  rel=3.515e-14
[07-01 19:34:51][INFO] jax_fem: CuDSSNewtonSolver: solve finished in 0.14s  res=7.792e-06
[07-01 19:34:51][DEBUG] jax_fem: CuDSSNewtonSolver: starting Newton loop
[07-01 19:34:51][DEBUG] jax_fem: DeviceProblem: computing Jacobian on device
[07-01 19:34:51][DEBUG] jax_fem: Function split_and_compute_cell took 0.0449 seconds
[07-01 19:34:51][DEBUG] jax_fem: CuDSSNewtonSolver: initial residual = 2.211e+08
[07-01 19:34:51][DEBUG] jax_fem: DeviceProblem: computing Jacobian on device
[07-01 19:34:51][DEBUG] jax_fem: Function split_and_compute_cell took 0.0404 seconds
[07-01 19:34:51][DEBUG] jax_fem: CuDSSNewtonSolver: iter=1  res=7.385e-06  rel=3.340e-14
[07-01 19:34:51][INFO] jax_fem: CuDSSNewtonSolver: solve finished in 0.12s  res=7.385e-06
[07-01 19:34:52][DEBUG] jax_fem: CuDSSNewtonSolver: starting Newton loop
[07-01 19:34:52][DEBUG] jax_fem: DeviceProblem: computing Jacobian on device
[07-01 19:34:52][DEBUG] jax_fem: Function split_and_compute_cell took 0.0495 seconds
[07-01 19:34:52][DEBUG] jax_fem: CuDSSNewtonSolver: initial residual = 2.237e+08
[07-01 19:34:52][DEBUG] jax_fem: DeviceProblem: computing Jacobian on device
[07-01 19:34:52][DEBUG] jax_fem: Function split_and_compute_cell took 0.0395 seconds
[07-01 19:34:52][DEBUG] jax_fem: CuDSSNewtonSolver: iter=1  res=7.675e-06  rel=3.431e-14
[07-01 19:34:52][INFO] jax_fem: CuDSSNewtonSolver: solve finished in 0.13s  res=7.675e-06
[07-01 19:34:52][DEBUG] jax_fem: CuDSSNewtonSolver: starting Newton loop
[07-01 19:34:52][DEBUG] jax_fem: DeviceProblem: computing Jacobian on device
[07-01 19:34:52][DEBUG] jax_fem: Function split_and_compute_cell took 0.0439 seconds
[07-01 19:34:52][DEBUG] jax_fem: CuDSSNewtonSolver: initial residual = 2.223e+08
[07-01 19:34:52][DEBUG] jax_fem: DeviceProblem: computing Jacobian on device
[07-01 19:34:52][DEBUG] jax_fem: Function split_and_compute_cell took 0.0305 seconds
[07-01 19:34:52][DEBUG] jax_fem: CuDSSNewtonSolver: iter=1  res=9.154e-06  rel=4.117e-14
[07-01 19:34:52][INFO] jax_fem: CuDSSNewtonSolver: solve finished in 0.11s  res=9.154e-06
[07-01 19:34:54][DEBUG] jax_fem: CuDSSNewtonSolver: starting Newton loop
[07-01 19:34:54][DEBUG] jax_fem: DeviceProblem: computing Jacobian on device
[07-01 19:34:54][DEBUG] jax_fem: Function split_and_compute_cell took 0.0266 seconds
[07-01 19:34:54][DEBUG] jax_fem: CuDSSNewtonSolver: initial residual = 2.235e+08
[07-01 19:34:54][DEBUG] jax_fem: DeviceProblem: computing Jacobian on device
[07-01 19:34:54][DEBUG] jax_fem: Function split_and_compute_cell took 0.0285 seconds
[07-01 19:34:54][DEBUG] jax_fem: CuDSSNewtonSolver: iter=1  res=7.204e-06  rel=3.223e-14
[07-01 19:34:54][INFO] jax_fem: CuDSSNewtonSolver: solve finished in 0.09s  res=7.204e-06
[07-01 19:34:55][DEBUG] jax_fem: CuDSSNewtonSolver: starting Newton loop
[07-01 19:34:55][DEBUG] jax_fem: DeviceProblem: computing Jacobian on device
[07-01 19:34:55][DEBUG] jax_fem: Function split_and_compute_cell took 0.0280 seconds
[07-01 19:34:55][DEBUG] jax_fem: CuDSSNewtonSolver: initial residual = 2.217e+08
[07-01 19:34:55][DEBUG] jax_fem: DeviceProblem: computing Jacobian on device
[07-01 19:34:55][DEBUG] jax_fem: Function split_and_compute_cell took 0.0263 seconds
[07-01 19:34:55][DEBUG] jax_fem: CuDSSNewtonSolver: iter=1  res=8.638e-06  rel=3.897e-14
[07-01 19:34:55][INFO] jax_fem: CuDSSNewtonSolver: solve finished in 0.09s  res=8.638e-06
[07-01 19:34:55][DEBUG] jax_fem: CuDSSNewtonSolver: starting Newton loop
[07-01 19:34:55][DEBUG] jax_fem: DeviceProblem: computing Jacobian on device
[07-01 19:34:55][DEBUG] jax_fem: Function split_and_compute_cell took 0.0275 seconds
[07-01 19:34:55][DEBUG] jax_fem: CuDSSNewtonSolver: initial residual = 2.211e+08
[07-01 19:34:55][DEBUG] jax_fem: DeviceProblem: computing Jacobian on device
[07-01 19:34:55][DEBUG] jax_fem: Function split_and_compute_cell took 0.0278 seconds
[07-01 19:34:55][DEBUG] jax_fem: CuDSSNewtonSolver: iter=1  res=7.067e-06  rel=3.197e-14
[07-01 19:34:55][INFO] jax_fem: CuDSSNewtonSolver: solve finished in 0.09s  res=7.067e-06
[07-01 19:34:56][DEBUG] jax_fem: CuDSSNewtonSolver: starting Newton loop
[07-01 19:34:56][DEBUG] jax_fem: DeviceProblem: computing Jacobian on device
[07-01 19:34:56][DEBUG] jax_fem: Function split_and_compute_cell took 0.0285 seconds
[07-01 19:34:56][DEBUG] jax_fem: CuDSSNewtonSolver: initial residual = 2.237e+08
[07-01 19:34:56][DEBUG] jax_fem: DeviceProblem: computing Jacobian on device
[07-01 19:34:56][DEBUG] jax_fem: Function split_and_compute_cell took 0.0264 seconds
[07-01 19:34:56][DEBUG] jax_fem: CuDSSNewtonSolver: iter=1  res=7.789e-06  rel=3.482e-14
[07-01 19:34:56][INFO] jax_fem: CuDSSNewtonSolver: solve finished in 0.09s  res=7.789e-06
[07-01 19:34:57][DEBUG] jax_fem: CuDSSNewtonSolver: starting Newton loop
[07-01 19:34:57][DEBUG] jax_fem: DeviceProblem: computing Jacobian on device
[07-01 19:34:57][DEBUG] jax_fem: Function split_and_compute_cell took 0.0285 seconds
[07-01 19:34:57][DEBUG] jax_fem: CuDSSNewtonSolver: initial residual = 2.223e+08
[07-01 19:34:57][DEBUG] jax_fem: DeviceProblem: computing Jacobian on device
[07-01 19:34:57][DEBUG] jax_fem: Function split_and_compute_cell took 0.0288 seconds
[07-01 19:34:57][DEBUG] jax_fem: CuDSSNewtonSolver: iter=1  res=9.297e-06  rel=4.182e-14
[07-01 19:34:57][INFO] jax_fem: CuDSSNewtonSolver: solve finished in 0.10s  res=9.297e-06
[07-01 19:34:57][INFO] jax_fem: CuDSS backward: solving adjoint problem …
[07-01 19:34:57][DEBUG] jax_fem: DeviceProblem: computing Jacobian on device
[07-01 19:34:57][DEBUG] jax_fem: Function split_and_compute_cell took 0.0325 seconds
[07-01 19:34:57][DEBUG] jax_fem: Computing cell residual...
[07-01 19:34:57][DEBUG] jax_fem: Function split_and_compute_cell took 0.0775 seconds
[07-01 19:34:57][INFO] jax_fem: CuDSS backward: solving adjoint problem …
[07-01 19:34:57][DEBUG] jax_fem: DeviceProblem: computing Jacobian on device
[07-01 19:34:57][DEBUG] jax_fem: Function split_and_compute_cell took 0.0326 seconds
[07-01 19:34:57][DEBUG] jax_fem: Computing cell residual...
[07-01 19:34:57][DEBUG] jax_fem: Function split_and_compute_cell took 0.0823 seconds
[07-01 19:34:57][INFO] jax_fem: CuDSS backward: solving adjoint problem …
[07-01 19:34:58][DEBUG] jax_fem: DeviceProblem: computing Jacobian on device
[07-01 19:34:58][DEBUG] jax_fem: Function split_and_compute_cell took 0.0308 seconds
[07-01 19:34:58][DEBUG] jax_fem: Computing cell residual...
[07-01 19:34:58][DEBUG] jax_fem: Function split_and_compute_cell took 0.0668 seconds
[07-01 19:34:58][INFO] jax_fem: CuDSS backward: solving adjoint problem …
[07-01 19:34:58][DEBUG] jax_fem: DeviceProblem: computing Jacobian on device
[07-01 19:34:58][DEBUG] jax_fem: Function split_and_compute_cell took 0.0463 seconds
[07-01 19:34:58][DEBUG] jax_fem: Computing cell residual...
[07-01 19:34:58][DEBUG] jax_fem: Function split_and_compute_cell took 0.0606 seconds
[07-01 19:34:58][INFO] jax_fem: CuDSS backward: solving adjoint problem …
[07-01 19:34:58][DEBUG] jax_fem: DeviceProblem: computing Jacobian on device
[07-01 19:34:58][DEBUG] jax_fem: Function split_and_compute_cell took 0.0344 seconds
[07-01 19:34:58][DEBUG] jax_fem: Computing cell residual...
[07-01 19:34:58][DEBUG] jax_fem: Function split_and_compute_cell took 0.0618 seconds
[07-01 19:35:00][DEBUG] jax_fem: CuDSSNewtonSolver: starting Newton loop
[07-01 19:35:00][DEBUG] jax_fem: DeviceProblem: computing Jacobian on device
[07-01 19:35:00][DEBUG] jax_fem: Function split_and_compute_cell took 0.0329 seconds
[07-01 19:35:00][DEBUG] jax_fem: CuDSSNewtonSolver: initial residual = 2.235e+08
[07-01 19:35:00][DEBUG] jax_fem: DeviceProblem: computing Jacobian on device
[07-01 19:35:00][DEBUG] jax_fem: Function split_and_compute_cell took 0.0311 seconds
[07-01 19:35:00][DEBUG] jax_fem: CuDSSNewtonSolver: iter=1  res=6.815e-06  rel=3.049e-14
[07-01 19:35:00][INFO] jax_fem: CuDSSNewtonSolver: solve finished in 0.11s  res=6.815e-06
[07-01 19:35:00][DEBUG] jax_fem: CuDSSNewtonSolver: starting Newton loop
[07-01 19:35:00][DEBUG] jax_fem: DeviceProblem: computing Jacobian on device
[07-01 19:35:00][DEBUG] jax_fem: Function split_and_compute_cell took 0.0275 seconds
[07-01 19:35:00][DEBUG] jax_fem: CuDSSNewtonSolver: initial residual = 2.217e+08
[07-01 19:35:00][DEBUG] jax_fem: DeviceProblem: computing Jacobian on device
[07-01 19:35:00][DEBUG] jax_fem: Function split_and_compute_cell took 0.0457 seconds
[07-01 19:35:00][DEBUG] jax_fem: CuDSSNewtonSolver: iter=1  res=7.827e-06  rel=3.531e-14
[07-01 19:35:00][INFO] jax_fem: CuDSSNewtonSolver: solve finished in 0.12s  res=7.827e-06
[07-01 19:35:01][DEBUG] jax_fem: CuDSSNewtonSolver: starting Newton loop
[07-01 19:35:01][DEBUG] jax_fem: DeviceProblem: computing Jacobian on device
[07-01 19:35:01][DEBUG] jax_fem: Function split_and_compute_cell took 0.0381 seconds
[07-01 19:35:01][DEBUG] jax_fem: CuDSSNewtonSolver: initial residual = 2.211e+08
[07-01 19:35:01][DEBUG] jax_fem: DeviceProblem: computing Jacobian on device
[07-01 19:35:01][DEBUG] jax_fem: Function split_and_compute_cell took 0.0286 seconds
[07-01 19:35:01][DEBUG] jax_fem: CuDSSNewtonSolver: iter=1  res=7.189e-06  rel=3.252e-14
[07-01 19:35:01][INFO] jax_fem: CuDSSNewtonSolver: solve finished in 0.11s  res=7.189e-06
[07-01 19:35:01][DEBUG] jax_fem: CuDSSNewtonSolver: starting Newton loop
[07-01 19:35:01][DEBUG] jax_fem: DeviceProblem: computing Jacobian on device
[07-01 19:35:01][DEBUG] jax_fem: Function split_and_compute_cell took 0.0252 seconds
[07-01 19:35:01][DEBUG] jax_fem: CuDSSNewtonSolver: initial residual = 2.237e+08
[07-01 19:35:01][DEBUG] jax_fem: DeviceProblem: computing Jacobian on device
[07-01 19:35:01][DEBUG] jax_fem: Function split_and_compute_cell took 0.0667 seconds
[07-01 19:35:01][DEBUG] jax_fem: CuDSSNewtonSolver: iter=1  res=7.658e-06  rel=3.424e-14
[07-01 19:35:01][INFO] jax_fem: CuDSSNewtonSolver: solve finished in 0.13s  res=7.658e-06
[07-01 19:35:01][DEBUG] jax_fem: CuDSSNewtonSolver: starting Newton loop
[07-01 19:35:01][DEBUG] jax_fem: DeviceProblem: computing Jacobian on device
[07-01 19:35:02][DEBUG] jax_fem: Function split_and_compute_cell took 0.0478 seconds
[07-01 19:35:02][DEBUG] jax_fem: CuDSSNewtonSolver: initial residual = 2.223e+08
[07-01 19:35:02][DEBUG] jax_fem: DeviceProblem: computing Jacobian on device
[07-01 19:35:02][DEBUG] jax_fem: Function split_and_compute_cell took 0.0395 seconds
[07-01 19:35:02][DEBUG] jax_fem: CuDSSNewtonSolver: iter=1  res=8.518e-06  rel=3.831e-14
[07-01 19:35:02][INFO] jax_fem: CuDSSNewtonSolver: solve finished in 0.13s  res=8.518e-06
[07-01 19:35:03][DEBUG] jax_fem: CuDSSNewtonSolver: starting Newton loop
[07-01 19:35:03][DEBUG] jax_fem: DeviceProblem: computing Jacobian on device
[07-01 19:35:03][DEBUG] jax_fem: Function split_and_compute_cell took 0.0278 seconds
[07-01 19:35:03][DEBUG] jax_fem: CuDSSNewtonSolver: initial residual = 2.235e+08
[07-01 19:35:03][DEBUG] jax_fem: DeviceProblem: computing Jacobian on device
[07-01 19:35:03][DEBUG] jax_fem: Function split_and_compute_cell took 0.0289 seconds
[07-01 19:35:03][DEBUG] jax_fem: CuDSSNewtonSolver: iter=1  res=6.944e-06  rel=3.107e-14
[07-01 19:35:03][INFO] jax_fem: CuDSSNewtonSolver: solve finished in 0.09s  res=6.944e-06
[07-01 19:35:04][DEBUG] jax_fem: CuDSSNewtonSolver: starting Newton loop
[07-01 19:35:04][DEBUG] jax_fem: DeviceProblem: computing Jacobian on device
[07-01 19:35:04][DEBUG] jax_fem: Function split_and_compute_cell took 0.0292 seconds
[07-01 19:35:04][DEBUG] jax_fem: CuDSSNewtonSolver: initial residual = 2.217e+08
[07-01 19:35:04][DEBUG] jax_fem: DeviceProblem: computing Jacobian on device
[07-01 19:35:04][DEBUG] jax_fem: Function split_and_compute_cell took 0.0279 seconds
[07-01 19:35:04][DEBUG] jax_fem: CuDSSNewtonSolver: iter=1  res=7.783e-06  rel=3.511e-14
[07-01 19:35:04][INFO] jax_fem: CuDSSNewtonSolver: solve finished in 0.09s  res=7.783e-06
[07-01 19:35:05][DEBUG] jax_fem: CuDSSNewtonSolver: starting Newton loop
[07-01 19:35:05][DEBUG] jax_fem: DeviceProblem: computing Jacobian on device
[07-01 19:35:05][DEBUG] jax_fem: Function split_and_compute_cell took 0.0280 seconds
[07-01 19:35:05][DEBUG] jax_fem: CuDSSNewtonSolver: initial residual = 2.211e+08
[07-01 19:35:05][DEBUG] jax_fem: DeviceProblem: computing Jacobian on device
[07-01 19:35:05][DEBUG] jax_fem: Function split_and_compute_cell took 0.0297 seconds
[07-01 19:35:05][DEBUG] jax_fem: CuDSSNewtonSolver: iter=1  res=7.382e-06  rel=3.339e-14
[07-01 19:35:05][INFO] jax_fem: CuDSSNewtonSolver: solve finished in 0.10s  res=7.382e-06
[07-01 19:35:05][DEBUG] jax_fem: CuDSSNewtonSolver: starting Newton loop
[07-01 19:35:05][DEBUG] jax_fem: DeviceProblem: computing Jacobian on device
[07-01 19:35:05][DEBUG] jax_fem: Function split_and_compute_cell took 0.0274 seconds
[07-01 19:35:05][DEBUG] jax_fem: CuDSSNewtonSolver: initial residual = 2.237e+08
[07-01 19:35:05][DEBUG] jax_fem: DeviceProblem: computing Jacobian on device
[07-01 19:35:05][DEBUG] jax_fem: Function split_and_compute_cell took 0.0284 seconds
[07-01 19:35:05][DEBUG] jax_fem: CuDSSNewtonSolver: iter=1  res=7.525e-06  rel=3.364e-14
[07-01 19:35:05][INFO] jax_fem: CuDSSNewtonSolver: solve finished in 0.09s  res=7.525e-06
[07-01 19:35:06][DEBUG] jax_fem: CuDSSNewtonSolver: starting Newton loop
[07-01 19:35:06][DEBUG] jax_fem: DeviceProblem: computing Jacobian on device
[07-01 19:35:06][DEBUG] jax_fem: Function split_and_compute_cell took 0.0282 seconds
[07-01 19:35:06][DEBUG] jax_fem: CuDSSNewtonSolver: initial residual = 2.223e+08
[07-01 19:35:06][DEBUG] jax_fem: DeviceProblem: computing Jacobian on device
[07-01 19:35:06][DEBUG] jax_fem: Function split_and_compute_cell took 0.0278 seconds
[07-01 19:35:06][DEBUG] jax_fem: CuDSSNewtonSolver: iter=1  res=8.972e-06  rel=4.035e-14
[07-01 19:35:06][INFO] jax_fem: CuDSSNewtonSolver: solve finished in 0.09s  res=8.972e-06
[07-01 19:35:06][INFO] jax_fem: CuDSS backward: solving adjoint problem …
[07-01 19:35:06][DEBUG] jax_fem: DeviceProblem: computing Jacobian on device
[07-01 19:35:06][DEBUG] jax_fem: Function split_and_compute_cell took 0.0466 seconds
[07-01 19:35:06][DEBUG] jax_fem: Computing cell residual...
[07-01 19:35:06][DEBUG] jax_fem: Function split_and_compute_cell took 0.0696 seconds
[07-01 19:35:07][INFO] jax_fem: CuDSS backward: solving adjoint problem …
[07-01 19:35:07][DEBUG] jax_fem: DeviceProblem: computing Jacobian on device
[07-01 19:35:07][DEBUG] jax_fem: Function split_and_compute_cell took 0.0462 seconds
[07-01 19:35:07][DEBUG] jax_fem: Computing cell residual...
[07-01 19:35:07][DEBUG] jax_fem: Function split_and_compute_cell took 0.0717 seconds
[07-01 19:35:07][INFO] jax_fem: CuDSS backward: solving adjoint problem …
[07-01 19:35:07][DEBUG] jax_fem: DeviceProblem: computing Jacobian on device
[07-01 19:35:07][DEBUG] jax_fem: Function split_and_compute_cell took 0.0588 seconds
[07-01 19:35:07][DEBUG] jax_fem: Computing cell residual...
[07-01 19:35:07][DEBUG] jax_fem: Function split_and_compute_cell took 0.0694 seconds
[07-01 19:35:07][INFO] jax_fem: CuDSS backward: solving adjoint problem …
[07-01 19:35:07][DEBUG] jax_fem: DeviceProblem: computing Jacobian on device
[07-01 19:35:07][DEBUG] jax_fem: Function split_and_compute_cell took 0.0533 seconds
[07-01 19:35:08][DEBUG] jax_fem: Computing cell residual...
[07-01 19:35:08][DEBUG] jax_fem: Function split_and_compute_cell took 0.0760 seconds
[07-01 19:35:08][INFO] jax_fem: CuDSS backward: solving adjoint problem …
[07-01 19:35:08][DEBUG] jax_fem: DeviceProblem: computing Jacobian on device
[07-01 19:35:08][DEBUG] jax_fem: Function split_and_compute_cell took 0.0528 seconds
[07-01 19:35:08][DEBUG] jax_fem: Computing cell residual...
[07-01 19:35:08][DEBUG] jax_fem: Function split_and_compute_cell took 0.0609 seconds
[07-01 19:35:10][DEBUG] jax_fem: CuDSSNewtonSolver: starting Newton loop
[07-01 19:35:10][DEBUG] jax_fem: DeviceProblem: computing Jacobian on device
[07-01 19:35:10][DEBUG] jax_fem: Function split_and_compute_cell took 0.0544 seconds
[07-01 19:35:10][DEBUG] jax_fem: CuDSSNewtonSolver: initial residual = 2.235e+08
[07-01 19:35:10][DEBUG] jax_fem: DeviceProblem: computing Jacobian on device
[07-01 19:35:10][DEBUG] jax_fem: Function split_and_compute_cell took 0.0309 seconds
[07-01 19:35:10][DEBUG] jax_fem: CuDSSNewtonSolver: iter=1  res=6.955e-06  rel=3.112e-14
[07-01 19:35:10][INFO] jax_fem: CuDSSNewtonSolver: solve finished in 0.13s  res=6.955e-06
[07-01 19:35:10][DEBUG] jax_fem: CuDSSNewtonSolver: starting Newton loop
[07-01 19:35:10][DEBUG] jax_fem: DeviceProblem: computing Jacobian on device
[07-01 19:35:10][DEBUG] jax_fem: Function split_and_compute_cell took 0.0310 seconds
[07-01 19:35:10][DEBUG] jax_fem: CuDSSNewtonSolver: initial residual = 2.217e+08
[07-01 19:35:10][DEBUG] jax_fem: DeviceProblem: computing Jacobian on device
[07-01 19:35:10][DEBUG] jax_fem: Function split_and_compute_cell took 0.0558 seconds
[07-01 19:35:10][DEBUG] jax_fem: CuDSSNewtonSolver: iter=1  res=8.105e-06  rel=3.657e-14
[07-01 19:35:10][INFO] jax_fem: CuDSSNewtonSolver: solve finished in 0.13s  res=8.105e-06
[07-01 19:35:10][DEBUG] jax_fem: CuDSSNewtonSolver: starting Newton loop
[07-01 19:35:10][DEBUG] jax_fem: DeviceProblem: computing Jacobian on device
[07-01 19:35:10][DEBUG] jax_fem: Function split_and_compute_cell took 0.0371 seconds
[07-01 19:35:10][DEBUG] jax_fem: CuDSSNewtonSolver: initial residual = 2.211e+08
[07-01 19:35:10][DEBUG] jax_fem: DeviceProblem: computing Jacobian on device
[07-01 19:35:11][DEBUG] jax_fem: Function split_and_compute_cell took 0.0533 seconds
[07-01 19:35:11][DEBUG] jax_fem: CuDSSNewtonSolver: iter=1  res=7.353e-06  rel=3.326e-14
[07-01 19:35:11][INFO] jax_fem: CuDSSNewtonSolver: solve finished in 0.14s  res=7.353e-06
[07-01 19:35:11][DEBUG] jax_fem: CuDSSNewtonSolver: starting Newton loop
[07-01 19:35:11][DEBUG] jax_fem: DeviceProblem: computing Jacobian on device
[07-01 19:35:11][DEBUG] jax_fem: Function split_and_compute_cell took 0.0433 seconds
[07-01 19:35:11][DEBUG] jax_fem: CuDSSNewtonSolver: initial residual = 2.237e+08
[07-01 19:35:11][DEBUG] jax_fem: DeviceProblem: computing Jacobian on device
[07-01 19:35:11][DEBUG] jax_fem: Function split_and_compute_cell took 0.0592 seconds
[07-01 19:35:11][DEBUG] jax_fem: CuDSSNewtonSolver: iter=1  res=7.534e-06  rel=3.368e-14
[07-01 19:35:11][INFO] jax_fem: CuDSSNewtonSolver: solve finished in 0.15s  res=7.534e-06
[07-01 19:35:11][DEBUG] jax_fem: CuDSSNewtonSolver: starting Newton loop
[07-01 19:35:11][DEBUG] jax_fem: DeviceProblem: computing Jacobian on device
[07-01 19:35:11][DEBUG] jax_fem: Function split_and_compute_cell took 0.0495 seconds
[07-01 19:35:11][DEBUG] jax_fem: CuDSSNewtonSolver: initial residual = 2.223e+08
[07-01 19:35:11][DEBUG] jax_fem: DeviceProblem: computing Jacobian on device
[07-01 19:35:11][DEBUG] jax_fem: Function split_and_compute_cell took 0.0461 seconds
[07-01 19:35:11][DEBUG] jax_fem: CuDSSNewtonSolver: iter=1  res=8.404e-06  rel=3.780e-14
[07-01 19:35:11][INFO] jax_fem: CuDSSNewtonSolver: solve finished in 0.14s  res=8.404e-06
[07-01 19:35:13][DEBUG] jax_fem: CuDSSNewtonSolver: starting Newton loop
[07-01 19:35:13][DEBUG] jax_fem: DeviceProblem: computing Jacobian on device
[07-01 19:35:13][DEBUG] jax_fem: Function split_and_compute_cell took 0.0292 seconds
[07-01 19:35:13][DEBUG] jax_fem: CuDSSNewtonSolver: initial residual = 2.235e+08
[07-01 19:35:13][DEBUG] jax_fem: DeviceProblem: computing Jacobian on device
[07-01 19:35:13][DEBUG] jax_fem: Function split_and_compute_cell took 0.0281 seconds
[07-01 19:35:13][DEBUG] jax_fem: CuDSSNewtonSolver: iter=1  res=6.557e-06  rel=2.934e-14
[07-01 19:35:13][INFO] jax_fem: CuDSSNewtonSolver: solve finished in 0.09s  res=6.557e-06
[07-01 19:35:14][DEBUG] jax_fem: CuDSSNewtonSolver: starting Newton loop
[07-01 19:35:14][DEBUG] jax_fem: DeviceProblem: computing Jacobian on device
[07-01 19:35:14][DEBUG] jax_fem: Function split_and_compute_cell took 0.0281 seconds
[07-01 19:35:14][DEBUG] jax_fem: CuDSSNewtonSolver: initial residual = 2.217e+08
[07-01 19:35:14][DEBUG] jax_fem: DeviceProblem: computing Jacobian on device
[07-01 19:35:14][DEBUG] jax_fem: Function split_and_compute_cell took 0.0262 seconds
[07-01 19:35:14][DEBUG] jax_fem: CuDSSNewtonSolver: iter=1  res=7.756e-06  rel=3.499e-14
[07-01 19:35:14][INFO] jax_fem: CuDSSNewtonSolver: solve finished in 0.09s  res=7.756e-06
[07-01 19:35:14][DEBUG] jax_fem: CuDSSNewtonSolver: starting Newton loop
[07-01 19:35:14][DEBUG] jax_fem: DeviceProblem: computing Jacobian on device
[07-01 19:35:14][DEBUG] jax_fem: Function split_and_compute_cell took 0.0274 seconds
[07-01 19:35:14][DEBUG] jax_fem: CuDSSNewtonSolver: initial residual = 2.211e+08
[07-01 19:35:14][DEBUG] jax_fem: DeviceProblem: computing Jacobian on device
[07-01 19:35:14][DEBUG] jax_fem: Function split_and_compute_cell took 0.0277 seconds
[07-01 19:35:14][DEBUG] jax_fem: CuDSSNewtonSolver: iter=1  res=7.347e-06  rel=3.323e-14
[07-01 19:35:14][INFO] jax_fem: CuDSSNewtonSolver: solve finished in 0.09s  res=7.347e-06
[07-01 19:35:15][DEBUG] jax_fem: CuDSSNewtonSolver: starting Newton loop
[07-01 19:35:15][DEBUG] jax_fem: DeviceProblem: computing Jacobian on device
[07-01 19:35:15][DEBUG] jax_fem: Function split_and_compute_cell took 0.0257 seconds
[07-01 19:35:15][DEBUG] jax_fem: CuDSSNewtonSolver: initial residual = 2.237e+08
[07-01 19:35:15][DEBUG] jax_fem: DeviceProblem: computing Jacobian on device
[07-01 19:35:15][DEBUG] jax_fem: Function split_and_compute_cell took 0.0282 seconds
[07-01 19:35:15][DEBUG] jax_fem: CuDSSNewtonSolver: iter=1  res=7.630e-06  rel=3.411e-14
[07-01 19:35:15][INFO] jax_fem: CuDSSNewtonSolver: solve finished in 0.09s  res=7.630e-06
[07-01 19:35:16][DEBUG] jax_fem: CuDSSNewtonSolver: starting Newton loop
[07-01 19:35:16][DEBUG] jax_fem: DeviceProblem: computing Jacobian on device
[07-01 19:35:16][DEBUG] jax_fem: Function split_and_compute_cell took 0.0287 seconds
[07-01 19:35:16][DEBUG] jax_fem: CuDSSNewtonSolver: initial residual = 2.223e+08
[07-01 19:35:16][DEBUG] jax_fem: DeviceProblem: computing Jacobian on device
[07-01 19:35:16][DEBUG] jax_fem: Function split_and_compute_cell took 0.0308 seconds
[07-01 19:35:16][DEBUG] jax_fem: CuDSSNewtonSolver: iter=1  res=8.452e-06  rel=3.801e-14
[07-01 19:35:16][INFO] jax_fem: CuDSSNewtonSolver: solve finished in 0.10s  res=8.452e-06
[07-01 19:35:16][INFO] jax_fem: CuDSS backward: solving adjoint problem …
[07-01 19:35:16][DEBUG] jax_fem: DeviceProblem: computing Jacobian on device
[07-01 19:35:16][DEBUG] jax_fem: Function split_and_compute_cell took 0.0449 seconds
[07-01 19:35:16][DEBUG] jax_fem: Computing cell residual...
[07-01 19:35:16][DEBUG] jax_fem: Function split_and_compute_cell took 0.0687 seconds
[07-01 19:35:16][INFO] jax_fem: CuDSS backward: solving adjoint problem …
[07-01 19:35:16][DEBUG] jax_fem: DeviceProblem: computing Jacobian on device
[07-01 19:35:16][DEBUG] jax_fem: Function split_and_compute_cell took 0.0503 seconds
[07-01 19:35:16][DEBUG] jax_fem: Computing cell residual...
[07-01 19:35:16][DEBUG] jax_fem: Function split_and_compute_cell took 0.0561 seconds
[07-01 19:35:16][INFO] jax_fem: CuDSS backward: solving adjoint problem …
[07-01 19:35:17][DEBUG] jax_fem: DeviceProblem: computing Jacobian on device
[07-01 19:35:17][DEBUG] jax_fem: Function split_and_compute_cell took 0.0243 seconds
[07-01 19:35:17][DEBUG] jax_fem: Computing cell residual...
[07-01 19:35:17][DEBUG] jax_fem: Function split_and_compute_cell took 0.0721 seconds
[07-01 19:35:17][INFO] jax_fem: CuDSS backward: solving adjoint problem …
[07-01 19:35:17][DEBUG] jax_fem: DeviceProblem: computing Jacobian on device
[07-01 19:35:17][DEBUG] jax_fem: Function split_and_compute_cell took 0.0272 seconds
[07-01 19:35:17][DEBUG] jax_fem: Computing cell residual...
[07-01 19:35:17][DEBUG] jax_fem: Function split_and_compute_cell took 0.0629 seconds
[07-01 19:35:17][INFO] jax_fem: CuDSS backward: solving adjoint problem …
[07-01 19:35:17][DEBUG] jax_fem: DeviceProblem: computing Jacobian on device
[07-01 19:35:17][DEBUG] jax_fem: Function split_and_compute_cell took 0.0289 seconds
[07-01 19:35:17][DEBUG] jax_fem: Computing cell residual...
[07-01 19:35:17][DEBUG] jax_fem: Function split_and_compute_cell took 0.0712 seconds
[07-01 19:35:19][DEBUG] jax_fem: CuDSSNewtonSolver: starting Newton loop
[07-01 19:35:19][DEBUG] jax_fem: DeviceProblem: computing Jacobian on device
[07-01 19:35:19][DEBUG] jax_fem: Function split_and_compute_cell took 0.0574 seconds
[07-01 19:35:19][DEBUG] jax_fem: CuDSSNewtonSolver: initial residual = 2.235e+08
[07-01 19:35:19][DEBUG] jax_fem: DeviceProblem: computing Jacobian on device
[07-01 19:35:19][DEBUG] jax_fem: Function split_and_compute_cell took 0.0507 seconds
[07-01 19:35:19][DEBUG] jax_fem: CuDSSNewtonSolver: iter=1  res=6.701e-06  rel=2.998e-14
[07-01 19:35:19][INFO] jax_fem: CuDSSNewtonSolver: solve finished in 0.15s  res=6.701e-06
[07-01 19:35:19][DEBUG] jax_fem: CuDSSNewtonSolver: starting Newton loop
[07-01 19:35:19][DEBUG] jax_fem: DeviceProblem: computing Jacobian on device
[07-01 19:35:20][DEBUG] jax_fem: Function split_and_compute_cell took 0.0380 seconds
[07-01 19:35:20][DEBUG] jax_fem: CuDSSNewtonSolver: initial residual = 2.217e+08
[07-01 19:35:20][DEBUG] jax_fem: DeviceProblem: computing Jacobian on device
[07-01 19:35:20][DEBUG] jax_fem: Function split_and_compute_cell took 0.0493 seconds
[07-01 19:35:20][DEBUG] jax_fem: CuDSSNewtonSolver: iter=1  res=7.754e-06  rel=3.498e-14
[07-01 19:35:20][INFO] jax_fem: CuDSSNewtonSolver: solve finished in 0.13s  res=7.754e-06
[07-01 19:35:20][DEBUG] jax_fem: CuDSSNewtonSolver: starting Newton loop
[07-01 19:35:20][DEBUG] jax_fem: DeviceProblem: computing Jacobian on device
[07-01 19:35:20][DEBUG] jax_fem: Function split_and_compute_cell took 0.0336 seconds
[07-01 19:35:20][DEBUG] jax_fem: CuDSSNewtonSolver: initial residual = 2.211e+08
[07-01 19:35:20][DEBUG] jax_fem: DeviceProblem: computing Jacobian on device
[07-01 19:35:20][DEBUG] jax_fem: Function split_and_compute_cell took 0.0431 seconds
[07-01 19:35:20][DEBUG] jax_fem: CuDSSNewtonSolver: iter=1  res=7.362e-06  rel=3.330e-14
[07-01 19:35:20][INFO] jax_fem: CuDSSNewtonSolver: solve finished in 0.12s  res=7.362e-06
[07-01 19:35:20][DEBUG] jax_fem: CuDSSNewtonSolver: starting Newton loop
[07-01 19:35:20][DEBUG] jax_fem: DeviceProblem: computing Jacobian on device
[07-01 19:35:20][DEBUG] jax_fem: Function split_and_compute_cell took 0.0290 seconds
[07-01 19:35:20][DEBUG] jax_fem: CuDSSNewtonSolver: initial residual = 2.237e+08
[07-01 19:35:20][DEBUG] jax_fem: DeviceProblem: computing Jacobian on device
[07-01 19:35:20][DEBUG] jax_fem: Function split_and_compute_cell took 0.0285 seconds
[07-01 19:35:20][DEBUG] jax_fem: CuDSSNewtonSolver: iter=1  res=7.190e-06  rel=3.214e-14
[07-01 19:35:20][INFO] jax_fem: CuDSSNewtonSolver: solve finished in 0.10s  res=7.190e-06
[07-01 19:35:21][DEBUG] jax_fem: CuDSSNewtonSolver: starting Newton loop
[07-01 19:35:21][DEBUG] jax_fem: DeviceProblem: computing Jacobian on device
[07-01 19:35:21][DEBUG] jax_fem: Function split_and_compute_cell took 0.0304 seconds
[07-01 19:35:21][DEBUG] jax_fem: CuDSSNewtonSolver: initial residual = 2.223e+08
[07-01 19:35:21][DEBUG] jax_fem: DeviceProblem: computing Jacobian on device
[07-01 19:35:21][DEBUG] jax_fem: Function split_and_compute_cell took 0.0307 seconds
[07-01 19:35:21][DEBUG] jax_fem: CuDSSNewtonSolver: iter=1  res=8.874e-06  rel=3.991e-14
[07-01 19:35:21][INFO] jax_fem: CuDSSNewtonSolver: solve finished in 0.10s  res=8.874e-06
[07-01 19:35:22][DEBUG] jax_fem: CuDSSNewtonSolver: starting Newton loop
[07-01 19:35:22][DEBUG] jax_fem: DeviceProblem: computing Jacobian on device
[07-01 19:35:22][DEBUG] jax_fem: Function split_and_compute_cell took 0.0281 seconds
[07-01 19:35:22][DEBUG] jax_fem: CuDSSNewtonSolver: initial residual = 2.235e+08
[07-01 19:35:22][DEBUG] jax_fem: DeviceProblem: computing Jacobian on device
[07-01 19:35:22][DEBUG] jax_fem: Function split_and_compute_cell took 0.0296 seconds
[07-01 19:35:22][DEBUG] jax_fem: CuDSSNewtonSolver: iter=1  res=6.570e-06  rel=2.940e-14
[07-01 19:35:22][INFO] jax_fem: CuDSSNewtonSolver: solve finished in 0.09s  res=6.570e-06
[07-01 19:35:23][DEBUG] jax_fem: CuDSSNewtonSolver: starting Newton loop
[07-01 19:35:23][DEBUG] jax_fem: DeviceProblem: computing Jacobian on device
[07-01 19:35:23][DEBUG] jax_fem: Function split_and_compute_cell took 0.0280 seconds
[07-01 19:35:23][DEBUG] jax_fem: CuDSSNewtonSolver: initial residual = 2.217e+08
[07-01 19:35:23][DEBUG] jax_fem: DeviceProblem: computing Jacobian on device
[07-01 19:35:23][DEBUG] jax_fem: Function split_and_compute_cell took 0.0280 seconds
[07-01 19:35:23][DEBUG] jax_fem: CuDSSNewtonSolver: iter=1  res=8.124e-06  rel=3.665e-14
[07-01 19:35:23][INFO] jax_fem: CuDSSNewtonSolver: solve finished in 0.10s  res=8.124e-06
[07-01 19:35:24][DEBUG] jax_fem: CuDSSNewtonSolver: starting Newton loop
[07-01 19:35:24][DEBUG] jax_fem: DeviceProblem: computing Jacobian on device
[07-01 19:35:24][DEBUG] jax_fem: Function split_and_compute_cell took 0.0290 seconds
[07-01 19:35:24][DEBUG] jax_fem: CuDSSNewtonSolver: initial residual = 2.211e+08
[07-01 19:35:24][DEBUG] jax_fem: DeviceProblem: computing Jacobian on device
[07-01 19:35:24][DEBUG] jax_fem: Function split_and_compute_cell took 0.0283 seconds
[07-01 19:35:24][DEBUG] jax_fem: CuDSSNewtonSolver: iter=1  res=7.747e-06  rel=3.504e-14
[07-01 19:35:24][INFO] jax_fem: CuDSSNewtonSolver: solve finished in 0.10s  res=7.747e-06
[07-01 19:35:24][DEBUG] jax_fem: CuDSSNewtonSolver: starting Newton loop
[07-01 19:35:24][DEBUG] jax_fem: DeviceProblem: computing Jacobian on device
[07-01 19:35:24][DEBUG] jax_fem: Function split_and_compute_cell took 0.0279 seconds
[07-01 19:35:24][DEBUG] jax_fem: CuDSSNewtonSolver: initial residual = 2.237e+08
[07-01 19:35:24][DEBUG] jax_fem: DeviceProblem: computing Jacobian on device
[07-01 19:35:24][DEBUG] jax_fem: Function split_and_compute_cell took 0.0274 seconds
[07-01 19:35:24][DEBUG] jax_fem: CuDSSNewtonSolver: iter=1  res=7.684e-06  rel=3.435e-14
[07-01 19:35:24][INFO] jax_fem: CuDSSNewtonSolver: solve finished in 0.09s  res=7.684e-06
[07-01 19:35:25][DEBUG] jax_fem: CuDSSNewtonSolver: starting Newton loop
[07-01 19:35:25][DEBUG] jax_fem: DeviceProblem: computing Jacobian on device
[07-01 19:35:25][DEBUG] jax_fem: Function split_and_compute_cell took 0.0282 seconds
[07-01 19:35:25][DEBUG] jax_fem: CuDSSNewtonSolver: initial residual = 2.223e+08
[07-01 19:35:25][DEBUG] jax_fem: DeviceProblem: computing Jacobian on device
[07-01 19:35:25][DEBUG] jax_fem: Function split_and_compute_cell took 0.0274 seconds
[07-01 19:35:25][DEBUG] jax_fem: CuDSSNewtonSolver: iter=1  res=8.632e-06  rel=3.882e-14
[07-01 19:35:25][INFO] jax_fem: CuDSSNewtonSolver: solve finished in 0.09s  res=8.632e-06
[07-01 19:35:25][INFO] jax_fem: CuDSS backward: solving adjoint problem …
[07-01 19:35:25][DEBUG] jax_fem: DeviceProblem: computing Jacobian on device
[07-01 19:35:25][DEBUG] jax_fem: Function split_and_compute_cell took 0.0363 seconds
[07-01 19:35:25][DEBUG] jax_fem: Computing cell residual...
[07-01 19:35:25][DEBUG] jax_fem: Function split_and_compute_cell took 0.0688 seconds
[07-01 19:35:25][INFO] jax_fem: CuDSS backward: solving adjoint problem …
[07-01 19:35:26][DEBUG] jax_fem: DeviceProblem: computing Jacobian on device
[07-01 19:35:26][DEBUG] jax_fem: Function split_and_compute_cell took 0.0380 seconds
[07-01 19:35:26][DEBUG] jax_fem: Computing cell residual...
[07-01 19:35:26][DEBUG] jax_fem: Function split_and_compute_cell took 0.0613 seconds
[07-01 19:35:26][INFO] jax_fem: CuDSS backward: solving adjoint problem …
[07-01 19:35:26][DEBUG] jax_fem: DeviceProblem: computing Jacobian on device
[07-01 19:35:26][DEBUG] jax_fem: Function split_and_compute_cell took 0.0295 seconds
[07-01 19:35:26][DEBUG] jax_fem: Computing cell residual...
[07-01 19:35:26][DEBUG] jax_fem: Function split_and_compute_cell took 0.0539 seconds
[07-01 19:35:26][INFO] jax_fem: CuDSS backward: solving adjoint problem …
[07-01 19:35:26][DEBUG] jax_fem: DeviceProblem: computing Jacobian on device
[07-01 19:35:26][DEBUG] jax_fem: Function split_and_compute_cell took 0.0240 seconds
[07-01 19:35:26][DEBUG] jax_fem: Computing cell residual...
[07-01 19:35:26][DEBUG] jax_fem: Function split_and_compute_cell took 0.0679 seconds
[07-01 19:35:27][INFO] jax_fem: CuDSS backward: solving adjoint problem …
[07-01 19:35:27][DEBUG] jax_fem: DeviceProblem: computing Jacobian on device
[07-01 19:35:27][DEBUG] jax_fem: Function split_and_compute_cell took 0.0461 seconds
[07-01 19:35:27][DEBUG] jax_fem: Computing cell residual...
[07-01 19:35:27][DEBUG] jax_fem: Function split_and_compute_cell took 0.0622 seconds
[07-01 19:35:28][DEBUG] jax_fem: CuDSSNewtonSolver: starting Newton loop
[07-01 19:35:28][DEBUG] jax_fem: DeviceProblem: computing Jacobian on device
[07-01 19:35:28][DEBUG] jax_fem: Function split_and_compute_cell took 0.0356 seconds
[07-01 19:35:29][DEBUG] jax_fem: CuDSSNewtonSolver: initial residual = 2.235e+08
[07-01 19:35:29][DEBUG] jax_fem: DeviceProblem: computing Jacobian on device
[07-01 19:35:29][DEBUG] jax_fem: Function split_and_compute_cell took 0.0281 seconds
[07-01 19:35:29][DEBUG] jax_fem: CuDSSNewtonSolver: iter=1  res=6.898e-06  rel=3.086e-14
[07-01 19:35:29][INFO] jax_fem: CuDSSNewtonSolver: solve finished in 0.11s  res=6.898e-06
[07-01 19:35:29][DEBUG] jax_fem: CuDSSNewtonSolver: starting Newton loop
[07-01 19:35:29][DEBUG] jax_fem: DeviceProblem: computing Jacobian on device
[07-01 19:35:29][DEBUG] jax_fem: Function split_and_compute_cell took 0.0310 seconds
[07-01 19:35:29][DEBUG] jax_fem: CuDSSNewtonSolver: initial residual = 2.217e+08
[07-01 19:35:29][DEBUG] jax_fem: DeviceProblem: computing Jacobian on device
[07-01 19:35:29][DEBUG] jax_fem: Function split_and_compute_cell took 0.0282 seconds
[07-01 19:35:29][DEBUG] jax_fem: CuDSSNewtonSolver: iter=1  res=8.158e-06  rel=3.680e-14
[07-01 19:35:29][INFO] jax_fem: CuDSSNewtonSolver: solve finished in 0.10s  res=8.158e-06
[07-01 19:35:29][DEBUG] jax_fem: CuDSSNewtonSolver: starting Newton loop
[07-01 19:35:29][DEBUG] jax_fem: DeviceProblem: computing Jacobian on device
[07-01 19:35:29][DEBUG] jax_fem: Function split_and_compute_cell took 0.0471 seconds
[07-01 19:35:29][DEBUG] jax_fem: CuDSSNewtonSolver: initial residual = 2.211e+08
[07-01 19:35:29][DEBUG] jax_fem: DeviceProblem: computing Jacobian on device
[07-01 19:35:29][DEBUG] jax_fem: Function split_and_compute_cell took 0.0366 seconds
[07-01 19:35:29][DEBUG] jax_fem: CuDSSNewtonSolver: iter=1  res=7.272e-06  rel=3.289e-14
[07-01 19:35:29][INFO] jax_fem: CuDSSNewtonSolver: solve finished in 0.12s  res=7.272e-06
[07-01 19:35:29][DEBUG] jax_fem: CuDSSNewtonSolver: starting Newton loop
[07-01 19:35:30][DEBUG] jax_fem: DeviceProblem: computing Jacobian on device
[07-01 19:35:30][DEBUG] jax_fem: Function split_and_compute_cell took 0.0467 seconds
[07-01 19:35:30][DEBUG] jax_fem: CuDSSNewtonSolver: initial residual = 2.237e+08
[07-01 19:35:30][DEBUG] jax_fem: DeviceProblem: computing Jacobian on device
[07-01 19:35:30][DEBUG] jax_fem: Function split_and_compute_cell took 0.0255 seconds
[07-01 19:35:30][DEBUG] jax_fem: CuDSSNewtonSolver: iter=1  res=7.516e-06  rel=3.360e-14
[07-01 19:35:30][INFO] jax_fem: CuDSSNewtonSolver: solve finished in 0.11s  res=7.516e-06
[07-01 19:35:30][DEBUG] jax_fem: CuDSSNewtonSolver: starting Newton loop
[07-01 19:35:30][DEBUG] jax_fem: DeviceProblem: computing Jacobian on device
[07-01 19:35:30][DEBUG] jax_fem: Function split_and_compute_cell took 0.0283 seconds
[07-01 19:35:30][DEBUG] jax_fem: CuDSSNewtonSolver: initial residual = 2.223e+08
[07-01 19:35:30][DEBUG] jax_fem: DeviceProblem: computing Jacobian on device
[07-01 19:35:30][DEBUG] jax_fem: Function split_and_compute_cell took 0.0486 seconds
[07-01 19:35:30][DEBUG] jax_fem: CuDSSNewtonSolver: iter=1  res=8.666e-06  rel=3.897e-14
[07-01 19:35:30][INFO] jax_fem: CuDSSNewtonSolver: solve finished in 0.12s  res=8.666e-06
[07-01 19:35:32][DEBUG] jax_fem: CuDSSNewtonSolver: starting Newton loop
[07-01 19:35:32][DEBUG] jax_fem: DeviceProblem: computing Jacobian on device
[07-01 19:35:32][DEBUG] jax_fem: Function split_and_compute_cell took 0.0282 seconds
[07-01 19:35:32][DEBUG] jax_fem: CuDSSNewtonSolver: initial residual = 2.235e+08
[07-01 19:35:32][DEBUG] jax_fem: DeviceProblem: computing Jacobian on device
[07-01 19:35:32][DEBUG] jax_fem: Function split_and_compute_cell took 0.0289 seconds
[07-01 19:35:32][DEBUG] jax_fem: CuDSSNewtonSolver: iter=1  res=6.932e-06  rel=3.101e-14
[07-01 19:35:32][INFO] jax_fem: CuDSSNewtonSolver: solve finished in 0.09s  res=6.932e-06
[07-01 19:35:32][DEBUG] jax_fem: CuDSSNewtonSolver: starting Newton loop
[07-01 19:35:32][DEBUG] jax_fem: DeviceProblem: computing Jacobian on device
[07-01 19:35:32][DEBUG] jax_fem: Function split_and_compute_cell took 0.0274 seconds
[07-01 19:35:32][DEBUG] jax_fem: CuDSSNewtonSolver: initial residual = 2.217e+08
[07-01 19:35:32][DEBUG] jax_fem: DeviceProblem: computing Jacobian on device
[07-01 19:35:32][DEBUG] jax_fem: Function split_and_compute_cell took 0.0306 seconds
[07-01 19:35:32][DEBUG] jax_fem: CuDSSNewtonSolver: iter=1  res=8.198e-06  rel=3.699e-14
[07-01 19:35:32][INFO] jax_fem: CuDSSNewtonSolver: solve finished in 0.09s  res=8.198e-06
[07-01 19:35:33][DEBUG] jax_fem: CuDSSNewtonSolver: starting Newton loop
[07-01 19:35:33][DEBUG] jax_fem: DeviceProblem: computing Jacobian on device
[07-01 19:35:33][DEBUG] jax_fem: Function split_and_compute_cell took 0.0273 seconds
[07-01 19:35:33][DEBUG] jax_fem: CuDSSNewtonSolver: initial residual = 2.211e+08
[07-01 19:35:33][DEBUG] jax_fem: DeviceProblem: computing Jacobian on device
[07-01 19:35:33][DEBUG] jax_fem: Function split_and_compute_cell took 0.0284 seconds
[07-01 19:35:33][DEBUG] jax_fem: CuDSSNewtonSolver: iter=1  res=7.147e-06  rel=3.233e-14
[07-01 19:35:33][INFO] jax_fem: CuDSSNewtonSolver: solve finished in 0.09s  res=7.147e-06
[07-01 19:35:33][DEBUG] jax_fem: CuDSSNewtonSolver: starting Newton loop
[07-01 19:35:33][DEBUG] jax_fem: DeviceProblem: computing Jacobian on device
[07-01 19:35:34][DEBUG] jax_fem: Function split_and_compute_cell took 0.0295 seconds
[07-01 19:35:34][DEBUG] jax_fem: CuDSSNewtonSolver: initial residual = 2.237e+08
[07-01 19:35:34][DEBUG] jax_fem: DeviceProblem: computing Jacobian on device
[07-01 19:35:34][DEBUG] jax_fem: Function split_and_compute_cell took 0.0278 seconds
[07-01 19:35:34][DEBUG] jax_fem: CuDSSNewtonSolver: iter=1  res=7.845e-06  rel=3.507e-14
[07-01 19:35:34][INFO] jax_fem: CuDSSNewtonSolver: solve finished in 0.10s  res=7.845e-06
[07-01 19:35:34][DEBUG] jax_fem: CuDSSNewtonSolver: starting Newton loop
[07-01 19:35:34][DEBUG] jax_fem: DeviceProblem: computing Jacobian on device
[07-01 19:35:34][DEBUG] jax_fem: Function split_and_compute_cell took 0.0277 seconds
[07-01 19:35:34][DEBUG] jax_fem: CuDSSNewtonSolver: initial residual = 2.223e+08
[07-01 19:35:34][DEBUG] jax_fem: DeviceProblem: computing Jacobian on device
[07-01 19:35:34][DEBUG] jax_fem: Function split_and_compute_cell took 0.0281 seconds
[07-01 19:35:34][DEBUG] jax_fem: CuDSSNewtonSolver: iter=1  res=8.624e-06  rel=3.879e-14
[07-01 19:35:34][INFO] jax_fem: CuDSSNewtonSolver: solve finished in 0.09s  res=8.624e-06
[07-01 19:35:34][INFO] jax_fem: CuDSS backward: solving adjoint problem …
[07-01 19:35:34][DEBUG] jax_fem: DeviceProblem: computing Jacobian on device
[07-01 19:35:34][DEBUG] jax_fem: Function split_and_compute_cell took 0.0395 seconds
[07-01 19:35:35][DEBUG] jax_fem: Computing cell residual...
[07-01 19:35:35][DEBUG] jax_fem: Function split_and_compute_cell took 0.0754 seconds
[07-01 19:35:35][INFO] jax_fem: CuDSS backward: solving adjoint problem …
[07-01 19:35:35][DEBUG] jax_fem: DeviceProblem: computing Jacobian on device
[07-01 19:35:35][DEBUG] jax_fem: Function split_and_compute_cell took 0.0458 seconds
[07-01 19:35:35][DEBUG] jax_fem: Computing cell residual...
[07-01 19:35:35][DEBUG] jax_fem: Function split_and_compute_cell took 0.0703 seconds
[07-01 19:35:35][INFO] jax_fem: CuDSS backward: solving adjoint problem …
[07-01 19:35:35][DEBUG] jax_fem: DeviceProblem: computing Jacobian on device
[07-01 19:35:35][DEBUG] jax_fem: Function split_and_compute_cell took 0.0421 seconds
[07-01 19:35:35][DEBUG] jax_fem: Computing cell residual...
[07-01 19:35:35][DEBUG] jax_fem: Function split_and_compute_cell took 0.0710 seconds
[07-01 19:35:36][INFO] jax_fem: CuDSS backward: solving adjoint problem …
[07-01 19:35:36][DEBUG] jax_fem: DeviceProblem: computing Jacobian on device
[07-01 19:35:36][DEBUG] jax_fem: Function split_and_compute_cell took 0.0358 seconds
[07-01 19:35:36][DEBUG] jax_fem: Computing cell residual...
[07-01 19:35:36][DEBUG] jax_fem: Function split_and_compute_cell took 0.0680 seconds
[07-01 19:35:36][INFO] jax_fem: CuDSS backward: solving adjoint problem …
[07-01 19:35:36][DEBUG] jax_fem: DeviceProblem: computing Jacobian on device
[07-01 19:35:36][DEBUG] jax_fem: Function split_and_compute_cell took 0.0339 seconds
[07-01 19:35:36][DEBUG] jax_fem: Computing cell residual...
[07-01 19:35:36][DEBUG] jax_fem: Function split_and_compute_cell took 0.0582 seconds
[07-01 19:35:38][DEBUG] jax_fem: CuDSSNewtonSolver: starting Newton loop
[07-01 19:35:38][DEBUG] jax_fem: DeviceProblem: computing Jacobian on device
[07-01 19:35:38][DEBUG] jax_fem: Function split_and_compute_cell took 0.0316 seconds
[07-01 19:35:38][DEBUG] jax_fem: CuDSSNewtonSolver: initial residual = 2.235e+08
[07-01 19:35:38][DEBUG] jax_fem: DeviceProblem: computing Jacobian on device
[07-01 19:35:38][DEBUG] jax_fem: Function split_and_compute_cell took 0.0353 seconds
[07-01 19:35:38][DEBUG] jax_fem: CuDSSNewtonSolver: iter=1  res=7.013e-06  rel=3.138e-14
[07-01 19:35:38][INFO] jax_fem: CuDSSNewtonSolver: solve finished in 0.11s  res=7.013e-06
[07-01 19:35:38][DEBUG] jax_fem: CuDSSNewtonSolver: starting Newton loop
[07-01 19:35:38][DEBUG] jax_fem: DeviceProblem: computing Jacobian on device
[07-01 19:35:38][DEBUG] jax_fem: Function split_and_compute_cell took 0.0249 seconds
[07-01 19:35:38][DEBUG] jax_fem: CuDSSNewtonSolver: initial residual = 2.217e+08
[07-01 19:35:38][DEBUG] jax_fem: DeviceProblem: computing Jacobian on device
[07-01 19:35:38][DEBUG] jax_fem: Function split_and_compute_cell took 0.0387 seconds
[07-01 19:35:38][DEBUG] jax_fem: CuDSSNewtonSolver: iter=1  res=8.851e-06  rel=3.993e-14
[07-01 19:35:38][INFO] jax_fem: CuDSSNewtonSolver: solve finished in 0.11s  res=8.851e-06
[07-01 19:35:39][DEBUG] jax_fem: CuDSSNewtonSolver: starting Newton loop
[07-01 19:35:39][DEBUG] jax_fem: DeviceProblem: computing Jacobian on device
[07-01 19:35:39][DEBUG] jax_fem: Function split_and_compute_cell took 0.0274 seconds
[07-01 19:35:39][DEBUG] jax_fem: CuDSSNewtonSolver: initial residual = 2.211e+08
[07-01 19:35:39][DEBUG] jax_fem: DeviceProblem: computing Jacobian on device
[07-01 19:35:39][DEBUG] jax_fem: Function split_and_compute_cell took 0.0479 seconds
[07-01 19:35:39][DEBUG] jax_fem: CuDSSNewtonSolver: iter=1  res=7.167e-06  rel=3.242e-14
[07-01 19:35:39][INFO] jax_fem: CuDSSNewtonSolver: solve finished in 0.12s  res=7.167e-06
[07-01 19:35:39][DEBUG] jax_fem: CuDSSNewtonSolver: starting Newton loop
[07-01 19:35:39][DEBUG] jax_fem: DeviceProblem: computing Jacobian on device
[07-01 19:35:39][DEBUG] jax_fem: Function split_and_compute_cell took 0.0475 seconds
[07-01 19:35:39][DEBUG] jax_fem: CuDSSNewtonSolver: initial residual = 2.237e+08
[07-01 19:35:39][DEBUG] jax_fem: DeviceProblem: computing Jacobian on device
[07-01 19:35:39][DEBUG] jax_fem: Function split_and_compute_cell took 0.0442 seconds
[07-01 19:35:39][DEBUG] jax_fem: CuDSSNewtonSolver: iter=1  res=7.665e-06  rel=3.427e-14
[07-01 19:35:39][INFO] jax_fem: CuDSSNewtonSolver: solve finished in 0.14s  res=7.665e-06
[07-01 19:35:39][DEBUG] jax_fem: CuDSSNewtonSolver: starting Newton loop
[07-01 19:35:39][DEBUG] jax_fem: DeviceProblem: computing Jacobian on device
[07-01 19:35:39][DEBUG] jax_fem: Function split_and_compute_cell took 0.0479 seconds
[07-01 19:35:39][DEBUG] jax_fem: CuDSSNewtonSolver: initial residual = 2.223e+08
[07-01 19:35:39][DEBUG] jax_fem: DeviceProblem: computing Jacobian on device
[07-01 19:35:39][DEBUG] jax_fem: Function split_and_compute_cell took 0.0286 seconds
[07-01 19:35:39][DEBUG] jax_fem: CuDSSNewtonSolver: iter=1  res=8.861e-06  rel=3.985e-14
[07-01 19:35:39][INFO] jax_fem: CuDSSNewtonSolver: solve finished in 0.12s  res=8.861e-06
[07-01 19:35:41][DEBUG] jax_fem: CuDSSNewtonSolver: starting Newton loop
[07-01 19:35:41][DEBUG] jax_fem: DeviceProblem: computing Jacobian on device
[07-01 19:35:41][DEBUG] jax_fem: Function split_and_compute_cell took 0.0290 seconds
[07-01 19:35:41][DEBUG] jax_fem: CuDSSNewtonSolver: initial residual = 2.235e+08
[07-01 19:35:41][DEBUG] jax_fem: DeviceProblem: computing Jacobian on device
[07-01 19:35:41][DEBUG] jax_fem: Function split_and_compute_cell took 0.0278 seconds
[07-01 19:35:41][DEBUG] jax_fem: CuDSSNewtonSolver: iter=1  res=6.986e-06  rel=3.125e-14
[07-01 19:35:41][INFO] jax_fem: CuDSSNewtonSolver: solve finished in 0.09s  res=6.986e-06
[07-01 19:35:42][DEBUG] jax_fem: CuDSSNewtonSolver: starting Newton loop
[07-01 19:35:42][DEBUG] jax_fem: DeviceProblem: computing Jacobian on device
[07-01 19:35:42][DEBUG] jax_fem: Function split_and_compute_cell took 0.0286 seconds
[07-01 19:35:42][DEBUG] jax_fem: CuDSSNewtonSolver: initial residual = 2.217e+08
[07-01 19:35:42][DEBUG] jax_fem: DeviceProblem: computing Jacobian on device
[07-01 19:35:42][DEBUG] jax_fem: Function split_and_compute_cell took 0.0278 seconds
[07-01 19:35:42][DEBUG] jax_fem: CuDSSNewtonSolver: iter=1  res=8.727e-06  rel=3.937e-14
[07-01 19:35:42][INFO] jax_fem: CuDSSNewtonSolver: solve finished in 0.09s  res=8.727e-06
[07-01 19:35:42][DEBUG] jax_fem: CuDSSNewtonSolver: starting Newton loop
[07-01 19:35:42][DEBUG] jax_fem: DeviceProblem: computing Jacobian on device
[07-01 19:35:42][DEBUG] jax_fem: Function split_and_compute_cell took 0.0305 seconds
[07-01 19:35:42][DEBUG] jax_fem: CuDSSNewtonSolver: initial residual = 2.211e+08
[07-01 19:35:42][DEBUG] jax_fem: DeviceProblem: computing Jacobian on device
[07-01 19:35:43][DEBUG] jax_fem: Function split_and_compute_cell took 0.0280 seconds
[07-01 19:35:43][DEBUG] jax_fem: CuDSSNewtonSolver: iter=1  res=7.149e-06  rel=3.233e-14
[07-01 19:35:43][INFO] jax_fem: CuDSSNewtonSolver: solve finished in 0.09s  res=7.149e-06
[07-01 19:35:43][DEBUG] jax_fem: CuDSSNewtonSolver: starting Newton loop
[07-01 19:35:43][DEBUG] jax_fem: DeviceProblem: computing Jacobian on device
[07-01 19:35:43][DEBUG] jax_fem: Function split_and_compute_cell took 0.0283 seconds
[07-01 19:35:43][DEBUG] jax_fem: CuDSSNewtonSolver: initial residual = 2.237e+08
[07-01 19:35:43][DEBUG] jax_fem: DeviceProblem: computing Jacobian on device
[07-01 19:35:43][DEBUG] jax_fem: Function split_and_compute_cell took 0.0281 seconds
[07-01 19:35:43][DEBUG] jax_fem: CuDSSNewtonSolver: iter=1  res=7.762e-06  rel=3.470e-14
[07-01 19:35:43][INFO] jax_fem: CuDSSNewtonSolver: solve finished in 0.09s  res=7.762e-06
[07-01 19:35:44][DEBUG] jax_fem: CuDSSNewtonSolver: starting Newton loop
[07-01 19:35:44][DEBUG] jax_fem: DeviceProblem: computing Jacobian on device
[07-01 19:35:44][DEBUG] jax_fem: Function split_and_compute_cell took 0.0285 seconds
[07-01 19:35:44][DEBUG] jax_fem: CuDSSNewtonSolver: initial residual = 2.223e+08
[07-01 19:35:44][DEBUG] jax_fem: DeviceProblem: computing Jacobian on device
[07-01 19:35:44][DEBUG] jax_fem: Function split_and_compute_cell took 0.0281 seconds
[07-01 19:35:44][DEBUG] jax_fem: CuDSSNewtonSolver: iter=1  res=8.912e-06  rel=4.008e-14
[07-01 19:35:44][INFO] jax_fem: CuDSSNewtonSolver: solve finished in 0.09s  res=8.912e-06
[07-01 19:35:44][INFO] jax_fem: CuDSS backward: solving adjoint problem …
[07-01 19:35:44][DEBUG] jax_fem: DeviceProblem: computing Jacobian on device
[07-01 19:35:44][DEBUG] jax_fem: Function split_and_compute_cell took 0.0434 seconds
[07-01 19:35:44][DEBUG] jax_fem: Computing cell residual...
[07-01 19:35:44][DEBUG] jax_fem: Function split_and_compute_cell took 0.0565 seconds
[07-01 19:35:44][INFO] jax_fem: CuDSS backward: solving adjoint problem …
[07-01 19:35:44][DEBUG] jax_fem: DeviceProblem: computing Jacobian on device
[07-01 19:35:44][DEBUG] jax_fem: Function split_and_compute_cell took 0.0328 seconds
[07-01 19:35:44][DEBUG] jax_fem: Computing cell residual...
[07-01 19:35:44][DEBUG] jax_fem: Function split_and_compute_cell took 0.0621 seconds
[07-01 19:35:45][INFO] jax_fem: CuDSS backward: solving adjoint problem …
[07-01 19:35:45][DEBUG] jax_fem: DeviceProblem: computing Jacobian on device
[07-01 19:35:45][DEBUG] jax_fem: Function split_and_compute_cell took 0.0461 seconds
[07-01 19:35:45][DEBUG] jax_fem: Computing cell residual...
[07-01 19:35:45][DEBUG] jax_fem: Function split_and_compute_cell took 0.0663 seconds
[07-01 19:35:45][INFO] jax_fem: CuDSS backward: solving adjoint problem …
[07-01 19:35:45][DEBUG] jax_fem: DeviceProblem: computing Jacobian on device
[07-01 19:35:45][DEBUG] jax_fem: Function split_and_compute_cell took 0.0269 seconds
[07-01 19:35:45][DEBUG] jax_fem: Computing cell residual...
[07-01 19:35:45][DEBUG] jax_fem: Function split_and_compute_cell took 0.0651 seconds
[07-01 19:35:45][INFO] jax_fem: CuDSS backward: solving adjoint problem …
[07-01 19:35:45][DEBUG] jax_fem: DeviceProblem: computing Jacobian on device
[07-01 19:35:45][DEBUG] jax_fem: Function split_and_compute_cell took 0.0342 seconds
[07-01 19:35:45][DEBUG] jax_fem: Computing cell residual...
[07-01 19:35:46][DEBUG] jax_fem: Function split_and_compute_cell took 0.0711 seconds
[07-01 19:35:47][DEBUG] jax_fem: CuDSSNewtonSolver: starting Newton loop
[07-01 19:35:47][DEBUG] jax_fem: DeviceProblem: computing Jacobian on device
[07-01 19:35:47][DEBUG] jax_fem: Function split_and_compute_cell took 0.0428 seconds
[07-01 19:35:47][DEBUG] jax_fem: CuDSSNewtonSolver: initial residual = 2.235e+08
[07-01 19:35:47][DEBUG] jax_fem: DeviceProblem: computing Jacobian on device
[07-01 19:35:47][DEBUG] jax_fem: Function split_and_compute_cell took 0.0311 seconds
[07-01 19:35:47][DEBUG] jax_fem: CuDSSNewtonSolver: iter=1  res=6.958e-06  rel=3.113e-14
[07-01 19:35:47][INFO] jax_fem: CuDSSNewtonSolver: solve finished in 0.12s  res=6.958e-06
[07-01 19:35:47][DEBUG] jax_fem: CuDSSNewtonSolver: starting Newton loop
[07-01 19:35:48][DEBUG] jax_fem: DeviceProblem: computing Jacobian on device
[07-01 19:35:48][DEBUG] jax_fem: Function split_and_compute_cell took 0.0476 seconds
[07-01 19:35:48][DEBUG] jax_fem: CuDSSNewtonSolver: initial residual = 2.217e+08
[07-01 19:35:48][DEBUG] jax_fem: DeviceProblem: computing Jacobian on device
[07-01 19:35:48][DEBUG] jax_fem: Function split_and_compute_cell took 0.0258 seconds
[07-01 19:35:48][DEBUG] jax_fem: CuDSSNewtonSolver: iter=1  res=7.514e-06  rel=3.390e-14
[07-01 19:35:48][INFO] jax_fem: CuDSSNewtonSolver: solve finished in 0.11s  res=7.514e-06
[07-01 19:35:48][DEBUG] jax_fem: CuDSSNewtonSolver: starting Newton loop
[07-01 19:35:48][DEBUG] jax_fem: DeviceProblem: computing Jacobian on device
[07-01 19:35:48][DEBUG] jax_fem: Function split_and_compute_cell took 0.0380 seconds
[07-01 19:35:48][DEBUG] jax_fem: CuDSSNewtonSolver: initial residual = 2.211e+08
[07-01 19:35:48][DEBUG] jax_fem: DeviceProblem: computing Jacobian on device
[07-01 19:35:48][DEBUG] jax_fem: Function split_and_compute_cell took 0.0478 seconds
[07-01 19:35:48][DEBUG] jax_fem: CuDSSNewtonSolver: iter=1  res=7.442e-06  rel=3.366e-14
[07-01 19:35:48][INFO] jax_fem: CuDSSNewtonSolver: solve finished in 0.13s  res=7.442e-06
[07-01 19:35:48][DEBUG] jax_fem: CuDSSNewtonSolver: starting Newton loop
[07-01 19:35:48][DEBUG] jax_fem: DeviceProblem: computing Jacobian on device
[07-01 19:35:48][DEBUG] jax_fem: Function split_and_compute_cell took 0.0347 seconds
[07-01 19:35:48][DEBUG] jax_fem: CuDSSNewtonSolver: initial residual = 2.237e+08
[07-01 19:35:48][DEBUG] jax_fem: DeviceProblem: computing Jacobian on device
[07-01 19:35:48][DEBUG] jax_fem: Function split_and_compute_cell took 0.0365 seconds
[07-01 19:35:48][DEBUG] jax_fem: CuDSSNewtonSolver: iter=1  res=7.572e-06  rel=3.385e-14
[07-01 19:35:48][INFO] jax_fem: CuDSSNewtonSolver: solve finished in 0.11s  res=7.572e-06
[07-01 19:35:49][DEBUG] jax_fem: CuDSSNewtonSolver: starting Newton loop
[07-01 19:35:49][DEBUG] jax_fem: DeviceProblem: computing Jacobian on device
[07-01 19:35:49][DEBUG] jax_fem: Function split_and_compute_cell took 0.0294 seconds
[07-01 19:35:49][DEBUG] jax_fem: CuDSSNewtonSolver: initial residual = 2.223e+08
[07-01 19:35:49][DEBUG] jax_fem: DeviceProblem: computing Jacobian on device
[07-01 19:35:49][DEBUG] jax_fem: Function split_and_compute_cell took 0.0374 seconds
[07-01 19:35:49][DEBUG] jax_fem: CuDSSNewtonSolver: iter=1  res=8.656e-06  rel=3.893e-14
[07-01 19:35:49][INFO] jax_fem: CuDSSNewtonSolver: solve finished in 0.11s  res=8.656e-06
[07-01 19:35:50][DEBUG] jax_fem: CuDSSNewtonSolver: starting Newton loop
[07-01 19:35:50][DEBUG] jax_fem: DeviceProblem: computing Jacobian on device
[07-01 19:35:50][DEBUG] jax_fem: Function split_and_compute_cell took 0.0284 seconds
[07-01 19:35:50][DEBUG] jax_fem: CuDSSNewtonSolver: initial residual = 2.235e+08
[07-01 19:35:50][DEBUG] jax_fem: DeviceProblem: computing Jacobian on device
[07-01 19:35:50][DEBUG] jax_fem: Function split_and_compute_cell took 0.0281 seconds
[07-01 19:35:50][DEBUG] jax_fem: CuDSSNewtonSolver: iter=1  res=6.889e-06  rel=3.082e-14
[07-01 19:35:50][INFO] jax_fem: CuDSSNewtonSolver: solve finished in 0.09s  res=6.889e-06
[07-01 19:35:51][DEBUG] jax_fem: CuDSSNewtonSolver: starting Newton loop
[07-01 19:35:51][DEBUG] jax_fem: DeviceProblem: computing Jacobian on device
[07-01 19:35:51][DEBUG] jax_fem: Function split_and_compute_cell took 0.0276 seconds
[07-01 19:35:51][DEBUG] jax_fem: CuDSSNewtonSolver: initial residual = 2.217e+08
[07-01 19:35:51][DEBUG] jax_fem: DeviceProblem: computing Jacobian on device
[07-01 19:35:51][DEBUG] jax_fem: Function split_and_compute_cell took 0.0275 seconds
[07-01 19:35:51][DEBUG] jax_fem: CuDSSNewtonSolver: iter=1  res=7.563e-06  rel=3.412e-14
[07-01 19:35:51][INFO] jax_fem: CuDSSNewtonSolver: solve finished in 0.09s  res=7.563e-06
[07-01 19:35:52][DEBUG] jax_fem: CuDSSNewtonSolver: starting Newton loop
[07-01 19:35:52][DEBUG] jax_fem: DeviceProblem: computing Jacobian on device
[07-01 19:35:52][DEBUG] jax_fem: Function split_and_compute_cell took 0.0292 seconds
[07-01 19:35:52][DEBUG] jax_fem: CuDSSNewtonSolver: initial residual = 2.211e+08
[07-01 19:35:52][DEBUG] jax_fem: DeviceProblem: computing Jacobian on device
[07-01 19:35:52][DEBUG] jax_fem: Function split_and_compute_cell took 0.0286 seconds
[07-01 19:35:52][DEBUG] jax_fem: CuDSSNewtonSolver: iter=1  res=7.199e-06  rel=3.256e-14
[07-01 19:35:52][INFO] jax_fem: CuDSSNewtonSolver: solve finished in 0.10s  res=7.199e-06
[07-01 19:35:52][DEBUG] jax_fem: CuDSSNewtonSolver: starting Newton loop
[07-01 19:35:52][DEBUG] jax_fem: DeviceProblem: computing Jacobian on device
[07-01 19:35:52][DEBUG] jax_fem: Function split_and_compute_cell took 0.0280 seconds
[07-01 19:35:52][DEBUG] jax_fem: CuDSSNewtonSolver: initial residual = 2.237e+08
[07-01 19:35:52][DEBUG] jax_fem: DeviceProblem: computing Jacobian on device
[07-01 19:35:52][DEBUG] jax_fem: Function split_and_compute_cell took 0.0282 seconds
[07-01 19:35:52][DEBUG] jax_fem: CuDSSNewtonSolver: iter=1  res=7.492e-06  rel=3.349e-14
[07-01 19:35:52][INFO] jax_fem: CuDSSNewtonSolver: solve finished in 0.09s  res=7.492e-06
[07-01 19:35:53][DEBUG] jax_fem: CuDSSNewtonSolver: starting Newton loop
[07-01 19:35:53][DEBUG] jax_fem: DeviceProblem: computing Jacobian on device
[07-01 19:35:53][DEBUG] jax_fem: Function split_and_compute_cell took 0.0286 seconds
[07-01 19:35:53][DEBUG] jax_fem: CuDSSNewtonSolver: initial residual = 2.223e+08
[07-01 19:35:53][DEBUG] jax_fem: DeviceProblem: computing Jacobian on device
[07-01 19:35:53][DEBUG] jax_fem: Function split_and_compute_cell took 0.0290 seconds
[07-01 19:35:53][DEBUG] jax_fem: CuDSSNewtonSolver: iter=1  res=8.686e-06  rel=3.907e-14
[07-01 19:35:53][INFO] jax_fem: CuDSSNewtonSolver: solve finished in 0.09s  res=8.686e-06
[07-01 19:35:53][INFO] jax_fem: CuDSS backward: solving adjoint problem …
[07-01 19:35:53][DEBUG] jax_fem: DeviceProblem: computing Jacobian on device
[07-01 19:35:53][DEBUG] jax_fem: Function split_and_compute_cell took 0.0381 seconds
[07-01 19:35:53][DEBUG] jax_fem: Computing cell residual...
[07-01 19:35:53][DEBUG] jax_fem: Function split_and_compute_cell took 0.0596 seconds
[07-01 19:35:54][INFO] jax_fem: CuDSS backward: solving adjoint problem …
[07-01 19:35:54][DEBUG] jax_fem: DeviceProblem: computing Jacobian on device
[07-01 19:35:54][DEBUG] jax_fem: Function split_and_compute_cell took 0.0274 seconds
[07-01 19:35:54][DEBUG] jax_fem: Computing cell residual...
[07-01 19:35:54][DEBUG] jax_fem: Function split_and_compute_cell took 0.0620 seconds
[07-01 19:35:54][INFO] jax_fem: CuDSS backward: solving adjoint problem …
[07-01 19:35:54][DEBUG] jax_fem: DeviceProblem: computing Jacobian on device
[07-01 19:35:54][DEBUG] jax_fem: Function split_and_compute_cell took 0.0472 seconds
[07-01 19:35:54][DEBUG] jax_fem: Computing cell residual...
[07-01 19:35:54][DEBUG] jax_fem: Function split_and_compute_cell took 0.0598 seconds
[07-01 19:35:54][INFO] jax_fem: CuDSS backward: solving adjoint problem …
[07-01 19:35:54][DEBUG] jax_fem: DeviceProblem: computing Jacobian on device
[07-01 19:35:54][DEBUG] jax_fem: Function split_and_compute_cell took 0.0428 seconds
[07-01 19:35:54][DEBUG] jax_fem: Computing cell residual...
[07-01 19:35:54][DEBUG] jax_fem: Function split_and_compute_cell took 0.0785 seconds
[07-01 19:35:55][INFO] jax_fem: CuDSS backward: solving adjoint problem …
[07-01 19:35:55][DEBUG] jax_fem: DeviceProblem: computing Jacobian on device
[07-01 19:35:55][DEBUG] jax_fem: Function split_and_compute_cell took 0.0558 seconds
[07-01 19:35:55][DEBUG] jax_fem: Computing cell residual...
[07-01 19:35:55][DEBUG] jax_fem: Function split_and_compute_cell took 0.0750 seconds
[07-01 19:35:57][DEBUG] jax_fem: CuDSSNewtonSolver: starting Newton loop
[07-01 19:35:57][DEBUG] jax_fem: DeviceProblem: computing Jacobian on device
[07-01 19:35:57][DEBUG] jax_fem: Function split_and_compute_cell took 0.0277 seconds
[07-01 19:35:57][DEBUG] jax_fem: CuDSSNewtonSolver: initial residual = 2.235e+08
[07-01 19:35:57][DEBUG] jax_fem: DeviceProblem: computing Jacobian on device
[07-01 19:35:57][DEBUG] jax_fem: Function split_and_compute_cell took 0.0357 seconds
[07-01 19:35:57][DEBUG] jax_fem: CuDSSNewtonSolver: iter=1  res=6.821e-06  rel=3.052e-14
[07-01 19:35:57][INFO] jax_fem: CuDSSNewtonSolver: solve finished in 0.10s  res=6.821e-06
[07-01 19:35:57][DEBUG] jax_fem: CuDSSNewtonSolver: starting Newton loop
[07-01 19:35:57][DEBUG] jax_fem: DeviceProblem: computing Jacobian on device
[07-01 19:35:57][DEBUG] jax_fem: Function split_and_compute_cell took 0.0516 seconds
[07-01 19:35:57][DEBUG] jax_fem: CuDSSNewtonSolver: initial residual = 2.217e+08
[07-01 19:35:57][DEBUG] jax_fem: DeviceProblem: computing Jacobian on device
[07-01 19:35:57][DEBUG] jax_fem: Function split_and_compute_cell took 0.0411 seconds
[07-01 19:35:57][DEBUG] jax_fem: CuDSSNewtonSolver: iter=1  res=8.178e-06  rel=3.689e-14
[07-01 19:35:57][INFO] jax_fem: CuDSSNewtonSolver: solve finished in 0.13s  res=8.178e-06
[07-01 19:35:57][DEBUG] jax_fem: CuDSSNewtonSolver: starting Newton loop
[07-01 19:35:57][DEBUG] jax_fem: DeviceProblem: computing Jacobian on device
[07-01 19:35:57][DEBUG] jax_fem: Function split_and_compute_cell took 0.0373 seconds
[07-01 19:35:57][DEBUG] jax_fem: CuDSSNewtonSolver: initial residual = 2.211e+08
[07-01 19:35:57][DEBUG] jax_fem: DeviceProblem: computing Jacobian on device
[07-01 19:35:57][DEBUG] jax_fem: Function split_and_compute_cell took 0.0261 seconds
[07-01 19:35:57][DEBUG] jax_fem: CuDSSNewtonSolver: iter=1  res=7.316e-06  rel=3.309e-14
[07-01 19:35:57][INFO] jax_fem: CuDSSNewtonSolver: solve finished in 0.10s  res=7.316e-06
[07-01 19:35:58][DEBUG] jax_fem: CuDSSNewtonSolver: starting Newton loop
[07-01 19:35:58][DEBUG] jax_fem: DeviceProblem: computing Jacobian on device
[07-01 19:35:58][DEBUG] jax_fem: Function split_and_compute_cell took 0.0528 seconds
[07-01 19:35:58][DEBUG] jax_fem: CuDSSNewtonSolver: initial residual = 2.237e+08
[07-01 19:35:58][DEBUG] jax_fem: DeviceProblem: computing Jacobian on device
[07-01 19:35:58][DEBUG] jax_fem: Function split_and_compute_cell took 0.0313 seconds
[07-01 19:35:58][DEBUG] jax_fem: CuDSSNewtonSolver: iter=1  res=7.684e-06  rel=3.436e-14
[07-01 19:35:58][INFO] jax_fem: CuDSSNewtonSolver: solve finished in 0.13s  res=7.684e-06
[07-01 19:35:58][DEBUG] jax_fem: CuDSSNewtonSolver: starting Newton loop
[07-01 19:35:58][DEBUG] jax_fem: DeviceProblem: computing Jacobian on device
[07-01 19:35:58][DEBUG] jax_fem: Function split_and_compute_cell took 0.0269 seconds
[07-01 19:35:58][DEBUG] jax_fem: CuDSSNewtonSolver: initial residual = 2.223e+08
[07-01 19:35:58][DEBUG] jax_fem: DeviceProblem: computing Jacobian on device
[07-01 19:35:58][DEBUG] jax_fem: Function split_and_compute_cell took 0.0421 seconds
[07-01 19:35:58][DEBUG] jax_fem: CuDSSNewtonSolver: iter=1  res=8.519e-06  rel=3.831e-14
[07-01 19:35:58][INFO] jax_fem: CuDSSNewtonSolver: solve finished in 0.11s  res=8.519e-06
[07-01 19:36:00][DEBUG] jax_fem: CuDSSNewtonSolver: starting Newton loop
[07-01 19:36:00][DEBUG] jax_fem: DeviceProblem: computing Jacobian on device
[07-01 19:36:00][DEBUG] jax_fem: Function split_and_compute_cell took 0.0273 seconds
[07-01 19:36:00][DEBUG] jax_fem: CuDSSNewtonSolver: initial residual = 2.235e+08
[07-01 19:36:00][DEBUG] jax_fem: DeviceProblem: computing Jacobian on device
[07-01 19:36:00][DEBUG] jax_fem: Function split_and_compute_cell took 0.0284 seconds
[07-01 19:36:00][DEBUG] jax_fem: CuDSSNewtonSolver: iter=1  res=6.671e-06  rel=2.985e-14
[07-01 19:36:00][INFO] jax_fem: CuDSSNewtonSolver: solve finished in 0.09s  res=6.671e-06
[07-01 19:36:00][DEBUG] jax_fem: CuDSSNewtonSolver: starting Newton loop
[07-01 19:36:00][DEBUG] jax_fem: DeviceProblem: computing Jacobian on device
[07-01 19:36:00][DEBUG] jax_fem: Function split_and_compute_cell took 0.0280 seconds
[07-01 19:36:00][DEBUG] jax_fem: CuDSSNewtonSolver: initial residual = 2.217e+08
[07-01 19:36:00][DEBUG] jax_fem: DeviceProblem: computing Jacobian on device
[07-01 19:36:01][DEBUG] jax_fem: Function split_and_compute_cell took 0.0301 seconds
[07-01 19:36:01][DEBUG] jax_fem: CuDSSNewtonSolver: iter=1  res=8.229e-06  rel=3.712e-14
[07-01 19:36:01][INFO] jax_fem: CuDSSNewtonSolver: solve finished in 0.09s  res=8.229e-06
[07-01 19:36:01][DEBUG] jax_fem: CuDSSNewtonSolver: starting Newton loop
[07-01 19:36:01][DEBUG] jax_fem: DeviceProblem: computing Jacobian on device
[07-01 19:36:01][DEBUG] jax_fem: Function split_and_compute_cell took 0.0278 seconds
[07-01 19:36:01][DEBUG] jax_fem: CuDSSNewtonSolver: initial residual = 2.211e+08
[07-01 19:36:01][DEBUG] jax_fem: DeviceProblem: computing Jacobian on device
[07-01 19:36:01][DEBUG] jax_fem: Function split_and_compute_cell took 0.0293 seconds
[07-01 19:36:01][DEBUG] jax_fem: CuDSSNewtonSolver: iter=1  res=7.386e-06  rel=3.341e-14
[07-01 19:36:01][INFO] jax_fem: CuDSSNewtonSolver: solve finished in 0.09s  res=7.386e-06
[07-01 19:36:02][DEBUG] jax_fem: CuDSSNewtonSolver: starting Newton loop
[07-01 19:36:02][DEBUG] jax_fem: DeviceProblem: computing Jacobian on device
[07-01 19:36:02][DEBUG] jax_fem: Function split_and_compute_cell took 0.0281 seconds
[07-01 19:36:02][DEBUG] jax_fem: CuDSSNewtonSolver: initial residual = 2.237e+08
[07-01 19:36:02][DEBUG] jax_fem: DeviceProblem: computing Jacobian on device
[07-01 19:36:02][DEBUG] jax_fem: Function split_and_compute_cell took 0.0268 seconds
[07-01 19:36:02][DEBUG] jax_fem: CuDSSNewtonSolver: iter=1  res=8.075e-06  rel=3.610e-14
[07-01 19:36:02][INFO] jax_fem: CuDSSNewtonSolver: solve finished in 0.09s  res=8.075e-06
[07-01 19:36:02][DEBUG] jax_fem: CuDSSNewtonSolver: starting Newton loop
[07-01 19:36:02][DEBUG] jax_fem: DeviceProblem: computing Jacobian on device
[07-01 19:36:02][DEBUG] jax_fem: Function split_and_compute_cell took 0.0277 seconds
[07-01 19:36:02][DEBUG] jax_fem: CuDSSNewtonSolver: initial residual = 2.223e+08
[07-01 19:36:02][DEBUG] jax_fem: DeviceProblem: computing Jacobian on device
[07-01 19:36:02][DEBUG] jax_fem: Function split_and_compute_cell took 0.0284 seconds
[07-01 19:36:02][DEBUG] jax_fem: CuDSSNewtonSolver: iter=1  res=8.427e-06  rel=3.790e-14
[07-01 19:36:02][INFO] jax_fem: CuDSSNewtonSolver: solve finished in 0.09s  res=8.427e-06
[07-01 19:36:03][INFO] jax_fem: CuDSS backward: solving adjoint problem …
[07-01 19:36:03][DEBUG] jax_fem: DeviceProblem: computing Jacobian on device
[07-01 19:36:03][DEBUG] jax_fem: Function split_and_compute_cell took 0.0357 seconds
[07-01 19:36:03][DEBUG] jax_fem: Computing cell residual...
[07-01 19:36:03][DEBUG] jax_fem: Function split_and_compute_cell took 0.0715 seconds
[07-01 19:36:03][INFO] jax_fem: CuDSS backward: solving adjoint problem …
[07-01 19:36:03][DEBUG] jax_fem: DeviceProblem: computing Jacobian on device
[07-01 19:36:03][DEBUG] jax_fem: Function split_and_compute_cell took 0.0477 seconds
[07-01 19:36:03][DEBUG] jax_fem: Computing cell residual...
[07-01 19:36:03][DEBUG] jax_fem: Function split_and_compute_cell took 0.0650 seconds
[07-01 19:36:03][INFO] jax_fem: CuDSS backward: solving adjoint problem …
[07-01 19:36:03][DEBUG] jax_fem: DeviceProblem: computing Jacobian on device
[07-01 19:36:03][DEBUG] jax_fem: Function split_and_compute_cell took 0.0297 seconds
[07-01 19:36:04][DEBUG] jax_fem: Computing cell residual...
[07-01 19:36:04][DEBUG] jax_fem: Function split_and_compute_cell took 0.0692 seconds
[07-01 19:36:04][INFO] jax_fem: CuDSS backward: solving adjoint problem …
[07-01 19:36:04][DEBUG] jax_fem: DeviceProblem: computing Jacobian on device
[07-01 19:36:04][DEBUG] jax_fem: Function split_and_compute_cell took 0.0511 seconds
[07-01 19:36:04][DEBUG] jax_fem: Computing cell residual...
[07-01 19:36:04][DEBUG] jax_fem: Function split_and_compute_cell took 0.0679 seconds
[07-01 19:36:04][INFO] jax_fem: CuDSS backward: solving adjoint problem …
[07-01 19:36:04][DEBUG] jax_fem: DeviceProblem: computing Jacobian on device
[07-01 19:36:04][DEBUG] jax_fem: Function split_and_compute_cell took 0.0389 seconds
[07-01 19:36:04][DEBUG] jax_fem: Computing cell residual...
[07-01 19:36:04][DEBUG] jax_fem: Function split_and_compute_cell took 0.0581 seconds
[07-01 19:36:06][DEBUG] jax_fem: CuDSSNewtonSolver: starting Newton loop
[07-01 19:36:06][DEBUG] jax_fem: DeviceProblem: computing Jacobian on device
[07-01 19:36:06][DEBUG] jax_fem: Function split_and_compute_cell took 0.0398 seconds
[07-01 19:36:06][DEBUG] jax_fem: CuDSSNewtonSolver: initial residual = 2.235e+08
[07-01 19:36:06][DEBUG] jax_fem: DeviceProblem: computing Jacobian on device
[07-01 19:36:06][DEBUG] jax_fem: Function split_and_compute_cell took 0.0390 seconds
[07-01 19:36:06][DEBUG] jax_fem: CuDSSNewtonSolver: iter=1  res=6.756e-06  rel=3.023e-14
[07-01 19:36:06][INFO] jax_fem: CuDSSNewtonSolver: solve finished in 0.13s  res=6.756e-06
[07-01 19:36:07][DEBUG] jax_fem: CuDSSNewtonSolver: starting Newton loop
[07-01 19:36:07][DEBUG] jax_fem: DeviceProblem: computing Jacobian on device
[07-01 19:36:07][DEBUG] jax_fem: Function split_and_compute_cell took 0.0372 seconds
[07-01 19:36:07][DEBUG] jax_fem: CuDSSNewtonSolver: initial residual = 2.217e+08
[07-01 19:36:07][DEBUG] jax_fem: DeviceProblem: computing Jacobian on device
[07-01 19:36:07][DEBUG] jax_fem: Function split_and_compute_cell took 0.0463 seconds
[07-01 19:36:07][DEBUG] jax_fem: CuDSSNewtonSolver: iter=1  res=7.997e-06  rel=3.608e-14
[07-01 19:36:07][INFO] jax_fem: CuDSSNewtonSolver: solve finished in 0.13s  res=7.997e-06
[07-01 19:36:07][DEBUG] jax_fem: CuDSSNewtonSolver: starting Newton loop
[07-01 19:36:07][DEBUG] jax_fem: DeviceProblem: computing Jacobian on device
[07-01 19:36:07][DEBUG] jax_fem: Function split_and_compute_cell took 0.0587 seconds
[07-01 19:36:07][DEBUG] jax_fem: CuDSSNewtonSolver: initial residual = 2.211e+08
[07-01 19:36:07][DEBUG] jax_fem: DeviceProblem: computing Jacobian on device
[07-01 19:36:07][DEBUG] jax_fem: Function split_and_compute_cell took 0.0504 seconds
[07-01 19:36:07][DEBUG] jax_fem: CuDSSNewtonSolver: iter=1  res=7.199e-06  rel=3.256e-14
[07-01 19:36:07][INFO] jax_fem: CuDSSNewtonSolver: solve finished in 0.15s  res=7.199e-06
[07-01 19:36:07][DEBUG] jax_fem: CuDSSNewtonSolver: starting Newton loop
[07-01 19:36:07][DEBUG] jax_fem: DeviceProblem: computing Jacobian on device
[07-01 19:36:07][DEBUG] jax_fem: Function split_and_compute_cell took 0.0432 seconds
[07-01 19:36:07][DEBUG] jax_fem: CuDSSNewtonSolver: initial residual = 2.237e+08
[07-01 19:36:07][DEBUG] jax_fem: DeviceProblem: computing Jacobian on device
[07-01 19:36:07][DEBUG] jax_fem: Function split_and_compute_cell took 0.0482 seconds
[07-01 19:36:08][DEBUG] jax_fem: CuDSSNewtonSolver: iter=1  res=7.645e-06  rel=3.418e-14
[07-01 19:36:08][INFO] jax_fem: CuDSSNewtonSolver: solve finished in 0.13s  res=7.645e-06
[07-01 19:36:08][DEBUG] jax_fem: CuDSSNewtonSolver: starting Newton loop
[07-01 19:36:08][DEBUG] jax_fem: DeviceProblem: computing Jacobian on device
[07-01 19:36:08][DEBUG] jax_fem: Function split_and_compute_cell took 0.0476 seconds
[07-01 19:36:08][DEBUG] jax_fem: CuDSSNewtonSolver: initial residual = 2.223e+08
[07-01 19:36:08][DEBUG] jax_fem: DeviceProblem: computing Jacobian on device
[07-01 19:36:08][DEBUG] jax_fem: Function split_and_compute_cell took 0.0420 seconds
[07-01 19:36:08][DEBUG] jax_fem: CuDSSNewtonSolver: iter=1  res=8.640e-06  rel=3.886e-14
[07-01 19:36:08][INFO] jax_fem: CuDSSNewtonSolver: solve finished in 0.13s  res=8.640e-06
[07-01 19:36:10][DEBUG] jax_fem: CuDSSNewtonSolver: starting Newton loop
[07-01 19:36:10][DEBUG] jax_fem: DeviceProblem: computing Jacobian on device
[07-01 19:36:10][DEBUG] jax_fem: Function split_and_compute_cell took 0.0285 seconds
[07-01 19:36:10][DEBUG] jax_fem: CuDSSNewtonSolver: initial residual = 2.235e+08
[07-01 19:36:10][DEBUG] jax_fem: DeviceProblem: computing Jacobian on device
[07-01 19:36:10][DEBUG] jax_fem: Function split_and_compute_cell took 0.0285 seconds
[07-01 19:36:10][DEBUG] jax_fem: CuDSSNewtonSolver: iter=1  res=6.670e-06  rel=2.984e-14
[07-01 19:36:10][INFO] jax_fem: CuDSSNewtonSolver: solve finished in 0.09s  res=6.670e-06
[07-01 19:36:10][DEBUG] jax_fem: CuDSSNewtonSolver: starting Newton loop
[07-01 19:36:10][DEBUG] jax_fem: DeviceProblem: computing Jacobian on device
[07-01 19:36:10][DEBUG] jax_fem: Function split_and_compute_cell took 0.0261 seconds
[07-01 19:36:10][DEBUG] jax_fem: CuDSSNewtonSolver: initial residual = 2.217e+08
[07-01 19:36:10][DEBUG] jax_fem: DeviceProblem: computing Jacobian on device
[07-01 19:36:10][DEBUG] jax_fem: Function split_and_compute_cell took 0.0274 seconds
[07-01 19:36:10][DEBUG] jax_fem: CuDSSNewtonSolver: iter=1  res=7.654e-06  rel=3.453e-14
[07-01 19:36:10][INFO] jax_fem: CuDSSNewtonSolver: solve finished in 0.09s  res=7.654e-06
[07-01 19:36:11][DEBUG] jax_fem: CuDSSNewtonSolver: starting Newton loop
[07-01 19:36:11][DEBUG] jax_fem: DeviceProblem: computing Jacobian on device
[07-01 19:36:11][DEBUG] jax_fem: Function split_and_compute_cell took 0.0308 seconds
[07-01 19:36:11][DEBUG] jax_fem: CuDSSNewtonSolver: initial residual = 2.211e+08
[07-01 19:36:11][DEBUG] jax_fem: DeviceProblem: computing Jacobian on device
[07-01 19:36:11][DEBUG] jax_fem: Function split_and_compute_cell took 0.0277 seconds
[07-01 19:36:11][DEBUG] jax_fem: CuDSSNewtonSolver: iter=1  res=7.375e-06  rel=3.336e-14
[07-01 19:36:11][INFO] jax_fem: CuDSSNewtonSolver: solve finished in 0.10s  res=7.375e-06
[07-01 19:36:11][DEBUG] jax_fem: CuDSSNewtonSolver: starting Newton loop
[07-01 19:36:11][DEBUG] jax_fem: DeviceProblem: computing Jacobian on device
[07-01 19:36:11][DEBUG] jax_fem: Function split_and_compute_cell took 0.0278 seconds
[07-01 19:36:11][DEBUG] jax_fem: CuDSSNewtonSolver: initial residual = 2.237e+08
[07-01 19:36:11][DEBUG] jax_fem: DeviceProblem: computing Jacobian on device
[07-01 19:36:11][DEBUG] jax_fem: Function split_and_compute_cell took 0.0280 seconds
[07-01 19:36:11][DEBUG] jax_fem: CuDSSNewtonSolver: iter=1  res=7.585e-06  rel=3.391e-14
[07-01 19:36:11][INFO] jax_fem: CuDSSNewtonSolver: solve finished in 0.09s  res=7.585e-06
[07-01 19:36:12][DEBUG] jax_fem: CuDSSNewtonSolver: starting Newton loop
[07-01 19:36:12][DEBUG] jax_fem: DeviceProblem: computing Jacobian on device
[07-01 19:36:12][DEBUG] jax_fem: Function split_and_compute_cell took 0.0274 seconds
[07-01 19:36:12][DEBUG] jax_fem: CuDSSNewtonSolver: initial residual = 2.223e+08
[07-01 19:36:12][DEBUG] jax_fem: DeviceProblem: computing Jacobian on device
[07-01 19:36:12][DEBUG] jax_fem: Function split_and_compute_cell took 0.0291 seconds
[07-01 19:36:12][DEBUG] jax_fem: CuDSSNewtonSolver: iter=1  res=8.780e-06  rel=3.949e-14
[07-01 19:36:12][INFO] jax_fem: CuDSSNewtonSolver: solve finished in 0.09s  res=8.780e-06
[07-01 19:36:12][INFO] jax_fem: CuDSS backward: solving adjoint problem …
[07-01 19:36:12][DEBUG] jax_fem: DeviceProblem: computing Jacobian on device
[07-01 19:36:12][DEBUG] jax_fem: Function split_and_compute_cell took 0.0303 seconds
[07-01 19:36:12][DEBUG] jax_fem: Computing cell residual...
[07-01 19:36:12][DEBUG] jax_fem: Function split_and_compute_cell took 0.0607 seconds
[07-01 19:36:12][INFO] jax_fem: CuDSS backward: solving adjoint problem …
[07-01 19:36:12][DEBUG] jax_fem: DeviceProblem: computing Jacobian on device
[07-01 19:36:13][DEBUG] jax_fem: Function split_and_compute_cell took 0.0394 seconds
[07-01 19:36:13][DEBUG] jax_fem: Computing cell residual...
[07-01 19:36:13][DEBUG] jax_fem: Function split_and_compute_cell took 0.0504 seconds
[07-01 19:36:13][INFO] jax_fem: CuDSS backward: solving adjoint problem …
[07-01 19:36:13][DEBUG] jax_fem: DeviceProblem: computing Jacobian on device
[07-01 19:36:13][DEBUG] jax_fem: Function split_and_compute_cell took 0.0257 seconds
[07-01 19:36:13][DEBUG] jax_fem: Computing cell residual...
[07-01 19:36:13][DEBUG] jax_fem: Function split_and_compute_cell took 0.0630 seconds
[07-01 19:36:13][INFO] jax_fem: CuDSS backward: solving adjoint problem …
[07-01 19:36:13][DEBUG] jax_fem: DeviceProblem: computing Jacobian on device
[07-01 19:36:13][DEBUG] jax_fem: Function split_and_compute_cell took 0.0306 seconds
[07-01 19:36:13][DEBUG] jax_fem: Computing cell residual...
[07-01 19:36:13][DEBUG] jax_fem: Function split_and_compute_cell took 0.0735 seconds
[07-01 19:36:14][INFO] jax_fem: CuDSS backward: solving adjoint problem …
[07-01 19:36:14][DEBUG] jax_fem: DeviceProblem: computing Jacobian on device
[07-01 19:36:14][DEBUG] jax_fem: Function split_and_compute_cell took 0.0567 seconds
[07-01 19:36:14][DEBUG] jax_fem: Computing cell residual...
[07-01 19:36:14][DEBUG] jax_fem: Function split_and_compute_cell took 0.0519 seconds
[07-01 19:36:15][DEBUG] jax_fem: CuDSSNewtonSolver: starting Newton loop
[07-01 19:36:15][DEBUG] jax_fem: DeviceProblem: computing Jacobian on device
[07-01 19:36:15][DEBUG] jax_fem: Function split_and_compute_cell took 0.0396 seconds
[07-01 19:36:15][DEBUG] jax_fem: CuDSSNewtonSolver: initial residual = 2.235e+08
[07-01 19:36:15][DEBUG] jax_fem: DeviceProblem: computing Jacobian on device
[07-01 19:36:16][DEBUG] jax_fem: Function split_and_compute_cell took 0.0485 seconds
[07-01 19:36:16][DEBUG] jax_fem: CuDSSNewtonSolver: iter=1  res=6.584e-06  rel=2.946e-14
[07-01 19:36:16][INFO] jax_fem: CuDSSNewtonSolver: solve finished in 0.13s  res=6.584e-06
[07-01 19:36:16][DEBUG] jax_fem: CuDSSNewtonSolver: starting Newton loop
[07-01 19:36:16][DEBUG] jax_fem: DeviceProblem: computing Jacobian on device
[07-01 19:36:16][DEBUG] jax_fem: Function split_and_compute_cell took 0.0259 seconds
[07-01 19:36:16][DEBUG] jax_fem: CuDSSNewtonSolver: initial residual = 2.217e+08
[07-01 19:36:16][DEBUG] jax_fem: DeviceProblem: computing Jacobian on device
[07-01 19:36:16][DEBUG] jax_fem: Function split_and_compute_cell took 0.0296 seconds
[07-01 19:36:16][DEBUG] jax_fem: CuDSSNewtonSolver: iter=1  res=7.739e-06  rel=3.492e-14
[07-01 19:36:16][INFO] jax_fem: CuDSSNewtonSolver: solve finished in 0.09s  res=7.739e-06
[07-01 19:36:16][DEBUG] jax_fem: CuDSSNewtonSolver: starting Newton loop
[07-01 19:36:16][DEBUG] jax_fem: DeviceProblem: computing Jacobian on device
[07-01 19:36:16][DEBUG] jax_fem: Function split_and_compute_cell took 0.0300 seconds
[07-01 19:36:16][DEBUG] jax_fem: CuDSSNewtonSolver: initial residual = 2.211e+08
[07-01 19:36:16][DEBUG] jax_fem: DeviceProblem: computing Jacobian on device
[07-01 19:36:16][DEBUG] jax_fem: Function split_and_compute_cell took 0.0271 seconds
[07-01 19:36:16][DEBUG] jax_fem: CuDSSNewtonSolver: iter=1  res=7.144e-06  rel=3.232e-14
[07-01 19:36:16][INFO] jax_fem: CuDSSNewtonSolver: solve finished in 0.10s  res=7.144e-06
[07-01 19:36:16][DEBUG] jax_fem: CuDSSNewtonSolver: starting Newton loop
[07-01 19:36:16][DEBUG] jax_fem: DeviceProblem: computing Jacobian on device
[07-01 19:36:17][DEBUG] jax_fem: Function split_and_compute_cell took 0.0330 seconds
[07-01 19:36:17][DEBUG] jax_fem: CuDSSNewtonSolver: initial residual = 2.237e+08
[07-01 19:36:17][DEBUG] jax_fem: DeviceProblem: computing Jacobian on device
[07-01 19:36:17][DEBUG] jax_fem: Function split_and_compute_cell took 0.0302 seconds
[07-01 19:36:17][DEBUG] jax_fem: CuDSSNewtonSolver: iter=1  res=7.751e-06  rel=3.465e-14
[07-01 19:36:17][INFO] jax_fem: CuDSSNewtonSolver: solve finished in 0.11s  res=7.751e-06
[07-01 19:36:17][DEBUG] jax_fem: CuDSSNewtonSolver: starting Newton loop
[07-01 19:36:17][DEBUG] jax_fem: DeviceProblem: computing Jacobian on device
[07-01 19:36:17][DEBUG] jax_fem: Function split_and_compute_cell took 0.0257 seconds
[07-01 19:36:17][DEBUG] jax_fem: CuDSSNewtonSolver: initial residual = 2.223e+08
[07-01 19:36:17][DEBUG] jax_fem: DeviceProblem: computing Jacobian on device
[07-01 19:36:17][DEBUG] jax_fem: Function split_and_compute_cell took 0.0389 seconds
[07-01 19:36:17][DEBUG] jax_fem: CuDSSNewtonSolver: iter=1  res=8.703e-06  rel=3.914e-14
[07-01 19:36:17][INFO] jax_fem: CuDSSNewtonSolver: solve finished in 0.10s  res=8.703e-06
[07-01 19:36:19][DEBUG] jax_fem: CuDSSNewtonSolver: starting Newton loop
[07-01 19:36:19][DEBUG] jax_fem: DeviceProblem: computing Jacobian on device
[07-01 19:36:19][DEBUG] jax_fem: Function split_and_compute_cell took 0.0279 seconds
[07-01 19:36:19][DEBUG] jax_fem: CuDSSNewtonSolver: initial residual = 2.235e+08
[07-01 19:36:19][DEBUG] jax_fem: DeviceProblem: computing Jacobian on device
[07-01 19:36:19][DEBUG] jax_fem: Function split_and_compute_cell took 0.0286 seconds
[07-01 19:36:19][DEBUG] jax_fem: CuDSSNewtonSolver: iter=1  res=6.735e-06  rel=3.013e-14
[07-01 19:36:19][INFO] jax_fem: CuDSSNewtonSolver: solve finished in 0.09s  res=6.735e-06
[07-01 19:36:19][DEBUG] jax_fem: CuDSSNewtonSolver: starting Newton loop
[07-01 19:36:19][DEBUG] jax_fem: DeviceProblem: computing Jacobian on device
[07-01 19:36:19][DEBUG] jax_fem: Function split_and_compute_cell took 0.0287 seconds
[07-01 19:36:19][DEBUG] jax_fem: CuDSSNewtonSolver: initial residual = 2.217e+08
[07-01 19:36:19][DEBUG] jax_fem: DeviceProblem: computing Jacobian on device
[07-01 19:36:19][DEBUG] jax_fem: Function split_and_compute_cell took 0.0277 seconds
[07-01 19:36:19][DEBUG] jax_fem: CuDSSNewtonSolver: iter=1  res=7.821e-06  rel=3.529e-14
[07-01 19:36:19][INFO] jax_fem: CuDSSNewtonSolver: solve finished in 0.10s  res=7.821e-06
[07-01 19:36:20][DEBUG] jax_fem: CuDSSNewtonSolver: starting Newton loop
[07-01 19:36:20][DEBUG] jax_fem: DeviceProblem: computing Jacobian on device
[07-01 19:36:20][DEBUG] jax_fem: Function split_and_compute_cell took 0.0291 seconds
[07-01 19:36:20][DEBUG] jax_fem: CuDSSNewtonSolver: initial residual = 2.211e+08
[07-01 19:36:20][DEBUG] jax_fem: DeviceProblem: computing Jacobian on device
[07-01 19:36:20][DEBUG] jax_fem: Function split_and_compute_cell took 0.0280 seconds
[07-01 19:36:20][DEBUG] jax_fem: CuDSSNewtonSolver: iter=1  res=7.296e-06  rel=3.300e-14
[07-01 19:36:20][INFO] jax_fem: CuDSSNewtonSolver: solve finished in 0.09s  res=7.296e-06
[07-01 19:36:21][DEBUG] jax_fem: CuDSSNewtonSolver: starting Newton loop
[07-01 19:36:21][DEBUG] jax_fem: DeviceProblem: computing Jacobian on device
[07-01 19:36:21][DEBUG] jax_fem: Function split_and_compute_cell took 0.0290 seconds
[07-01 19:36:21][DEBUG] jax_fem: CuDSSNewtonSolver: initial residual = 2.237e+08
[07-01 19:36:21][DEBUG] jax_fem: DeviceProblem: computing Jacobian on device
[07-01 19:36:21][DEBUG] jax_fem: Function split_and_compute_cell took 0.0289 seconds
[07-01 19:36:21][DEBUG] jax_fem: CuDSSNewtonSolver: iter=1  res=7.821e-06  rel=3.497e-14
[07-01 19:36:21][INFO] jax_fem: CuDSSNewtonSolver: solve finished in 0.09s  res=7.821e-06
[07-01 19:36:21][DEBUG] jax_fem: CuDSSNewtonSolver: starting Newton loop
[07-01 19:36:21][DEBUG] jax_fem: DeviceProblem: computing Jacobian on device
[07-01 19:36:21][DEBUG] jax_fem: Function split_and_compute_cell took 0.0278 seconds
[07-01 19:36:21][DEBUG] jax_fem: CuDSSNewtonSolver: initial residual = 2.223e+08
[07-01 19:36:21][DEBUG] jax_fem: DeviceProblem: computing Jacobian on device
[07-01 19:36:21][DEBUG] jax_fem: Function split_and_compute_cell took 0.0287 seconds
[07-01 19:36:21][DEBUG] jax_fem: CuDSSNewtonSolver: iter=1  res=8.381e-06  rel=3.769e-14
[07-01 19:36:21][INFO] jax_fem: CuDSSNewtonSolver: solve finished in 0.10s  res=8.381e-06
[07-01 19:36:21][INFO] jax_fem: CuDSS backward: solving adjoint problem …
[07-01 19:36:21][DEBUG] jax_fem: DeviceProblem: computing Jacobian on device
[07-01 19:36:21][DEBUG] jax_fem: Function split_and_compute_cell took 0.0364 seconds
[07-01 19:36:21][DEBUG] jax_fem: Computing cell residual...
[07-01 19:36:22][DEBUG] jax_fem: Function split_and_compute_cell took 0.0670 seconds
[07-01 19:36:22][INFO] jax_fem: CuDSS backward: solving adjoint problem …
[07-01 19:36:22][DEBUG] jax_fem: DeviceProblem: computing Jacobian on device
[07-01 19:36:22][DEBUG] jax_fem: Function split_and_compute_cell took 0.0470 seconds
[07-01 19:36:22][DEBUG] jax_fem: Computing cell residual...
[07-01 19:36:22][DEBUG] jax_fem: Function split_and_compute_cell took 0.0673 seconds
[07-01 19:36:22][INFO] jax_fem: CuDSS backward: solving adjoint problem …
[07-01 19:36:22][DEBUG] jax_fem: DeviceProblem: computing Jacobian on device
[07-01 19:36:22][DEBUG] jax_fem: Function split_and_compute_cell took 0.0331 seconds
[07-01 19:36:22][DEBUG] jax_fem: Computing cell residual...
[07-01 19:36:22][DEBUG] jax_fem: Function split_and_compute_cell took 0.0658 seconds
[07-01 19:36:23][INFO] jax_fem: CuDSS backward: solving adjoint problem …
[07-01 19:36:23][DEBUG] jax_fem: DeviceProblem: computing Jacobian on device
[07-01 19:36:23][DEBUG] jax_fem: Function split_and_compute_cell took 0.0361 seconds
[07-01 19:36:23][DEBUG] jax_fem: Computing cell residual...
[07-01 19:36:23][DEBUG] jax_fem: Function split_and_compute_cell took 0.0772 seconds
[07-01 19:36:23][INFO] jax_fem: CuDSS backward: solving adjoint problem …
[07-01 19:36:23][DEBUG] jax_fem: DeviceProblem: computing Jacobian on device
[07-01 19:36:23][DEBUG] jax_fem: Function split_and_compute_cell took 0.0345 seconds
[07-01 19:36:23][DEBUG] jax_fem: Computing cell residual...
[07-01 19:36:23][DEBUG] jax_fem: Function split_and_compute_cell took 0.0724 seconds
[07-01 19:36:25][DEBUG] jax_fem: CuDSSNewtonSolver: starting Newton loop
[07-01 19:36:25][DEBUG] jax_fem: DeviceProblem: computing Jacobian on device
[07-01 19:36:25][DEBUG] jax_fem: Function split_and_compute_cell took 0.0364 seconds
[07-01 19:36:25][DEBUG] jax_fem: CuDSSNewtonSolver: initial residual = 2.235e+08
[07-01 19:36:25][DEBUG] jax_fem: DeviceProblem: computing Jacobian on device
[07-01 19:36:25][DEBUG] jax_fem: Function split_and_compute_cell took 0.0381 seconds
[07-01 19:36:25][DEBUG] jax_fem: CuDSSNewtonSolver: iter=1  res=6.717e-06  rel=3.005e-14
[07-01 19:36:25][INFO] jax_fem: CuDSSNewtonSolver: solve finished in 0.11s  res=6.717e-06
[07-01 19:36:25][DEBUG] jax_fem: CuDSSNewtonSolver: starting Newton loop
[07-01 19:36:25][DEBUG] jax_fem: DeviceProblem: computing Jacobian on device
[07-01 19:36:25][DEBUG] jax_fem: Function split_and_compute_cell took 0.0360 seconds
[07-01 19:36:25][DEBUG] jax_fem: CuDSSNewtonSolver: initial residual = 2.217e+08
[07-01 19:36:25][DEBUG] jax_fem: DeviceProblem: computing Jacobian on device
[07-01 19:36:25][DEBUG] jax_fem: Function split_and_compute_cell took 0.0319 seconds
[07-01 19:36:25][DEBUG] jax_fem: CuDSSNewtonSolver: iter=1  res=8.176e-06  rel=3.688e-14
[07-01 19:36:25][INFO] jax_fem: CuDSSNewtonSolver: solve finished in 0.10s  res=8.176e-06
[07-01 19:36:25][DEBUG] jax_fem: CuDSSNewtonSolver: starting Newton loop
[07-01 19:36:25][DEBUG] jax_fem: DeviceProblem: computing Jacobian on device
[07-01 19:36:25][DEBUG] jax_fem: Function split_and_compute_cell took 0.0483 seconds
[07-01 19:36:25][DEBUG] jax_fem: CuDSSNewtonSolver: initial residual = 2.211e+08
[07-01 19:36:26][DEBUG] jax_fem: DeviceProblem: computing Jacobian on device
[07-01 19:36:26][DEBUG] jax_fem: Function split_and_compute_cell took 0.0331 seconds
[07-01 19:36:26][DEBUG] jax_fem: CuDSSNewtonSolver: iter=1  res=7.427e-06  rel=3.359e-14
[07-01 19:36:26][INFO] jax_fem: CuDSSNewtonSolver: solve finished in 0.12s  res=7.427e-06
[07-01 19:36:26][DEBUG] jax_fem: CuDSSNewtonSolver: starting Newton loop
[07-01 19:36:26][DEBUG] jax_fem: DeviceProblem: computing Jacobian on device
[07-01 19:36:26][DEBUG] jax_fem: Function split_and_compute_cell took 0.0290 seconds
[07-01 19:36:26][DEBUG] jax_fem: CuDSSNewtonSolver: initial residual = 2.237e+08
[07-01 19:36:26][DEBUG] jax_fem: DeviceProblem: computing Jacobian on device
[07-01 19:36:26][DEBUG] jax_fem: Function split_and_compute_cell took 0.0388 seconds
[07-01 19:36:26][DEBUG] jax_fem: CuDSSNewtonSolver: iter=1  res=7.686e-06  rel=3.436e-14
[07-01 19:36:26][INFO] jax_fem: CuDSSNewtonSolver: solve finished in 0.11s  res=7.686e-06
[07-01 19:36:26][DEBUG] jax_fem: CuDSSNewtonSolver: starting Newton loop
[07-01 19:36:26][DEBUG] jax_fem: DeviceProblem: computing Jacobian on device
[07-01 19:36:26][DEBUG] jax_fem: Function split_and_compute_cell took 0.0311 seconds
[07-01 19:36:26][DEBUG] jax_fem: CuDSSNewtonSolver: initial residual = 2.223e+08
[07-01 19:36:26][DEBUG] jax_fem: DeviceProblem: computing Jacobian on device
[07-01 19:36:26][DEBUG] jax_fem: Function split_and_compute_cell took 0.0325 seconds
[07-01 19:36:26][DEBUG] jax_fem: CuDSSNewtonSolver: iter=1  res=8.635e-06  rel=3.884e-14
[07-01 19:36:26][INFO] jax_fem: CuDSSNewtonSolver: solve finished in 0.10s  res=8.635e-06
[07-01 19:36:28][DEBUG] jax_fem: CuDSSNewtonSolver: starting Newton loop
[07-01 19:36:28][DEBUG] jax_fem: DeviceProblem: computing Jacobian on device
[07-01 19:36:28][DEBUG] jax_fem: Function split_and_compute_cell took 0.0288 seconds
[07-01 19:36:28][DEBUG] jax_fem: CuDSSNewtonSolver: initial residual = 2.235e+08
[07-01 19:36:28][DEBUG] jax_fem: DeviceProblem: computing Jacobian on device
[07-01 19:36:28][DEBUG] jax_fem: Function split_and_compute_cell took 0.0297 seconds
[07-01 19:36:28][DEBUG] jax_fem: CuDSSNewtonSolver: iter=1  res=6.653e-06  rel=2.977e-14
[07-01 19:36:28][INFO] jax_fem: CuDSSNewtonSolver: solve finished in 0.09s  res=6.653e-06
[07-01 19:36:29][DEBUG] jax_fem: CuDSSNewtonSolver: starting Newton loop
[07-01 19:36:29][DEBUG] jax_fem: DeviceProblem: computing Jacobian on device
[07-01 19:36:29][DEBUG] jax_fem: Function split_and_compute_cell took 0.0279 seconds
[07-01 19:36:29][DEBUG] jax_fem: CuDSSNewtonSolver: initial residual = 2.217e+08
[07-01 19:36:29][DEBUG] jax_fem: DeviceProblem: computing Jacobian on device
[07-01 19:36:29][DEBUG] jax_fem: Function split_and_compute_cell took 0.0298 seconds
[07-01 19:36:29][DEBUG] jax_fem: CuDSSNewtonSolver: iter=1  res=8.295e-06  rel=3.742e-14
[07-01 19:36:29][INFO] jax_fem: CuDSSNewtonSolver: solve finished in 0.09s  res=8.295e-06
[07-01 19:36:29][DEBUG] jax_fem: CuDSSNewtonSolver: starting Newton loop
[07-01 19:36:29][DEBUG] jax_fem: DeviceProblem: computing Jacobian on device
[07-01 19:36:29][DEBUG] jax_fem: Function split_and_compute_cell took 0.0268 seconds
[07-01 19:36:29][DEBUG] jax_fem: CuDSSNewtonSolver: initial residual = 2.211e+08
[07-01 19:36:29][DEBUG] jax_fem: DeviceProblem: computing Jacobian on device
[07-01 19:36:29][DEBUG] jax_fem: Function split_and_compute_cell took 0.0290 seconds
[07-01 19:36:29][DEBUG] jax_fem: CuDSSNewtonSolver: iter=1  res=7.592e-06  rel=3.434e-14
[07-01 19:36:29][INFO] jax_fem: CuDSSNewtonSolver: solve finished in 0.09s  res=7.592e-06
[07-01 19:36:30][DEBUG] jax_fem: CuDSSNewtonSolver: starting Newton loop
[07-01 19:36:30][DEBUG] jax_fem: DeviceProblem: computing Jacobian on device
[07-01 19:36:30][DEBUG] jax_fem: Function split_and_compute_cell took 0.0293 seconds
[07-01 19:36:30][DEBUG] jax_fem: CuDSSNewtonSolver: initial residual = 2.237e+08
[07-01 19:36:30][DEBUG] jax_fem: DeviceProblem: computing Jacobian on device
[07-01 19:36:30][DEBUG] jax_fem: Function split_and_compute_cell took 0.0285 seconds
[07-01 19:36:30][DEBUG] jax_fem: CuDSSNewtonSolver: iter=1  res=7.539e-06  rel=3.370e-14
[07-01 19:36:30][INFO] jax_fem: CuDSSNewtonSolver: solve finished in 0.09s  res=7.539e-06
[07-01 19:36:30][DEBUG] jax_fem: CuDSSNewtonSolver: starting Newton loop
[07-01 19:36:30][DEBUG] jax_fem: DeviceProblem: computing Jacobian on device
[07-01 19:36:30][DEBUG] jax_fem: Function split_and_compute_cell took 0.0276 seconds
[07-01 19:36:30][DEBUG] jax_fem: CuDSSNewtonSolver: initial residual = 2.223e+08
[07-01 19:36:30][DEBUG] jax_fem: DeviceProblem: computing Jacobian on device
[07-01 19:36:30][DEBUG] jax_fem: Function split_and_compute_cell took 0.0287 seconds
[07-01 19:36:30][DEBUG] jax_fem: CuDSSNewtonSolver: iter=1  res=8.639e-06  rel=3.886e-14
[07-01 19:36:30][INFO] jax_fem: CuDSSNewtonSolver: solve finished in 0.09s  res=8.639e-06
[07-01 19:36:31][INFO] jax_fem: CuDSS backward: solving adjoint problem …
[07-01 19:36:31][DEBUG] jax_fem: DeviceProblem: computing Jacobian on device
[07-01 19:36:31][DEBUG] jax_fem: Function split_and_compute_cell took 0.0293 seconds
[07-01 19:36:31][DEBUG] jax_fem: Computing cell residual...
[07-01 19:36:31][DEBUG] jax_fem: Function split_and_compute_cell took 0.0763 seconds
[07-01 19:36:31][INFO] jax_fem: CuDSS backward: solving adjoint problem …
[07-01 19:36:31][DEBUG] jax_fem: DeviceProblem: computing Jacobian on device
[07-01 19:36:31][DEBUG] jax_fem: Function split_and_compute_cell took 0.0305 seconds
[07-01 19:36:31][DEBUG] jax_fem: Computing cell residual...
[07-01 19:36:31][DEBUG] jax_fem: Function split_and_compute_cell took 0.0736 seconds
[07-01 19:36:32][INFO] jax_fem: CuDSS backward: solving adjoint problem …
[07-01 19:36:32][DEBUG] jax_fem: DeviceProblem: computing Jacobian on device
[07-01 19:36:32][DEBUG] jax_fem: Function split_and_compute_cell took 0.0449 seconds
[07-01 19:36:32][DEBUG] jax_fem: Computing cell residual...
[07-01 19:36:32][DEBUG] jax_fem: Function split_and_compute_cell took 0.0629 seconds
[07-01 19:36:32][INFO] jax_fem: CuDSS backward: solving adjoint problem …
[07-01 19:36:32][DEBUG] jax_fem: DeviceProblem: computing Jacobian on device
[07-01 19:36:32][DEBUG] jax_fem: Function split_and_compute_cell took 0.0303 seconds
[07-01 19:36:32][DEBUG] jax_fem: Computing cell residual...
[07-01 19:36:32][DEBUG] jax_fem: Function split_and_compute_cell took 0.0646 seconds
[07-01 19:36:32][INFO] jax_fem: CuDSS backward: solving adjoint problem …
[07-01 19:36:32][DEBUG] jax_fem: DeviceProblem: computing Jacobian on device
[07-01 19:36:32][DEBUG] jax_fem: Function split_and_compute_cell took 0.0312 seconds
[07-01 19:36:32][DEBUG] jax_fem: Computing cell residual...
[07-01 19:36:32][DEBUG] jax_fem: Function split_and_compute_cell took 0.0640 seconds
[07-01 19:36:34][DEBUG] jax_fem: CuDSSNewtonSolver: starting Newton loop
[07-01 19:36:34][DEBUG] jax_fem: DeviceProblem: computing Jacobian on device
[07-01 19:36:34][DEBUG] jax_fem: Function split_and_compute_cell took 0.0342 seconds
[07-01 19:36:34][DEBUG] jax_fem: CuDSSNewtonSolver: initial residual = 2.235e+08
[07-01 19:36:34][DEBUG] jax_fem: DeviceProblem: computing Jacobian on device
[07-01 19:36:34][DEBUG] jax_fem: Function split_and_compute_cell took 0.0350 seconds
[07-01 19:36:34][DEBUG] jax_fem: CuDSSNewtonSolver: iter=1  res=6.519e-06  rel=2.917e-14
[07-01 19:36:34][INFO] jax_fem: CuDSSNewtonSolver: solve finished in 0.11s  res=6.519e-06
[07-01 19:36:34][DEBUG] jax_fem: CuDSSNewtonSolver: starting Newton loop
[07-01 19:36:34][DEBUG] jax_fem: DeviceProblem: computing Jacobian on device
[07-01 19:36:34][DEBUG] jax_fem: Function split_and_compute_cell took 0.0446 seconds
[07-01 19:36:35][DEBUG] jax_fem: CuDSSNewtonSolver: initial residual = 2.217e+08
[07-01 19:36:35][DEBUG] jax_fem: DeviceProblem: computing Jacobian on device
[07-01 19:36:35][DEBUG] jax_fem: Function split_and_compute_cell took 0.0483 seconds
[07-01 19:36:35][DEBUG] jax_fem: CuDSSNewtonSolver: iter=1  res=8.061e-06  rel=3.637e-14
[07-01 19:36:35][INFO] jax_fem: CuDSSNewtonSolver: solve finished in 0.14s  res=8.061e-06
[07-01 19:36:35][DEBUG] jax_fem: CuDSSNewtonSolver: starting Newton loop
[07-01 19:36:35][DEBUG] jax_fem: DeviceProblem: computing Jacobian on device
[07-01 19:36:35][DEBUG] jax_fem: Function split_and_compute_cell took 0.0450 seconds
[07-01 19:36:35][DEBUG] jax_fem: CuDSSNewtonSolver: initial residual = 2.211e+08
[07-01 19:36:35][DEBUG] jax_fem: DeviceProblem: computing Jacobian on device
[07-01 19:36:35][DEBUG] jax_fem: Function split_and_compute_cell took 0.0374 seconds
[07-01 19:36:35][DEBUG] jax_fem: CuDSSNewtonSolver: iter=1  res=7.665e-06  rel=3.467e-14
[07-01 19:36:35][INFO] jax_fem: CuDSSNewtonSolver: solve finished in 0.12s  res=7.665e-06
[07-01 19:36:35][DEBUG] jax_fem: CuDSSNewtonSolver: starting Newton loop
[07-01 19:36:35][DEBUG] jax_fem: DeviceProblem: computing Jacobian on device
[07-01 19:36:35][DEBUG] jax_fem: Function split_and_compute_cell took 0.0420 seconds
[07-01 19:36:35][DEBUG] jax_fem: CuDSSNewtonSolver: initial residual = 2.237e+08
[07-01 19:36:35][DEBUG] jax_fem: DeviceProblem: computing Jacobian on device
[07-01 19:36:35][DEBUG] jax_fem: Function split_and_compute_cell took 0.0496 seconds
[07-01 19:36:35][DEBUG] jax_fem: CuDSSNewtonSolver: iter=1  res=7.868e-06  rel=3.517e-14
[07-01 19:36:35][INFO] jax_fem: CuDSSNewtonSolver: solve finished in 0.13s  res=7.868e-06
[07-01 19:36:36][DEBUG] jax_fem: CuDSSNewtonSolver: starting Newton loop
[07-01 19:36:36][DEBUG] jax_fem: DeviceProblem: computing Jacobian on device
[07-01 19:36:36][DEBUG] jax_fem: Function split_and_compute_cell took 0.0298 seconds
[07-01 19:36:36][DEBUG] jax_fem: CuDSSNewtonSolver: initial residual = 2.223e+08
[07-01 19:36:36][DEBUG] jax_fem: DeviceProblem: computing Jacobian on device
[07-01 19:36:36][DEBUG] jax_fem: Function split_and_compute_cell took 0.0403 seconds
[07-01 19:36:36][DEBUG] jax_fem: CuDSSNewtonSolver: iter=1  res=8.845e-06  rel=3.978e-14
[07-01 19:36:36][INFO] jax_fem: CuDSSNewtonSolver: solve finished in 0.12s  res=8.845e-06
[07-01 19:36:37][DEBUG] jax_fem: CuDSSNewtonSolver: starting Newton loop
[07-01 19:36:37][DEBUG] jax_fem: DeviceProblem: computing Jacobian on device
[07-01 19:36:37][DEBUG] jax_fem: Function split_and_compute_cell took 0.0299 seconds
[07-01 19:36:37][DEBUG] jax_fem: CuDSSNewtonSolver: initial residual = 2.235e+08
[07-01 19:36:37][DEBUG] jax_fem: DeviceProblem: computing Jacobian on device
[07-01 19:36:38][DEBUG] jax_fem: Function split_and_compute_cell took 0.0285 seconds
[07-01 19:36:38][DEBUG] jax_fem: CuDSSNewtonSolver: iter=1  res=6.339e-06  rel=2.836e-14
[07-01 19:36:38][INFO] jax_fem: CuDSSNewtonSolver: solve finished in 0.10s  res=6.339e-06
[07-01 19:36:38][DEBUG] jax_fem: CuDSSNewtonSolver: starting Newton loop
[07-01 19:36:38][DEBUG] jax_fem: DeviceProblem: computing Jacobian on device
[07-01 19:36:38][DEBUG] jax_fem: Function split_and_compute_cell took 0.0276 seconds
[07-01 19:36:38][DEBUG] jax_fem: CuDSSNewtonSolver: initial residual = 2.217e+08
[07-01 19:36:38][DEBUG] jax_fem: DeviceProblem: computing Jacobian on device
[07-01 19:36:38][DEBUG] jax_fem: Function split_and_compute_cell took 0.0286 seconds
[07-01 19:36:38][DEBUG] jax_fem: CuDSSNewtonSolver: iter=1  res=8.297e-06  rel=3.743e-14
[07-01 19:36:38][INFO] jax_fem: CuDSSNewtonSolver: solve finished in 0.09s  res=8.297e-06
[07-01 19:36:39][DEBUG] jax_fem: CuDSSNewtonSolver: starting Newton loop
[07-01 19:36:39][DEBUG] jax_fem: DeviceProblem: computing Jacobian on device
[07-01 19:36:39][DEBUG] jax_fem: Function split_and_compute_cell took 0.0270 seconds
[07-01 19:36:39][DEBUG] jax_fem: CuDSSNewtonSolver: initial residual = 2.211e+08
[07-01 19:36:39][DEBUG] jax_fem: DeviceProblem: computing Jacobian on device
[07-01 19:36:39][DEBUG] jax_fem: Function split_and_compute_cell took 0.0282 seconds
[07-01 19:36:39][DEBUG] jax_fem: CuDSSNewtonSolver: iter=1  res=7.373e-06  rel=3.335e-14
[07-01 19:36:39][INFO] jax_fem: CuDSSNewtonSolver: solve finished in 0.09s  res=7.373e-06
[07-01 19:36:39][DEBUG] jax_fem: CuDSSNewtonSolver: starting Newton loop
[07-01 19:36:39][DEBUG] jax_fem: DeviceProblem: computing Jacobian on device
[07-01 19:36:39][DEBUG] jax_fem: Function split_and_compute_cell took 0.0287 seconds
[07-01 19:36:39][DEBUG] jax_fem: CuDSSNewtonSolver: initial residual = 2.237e+08
[07-01 19:36:39][DEBUG] jax_fem: DeviceProblem: computing Jacobian on device
[07-01 19:36:39][DEBUG] jax_fem: Function split_and_compute_cell took 0.0255 seconds
[07-01 19:36:39][DEBUG] jax_fem: CuDSSNewtonSolver: iter=1  res=7.593e-06  rel=3.394e-14
[07-01 19:36:39][INFO] jax_fem: CuDSSNewtonSolver: solve finished in 0.09s  res=7.593e-06
[07-01 19:36:40][DEBUG] jax_fem: CuDSSNewtonSolver: starting Newton loop
[07-01 19:36:40][DEBUG] jax_fem: DeviceProblem: computing Jacobian on device
[07-01 19:36:40][DEBUG] jax_fem: Function split_and_compute_cell took 0.0283 seconds
[07-01 19:36:40][DEBUG] jax_fem: CuDSSNewtonSolver: initial residual = 2.223e+08
[07-01 19:36:40][DEBUG] jax_fem: DeviceProblem: computing Jacobian on device
[07-01 19:36:40][DEBUG] jax_fem: Function split_and_compute_cell took 0.0300 seconds
[07-01 19:36:40][DEBUG] jax_fem: CuDSSNewtonSolver: iter=1  res=8.917e-06  rel=4.011e-14
[07-01 19:36:40][INFO] jax_fem: CuDSSNewtonSolver: solve finished in 0.10s  res=8.917e-06
[07-01 19:36:40][INFO] jax_fem: CuDSS backward: solving adjoint problem …
[07-01 19:36:40][DEBUG] jax_fem: DeviceProblem: computing Jacobian on device
[07-01 19:36:40][DEBUG] jax_fem: Function split_and_compute_cell took 0.0485 seconds
[07-01 19:36:40][DEBUG] jax_fem: Computing cell residual...
[07-01 19:36:40][DEBUG] jax_fem: Function split_and_compute_cell took 0.0717 seconds
[07-01 19:36:40][INFO] jax_fem: CuDSS backward: solving adjoint problem …
[07-01 19:36:40][DEBUG] jax_fem: DeviceProblem: computing Jacobian on device
[07-01 19:36:41][DEBUG] jax_fem: Function split_and_compute_cell took 0.0286 seconds
[07-01 19:36:41][DEBUG] jax_fem: Computing cell residual...
[07-01 19:36:41][DEBUG] jax_fem: Function split_and_compute_cell took 0.0672 seconds
[07-01 19:36:41][INFO] jax_fem: CuDSS backward: solving adjoint problem …
[07-01 19:36:41][DEBUG] jax_fem: DeviceProblem: computing Jacobian on device
[07-01 19:36:41][DEBUG] jax_fem: Function split_and_compute_cell took 0.0286 seconds
[07-01 19:36:41][DEBUG] jax_fem: Computing cell residual...
[07-01 19:36:41][DEBUG] jax_fem: Function split_and_compute_cell took 0.0690 seconds
[07-01 19:36:41][INFO] jax_fem: CuDSS backward: solving adjoint problem …
[07-01 19:36:41][DEBUG] jax_fem: DeviceProblem: computing Jacobian on device
[07-01 19:36:41][DEBUG] jax_fem: Function split_and_compute_cell took 0.0432 seconds
[07-01 19:36:41][DEBUG] jax_fem: Computing cell residual...
[07-01 19:36:41][DEBUG] jax_fem: Function split_and_compute_cell took 0.0641 seconds
[07-01 19:36:42][INFO] jax_fem: CuDSS backward: solving adjoint problem …
[07-01 19:36:42][DEBUG] jax_fem: DeviceProblem: computing Jacobian on device
[07-01 19:36:42][DEBUG] jax_fem: Function split_and_compute_cell took 0.0372 seconds
[07-01 19:36:42][DEBUG] jax_fem: Computing cell residual...
[07-01 19:36:42][DEBUG] jax_fem: Function split_and_compute_cell took 0.0657 seconds
[07-01 19:36:43][DEBUG] jax_fem: CuDSSNewtonSolver: starting Newton loop
[07-01 19:36:43][DEBUG] jax_fem: DeviceProblem: computing Jacobian on device
[07-01 19:36:43][DEBUG] jax_fem: Function split_and_compute_cell took 0.0299 seconds
[07-01 19:36:43][DEBUG] jax_fem: CuDSSNewtonSolver: initial residual = 2.235e+08
[07-01 19:36:44][DEBUG] jax_fem: DeviceProblem: computing Jacobian on device
[07-01 19:36:44][DEBUG] jax_fem: Function split_and_compute_cell took 0.0387 seconds
[07-01 19:36:44][DEBUG] jax_fem: CuDSSNewtonSolver: iter=1  res=6.587e-06  rel=2.947e-14
[07-01 19:36:44][INFO] jax_fem: CuDSSNewtonSolver: solve finished in 0.11s  res=6.587e-06
[07-01 19:36:44][DEBUG] jax_fem: CuDSSNewtonSolver: starting Newton loop
[07-01 19:36:44][DEBUG] jax_fem: DeviceProblem: computing Jacobian on device
[07-01 19:36:44][DEBUG] jax_fem: Function split_and_compute_cell took 0.0416 seconds
[07-01 19:36:44][DEBUG] jax_fem: CuDSSNewtonSolver: initial residual = 2.217e+08
[07-01 19:36:44][DEBUG] jax_fem: DeviceProblem: computing Jacobian on device
[07-01 19:36:44][DEBUG] jax_fem: Function split_and_compute_cell took 0.0461 seconds
[07-01 19:36:44][DEBUG] jax_fem: CuDSSNewtonSolver: iter=1  res=8.250e-06  rel=3.722e-14
[07-01 19:36:44][INFO] jax_fem: CuDSSNewtonSolver: solve finished in 0.13s  res=8.250e-06
[07-01 19:36:44][DEBUG] jax_fem: CuDSSNewtonSolver: starting Newton loop
[07-01 19:36:44][DEBUG] jax_fem: DeviceProblem: computing Jacobian on device
[07-01 19:36:44][DEBUG] jax_fem: Function split_and_compute_cell took 0.0278 seconds
[07-01 19:36:44][DEBUG] jax_fem: CuDSSNewtonSolver: initial residual = 2.211e+08
[07-01 19:36:44][DEBUG] jax_fem: DeviceProblem: computing Jacobian on device
[07-01 19:36:44][DEBUG] jax_fem: Function split_and_compute_cell took 0.0297 seconds
[07-01 19:36:44][DEBUG] jax_fem: CuDSSNewtonSolver: iter=1  res=7.314e-06  rel=3.308e-14
[07-01 19:36:44][INFO] jax_fem: CuDSSNewtonSolver: solve finished in 0.10s  res=7.314e-06
[07-01 19:36:45][DEBUG] jax_fem: CuDSSNewtonSolver: starting Newton loop
[07-01 19:36:45][DEBUG] jax_fem: DeviceProblem: computing Jacobian on device
[07-01 19:36:45][DEBUG] jax_fem: Function split_and_compute_cell took 0.0403 seconds
[07-01 19:36:45][DEBUG] jax_fem: CuDSSNewtonSolver: initial residual = 2.237e+08
[07-01 19:36:45][DEBUG] jax_fem: DeviceProblem: computing Jacobian on device
[07-01 19:36:45][DEBUG] jax_fem: Function split_and_compute_cell took 0.0315 seconds
[07-01 19:36:45][DEBUG] jax_fem: CuDSSNewtonSolver: iter=1  res=7.478e-06  rel=3.343e-14
[07-01 19:36:45][INFO] jax_fem: CuDSSNewtonSolver: solve finished in 0.12s  res=7.478e-06
[07-01 19:36:45][DEBUG] jax_fem: CuDSSNewtonSolver: starting Newton loop
[07-01 19:36:45][DEBUG] jax_fem: DeviceProblem: computing Jacobian on device
[07-01 19:36:45][DEBUG] jax_fem: Function split_and_compute_cell took 0.0320 seconds
[07-01 19:36:45][DEBUG] jax_fem: CuDSSNewtonSolver: initial residual = 2.223e+08
[07-01 19:36:45][DEBUG] jax_fem: DeviceProblem: computing Jacobian on device
[07-01 19:36:45][DEBUG] jax_fem: Function split_and_compute_cell took 0.0451 seconds
[07-01 19:36:45][DEBUG] jax_fem: CuDSSNewtonSolver: iter=1  res=8.903e-06  rel=4.004e-14
[07-01 19:36:45][INFO] jax_fem: CuDSSNewtonSolver: solve finished in 0.12s  res=8.903e-06
[07-01 19:36:47][DEBUG] jax_fem: CuDSSNewtonSolver: starting Newton loop
[07-01 19:36:47][DEBUG] jax_fem: DeviceProblem: computing Jacobian on device
[07-01 19:36:47][DEBUG] jax_fem: Function split_and_compute_cell took 0.0286 seconds
[07-01 19:36:47][DEBUG] jax_fem: CuDSSNewtonSolver: initial residual = 2.235e+08
[07-01 19:36:47][DEBUG] jax_fem: DeviceProblem: computing Jacobian on device
[07-01 19:36:47][DEBUG] jax_fem: Function split_and_compute_cell took 0.0291 seconds
[07-01 19:36:47][DEBUG] jax_fem: CuDSSNewtonSolver: iter=1  res=6.778e-06  rel=3.033e-14
[07-01 19:36:47][INFO] jax_fem: CuDSSNewtonSolver: solve finished in 0.09s  res=6.778e-06
[07-01 19:36:47][DEBUG] jax_fem: CuDSSNewtonSolver: starting Newton loop
[07-01 19:36:47][DEBUG] jax_fem: DeviceProblem: computing Jacobian on device
[07-01 19:36:48][DEBUG] jax_fem: Function split_and_compute_cell took 0.0281 seconds
[07-01 19:36:48][DEBUG] jax_fem: CuDSSNewtonSolver: initial residual = 2.217e+08
[07-01 19:36:48][DEBUG] jax_fem: DeviceProblem: computing Jacobian on device
[07-01 19:36:48][DEBUG] jax_fem: Function split_and_compute_cell took 0.0281 seconds
[07-01 19:36:48][DEBUG] jax_fem: CuDSSNewtonSolver: iter=1  res=8.406e-06  rel=3.792e-14
[07-01 19:36:48][INFO] jax_fem: CuDSSNewtonSolver: solve finished in 0.09s  res=8.406e-06
[07-01 19:36:48][DEBUG] jax_fem: CuDSSNewtonSolver: starting Newton loop
[07-01 19:36:48][DEBUG] jax_fem: DeviceProblem: computing Jacobian on device
[07-01 19:36:48][DEBUG] jax_fem: Function split_and_compute_cell took 0.0268 seconds
[07-01 19:36:48][DEBUG] jax_fem: CuDSSNewtonSolver: initial residual = 2.211e+08
[07-01 19:36:48][DEBUG] jax_fem: DeviceProblem: computing Jacobian on device
[07-01 19:36:48][DEBUG] jax_fem: Function split_and_compute_cell took 0.0290 seconds
[07-01 19:36:48][DEBUG] jax_fem: CuDSSNewtonSolver: iter=1  res=7.423e-06  rel=3.358e-14
[07-01 19:36:48][INFO] jax_fem: CuDSSNewtonSolver: solve finished in 0.09s  res=7.423e-06
[07-01 19:36:49][DEBUG] jax_fem: CuDSSNewtonSolver: starting Newton loop
[07-01 19:36:49][DEBUG] jax_fem: DeviceProblem: computing Jacobian on device
[07-01 19:36:49][DEBUG] jax_fem: Function split_and_compute_cell took 0.0287 seconds
[07-01 19:36:49][DEBUG] jax_fem: CuDSSNewtonSolver: initial residual = 2.237e+08
[07-01 19:36:49][DEBUG] jax_fem: DeviceProblem: computing Jacobian on device
[07-01 19:36:49][DEBUG] jax_fem: Function split_and_compute_cell took 0.0278 seconds
[07-01 19:36:49][DEBUG] jax_fem: CuDSSNewtonSolver: iter=1  res=7.710e-06  rel=3.447e-14
[07-01 19:36:49][INFO] jax_fem: CuDSSNewtonSolver: solve finished in 0.09s  res=7.710e-06
[07-01 19:36:49][DEBUG] jax_fem: CuDSSNewtonSolver: starting Newton loop
[07-01 19:36:49][DEBUG] jax_fem: DeviceProblem: computing Jacobian on device
[07-01 19:36:49][DEBUG] jax_fem: Function split_and_compute_cell took 0.0262 seconds
[07-01 19:36:49][DEBUG] jax_fem: CuDSSNewtonSolver: initial residual = 2.223e+08
[07-01 19:36:49][DEBUG] jax_fem: DeviceProblem: computing Jacobian on device
[07-01 19:36:49][DEBUG] jax_fem: Function split_and_compute_cell took 0.0300 seconds
[07-01 19:36:49][DEBUG] jax_fem: CuDSSNewtonSolver: iter=1  res=8.735e-06  rel=3.929e-14
[07-01 19:36:49][INFO] jax_fem: CuDSSNewtonSolver: solve finished in 0.09s  res=8.735e-06
[07-01 19:36:49][INFO] jax_fem: CuDSS backward: solving adjoint problem …
[07-01 19:36:49][DEBUG] jax_fem: DeviceProblem: computing Jacobian on device
[07-01 19:36:50][DEBUG] jax_fem: Function split_and_compute_cell took 0.0437 seconds
[07-01 19:36:50][DEBUG] jax_fem: Computing cell residual...
[07-01 19:36:50][DEBUG] jax_fem: Function split_and_compute_cell took 0.0665 seconds
[07-01 19:36:50][INFO] jax_fem: CuDSS backward: solving adjoint problem …
[07-01 19:36:50][DEBUG] jax_fem: DeviceProblem: computing Jacobian on device
[07-01 19:36:50][DEBUG] jax_fem: Function split_and_compute_cell took 0.0291 seconds
[07-01 19:36:50][DEBUG] jax_fem: Computing cell residual...
[07-01 19:36:50][DEBUG] jax_fem: Function split_and_compute_cell took 0.0561 seconds
[07-01 19:36:50][INFO] jax_fem: CuDSS backward: solving adjoint problem …
[07-01 19:36:50][DEBUG] jax_fem: DeviceProblem: computing Jacobian on device
[07-01 19:36:50][DEBUG] jax_fem: Function split_and_compute_cell took 0.0268 seconds
[07-01 19:36:50][DEBUG] jax_fem: Computing cell residual...
[07-01 19:36:50][DEBUG] jax_fem: Function split_and_compute_cell took 0.0694 seconds
[07-01 19:36:51][INFO] jax_fem: CuDSS backward: solving adjoint problem …
[07-01 19:36:51][DEBUG] jax_fem: DeviceProblem: computing Jacobian on device
[07-01 19:36:51][DEBUG] jax_fem: Function split_and_compute_cell took 0.0319 seconds
[07-01 19:36:51][DEBUG] jax_fem: Computing cell residual...
[07-01 19:36:51][DEBUG] jax_fem: Function split_and_compute_cell took 0.0582 seconds
[07-01 19:36:51][INFO] jax_fem: CuDSS backward: solving adjoint problem …
[07-01 19:36:51][DEBUG] jax_fem: DeviceProblem: computing Jacobian on device
[07-01 19:36:51][DEBUG] jax_fem: Function split_and_compute_cell took 0.0352 seconds
[07-01 19:36:51][DEBUG] jax_fem: Computing cell residual...
[07-01 19:36:51][DEBUG] jax_fem: Function split_and_compute_cell took 0.0729 seconds
[07-01 19:36:53][DEBUG] jax_fem: CuDSSNewtonSolver: starting Newton loop
[07-01 19:36:53][DEBUG] jax_fem: DeviceProblem: computing Jacobian on device
[07-01 19:36:53][DEBUG] jax_fem: Function split_and_compute_cell took 0.0311 seconds
[07-01 19:36:53][DEBUG] jax_fem: CuDSSNewtonSolver: initial residual = 2.235e+08
[07-01 19:36:53][DEBUG] jax_fem: DeviceProblem: computing Jacobian on device
[07-01 19:36:53][DEBUG] jax_fem: Function split_and_compute_cell took 0.0319 seconds
[07-01 19:36:53][DEBUG] jax_fem: CuDSSNewtonSolver: iter=1  res=6.444e-06  rel=2.883e-14
[07-01 19:36:53][INFO] jax_fem: CuDSSNewtonSolver: solve finished in 0.11s  res=6.444e-06
[07-01 19:36:53][DEBUG] jax_fem: CuDSSNewtonSolver: starting Newton loop
[07-01 19:36:53][DEBUG] jax_fem: DeviceProblem: computing Jacobian on device
[07-01 19:36:53][DEBUG] jax_fem: Function split_and_compute_cell took 0.0369 seconds
[07-01 19:36:53][DEBUG] jax_fem: CuDSSNewtonSolver: initial residual = 2.217e+08
[07-01 19:36:53][DEBUG] jax_fem: DeviceProblem: computing Jacobian on device
[07-01 19:36:53][DEBUG] jax_fem: Function split_and_compute_cell took 0.0490 seconds
[07-01 19:36:53][DEBUG] jax_fem: CuDSSNewtonSolver: iter=1  res=7.783e-06  rel=3.511e-14
[07-01 19:36:53][INFO] jax_fem: CuDSSNewtonSolver: solve finished in 0.13s  res=7.783e-06
[07-01 19:36:54][DEBUG] jax_fem: CuDSSNewtonSolver: starting Newton loop
[07-01 19:36:54][DEBUG] jax_fem: DeviceProblem: computing Jacobian on device
[07-01 19:36:54][DEBUG] jax_fem: Function split_and_compute_cell took 0.0497 seconds
[07-01 19:36:54][DEBUG] jax_fem: CuDSSNewtonSolver: initial residual = 2.211e+08
[07-01 19:36:54][DEBUG] jax_fem: DeviceProblem: computing Jacobian on device
[07-01 19:36:54][DEBUG] jax_fem: Function split_and_compute_cell took 0.0470 seconds
[07-01 19:36:54][DEBUG] jax_fem: CuDSSNewtonSolver: iter=1  res=7.534e-06  rel=3.408e-14
[07-01 19:36:54][INFO] jax_fem: CuDSSNewtonSolver: solve finished in 0.14s  res=7.534e-06
[07-01 19:36:54][DEBUG] jax_fem: CuDSSNewtonSolver: starting Newton loop
[07-01 19:36:54][DEBUG] jax_fem: DeviceProblem: computing Jacobian on device
[07-01 19:36:54][DEBUG] jax_fem: Function split_and_compute_cell took 0.0578 seconds
[07-01 19:36:54][DEBUG] jax_fem: CuDSSNewtonSolver: initial residual = 2.237e+08
[07-01 19:36:54][DEBUG] jax_fem: DeviceProblem: computing Jacobian on device
[07-01 19:36:54][DEBUG] jax_fem: Function split_and_compute_cell took 0.0326 seconds
[07-01 19:36:54][DEBUG] jax_fem: CuDSSNewtonSolver: iter=1  res=7.681e-06  rel=3.434e-14
[07-01 19:36:54][INFO] jax_fem: CuDSSNewtonSolver: solve finished in 0.14s  res=7.681e-06
[07-01 19:36:54][DEBUG] jax_fem: CuDSSNewtonSolver: starting Newton loop
[07-01 19:36:54][DEBUG] jax_fem: DeviceProblem: computing Jacobian on device
[07-01 19:36:54][DEBUG] jax_fem: Function split_and_compute_cell took 0.0502 seconds
[07-01 19:36:54][DEBUG] jax_fem: CuDSSNewtonSolver: initial residual = 2.223e+08
[07-01 19:36:54][DEBUG] jax_fem: DeviceProblem: computing Jacobian on device
[07-01 19:36:54][DEBUG] jax_fem: Function split_and_compute_cell took 0.0355 seconds
[07-01 19:36:54][DEBUG] jax_fem: CuDSSNewtonSolver: iter=1  res=8.511e-06  rel=3.828e-14
[07-01 19:36:54][INFO] jax_fem: CuDSSNewtonSolver: solve finished in 0.13s  res=8.511e-06
[07-01 19:36:56][DEBUG] jax_fem: CuDSSNewtonSolver: starting Newton loop
[07-01 19:36:56][DEBUG] jax_fem: DeviceProblem: computing Jacobian on device
[07-01 19:36:56][DEBUG] jax_fem: Function split_and_compute_cell took 0.0281 seconds
[07-01 19:36:56][DEBUG] jax_fem: CuDSSNewtonSolver: initial residual = 2.235e+08
[07-01 19:36:56][DEBUG] jax_fem: DeviceProblem: computing Jacobian on device
[07-01 19:36:56][DEBUG] jax_fem: Function split_and_compute_cell took 0.0277 seconds
[07-01 19:36:56][DEBUG] jax_fem: CuDSSNewtonSolver: iter=1  res=6.418e-06  rel=2.872e-14
[07-01 19:36:56][INFO] jax_fem: CuDSSNewtonSolver: solve finished in 0.09s  res=6.418e-06
[07-01 19:36:57][DEBUG] jax_fem: CuDSSNewtonSolver: starting Newton loop
[07-01 19:36:57][DEBUG] jax_fem: DeviceProblem: computing Jacobian on device
[07-01 19:36:57][DEBUG] jax_fem: Function split_and_compute_cell took 0.0288 seconds
[07-01 19:36:57][DEBUG] jax_fem: CuDSSNewtonSolver: initial residual = 2.217e+08
[07-01 19:36:57][DEBUG] jax_fem: DeviceProblem: computing Jacobian on device
[07-01 19:36:57][DEBUG] jax_fem: Function split_and_compute_cell took 0.0265 seconds
[07-01 19:36:57][DEBUG] jax_fem: CuDSSNewtonSolver: iter=1  res=7.976e-06  rel=3.598e-14
[07-01 19:36:57][INFO] jax_fem: CuDSSNewtonSolver: solve finished in 0.09s  res=7.976e-06
[07-01 19:36:57][DEBUG] jax_fem: CuDSSNewtonSolver: starting Newton loop
[07-01 19:36:57][DEBUG] jax_fem: DeviceProblem: computing Jacobian on device
[07-01 19:36:57][DEBUG] jax_fem: Function split_and_compute_cell took 0.0281 seconds
[07-01 19:36:57][DEBUG] jax_fem: CuDSSNewtonSolver: initial residual = 2.211e+08
[07-01 19:36:57][DEBUG] jax_fem: DeviceProblem: computing Jacobian on device
[07-01 19:36:57][DEBUG] jax_fem: Function split_and_compute_cell took 0.0293 seconds
[07-01 19:36:57][DEBUG] jax_fem: CuDSSNewtonSolver: iter=1  res=7.631e-06  rel=3.452e-14
[07-01 19:36:57][INFO] jax_fem: CuDSSNewtonSolver: solve finished in 0.09s  res=7.631e-06
[07-01 19:36:58][DEBUG] jax_fem: CuDSSNewtonSolver: starting Newton loop
[07-01 19:36:58][DEBUG] jax_fem: DeviceProblem: computing Jacobian on device
[07-01 19:36:58][DEBUG] jax_fem: Function split_and_compute_cell took 0.0279 seconds
[07-01 19:36:58][DEBUG] jax_fem: CuDSSNewtonSolver: initial residual = 2.237e+08
[07-01 19:36:58][DEBUG] jax_fem: DeviceProblem: computing Jacobian on device
[07-01 19:36:58][DEBUG] jax_fem: Function split_and_compute_cell took 0.0282 seconds
[07-01 19:36:58][DEBUG] jax_fem: CuDSSNewtonSolver: iter=1  res=7.699e-06  rel=3.442e-14
[07-01 19:36:58][INFO] jax_fem: CuDSSNewtonSolver: solve finished in 0.09s  res=7.699e-06
[07-01 19:36:59][DEBUG] jax_fem: CuDSSNewtonSolver: starting Newton loop
[07-01 19:36:59][DEBUG] jax_fem: DeviceProblem: computing Jacobian on device
[07-01 19:36:59][DEBUG] jax_fem: Function split_and_compute_cell took 0.0283 seconds
[07-01 19:36:59][DEBUG] jax_fem: CuDSSNewtonSolver: initial residual = 2.223e+08
[07-01 19:36:59][DEBUG] jax_fem: DeviceProblem: computing Jacobian on device
[07-01 19:36:59][DEBUG] jax_fem: Function split_and_compute_cell took 0.0279 seconds
[07-01 19:36:59][DEBUG] jax_fem: CuDSSNewtonSolver: iter=1  res=8.732e-06  rel=3.927e-14
[07-01 19:36:59][INFO] jax_fem: CuDSSNewtonSolver: solve finished in 0.09s  res=8.732e-06
[07-01 19:36:59][INFO] jax_fem: CuDSS backward: solving adjoint problem …
[07-01 19:36:59][DEBUG] jax_fem: DeviceProblem: computing Jacobian on device
[07-01 19:36:59][DEBUG] jax_fem: Function split_and_compute_cell took 0.0408 seconds
[07-01 19:36:59][DEBUG] jax_fem: Computing cell residual...
[07-01 19:36:59][DEBUG] jax_fem: Function split_and_compute_cell took 0.0718 seconds
[07-01 19:36:59][INFO] jax_fem: CuDSS backward: solving adjoint problem …
[07-01 19:36:59][DEBUG] jax_fem: DeviceProblem: computing Jacobian on device
[07-01 19:36:59][DEBUG] jax_fem: Function split_and_compute_cell took 0.0480 seconds
[07-01 19:36:59][DEBUG] jax_fem: Computing cell residual...
[07-01 19:37:00][DEBUG] jax_fem: Function split_and_compute_cell took 0.0694 seconds
[07-01 19:37:00][INFO] jax_fem: CuDSS backward: solving adjoint problem …
[07-01 19:37:00][DEBUG] jax_fem: DeviceProblem: computing Jacobian on device
[07-01 19:37:00][DEBUG] jax_fem: Function split_and_compute_cell took 0.0337 seconds
[07-01 19:37:00][DEBUG] jax_fem: Computing cell residual...
[07-01 19:37:00][DEBUG] jax_fem: Function split_and_compute_cell took 0.0597 seconds
[07-01 19:37:00][INFO] jax_fem: CuDSS backward: solving adjoint problem …
[07-01 19:37:00][DEBUG] jax_fem: DeviceProblem: computing Jacobian on device
[07-01 19:37:00][DEBUG] jax_fem: Function split_and_compute_cell took 0.0456 seconds
[07-01 19:37:00][DEBUG] jax_fem: Computing cell residual...
[07-01 19:37:00][DEBUG] jax_fem: Function split_and_compute_cell took 0.0617 seconds
[07-01 19:37:01][INFO] jax_fem: CuDSS backward: solving adjoint problem …
[07-01 19:37:01][DEBUG] jax_fem: DeviceProblem: computing Jacobian on device
[07-01 19:37:01][DEBUG] jax_fem: Function split_and_compute_cell took 0.0358 seconds
[07-01 19:37:01][DEBUG] jax_fem: Computing cell residual...
[07-01 19:37:01][DEBUG] jax_fem: Function split_and_compute_cell took 0.0742 seconds
[07-01 19:37:02][DEBUG] jax_fem: CuDSSNewtonSolver: starting Newton loop
[07-01 19:37:03][DEBUG] jax_fem: DeviceProblem: computing Jacobian on device
[07-01 19:37:03][DEBUG] jax_fem: Function split_and_compute_cell took 0.0460 seconds
[07-01 19:37:03][DEBUG] jax_fem: CuDSSNewtonSolver: initial residual = 2.235e+08
[07-01 19:37:03][DEBUG] jax_fem: DeviceProblem: computing Jacobian on device
[07-01 19:37:03][DEBUG] jax_fem: Function split_and_compute_cell took 0.0501 seconds
[07-01 19:37:03][DEBUG] jax_fem: CuDSSNewtonSolver: iter=1  res=6.533e-06  rel=2.923e-14
[07-01 19:37:03][INFO] jax_fem: CuDSSNewtonSolver: solve finished in 0.14s  res=6.533e-06
[07-01 19:37:03][DEBUG] jax_fem: CuDSSNewtonSolver: starting Newton loop
[07-01 19:37:03][DEBUG] jax_fem: DeviceProblem: computing Jacobian on device
[07-01 19:37:03][DEBUG] jax_fem: Function split_and_compute_cell took 0.0478 seconds
[07-01 19:37:03][DEBUG] jax_fem: CuDSSNewtonSolver: initial residual = 2.217e+08
[07-01 19:37:03][DEBUG] jax_fem: DeviceProblem: computing Jacobian on device
[07-01 19:37:03][DEBUG] jax_fem: Function split_and_compute_cell took 0.0445 seconds
[07-01 19:37:03][DEBUG] jax_fem: CuDSSNewtonSolver: iter=1  res=7.804e-06  rel=3.521e-14
[07-01 19:37:03][INFO] jax_fem: CuDSSNewtonSolver: solve finished in 0.13s  res=7.804e-06
[07-01 19:37:03][DEBUG] jax_fem: CuDSSNewtonSolver: starting Newton loop
[07-01 19:37:03][DEBUG] jax_fem: DeviceProblem: computing Jacobian on device
[07-01 19:37:03][DEBUG] jax_fem: Function split_and_compute_cell took 0.0512 seconds
[07-01 19:37:03][DEBUG] jax_fem: CuDSSNewtonSolver: initial residual = 2.211e+08
[07-01 19:37:03][DEBUG] jax_fem: DeviceProblem: computing Jacobian on device
[07-01 19:37:03][DEBUG] jax_fem: Function split_and_compute_cell took 0.0535 seconds
[07-01 19:37:03][DEBUG] jax_fem: CuDSSNewtonSolver: iter=1  res=7.742e-06  rel=3.502e-14
[07-01 19:37:03][INFO] jax_fem: CuDSSNewtonSolver: solve finished in 0.15s  res=7.742e-06
[07-01 19:37:04][DEBUG] jax_fem: CuDSSNewtonSolver: starting Newton loop
[07-01 19:37:04][DEBUG] jax_fem: DeviceProblem: computing Jacobian on device
[07-01 19:37:04][DEBUG] jax_fem: Function split_and_compute_cell took 0.0518 seconds
[07-01 19:37:04][DEBUG] jax_fem: CuDSSNewtonSolver: initial residual = 2.237e+08
[07-01 19:37:04][DEBUG] jax_fem: DeviceProblem: computing Jacobian on device
[07-01 19:37:04][DEBUG] jax_fem: Function split_and_compute_cell took 0.0536 seconds
[07-01 19:37:04][DEBUG] jax_fem: CuDSSNewtonSolver: iter=1  res=7.520e-06  rel=3.362e-14
[07-01 19:37:04][INFO] jax_fem: CuDSSNewtonSolver: solve finished in 0.15s  res=7.520e-06
[07-01 19:37:04][DEBUG] jax_fem: CuDSSNewtonSolver: starting Newton loop
[07-01 19:37:04][DEBUG] jax_fem: DeviceProblem: computing Jacobian on device
[07-01 19:37:04][DEBUG] jax_fem: Function split_and_compute_cell took 0.0359 seconds
[07-01 19:37:04][DEBUG] jax_fem: CuDSSNewtonSolver: initial residual = 2.223e+08
[07-01 19:37:04][DEBUG] jax_fem: DeviceProblem: computing Jacobian on device
[07-01 19:37:04][DEBUG] jax_fem: Function split_and_compute_cell took 0.0365 seconds
[07-01 19:37:04][DEBUG] jax_fem: CuDSSNewtonSolver: iter=1  res=8.475e-06  rel=3.812e-14
[07-01 19:37:04][INFO] jax_fem: CuDSSNewtonSolver: solve finished in 0.11s  res=8.475e-06
[07-01 19:37:06][DEBUG] jax_fem: CuDSSNewtonSolver: starting Newton loop
[07-01 19:37:06][DEBUG] jax_fem: DeviceProblem: computing Jacobian on device
[07-01 19:37:06][DEBUG] jax_fem: Function split_and_compute_cell took 0.0274 seconds
[07-01 19:37:06][DEBUG] jax_fem: CuDSSNewtonSolver: initial residual = 2.235e+08
[07-01 19:37:06][DEBUG] jax_fem: DeviceProblem: computing Jacobian on device
[07-01 19:37:06][DEBUG] jax_fem: Function split_and_compute_cell took 0.0277 seconds
[07-01 19:37:06][DEBUG] jax_fem: CuDSSNewtonSolver: iter=1  res=6.730e-06  rel=3.011e-14
[07-01 19:37:06][INFO] jax_fem: CuDSSNewtonSolver: solve finished in 0.09s  res=6.730e-06
[07-01 19:37:07][DEBUG] jax_fem: CuDSSNewtonSolver: starting Newton loop
[07-01 19:37:07][DEBUG] jax_fem: DeviceProblem: computing Jacobian on device
[07-01 19:37:07][DEBUG] jax_fem: Function split_and_compute_cell took 0.0268 seconds
[07-01 19:37:07][DEBUG] jax_fem: CuDSSNewtonSolver: initial residual = 2.217e+08
[07-01 19:37:07][DEBUG] jax_fem: DeviceProblem: computing Jacobian on device
[07-01 19:37:07][DEBUG] jax_fem: Function split_and_compute_cell took 0.0276 seconds
[07-01 19:37:07][DEBUG] jax_fem: CuDSSNewtonSolver: iter=1  res=8.143e-06  rel=3.674e-14
[07-01 19:37:07][INFO] jax_fem: CuDSSNewtonSolver: solve finished in 0.09s  res=8.143e-06
[07-01 19:37:07][DEBUG] jax_fem: CuDSSNewtonSolver: starting Newton loop
[07-01 19:37:07][DEBUG] jax_fem: DeviceProblem: computing Jacobian on device
[07-01 19:37:07][DEBUG] jax_fem: Function split_and_compute_cell took 0.0290 seconds
[07-01 19:37:07][DEBUG] jax_fem: CuDSSNewtonSolver: initial residual = 2.211e+08
[07-01 19:37:07][DEBUG] jax_fem: DeviceProblem: computing Jacobian on device
[07-01 19:37:07][DEBUG] jax_fem: Function split_and_compute_cell took 0.0280 seconds
[07-01 19:37:07][DEBUG] jax_fem: CuDSSNewtonSolver: iter=1  res=7.760e-06  rel=3.510e-14
[07-01 19:37:07][INFO] jax_fem: CuDSSNewtonSolver: solve finished in 0.10s  res=7.760e-06
[07-01 19:37:08][DEBUG] jax_fem: CuDSSNewtonSolver: starting Newton loop
[07-01 19:37:08][DEBUG] jax_fem: DeviceProblem: computing Jacobian on device
[07-01 19:37:08][DEBUG] jax_fem: Function split_and_compute_cell took 0.0276 seconds
[07-01 19:37:08][DEBUG] jax_fem: CuDSSNewtonSolver: initial residual = 2.237e+08
[07-01 19:37:08][DEBUG] jax_fem: DeviceProblem: computing Jacobian on device
[07-01 19:37:08][DEBUG] jax_fem: Function split_and_compute_cell took 0.0305 seconds
[07-01 19:37:08][DEBUG] jax_fem: CuDSSNewtonSolver: iter=1  res=7.620e-06  rel=3.407e-14
[07-01 19:37:08][INFO] jax_fem: CuDSSNewtonSolver: solve finished in 0.09s  res=7.620e-06
[07-01 19:37:08][DEBUG] jax_fem: CuDSSNewtonSolver: starting Newton loop
[07-01 19:37:08][DEBUG] jax_fem: DeviceProblem: computing Jacobian on device
[07-01 19:37:08][DEBUG] jax_fem: Function split_and_compute_cell took 0.0286 seconds
[07-01 19:37:08][DEBUG] jax_fem: CuDSSNewtonSolver: initial residual = 2.223e+08
[07-01 19:37:08][DEBUG] jax_fem: DeviceProblem: computing Jacobian on device
[07-01 19:37:09][DEBUG] jax_fem: Function split_and_compute_cell took 0.0291 seconds
[07-01 19:37:09][DEBUG] jax_fem: CuDSSNewtonSolver: iter=1  res=8.606e-06  rel=3.871e-14
[07-01 19:37:09][INFO] jax_fem: CuDSSNewtonSolver: solve finished in 0.09s  res=8.606e-06
[07-01 19:37:09][INFO] jax_fem: CuDSS backward: solving adjoint problem …
[07-01 19:37:09][DEBUG] jax_fem: DeviceProblem: computing Jacobian on device
[07-01 19:37:09][DEBUG] jax_fem: Function split_and_compute_cell took 0.0332 seconds
[07-01 19:37:09][DEBUG] jax_fem: Computing cell residual...
[07-01 19:37:09][DEBUG] jax_fem: Function split_and_compute_cell took 0.0678 seconds
[07-01 19:37:09][INFO] jax_fem: CuDSS backward: solving adjoint problem …
[07-01 19:37:09][DEBUG] jax_fem: DeviceProblem: computing Jacobian on device
[07-01 19:37:09][DEBUG] jax_fem: Function split_and_compute_cell took 0.0365 seconds
[07-01 19:37:09][DEBUG] jax_fem: Computing cell residual...
[07-01 19:37:09][DEBUG] jax_fem: Function split_and_compute_cell took 0.0642 seconds
[07-01 19:37:09][INFO] jax_fem: CuDSS backward: solving adjoint problem …
[07-01 19:37:09][DEBUG] jax_fem: DeviceProblem: computing Jacobian on device
[07-01 19:37:09][DEBUG] jax_fem: Function split_and_compute_cell took 0.0329 seconds
[07-01 19:37:09][DEBUG] jax_fem: Computing cell residual...
[07-01 19:37:10][DEBUG] jax_fem: Function split_and_compute_cell took 0.0677 seconds
[07-01 19:37:10][INFO] jax_fem: CuDSS backward: solving adjoint problem …
[07-01 19:37:10][DEBUG] jax_fem: DeviceProblem: computing Jacobian on device
[07-01 19:37:10][DEBUG] jax_fem: Function split_and_compute_cell took 0.0389 seconds
[07-01 19:37:10][DEBUG] jax_fem: Computing cell residual...
[07-01 19:37:10][DEBUG] jax_fem: Function split_and_compute_cell took 0.0714 seconds
[07-01 19:37:10][INFO] jax_fem: CuDSS backward: solving adjoint problem …
[07-01 19:37:10][DEBUG] jax_fem: DeviceProblem: computing Jacobian on device
[07-01 19:37:10][DEBUG] jax_fem: Function split_and_compute_cell took 0.0339 seconds
[07-01 19:37:10][DEBUG] jax_fem: Computing cell residual...
[07-01 19:37:10][DEBUG] jax_fem: Function split_and_compute_cell took 0.0595 seconds
[07-01 19:37:12][DEBUG] jax_fem: CuDSSNewtonSolver: starting Newton loop
[07-01 19:37:12][DEBUG] jax_fem: DeviceProblem: computing Jacobian on device
[07-01 19:37:12][DEBUG] jax_fem: Function split_and_compute_cell took 0.0479 seconds
[07-01 19:37:12][DEBUG] jax_fem: CuDSSNewtonSolver: initial residual = 2.235e+08
[07-01 19:37:12][DEBUG] jax_fem: DeviceProblem: computing Jacobian on device
[07-01 19:37:12][DEBUG] jax_fem: Function split_and_compute_cell took 0.0327 seconds
[07-01 19:37:12][DEBUG] jax_fem: CuDSSNewtonSolver: iter=1  res=6.708e-06  rel=3.001e-14
[07-01 19:37:12][INFO] jax_fem: CuDSSNewtonSolver: solve finished in 0.12s  res=6.708e-06
[07-01 19:37:12][DEBUG] jax_fem: CuDSSNewtonSolver: starting Newton loop
[07-01 19:37:12][DEBUG] jax_fem: DeviceProblem: computing Jacobian on device
[07-01 19:37:12][DEBUG] jax_fem: Function split_and_compute_cell took 0.0412 seconds
[07-01 19:37:12][DEBUG] jax_fem: CuDSSNewtonSolver: initial residual = 2.217e+08
[07-01 19:37:12][DEBUG] jax_fem: DeviceProblem: computing Jacobian on device
[07-01 19:37:12][DEBUG] jax_fem: Function split_and_compute_cell took 0.0469 seconds
[07-01 19:37:12][DEBUG] jax_fem: CuDSSNewtonSolver: iter=1  res=7.693e-06  rel=3.471e-14
[07-01 19:37:12][INFO] jax_fem: CuDSSNewtonSolver: solve finished in 0.13s  res=7.693e-06
[07-01 19:37:13][DEBUG] jax_fem: CuDSSNewtonSolver: starting Newton loop
[07-01 19:37:13][DEBUG] jax_fem: DeviceProblem: computing Jacobian on device
[07-01 19:37:13][DEBUG] jax_fem: Function split_and_compute_cell took 0.0347 seconds
[07-01 19:37:13][DEBUG] jax_fem: CuDSSNewtonSolver: initial residual = 2.211e+08
[07-01 19:37:13][DEBUG] jax_fem: DeviceProblem: computing Jacobian on device
[07-01 19:37:13][DEBUG] jax_fem: Function split_and_compute_cell took 0.0255 seconds
[07-01 19:37:13][DEBUG] jax_fem: CuDSSNewtonSolver: iter=1  res=7.376e-06  rel=3.336e-14
[07-01 19:37:13][INFO] jax_fem: CuDSSNewtonSolver: solve finished in 0.10s  res=7.376e-06
[07-01 19:37:13][DEBUG] jax_fem: CuDSSNewtonSolver: starting Newton loop
[07-01 19:37:13][DEBUG] jax_fem: DeviceProblem: computing Jacobian on device
[07-01 19:37:13][DEBUG] jax_fem: Function split_and_compute_cell took 0.0413 seconds
[07-01 19:37:13][DEBUG] jax_fem: CuDSSNewtonSolver: initial residual = 2.237e+08
[07-01 19:37:13][DEBUG] jax_fem: DeviceProblem: computing Jacobian on device
[07-01 19:37:13][DEBUG] jax_fem: Function split_and_compute_cell took 0.0373 seconds
[07-01 19:37:13][DEBUG] jax_fem: CuDSSNewtonSolver: iter=1  res=7.610e-06  rel=3.402e-14
[07-01 19:37:13][INFO] jax_fem: CuDSSNewtonSolver: solve finished in 0.12s  res=7.610e-06
[07-01 19:37:13][DEBUG] jax_fem: CuDSSNewtonSolver: starting Newton loop
[07-01 19:37:13][DEBUG] jax_fem: DeviceProblem: computing Jacobian on device
[07-01 19:37:14][DEBUG] jax_fem: Function split_and_compute_cell took 0.0450 seconds
[07-01 19:37:14][DEBUG] jax_fem: CuDSSNewtonSolver: initial residual = 2.223e+08
[07-01 19:37:14][DEBUG] jax_fem: DeviceProblem: computing Jacobian on device
[07-01 19:37:14][DEBUG] jax_fem: Function split_and_compute_cell took 0.0361 seconds
[07-01 19:37:14][DEBUG] jax_fem: CuDSSNewtonSolver: iter=1  res=8.510e-06  rel=3.827e-14
[07-01 19:37:14][INFO] jax_fem: CuDSSNewtonSolver: solve finished in 0.12s  res=8.510e-06
[07-01 19:37:15][DEBUG] jax_fem: CuDSSNewtonSolver: starting Newton loop
[07-01 19:37:15][DEBUG] jax_fem: DeviceProblem: computing Jacobian on device
[07-01 19:37:15][DEBUG] jax_fem: Function split_and_compute_cell took 0.0278 seconds
[07-01 19:37:15][DEBUG] jax_fem: CuDSSNewtonSolver: initial residual = 2.235e+08
[07-01 19:37:15][DEBUG] jax_fem: DeviceProblem: computing Jacobian on device
[07-01 19:37:15][DEBUG] jax_fem: Function split_and_compute_cell took 0.0289 seconds
[07-01 19:37:16][DEBUG] jax_fem: CuDSSNewtonSolver: iter=1  res=6.600e-06  rel=2.953e-14
[07-01 19:37:16][INFO] jax_fem: CuDSSNewtonSolver: solve finished in 0.09s  res=6.600e-06
[07-01 19:37:16][DEBUG] jax_fem: CuDSSNewtonSolver: starting Newton loop
[07-01 19:37:16][DEBUG] jax_fem: DeviceProblem: computing Jacobian on device
[07-01 19:37:16][DEBUG] jax_fem: Function split_and_compute_cell took 0.0290 seconds
[07-01 19:37:16][DEBUG] jax_fem: CuDSSNewtonSolver: initial residual = 2.217e+08
[07-01 19:37:16][DEBUG] jax_fem: DeviceProblem: computing Jacobian on device
[07-01 19:37:16][DEBUG] jax_fem: Function split_and_compute_cell took 0.0276 seconds
[07-01 19:37:16][DEBUG] jax_fem: CuDSSNewtonSolver: iter=1  res=7.862e-06  rel=3.547e-14
[07-01 19:37:16][INFO] jax_fem: CuDSSNewtonSolver: solve finished in 0.09s  res=7.862e-06
[07-01 19:37:17][DEBUG] jax_fem: CuDSSNewtonSolver: starting Newton loop
[07-01 19:37:17][DEBUG] jax_fem: DeviceProblem: computing Jacobian on device
[07-01 19:37:17][DEBUG] jax_fem: Function split_and_compute_cell took 0.0309 seconds
[07-01 19:37:17][DEBUG] jax_fem: CuDSSNewtonSolver: initial residual = 2.211e+08
[07-01 19:37:17][DEBUG] jax_fem: DeviceProblem: computing Jacobian on device
[07-01 19:37:17][DEBUG] jax_fem: Function split_and_compute_cell took 0.0285 seconds
[07-01 19:37:17][DEBUG] jax_fem: CuDSSNewtonSolver: iter=1  res=7.624e-06  rel=3.448e-14
[07-01 19:37:17][INFO] jax_fem: CuDSSNewtonSolver: solve finished in 0.10s  res=7.624e-06
[07-01 19:37:17][DEBUG] jax_fem: CuDSSNewtonSolver: starting Newton loop
[07-01 19:37:17][DEBUG] jax_fem: DeviceProblem: computing Jacobian on device
[07-01 19:37:17][DEBUG] jax_fem: Function split_and_compute_cell took 0.0282 seconds
[07-01 19:37:17][DEBUG] jax_fem: CuDSSNewtonSolver: initial residual = 2.237e+08
[07-01 19:37:17][DEBUG] jax_fem: DeviceProblem: computing Jacobian on device
[07-01 19:37:17][DEBUG] jax_fem: Function split_and_compute_cell took 0.0280 seconds
[07-01 19:37:17][DEBUG] jax_fem: CuDSSNewtonSolver: iter=1  res=7.828e-06  rel=3.500e-14
[07-01 19:37:17][INFO] jax_fem: CuDSSNewtonSolver: solve finished in 0.09s  res=7.828e-06
[07-01 19:37:18][DEBUG] jax_fem: CuDSSNewtonSolver: starting Newton loop
[07-01 19:37:18][DEBUG] jax_fem: DeviceProblem: computing Jacobian on device
[07-01 19:37:18][DEBUG] jax_fem: Function split_and_compute_cell took 0.0275 seconds
[07-01 19:37:18][DEBUG] jax_fem: CuDSSNewtonSolver: initial residual = 2.223e+08
[07-01 19:37:18][DEBUG] jax_fem: DeviceProblem: computing Jacobian on device
[07-01 19:37:18][DEBUG] jax_fem: Function split_and_compute_cell took 0.0290 seconds
[07-01 19:37:18][DEBUG] jax_fem: CuDSSNewtonSolver: iter=1  res=8.553e-06  rel=3.847e-14
[07-01 19:37:18][INFO] jax_fem: CuDSSNewtonSolver: solve finished in 0.10s  res=8.553e-06
[07-01 19:37:18][INFO] jax_fem: CuDSS backward: solving adjoint problem …
[07-01 19:37:18][DEBUG] jax_fem: DeviceProblem: computing Jacobian on device
[07-01 19:37:18][DEBUG] jax_fem: Function split_and_compute_cell took 0.0463 seconds
[07-01 19:37:18][DEBUG] jax_fem: Computing cell residual...
[07-01 19:37:18][DEBUG] jax_fem: Function split_and_compute_cell took 0.0701 seconds
[07-01 19:37:18][INFO] jax_fem: CuDSS backward: solving adjoint problem …
[07-01 19:37:18][DEBUG] jax_fem: DeviceProblem: computing Jacobian on device
[07-01 19:37:19][DEBUG] jax_fem: Function split_and_compute_cell took 0.0363 seconds
[07-01 19:37:19][DEBUG] jax_fem: Computing cell residual...
[07-01 19:37:19][DEBUG] jax_fem: Function split_and_compute_cell took 0.0740 seconds
[07-01 19:37:19][INFO] jax_fem: CuDSS backward: solving adjoint problem …
[07-01 19:37:19][DEBUG] jax_fem: DeviceProblem: computing Jacobian on device
[07-01 19:37:19][DEBUG] jax_fem: Function split_and_compute_cell took 0.0573 seconds
[07-01 19:37:19][DEBUG] jax_fem: Computing cell residual...
[07-01 19:37:19][DEBUG] jax_fem: Function split_and_compute_cell took 0.0696 seconds
[07-01 19:37:19][INFO] jax_fem: CuDSS backward: solving adjoint problem …
[07-01 19:37:19][DEBUG] jax_fem: DeviceProblem: computing Jacobian on device
[07-01 19:37:19][DEBUG] jax_fem: Function split_and_compute_cell took 0.0288 seconds
[07-01 19:37:19][DEBUG] jax_fem: Computing cell residual...
[07-01 19:37:19][DEBUG] jax_fem: Function split_and_compute_cell took 0.0626 seconds
[07-01 19:37:20][INFO] jax_fem: CuDSS backward: solving adjoint problem …
[07-01 19:37:20][DEBUG] jax_fem: DeviceProblem: computing Jacobian on device
[07-01 19:37:20][DEBUG] jax_fem: Function split_and_compute_cell took 0.0563 seconds
[07-01 19:37:20][DEBUG] jax_fem: Computing cell residual...
[07-01 19:37:20][DEBUG] jax_fem: Function split_and_compute_cell took 0.0614 seconds
[07-01 19:37:22][DEBUG] jax_fem: CuDSSNewtonSolver: starting Newton loop
[07-01 19:37:22][DEBUG] jax_fem: DeviceProblem: computing Jacobian on device
[07-01 19:37:22][DEBUG] jax_fem: Function split_and_compute_cell took 0.0457 seconds
[07-01 19:37:22][DEBUG] jax_fem: CuDSSNewtonSolver: initial residual = 2.235e+08
[07-01 19:37:22][DEBUG] jax_fem: DeviceProblem: computing Jacobian on device
[07-01 19:37:22][DEBUG] jax_fem: Function split_and_compute_cell took 0.0445 seconds
[07-01 19:37:22][DEBUG] jax_fem: CuDSSNewtonSolver: iter=1  res=6.869e-06  rel=3.073e-14
[07-01 19:37:22][INFO] jax_fem: CuDSSNewtonSolver: solve finished in 0.13s  res=6.869e-06
[07-01 19:37:22][DEBUG] jax_fem: CuDSSNewtonSolver: starting Newton loop
[07-01 19:37:22][DEBUG] jax_fem: DeviceProblem: computing Jacobian on device
[07-01 19:37:22][DEBUG] jax_fem: Function split_and_compute_cell took 0.0298 seconds
[07-01 19:37:22][DEBUG] jax_fem: CuDSSNewtonSolver: initial residual = 2.217e+08
[07-01 19:37:22][DEBUG] jax_fem: DeviceProblem: computing Jacobian on device
[07-01 19:37:22][DEBUG] jax_fem: Function split_and_compute_cell took 0.0479 seconds
[07-01 19:37:22][DEBUG] jax_fem: CuDSSNewtonSolver: iter=1  res=8.415e-06  rel=3.796e-14
[07-01 19:37:22][INFO] jax_fem: CuDSSNewtonSolver: solve finished in 0.12s  res=8.415e-06
[07-01 19:37:22][DEBUG] jax_fem: CuDSSNewtonSolver: starting Newton loop
[07-01 19:37:22][DEBUG] jax_fem: DeviceProblem: computing Jacobian on device
[07-01 19:37:22][DEBUG] jax_fem: Function split_and_compute_cell took 0.0390 seconds
[07-01 19:37:22][DEBUG] jax_fem: CuDSSNewtonSolver: initial residual = 2.211e+08
[07-01 19:37:22][DEBUG] jax_fem: DeviceProblem: computing Jacobian on device
[07-01 19:37:22][DEBUG] jax_fem: Function split_and_compute_cell took 0.0444 seconds
[07-01 19:37:22][DEBUG] jax_fem: CuDSSNewtonSolver: iter=1  res=7.285e-06  rel=3.295e-14
[07-01 19:37:22][INFO] jax_fem: CuDSSNewtonSolver: solve finished in 0.12s  res=7.285e-06
[07-01 19:37:23][DEBUG] jax_fem: CuDSSNewtonSolver: starting Newton loop
[07-01 19:37:23][DEBUG] jax_fem: DeviceProblem: computing Jacobian on device
[07-01 19:37:23][DEBUG] jax_fem: Function split_and_compute_cell took 0.0432 seconds
[07-01 19:37:23][DEBUG] jax_fem: CuDSSNewtonSolver: initial residual = 2.237e+08
[07-01 19:37:23][DEBUG] jax_fem: DeviceProblem: computing Jacobian on device
[07-01 19:37:23][DEBUG] jax_fem: Function split_and_compute_cell took 0.0380 seconds
[07-01 19:37:23][DEBUG] jax_fem: CuDSSNewtonSolver: iter=1  res=7.667e-06  rel=3.428e-14
[07-01 19:37:23][INFO] jax_fem: CuDSSNewtonSolver: solve finished in 0.13s  res=7.667e-06
[07-01 19:37:23][DEBUG] jax_fem: CuDSSNewtonSolver: starting Newton loop
[07-01 19:37:23][DEBUG] jax_fem: DeviceProblem: computing Jacobian on device
[07-01 19:37:23][DEBUG] jax_fem: Function split_and_compute_cell took 0.0728 seconds
[07-01 19:37:23][DEBUG] jax_fem: CuDSSNewtonSolver: initial residual = 2.223e+08
[07-01 19:37:23][DEBUG] jax_fem: DeviceProblem: computing Jacobian on device
[07-01 19:37:23][DEBUG] jax_fem: Function split_and_compute_cell took 0.0364 seconds
[07-01 19:37:23][DEBUG] jax_fem: CuDSSNewtonSolver: iter=1  res=8.566e-06  rel=3.852e-14
[07-01 19:37:23][INFO] jax_fem: CuDSSNewtonSolver: solve finished in 0.16s  res=8.566e-06
[07-01 19:37:25][DEBUG] jax_fem: CuDSSNewtonSolver: starting Newton loop
[07-01 19:37:25][DEBUG] jax_fem: DeviceProblem: computing Jacobian on device
[07-01 19:37:25][DEBUG] jax_fem: Function split_and_compute_cell took 0.0272 seconds
[07-01 19:37:25][DEBUG] jax_fem: CuDSSNewtonSolver: initial residual = 2.235e+08
[07-01 19:37:25][DEBUG] jax_fem: DeviceProblem: computing Jacobian on device
[07-01 19:37:25][DEBUG] jax_fem: Function split_and_compute_cell took 0.0295 seconds
[07-01 19:37:25][DEBUG] jax_fem: CuDSSNewtonSolver: iter=1  res=6.701e-06  rel=2.998e-14
[07-01 19:37:25][INFO] jax_fem: CuDSSNewtonSolver: solve finished in 0.09s  res=6.701e-06
[07-01 19:37:26][DEBUG] jax_fem: CuDSSNewtonSolver: starting Newton loop
[07-01 19:37:26][DEBUG] jax_fem: DeviceProblem: computing Jacobian on device
[07-01 19:37:26][DEBUG] jax_fem: Function split_and_compute_cell took 0.0280 seconds
[07-01 19:37:26][DEBUG] jax_fem: CuDSSNewtonSolver: initial residual = 2.217e+08
[07-01 19:37:26][DEBUG] jax_fem: DeviceProblem: computing Jacobian on device
[07-01 19:37:26][DEBUG] jax_fem: Function split_and_compute_cell took 0.0267 seconds
[07-01 19:37:26][DEBUG] jax_fem: CuDSSNewtonSolver: iter=1  res=8.284e-06  rel=3.737e-14
[07-01 19:37:26][INFO] jax_fem: CuDSSNewtonSolver: solve finished in 0.09s  res=8.284e-06
[07-01 19:37:26][DEBUG] jax_fem: CuDSSNewtonSolver: starting Newton loop
[07-01 19:37:26][DEBUG] jax_fem: DeviceProblem: computing Jacobian on device
[07-01 19:37:26][DEBUG] jax_fem: Function split_and_compute_cell took 0.0279 seconds
[07-01 19:37:26][DEBUG] jax_fem: CuDSSNewtonSolver: initial residual = 2.211e+08
[07-01 19:37:26][DEBUG] jax_fem: DeviceProblem: computing Jacobian on device
[07-01 19:37:26][DEBUG] jax_fem: Function split_and_compute_cell took 0.0277 seconds
[07-01 19:37:26][DEBUG] jax_fem: CuDSSNewtonSolver: iter=1  res=7.225e-06  rel=3.268e-14
[07-01 19:37:26][INFO] jax_fem: CuDSSNewtonSolver: solve finished in 0.09s  res=7.225e-06
[07-01 19:37:27][DEBUG] jax_fem: CuDSSNewtonSolver: starting Newton loop
[07-01 19:37:27][DEBUG] jax_fem: DeviceProblem: computing Jacobian on device
[07-01 19:37:27][DEBUG] jax_fem: Function split_and_compute_cell took 0.0267 seconds
[07-01 19:37:27][DEBUG] jax_fem: CuDSSNewtonSolver: initial residual = 2.237e+08
[07-01 19:37:27][DEBUG] jax_fem: DeviceProblem: computing Jacobian on device
[07-01 19:37:27][DEBUG] jax_fem: Function split_and_compute_cell took 0.0297 seconds
[07-01 19:37:27][DEBUG] jax_fem: CuDSSNewtonSolver: iter=1  res=7.576e-06  rel=3.387e-14
[07-01 19:37:27][INFO] jax_fem: CuDSSNewtonSolver: solve finished in 0.09s  res=7.576e-06
[07-01 19:37:27][DEBUG] jax_fem: CuDSSNewtonSolver: starting Newton loop
[07-01 19:37:27][DEBUG] jax_fem: DeviceProblem: computing Jacobian on device
[07-01 19:37:27][DEBUG] jax_fem: Function split_and_compute_cell took 0.0274 seconds
[07-01 19:37:27][DEBUG] jax_fem: CuDSSNewtonSolver: initial residual = 2.223e+08
[07-01 19:37:27][DEBUG] jax_fem: DeviceProblem: computing Jacobian on device
[07-01 19:37:28][DEBUG] jax_fem: Function split_and_compute_cell took 0.0271 seconds
[07-01 19:37:28][DEBUG] jax_fem: CuDSSNewtonSolver: iter=1  res=8.394e-06  rel=3.775e-14
[07-01 19:37:28][INFO] jax_fem: CuDSSNewtonSolver: solve finished in 0.09s  res=8.394e-06
[07-01 19:37:28][INFO] jax_fem: CuDSS backward: solving adjoint problem …
[07-01 19:37:28][DEBUG] jax_fem: DeviceProblem: computing Jacobian on device
[07-01 19:37:28][DEBUG] jax_fem: Function split_and_compute_cell took 0.0537 seconds
[07-01 19:37:28][DEBUG] jax_fem: Computing cell residual...
[07-01 19:37:28][DEBUG] jax_fem: Function split_and_compute_cell took 0.0668 seconds
[07-01 19:37:28][INFO] jax_fem: CuDSS backward: solving adjoint problem …
[07-01 19:37:28][DEBUG] jax_fem: DeviceProblem: computing Jacobian on device
[07-01 19:37:28][DEBUG] jax_fem: Function split_and_compute_cell took 0.0489 seconds
[07-01 19:37:28][DEBUG] jax_fem: Computing cell residual...
[07-01 19:37:28][DEBUG] jax_fem: Function split_and_compute_cell took 0.0644 seconds
[07-01 19:37:28][INFO] jax_fem: CuDSS backward: solving adjoint problem …
[07-01 19:37:28][DEBUG] jax_fem: DeviceProblem: computing Jacobian on device
[07-01 19:37:28][DEBUG] jax_fem: Function split_and_compute_cell took 0.0366 seconds
[07-01 19:37:28][DEBUG] jax_fem: Computing cell residual...
[07-01 19:37:29][DEBUG] jax_fem: Function split_and_compute_cell took 0.0615 seconds
[07-01 19:37:29][INFO] jax_fem: CuDSS backward: solving adjoint problem …
[07-01 19:37:29][DEBUG] jax_fem: DeviceProblem: computing Jacobian on device
[07-01 19:37:29][DEBUG] jax_fem: Function split_and_compute_cell took 0.0301 seconds
[07-01 19:37:29][DEBUG] jax_fem: Computing cell residual...
[07-01 19:37:29][DEBUG] jax_fem: Function split_and_compute_cell took 0.0517 seconds
[07-01 19:37:29][INFO] jax_fem: CuDSS backward: solving adjoint problem …
[07-01 19:37:29][DEBUG] jax_fem: DeviceProblem: computing Jacobian on device
[07-01 19:37:29][DEBUG] jax_fem: Function split_and_compute_cell took 0.0348 seconds
[07-01 19:37:29][DEBUG] jax_fem: Computing cell residual...
[07-01 19:37:29][DEBUG] jax_fem: Function split_and_compute_cell took 0.0660 seconds
[07-01 19:37:31][DEBUG] jax_fem: CuDSSNewtonSolver: starting Newton loop
[07-01 19:37:31][DEBUG] jax_fem: DeviceProblem: computing Jacobian on device
[07-01 19:37:31][DEBUG] jax_fem: Function split_and_compute_cell took 0.0559 seconds
[07-01 19:37:31][DEBUG] jax_fem: CuDSSNewtonSolver: initial residual = 2.235e+08
[07-01 19:37:31][DEBUG] jax_fem: DeviceProblem: computing Jacobian on device
[07-01 19:37:31][DEBUG] jax_fem: Function split_and_compute_cell took 0.0552 seconds
[07-01 19:37:31][DEBUG] jax_fem: CuDSSNewtonSolver: iter=1  res=6.627e-06  rel=2.965e-14
[07-01 19:37:31][INFO] jax_fem: CuDSSNewtonSolver: solve finished in 0.16s  res=6.627e-06
[07-01 19:37:31][DEBUG] jax_fem: CuDSSNewtonSolver: starting Newton loop
[07-01 19:37:31][DEBUG] jax_fem: DeviceProblem: computing Jacobian on device
[07-01 19:37:31][DEBUG] jax_fem: Function split_and_compute_cell took 0.0469 seconds
[07-01 19:37:31][DEBUG] jax_fem: CuDSSNewtonSolver: initial residual = 2.217e+08
[07-01 19:37:31][DEBUG] jax_fem: DeviceProblem: computing Jacobian on device
[07-01 19:37:31][DEBUG] jax_fem: Function split_and_compute_cell took 0.0444 seconds
[07-01 19:37:31][DEBUG] jax_fem: CuDSSNewtonSolver: iter=1  res=8.152e-06  rel=3.678e-14
[07-01 19:37:31][INFO] jax_fem: CuDSSNewtonSolver: solve finished in 0.13s  res=8.152e-06
[07-01 19:37:32][DEBUG] jax_fem: CuDSSNewtonSolver: starting Newton loop
[07-01 19:37:32][DEBUG] jax_fem: DeviceProblem: computing Jacobian on device
[07-01 19:37:32][DEBUG] jax_fem: Function split_and_compute_cell took 0.0308 seconds
[07-01 19:37:32][DEBUG] jax_fem: CuDSSNewtonSolver: initial residual = 2.211e+08
[07-01 19:37:32][DEBUG] jax_fem: DeviceProblem: computing Jacobian on device
[07-01 19:37:32][DEBUG] jax_fem: Function split_and_compute_cell took 0.0427 seconds
[07-01 19:37:32][DEBUG] jax_fem: CuDSSNewtonSolver: iter=1  res=7.545e-06  rel=3.413e-14
[07-01 19:37:32][INFO] jax_fem: CuDSSNewtonSolver: solve finished in 0.11s  res=7.545e-06
[07-01 19:37:32][DEBUG] jax_fem: CuDSSNewtonSolver: starting Newton loop
[07-01 19:37:32][DEBUG] jax_fem: DeviceProblem: computing Jacobian on device
[07-01 19:37:32][DEBUG] jax_fem: Function split_and_compute_cell took 0.0269 seconds
[07-01 19:37:32][DEBUG] jax_fem: CuDSSNewtonSolver: initial residual = 2.237e+08
[07-01 19:37:32][DEBUG] jax_fem: DeviceProblem: computing Jacobian on device
[07-01 19:37:32][DEBUG] jax_fem: Function split_and_compute_cell took 0.0260 seconds
[07-01 19:37:32][DEBUG] jax_fem: CuDSSNewtonSolver: iter=1  res=8.010e-06  rel=3.581e-14
[07-01 19:37:32][INFO] jax_fem: CuDSSNewtonSolver: solve finished in 0.09s  res=8.010e-06
[07-01 19:37:32][DEBUG] jax_fem: CuDSSNewtonSolver: starting Newton loop
[07-01 19:37:32][DEBUG] jax_fem: DeviceProblem: computing Jacobian on device
[07-01 19:37:32][DEBUG] jax_fem: Function split_and_compute_cell took 0.0400 seconds
[07-01 19:37:32][DEBUG] jax_fem: CuDSSNewtonSolver: initial residual = 2.223e+08
[07-01 19:37:32][DEBUG] jax_fem: DeviceProblem: computing Jacobian on device
[07-01 19:37:32][DEBUG] jax_fem: Function split_and_compute_cell took 0.0515 seconds
[07-01 19:37:32][DEBUG] jax_fem: CuDSSNewtonSolver: iter=1  res=8.746e-06  rel=3.933e-14
[07-01 19:37:32][INFO] jax_fem: CuDSSNewtonSolver: solve finished in 0.13s  res=8.746e-06
[07-01 19:37:34][DEBUG] jax_fem: CuDSSNewtonSolver: starting Newton loop
[07-01 19:37:34][DEBUG] jax_fem: DeviceProblem: computing Jacobian on device
[07-01 19:37:34][DEBUG] jax_fem: Function split_and_compute_cell took 0.0288 seconds
[07-01 19:37:34][DEBUG] jax_fem: CuDSSNewtonSolver: initial residual = 2.235e+08
[07-01 19:37:34][DEBUG] jax_fem: DeviceProblem: computing Jacobian on device
[07-01 19:37:34][DEBUG] jax_fem: Function split_and_compute_cell took 0.0277 seconds
[07-01 19:37:34][DEBUG] jax_fem: CuDSSNewtonSolver: iter=1  res=6.472e-06  rel=2.896e-14
[07-01 19:37:34][INFO] jax_fem: CuDSSNewtonSolver: solve finished in 0.09s  res=6.472e-06
[07-01 19:37:35][DEBUG] jax_fem: CuDSSNewtonSolver: starting Newton loop
[07-01 19:37:35][DEBUG] jax_fem: DeviceProblem: computing Jacobian on device
[07-01 19:37:35][DEBUG] jax_fem: Function split_and_compute_cell took 0.0273 seconds
[07-01 19:37:35][DEBUG] jax_fem: CuDSSNewtonSolver: initial residual = 2.217e+08
[07-01 19:37:35][DEBUG] jax_fem: DeviceProblem: computing Jacobian on device
[07-01 19:37:35][DEBUG] jax_fem: Function split_and_compute_cell took 0.0414 seconds
[07-01 19:37:35][DEBUG] jax_fem: CuDSSNewtonSolver: iter=1  res=8.452e-06  rel=3.813e-14
[07-01 19:37:35][INFO] jax_fem: CuDSSNewtonSolver: solve finished in 0.11s  res=8.452e-06
[07-01 19:37:35][DEBUG] jax_fem: CuDSSNewtonSolver: starting Newton loop
[07-01 19:37:35][DEBUG] jax_fem: DeviceProblem: computing Jacobian on device
[07-01 19:37:35][DEBUG] jax_fem: Function split_and_compute_cell took 0.0286 seconds
[07-01 19:37:35][DEBUG] jax_fem: CuDSSNewtonSolver: initial residual = 2.211e+08
[07-01 19:37:35][DEBUG] jax_fem: DeviceProblem: computing Jacobian on device
[07-01 19:37:35][DEBUG] jax_fem: Function split_and_compute_cell took 0.0294 seconds
[07-01 19:37:35][DEBUG] jax_fem: CuDSSNewtonSolver: iter=1  res=7.706e-06  rel=3.486e-14
[07-01 19:37:35][INFO] jax_fem: CuDSSNewtonSolver: solve finished in 0.09s  res=7.706e-06
[07-01 19:37:36][DEBUG] jax_fem: CuDSSNewtonSolver: starting Newton loop
[07-01 19:37:36][DEBUG] jax_fem: DeviceProblem: computing Jacobian on device
[07-01 19:37:36][DEBUG] jax_fem: Function split_and_compute_cell took 0.0300 seconds
[07-01 19:37:36][DEBUG] jax_fem: CuDSSNewtonSolver: initial residual = 2.237e+08
[07-01 19:37:36][DEBUG] jax_fem: DeviceProblem: computing Jacobian on device
[07-01 19:37:36][DEBUG] jax_fem: Function split_and_compute_cell took 0.0281 seconds
[07-01 19:37:36][DEBUG] jax_fem: CuDSSNewtonSolver: iter=1  res=7.918e-06  rel=3.540e-14
[07-01 19:37:36][INFO] jax_fem: CuDSSNewtonSolver: solve finished in 0.09s  res=7.918e-06
[07-01 19:37:37][DEBUG] jax_fem: CuDSSNewtonSolver: starting Newton loop
[07-01 19:37:37][DEBUG] jax_fem: DeviceProblem: computing Jacobian on device
[07-01 19:37:37][DEBUG] jax_fem: Function split_and_compute_cell took 0.0272 seconds
[07-01 19:37:37][DEBUG] jax_fem: CuDSSNewtonSolver: initial residual = 2.223e+08
[07-01 19:37:37][DEBUG] jax_fem: DeviceProblem: computing Jacobian on device
[07-01 19:37:37][DEBUG] jax_fem: Function split_and_compute_cell took 0.0272 seconds
[07-01 19:37:37][DEBUG] jax_fem: CuDSSNewtonSolver: iter=1  res=8.686e-06  rel=3.907e-14
[07-01 19:37:37][INFO] jax_fem: CuDSSNewtonSolver: solve finished in 0.09s  res=8.686e-06
[07-01 19:37:37][INFO] jax_fem: CuDSS backward: solving adjoint problem …
[07-01 19:37:37][DEBUG] jax_fem: DeviceProblem: computing Jacobian on device
[07-01 19:37:37][DEBUG] jax_fem: Function split_and_compute_cell took 0.0401 seconds
[07-01 19:37:37][DEBUG] jax_fem: Computing cell residual...
[07-01 19:37:37][DEBUG] jax_fem: Function split_and_compute_cell took 0.0650 seconds
[07-01 19:37:37][INFO] jax_fem: CuDSS backward: solving adjoint problem …
[07-01 19:37:37][DEBUG] jax_fem: DeviceProblem: computing Jacobian on device
[07-01 19:37:37][DEBUG] jax_fem: Function split_and_compute_cell took 0.0299 seconds
[07-01 19:37:37][DEBUG] jax_fem: Computing cell residual...
[07-01 19:37:37][DEBUG] jax_fem: Function split_and_compute_cell took 0.0632 seconds
[07-01 19:37:38][INFO] jax_fem: CuDSS backward: solving adjoint problem …
[07-01 19:37:38][DEBUG] jax_fem: DeviceProblem: computing Jacobian on device
[07-01 19:37:38][DEBUG] jax_fem: Function split_and_compute_cell took 0.0304 seconds
[07-01 19:37:38][DEBUG] jax_fem: Computing cell residual...
[07-01 19:37:38][DEBUG] jax_fem: Function split_and_compute_cell took 0.0649 seconds
[07-01 19:37:38][INFO] jax_fem: CuDSS backward: solving adjoint problem …
[07-01 19:37:38][DEBUG] jax_fem: DeviceProblem: computing Jacobian on device
[07-01 19:37:38][DEBUG] jax_fem: Function split_and_compute_cell took 0.0318 seconds
[07-01 19:37:38][DEBUG] jax_fem: Computing cell residual...
[07-01 19:37:38][DEBUG] jax_fem: Function split_and_compute_cell took 0.0643 seconds
[07-01 19:37:38][INFO] jax_fem: CuDSS backward: solving adjoint problem …
[07-01 19:37:38][DEBUG] jax_fem: DeviceProblem: computing Jacobian on device
[07-01 19:37:39][DEBUG] jax_fem: Function split_and_compute_cell took 0.0419 seconds
[07-01 19:37:39][DEBUG] jax_fem: Computing cell residual...
[07-01 19:37:39][DEBUG] jax_fem: Function split_and_compute_cell took 0.0695 seconds
[07-01 19:37:40][DEBUG] jax_fem: CuDSSNewtonSolver: starting Newton loop
[07-01 19:37:40][DEBUG] jax_fem: DeviceProblem: computing Jacobian on device
[07-01 19:37:40][DEBUG] jax_fem: Function split_and_compute_cell took 0.0515 seconds
[07-01 19:37:40][DEBUG] jax_fem: CuDSSNewtonSolver: initial residual = 2.235e+08
[07-01 19:37:40][DEBUG] jax_fem: DeviceProblem: computing Jacobian on device
[07-01 19:37:40][DEBUG] jax_fem: Function split_and_compute_cell took 0.0355 seconds
[07-01 19:37:40][DEBUG] jax_fem: CuDSSNewtonSolver: iter=1  res=6.571e-06  rel=2.940e-14
[07-01 19:37:40][INFO] jax_fem: CuDSSNewtonSolver: solve finished in 0.13s  res=6.571e-06
[07-01 19:37:41][DEBUG] jax_fem: CuDSSNewtonSolver: starting Newton loop
[07-01 19:37:41][DEBUG] jax_fem: DeviceProblem: computing Jacobian on device
[07-01 19:37:41][DEBUG] jax_fem: Function split_and_compute_cell took 0.0244 seconds
[07-01 19:37:41][DEBUG] jax_fem: CuDSSNewtonSolver: initial residual = 2.217e+08
[07-01 19:37:41][DEBUG] jax_fem: DeviceProblem: computing Jacobian on device
[07-01 19:37:41][DEBUG] jax_fem: Function split_and_compute_cell took 0.0459 seconds
[07-01 19:37:41][DEBUG] jax_fem: CuDSSNewtonSolver: iter=1  res=8.140e-06  rel=3.672e-14
[07-01 19:37:41][INFO] jax_fem: CuDSSNewtonSolver: solve finished in 0.11s  res=8.140e-06
[07-01 19:37:41][DEBUG] jax_fem: CuDSSNewtonSolver: starting Newton loop
[07-01 19:37:41][DEBUG] jax_fem: DeviceProblem: computing Jacobian on device
[07-01 19:37:41][DEBUG] jax_fem: Function split_and_compute_cell took 0.0376 seconds
[07-01 19:37:41][DEBUG] jax_fem: CuDSSNewtonSolver: initial residual = 2.211e+08
[07-01 19:37:41][DEBUG] jax_fem: DeviceProblem: computing Jacobian on device
[07-01 19:37:41][DEBUG] jax_fem: Function split_and_compute_cell took 0.0323 seconds
[07-01 19:37:41][DEBUG] jax_fem: CuDSSNewtonSolver: iter=1  res=7.385e-06  rel=3.341e-14
[07-01 19:37:41][INFO] jax_fem: CuDSSNewtonSolver: solve finished in 0.11s  res=7.385e-06
[07-01 19:37:41][DEBUG] jax_fem: CuDSSNewtonSolver: starting Newton loop
[07-01 19:37:41][DEBUG] jax_fem: DeviceProblem: computing Jacobian on device
[07-01 19:37:41][DEBUG] jax_fem: Function split_and_compute_cell took 0.0336 seconds
[07-01 19:37:41][DEBUG] jax_fem: CuDSSNewtonSolver: initial residual = 2.237e+08
[07-01 19:37:41][DEBUG] jax_fem: DeviceProblem: computing Jacobian on device
[07-01 19:37:41][DEBUG] jax_fem: Function split_and_compute_cell took 0.0491 seconds
[07-01 19:37:41][DEBUG] jax_fem: CuDSSNewtonSolver: iter=1  res=7.757e-06  rel=3.468e-14
[07-01 19:37:41][INFO] jax_fem: CuDSSNewtonSolver: solve finished in 0.12s  res=7.757e-06
[07-01 19:37:42][DEBUG] jax_fem: CuDSSNewtonSolver: starting Newton loop
[07-01 19:37:42][DEBUG] jax_fem: DeviceProblem: computing Jacobian on device
[07-01 19:37:42][DEBUG] jax_fem: Function split_and_compute_cell took 0.0370 seconds
[07-01 19:37:42][DEBUG] jax_fem: CuDSSNewtonSolver: initial residual = 2.223e+08
[07-01 19:37:42][DEBUG] jax_fem: DeviceProblem: computing Jacobian on device
[07-01 19:37:42][DEBUG] jax_fem: Function split_and_compute_cell took 0.0436 seconds
[07-01 19:37:42][DEBUG] jax_fem: CuDSSNewtonSolver: iter=1  res=8.881e-06  rel=3.994e-14
[07-01 19:37:42][INFO] jax_fem: CuDSSNewtonSolver: solve finished in 0.12s  res=8.881e-06
[07-01 19:37:43][DEBUG] jax_fem: CuDSSNewtonSolver: starting Newton loop
[07-01 19:37:44][DEBUG] jax_fem: DeviceProblem: computing Jacobian on device
[07-01 19:37:44][DEBUG] jax_fem: Function split_and_compute_cell took 0.0273 seconds
[07-01 19:37:44][DEBUG] jax_fem: CuDSSNewtonSolver: initial residual = 2.235e+08
[07-01 19:37:44][DEBUG] jax_fem: DeviceProblem: computing Jacobian on device
[07-01 19:37:44][DEBUG] jax_fem: Function split_and_compute_cell took 0.0278 seconds
[07-01 19:37:44][DEBUG] jax_fem: CuDSSNewtonSolver: iter=1  res=6.420e-06  rel=2.872e-14
[07-01 19:37:44][INFO] jax_fem: CuDSSNewtonSolver: solve finished in 0.09s  res=6.420e-06
[07-01 19:37:44][DEBUG] jax_fem: CuDSSNewtonSolver: starting Newton loop
[07-01 19:37:44][DEBUG] jax_fem: DeviceProblem: computing Jacobian on device
[07-01 19:37:44][DEBUG] jax_fem: Function split_and_compute_cell took 0.0286 seconds
[07-01 19:37:44][DEBUG] jax_fem: CuDSSNewtonSolver: initial residual = 2.217e+08
[07-01 19:37:44][DEBUG] jax_fem: DeviceProblem: computing Jacobian on device
[07-01 19:37:44][DEBUG] jax_fem: Function split_and_compute_cell took 0.0292 seconds
[07-01 19:37:44][DEBUG] jax_fem: CuDSSNewtonSolver: iter=1  res=8.399e-06  rel=3.789e-14
[07-01 19:37:44][INFO] jax_fem: CuDSSNewtonSolver: solve finished in 0.09s  res=8.399e-06
[07-01 19:37:45][DEBUG] jax_fem: CuDSSNewtonSolver: starting Newton loop
[07-01 19:37:45][DEBUG] jax_fem: DeviceProblem: computing Jacobian on device
[07-01 19:37:45][DEBUG] jax_fem: Function split_and_compute_cell took 0.0280 seconds
[07-01 19:37:45][DEBUG] jax_fem: CuDSSNewtonSolver: initial residual = 2.211e+08
[07-01 19:37:45][DEBUG] jax_fem: DeviceProblem: computing Jacobian on device
[07-01 19:37:45][DEBUG] jax_fem: Function split_and_compute_cell took 0.0274 seconds
[07-01 19:37:45][DEBUG] jax_fem: CuDSSNewtonSolver: iter=1  res=7.332e-06  rel=3.317e-14
[07-01 19:37:45][INFO] jax_fem: CuDSSNewtonSolver: solve finished in 0.09s  res=7.332e-06
[07-01 19:37:45][DEBUG] jax_fem: CuDSSNewtonSolver: starting Newton loop
[07-01 19:37:45][DEBUG] jax_fem: DeviceProblem: computing Jacobian on device
[07-01 19:37:45][DEBUG] jax_fem: Function split_and_compute_cell took 0.0282 seconds
[07-01 19:37:45][DEBUG] jax_fem: CuDSSNewtonSolver: initial residual = 2.237e+08
[07-01 19:37:45][DEBUG] jax_fem: DeviceProblem: computing Jacobian on device
[07-01 19:37:45][DEBUG] jax_fem: Function split_and_compute_cell took 0.0283 seconds
[07-01 19:37:45][DEBUG] jax_fem: CuDSSNewtonSolver: iter=1  res=7.563e-06  rel=3.381e-14
[07-01 19:37:45][INFO] jax_fem: CuDSSNewtonSolver: solve finished in 0.09s  res=7.563e-06
[07-01 19:37:46][DEBUG] jax_fem: CuDSSNewtonSolver: starting Newton loop
[07-01 19:37:46][DEBUG] jax_fem: DeviceProblem: computing Jacobian on device
[07-01 19:37:46][DEBUG] jax_fem: Function split_and_compute_cell took 0.0291 seconds
[07-01 19:37:46][DEBUG] jax_fem: CuDSSNewtonSolver: initial residual = 2.223e+08
[07-01 19:37:46][DEBUG] jax_fem: DeviceProblem: computing Jacobian on device
[07-01 19:37:46][DEBUG] jax_fem: Function split_and_compute_cell took 0.0278 seconds
[07-01 19:37:46][DEBUG] jax_fem: CuDSSNewtonSolver: iter=1  res=8.750e-06  rel=3.935e-14
[07-01 19:37:46][INFO] jax_fem: CuDSSNewtonSolver: solve finished in 0.09s  res=8.750e-06
[07-01 19:37:46][INFO] jax_fem: CuDSS backward: solving adjoint problem …
[07-01 19:37:46][DEBUG] jax_fem: DeviceProblem: computing Jacobian on device
[07-01 19:37:46][DEBUG] jax_fem: Function split_and_compute_cell took 0.0467 seconds
[07-01 19:37:46][DEBUG] jax_fem: Computing cell residual...
[07-01 19:37:46][DEBUG] jax_fem: Function split_and_compute_cell took 0.0642 seconds
[07-01 19:37:47][INFO] jax_fem: CuDSS backward: solving adjoint problem …
[07-01 19:37:47][DEBUG] jax_fem: DeviceProblem: computing Jacobian on device
[07-01 19:37:47][DEBUG] jax_fem: Function split_and_compute_cell took 0.0606 seconds
[07-01 19:37:47][DEBUG] jax_fem: Computing cell residual...
[07-01 19:37:47][DEBUG] jax_fem: Function split_and_compute_cell took 0.0601 seconds
[07-01 19:37:47][INFO] jax_fem: CuDSS backward: solving adjoint problem …
[07-01 19:37:47][DEBUG] jax_fem: DeviceProblem: computing Jacobian on device
[07-01 19:37:47][DEBUG] jax_fem: Function split_and_compute_cell took 0.0382 seconds
[07-01 19:37:47][DEBUG] jax_fem: Computing cell residual...
[07-01 19:37:47][DEBUG] jax_fem: Function split_and_compute_cell took 0.0612 seconds
[07-01 19:37:47][INFO] jax_fem: CuDSS backward: solving adjoint problem …
[07-01 19:37:47][DEBUG] jax_fem: DeviceProblem: computing Jacobian on device
[07-01 19:37:47][DEBUG] jax_fem: Function split_and_compute_cell took 0.0428 seconds
[07-01 19:37:47][DEBUG] jax_fem: Computing cell residual...
[07-01 19:37:48][DEBUG] jax_fem: Function split_and_compute_cell took 0.0647 seconds
[07-01 19:37:48][INFO] jax_fem: CuDSS backward: solving adjoint problem …
[07-01 19:37:48][DEBUG] jax_fem: DeviceProblem: computing Jacobian on device
[07-01 19:37:48][DEBUG] jax_fem: Function split_and_compute_cell took 0.0483 seconds
[07-01 19:37:48][DEBUG] jax_fem: Computing cell residual...
[07-01 19:37:48][DEBUG] jax_fem: Function split_and_compute_cell took 0.0612 seconds
[07-01 19:37:50][DEBUG] jax_fem: CuDSSNewtonSolver: starting Newton loop
[07-01 19:37:50][DEBUG] jax_fem: DeviceProblem: computing Jacobian on device
[07-01 19:37:50][DEBUG] jax_fem: Function split_and_compute_cell took 0.0462 seconds
[07-01 19:37:50][DEBUG] jax_fem: CuDSSNewtonSolver: initial residual = 2.235e+08
[07-01 19:37:50][DEBUG] jax_fem: DeviceProblem: computing Jacobian on device
[07-01 19:37:50][DEBUG] jax_fem: Function split_and_compute_cell took 0.0301 seconds
[07-01 19:37:50][DEBUG] jax_fem: CuDSSNewtonSolver: iter=1  res=6.457e-06  rel=2.889e-14
[07-01 19:37:50][INFO] jax_fem: CuDSSNewtonSolver: solve finished in 0.12s  res=6.457e-06
[07-01 19:37:50][DEBUG] jax_fem: CuDSSNewtonSolver: starting Newton loop
[07-01 19:37:50][DEBUG] jax_fem: DeviceProblem: computing Jacobian on device
[07-01 19:37:50][DEBUG] jax_fem: Function split_and_compute_cell took 0.0456 seconds
[07-01 19:37:50][DEBUG] jax_fem: CuDSSNewtonSolver: initial residual = 2.217e+08
[07-01 19:37:50][DEBUG] jax_fem: DeviceProblem: computing Jacobian on device
[07-01 19:37:50][DEBUG] jax_fem: Function split_and_compute_cell took 0.0431 seconds
[07-01 19:37:50][DEBUG] jax_fem: CuDSSNewtonSolver: iter=1  res=8.183e-06  rel=3.692e-14
[07-01 19:37:50][INFO] jax_fem: CuDSSNewtonSolver: solve finished in 0.13s  res=8.183e-06
[07-01 19:37:50][DEBUG] jax_fem: CuDSSNewtonSolver: starting Newton loop
[07-01 19:37:50][DEBUG] jax_fem: DeviceProblem: computing Jacobian on device
[07-01 19:37:50][DEBUG] jax_fem: Function split_and_compute_cell took 0.0535 seconds
[07-01 19:37:50][DEBUG] jax_fem: CuDSSNewtonSolver: initial residual = 2.211e+08
[07-01 19:37:50][DEBUG] jax_fem: DeviceProblem: computing Jacobian on device
[07-01 19:37:50][DEBUG] jax_fem: Function split_and_compute_cell took 0.0368 seconds
[07-01 19:37:50][DEBUG] jax_fem: CuDSSNewtonSolver: iter=1  res=6.894e-06  rel=3.118e-14
[07-01 19:37:50][INFO] jax_fem: CuDSSNewtonSolver: solve finished in 0.13s  res=6.894e-06
[07-01 19:37:51][DEBUG] jax_fem: CuDSSNewtonSolver: starting Newton loop
[07-01 19:37:51][DEBUG] jax_fem: DeviceProblem: computing Jacobian on device
[07-01 19:37:51][DEBUG] jax_fem: Function split_and_compute_cell took 0.0507 seconds
[07-01 19:37:51][DEBUG] jax_fem: CuDSSNewtonSolver: initial residual = 2.237e+08
[07-01 19:37:51][DEBUG] jax_fem: DeviceProblem: computing Jacobian on device
[07-01 19:37:51][DEBUG] jax_fem: Function split_and_compute_cell took 0.0496 seconds
[07-01 19:37:51][DEBUG] jax_fem: CuDSSNewtonSolver: iter=1  res=7.730e-06  rel=3.456e-14
[07-01 19:37:51][INFO] jax_fem: CuDSSNewtonSolver: solve finished in 0.15s  res=7.730e-06
[07-01 19:37:51][DEBUG] jax_fem: CuDSSNewtonSolver: starting Newton loop
[07-01 19:37:51][DEBUG] jax_fem: DeviceProblem: computing Jacobian on device
[07-01 19:37:51][DEBUG] jax_fem: Function split_and_compute_cell took 0.0596 seconds
[07-01 19:37:51][DEBUG] jax_fem: CuDSSNewtonSolver: initial residual = 2.223e+08
[07-01 19:37:51][DEBUG] jax_fem: DeviceProblem: computing Jacobian on device
[07-01 19:37:51][DEBUG] jax_fem: Function split_and_compute_cell took 0.0411 seconds
[07-01 19:37:51][DEBUG] jax_fem: CuDSSNewtonSolver: iter=1  res=8.544e-06  rel=3.843e-14
[07-01 19:37:51][INFO] jax_fem: CuDSSNewtonSolver: solve finished in 0.14s  res=8.544e-06
[07-01 19:37:53][DEBUG] jax_fem: CuDSSNewtonSolver: starting Newton loop
[07-01 19:37:53][DEBUG] jax_fem: DeviceProblem: computing Jacobian on device
[07-01 19:37:53][DEBUG] jax_fem: Function split_and_compute_cell took 0.0276 seconds
[07-01 19:37:53][DEBUG] jax_fem: CuDSSNewtonSolver: initial residual = 2.235e+08
[07-01 19:37:53][DEBUG] jax_fem: DeviceProblem: computing Jacobian on device
[07-01 19:37:53][DEBUG] jax_fem: Function split_and_compute_cell took 0.0287 seconds
[07-01 19:37:53][DEBUG] jax_fem: CuDSSNewtonSolver: iter=1  res=6.483e-06  rel=2.900e-14
[07-01 19:37:53][INFO] jax_fem: CuDSSNewtonSolver: solve finished in 0.10s  res=6.483e-06
[07-01 19:37:54][DEBUG] jax_fem: CuDSSNewtonSolver: starting Newton loop
[07-01 19:37:54][DEBUG] jax_fem: DeviceProblem: computing Jacobian on device
[07-01 19:37:54][DEBUG] jax_fem: Function split_and_compute_cell took 0.0287 seconds
[07-01 19:37:54][DEBUG] jax_fem: CuDSSNewtonSolver: initial residual = 2.217e+08
[07-01 19:37:54][DEBUG] jax_fem: DeviceProblem: computing Jacobian on device
[07-01 19:37:54][DEBUG] jax_fem: Function split_and_compute_cell took 0.0293 seconds
[07-01 19:37:54][DEBUG] jax_fem: CuDSSNewtonSolver: iter=1  res=8.112e-06  rel=3.660e-14
[07-01 19:37:54][INFO] jax_fem: CuDSSNewtonSolver: solve finished in 0.09s  res=8.112e-06
[07-01 19:37:54][DEBUG] jax_fem: CuDSSNewtonSolver: starting Newton loop
[07-01 19:37:54][DEBUG] jax_fem: DeviceProblem: computing Jacobian on device
[07-01 19:37:54][DEBUG] jax_fem: Function split_and_compute_cell took 0.0277 seconds
[07-01 19:37:54][DEBUG] jax_fem: CuDSSNewtonSolver: initial residual = 2.211e+08
[07-01 19:37:54][DEBUG] jax_fem: DeviceProblem: computing Jacobian on device
[07-01 19:37:54][DEBUG] jax_fem: Function split_and_compute_cell took 0.0402 seconds
[07-01 19:37:54][DEBUG] jax_fem: CuDSSNewtonSolver: iter=1  res=7.644e-06  rel=3.458e-14
[07-01 19:37:54][INFO] jax_fem: CuDSSNewtonSolver: solve finished in 0.11s  res=7.644e-06
[07-01 19:37:55][DEBUG] jax_fem: CuDSSNewtonSolver: starting Newton loop
[07-01 19:37:55][DEBUG] jax_fem: DeviceProblem: computing Jacobian on device
[07-01 19:37:55][DEBUG] jax_fem: Function split_and_compute_cell took 0.0274 seconds
[07-01 19:37:55][DEBUG] jax_fem: CuDSSNewtonSolver: initial residual = 2.237e+08
[07-01 19:37:55][DEBUG] jax_fem: DeviceProblem: computing Jacobian on device
[07-01 19:37:55][DEBUG] jax_fem: Function split_and_compute_cell took 0.0287 seconds
[07-01 19:37:55][DEBUG] jax_fem: CuDSSNewtonSolver: iter=1  res=7.833e-06  rel=3.502e-14
[07-01 19:37:55][INFO] jax_fem: CuDSSNewtonSolver: solve finished in 0.09s  res=7.833e-06
[07-01 19:37:56][DEBUG] jax_fem: CuDSSNewtonSolver: starting Newton loop
[07-01 19:37:56][DEBUG] jax_fem: DeviceProblem: computing Jacobian on device
[07-01 19:37:56][DEBUG] jax_fem: Function split_and_compute_cell took 0.0272 seconds
[07-01 19:37:56][DEBUG] jax_fem: CuDSSNewtonSolver: initial residual = 2.223e+08
[07-01 19:37:56][DEBUG] jax_fem: DeviceProblem: computing Jacobian on device
[07-01 19:37:56][DEBUG] jax_fem: Function split_and_compute_cell took 0.0285 seconds
[07-01 19:37:56][DEBUG] jax_fem: CuDSSNewtonSolver: iter=1  res=8.560e-06  rel=3.850e-14
[07-01 19:37:56][INFO] jax_fem: CuDSSNewtonSolver: solve finished in 0.09s  res=8.560e-06
[07-01 19:37:56][INFO] jax_fem: CuDSS backward: solving adjoint problem …
[07-01 19:37:56][DEBUG] jax_fem: DeviceProblem: computing Jacobian on device
[07-01 19:37:56][DEBUG] jax_fem: Function split_and_compute_cell took 0.0357 seconds
[07-01 19:37:56][DEBUG] jax_fem: Computing cell residual...
[07-01 19:37:56][DEBUG] jax_fem: Function split_and_compute_cell took 0.0685 seconds
[07-01 19:37:56][INFO] jax_fem: CuDSS backward: solving adjoint problem …
[07-01 19:37:56][DEBUG] jax_fem: DeviceProblem: computing Jacobian on device
[07-01 19:37:56][DEBUG] jax_fem: Function split_and_compute_cell took 0.0306 seconds
[07-01 19:37:56][DEBUG] jax_fem: Computing cell residual...
[07-01 19:37:56][DEBUG] jax_fem: Function split_and_compute_cell took 0.0639 seconds
[07-01 19:37:57][INFO] jax_fem: CuDSS backward: solving adjoint problem …
[07-01 19:37:57][DEBUG] jax_fem: DeviceProblem: computing Jacobian on device
[07-01 19:37:57][DEBUG] jax_fem: Function split_and_compute_cell took 0.0275 seconds
[07-01 19:37:57][DEBUG] jax_fem: Computing cell residual...
[07-01 19:37:57][DEBUG] jax_fem: Function split_and_compute_cell took 0.0635 seconds
[07-01 19:37:57][INFO] jax_fem: CuDSS backward: solving adjoint problem …
[07-01 19:37:57][DEBUG] jax_fem: DeviceProblem: computing Jacobian on device
[07-01 19:37:57][DEBUG] jax_fem: Function split_and_compute_cell took 0.0296 seconds
[07-01 19:37:57][DEBUG] jax_fem: Computing cell residual...
[07-01 19:37:57][DEBUG] jax_fem: Function split_and_compute_cell took 0.0613 seconds
[07-01 19:37:57][INFO] jax_fem: CuDSS backward: solving adjoint problem …
[07-01 19:37:57][DEBUG] jax_fem: DeviceProblem: computing Jacobian on device
[07-01 19:37:57][DEBUG] jax_fem: Function split_and_compute_cell took 0.0551 seconds
[07-01 19:37:57][DEBUG] jax_fem: Computing cell residual...
[07-01 19:37:58][DEBUG] jax_fem: Function split_and_compute_cell took 0.0779 seconds
[07-01 19:37:59][DEBUG] jax_fem: CuDSSNewtonSolver: starting Newton loop
[07-01 19:37:59][DEBUG] jax_fem: DeviceProblem: computing Jacobian on device
[07-01 19:37:59][DEBUG] jax_fem: Function split_and_compute_cell took 0.0519 seconds
[07-01 19:37:59][DEBUG] jax_fem: CuDSSNewtonSolver: initial residual = 2.235e+08
[07-01 19:37:59][DEBUG] jax_fem: DeviceProblem: computing Jacobian on device
[07-01 19:37:59][DEBUG] jax_fem: Function split_and_compute_cell took 0.0494 seconds
[07-01 19:37:59][DEBUG] jax_fem: CuDSSNewtonSolver: iter=1  res=6.787e-06  rel=3.037e-14
[07-01 19:37:59][INFO] jax_fem: CuDSSNewtonSolver: solve finished in 0.15s  res=6.787e-06
[07-01 19:38:00][DEBUG] jax_fem: CuDSSNewtonSolver: starting Newton loop
[07-01 19:38:00][DEBUG] jax_fem: DeviceProblem: computing Jacobian on device
[07-01 19:38:00][DEBUG] jax_fem: Function split_and_compute_cell took 0.0317 seconds
[07-01 19:38:00][DEBUG] jax_fem: CuDSSNewtonSolver: initial residual = 2.217e+08
[07-01 19:38:00][DEBUG] jax_fem: DeviceProblem: computing Jacobian on device
[07-01 19:38:00][DEBUG] jax_fem: Function split_and_compute_cell took 0.0338 seconds
[07-01 19:38:00][DEBUG] jax_fem: CuDSSNewtonSolver: iter=1  res=8.480e-06  rel=3.826e-14
[07-01 19:38:00][INFO] jax_fem: CuDSSNewtonSolver: solve finished in 0.10s  res=8.480e-06
[07-01 19:38:00][DEBUG] jax_fem: CuDSSNewtonSolver: starting Newton loop
[07-01 19:38:00][DEBUG] jax_fem: DeviceProblem: computing Jacobian on device
[07-01 19:38:00][DEBUG] jax_fem: Function split_and_compute_cell took 0.0386 seconds
[07-01 19:38:00][DEBUG] jax_fem: CuDSSNewtonSolver: initial residual = 2.211e+08
[07-01 19:38:00][DEBUG] jax_fem: DeviceProblem: computing Jacobian on device
[07-01 19:38:00][DEBUG] jax_fem: Function split_and_compute_cell took 0.0361 seconds
[07-01 19:38:00][DEBUG] jax_fem: CuDSSNewtonSolver: iter=1  res=7.485e-06  rel=3.386e-14
[07-01 19:38:00][INFO] jax_fem: CuDSSNewtonSolver: solve finished in 0.12s  res=7.485e-06
[07-01 19:38:00][DEBUG] jax_fem: CuDSSNewtonSolver: starting Newton loop
[07-01 19:38:00][DEBUG] jax_fem: DeviceProblem: computing Jacobian on device
[07-01 19:38:01][DEBUG] jax_fem: Function split_and_compute_cell took 0.0319 seconds
[07-01 19:38:01][DEBUG] jax_fem: CuDSSNewtonSolver: initial residual = 2.237e+08
[07-01 19:38:01][DEBUG] jax_fem: DeviceProblem: computing Jacobian on device
[07-01 19:38:01][DEBUG] jax_fem: Function split_and_compute_cell took 0.0402 seconds
[07-01 19:38:01][DEBUG] jax_fem: CuDSSNewtonSolver: iter=1  res=7.971e-06  rel=3.564e-14
[07-01 19:38:01][INFO] jax_fem: CuDSSNewtonSolver: solve finished in 0.11s  res=7.971e-06
[07-01 19:38:01][DEBUG] jax_fem: CuDSSNewtonSolver: starting Newton loop
[07-01 19:38:01][DEBUG] jax_fem: DeviceProblem: computing Jacobian on device
[07-01 19:38:01][DEBUG] jax_fem: Function split_and_compute_cell took 0.0410 seconds
[07-01 19:38:01][DEBUG] jax_fem: CuDSSNewtonSolver: initial residual = 2.223e+08
[07-01 19:38:01][DEBUG] jax_fem: DeviceProblem: computing Jacobian on device
[07-01 19:38:01][DEBUG] jax_fem: Function split_and_compute_cell took 0.0286 seconds
[07-01 19:38:01][DEBUG] jax_fem: CuDSSNewtonSolver: iter=1  res=8.478e-06  rel=3.813e-14
[07-01 19:38:01][INFO] jax_fem: CuDSSNewtonSolver: solve finished in 0.11s  res=8.478e-06
[07-01 19:38:03][DEBUG] jax_fem: CuDSSNewtonSolver: starting Newton loop
[07-01 19:38:03][DEBUG] jax_fem: DeviceProblem: computing Jacobian on device
[07-01 19:38:03][DEBUG] jax_fem: Function split_and_compute_cell took 0.0277 seconds
[07-01 19:38:03][DEBUG] jax_fem: CuDSSNewtonSolver: initial residual = 2.235e+08
[07-01 19:38:03][DEBUG] jax_fem: DeviceProblem: computing Jacobian on device
[07-01 19:38:03][DEBUG] jax_fem: Function split_and_compute_cell took 0.0287 seconds
[07-01 19:38:03][DEBUG] jax_fem: CuDSSNewtonSolver: iter=1  res=6.460e-06  rel=2.890e-14
[07-01 19:38:03][INFO] jax_fem: CuDSSNewtonSolver: solve finished in 0.09s  res=6.460e-06
[07-01 19:38:03][DEBUG] jax_fem: CuDSSNewtonSolver: starting Newton loop
[07-01 19:38:03][DEBUG] jax_fem: DeviceProblem: computing Jacobian on device
[07-01 19:38:03][DEBUG] jax_fem: Function split_and_compute_cell took 0.0296 seconds
[07-01 19:38:03][DEBUG] jax_fem: CuDSSNewtonSolver: initial residual = 2.217e+08
[07-01 19:38:03][DEBUG] jax_fem: DeviceProblem: computing Jacobian on device
[07-01 19:38:03][DEBUG] jax_fem: Function split_and_compute_cell took 0.0274 seconds
[07-01 19:38:03][DEBUG] jax_fem: CuDSSNewtonSolver: iter=1  res=7.847e-06  rel=3.540e-14
[07-01 19:38:03][INFO] jax_fem: CuDSSNewtonSolver: solve finished in 0.09s  res=7.847e-06
[07-01 19:38:04][DEBUG] jax_fem: CuDSSNewtonSolver: starting Newton loop
[07-01 19:38:04][DEBUG] jax_fem: DeviceProblem: computing Jacobian on device
[07-01 19:38:04][DEBUG] jax_fem: Function split_and_compute_cell took 0.0287 seconds
[07-01 19:38:04][DEBUG] jax_fem: CuDSSNewtonSolver: initial residual = 2.211e+08
[07-01 19:38:04][DEBUG] jax_fem: DeviceProblem: computing Jacobian on device
[07-01 19:38:04][DEBUG] jax_fem: Function split_and_compute_cell took 0.0279 seconds
[07-01 19:38:04][DEBUG] jax_fem: CuDSSNewtonSolver: iter=1  res=7.167e-06  rel=3.242e-14
[07-01 19:38:04][INFO] jax_fem: CuDSSNewtonSolver: solve finished in 0.09s  res=7.167e-06
[07-01 19:38:05][DEBUG] jax_fem: CuDSSNewtonSolver: starting Newton loop
[07-01 19:38:05][DEBUG] jax_fem: DeviceProblem: computing Jacobian on device
[07-01 19:38:05][DEBUG] jax_fem: Function split_and_compute_cell took 0.0403 seconds
[07-01 19:38:05][DEBUG] jax_fem: CuDSSNewtonSolver: initial residual = 2.237e+08
[07-01 19:38:05][DEBUG] jax_fem: DeviceProblem: computing Jacobian on device
[07-01 19:38:05][DEBUG] jax_fem: Function split_and_compute_cell took 0.0301 seconds
[07-01 19:38:05][DEBUG] jax_fem: CuDSSNewtonSolver: iter=1  res=7.682e-06  rel=3.434e-14
[07-01 19:38:05][INFO] jax_fem: CuDSSNewtonSolver: solve finished in 0.11s  res=7.682e-06
[07-01 19:38:05][DEBUG] jax_fem: CuDSSNewtonSolver: starting Newton loop
[07-01 19:38:05][DEBUG] jax_fem: DeviceProblem: computing Jacobian on device
[07-01 19:38:05][DEBUG] jax_fem: Function split_and_compute_cell took 0.0278 seconds
[07-01 19:38:05][DEBUG] jax_fem: CuDSSNewtonSolver: initial residual = 2.223e+08
[07-01 19:38:05][DEBUG] jax_fem: DeviceProblem: computing Jacobian on device
[07-01 19:38:05][DEBUG] jax_fem: Function split_and_compute_cell took 0.0284 seconds
[07-01 19:38:05][DEBUG] jax_fem: CuDSSNewtonSolver: iter=1  res=8.590e-06  rel=3.863e-14
[07-01 19:38:05][INFO] jax_fem: CuDSSNewtonSolver: solve finished in 0.09s  res=8.590e-06
[07-01 19:38:05][INFO] jax_fem: CuDSS backward: solving adjoint problem …
[07-01 19:38:05][DEBUG] jax_fem: DeviceProblem: computing Jacobian on device
[07-01 19:38:06][DEBUG] jax_fem: Function split_and_compute_cell took 0.0262 seconds
[07-01 19:38:06][DEBUG] jax_fem: Computing cell residual...
[07-01 19:38:06][DEBUG] jax_fem: Function split_and_compute_cell took 0.0701 seconds
[07-01 19:38:06][INFO] jax_fem: CuDSS backward: solving adjoint problem …
[07-01 19:38:06][DEBUG] jax_fem: DeviceProblem: computing Jacobian on device
[07-01 19:38:06][DEBUG] jax_fem: Function split_and_compute_cell took 0.0476 seconds
[07-01 19:38:06][DEBUG] jax_fem: Computing cell residual...
[07-01 19:38:06][DEBUG] jax_fem: Function split_and_compute_cell took 0.0709 seconds
[07-01 19:38:06][INFO] jax_fem: CuDSS backward: solving adjoint problem …
[07-01 19:38:06][DEBUG] jax_fem: DeviceProblem: computing Jacobian on device
[07-01 19:38:06][DEBUG] jax_fem: Function split_and_compute_cell took 0.0418 seconds
[07-01 19:38:06][DEBUG] jax_fem: Computing cell residual...
[07-01 19:38:06][DEBUG] jax_fem: Function split_and_compute_cell took 0.0568 seconds
[07-01 19:38:07][INFO] jax_fem: CuDSS backward: solving adjoint problem …
[07-01 19:38:07][DEBUG] jax_fem: DeviceProblem: computing Jacobian on device
[07-01 19:38:07][DEBUG] jax_fem: Function split_and_compute_cell took 0.0371 seconds
[07-01 19:38:07][DEBUG] jax_fem: Computing cell residual...
[07-01 19:38:07][DEBUG] jax_fem: Function split_and_compute_cell took 0.0761 seconds
[07-01 19:38:07][INFO] jax_fem: CuDSS backward: solving adjoint problem …
[07-01 19:38:07][DEBUG] jax_fem: DeviceProblem: computing Jacobian on device
[07-01 19:38:07][DEBUG] jax_fem: Function split_and_compute_cell took 0.0503 seconds
[07-01 19:38:07][DEBUG] jax_fem: Computing cell residual...
[07-01 19:38:07][DEBUG] jax_fem: Function split_and_compute_cell took 0.0706 seconds
[07-01 19:38:09][DEBUG] jax_fem: CuDSSNewtonSolver: starting Newton loop
[07-01 19:38:09][DEBUG] jax_fem: DeviceProblem: computing Jacobian on device
[07-01 19:38:09][DEBUG] jax_fem: Function split_and_compute_cell took 0.0305 seconds
[07-01 19:38:09][DEBUG] jax_fem: CuDSSNewtonSolver: initial residual = 2.235e+08
[07-01 19:38:09][DEBUG] jax_fem: DeviceProblem: computing Jacobian on device
[07-01 19:38:09][DEBUG] jax_fem: Function split_and_compute_cell took 0.0281 seconds
[07-01 19:38:09][DEBUG] jax_fem: CuDSSNewtonSolver: iter=1  res=6.744e-06  rel=3.017e-14
[07-01 19:38:09][INFO] jax_fem: CuDSSNewtonSolver: solve finished in 0.10s  res=6.744e-06
[07-01 19:38:09][DEBUG] jax_fem: CuDSSNewtonSolver: starting Newton loop
[07-01 19:38:09][DEBUG] jax_fem: DeviceProblem: computing Jacobian on device
[07-01 19:38:09][DEBUG] jax_fem: Function split_and_compute_cell took 0.0369 seconds
[07-01 19:38:09][DEBUG] jax_fem: CuDSSNewtonSolver: initial residual = 2.217e+08
[07-01 19:38:09][DEBUG] jax_fem: DeviceProblem: computing Jacobian on device
[07-01 19:38:09][DEBUG] jax_fem: Function split_and_compute_cell took 0.0383 seconds
[07-01 19:38:09][DEBUG] jax_fem: CuDSSNewtonSolver: iter=1  res=8.059e-06  rel=3.636e-14
[07-01 19:38:09][INFO] jax_fem: CuDSSNewtonSolver: solve finished in 0.12s  res=8.059e-06
[07-01 19:38:10][DEBUG] jax_fem: CuDSSNewtonSolver: starting Newton loop
[07-01 19:38:10][DEBUG] jax_fem: DeviceProblem: computing Jacobian on device
[07-01 19:38:10][DEBUG] jax_fem: Function split_and_compute_cell took 0.0334 seconds
[07-01 19:38:10][DEBUG] jax_fem: CuDSSNewtonSolver: initial residual = 2.211e+08
[07-01 19:38:10][DEBUG] jax_fem: DeviceProblem: computing Jacobian on device
[07-01 19:38:10][DEBUG] jax_fem: Function split_and_compute_cell took 0.0351 seconds
[07-01 19:38:10][DEBUG] jax_fem: CuDSSNewtonSolver: iter=1  res=7.261e-06  rel=3.284e-14
[07-01 19:38:10][INFO] jax_fem: CuDSSNewtonSolver: solve finished in 0.11s  res=7.261e-06
[07-01 19:38:10][DEBUG] jax_fem: CuDSSNewtonSolver: starting Newton loop
[07-01 19:38:10][DEBUG] jax_fem: DeviceProblem: computing Jacobian on device
[07-01 19:38:10][DEBUG] jax_fem: Function split_and_compute_cell took 0.0329 seconds
[07-01 19:38:10][DEBUG] jax_fem: CuDSSNewtonSolver: initial residual = 2.237e+08
[07-01 19:38:10][DEBUG] jax_fem: DeviceProblem: computing Jacobian on device
[07-01 19:38:10][DEBUG] jax_fem: Function split_and_compute_cell took 0.0423 seconds
[07-01 19:38:10][DEBUG] jax_fem: CuDSSNewtonSolver: iter=1  res=7.699e-06  rel=3.442e-14
[07-01 19:38:10][INFO] jax_fem: CuDSSNewtonSolver: solve finished in 0.12s  res=7.699e-06
[07-01 19:38:10][DEBUG] jax_fem: CuDSSNewtonSolver: starting Newton loop
[07-01 19:38:10][DEBUG] jax_fem: DeviceProblem: computing Jacobian on device
[07-01 19:38:10][DEBUG] jax_fem: Function split_and_compute_cell took 0.0305 seconds
[07-01 19:38:10][DEBUG] jax_fem: CuDSSNewtonSolver: initial residual = 2.223e+08
[07-01 19:38:10][DEBUG] jax_fem: DeviceProblem: computing Jacobian on device
[07-01 19:38:10][DEBUG] jax_fem: Function split_and_compute_cell took 0.0347 seconds
[07-01 19:38:10][DEBUG] jax_fem: CuDSSNewtonSolver: iter=1  res=8.567e-06  rel=3.853e-14
[07-01 19:38:10][INFO] jax_fem: CuDSSNewtonSolver: solve finished in 0.10s  res=8.567e-06
[07-01 19:38:12][DEBUG] jax_fem: CuDSSNewtonSolver: starting Newton loop
[07-01 19:38:12][DEBUG] jax_fem: DeviceProblem: computing Jacobian on device
[07-01 19:38:12][DEBUG] jax_fem: Function split_and_compute_cell took 0.0274 seconds
[07-01 19:38:12][DEBUG] jax_fem: CuDSSNewtonSolver: initial residual = 2.235e+08
[07-01 19:38:12][DEBUG] jax_fem: DeviceProblem: computing Jacobian on device
[07-01 19:38:12][DEBUG] jax_fem: Function split_and_compute_cell took 0.0282 seconds
[07-01 19:38:12][DEBUG] jax_fem: CuDSSNewtonSolver: iter=1  res=6.655e-06  rel=2.978e-14
[07-01 19:38:12][INFO] jax_fem: CuDSSNewtonSolver: solve finished in 0.09s  res=6.655e-06
[07-01 19:38:13][DEBUG] jax_fem: CuDSSNewtonSolver: starting Newton loop
[07-01 19:38:13][DEBUG] jax_fem: DeviceProblem: computing Jacobian on device
[07-01 19:38:13][DEBUG] jax_fem: Function split_and_compute_cell took 0.0282 seconds
[07-01 19:38:13][DEBUG] jax_fem: CuDSSNewtonSolver: initial residual = 2.217e+08
[07-01 19:38:13][DEBUG] jax_fem: DeviceProblem: computing Jacobian on device
[07-01 19:38:13][DEBUG] jax_fem: Function split_and_compute_cell took 0.0291 seconds
[07-01 19:38:13][DEBUG] jax_fem: CuDSSNewtonSolver: iter=1  res=7.996e-06  rel=3.607e-14
[07-01 19:38:13][INFO] jax_fem: CuDSSNewtonSolver: solve finished in 0.09s  res=7.996e-06
[07-01 19:38:13][DEBUG] jax_fem: CuDSSNewtonSolver: starting Newton loop
[07-01 19:38:13][DEBUG] jax_fem: DeviceProblem: computing Jacobian on device
[07-01 19:38:13][DEBUG] jax_fem: Function split_and_compute_cell took 0.0267 seconds
[07-01 19:38:13][DEBUG] jax_fem: CuDSSNewtonSolver: initial residual = 2.211e+08
[07-01 19:38:13][DEBUG] jax_fem: DeviceProblem: computing Jacobian on device
[07-01 19:38:13][DEBUG] jax_fem: Function split_and_compute_cell took 0.0289 seconds
[07-01 19:38:13][DEBUG] jax_fem: CuDSSNewtonSolver: iter=1  res=6.951e-06  rel=3.144e-14
[07-01 19:38:13][INFO] jax_fem: CuDSSNewtonSolver: solve finished in 0.09s  res=6.951e-06
[07-01 19:38:14][DEBUG] jax_fem: CuDSSNewtonSolver: starting Newton loop
[07-01 19:38:14][DEBUG] jax_fem: DeviceProblem: computing Jacobian on device
[07-01 19:38:14][DEBUG] jax_fem: Function split_and_compute_cell took 0.0283 seconds
[07-01 19:38:14][DEBUG] jax_fem: CuDSSNewtonSolver: initial residual = 2.237e+08
[07-01 19:38:14][DEBUG] jax_fem: DeviceProblem: computing Jacobian on device
[07-01 19:38:14][DEBUG] jax_fem: Function split_and_compute_cell took 0.0277 seconds
[07-01 19:38:14][DEBUG] jax_fem: CuDSSNewtonSolver: iter=1  res=7.456e-06  rel=3.333e-14
[07-01 19:38:14][INFO] jax_fem: CuDSSNewtonSolver: solve finished in 0.09s  res=7.456e-06
[07-01 19:38:14][DEBUG] jax_fem: CuDSSNewtonSolver: starting Newton loop
[07-01 19:38:14][DEBUG] jax_fem: DeviceProblem: computing Jacobian on device
[07-01 19:38:15][DEBUG] jax_fem: Function split_and_compute_cell took 0.0281 seconds
[07-01 19:38:15][DEBUG] jax_fem: CuDSSNewtonSolver: initial residual = 2.223e+08
[07-01 19:38:15][DEBUG] jax_fem: DeviceProblem: computing Jacobian on device
[07-01 19:38:15][DEBUG] jax_fem: Function split_and_compute_cell took 0.0274 seconds
[07-01 19:38:15][DEBUG] jax_fem: CuDSSNewtonSolver: iter=1  res=9.027e-06  rel=4.060e-14
[07-01 19:38:15][INFO] jax_fem: CuDSSNewtonSolver: solve finished in 0.09s  res=9.027e-06
[07-01 19:38:15][INFO] jax_fem: CuDSS backward: solving adjoint problem …
[07-01 19:38:15][DEBUG] jax_fem: DeviceProblem: computing Jacobian on device
[07-01 19:38:15][DEBUG] jax_fem: Function split_and_compute_cell took 0.0323 seconds
[07-01 19:38:15][DEBUG] jax_fem: Computing cell residual...
[07-01 19:38:15][DEBUG] jax_fem: Function split_and_compute_cell took 0.0646 seconds
[07-01 19:38:15][INFO] jax_fem: CuDSS backward: solving adjoint problem …
[07-01 19:38:15][DEBUG] jax_fem: DeviceProblem: computing Jacobian on device
[07-01 19:38:15][DEBUG] jax_fem: Function split_and_compute_cell took 0.0487 seconds
[07-01 19:38:15][DEBUG] jax_fem: Computing cell residual...
[07-01 19:38:15][DEBUG] jax_fem: Function split_and_compute_cell took 0.0693 seconds
[07-01 19:38:15][INFO] jax_fem: CuDSS backward: solving adjoint problem …
[07-01 19:38:15][DEBUG] jax_fem: DeviceProblem: computing Jacobian on device
[07-01 19:38:15][DEBUG] jax_fem: Function split_and_compute_cell took 0.0257 seconds
[07-01 19:38:16][DEBUG] jax_fem: Computing cell residual...
[07-01 19:38:16][DEBUG] jax_fem: Function split_and_compute_cell took 0.0644 seconds
[07-01 19:38:16][INFO] jax_fem: CuDSS backward: solving adjoint problem …
[07-01 19:38:16][DEBUG] jax_fem: DeviceProblem: computing Jacobian on device
[07-01 19:38:16][DEBUG] jax_fem: Function split_and_compute_cell took 0.0306 seconds
[07-01 19:38:16][DEBUG] jax_fem: Computing cell residual...
[07-01 19:38:16][DEBUG] jax_fem: Function split_and_compute_cell took 0.0624 seconds
[07-01 19:38:16][INFO] jax_fem: CuDSS backward: solving adjoint problem …
[07-01 19:38:16][DEBUG] jax_fem: DeviceProblem: computing Jacobian on device
[07-01 19:38:16][DEBUG] jax_fem: Function split_and_compute_cell took 0.0478 seconds
[07-01 19:38:16][DEBUG] jax_fem: Computing cell residual...
[07-01 19:38:16][DEBUG] jax_fem: Function split_and_compute_cell took 0.0745 seconds
[07-01 19:38:18][DEBUG] jax_fem: CuDSSNewtonSolver: starting Newton loop
[07-01 19:38:18][DEBUG] jax_fem: DeviceProblem: computing Jacobian on device
[07-01 19:38:18][DEBUG] jax_fem: Function split_and_compute_cell took 0.0282 seconds
[07-01 19:38:18][DEBUG] jax_fem: CuDSSNewtonSolver: initial residual = 2.235e+08
[07-01 19:38:18][DEBUG] jax_fem: DeviceProblem: computing Jacobian on device
[07-01 19:38:18][DEBUG] jax_fem: Function split_and_compute_cell took 0.0262 seconds
[07-01 19:38:18][DEBUG] jax_fem: CuDSSNewtonSolver: iter=1  res=6.400e-06  rel=2.863e-14
[07-01 19:38:18][INFO] jax_fem: CuDSSNewtonSolver: solve finished in 0.10s  res=6.400e-06
[07-01 19:38:18][DEBUG] jax_fem: CuDSSNewtonSolver: starting Newton loop
[07-01 19:38:18][DEBUG] jax_fem: DeviceProblem: computing Jacobian on device
[07-01 19:38:18][DEBUG] jax_fem: Function split_and_compute_cell took 0.0452 seconds
[07-01 19:38:18][DEBUG] jax_fem: CuDSSNewtonSolver: initial residual = 2.217e+08
[07-01 19:38:18][DEBUG] jax_fem: DeviceProblem: computing Jacobian on device
[07-01 19:38:18][DEBUG] jax_fem: Function split_and_compute_cell took 0.0296 seconds
[07-01 19:38:18][DEBUG] jax_fem: CuDSSNewtonSolver: iter=1  res=8.062e-06  rel=3.637e-14
[07-01 19:38:18][INFO] jax_fem: CuDSSNewtonSolver: solve finished in 0.12s  res=8.062e-06
[07-01 19:38:19][DEBUG] jax_fem: CuDSSNewtonSolver: starting Newton loop
[07-01 19:38:19][DEBUG] jax_fem: DeviceProblem: computing Jacobian on device
[07-01 19:38:19][DEBUG] jax_fem: Function split_and_compute_cell took 0.0352 seconds
[07-01 19:38:19][DEBUG] jax_fem: CuDSSNewtonSolver: initial residual = 2.211e+08
[07-01 19:38:19][DEBUG] jax_fem: DeviceProblem: computing Jacobian on device
[07-01 19:38:19][DEBUG] jax_fem: Function split_and_compute_cell took 0.0424 seconds
[07-01 19:38:19][DEBUG] jax_fem: CuDSSNewtonSolver: iter=1  res=7.282e-06  rel=3.294e-14
[07-01 19:38:19][INFO] jax_fem: CuDSSNewtonSolver: solve finished in 0.12s  res=7.282e-06
[07-01 19:38:19][DEBUG] jax_fem: CuDSSNewtonSolver: starting Newton loop
[07-01 19:38:19][DEBUG] jax_fem: DeviceProblem: computing Jacobian on device
[07-01 19:38:19][DEBUG] jax_fem: Function split_and_compute_cell took 0.0392 seconds
[07-01 19:38:19][DEBUG] jax_fem: CuDSSNewtonSolver: initial residual = 2.237e+08
[07-01 19:38:19][DEBUG] jax_fem: DeviceProblem: computing Jacobian on device
[07-01 19:38:19][DEBUG] jax_fem: Function split_and_compute_cell took 0.0495 seconds
[07-01 19:38:19][DEBUG] jax_fem: CuDSSNewtonSolver: iter=1  res=7.704e-06  rel=3.444e-14
[07-01 19:38:19][INFO] jax_fem: CuDSSNewtonSolver: solve finished in 0.14s  res=7.704e-06
[07-01 19:38:20][DEBUG] jax_fem: CuDSSNewtonSolver: starting Newton loop
[07-01 19:38:20][DEBUG] jax_fem: DeviceProblem: computing Jacobian on device
[07-01 19:38:20][DEBUG] jax_fem: Function split_and_compute_cell took 0.0330 seconds
[07-01 19:38:20][DEBUG] jax_fem: CuDSSNewtonSolver: initial residual = 2.223e+08
[07-01 19:38:20][DEBUG] jax_fem: DeviceProblem: computing Jacobian on device
[07-01 19:38:20][DEBUG] jax_fem: Function split_and_compute_cell took 0.0335 seconds
[07-01 19:38:20][DEBUG] jax_fem: CuDSSNewtonSolver: iter=1  res=8.734e-06  rel=3.928e-14
[07-01 19:38:20][INFO] jax_fem: CuDSSNewtonSolver: solve finished in 0.11s  res=8.734e-06
[07-01 19:38:21][DEBUG] jax_fem: CuDSSNewtonSolver: starting Newton loop
[07-01 19:38:21][DEBUG] jax_fem: DeviceProblem: computing Jacobian on device
[07-01 19:38:22][DEBUG] jax_fem: Function split_and_compute_cell took 0.0283 seconds
[07-01 19:38:22][DEBUG] jax_fem: CuDSSNewtonSolver: initial residual = 2.235e+08
[07-01 19:38:22][DEBUG] jax_fem: DeviceProblem: computing Jacobian on device
[07-01 19:38:22][DEBUG] jax_fem: Function split_and_compute_cell took 0.0295 seconds
[07-01 19:38:22][DEBUG] jax_fem: CuDSSNewtonSolver: iter=1  res=6.632e-06  rel=2.967e-14
[07-01 19:38:22][INFO] jax_fem: CuDSSNewtonSolver: solve finished in 0.09s  res=6.632e-06
[07-01 19:38:22][DEBUG] jax_fem: CuDSSNewtonSolver: starting Newton loop
[07-01 19:38:22][DEBUG] jax_fem: DeviceProblem: computing Jacobian on device
[07-01 19:38:22][DEBUG] jax_fem: Function split_and_compute_cell took 0.0287 seconds
[07-01 19:38:22][DEBUG] jax_fem: CuDSSNewtonSolver: initial residual = 2.217e+08
[07-01 19:38:22][DEBUG] jax_fem: DeviceProblem: computing Jacobian on device
[07-01 19:38:22][DEBUG] jax_fem: Function split_and_compute_cell took 0.0271 seconds
[07-01 19:38:22][DEBUG] jax_fem: CuDSSNewtonSolver: iter=1  res=8.089e-06  rel=3.649e-14
[07-01 19:38:22][INFO] jax_fem: CuDSSNewtonSolver: solve finished in 0.09s  res=8.089e-06
[07-01 19:38:23][DEBUG] jax_fem: CuDSSNewtonSolver: starting Newton loop
[07-01 19:38:23][DEBUG] jax_fem: DeviceProblem: computing Jacobian on device
[07-01 19:38:23][DEBUG] jax_fem: Function split_and_compute_cell took 0.0301 seconds
[07-01 19:38:23][DEBUG] jax_fem: CuDSSNewtonSolver: initial residual = 2.211e+08
[07-01 19:38:23][DEBUG] jax_fem: DeviceProblem: computing Jacobian on device
[07-01 19:38:23][DEBUG] jax_fem: Function split_and_compute_cell took 0.0275 seconds
[07-01 19:38:23][DEBUG] jax_fem: CuDSSNewtonSolver: iter=1  res=7.481e-06  rel=3.384e-14
[07-01 19:38:23][INFO] jax_fem: CuDSSNewtonSolver: solve finished in 0.10s  res=7.481e-06
[07-01 19:38:23][DEBUG] jax_fem: CuDSSNewtonSolver: starting Newton loop
[07-01 19:38:23][DEBUG] jax_fem: DeviceProblem: computing Jacobian on device
[07-01 19:38:23][DEBUG] jax_fem: Function split_and_compute_cell took 0.0299 seconds
[07-01 19:38:23][DEBUG] jax_fem: CuDSSNewtonSolver: initial residual = 2.237e+08
[07-01 19:38:23][DEBUG] jax_fem: DeviceProblem: computing Jacobian on device
[07-01 19:38:23][DEBUG] jax_fem: Function split_and_compute_cell took 0.0275 seconds
[07-01 19:38:23][DEBUG] jax_fem: CuDSSNewtonSolver: iter=1  res=7.682e-06  rel=3.434e-14
[07-01 19:38:23][INFO] jax_fem: CuDSSNewtonSolver: solve finished in 0.10s  res=7.682e-06
[07-01 19:38:24][DEBUG] jax_fem: CuDSSNewtonSolver: starting Newton loop
[07-01 19:38:24][DEBUG] jax_fem: DeviceProblem: computing Jacobian on device
[07-01 19:38:24][DEBUG] jax_fem: Function split_and_compute_cell took 0.0294 seconds
[07-01 19:38:24][DEBUG] jax_fem: CuDSSNewtonSolver: initial residual = 2.223e+08
[07-01 19:38:24][DEBUG] jax_fem: DeviceProblem: computing Jacobian on device
[07-01 19:38:24][DEBUG] jax_fem: Function split_and_compute_cell took 0.0289 seconds
[07-01 19:38:24][DEBUG] jax_fem: CuDSSNewtonSolver: iter=1  res=8.542e-06  rel=3.842e-14
[07-01 19:38:24][INFO] jax_fem: CuDSSNewtonSolver: solve finished in 0.10s  res=8.542e-06
[07-01 19:38:24][INFO] jax_fem: CuDSS backward: solving adjoint problem …
[07-01 19:38:24][DEBUG] jax_fem: DeviceProblem: computing Jacobian on device
[07-01 19:38:24][DEBUG] jax_fem: Function split_and_compute_cell took 0.0465 seconds
[07-01 19:38:24][DEBUG] jax_fem: Computing cell residual...
[07-01 19:38:24][DEBUG] jax_fem: Function split_and_compute_cell took 0.0658 seconds
[07-01 19:38:24][INFO] jax_fem: CuDSS backward: solving adjoint problem …
[07-01 19:38:24][DEBUG] jax_fem: DeviceProblem: computing Jacobian on device
[07-01 19:38:25][DEBUG] jax_fem: Function split_and_compute_cell took 0.0247 seconds
[07-01 19:38:25][DEBUG] jax_fem: Computing cell residual...
[07-01 19:38:25][DEBUG] jax_fem: Function split_and_compute_cell took 0.0719 seconds
[07-01 19:38:25][INFO] jax_fem: CuDSS backward: solving adjoint problem …
[07-01 19:38:25][DEBUG] jax_fem: DeviceProblem: computing Jacobian on device
[07-01 19:38:25][DEBUG] jax_fem: Function split_and_compute_cell took 0.0371 seconds
[07-01 19:38:25][DEBUG] jax_fem: Computing cell residual...
[07-01 19:38:25][DEBUG] jax_fem: Function split_and_compute_cell took 0.0603 seconds
[07-01 19:38:25][INFO] jax_fem: CuDSS backward: solving adjoint problem …
[07-01 19:38:25][DEBUG] jax_fem: DeviceProblem: computing Jacobian on device
[07-01 19:38:25][DEBUG] jax_fem: Function split_and_compute_cell took 0.0509 seconds
[07-01 19:38:25][DEBUG] jax_fem: Computing cell residual...
[07-01 19:38:25][DEBUG] jax_fem: Function split_and_compute_cell took 0.0659 seconds
[07-01 19:38:26][INFO] jax_fem: CuDSS backward: solving adjoint problem …
[07-01 19:38:26][DEBUG] jax_fem: DeviceProblem: computing Jacobian on device
[07-01 19:38:26][DEBUG] jax_fem: Function split_and_compute_cell took 0.0599 seconds
[07-01 19:38:26][DEBUG] jax_fem: Computing cell residual...
[07-01 19:38:26][DEBUG] jax_fem: Function split_and_compute_cell took 0.0769 seconds
[07-01 19:38:27][DEBUG] jax_fem: CuDSSNewtonSolver: starting Newton loop
[07-01 19:38:27][DEBUG] jax_fem: DeviceProblem: computing Jacobian on device
[07-01 19:38:28][DEBUG] jax_fem: Function split_and_compute_cell took 0.0355 seconds
[07-01 19:38:28][DEBUG] jax_fem: CuDSSNewtonSolver: initial residual = 2.235e+08
[07-01 19:38:28][DEBUG] jax_fem: DeviceProblem: computing Jacobian on device
[07-01 19:38:28][DEBUG] jax_fem: Function split_and_compute_cell took 0.0475 seconds
[07-01 19:38:28][DEBUG] jax_fem: CuDSSNewtonSolver: iter=1  res=6.473e-06  rel=2.896e-14
[07-01 19:38:28][INFO] jax_fem: CuDSSNewtonSolver: solve finished in 0.13s  res=6.473e-06
[07-01 19:38:28][DEBUG] jax_fem: CuDSSNewtonSolver: starting Newton loop
[07-01 19:38:28][DEBUG] jax_fem: DeviceProblem: computing Jacobian on device
[07-01 19:38:28][DEBUG] jax_fem: Function split_and_compute_cell took 0.0308 seconds
[07-01 19:38:28][DEBUG] jax_fem: CuDSSNewtonSolver: initial residual = 2.217e+08
[07-01 19:38:28][DEBUG] jax_fem: DeviceProblem: computing Jacobian on device
[07-01 19:38:28][DEBUG] jax_fem: Function split_and_compute_cell took 0.0261 seconds
[07-01 19:38:28][DEBUG] jax_fem: CuDSSNewtonSolver: iter=1  res=7.928e-06  rel=3.576e-14
[07-01 19:38:28][INFO] jax_fem: CuDSSNewtonSolver: solve finished in 0.10s  res=7.928e-06
[07-01 19:38:28][DEBUG] jax_fem: CuDSSNewtonSolver: starting Newton loop
[07-01 19:38:28][DEBUG] jax_fem: DeviceProblem: computing Jacobian on device
[07-01 19:38:28][DEBUG] jax_fem: Function split_and_compute_cell took 0.0285 seconds
[07-01 19:38:28][DEBUG] jax_fem: CuDSSNewtonSolver: initial residual = 2.211e+08
[07-01 19:38:28][DEBUG] jax_fem: DeviceProblem: computing Jacobian on device
[07-01 19:38:28][DEBUG] jax_fem: Function split_and_compute_cell took 0.0436 seconds
[07-01 19:38:28][DEBUG] jax_fem: CuDSSNewtonSolver: iter=1  res=7.343e-06  rel=3.321e-14
[07-01 19:38:28][INFO] jax_fem: CuDSSNewtonSolver: solve finished in 0.11s  res=7.343e-06
[07-01 19:38:29][DEBUG] jax_fem: CuDSSNewtonSolver: starting Newton loop
[07-01 19:38:29][DEBUG] jax_fem: DeviceProblem: computing Jacobian on device
[07-01 19:38:29][DEBUG] jax_fem: Function split_and_compute_cell took 0.0317 seconds
[07-01 19:38:29][DEBUG] jax_fem: CuDSSNewtonSolver: initial residual = 2.237e+08
[07-01 19:38:29][DEBUG] jax_fem: DeviceProblem: computing Jacobian on device
[07-01 19:38:29][DEBUG] jax_fem: Function split_and_compute_cell took 0.0429 seconds
[07-01 19:38:29][DEBUG] jax_fem: CuDSSNewtonSolver: iter=1  res=7.564e-06  rel=3.382e-14
[07-01 19:38:29][INFO] jax_fem: CuDSSNewtonSolver: solve finished in 0.11s  res=7.564e-06
[07-01 19:38:29][DEBUG] jax_fem: CuDSSNewtonSolver: starting Newton loop
[07-01 19:38:29][DEBUG] jax_fem: DeviceProblem: computing Jacobian on device
[07-01 19:38:29][DEBUG] jax_fem: Function split_and_compute_cell took 0.0472 seconds
[07-01 19:38:29][DEBUG] jax_fem: CuDSSNewtonSolver: initial residual = 2.223e+08
[07-01 19:38:29][DEBUG] jax_fem: DeviceProblem: computing Jacobian on device
[07-01 19:38:29][DEBUG] jax_fem: Function split_and_compute_cell took 0.0392 seconds
[07-01 19:38:29][DEBUG] jax_fem: CuDSSNewtonSolver: iter=1  res=8.878e-06  rel=3.993e-14
[07-01 19:38:29][INFO] jax_fem: CuDSSNewtonSolver: solve finished in 0.13s  res=8.878e-06
[07-01 19:38:31][DEBUG] jax_fem: CuDSSNewtonSolver: starting Newton loop
[07-01 19:38:31][DEBUG] jax_fem: DeviceProblem: computing Jacobian on device
[07-01 19:38:31][DEBUG] jax_fem: Function split_and_compute_cell took 0.0309 seconds
[07-01 19:38:31][DEBUG] jax_fem: CuDSSNewtonSolver: initial residual = 2.235e+08
[07-01 19:38:31][DEBUG] jax_fem: DeviceProblem: computing Jacobian on device
[07-01 19:38:31][DEBUG] jax_fem: Function split_and_compute_cell took 0.0274 seconds
[07-01 19:38:31][DEBUG] jax_fem: CuDSSNewtonSolver: iter=1  res=6.565e-06  rel=2.937e-14
[07-01 19:38:31][INFO] jax_fem: CuDSSNewtonSolver: solve finished in 0.10s  res=6.565e-06
[07-01 19:38:31][DEBUG] jax_fem: CuDSSNewtonSolver: starting Newton loop
[07-01 19:38:31][DEBUG] jax_fem: DeviceProblem: computing Jacobian on device
[07-01 19:38:31][DEBUG] jax_fem: Function split_and_compute_cell took 0.0282 seconds
[07-01 19:38:31][DEBUG] jax_fem: CuDSSNewtonSolver: initial residual = 2.217e+08
[07-01 19:38:31][DEBUG] jax_fem: DeviceProblem: computing Jacobian on device
[07-01 19:38:31][DEBUG] jax_fem: Function split_and_compute_cell took 0.0297 seconds
[07-01 19:38:31][DEBUG] jax_fem: CuDSSNewtonSolver: iter=1  res=7.694e-06  rel=3.471e-14
[07-01 19:38:31][INFO] jax_fem: CuDSSNewtonSolver: solve finished in 0.10s  res=7.694e-06
[07-01 19:38:32][DEBUG] jax_fem: CuDSSNewtonSolver: starting Newton loop
[07-01 19:38:32][DEBUG] jax_fem: DeviceProblem: computing Jacobian on device
[07-01 19:38:32][DEBUG] jax_fem: Function split_and_compute_cell took 0.0277 seconds
[07-01 19:38:32][DEBUG] jax_fem: CuDSSNewtonSolver: initial residual = 2.211e+08
[07-01 19:38:32][DEBUG] jax_fem: DeviceProblem: computing Jacobian on device
[07-01 19:38:32][DEBUG] jax_fem: Function split_and_compute_cell took 0.0295 seconds
[07-01 19:38:32][DEBUG] jax_fem: CuDSSNewtonSolver: iter=1  res=7.224e-06  rel=3.267e-14
[07-01 19:38:32][INFO] jax_fem: CuDSSNewtonSolver: solve finished in 0.09s  res=7.224e-06
[07-01 19:38:33][DEBUG] jax_fem: CuDSSNewtonSolver: starting Newton loop
[07-01 19:38:33][DEBUG] jax_fem: DeviceProblem: computing Jacobian on device
[07-01 19:38:33][DEBUG] jax_fem: Function split_and_compute_cell took 0.0292 seconds
[07-01 19:38:33][DEBUG] jax_fem: CuDSSNewtonSolver: initial residual = 2.237e+08
[07-01 19:38:33][DEBUG] jax_fem: DeviceProblem: computing Jacobian on device
[07-01 19:38:33][DEBUG] jax_fem: Function split_and_compute_cell took 0.0280 seconds
[07-01 19:38:33][DEBUG] jax_fem: CuDSSNewtonSolver: iter=1  res=7.661e-06  rel=3.425e-14
[07-01 19:38:33][INFO] jax_fem: CuDSSNewtonSolver: solve finished in 0.10s  res=7.661e-06
[07-01 19:38:33][DEBUG] jax_fem: CuDSSNewtonSolver: starting Newton loop
[07-01 19:38:33][DEBUG] jax_fem: DeviceProblem: computing Jacobian on device
[07-01 19:38:33][DEBUG] jax_fem: Function split_and_compute_cell took 0.0289 seconds
[07-01 19:38:33][DEBUG] jax_fem: CuDSSNewtonSolver: initial residual = 2.223e+08
[07-01 19:38:33][DEBUG] jax_fem: DeviceProblem: computing Jacobian on device
[07-01 19:38:33][DEBUG] jax_fem: Function split_and_compute_cell took 0.0283 seconds
[07-01 19:38:33][DEBUG] jax_fem: CuDSSNewtonSolver: iter=1  res=8.554e-06  rel=3.847e-14
[07-01 19:38:33][INFO] jax_fem: CuDSSNewtonSolver: solve finished in 0.09s  res=8.554e-06
[07-01 19:38:33][INFO] jax_fem: CuDSS backward: solving adjoint problem …
[07-01 19:38:34][DEBUG] jax_fem: DeviceProblem: computing Jacobian on device
[07-01 19:38:34][DEBUG] jax_fem: Function split_and_compute_cell took 0.0526 seconds
[07-01 19:38:34][DEBUG] jax_fem: Computing cell residual...
[07-01 19:38:34][DEBUG] jax_fem: Function split_and_compute_cell took 0.0813 seconds
[07-01 19:38:34][INFO] jax_fem: CuDSS backward: solving adjoint problem …
[07-01 19:38:34][DEBUG] jax_fem: DeviceProblem: computing Jacobian on device
[07-01 19:38:34][DEBUG] jax_fem: Function split_and_compute_cell took 0.0340 seconds
[07-01 19:38:34][DEBUG] jax_fem: Computing cell residual...
[07-01 19:38:34][DEBUG] jax_fem: Function split_and_compute_cell took 0.0602 seconds
[07-01 19:38:34][INFO] jax_fem: CuDSS backward: solving adjoint problem …
[07-01 19:38:34][DEBUG] jax_fem: DeviceProblem: computing Jacobian on device
[07-01 19:38:34][DEBUG] jax_fem: Function split_and_compute_cell took 0.0422 seconds
[07-01 19:38:34][DEBUG] jax_fem: Computing cell residual...
[07-01 19:38:34][DEBUG] jax_fem: Function split_and_compute_cell took 0.0621 seconds
[07-01 19:38:35][INFO] jax_fem: CuDSS backward: solving adjoint problem …
[07-01 19:38:35][DEBUG] jax_fem: DeviceProblem: computing Jacobian on device
[07-01 19:38:35][DEBUG] jax_fem: Function split_and_compute_cell took 0.0467 seconds
[07-01 19:38:35][DEBUG] jax_fem: Computing cell residual...
[07-01 19:38:35][DEBUG] jax_fem: Function split_and_compute_cell took 0.0754 seconds
[07-01 19:38:35][INFO] jax_fem: CuDSS backward: solving adjoint problem …
[07-01 19:38:35][DEBUG] jax_fem: DeviceProblem: computing Jacobian on device
[07-01 19:38:35][DEBUG] jax_fem: Function split_and_compute_cell took 0.0403 seconds
[07-01 19:38:35][DEBUG] jax_fem: Computing cell residual...
[07-01 19:38:35][DEBUG] jax_fem: Function split_and_compute_cell took 0.0740 seconds
[07-01 19:38:37][DEBUG] jax_fem: CuDSSNewtonSolver: starting Newton loop
[07-01 19:38:37][DEBUG] jax_fem: DeviceProblem: computing Jacobian on device
[07-01 19:38:37][DEBUG] jax_fem: Function split_and_compute_cell took 0.0252 seconds
[07-01 19:38:37][DEBUG] jax_fem: CuDSSNewtonSolver: initial residual = 2.235e+08
[07-01 19:38:37][DEBUG] jax_fem: DeviceProblem: computing Jacobian on device
[07-01 19:38:37][DEBUG] jax_fem: Function split_and_compute_cell took 0.0599 seconds
[07-01 19:38:37][DEBUG] jax_fem: CuDSSNewtonSolver: iter=1  res=6.549e-06  rel=2.930e-14
[07-01 19:38:37][INFO] jax_fem: CuDSSNewtonSolver: solve finished in 0.12s  res=6.549e-06
[07-01 19:38:37][DEBUG] jax_fem: CuDSSNewtonSolver: starting Newton loop
[07-01 19:38:37][DEBUG] jax_fem: DeviceProblem: computing Jacobian on device
[07-01 19:38:37][DEBUG] jax_fem: Function split_and_compute_cell took 0.0465 seconds
[07-01 19:38:37][DEBUG] jax_fem: CuDSSNewtonSolver: initial residual = 2.217e+08
[07-01 19:38:37][DEBUG] jax_fem: DeviceProblem: computing Jacobian on device
[07-01 19:38:37][DEBUG] jax_fem: Function split_and_compute_cell took 0.0363 seconds
[07-01 19:38:37][DEBUG] jax_fem: CuDSSNewtonSolver: iter=1  res=7.678e-06  rel=3.464e-14
[07-01 19:38:37][INFO] jax_fem: CuDSSNewtonSolver: solve finished in 0.12s  res=7.678e-06
[07-01 19:38:38][DEBUG] jax_fem: CuDSSNewtonSolver: starting Newton loop
[07-01 19:38:38][DEBUG] jax_fem: DeviceProblem: computing Jacobian on device
[07-01 19:38:38][DEBUG] jax_fem: Function split_and_compute_cell took 0.0371 seconds
[07-01 19:38:38][DEBUG] jax_fem: CuDSSNewtonSolver: initial residual = 2.211e+08
[07-01 19:38:38][DEBUG] jax_fem: DeviceProblem: computing Jacobian on device
[07-01 19:38:38][DEBUG] jax_fem: Function split_and_compute_cell took 0.0305 seconds
[07-01 19:38:38][DEBUG] jax_fem: CuDSSNewtonSolver: iter=1  res=7.356e-06  rel=3.327e-14
[07-01 19:38:38][INFO] jax_fem: CuDSSNewtonSolver: solve finished in 0.11s  res=7.356e-06
[07-01 19:38:38][DEBUG] jax_fem: CuDSSNewtonSolver: starting Newton loop
[07-01 19:38:38][DEBUG] jax_fem: DeviceProblem: computing Jacobian on device
[07-01 19:38:38][DEBUG] jax_fem: Function split_and_compute_cell took 0.0280 seconds
[07-01 19:38:38][DEBUG] jax_fem: CuDSSNewtonSolver: initial residual = 2.237e+08
[07-01 19:38:38][DEBUG] jax_fem: DeviceProblem: computing Jacobian on device
[07-01 19:38:38][DEBUG] jax_fem: Function split_and_compute_cell took 0.0344 seconds
[07-01 19:38:38][DEBUG] jax_fem: CuDSSNewtonSolver: iter=1  res=7.703e-06  rel=3.444e-14
[07-01 19:38:38][INFO] jax_fem: CuDSSNewtonSolver: solve finished in 0.10s  res=7.703e-06
[07-01 19:38:38][DEBUG] jax_fem: CuDSSNewtonSolver: starting Newton loop
[07-01 19:38:38][DEBUG] jax_fem: DeviceProblem: computing Jacobian on device
[07-01 19:38:38][DEBUG] jax_fem: Function split_and_compute_cell took 0.0371 seconds
[07-01 19:38:38][DEBUG] jax_fem: CuDSSNewtonSolver: initial residual = 2.223e+08
[07-01 19:38:38][DEBUG] jax_fem: DeviceProblem: computing Jacobian on device
[07-01 19:38:38][DEBUG] jax_fem: Function split_and_compute_cell took 0.0390 seconds
[07-01 19:38:38][DEBUG] jax_fem: CuDSSNewtonSolver: iter=1  res=8.816e-06  rel=3.965e-14
[07-01 19:38:38][INFO] jax_fem: CuDSSNewtonSolver: solve finished in 0.12s  res=8.816e-06
[07-01 19:38:40][DEBUG] jax_fem: CuDSSNewtonSolver: starting Newton loop
[07-01 19:38:40][DEBUG] jax_fem: DeviceProblem: computing Jacobian on device
[07-01 19:38:40][DEBUG] jax_fem: Function split_and_compute_cell took 0.0278 seconds
[07-01 19:38:40][DEBUG] jax_fem: CuDSSNewtonSolver: initial residual = 2.235e+08
[07-01 19:38:40][DEBUG] jax_fem: DeviceProblem: computing Jacobian on device
[07-01 19:38:40][DEBUG] jax_fem: Function split_and_compute_cell took 0.0270 seconds
[07-01 19:38:40][DEBUG] jax_fem: CuDSSNewtonSolver: iter=1  res=6.678e-06  rel=2.988e-14
[07-01 19:38:40][INFO] jax_fem: CuDSSNewtonSolver: solve finished in 0.09s  res=6.678e-06
[07-01 19:38:41][DEBUG] jax_fem: CuDSSNewtonSolver: starting Newton loop
[07-01 19:38:41][DEBUG] jax_fem: DeviceProblem: computing Jacobian on device
[07-01 19:38:41][DEBUG] jax_fem: Function split_and_compute_cell took 0.0283 seconds
[07-01 19:38:41][DEBUG] jax_fem: CuDSSNewtonSolver: initial residual = 2.217e+08
[07-01 19:38:41][DEBUG] jax_fem: DeviceProblem: computing Jacobian on device
[07-01 19:38:41][DEBUG] jax_fem: Function split_and_compute_cell took 0.0411 seconds
[07-01 19:38:41][DEBUG] jax_fem: CuDSSNewtonSolver: iter=1  res=7.912e-06  rel=3.570e-14
[07-01 19:38:41][INFO] jax_fem: CuDSSNewtonSolver: solve finished in 0.11s  res=7.912e-06
[07-01 19:38:41][DEBUG] jax_fem: CuDSSNewtonSolver: starting Newton loop
[07-01 19:38:41][DEBUG] jax_fem: DeviceProblem: computing Jacobian on device
[07-01 19:38:41][DEBUG] jax_fem: Function split_and_compute_cell took 0.0280 seconds
[07-01 19:38:41][DEBUG] jax_fem: CuDSSNewtonSolver: initial residual = 2.211e+08
[07-01 19:38:41][DEBUG] jax_fem: DeviceProblem: computing Jacobian on device
[07-01 19:38:41][DEBUG] jax_fem: Function split_and_compute_cell took 0.0284 seconds
[07-01 19:38:41][DEBUG] jax_fem: CuDSSNewtonSolver: iter=1  res=7.861e-06  rel=3.556e-14
[07-01 19:38:41][INFO] jax_fem: CuDSSNewtonSolver: solve finished in 0.09s  res=7.861e-06
[07-01 19:38:42][DEBUG] jax_fem: CuDSSNewtonSolver: starting Newton loop
[07-01 19:38:42][DEBUG] jax_fem: DeviceProblem: computing Jacobian on device
[07-01 19:38:42][DEBUG] jax_fem: Function split_and_compute_cell took 0.0284 seconds
[07-01 19:38:42][DEBUG] jax_fem: CuDSSNewtonSolver: initial residual = 2.237e+08
[07-01 19:38:42][DEBUG] jax_fem: DeviceProblem: computing Jacobian on device
[07-01 19:38:42][DEBUG] jax_fem: Function split_and_compute_cell took 0.0297 seconds
[07-01 19:38:42][DEBUG] jax_fem: CuDSSNewtonSolver: iter=1  res=7.959e-06  rel=3.558e-14
[07-01 19:38:42][INFO] jax_fem: CuDSSNewtonSolver: solve finished in 0.10s  res=7.959e-06
[07-01 19:38:43][DEBUG] jax_fem: CuDSSNewtonSolver: starting Newton loop
[07-01 19:38:43][DEBUG] jax_fem: DeviceProblem: computing Jacobian on device
[07-01 19:38:43][DEBUG] jax_fem: Function split_and_compute_cell took 0.0283 seconds
[07-01 19:38:43][DEBUG] jax_fem: CuDSSNewtonSolver: initial residual = 2.223e+08
[07-01 19:38:43][DEBUG] jax_fem: DeviceProblem: computing Jacobian on device
[07-01 19:38:43][DEBUG] jax_fem: Function split_and_compute_cell took 0.0292 seconds
[07-01 19:38:43][DEBUG] jax_fem: CuDSSNewtonSolver: iter=1  res=8.704e-06  rel=3.915e-14
[07-01 19:38:43][INFO] jax_fem: CuDSSNewtonSolver: solve finished in 0.10s  res=8.704e-06
[07-01 19:38:43][INFO] jax_fem: CuDSS backward: solving adjoint problem …
[07-01 19:38:43][DEBUG] jax_fem: DeviceProblem: computing Jacobian on device
[07-01 19:38:43][DEBUG] jax_fem: Function split_and_compute_cell took 0.0407 seconds
[07-01 19:38:43][DEBUG] jax_fem: Computing cell residual...
[07-01 19:38:43][DEBUG] jax_fem: Function split_and_compute_cell took 0.0714 seconds
[07-01 19:38:43][INFO] jax_fem: CuDSS backward: solving adjoint problem …
[07-01 19:38:43][DEBUG] jax_fem: DeviceProblem: computing Jacobian on device
[07-01 19:38:43][DEBUG] jax_fem: Function split_and_compute_cell took 0.0348 seconds
[07-01 19:38:43][DEBUG] jax_fem: Computing cell residual...
[07-01 19:38:43][DEBUG] jax_fem: Function split_and_compute_cell took 0.0595 seconds
[07-01 19:38:44][INFO] jax_fem: CuDSS backward: solving adjoint problem …
[07-01 19:38:44][DEBUG] jax_fem: DeviceProblem: computing Jacobian on device
[07-01 19:38:44][DEBUG] jax_fem: Function split_and_compute_cell took 0.0412 seconds
[07-01 19:38:44][DEBUG] jax_fem: Computing cell residual...
[07-01 19:38:44][DEBUG] jax_fem: Function split_and_compute_cell took 0.0636 seconds
[07-01 19:38:44][INFO] jax_fem: CuDSS backward: solving adjoint problem …
[07-01 19:38:44][DEBUG] jax_fem: DeviceProblem: computing Jacobian on device
[07-01 19:38:44][DEBUG] jax_fem: Function split_and_compute_cell took 0.0427 seconds
[07-01 19:38:44][DEBUG] jax_fem: Computing cell residual...
[07-01 19:38:44][DEBUG] jax_fem: Function split_and_compute_cell took 0.0697 seconds
[07-01 19:38:44][INFO] jax_fem: CuDSS backward: solving adjoint problem …
[07-01 19:38:44][DEBUG] jax_fem: DeviceProblem: computing Jacobian on device
[07-01 19:38:44][DEBUG] jax_fem: Function split_and_compute_cell took 0.0425 seconds
[07-01 19:38:44][DEBUG] jax_fem: Computing cell residual...
[07-01 19:38:45][DEBUG] jax_fem: Function split_and_compute_cell took 0.0624 seconds
[07-01 19:38:46][DEBUG] jax_fem: CuDSSNewtonSolver: starting Newton loop
[07-01 19:38:46][DEBUG] jax_fem: DeviceProblem: computing Jacobian on device
[07-01 19:38:46][DEBUG] jax_fem: Function split_and_compute_cell took 0.0339 seconds
[07-01 19:38:46][DEBUG] jax_fem: CuDSSNewtonSolver: initial residual = 2.235e+08
[07-01 19:38:46][DEBUG] jax_fem: DeviceProblem: computing Jacobian on device
[07-01 19:38:46][DEBUG] jax_fem: Function split_and_compute_cell took 0.0300 seconds
[07-01 19:38:46][DEBUG] jax_fem: CuDSSNewtonSolver: iter=1  res=6.787e-06  rel=3.037e-14
[07-01 19:38:46][INFO] jax_fem: CuDSSNewtonSolver: solve finished in 0.10s  res=6.787e-06
[07-01 19:38:47][DEBUG] jax_fem: CuDSSNewtonSolver: starting Newton loop
[07-01 19:38:47][DEBUG] jax_fem: DeviceProblem: computing Jacobian on device
[07-01 19:38:47][DEBUG] jax_fem: Function split_and_compute_cell took 0.0329 seconds
[07-01 19:38:47][DEBUG] jax_fem: CuDSSNewtonSolver: initial residual = 2.217e+08
[07-01 19:38:47][DEBUG] jax_fem: DeviceProblem: computing Jacobian on device
[07-01 19:38:47][DEBUG] jax_fem: Function split_and_compute_cell took 0.0297 seconds
[07-01 19:38:47][DEBUG] jax_fem: CuDSSNewtonSolver: iter=1  res=8.226e-06  rel=3.711e-14
[07-01 19:38:47][INFO] jax_fem: CuDSSNewtonSolver: solve finished in 0.10s  res=8.226e-06
[07-01 19:38:47][DEBUG] jax_fem: CuDSSNewtonSolver: starting Newton loop
[07-01 19:38:47][DEBUG] jax_fem: DeviceProblem: computing Jacobian on device
[07-01 19:38:47][DEBUG] jax_fem: Function split_and_compute_cell took 0.0433 seconds
[07-01 19:38:47][DEBUG] jax_fem: CuDSSNewtonSolver: initial residual = 2.211e+08
[07-01 19:38:47][DEBUG] jax_fem: DeviceProblem: computing Jacobian on device
[07-01 19:38:47][DEBUG] jax_fem: Function split_and_compute_cell took 0.0469 seconds
[07-01 19:38:47][DEBUG] jax_fem: CuDSSNewtonSolver: iter=1  res=7.089e-06  rel=3.207e-14
[07-01 19:38:47][INFO] jax_fem: CuDSSNewtonSolver: solve finished in 0.14s  res=7.089e-06
[07-01 19:38:47][DEBUG] jax_fem: CuDSSNewtonSolver: starting Newton loop
[07-01 19:38:47][DEBUG] jax_fem: DeviceProblem: computing Jacobian on device
[07-01 19:38:47][DEBUG] jax_fem: Function split_and_compute_cell took 0.0499 seconds
[07-01 19:38:47][DEBUG] jax_fem: CuDSSNewtonSolver: initial residual = 2.237e+08
[07-01 19:38:47][DEBUG] jax_fem: DeviceProblem: computing Jacobian on device
[07-01 19:38:47][DEBUG] jax_fem: Function split_and_compute_cell took 0.0407 seconds
[07-01 19:38:47][DEBUG] jax_fem: CuDSSNewtonSolver: iter=1  res=7.556e-06  rel=3.378e-14
[07-01 19:38:47][INFO] jax_fem: CuDSSNewtonSolver: solve finished in 0.14s  res=7.556e-06
[07-01 19:38:48][DEBUG] jax_fem: CuDSSNewtonSolver: starting Newton loop
[07-01 19:38:48][DEBUG] jax_fem: DeviceProblem: computing Jacobian on device
[07-01 19:38:48][DEBUG] jax_fem: Function split_and_compute_cell took 0.0305 seconds
[07-01 19:38:48][DEBUG] jax_fem: CuDSSNewtonSolver: initial residual = 2.223e+08
[07-01 19:38:48][DEBUG] jax_fem: DeviceProblem: computing Jacobian on device
[07-01 19:38:48][DEBUG] jax_fem: Function split_and_compute_cell took 0.0348 seconds
[07-01 19:38:48][DEBUG] jax_fem: CuDSSNewtonSolver: iter=1  res=8.756e-06  rel=3.938e-14
[07-01 19:38:48][INFO] jax_fem: CuDSSNewtonSolver: solve finished in 0.11s  res=8.756e-06
[07-01 19:38:50][DEBUG] jax_fem: CuDSSNewtonSolver: starting Newton loop
[07-01 19:38:50][DEBUG] jax_fem: DeviceProblem: computing Jacobian on device
[07-01 19:38:50][DEBUG] jax_fem: Function split_and_compute_cell took 0.0283 seconds
[07-01 19:38:50][DEBUG] jax_fem: CuDSSNewtonSolver: initial residual = 2.235e+08
[07-01 19:38:50][DEBUG] jax_fem: DeviceProblem: computing Jacobian on device
[07-01 19:38:50][DEBUG] jax_fem: Function split_and_compute_cell took 0.0286 seconds
[07-01 19:38:50][DEBUG] jax_fem: CuDSSNewtonSolver: iter=1  res=6.535e-06  rel=2.924e-14
[07-01 19:38:50][INFO] jax_fem: CuDSSNewtonSolver: solve finished in 0.10s  res=6.535e-06
[07-01 19:38:50][DEBUG] jax_fem: CuDSSNewtonSolver: starting Newton loop
[07-01 19:38:50][DEBUG] jax_fem: DeviceProblem: computing Jacobian on device
[07-01 19:38:50][DEBUG] jax_fem: Function split_and_compute_cell took 0.0291 seconds
[07-01 19:38:50][DEBUG] jax_fem: CuDSSNewtonSolver: initial residual = 2.217e+08
[07-01 19:38:50][DEBUG] jax_fem: DeviceProblem: computing Jacobian on device
[07-01 19:38:50][DEBUG] jax_fem: Function split_and_compute_cell took 0.0287 seconds
[07-01 19:38:50][DEBUG] jax_fem: CuDSSNewtonSolver: iter=1  res=7.582e-06  rel=3.421e-14
[07-01 19:38:50][INFO] jax_fem: CuDSSNewtonSolver: solve finished in 0.10s  res=7.582e-06
[07-01 19:38:51][DEBUG] jax_fem: CuDSSNewtonSolver: starting Newton loop
[07-01 19:38:51][DEBUG] jax_fem: DeviceProblem: computing Jacobian on device
[07-01 19:38:51][DEBUG] jax_fem: Function split_and_compute_cell took 0.0288 seconds
[07-01 19:38:51][DEBUG] jax_fem: CuDSSNewtonSolver: initial residual = 2.211e+08
[07-01 19:38:51][DEBUG] jax_fem: DeviceProblem: computing Jacobian on device
[07-01 19:38:51][DEBUG] jax_fem: Function split_and_compute_cell took 0.0273 seconds
[07-01 19:38:51][DEBUG] jax_fem: CuDSSNewtonSolver: iter=1  res=7.133e-06  rel=3.227e-14
[07-01 19:38:51][INFO] jax_fem: CuDSSNewtonSolver: solve finished in 0.09s  res=7.133e-06
[07-01 19:38:51][DEBUG] jax_fem: CuDSSNewtonSolver: starting Newton loop
[07-01 19:38:52][DEBUG] jax_fem: DeviceProblem: computing Jacobian on device
[07-01 19:38:52][DEBUG] jax_fem: Function split_and_compute_cell took 0.0285 seconds
[07-01 19:38:52][DEBUG] jax_fem: CuDSSNewtonSolver: initial residual = 2.237e+08
[07-01 19:38:52][DEBUG] jax_fem: DeviceProblem: computing Jacobian on device
[07-01 19:38:52][DEBUG] jax_fem: Function split_and_compute_cell took 0.0270 seconds
[07-01 19:38:52][DEBUG] jax_fem: CuDSSNewtonSolver: iter=1  res=7.956e-06  rel=3.557e-14
[07-01 19:38:52][INFO] jax_fem: CuDSSNewtonSolver: solve finished in 0.09s  res=7.956e-06
[07-01 19:38:52][DEBUG] jax_fem: CuDSSNewtonSolver: starting Newton loop
[07-01 19:38:52][DEBUG] jax_fem: DeviceProblem: computing Jacobian on device
[07-01 19:38:52][DEBUG] jax_fem: Function split_and_compute_cell took 0.0286 seconds
[07-01 19:38:52][DEBUG] jax_fem: CuDSSNewtonSolver: initial residual = 2.223e+08
[07-01 19:38:52][DEBUG] jax_fem: DeviceProblem: computing Jacobian on device
[07-01 19:38:52][DEBUG] jax_fem: Function split_and_compute_cell took 0.0272 seconds
[07-01 19:38:52][DEBUG] jax_fem: CuDSSNewtonSolver: iter=1  res=8.984e-06  rel=4.040e-14
[07-01 19:38:52][INFO] jax_fem: CuDSSNewtonSolver: solve finished in 0.09s  res=8.984e-06
[07-01 19:38:52][INFO] jax_fem: CuDSS backward: solving adjoint problem …
[07-01 19:38:52][DEBUG] jax_fem: DeviceProblem: computing Jacobian on device
[07-01 19:38:52][DEBUG] jax_fem: Function split_and_compute_cell took 0.0319 seconds
[07-01 19:38:52][DEBUG] jax_fem: Computing cell residual...
[07-01 19:38:52][DEBUG] jax_fem: Function split_and_compute_cell took 0.0645 seconds
[07-01 19:38:53][INFO] jax_fem: CuDSS backward: solving adjoint problem …
[07-01 19:38:53][DEBUG] jax_fem: DeviceProblem: computing Jacobian on device
[07-01 19:38:53][DEBUG] jax_fem: Function split_and_compute_cell took 0.0287 seconds
[07-01 19:38:53][DEBUG] jax_fem: Computing cell residual...
[07-01 19:38:53][DEBUG] jax_fem: Function split_and_compute_cell took 0.0571 seconds
[07-01 19:38:53][INFO] jax_fem: CuDSS backward: solving adjoint problem …
[07-01 19:38:53][DEBUG] jax_fem: DeviceProblem: computing Jacobian on device
[07-01 19:38:53][DEBUG] jax_fem: Function split_and_compute_cell took 0.0310 seconds
[07-01 19:38:53][DEBUG] jax_fem: Computing cell residual...
[07-01 19:38:53][DEBUG] jax_fem: Function split_and_compute_cell took 0.0709 seconds
[07-01 19:38:53][INFO] jax_fem: CuDSS backward: solving adjoint problem …
[07-01 19:38:53][DEBUG] jax_fem: DeviceProblem: computing Jacobian on device
[07-01 19:38:53][DEBUG] jax_fem: Function split_and_compute_cell took 0.0321 seconds
[07-01 19:38:54][DEBUG] jax_fem: Computing cell residual...
[07-01 19:38:54][DEBUG] jax_fem: Function split_and_compute_cell took 0.0631 seconds
[07-01 19:38:54][INFO] jax_fem: CuDSS backward: solving adjoint problem …
[07-01 19:38:54][DEBUG] jax_fem: DeviceProblem: computing Jacobian on device
[07-01 19:38:54][DEBUG] jax_fem: Function split_and_compute_cell took 0.0338 seconds
[07-01 19:38:54][DEBUG] jax_fem: Computing cell residual...
[07-01 19:38:54][DEBUG] jax_fem: Function split_and_compute_cell took 0.0665 seconds
[07-01 19:38:56][DEBUG] jax_fem: CuDSSNewtonSolver: starting Newton loop
[07-01 19:38:56][DEBUG] jax_fem: DeviceProblem: computing Jacobian on device
[07-01 19:38:56][DEBUG] jax_fem: Function split_and_compute_cell took 0.0362 seconds
[07-01 19:38:56][DEBUG] jax_fem: CuDSSNewtonSolver: initial residual = 2.235e+08
[07-01 19:38:56][DEBUG] jax_fem: DeviceProblem: computing Jacobian on device
[07-01 19:38:56][DEBUG] jax_fem: Function split_and_compute_cell took 0.0342 seconds
[07-01 19:38:56][DEBUG] jax_fem: CuDSSNewtonSolver: iter=1  res=6.262e-06  rel=2.802e-14
[07-01 19:38:56][INFO] jax_fem: CuDSSNewtonSolver: solve finished in 0.11s  res=6.262e-06
[07-01 19:38:56][DEBUG] jax_fem: CuDSSNewtonSolver: starting Newton loop
[07-01 19:38:56][DEBUG] jax_fem: DeviceProblem: computing Jacobian on device
[07-01 19:38:56][DEBUG] jax_fem: Function split_and_compute_cell took 0.0345 seconds
[07-01 19:38:56][DEBUG] jax_fem: CuDSSNewtonSolver: initial residual = 2.217e+08
[07-01 19:38:56][DEBUG] jax_fem: DeviceProblem: computing Jacobian on device
[07-01 19:38:56][DEBUG] jax_fem: Function split_and_compute_cell took 0.0453 seconds
[07-01 19:38:56][DEBUG] jax_fem: CuDSSNewtonSolver: iter=1  res=7.824e-06  rel=3.530e-14
[07-01 19:38:56][INFO] jax_fem: CuDSSNewtonSolver: solve finished in 0.12s  res=7.824e-06
[07-01 19:38:56][DEBUG] jax_fem: CuDSSNewtonSolver: starting Newton loop
[07-01 19:38:56][DEBUG] jax_fem: DeviceProblem: computing Jacobian on device
[07-01 19:38:56][DEBUG] jax_fem: Function split_and_compute_cell took 0.0347 seconds
[07-01 19:38:56][DEBUG] jax_fem: CuDSSNewtonSolver: initial residual = 2.211e+08
[07-01 19:38:56][DEBUG] jax_fem: DeviceProblem: computing Jacobian on device
[07-01 19:38:56][DEBUG] jax_fem: Function split_and_compute_cell took 0.0318 seconds
[07-01 19:38:56][DEBUG] jax_fem: CuDSSNewtonSolver: iter=1  res=7.171e-06  rel=3.244e-14
[07-01 19:38:56][INFO] jax_fem: CuDSSNewtonSolver: solve finished in 0.11s  res=7.171e-06
[07-01 19:38:57][DEBUG] jax_fem: CuDSSNewtonSolver: starting Newton loop
[07-01 19:38:57][DEBUG] jax_fem: DeviceProblem: computing Jacobian on device
[07-01 19:38:57][DEBUG] jax_fem: Function split_and_compute_cell took 0.0274 seconds
[07-01 19:38:57][DEBUG] jax_fem: CuDSSNewtonSolver: initial residual = 2.237e+08
[07-01 19:38:57][DEBUG] jax_fem: DeviceProblem: computing Jacobian on device
[07-01 19:38:57][DEBUG] jax_fem: Function split_and_compute_cell took 0.0355 seconds
[07-01 19:38:57][DEBUG] jax_fem: CuDSSNewtonSolver: iter=1  res=7.667e-06  rel=3.428e-14
[07-01 19:38:57][INFO] jax_fem: CuDSSNewtonSolver: solve finished in 0.10s  res=7.667e-06
[07-01 19:38:57][DEBUG] jax_fem: CuDSSNewtonSolver: starting Newton loop
[07-01 19:38:57][DEBUG] jax_fem: DeviceProblem: computing Jacobian on device
[07-01 19:38:57][DEBUG] jax_fem: Function split_and_compute_cell took 0.0473 seconds
[07-01 19:38:57][DEBUG] jax_fem: CuDSSNewtonSolver: initial residual = 2.223e+08
[07-01 19:38:57][DEBUG] jax_fem: DeviceProblem: computing Jacobian on device
[07-01 19:38:57][DEBUG] jax_fem: Function split_and_compute_cell took 0.0357 seconds
[07-01 19:38:57][DEBUG] jax_fem: CuDSSNewtonSolver: iter=1  res=8.554e-06  rel=3.847e-14
[07-01 19:38:57][INFO] jax_fem: CuDSSNewtonSolver: solve finished in 0.13s  res=8.554e-06
[07-01 19:38:59][DEBUG] jax_fem: CuDSSNewtonSolver: starting Newton loop
[07-01 19:38:59][DEBUG] jax_fem: DeviceProblem: computing Jacobian on device
[07-01 19:38:59][DEBUG] jax_fem: Function split_and_compute_cell took 0.0280 seconds
[07-01 19:38:59][DEBUG] jax_fem: CuDSSNewtonSolver: initial residual = 2.235e+08
[07-01 19:38:59][DEBUG] jax_fem: DeviceProblem: computing Jacobian on device
[07-01 19:38:59][DEBUG] jax_fem: Function split_and_compute_cell took 0.0267 seconds
[07-01 19:38:59][DEBUG] jax_fem: CuDSSNewtonSolver: iter=1  res=6.530e-06  rel=2.922e-14
[07-01 19:38:59][INFO] jax_fem: CuDSSNewtonSolver: solve finished in 0.09s  res=6.530e-06
[07-01 19:39:00][DEBUG] jax_fem: CuDSSNewtonSolver: starting Newton loop
[07-01 19:39:00][DEBUG] jax_fem: DeviceProblem: computing Jacobian on device
[07-01 19:39:00][DEBUG] jax_fem: Function split_and_compute_cell took 0.0276 seconds
[07-01 19:39:00][DEBUG] jax_fem: CuDSSNewtonSolver: initial residual = 2.217e+08
[07-01 19:39:00][DEBUG] jax_fem: DeviceProblem: computing Jacobian on device
[07-01 19:39:00][DEBUG] jax_fem: Function split_and_compute_cell took 0.0413 seconds
[07-01 19:39:00][DEBUG] jax_fem: CuDSSNewtonSolver: iter=1  res=7.893e-06  rel=3.561e-14
[07-01 19:39:00][INFO] jax_fem: CuDSSNewtonSolver: solve finished in 0.10s  res=7.893e-06
[07-01 19:39:00][DEBUG] jax_fem: CuDSSNewtonSolver: starting Newton loop
[07-01 19:39:00][DEBUG] jax_fem: DeviceProblem: computing Jacobian on device
[07-01 19:39:00][DEBUG] jax_fem: Function split_and_compute_cell took 0.0279 seconds
[07-01 19:39:00][DEBUG] jax_fem: CuDSSNewtonSolver: initial residual = 2.211e+08
[07-01 19:39:00][DEBUG] jax_fem: DeviceProblem: computing Jacobian on device
[07-01 19:39:00][DEBUG] jax_fem: Function split_and_compute_cell took 0.0289 seconds
[07-01 19:39:00][DEBUG] jax_fem: CuDSSNewtonSolver: iter=1  res=7.515e-06  rel=3.399e-14
[07-01 19:39:00][INFO] jax_fem: CuDSSNewtonSolver: solve finished in 0.09s  res=7.515e-06
[07-01 19:39:01][DEBUG] jax_fem: CuDSSNewtonSolver: starting Newton loop
[07-01 19:39:01][DEBUG] jax_fem: DeviceProblem: computing Jacobian on device
[07-01 19:39:01][DEBUG] jax_fem: Function split_and_compute_cell took 0.0287 seconds
[07-01 19:39:01][DEBUG] jax_fem: CuDSSNewtonSolver: initial residual = 2.237e+08
[07-01 19:39:01][DEBUG] jax_fem: DeviceProblem: computing Jacobian on device
[07-01 19:39:01][DEBUG] jax_fem: Function split_and_compute_cell took 0.0281 seconds
[07-01 19:39:01][DEBUG] jax_fem: CuDSSNewtonSolver: iter=1  res=7.833e-06  rel=3.502e-14
[07-01 19:39:01][INFO] jax_fem: CuDSSNewtonSolver: solve finished in 0.10s  res=7.833e-06
[07-01 19:39:01][DEBUG] jax_fem: CuDSSNewtonSolver: starting Newton loop
[07-01 19:39:02][DEBUG] jax_fem: DeviceProblem: computing Jacobian on device
[07-01 19:39:02][DEBUG] jax_fem: Function split_and_compute_cell took 0.0278 seconds
[07-01 19:39:02][DEBUG] jax_fem: CuDSSNewtonSolver: initial residual = 2.223e+08
[07-01 19:39:02][DEBUG] jax_fem: DeviceProblem: computing Jacobian on device
[07-01 19:39:02][DEBUG] jax_fem: Function split_and_compute_cell took 0.0273 seconds
[07-01 19:39:02][DEBUG] jax_fem: CuDSSNewtonSolver: iter=1  res=8.496e-06  rel=3.821e-14
[07-01 19:39:02][INFO] jax_fem: CuDSSNewtonSolver: solve finished in 0.09s  res=8.496e-06
[07-01 19:39:02][INFO] jax_fem: CuDSS backward: solving adjoint problem …
[07-01 19:39:02][DEBUG] jax_fem: DeviceProblem: computing Jacobian on device
[07-01 19:39:02][DEBUG] jax_fem: Function split_and_compute_cell took 0.0450 seconds
[07-01 19:39:02][DEBUG] jax_fem: Computing cell residual...
[07-01 19:39:02][DEBUG] jax_fem: Function split_and_compute_cell took 0.0647 seconds
[07-01 19:39:02][INFO] jax_fem: CuDSS backward: solving adjoint problem …
[07-01 19:39:02][DEBUG] jax_fem: DeviceProblem: computing Jacobian on device
[07-01 19:39:02][DEBUG] jax_fem: Function split_and_compute_cell took 0.0592 seconds
[07-01 19:39:02][DEBUG] jax_fem: Computing cell residual...
[07-01 19:39:02][DEBUG] jax_fem: Function split_and_compute_cell took 0.0684 seconds
[07-01 19:39:02][INFO] jax_fem: CuDSS backward: solving adjoint problem …
[07-01 19:39:03][DEBUG] jax_fem: DeviceProblem: computing Jacobian on device
[07-01 19:39:03][DEBUG] jax_fem: Function split_and_compute_cell took 0.0481 seconds
[07-01 19:39:03][DEBUG] jax_fem: Computing cell residual...
[07-01 19:39:03][DEBUG] jax_fem: Function split_and_compute_cell took 0.0704 seconds
[07-01 19:39:03][INFO] jax_fem: CuDSS backward: solving adjoint problem …
[07-01 19:39:03][DEBUG] jax_fem: DeviceProblem: computing Jacobian on device
[07-01 19:39:03][DEBUG] jax_fem: Function split_and_compute_cell took 0.0423 seconds
[07-01 19:39:03][DEBUG] jax_fem: Computing cell residual...
[07-01 19:39:03][DEBUG] jax_fem: Function split_and_compute_cell took 0.0654 seconds
[07-01 19:39:03][INFO] jax_fem: CuDSS backward: solving adjoint problem …
[07-01 19:39:03][DEBUG] jax_fem: DeviceProblem: computing Jacobian on device
[07-01 19:39:03][DEBUG] jax_fem: Function split_and_compute_cell took 0.0452 seconds
[07-01 19:39:03][DEBUG] jax_fem: Computing cell residual...
[07-01 19:39:03][DEBUG] jax_fem: Function split_and_compute_cell took 0.0628 seconds
[07-01 19:39:05][DEBUG] jax_fem: CuDSSNewtonSolver: starting Newton loop
[07-01 19:39:05][DEBUG] jax_fem: DeviceProblem: computing Jacobian on device
[07-01 19:39:05][DEBUG] jax_fem: Function split_and_compute_cell took 0.0467 seconds
[07-01 19:39:05][DEBUG] jax_fem: CuDSSNewtonSolver: initial residual = 2.235e+08
[07-01 19:39:05][DEBUG] jax_fem: DeviceProblem: computing Jacobian on device
[07-01 19:39:05][DEBUG] jax_fem: Function split_and_compute_cell took 0.0532 seconds
[07-01 19:39:05][DEBUG] jax_fem: CuDSSNewtonSolver: iter=1  res=6.572e-06  rel=2.940e-14
[07-01 19:39:05][INFO] jax_fem: CuDSSNewtonSolver: solve finished in 0.15s  res=6.572e-06
[07-01 19:39:06][DEBUG] jax_fem: CuDSSNewtonSolver: starting Newton loop
[07-01 19:39:06][DEBUG] jax_fem: DeviceProblem: computing Jacobian on device
[07-01 19:39:06][DEBUG] jax_fem: Function split_and_compute_cell took 0.0354 seconds
[07-01 19:39:06][DEBUG] jax_fem: CuDSSNewtonSolver: initial residual = 2.217e+08
[07-01 19:39:06][DEBUG] jax_fem: DeviceProblem: computing Jacobian on device
[07-01 19:39:06][DEBUG] jax_fem: Function split_and_compute_cell took 0.0301 seconds
[07-01 19:39:06][DEBUG] jax_fem: CuDSSNewtonSolver: iter=1  res=7.875e-06  rel=3.553e-14
[07-01 19:39:06][INFO] jax_fem: CuDSSNewtonSolver: solve finished in 0.11s  res=7.875e-06
[07-01 19:39:06][DEBUG] jax_fem: CuDSSNewtonSolver: starting Newton loop
[07-01 19:39:06][DEBUG] jax_fem: DeviceProblem: computing Jacobian on device
[07-01 19:39:06][DEBUG] jax_fem: Function split_and_compute_cell took 0.0366 seconds
[07-01 19:39:06][DEBUG] jax_fem: CuDSSNewtonSolver: initial residual = 2.211e+08
[07-01 19:39:06][DEBUG] jax_fem: DeviceProblem: computing Jacobian on device
[07-01 19:39:06][DEBUG] jax_fem: Function split_and_compute_cell took 0.0534 seconds
[07-01 19:39:06][DEBUG] jax_fem: CuDSSNewtonSolver: iter=1  res=7.343e-06  rel=3.321e-14
[07-01 19:39:06][INFO] jax_fem: CuDSSNewtonSolver: solve finished in 0.15s  res=7.343e-06
[07-01 19:39:06][DEBUG] jax_fem: CuDSSNewtonSolver: starting Newton loop
[07-01 19:39:06][DEBUG] jax_fem: DeviceProblem: computing Jacobian on device
[07-01 19:39:06][DEBUG] jax_fem: Function split_and_compute_cell took 0.0401 seconds
[07-01 19:39:06][DEBUG] jax_fem: CuDSSNewtonSolver: initial residual = 2.237e+08
[07-01 19:39:06][DEBUG] jax_fem: DeviceProblem: computing Jacobian on device
[07-01 19:39:06][DEBUG] jax_fem: Function split_and_compute_cell took 0.0380 seconds
[07-01 19:39:06][DEBUG] jax_fem: CuDSSNewtonSolver: iter=1  res=7.586e-06  rel=3.392e-14
[07-01 19:39:06][INFO] jax_fem: CuDSSNewtonSolver: solve finished in 0.12s  res=7.586e-06
[07-01 19:39:07][DEBUG] jax_fem: CuDSSNewtonSolver: starting Newton loop
[07-01 19:39:07][DEBUG] jax_fem: DeviceProblem: computing Jacobian on device
[07-01 19:39:07][DEBUG] jax_fem: Function split_and_compute_cell took 0.0363 seconds
[07-01 19:39:07][DEBUG] jax_fem: CuDSSNewtonSolver: initial residual = 2.223e+08
[07-01 19:39:07][DEBUG] jax_fem: DeviceProblem: computing Jacobian on device
[07-01 19:39:07][DEBUG] jax_fem: Function split_and_compute_cell took 0.0399 seconds
[07-01 19:39:07][DEBUG] jax_fem: CuDSSNewtonSolver: iter=1  res=8.658e-06  rel=3.894e-14
[07-01 19:39:07][INFO] jax_fem: CuDSSNewtonSolver: solve finished in 0.12s  res=8.658e-06
[07-01 19:39:09][DEBUG] jax_fem: CuDSSNewtonSolver: starting Newton loop
[07-01 19:39:09][DEBUG] jax_fem: DeviceProblem: computing Jacobian on device
[07-01 19:39:09][DEBUG] jax_fem: Function split_and_compute_cell took 0.0289 seconds
[07-01 19:39:09][DEBUG] jax_fem: CuDSSNewtonSolver: initial residual = 2.235e+08
[07-01 19:39:09][DEBUG] jax_fem: DeviceProblem: computing Jacobian on device
[07-01 19:39:09][DEBUG] jax_fem: Function split_and_compute_cell took 0.0300 seconds
[07-01 19:39:09][DEBUG] jax_fem: CuDSSNewtonSolver: iter=1  res=6.426e-06  rel=2.875e-14
[07-01 19:39:09][INFO] jax_fem: CuDSSNewtonSolver: solve finished in 0.10s  res=6.426e-06
[07-01 19:39:09][DEBUG] jax_fem: CuDSSNewtonSolver: starting Newton loop
[07-01 19:39:09][DEBUG] jax_fem: DeviceProblem: computing Jacobian on device
[07-01 19:39:09][DEBUG] jax_fem: Function split_and_compute_cell took 0.0305 seconds
[07-01 19:39:09][DEBUG] jax_fem: CuDSSNewtonSolver: initial residual = 2.217e+08
[07-01 19:39:09][DEBUG] jax_fem: DeviceProblem: computing Jacobian on device
[07-01 19:39:09][DEBUG] jax_fem: Function split_and_compute_cell took 0.0287 seconds
[07-01 19:39:09][DEBUG] jax_fem: CuDSSNewtonSolver: iter=1  res=7.932e-06  rel=3.579e-14
[07-01 19:39:09][INFO] jax_fem: CuDSSNewtonSolver: solve finished in 0.10s  res=7.932e-06
[07-01 19:39:10][DEBUG] jax_fem: CuDSSNewtonSolver: starting Newton loop
[07-01 19:39:10][DEBUG] jax_fem: DeviceProblem: computing Jacobian on device
[07-01 19:39:10][DEBUG] jax_fem: Function split_and_compute_cell took 0.0253 seconds
[07-01 19:39:10][DEBUG] jax_fem: CuDSSNewtonSolver: initial residual = 2.211e+08
[07-01 19:39:10][DEBUG] jax_fem: DeviceProblem: computing Jacobian on device
[07-01 19:39:10][DEBUG] jax_fem: Function split_and_compute_cell took 0.0298 seconds
[07-01 19:39:10][DEBUG] jax_fem: CuDSSNewtonSolver: iter=1  res=7.219e-06  rel=3.265e-14
[07-01 19:39:10][INFO] jax_fem: CuDSSNewtonSolver: solve finished in 0.09s  res=7.219e-06
[07-01 19:39:10][DEBUG] jax_fem: CuDSSNewtonSolver: starting Newton loop
[07-01 19:39:10][DEBUG] jax_fem: DeviceProblem: computing Jacobian on device
[07-01 19:39:10][DEBUG] jax_fem: Function split_and_compute_cell took 0.0256 seconds
[07-01 19:39:10][DEBUG] jax_fem: CuDSSNewtonSolver: initial residual = 2.237e+08
[07-01 19:39:10][DEBUG] jax_fem: DeviceProblem: computing Jacobian on device
[07-01 19:39:11][DEBUG] jax_fem: Function split_and_compute_cell took 0.0286 seconds
[07-01 19:39:11][DEBUG] jax_fem: CuDSSNewtonSolver: iter=1  res=7.884e-06  rel=3.525e-14
[07-01 19:39:11][INFO] jax_fem: CuDSSNewtonSolver: solve finished in 0.09s  res=7.884e-06
[07-01 19:39:11][DEBUG] jax_fem: CuDSSNewtonSolver: starting Newton loop
[07-01 19:39:11][DEBUG] jax_fem: DeviceProblem: computing Jacobian on device
[07-01 19:39:11][DEBUG] jax_fem: Function split_and_compute_cell took 0.0286 seconds
[07-01 19:39:11][DEBUG] jax_fem: CuDSSNewtonSolver: initial residual = 2.223e+08
[07-01 19:39:11][DEBUG] jax_fem: DeviceProblem: computing Jacobian on device
[07-01 19:39:11][DEBUG] jax_fem: Function split_and_compute_cell took 0.0286 seconds
[07-01 19:39:11][DEBUG] jax_fem: CuDSSNewtonSolver: iter=1  res=8.415e-06  rel=3.785e-14
[07-01 19:39:11][INFO] jax_fem: CuDSSNewtonSolver: solve finished in 0.09s  res=8.415e-06
[07-01 19:39:11][INFO] jax_fem: CuDSS backward: solving adjoint problem …
[07-01 19:39:11][DEBUG] jax_fem: DeviceProblem: computing Jacobian on device
[07-01 19:39:11][DEBUG] jax_fem: Function split_and_compute_cell took 0.0541 seconds
[07-01 19:39:11][DEBUG] jax_fem: Computing cell residual...
[07-01 19:39:11][DEBUG] jax_fem: Function split_and_compute_cell took 0.0535 seconds
[07-01 19:39:12][INFO] jax_fem: CuDSS backward: solving adjoint problem …
[07-01 19:39:12][DEBUG] jax_fem: DeviceProblem: computing Jacobian on device
[07-01 19:39:12][DEBUG] jax_fem: Function split_and_compute_cell took 0.0461 seconds
[07-01 19:39:12][DEBUG] jax_fem: Computing cell residual...
[07-01 19:39:12][DEBUG] jax_fem: Function split_and_compute_cell took 0.0664 seconds
[07-01 19:39:12][INFO] jax_fem: CuDSS backward: solving adjoint problem …
[07-01 19:39:12][DEBUG] jax_fem: DeviceProblem: computing Jacobian on device
[07-01 19:39:12][DEBUG] jax_fem: Function split_and_compute_cell took 0.0319 seconds
[07-01 19:39:12][DEBUG] jax_fem: Computing cell residual...
[07-01 19:39:12][DEBUG] jax_fem: Function split_and_compute_cell took 0.0615 seconds
[07-01 19:39:12][INFO] jax_fem: CuDSS backward: solving adjoint problem …
[07-01 19:39:12][DEBUG] jax_fem: DeviceProblem: computing Jacobian on device
[07-01 19:39:12][DEBUG] jax_fem: Function split_and_compute_cell took 0.0284 seconds
[07-01 19:39:12][DEBUG] jax_fem: Computing cell residual...
[07-01 19:39:13][DEBUG] jax_fem: Function split_and_compute_cell took 0.0695 seconds
[07-01 19:39:13][INFO] jax_fem: CuDSS backward: solving adjoint problem …
[07-01 19:39:13][DEBUG] jax_fem: DeviceProblem: computing Jacobian on device
[07-01 19:39:13][DEBUG] jax_fem: Function split_and_compute_cell took 0.0433 seconds
[07-01 19:39:13][DEBUG] jax_fem: Computing cell residual...
[07-01 19:39:13][DEBUG] jax_fem: Function split_and_compute_cell took 0.0694 seconds
[07-01 19:39:15][DEBUG] jax_fem: CuDSSNewtonSolver: starting Newton loop
[07-01 19:39:15][DEBUG] jax_fem: DeviceProblem: computing Jacobian on device
[07-01 19:39:15][DEBUG] jax_fem: Function split_and_compute_cell took 0.0456 seconds
[07-01 19:39:15][DEBUG] jax_fem: CuDSSNewtonSolver: initial residual = 2.235e+08
[07-01 19:39:15][DEBUG] jax_fem: DeviceProblem: computing Jacobian on device
[07-01 19:39:15][DEBUG] jax_fem: Function split_and_compute_cell took 0.0473 seconds
[07-01 19:39:15][DEBUG] jax_fem: CuDSSNewtonSolver: iter=1  res=6.473e-06  rel=2.896e-14
[07-01 19:39:15][INFO] jax_fem: CuDSSNewtonSolver: solve finished in 0.14s  res=6.473e-06
[07-01 19:39:15][DEBUG] jax_fem: CuDSSNewtonSolver: starting Newton loop
[07-01 19:39:15][DEBUG] jax_fem: DeviceProblem: computing Jacobian on device
[07-01 19:39:15][DEBUG] jax_fem: Function split_and_compute_cell took 0.0500 seconds
[07-01 19:39:15][DEBUG] jax_fem: CuDSSNewtonSolver: initial residual = 2.217e+08
[07-01 19:39:15][DEBUG] jax_fem: DeviceProblem: computing Jacobian on device
[07-01 19:39:15][DEBUG] jax_fem: Function split_and_compute_cell took 0.0522 seconds
[07-01 19:39:15][DEBUG] jax_fem: CuDSSNewtonSolver: iter=1  res=8.007e-06  rel=3.613e-14
[07-01 19:39:15][INFO] jax_fem: CuDSSNewtonSolver: solve finished in 0.15s  res=8.007e-06
[07-01 19:39:15][DEBUG] jax_fem: CuDSSNewtonSolver: starting Newton loop
[07-01 19:39:16][DEBUG] jax_fem: DeviceProblem: computing Jacobian on device
[07-01 19:39:16][DEBUG] jax_fem: Function split_and_compute_cell took 0.0422 seconds
[07-01 19:39:16][DEBUG] jax_fem: CuDSSNewtonSolver: initial residual = 2.211e+08
[07-01 19:39:16][DEBUG] jax_fem: DeviceProblem: computing Jacobian on device
[07-01 19:39:16][DEBUG] jax_fem: Function split_and_compute_cell took 0.0467 seconds
[07-01 19:39:16][DEBUG] jax_fem: CuDSSNewtonSolver: iter=1  res=7.398e-06  rel=3.346e-14
[07-01 19:39:16][INFO] jax_fem: CuDSSNewtonSolver: solve finished in 0.13s  res=7.398e-06
[07-01 19:39:16][DEBUG] jax_fem: CuDSSNewtonSolver: starting Newton loop
[07-01 19:39:16][DEBUG] jax_fem: DeviceProblem: computing Jacobian on device
[07-01 19:39:16][DEBUG] jax_fem: Function split_and_compute_cell took 0.0502 seconds
[07-01 19:39:16][DEBUG] jax_fem: CuDSSNewtonSolver: initial residual = 2.237e+08
[07-01 19:39:16][DEBUG] jax_fem: DeviceProblem: computing Jacobian on device
[07-01 19:39:16][DEBUG] jax_fem: Function split_and_compute_cell took 0.0354 seconds
[07-01 19:39:16][DEBUG] jax_fem: CuDSSNewtonSolver: iter=1  res=7.596e-06  rel=3.396e-14
[07-01 19:39:16][INFO] jax_fem: CuDSSNewtonSolver: solve finished in 0.13s  res=7.596e-06
[07-01 19:39:16][DEBUG] jax_fem: CuDSSNewtonSolver: starting Newton loop
[07-01 19:39:16][DEBUG] jax_fem: DeviceProblem: computing Jacobian on device
[07-01 19:39:16][DEBUG] jax_fem: Function split_and_compute_cell took 0.0355 seconds
[07-01 19:39:16][DEBUG] jax_fem: CuDSSNewtonSolver: initial residual = 2.223e+08
[07-01 19:39:16][DEBUG] jax_fem: DeviceProblem: computing Jacobian on device
[07-01 19:39:16][DEBUG] jax_fem: Function split_and_compute_cell took 0.0330 seconds
[07-01 19:39:16][DEBUG] jax_fem: CuDSSNewtonSolver: iter=1  res=8.598e-06  rel=3.867e-14
[07-01 19:39:16][INFO] jax_fem: CuDSSNewtonSolver: solve finished in 0.11s  res=8.598e-06
[07-01 19:39:18][DEBUG] jax_fem: CuDSSNewtonSolver: starting Newton loop
[07-01 19:39:18][DEBUG] jax_fem: DeviceProblem: computing Jacobian on device
[07-01 19:39:18][DEBUG] jax_fem: Function split_and_compute_cell took 0.0280 seconds
[07-01 19:39:18][DEBUG] jax_fem: CuDSSNewtonSolver: initial residual = 2.235e+08
[07-01 19:39:18][DEBUG] jax_fem: DeviceProblem: computing Jacobian on device
[07-01 19:39:18][DEBUG] jax_fem: Function split_and_compute_cell took 0.0277 seconds
[07-01 19:39:18][DEBUG] jax_fem: CuDSSNewtonSolver: iter=1  res=6.565e-06  rel=2.937e-14
[07-01 19:39:18][INFO] jax_fem: CuDSSNewtonSolver: solve finished in 0.09s  res=6.565e-06
[07-01 19:39:19][DEBUG] jax_fem: CuDSSNewtonSolver: starting Newton loop
[07-01 19:39:19][DEBUG] jax_fem: DeviceProblem: computing Jacobian on device
[07-01 19:39:19][DEBUG] jax_fem: Function split_and_compute_cell took 0.0283 seconds
[07-01 19:39:19][DEBUG] jax_fem: CuDSSNewtonSolver: initial residual = 2.217e+08
[07-01 19:39:19][DEBUG] jax_fem: DeviceProblem: computing Jacobian on device
[07-01 19:39:19][DEBUG] jax_fem: Function split_and_compute_cell took 0.0282 seconds
[07-01 19:39:19][DEBUG] jax_fem: CuDSSNewtonSolver: iter=1  res=7.810e-06  rel=3.524e-14
[07-01 19:39:19][INFO] jax_fem: CuDSSNewtonSolver: solve finished in 0.10s  res=7.810e-06
[07-01 19:39:19][DEBUG] jax_fem: CuDSSNewtonSolver: starting Newton loop
[07-01 19:39:19][DEBUG] jax_fem: DeviceProblem: computing Jacobian on device
[07-01 19:39:19][DEBUG] jax_fem: Function split_and_compute_cell took 0.0284 seconds
[07-01 19:39:19][DEBUG] jax_fem: CuDSSNewtonSolver: initial residual = 2.211e+08
[07-01 19:39:19][DEBUG] jax_fem: DeviceProblem: computing Jacobian on device
[07-01 19:39:19][DEBUG] jax_fem: Function split_and_compute_cell took 0.0278 seconds
[07-01 19:39:20][DEBUG] jax_fem: CuDSSNewtonSolver: iter=1  res=7.389e-06  rel=3.342e-14
[07-01 19:39:20][INFO] jax_fem: CuDSSNewtonSolver: solve finished in 0.09s  res=7.389e-06
[07-01 19:39:20][DEBUG] jax_fem: CuDSSNewtonSolver: starting Newton loop
[07-01 19:39:20][DEBUG] jax_fem: DeviceProblem: computing Jacobian on device
[07-01 19:39:20][DEBUG] jax_fem: Function split_and_compute_cell took 0.0288 seconds
[07-01 19:39:20][DEBUG] jax_fem: CuDSSNewtonSolver: initial residual = 2.237e+08
[07-01 19:39:20][DEBUG] jax_fem: DeviceProblem: computing Jacobian on device
[07-01 19:39:20][DEBUG] jax_fem: Function split_and_compute_cell took 0.0283 seconds
[07-01 19:39:20][DEBUG] jax_fem: CuDSSNewtonSolver: iter=1  res=8.082e-06  rel=3.613e-14
[07-01 19:39:20][INFO] jax_fem: CuDSSNewtonSolver: solve finished in 0.09s  res=8.082e-06
[07-01 19:39:21][DEBUG] jax_fem: CuDSSNewtonSolver: starting Newton loop
[07-01 19:39:21][DEBUG] jax_fem: DeviceProblem: computing Jacobian on device
[07-01 19:39:21][DEBUG] jax_fem: Function split_and_compute_cell took 0.0272 seconds
[07-01 19:39:21][DEBUG] jax_fem: CuDSSNewtonSolver: initial residual = 2.223e+08
[07-01 19:39:21][DEBUG] jax_fem: DeviceProblem: computing Jacobian on device
[07-01 19:39:21][DEBUG] jax_fem: Function split_and_compute_cell took 0.0292 seconds
[07-01 19:39:21][DEBUG] jax_fem: CuDSSNewtonSolver: iter=1  res=8.823e-06  rel=3.968e-14
[07-01 19:39:21][INFO] jax_fem: CuDSSNewtonSolver: solve finished in 0.09s  res=8.823e-06
[07-01 19:39:21][INFO] jax_fem: CuDSS backward: solving adjoint problem …
[07-01 19:39:21][DEBUG] jax_fem: DeviceProblem: computing Jacobian on device
[07-01 19:39:21][DEBUG] jax_fem: Function split_and_compute_cell took 0.0424 seconds
[07-01 19:39:21][DEBUG] jax_fem: Computing cell residual...
[07-01 19:39:21][DEBUG] jax_fem: Function split_and_compute_cell took 0.0643 seconds
[07-01 19:39:21][INFO] jax_fem: CuDSS backward: solving adjoint problem …
[07-01 19:39:21][DEBUG] jax_fem: DeviceProblem: computing Jacobian on device
[07-01 19:39:21][DEBUG] jax_fem: Function split_and_compute_cell took 0.0475 seconds
[07-01 19:39:21][DEBUG] jax_fem: Computing cell residual...
[07-01 19:39:21][DEBUG] jax_fem: Function split_and_compute_cell took 0.0827 seconds
[07-01 19:39:22][INFO] jax_fem: CuDSS backward: solving adjoint problem …
[07-01 19:39:22][DEBUG] jax_fem: DeviceProblem: computing Jacobian on device
[07-01 19:39:22][DEBUG] jax_fem: Function split_and_compute_cell took 0.0302 seconds
[07-01 19:39:22][DEBUG] jax_fem: Computing cell residual...
[07-01 19:39:22][DEBUG] jax_fem: Function split_and_compute_cell took 0.0702 seconds
[07-01 19:39:22][INFO] jax_fem: CuDSS backward: solving adjoint problem …
[07-01 19:39:22][DEBUG] jax_fem: DeviceProblem: computing Jacobian on device
[07-01 19:39:22][DEBUG] jax_fem: Function split_and_compute_cell took 0.0312 seconds
[07-01 19:39:22][DEBUG] jax_fem: Computing cell residual...
[07-01 19:39:22][DEBUG] jax_fem: Function split_and_compute_cell took 0.0605 seconds
[07-01 19:39:22][INFO] jax_fem: CuDSS backward: solving adjoint problem …
[07-01 19:39:22][DEBUG] jax_fem: DeviceProblem: computing Jacobian on device
[07-01 19:39:23][DEBUG] jax_fem: Function split_and_compute_cell took 0.0517 seconds
[07-01 19:39:23][DEBUG] jax_fem: Computing cell residual...
[07-01 19:39:23][DEBUG] jax_fem: Function split_and_compute_cell took 0.0770 seconds
[07-01 19:39:24][DEBUG] jax_fem: CuDSSNewtonSolver: starting Newton loop
[07-01 19:39:24][DEBUG] jax_fem: DeviceProblem: computing Jacobian on device
[07-01 19:39:24][DEBUG] jax_fem: Function split_and_compute_cell took 0.0418 seconds
[07-01 19:39:24][DEBUG] jax_fem: CuDSSNewtonSolver: initial residual = 2.235e+08
[07-01 19:39:24][DEBUG] jax_fem: DeviceProblem: computing Jacobian on device
[07-01 19:39:24][DEBUG] jax_fem: Function split_and_compute_cell took 0.0252 seconds
[07-01 19:39:24][DEBUG] jax_fem: CuDSSNewtonSolver: iter=1  res=6.349e-06  rel=2.841e-14
[07-01 19:39:24][INFO] jax_fem: CuDSSNewtonSolver: solve finished in 0.10s  res=6.349e-06
[07-01 19:39:25][DEBUG] jax_fem: CuDSSNewtonSolver: starting Newton loop
[07-01 19:39:25][DEBUG] jax_fem: DeviceProblem: computing Jacobian on device
[07-01 19:39:25][DEBUG] jax_fem: Function split_and_compute_cell took 0.0326 seconds
[07-01 19:39:25][DEBUG] jax_fem: CuDSSNewtonSolver: initial residual = 2.217e+08
[07-01 19:39:25][DEBUG] jax_fem: DeviceProblem: computing Jacobian on device
[07-01 19:39:25][DEBUG] jax_fem: Function split_and_compute_cell took 0.0338 seconds
[07-01 19:39:25][DEBUG] jax_fem: CuDSSNewtonSolver: iter=1  res=8.244e-06  rel=3.719e-14
[07-01 19:39:25][INFO] jax_fem: CuDSSNewtonSolver: solve finished in 0.11s  res=8.244e-06
[07-01 19:39:25][DEBUG] jax_fem: CuDSSNewtonSolver: starting Newton loop
[07-01 19:39:25][DEBUG] jax_fem: DeviceProblem: computing Jacobian on device
[07-01 19:39:25][DEBUG] jax_fem: Function split_and_compute_cell took 0.0291 seconds
[07-01 19:39:25][DEBUG] jax_fem: CuDSSNewtonSolver: initial residual = 2.211e+08
[07-01 19:39:25][DEBUG] jax_fem: DeviceProblem: computing Jacobian on device
[07-01 19:39:25][DEBUG] jax_fem: Function split_and_compute_cell took 0.0514 seconds
[07-01 19:39:25][DEBUG] jax_fem: CuDSSNewtonSolver: iter=1  res=7.279e-06  rel=3.293e-14
[07-01 19:39:25][INFO] jax_fem: CuDSSNewtonSolver: solve finished in 0.12s  res=7.279e-06
[07-01 19:39:25][DEBUG] jax_fem: CuDSSNewtonSolver: starting Newton loop
[07-01 19:39:25][DEBUG] jax_fem: DeviceProblem: computing Jacobian on device
[07-01 19:39:25][DEBUG] jax_fem: Function split_and_compute_cell took 0.0462 seconds
[07-01 19:39:26][DEBUG] jax_fem: CuDSSNewtonSolver: initial residual = 2.237e+08
[07-01 19:39:26][DEBUG] jax_fem: DeviceProblem: computing Jacobian on device
[07-01 19:39:26][DEBUG] jax_fem: Function split_and_compute_cell took 0.0587 seconds
[07-01 19:39:26][DEBUG] jax_fem: CuDSSNewtonSolver: iter=1  res=7.618e-06  rel=3.406e-14
[07-01 19:39:26][INFO] jax_fem: CuDSSNewtonSolver: solve finished in 0.15s  res=7.618e-06
[07-01 19:39:26][DEBUG] jax_fem: CuDSSNewtonSolver: starting Newton loop
[07-01 19:39:26][DEBUG] jax_fem: DeviceProblem: computing Jacobian on device
[07-01 19:39:26][DEBUG] jax_fem: Function split_and_compute_cell took 0.0298 seconds
[07-01 19:39:26][DEBUG] jax_fem: CuDSSNewtonSolver: initial residual = 2.223e+08
[07-01 19:39:26][DEBUG] jax_fem: DeviceProblem: computing Jacobian on device
[07-01 19:39:26][DEBUG] jax_fem: Function split_and_compute_cell took 0.0459 seconds
[07-01 19:39:26][DEBUG] jax_fem: CuDSSNewtonSolver: iter=1  res=8.729e-06  rel=3.926e-14
[07-01 19:39:26][INFO] jax_fem: CuDSSNewtonSolver: solve finished in 0.12s  res=8.729e-06
[07-01 19:39:28][DEBUG] jax_fem: CuDSSNewtonSolver: starting Newton loop
[07-01 19:39:28][DEBUG] jax_fem: DeviceProblem: computing Jacobian on device
[07-01 19:39:28][DEBUG] jax_fem: Function split_and_compute_cell took 0.0294 seconds
[07-01 19:39:28][DEBUG] jax_fem: CuDSSNewtonSolver: initial residual = 2.235e+08
[07-01 19:39:28][DEBUG] jax_fem: DeviceProblem: computing Jacobian on device
[07-01 19:39:28][DEBUG] jax_fem: Function split_and_compute_cell took 0.0296 seconds
[07-01 19:39:28][DEBUG] jax_fem: CuDSSNewtonSolver: iter=1  res=6.423e-06  rel=2.874e-14
[07-01 19:39:28][INFO] jax_fem: CuDSSNewtonSolver: solve finished in 0.09s  res=6.423e-06
[07-01 19:39:28][DEBUG] jax_fem: CuDSSNewtonSolver: starting Newton loop
[07-01 19:39:28][DEBUG] jax_fem: DeviceProblem: computing Jacobian on device
[07-01 19:39:28][DEBUG] jax_fem: Function split_and_compute_cell took 0.0274 seconds
[07-01 19:39:29][DEBUG] jax_fem: CuDSSNewtonSolver: initial residual = 2.217e+08
[07-01 19:39:29][DEBUG] jax_fem: DeviceProblem: computing Jacobian on device
[07-01 19:39:29][DEBUG] jax_fem: Function split_and_compute_cell took 0.0264 seconds
[07-01 19:39:29][DEBUG] jax_fem: CuDSSNewtonSolver: iter=1  res=7.789e-06  rel=3.514e-14
[07-01 19:39:29][INFO] jax_fem: CuDSSNewtonSolver: solve finished in 0.09s  res=7.789e-06
[07-01 19:39:29][DEBUG] jax_fem: CuDSSNewtonSolver: starting Newton loop
[07-01 19:39:29][DEBUG] jax_fem: DeviceProblem: computing Jacobian on device
[07-01 19:39:29][DEBUG] jax_fem: Function split_and_compute_cell took 0.0278 seconds
[07-01 19:39:29][DEBUG] jax_fem: CuDSSNewtonSolver: initial residual = 2.211e+08
[07-01 19:39:29][DEBUG] jax_fem: DeviceProblem: computing Jacobian on device
[07-01 19:39:29][DEBUG] jax_fem: Function split_and_compute_cell took 0.0280 seconds
[07-01 19:39:29][DEBUG] jax_fem: CuDSSNewtonSolver: iter=1  res=7.077e-06  rel=3.201e-14
[07-01 19:39:29][INFO] jax_fem: CuDSSNewtonSolver: solve finished in 0.09s  res=7.077e-06
[07-01 19:39:30][DEBUG] jax_fem: CuDSSNewtonSolver: starting Newton loop
[07-01 19:39:30][DEBUG] jax_fem: DeviceProblem: computing Jacobian on device
[07-01 19:39:30][DEBUG] jax_fem: Function split_and_compute_cell took 0.0278 seconds
[07-01 19:39:30][DEBUG] jax_fem: CuDSSNewtonSolver: initial residual = 2.237e+08
[07-01 19:39:30][DEBUG] jax_fem: DeviceProblem: computing Jacobian on device
[07-01 19:39:30][DEBUG] jax_fem: Function split_and_compute_cell took 0.0274 seconds
[07-01 19:39:30][DEBUG] jax_fem: CuDSSNewtonSolver: iter=1  res=7.323e-06  rel=3.274e-14
[07-01 19:39:30][INFO] jax_fem: CuDSSNewtonSolver: solve finished in 0.09s  res=7.323e-06
[07-01 19:39:30][DEBUG] jax_fem: CuDSSNewtonSolver: starting Newton loop
[07-01 19:39:30][DEBUG] jax_fem: DeviceProblem: computing Jacobian on device
[07-01 19:39:30][DEBUG] jax_fem: Function split_and_compute_cell took 0.0272 seconds
[07-01 19:39:30][DEBUG] jax_fem: CuDSSNewtonSolver: initial residual = 2.223e+08
[07-01 19:39:30][DEBUG] jax_fem: DeviceProblem: computing Jacobian on device
[07-01 19:39:30][DEBUG] jax_fem: Function split_and_compute_cell took 0.0288 seconds
[07-01 19:39:30][DEBUG] jax_fem: CuDSSNewtonSolver: iter=1  res=8.626e-06  rel=3.880e-14
[07-01 19:39:30][INFO] jax_fem: CuDSSNewtonSolver: solve finished in 0.09s  res=8.626e-06
[07-01 19:39:30][INFO] jax_fem: CuDSS backward: solving adjoint problem …
[07-01 19:39:30][DEBUG] jax_fem: DeviceProblem: computing Jacobian on device
[07-01 19:39:31][DEBUG] jax_fem: Function split_and_compute_cell took 0.0334 seconds
[07-01 19:39:31][DEBUG] jax_fem: Computing cell residual...
[07-01 19:39:31][DEBUG] jax_fem: Function split_and_compute_cell took 0.0636 seconds
[07-01 19:39:31][INFO] jax_fem: CuDSS backward: solving adjoint problem …
[07-01 19:39:31][DEBUG] jax_fem: DeviceProblem: computing Jacobian on device
[07-01 19:39:31][DEBUG] jax_fem: Function split_and_compute_cell took 0.0452 seconds
[07-01 19:39:31][DEBUG] jax_fem: Computing cell residual...
[07-01 19:39:31][DEBUG] jax_fem: Function split_and_compute_cell took 0.0683 seconds
[07-01 19:39:31][INFO] jax_fem: CuDSS backward: solving adjoint problem …
[07-01 19:39:31][DEBUG] jax_fem: DeviceProblem: computing Jacobian on device
[07-01 19:39:31][DEBUG] jax_fem: Function split_and_compute_cell took 0.0520 seconds
[07-01 19:39:31][DEBUG] jax_fem: Computing cell residual...
[07-01 19:39:31][DEBUG] jax_fem: Function split_and_compute_cell took 0.0750 seconds
[07-01 19:39:32][INFO] jax_fem: CuDSS backward: solving adjoint problem …
[07-01 19:39:32][DEBUG] jax_fem: DeviceProblem: computing Jacobian on device
[07-01 19:39:32][DEBUG] jax_fem: Function split_and_compute_cell took 0.0516 seconds
[07-01 19:39:32][DEBUG] jax_fem: Computing cell residual...
[07-01 19:39:32][DEBUG] jax_fem: Function split_and_compute_cell took 0.0729 seconds
[07-01 19:39:32][INFO] jax_fem: CuDSS backward: solving adjoint problem …
[07-01 19:39:32][DEBUG] jax_fem: DeviceProblem: computing Jacobian on device
[07-01 19:39:32][DEBUG] jax_fem: Function split_and_compute_cell took 0.0394 seconds
[07-01 19:39:32][DEBUG] jax_fem: Computing cell residual...
[07-01 19:39:32][DEBUG] jax_fem: Function split_and_compute_cell took 0.0645 seconds
[07-01 19:39:34][DEBUG] jax_fem: CuDSSNewtonSolver: starting Newton loop
[07-01 19:39:34][DEBUG] jax_fem: DeviceProblem: computing Jacobian on device
[07-01 19:39:34][DEBUG] jax_fem: Function split_and_compute_cell took 0.0541 seconds
[07-01 19:39:34][DEBUG] jax_fem: CuDSSNewtonSolver: initial residual = 2.235e+08
[07-01 19:39:34][DEBUG] jax_fem: DeviceProblem: computing Jacobian on device
[07-01 19:39:34][DEBUG] jax_fem: Function split_and_compute_cell took 0.0502 seconds
[07-01 19:39:34][DEBUG] jax_fem: CuDSSNewtonSolver: iter=1  res=6.443e-06  rel=2.883e-14
[07-01 19:39:34][INFO] jax_fem: CuDSSNewtonSolver: solve finished in 0.15s  res=6.443e-06
[07-01 19:39:34][DEBUG] jax_fem: CuDSSNewtonSolver: starting Newton loop
[07-01 19:39:35][DEBUG] jax_fem: DeviceProblem: computing Jacobian on device
[07-01 19:39:35][DEBUG] jax_fem: Function split_and_compute_cell took 0.0338 seconds
[07-01 19:39:35][DEBUG] jax_fem: CuDSSNewtonSolver: initial residual = 2.217e+08
[07-01 19:39:35][DEBUG] jax_fem: DeviceProblem: computing Jacobian on device
[07-01 19:39:35][DEBUG] jax_fem: Function split_and_compute_cell took 0.0566 seconds
[07-01 19:39:35][DEBUG] jax_fem: CuDSSNewtonSolver: iter=1  res=7.875e-06  rel=3.553e-14
[07-01 19:39:35][INFO] jax_fem: CuDSSNewtonSolver: solve finished in 0.14s  res=7.875e-06
[07-01 19:39:35][DEBUG] jax_fem: CuDSSNewtonSolver: starting Newton loop
[07-01 19:39:35][DEBUG] jax_fem: DeviceProblem: computing Jacobian on device
[07-01 19:39:35][DEBUG] jax_fem: Function split_and_compute_cell took 0.0453 seconds
[07-01 19:39:35][DEBUG] jax_fem: CuDSSNewtonSolver: initial residual = 2.211e+08
[07-01 19:39:35][DEBUG] jax_fem: DeviceProblem: computing Jacobian on device
[07-01 19:39:35][DEBUG] jax_fem: Function split_and_compute_cell took 0.0362 seconds
[07-01 19:39:35][DEBUG] jax_fem: CuDSSNewtonSolver: iter=1  res=7.636e-06  rel=3.454e-14
[07-01 19:39:35][INFO] jax_fem: CuDSSNewtonSolver: solve finished in 0.13s  res=7.636e-06
[07-01 19:39:35][DEBUG] jax_fem: CuDSSNewtonSolver: starting Newton loop
[07-01 19:39:35][DEBUG] jax_fem: DeviceProblem: computing Jacobian on device
[07-01 19:39:35][DEBUG] jax_fem: Function split_and_compute_cell took 0.0384 seconds
[07-01 19:39:35][DEBUG] jax_fem: CuDSSNewtonSolver: initial residual = 2.237e+08
[07-01 19:39:35][DEBUG] jax_fem: DeviceProblem: computing Jacobian on device
[07-01 19:39:35][DEBUG] jax_fem: Function split_and_compute_cell took 0.0272 seconds
[07-01 19:39:35][DEBUG] jax_fem: CuDSSNewtonSolver: iter=1  res=7.637e-06  rel=3.414e-14
[07-01 19:39:35][INFO] jax_fem: CuDSSNewtonSolver: solve finished in 0.11s  res=7.637e-06
[07-01 19:39:36][DEBUG] jax_fem: CuDSSNewtonSolver: starting Newton loop
[07-01 19:39:36][DEBUG] jax_fem: DeviceProblem: computing Jacobian on device
[07-01 19:39:36][DEBUG] jax_fem: Function split_and_compute_cell took 0.0256 seconds
[07-01 19:39:36][DEBUG] jax_fem: CuDSSNewtonSolver: initial residual = 2.223e+08
[07-01 19:39:36][DEBUG] jax_fem: DeviceProblem: computing Jacobian on device
[07-01 19:39:36][DEBUG] jax_fem: Function split_and_compute_cell took 0.0273 seconds
[07-01 19:39:36][DEBUG] jax_fem: CuDSSNewtonSolver: iter=1  res=8.489e-06  rel=3.818e-14
[07-01 19:39:36][INFO] jax_fem: CuDSSNewtonSolver: solve finished in 0.09s  res=8.489e-06
[07-01 19:39:37][DEBUG] jax_fem: CuDSSNewtonSolver: starting Newton loop
[07-01 19:39:37][DEBUG] jax_fem: DeviceProblem: computing Jacobian on device
[07-01 19:39:38][DEBUG] jax_fem: Function split_and_compute_cell took 0.0285 seconds
[07-01 19:39:38][DEBUG] jax_fem: CuDSSNewtonSolver: initial residual = 2.235e+08
[07-01 19:39:38][DEBUG] jax_fem: DeviceProblem: computing Jacobian on device
[07-01 19:39:38][DEBUG] jax_fem: Function split_and_compute_cell took 0.0292 seconds
[07-01 19:39:38][DEBUG] jax_fem: CuDSSNewtonSolver: iter=1  res=6.818e-06  rel=3.051e-14
[07-01 19:39:38][INFO] jax_fem: CuDSSNewtonSolver: solve finished in 0.09s  res=6.818e-06
[07-01 19:39:38][DEBUG] jax_fem: CuDSSNewtonSolver: starting Newton loop
[07-01 19:39:38][DEBUG] jax_fem: DeviceProblem: computing Jacobian on device
[07-01 19:39:38][DEBUG] jax_fem: Function split_and_compute_cell took 0.0289 seconds
[07-01 19:39:38][DEBUG] jax_fem: CuDSSNewtonSolver: initial residual = 2.217e+08
[07-01 19:39:38][DEBUG] jax_fem: DeviceProblem: computing Jacobian on device
[07-01 19:39:38][DEBUG] jax_fem: Function split_and_compute_cell took 0.0281 seconds
[07-01 19:39:38][DEBUG] jax_fem: CuDSSNewtonSolver: iter=1  res=7.964e-06  rel=3.593e-14
[07-01 19:39:38][INFO] jax_fem: CuDSSNewtonSolver: solve finished in 0.10s  res=7.964e-06
[07-01 19:39:39][DEBUG] jax_fem: CuDSSNewtonSolver: starting Newton loop
[07-01 19:39:39][DEBUG] jax_fem: DeviceProblem: computing Jacobian on device
[07-01 19:39:39][DEBUG] jax_fem: Function split_and_compute_cell took 0.0290 seconds
[07-01 19:39:39][DEBUG] jax_fem: CuDSSNewtonSolver: initial residual = 2.211e+08
[07-01 19:39:39][DEBUG] jax_fem: DeviceProblem: computing Jacobian on device
[07-01 19:39:39][DEBUG] jax_fem: Function split_and_compute_cell took 0.0288 seconds
[07-01 19:39:39][DEBUG] jax_fem: CuDSSNewtonSolver: iter=1  res=7.557e-06  rel=3.418e-14
[07-01 19:39:39][INFO] jax_fem: CuDSSNewtonSolver: solve finished in 0.10s  res=7.557e-06
[07-01 19:39:39][DEBUG] jax_fem: CuDSSNewtonSolver: starting Newton loop
[07-01 19:39:39][DEBUG] jax_fem: DeviceProblem: computing Jacobian on device
[07-01 19:39:39][DEBUG] jax_fem: Function split_and_compute_cell took 0.0276 seconds
[07-01 19:39:39][DEBUG] jax_fem: CuDSSNewtonSolver: initial residual = 2.237e+08
[07-01 19:39:39][DEBUG] jax_fem: DeviceProblem: computing Jacobian on device
[07-01 19:39:39][DEBUG] jax_fem: Function split_and_compute_cell took 0.0293 seconds
[07-01 19:39:39][DEBUG] jax_fem: CuDSSNewtonSolver: iter=1  res=7.384e-06  rel=3.301e-14
[07-01 19:39:39][INFO] jax_fem: CuDSSNewtonSolver: solve finished in 0.09s  res=7.384e-06
[07-01 19:39:40][DEBUG] jax_fem: CuDSSNewtonSolver: starting Newton loop
[07-01 19:39:40][DEBUG] jax_fem: DeviceProblem: computing Jacobian on device
[07-01 19:39:40][DEBUG] jax_fem: Function split_and_compute_cell took 0.0269 seconds
[07-01 19:39:40][DEBUG] jax_fem: CuDSSNewtonSolver: initial residual = 2.223e+08
[07-01 19:39:40][DEBUG] jax_fem: DeviceProblem: computing Jacobian on device
[07-01 19:39:40][DEBUG] jax_fem: Function split_and_compute_cell took 0.0292 seconds
[07-01 19:39:40][DEBUG] jax_fem: CuDSSNewtonSolver: iter=1  res=8.820e-06  rel=3.967e-14
[07-01 19:39:40][INFO] jax_fem: CuDSSNewtonSolver: solve finished in 0.09s  res=8.820e-06
[07-01 19:39:40][INFO] jax_fem: CuDSS backward: solving adjoint problem …
[07-01 19:39:40][DEBUG] jax_fem: DeviceProblem: computing Jacobian on device
[07-01 19:39:40][DEBUG] jax_fem: Function split_and_compute_cell took 0.0517 seconds
[07-01 19:39:40][DEBUG] jax_fem: Computing cell residual...
[07-01 19:39:40][DEBUG] jax_fem: Function split_and_compute_cell took 0.0782 seconds
[07-01 19:39:41][INFO] jax_fem: CuDSS backward: solving adjoint problem …
[07-01 19:39:41][DEBUG] jax_fem: DeviceProblem: computing Jacobian on device
[07-01 19:39:41][DEBUG] jax_fem: Function split_and_compute_cell took 0.0400 seconds
[07-01 19:39:41][DEBUG] jax_fem: Computing cell residual...
[07-01 19:39:41][DEBUG] jax_fem: Function split_and_compute_cell took 0.0665 seconds
[07-01 19:39:41][INFO] jax_fem: CuDSS backward: solving adjoint problem …
[07-01 19:39:41][DEBUG] jax_fem: DeviceProblem: computing Jacobian on device
[07-01 19:39:41][DEBUG] jax_fem: Function split_and_compute_cell took 0.0363 seconds
[07-01 19:39:41][DEBUG] jax_fem: Computing cell residual...
[07-01 19:39:41][DEBUG] jax_fem: Function split_and_compute_cell took 0.0650 seconds
[07-01 19:39:41][INFO] jax_fem: CuDSS backward: solving adjoint problem …
[07-01 19:39:41][DEBUG] jax_fem: DeviceProblem: computing Jacobian on device
[07-01 19:39:41][DEBUG] jax_fem: Function split_and_compute_cell took 0.0279 seconds
[07-01 19:39:42][DEBUG] jax_fem: Computing cell residual...
[07-01 19:39:42][DEBUG] jax_fem: Function split_and_compute_cell took 0.0673 seconds
[07-01 19:39:42][INFO] jax_fem: CuDSS backward: solving adjoint problem …
[07-01 19:39:42][DEBUG] jax_fem: DeviceProblem: computing Jacobian on device
[07-01 19:39:42][DEBUG] jax_fem: Function split_and_compute_cell took 0.0453 seconds
[07-01 19:39:42][DEBUG] jax_fem: Computing cell residual...
[07-01 19:39:42][DEBUG] jax_fem: Function split_and_compute_cell took 0.0663 seconds
[07-01 19:39:44][DEBUG] jax_fem: CuDSSNewtonSolver: starting Newton loop
[07-01 19:39:44][DEBUG] jax_fem: DeviceProblem: computing Jacobian on device
[07-01 19:39:44][DEBUG] jax_fem: Function split_and_compute_cell took 0.0367 seconds
[07-01 19:39:44][DEBUG] jax_fem: CuDSSNewtonSolver: initial residual = 2.235e+08
[07-01 19:39:44][DEBUG] jax_fem: DeviceProblem: computing Jacobian on device
[07-01 19:39:44][DEBUG] jax_fem: Function split_and_compute_cell took 0.0305 seconds
[07-01 19:39:44][DEBUG] jax_fem: CuDSSNewtonSolver: iter=1  res=6.359e-06  rel=2.845e-14
[07-01 19:39:44][INFO] jax_fem: CuDSSNewtonSolver: solve finished in 0.11s  res=6.359e-06
[07-01 19:39:44][DEBUG] jax_fem: CuDSSNewtonSolver: starting Newton loop
[07-01 19:39:44][DEBUG] jax_fem: DeviceProblem: computing Jacobian on device
[07-01 19:39:44][DEBUG] jax_fem: Function split_and_compute_cell took 0.0312 seconds
[07-01 19:39:44][DEBUG] jax_fem: CuDSSNewtonSolver: initial residual = 2.217e+08
[07-01 19:39:44][DEBUG] jax_fem: DeviceProblem: computing Jacobian on device
[07-01 19:39:44][DEBUG] jax_fem: Function split_and_compute_cell took 0.0276 seconds
[07-01 19:39:44][DEBUG] jax_fem: CuDSSNewtonSolver: iter=1  res=7.721e-06  rel=3.483e-14
[07-01 19:39:44][INFO] jax_fem: CuDSSNewtonSolver: solve finished in 0.10s  res=7.721e-06
[07-01 19:39:44][DEBUG] jax_fem: CuDSSNewtonSolver: starting Newton loop
[07-01 19:39:44][DEBUG] jax_fem: DeviceProblem: computing Jacobian on device
[07-01 19:39:44][DEBUG] jax_fem: Function split_and_compute_cell took 0.0320 seconds
[07-01 19:39:44][DEBUG] jax_fem: CuDSSNewtonSolver: initial residual = 2.211e+08
[07-01 19:39:44][DEBUG] jax_fem: DeviceProblem: computing Jacobian on device
[07-01 19:39:45][DEBUG] jax_fem: Function split_and_compute_cell took 0.0272 seconds
[07-01 19:39:45][DEBUG] jax_fem: CuDSSNewtonSolver: iter=1  res=7.083e-06  rel=3.204e-14
[07-01 19:39:45][INFO] jax_fem: CuDSSNewtonSolver: solve finished in 0.10s  res=7.083e-06
[07-01 19:39:45][DEBUG] jax_fem: CuDSSNewtonSolver: starting Newton loop
[07-01 19:39:45][DEBUG] jax_fem: DeviceProblem: computing Jacobian on device
[07-01 19:39:45][DEBUG] jax_fem: Function split_and_compute_cell took 0.0332 seconds
[07-01 19:39:45][DEBUG] jax_fem: CuDSSNewtonSolver: initial residual = 2.237e+08
[07-01 19:39:45][DEBUG] jax_fem: DeviceProblem: computing Jacobian on device
[07-01 19:39:45][DEBUG] jax_fem: Function split_and_compute_cell took 0.0381 seconds
[07-01 19:39:45][DEBUG] jax_fem: CuDSSNewtonSolver: iter=1  res=7.272e-06  rel=3.251e-14
[07-01 19:39:45][INFO] jax_fem: CuDSSNewtonSolver: solve finished in 0.11s  res=7.272e-06
[07-01 19:39:45][DEBUG] jax_fem: CuDSSNewtonSolver: starting Newton loop
[07-01 19:39:45][DEBUG] jax_fem: DeviceProblem: computing Jacobian on device
[07-01 19:39:45][DEBUG] jax_fem: Function split_and_compute_cell took 0.0454 seconds
[07-01 19:39:45][DEBUG] jax_fem: CuDSSNewtonSolver: initial residual = 2.223e+08
[07-01 19:39:45][DEBUG] jax_fem: DeviceProblem: computing Jacobian on device
[07-01 19:39:45][DEBUG] jax_fem: Function split_and_compute_cell took 0.0295 seconds
[07-01 19:39:45][DEBUG] jax_fem: CuDSSNewtonSolver: iter=1  res=8.918e-06  rel=4.011e-14
[07-01 19:39:45][INFO] jax_fem: CuDSSNewtonSolver: solve finished in 0.11s  res=8.918e-06
[07-01 19:39:47][DEBUG] jax_fem: CuDSSNewtonSolver: starting Newton loop
[07-01 19:39:47][DEBUG] jax_fem: DeviceProblem: computing Jacobian on device
[07-01 19:39:47][DEBUG] jax_fem: Function split_and_compute_cell took 0.0277 seconds
[07-01 19:39:47][DEBUG] jax_fem: CuDSSNewtonSolver: initial residual = 2.235e+08
[07-01 19:39:47][DEBUG] jax_fem: DeviceProblem: computing Jacobian on device
[07-01 19:39:47][DEBUG] jax_fem: Function split_and_compute_cell took 0.0277 seconds
[07-01 19:39:47][DEBUG] jax_fem: CuDSSNewtonSolver: iter=1  res=6.744e-06  rel=3.017e-14
[07-01 19:39:47][INFO] jax_fem: CuDSSNewtonSolver: solve finished in 0.09s  res=6.744e-06
[07-01 19:39:47][DEBUG] jax_fem: CuDSSNewtonSolver: starting Newton loop
[07-01 19:39:48][DEBUG] jax_fem: DeviceProblem: computing Jacobian on device
[07-01 19:39:48][DEBUG] jax_fem: Function split_and_compute_cell took 0.0302 seconds
[07-01 19:39:48][DEBUG] jax_fem: CuDSSNewtonSolver: initial residual = 2.217e+08
[07-01 19:39:48][DEBUG] jax_fem: DeviceProblem: computing Jacobian on device
[07-01 19:39:48][DEBUG] jax_fem: Function split_and_compute_cell took 0.0279 seconds
[07-01 19:39:48][DEBUG] jax_fem: CuDSSNewtonSolver: iter=1  res=7.962e-06  rel=3.592e-14
[07-01 19:39:48][INFO] jax_fem: CuDSSNewtonSolver: solve finished in 0.10s  res=7.962e-06
[07-01 19:39:48][DEBUG] jax_fem: CuDSSNewtonSolver: starting Newton loop
[07-01 19:39:48][DEBUG] jax_fem: DeviceProblem: computing Jacobian on device
[07-01 19:39:48][DEBUG] jax_fem: Function split_and_compute_cell took 0.0292 seconds
[07-01 19:39:48][DEBUG] jax_fem: CuDSSNewtonSolver: initial residual = 2.211e+08
[07-01 19:39:48][DEBUG] jax_fem: DeviceProblem: computing Jacobian on device
[07-01 19:39:48][DEBUG] jax_fem: Function split_and_compute_cell took 0.0288 seconds
[07-01 19:39:48][DEBUG] jax_fem: CuDSSNewtonSolver: iter=1  res=7.462e-06  rel=3.375e-14
[07-01 19:39:48][INFO] jax_fem: CuDSSNewtonSolver: solve finished in 0.10s  res=7.462e-06
[07-01 19:39:49][DEBUG] jax_fem: CuDSSNewtonSolver: starting Newton loop
[07-01 19:39:49][DEBUG] jax_fem: DeviceProblem: computing Jacobian on device
[07-01 19:39:49][DEBUG] jax_fem: Function split_and_compute_cell took 0.0280 seconds
[07-01 19:39:49][DEBUG] jax_fem: CuDSSNewtonSolver: initial residual = 2.237e+08
[07-01 19:39:49][DEBUG] jax_fem: DeviceProblem: computing Jacobian on device
[07-01 19:39:49][DEBUG] jax_fem: Function split_and_compute_cell took 0.0281 seconds
[07-01 19:39:49][DEBUG] jax_fem: CuDSSNewtonSolver: iter=1  res=7.787e-06  rel=3.481e-14
[07-01 19:39:49][INFO] jax_fem: CuDSSNewtonSolver: solve finished in 0.09s  res=7.787e-06
[07-01 19:39:49][DEBUG] jax_fem: CuDSSNewtonSolver: starting Newton loop
[07-01 19:39:49][DEBUG] jax_fem: DeviceProblem: computing Jacobian on device
[07-01 19:39:49][DEBUG] jax_fem: Function split_and_compute_cell took 0.0278 seconds
[07-01 19:39:49][DEBUG] jax_fem: CuDSSNewtonSolver: initial residual = 2.223e+08
[07-01 19:39:49][DEBUG] jax_fem: DeviceProblem: computing Jacobian on device
[07-01 19:39:49][DEBUG] jax_fem: Function split_and_compute_cell took 0.0309 seconds
[07-01 19:39:49][DEBUG] jax_fem: CuDSSNewtonSolver: iter=1  res=8.764e-06  rel=3.941e-14
[07-01 19:39:49][INFO] jax_fem: CuDSSNewtonSolver: solve finished in 0.10s  res=8.764e-06
[07-01 19:39:50][INFO] jax_fem: CuDSS backward: solving adjoint problem …
[07-01 19:39:50][DEBUG] jax_fem: DeviceProblem: computing Jacobian on device
[07-01 19:39:50][DEBUG] jax_fem: Function split_and_compute_cell took 0.0341 seconds
[07-01 19:39:50][DEBUG] jax_fem: Computing cell residual...
[07-01 19:39:50][DEBUG] jax_fem: Function split_and_compute_cell took 0.0749 seconds
[07-01 19:39:50][INFO] jax_fem: CuDSS backward: solving adjoint problem …
[07-01 19:39:50][DEBUG] jax_fem: DeviceProblem: computing Jacobian on device
[07-01 19:39:50][DEBUG] jax_fem: Function split_and_compute_cell took 0.0429 seconds
[07-01 19:39:50][DEBUG] jax_fem: Computing cell residual...
[07-01 19:39:50][DEBUG] jax_fem: Function split_and_compute_cell took 0.0781 seconds
[07-01 19:39:50][INFO] jax_fem: CuDSS backward: solving adjoint problem …
[07-01 19:39:50][DEBUG] jax_fem: DeviceProblem: computing Jacobian on device
[07-01 19:39:50][DEBUG] jax_fem: Function split_and_compute_cell took 0.0472 seconds
[07-01 19:39:50][DEBUG] jax_fem: Computing cell residual...
[07-01 19:39:51][DEBUG] jax_fem: Function split_and_compute_cell took 0.0651 seconds
[07-01 19:39:51][INFO] jax_fem: CuDSS backward: solving adjoint problem …
[07-01 19:39:51][DEBUG] jax_fem: DeviceProblem: computing Jacobian on device
[07-01 19:39:51][DEBUG] jax_fem: Function split_and_compute_cell took 0.0539 seconds
[07-01 19:39:51][DEBUG] jax_fem: Computing cell residual...
[07-01 19:39:51][DEBUG] jax_fem: Function split_and_compute_cell took 0.0830 seconds
[07-01 19:39:51][INFO] jax_fem: CuDSS backward: solving adjoint problem …
[07-01 19:39:51][DEBUG] jax_fem: DeviceProblem: computing Jacobian on device
[07-01 19:39:51][DEBUG] jax_fem: Function split_and_compute_cell took 0.0463 seconds
[07-01 19:39:51][DEBUG] jax_fem: Computing cell residual...
[07-01 19:39:51][DEBUG] jax_fem: Function split_and_compute_cell took 0.0724 seconds
[07-01 19:39:53][DEBUG] jax_fem: CuDSSNewtonSolver: starting Newton loop
[07-01 19:39:53][DEBUG] jax_fem: DeviceProblem: computing Jacobian on device
[07-01 19:39:53][DEBUG] jax_fem: Function split_and_compute_cell took 0.0308 seconds
[07-01 19:39:53][DEBUG] jax_fem: CuDSSNewtonSolver: initial residual = 2.235e+08
[07-01 19:39:53][DEBUG] jax_fem: DeviceProblem: computing Jacobian on device
[07-01 19:39:53][DEBUG] jax_fem: Function split_and_compute_cell took 0.0455 seconds
[07-01 19:39:53][DEBUG] jax_fem: CuDSSNewtonSolver: iter=1  res=6.871e-06  rel=3.074e-14
[07-01 19:39:53][INFO] jax_fem: CuDSSNewtonSolver: solve finished in 0.12s  res=6.871e-06
[07-01 19:39:53][DEBUG] jax_fem: CuDSSNewtonSolver: starting Newton loop
[07-01 19:39:53][DEBUG] jax_fem: DeviceProblem: computing Jacobian on device
[07-01 19:39:53][DEBUG] jax_fem: Function split_and_compute_cell took 0.0356 seconds
[07-01 19:39:53][DEBUG] jax_fem: CuDSSNewtonSolver: initial residual = 2.217e+08
[07-01 19:39:53][DEBUG] jax_fem: DeviceProblem: computing Jacobian on device
[07-01 19:39:54][DEBUG] jax_fem: Function split_and_compute_cell took 0.0576 seconds
[07-01 19:39:54][DEBUG] jax_fem: CuDSSNewtonSolver: iter=1  res=7.784e-06  rel=3.512e-14
[07-01 19:39:54][INFO] jax_fem: CuDSSNewtonSolver: solve finished in 0.14s  res=7.784e-06
[07-01 19:39:54][DEBUG] jax_fem: CuDSSNewtonSolver: starting Newton loop
[07-01 19:39:54][DEBUG] jax_fem: DeviceProblem: computing Jacobian on device
[07-01 19:39:54][DEBUG] jax_fem: Function split_and_compute_cell took 0.0472 seconds
[07-01 19:39:54][DEBUG] jax_fem: CuDSSNewtonSolver: initial residual = 2.211e+08
[07-01 19:39:54][DEBUG] jax_fem: DeviceProblem: computing Jacobian on device
[07-01 19:39:54][DEBUG] jax_fem: Function split_and_compute_cell took 0.0410 seconds
[07-01 19:39:54][DEBUG] jax_fem: CuDSSNewtonSolver: iter=1  res=7.593e-06  rel=3.434e-14
[07-01 19:39:54][INFO] jax_fem: CuDSSNewtonSolver: solve finished in 0.13s  res=7.593e-06
[07-01 19:39:54][DEBUG] jax_fem: CuDSSNewtonSolver: starting Newton loop
[07-01 19:39:54][DEBUG] jax_fem: DeviceProblem: computing Jacobian on device
[07-01 19:39:54][DEBUG] jax_fem: Function split_and_compute_cell took 0.0416 seconds
[07-01 19:39:54][DEBUG] jax_fem: CuDSSNewtonSolver: initial residual = 2.237e+08
[07-01 19:39:54][DEBUG] jax_fem: DeviceProblem: computing Jacobian on device
[07-01 19:39:54][DEBUG] jax_fem: Function split_and_compute_cell took 0.0496 seconds
[07-01 19:39:54][DEBUG] jax_fem: CuDSSNewtonSolver: iter=1  res=7.704e-06  rel=3.444e-14
[07-01 19:39:54][INFO] jax_fem: CuDSSNewtonSolver: solve finished in 0.14s  res=7.704e-06
[07-01 19:39:55][DEBUG] jax_fem: CuDSSNewtonSolver: starting Newton loop
[07-01 19:39:55][DEBUG] jax_fem: DeviceProblem: computing Jacobian on device
[07-01 19:39:55][DEBUG] jax_fem: Function split_and_compute_cell took 0.0505 seconds
[07-01 19:39:55][DEBUG] jax_fem: CuDSSNewtonSolver: initial residual = 2.223e+08
[07-01 19:39:55][DEBUG] jax_fem: DeviceProblem: computing Jacobian on device
[07-01 19:39:55][DEBUG] jax_fem: Function split_and_compute_cell took 0.0423 seconds
[07-01 19:39:55][DEBUG] jax_fem: CuDSSNewtonSolver: iter=1  res=8.618e-06  rel=3.876e-14
[07-01 19:39:55][INFO] jax_fem: CuDSSNewtonSolver: solve finished in 0.14s  res=8.618e-06
[07-01 19:39:57][DEBUG] jax_fem: CuDSSNewtonSolver: starting Newton loop
[07-01 19:39:57][DEBUG] jax_fem: DeviceProblem: computing Jacobian on device
[07-01 19:39:57][DEBUG] jax_fem: Function split_and_compute_cell took 0.0284 seconds
[07-01 19:39:57][DEBUG] jax_fem: CuDSSNewtonSolver: initial residual = 2.235e+08
[07-01 19:39:57][DEBUG] jax_fem: DeviceProblem: computing Jacobian on device
[07-01 19:39:57][DEBUG] jax_fem: Function split_and_compute_cell took 0.0282 seconds
[07-01 19:39:57][DEBUG] jax_fem: CuDSSNewtonSolver: iter=1  res=6.586e-06  rel=2.947e-14
[07-01 19:39:57][INFO] jax_fem: CuDSSNewtonSolver: solve finished in 0.10s  res=6.586e-06
[07-01 19:39:57][DEBUG] jax_fem: CuDSSNewtonSolver: starting Newton loop
[07-01 19:39:57][DEBUG] jax_fem: DeviceProblem: computing Jacobian on device
[07-01 19:39:57][DEBUG] jax_fem: Function split_and_compute_cell took 0.0292 seconds
[07-01 19:39:57][DEBUG] jax_fem: CuDSSNewtonSolver: initial residual = 2.217e+08
[07-01 19:39:57][DEBUG] jax_fem: DeviceProblem: computing Jacobian on device
[07-01 19:39:57][DEBUG] jax_fem: Function split_and_compute_cell took 0.0272 seconds
[07-01 19:39:57][DEBUG] jax_fem: CuDSSNewtonSolver: iter=1  res=7.706e-06  rel=3.476e-14
[07-01 19:39:57][INFO] jax_fem: CuDSSNewtonSolver: solve finished in 0.09s  res=7.706e-06
[07-01 19:39:58][DEBUG] jax_fem: CuDSSNewtonSolver: starting Newton loop
[07-01 19:39:58][DEBUG] jax_fem: DeviceProblem: computing Jacobian on device
[07-01 19:39:58][DEBUG] jax_fem: Function split_and_compute_cell took 0.0288 seconds
[07-01 19:39:58][DEBUG] jax_fem: CuDSSNewtonSolver: initial residual = 2.211e+08
[07-01 19:39:58][DEBUG] jax_fem: DeviceProblem: computing Jacobian on device
[07-01 19:39:58][DEBUG] jax_fem: Function split_and_compute_cell took 0.0280 seconds
[07-01 19:39:58][DEBUG] jax_fem: CuDSSNewtonSolver: iter=1  res=7.780e-06  rel=3.519e-14
[07-01 19:39:58][INFO] jax_fem: CuDSSNewtonSolver: solve finished in 0.10s  res=7.780e-06
[07-01 19:39:58][DEBUG] jax_fem: CuDSSNewtonSolver: starting Newton loop
[07-01 19:39:58][DEBUG] jax_fem: DeviceProblem: computing Jacobian on device
[07-01 19:39:59][DEBUG] jax_fem: Function split_and_compute_cell took 0.0282 seconds
[07-01 19:39:59][DEBUG] jax_fem: CuDSSNewtonSolver: initial residual = 2.237e+08
[07-01 19:39:59][DEBUG] jax_fem: DeviceProblem: computing Jacobian on device
[07-01 19:39:59][DEBUG] jax_fem: Function split_and_compute_cell took 0.0313 seconds
[07-01 19:39:59][DEBUG] jax_fem: CuDSSNewtonSolver: iter=1  res=7.989e-06  rel=3.572e-14
[07-01 19:39:59][INFO] jax_fem: CuDSSNewtonSolver: solve finished in 0.09s  res=7.989e-06
[07-01 19:39:59][DEBUG] jax_fem: CuDSSNewtonSolver: starting Newton loop
[07-01 19:39:59][DEBUG] jax_fem: DeviceProblem: computing Jacobian on device
[07-01 19:39:59][DEBUG] jax_fem: Function split_and_compute_cell took 0.0279 seconds
[07-01 19:39:59][DEBUG] jax_fem: CuDSSNewtonSolver: initial residual = 2.223e+08
[07-01 19:39:59][DEBUG] jax_fem: DeviceProblem: computing Jacobian on device
[07-01 19:39:59][DEBUG] jax_fem: Function split_and_compute_cell took 0.0282 seconds
[07-01 19:39:59][DEBUG] jax_fem: CuDSSNewtonSolver: iter=1  res=8.540e-06  rel=3.841e-14
[07-01 19:39:59][INFO] jax_fem: CuDSSNewtonSolver: solve finished in 0.09s  res=8.540e-06
[07-01 19:39:59][INFO] jax_fem: CuDSS backward: solving adjoint problem …
[07-01 19:39:59][DEBUG] jax_fem: DeviceProblem: computing Jacobian on device
[07-01 19:39:59][DEBUG] jax_fem: Function split_and_compute_cell took 0.0416 seconds
[07-01 19:39:59][DEBUG] jax_fem: Computing cell residual...
[07-01 19:39:59][DEBUG] jax_fem: Function split_and_compute_cell took 0.0583 seconds
[07-01 19:40:00][INFO] jax_fem: CuDSS backward: solving adjoint problem …
[07-01 19:40:00][DEBUG] jax_fem: DeviceProblem: computing Jacobian on device
[07-01 19:40:00][DEBUG] jax_fem: Function split_and_compute_cell took 0.0380 seconds
[07-01 19:40:00][DEBUG] jax_fem: Computing cell residual...
[07-01 19:40:00][DEBUG] jax_fem: Function split_and_compute_cell took 0.0657 seconds
[07-01 19:40:00][INFO] jax_fem: CuDSS backward: solving adjoint problem …
[07-01 19:40:00][DEBUG] jax_fem: DeviceProblem: computing Jacobian on device
[07-01 19:40:00][DEBUG] jax_fem: Function split_and_compute_cell took 0.0345 seconds
[07-01 19:40:00][DEBUG] jax_fem: Computing cell residual...
[07-01 19:40:00][DEBUG] jax_fem: Function split_and_compute_cell took 0.0680 seconds
[07-01 19:40:00][INFO] jax_fem: CuDSS backward: solving adjoint problem …
[07-01 19:40:00][DEBUG] jax_fem: DeviceProblem: computing Jacobian on device
[07-01 19:40:00][DEBUG] jax_fem: Function split_and_compute_cell took 0.0257 seconds
[07-01 19:40:01][DEBUG] jax_fem: Computing cell residual...
[07-01 19:40:01][DEBUG] jax_fem: Function split_and_compute_cell took 0.0682 seconds
[07-01 19:40:01][INFO] jax_fem: CuDSS backward: solving adjoint problem …
[07-01 19:40:01][DEBUG] jax_fem: DeviceProblem: computing Jacobian on device
[07-01 19:40:01][DEBUG] jax_fem: Function split_and_compute_cell took 0.0296 seconds
[07-01 19:40:01][DEBUG] jax_fem: Computing cell residual...
[07-01 19:40:01][DEBUG] jax_fem: Function split_and_compute_cell took 0.0697 seconds
[07-01 19:40:03][DEBUG] jax_fem: CuDSSNewtonSolver: starting Newton loop
[07-01 19:40:03][DEBUG] jax_fem: DeviceProblem: computing Jacobian on device
[07-01 19:40:03][DEBUG] jax_fem: Function split_and_compute_cell took 0.0424 seconds
[07-01 19:40:03][DEBUG] jax_fem: CuDSSNewtonSolver: initial residual = 2.235e+08
[07-01 19:40:03][DEBUG] jax_fem: DeviceProblem: computing Jacobian on device
[07-01 19:40:03][DEBUG] jax_fem: Function split_and_compute_cell took 0.0341 seconds
[07-01 19:40:03][DEBUG] jax_fem: CuDSSNewtonSolver: iter=1  res=6.641e-06  rel=2.971e-14
[07-01 19:40:03][INFO] jax_fem: CuDSSNewtonSolver: solve finished in 0.12s  res=6.641e-06
[07-01 19:40:03][DEBUG] jax_fem: CuDSSNewtonSolver: starting Newton loop
[07-01 19:40:03][DEBUG] jax_fem: DeviceProblem: computing Jacobian on device
[07-01 19:40:03][DEBUG] jax_fem: Function split_and_compute_cell took 0.0404 seconds
[07-01 19:40:03][DEBUG] jax_fem: CuDSSNewtonSolver: initial residual = 2.217e+08
[07-01 19:40:03][DEBUG] jax_fem: DeviceProblem: computing Jacobian on device
[07-01 19:40:03][DEBUG] jax_fem: Function split_and_compute_cell took 0.0478 seconds
[07-01 19:40:03][DEBUG] jax_fem: CuDSSNewtonSolver: iter=1  res=8.324e-06  rel=3.756e-14
[07-01 19:40:03][INFO] jax_fem: CuDSSNewtonSolver: solve finished in 0.13s  res=8.324e-06
[07-01 19:40:03][DEBUG] jax_fem: CuDSSNewtonSolver: starting Newton loop
[07-01 19:40:03][DEBUG] jax_fem: DeviceProblem: computing Jacobian on device
[07-01 19:40:03][DEBUG] jax_fem: Function split_and_compute_cell took 0.0449 seconds
[07-01 19:40:03][DEBUG] jax_fem: CuDSSNewtonSolver: initial residual = 2.211e+08
[07-01 19:40:03][DEBUG] jax_fem: DeviceProblem: computing Jacobian on device
[07-01 19:40:03][DEBUG] jax_fem: Function split_and_compute_cell took 0.0482 seconds
[07-01 19:40:03][DEBUG] jax_fem: CuDSSNewtonSolver: iter=1  res=7.389e-06  rel=3.342e-14
[07-01 19:40:03][INFO] jax_fem: CuDSSNewtonSolver: solve finished in 0.13s  res=7.389e-06
[07-01 19:40:04][DEBUG] jax_fem: CuDSSNewtonSolver: starting Newton loop
[07-01 19:40:04][DEBUG] jax_fem: DeviceProblem: computing Jacobian on device
[07-01 19:40:04][DEBUG] jax_fem: Function split_and_compute_cell took 0.0369 seconds
[07-01 19:40:04][DEBUG] jax_fem: CuDSSNewtonSolver: initial residual = 2.237e+08
[07-01 19:40:04][DEBUG] jax_fem: DeviceProblem: computing Jacobian on device
[07-01 19:40:04][DEBUG] jax_fem: Function split_and_compute_cell took 0.0474 seconds
[07-01 19:40:04][DEBUG] jax_fem: CuDSSNewtonSolver: iter=1  res=7.988e-06  rel=3.571e-14
[07-01 19:40:04][INFO] jax_fem: CuDSSNewtonSolver: solve finished in 0.13s  res=7.988e-06
[07-01 19:40:04][DEBUG] jax_fem: CuDSSNewtonSolver: starting Newton loop
[07-01 19:40:04][DEBUG] jax_fem: DeviceProblem: computing Jacobian on device
[07-01 19:40:04][DEBUG] jax_fem: Function split_and_compute_cell took 0.0278 seconds
[07-01 19:40:04][DEBUG] jax_fem: CuDSSNewtonSolver: initial residual = 2.223e+08
[07-01 19:40:04][DEBUG] jax_fem: DeviceProblem: computing Jacobian on device
[07-01 19:40:04][DEBUG] jax_fem: Function split_and_compute_cell took 0.0340 seconds
[07-01 19:40:04][DEBUG] jax_fem: CuDSSNewtonSolver: iter=1  res=8.830e-06  rel=3.971e-14
[07-01 19:40:04][INFO] jax_fem: CuDSSNewtonSolver: solve finished in 0.11s  res=8.830e-06
[07-01 19:40:06][DEBUG] jax_fem: CuDSSNewtonSolver: starting Newton loop
[07-01 19:40:06][DEBUG] jax_fem: DeviceProblem: computing Jacobian on device
[07-01 19:40:06][DEBUG] jax_fem: Function split_and_compute_cell took 0.0270 seconds
[07-01 19:40:06][DEBUG] jax_fem: CuDSSNewtonSolver: initial residual = 2.235e+08
[07-01 19:40:06][DEBUG] jax_fem: DeviceProblem: computing Jacobian on device
[07-01 19:40:06][DEBUG] jax_fem: Function split_and_compute_cell took 0.0281 seconds
[07-01 19:40:06][DEBUG] jax_fem: CuDSSNewtonSolver: iter=1  res=6.346e-06  rel=2.839e-14
[07-01 19:40:06][INFO] jax_fem: CuDSSNewtonSolver: solve finished in 0.09s  res=6.346e-06
[07-01 19:40:07][DEBUG] jax_fem: CuDSSNewtonSolver: starting Newton loop
[07-01 19:40:07][DEBUG] jax_fem: DeviceProblem: computing Jacobian on device
[07-01 19:40:07][DEBUG] jax_fem: Function split_and_compute_cell took 0.0280 seconds
[07-01 19:40:07][DEBUG] jax_fem: CuDSSNewtonSolver: initial residual = 2.217e+08
[07-01 19:40:07][DEBUG] jax_fem: DeviceProblem: computing Jacobian on device
[07-01 19:40:07][DEBUG] jax_fem: Function split_and_compute_cell took 0.0279 seconds
[07-01 19:40:07][DEBUG] jax_fem: CuDSSNewtonSolver: iter=1  res=7.871e-06  rel=3.551e-14
[07-01 19:40:07][INFO] jax_fem: CuDSSNewtonSolver: solve finished in 0.10s  res=7.871e-06
[07-01 19:40:07][DEBUG] jax_fem: CuDSSNewtonSolver: starting Newton loop
[07-01 19:40:07][DEBUG] jax_fem: DeviceProblem: computing Jacobian on device
[07-01 19:40:07][DEBUG] jax_fem: Function split_and_compute_cell took 0.0281 seconds
[07-01 19:40:07][DEBUG] jax_fem: CuDSSNewtonSolver: initial residual = 2.211e+08
[07-01 19:40:07][DEBUG] jax_fem: DeviceProblem: computing Jacobian on device
[07-01 19:40:07][DEBUG] jax_fem: Function split_and_compute_cell took 0.0303 seconds
[07-01 19:40:07][DEBUG] jax_fem: CuDSSNewtonSolver: iter=1  res=7.258e-06  rel=3.283e-14
[07-01 19:40:07][INFO] jax_fem: CuDSSNewtonSolver: solve finished in 0.10s  res=7.258e-06
[07-01 19:40:08][DEBUG] jax_fem: CuDSSNewtonSolver: starting Newton loop
[07-01 19:40:08][DEBUG] jax_fem: DeviceProblem: computing Jacobian on device
[07-01 19:40:08][DEBUG] jax_fem: Function split_and_compute_cell took 0.0294 seconds
[07-01 19:40:08][DEBUG] jax_fem: CuDSSNewtonSolver: initial residual = 2.237e+08
[07-01 19:40:08][DEBUG] jax_fem: DeviceProblem: computing Jacobian on device
[07-01 19:40:08][DEBUG] jax_fem: Function split_and_compute_cell took 0.0293 seconds
[07-01 19:40:08][DEBUG] jax_fem: CuDSSNewtonSolver: iter=1  res=7.806e-06  rel=3.490e-14
[07-01 19:40:08][INFO] jax_fem: CuDSSNewtonSolver: solve finished in 0.10s  res=7.806e-06
[07-01 19:40:08][DEBUG] jax_fem: CuDSSNewtonSolver: starting Newton loop
[07-01 19:40:08][DEBUG] jax_fem: DeviceProblem: computing Jacobian on device
[07-01 19:40:08][DEBUG] jax_fem: Function split_and_compute_cell took 0.0292 seconds
[07-01 19:40:08][DEBUG] jax_fem: CuDSSNewtonSolver: initial residual = 2.223e+08
[07-01 19:40:08][DEBUG] jax_fem: DeviceProblem: computing Jacobian on device
[07-01 19:40:09][DEBUG] jax_fem: Function split_and_compute_cell took 0.0289 seconds
[07-01 19:40:09][DEBUG] jax_fem: CuDSSNewtonSolver: iter=1  res=8.570e-06  rel=3.854e-14
[07-01 19:40:09][INFO] jax_fem: CuDSSNewtonSolver: solve finished in 0.09s  res=8.570e-06
[07-01 19:40:09][INFO] jax_fem: CuDSS backward: solving adjoint problem …
[07-01 19:40:09][DEBUG] jax_fem: DeviceProblem: computing Jacobian on device
[07-01 19:40:09][DEBUG] jax_fem: Function split_and_compute_cell took 0.0333 seconds
[07-01 19:40:09][DEBUG] jax_fem: Computing cell residual...
[07-01 19:40:09][DEBUG] jax_fem: Function split_and_compute_cell took 0.0578 seconds
[07-01 19:40:09][INFO] jax_fem: CuDSS backward: solving adjoint problem …
[07-01 19:40:09][DEBUG] jax_fem: DeviceProblem: computing Jacobian on device
[07-01 19:40:09][DEBUG] jax_fem: Function split_and_compute_cell took 0.0427 seconds
[07-01 19:40:09][DEBUG] jax_fem: Computing cell residual...
[07-01 19:40:09][DEBUG] jax_fem: Function split_and_compute_cell took 0.0733 seconds
[07-01 19:40:10][INFO] jax_fem: CuDSS backward: solving adjoint problem …
[07-01 19:40:10][DEBUG] jax_fem: DeviceProblem: computing Jacobian on device
[07-01 19:40:10][DEBUG] jax_fem: Function split_and_compute_cell took 0.0525 seconds
[07-01 19:40:10][DEBUG] jax_fem: Computing cell residual...
[07-01 19:40:10][DEBUG] jax_fem: Function split_and_compute_cell took 0.0608 seconds
[07-01 19:40:10][INFO] jax_fem: CuDSS backward: solving adjoint problem …
[07-01 19:40:10][DEBUG] jax_fem: DeviceProblem: computing Jacobian on device
[07-01 19:40:10][DEBUG] jax_fem: Function split_and_compute_cell took 0.0349 seconds
[07-01 19:40:10][DEBUG] jax_fem: Computing cell residual...
[07-01 19:40:10][DEBUG] jax_fem: Function split_and_compute_cell took 0.0749 seconds
[07-01 19:40:10][INFO] jax_fem: CuDSS backward: solving adjoint problem …
[07-01 19:40:10][DEBUG] jax_fem: DeviceProblem: computing Jacobian on device
[07-01 19:40:10][DEBUG] jax_fem: Function split_and_compute_cell took 0.0312 seconds
[07-01 19:40:10][DEBUG] jax_fem: Computing cell residual...
[07-01 19:40:10][DEBUG] jax_fem: Function split_and_compute_cell took 0.0672 seconds
[07-01 19:40:12][DEBUG] jax_fem: CuDSSNewtonSolver: starting Newton loop
[07-01 19:40:12][DEBUG] jax_fem: DeviceProblem: computing Jacobian on device
[07-01 19:40:12][DEBUG] jax_fem: Function split_and_compute_cell took 0.0292 seconds
[07-01 19:40:12][DEBUG] jax_fem: CuDSSNewtonSolver: initial residual = 2.235e+08
[07-01 19:40:12][DEBUG] jax_fem: DeviceProblem: computing Jacobian on device
[07-01 19:40:12][DEBUG] jax_fem: Function split_and_compute_cell took 0.0337 seconds
[07-01 19:40:12][DEBUG] jax_fem: CuDSSNewtonSolver: iter=1  res=6.394e-06  rel=2.861e-14
[07-01 19:40:12][INFO] jax_fem: CuDSSNewtonSolver: solve finished in 0.11s  res=6.394e-06
[07-01 19:40:12][DEBUG] jax_fem: CuDSSNewtonSolver: starting Newton loop
[07-01 19:40:13][DEBUG] jax_fem: DeviceProblem: computing Jacobian on device
[07-01 19:40:13][DEBUG] jax_fem: Function split_and_compute_cell took 0.0303 seconds
[07-01 19:40:13][DEBUG] jax_fem: CuDSSNewtonSolver: initial residual = 2.217e+08
[07-01 19:40:13][DEBUG] jax_fem: DeviceProblem: computing Jacobian on device
[07-01 19:40:13][DEBUG] jax_fem: Function split_and_compute_cell took 0.0323 seconds
[07-01 19:40:13][DEBUG] jax_fem: CuDSSNewtonSolver: iter=1  res=7.897e-06  rel=3.563e-14
[07-01 19:40:13][INFO] jax_fem: CuDSSNewtonSolver: solve finished in 0.10s  res=7.897e-06
[07-01 19:40:13][DEBUG] jax_fem: CuDSSNewtonSolver: starting Newton loop
[07-01 19:40:13][DEBUG] jax_fem: DeviceProblem: computing Jacobian on device
[07-01 19:40:13][DEBUG] jax_fem: Function split_and_compute_cell took 0.0347 seconds
[07-01 19:40:13][DEBUG] jax_fem: CuDSSNewtonSolver: initial residual = 2.211e+08
[07-01 19:40:13][DEBUG] jax_fem: DeviceProblem: computing Jacobian on device
[07-01 19:40:13][DEBUG] jax_fem: Function split_and_compute_cell took 0.0293 seconds
[07-01 19:40:13][DEBUG] jax_fem: CuDSSNewtonSolver: iter=1  res=7.291e-06  rel=3.298e-14
[07-01 19:40:13][INFO] jax_fem: CuDSSNewtonSolver: solve finished in 0.11s  res=7.291e-06
[07-01 19:40:13][DEBUG] jax_fem: CuDSSNewtonSolver: starting Newton loop
[07-01 19:40:13][DEBUG] jax_fem: DeviceProblem: computing Jacobian on device
[07-01 19:40:13][DEBUG] jax_fem: Function split_and_compute_cell took 0.0475 seconds
[07-01 19:40:13][DEBUG] jax_fem: CuDSSNewtonSolver: initial residual = 2.237e+08
[07-01 19:40:13][DEBUG] jax_fem: DeviceProblem: computing Jacobian on device
[07-01 19:40:13][DEBUG] jax_fem: Function split_and_compute_cell took 0.0703 seconds
[07-01 19:40:13][DEBUG] jax_fem: CuDSSNewtonSolver: iter=1  res=7.437e-06  rel=3.325e-14
[07-01 19:40:13][INFO] jax_fem: CuDSSNewtonSolver: solve finished in 0.16s  res=7.437e-06
[07-01 19:40:14][DEBUG] jax_fem: CuDSSNewtonSolver: starting Newton loop
[07-01 19:40:14][DEBUG] jax_fem: DeviceProblem: computing Jacobian on device
[07-01 19:40:14][DEBUG] jax_fem: Function split_and_compute_cell took 0.0345 seconds
[07-01 19:40:14][DEBUG] jax_fem: CuDSSNewtonSolver: initial residual = 2.223e+08
[07-01 19:40:14][DEBUG] jax_fem: DeviceProblem: computing Jacobian on device
[07-01 19:40:14][DEBUG] jax_fem: Function split_and_compute_cell took 0.0375 seconds
[07-01 19:40:14][DEBUG] jax_fem: CuDSSNewtonSolver: iter=1  res=8.809e-06  rel=3.962e-14
[07-01 19:40:14][INFO] jax_fem: CuDSSNewtonSolver: solve finished in 0.12s  res=8.809e-06
[07-01 19:40:15][DEBUG] jax_fem: CuDSSNewtonSolver: starting Newton loop
[07-01 19:40:15][DEBUG] jax_fem: DeviceProblem: computing Jacobian on device
[07-01 19:40:15][DEBUG] jax_fem: Function split_and_compute_cell took 0.0289 seconds
[07-01 19:40:15][DEBUG] jax_fem: CuDSSNewtonSolver: initial residual = 2.235e+08
[07-01 19:40:15][DEBUG] jax_fem: DeviceProblem: computing Jacobian on device
[07-01 19:40:15][DEBUG] jax_fem: Function split_and_compute_cell took 0.0271 seconds
[07-01 19:40:15][DEBUG] jax_fem: CuDSSNewtonSolver: iter=1  res=6.696e-06  rel=2.996e-14
[07-01 19:40:15][INFO] jax_fem: CuDSSNewtonSolver: solve finished in 0.10s  res=6.696e-06
[07-01 19:40:16][DEBUG] jax_fem: CuDSSNewtonSolver: starting Newton loop
[07-01 19:40:16][DEBUG] jax_fem: DeviceProblem: computing Jacobian on device
[07-01 19:40:16][DEBUG] jax_fem: Function split_and_compute_cell took 0.0285 seconds
[07-01 19:40:16][DEBUG] jax_fem: CuDSSNewtonSolver: initial residual = 2.217e+08
[07-01 19:40:16][DEBUG] jax_fem: DeviceProblem: computing Jacobian on device
[07-01 19:40:16][DEBUG] jax_fem: Function split_and_compute_cell took 0.0274 seconds
[07-01 19:40:16][DEBUG] jax_fem: CuDSSNewtonSolver: iter=1  res=7.899e-06  rel=3.564e-14
[07-01 19:40:16][INFO] jax_fem: CuDSSNewtonSolver: solve finished in 0.10s  res=7.899e-06
[07-01 19:40:17][DEBUG] jax_fem: CuDSSNewtonSolver: starting Newton loop
[07-01 19:40:17][DEBUG] jax_fem: DeviceProblem: computing Jacobian on device
[07-01 19:40:17][DEBUG] jax_fem: Function split_and_compute_cell took 0.0278 seconds
[07-01 19:40:17][DEBUG] jax_fem: CuDSSNewtonSolver: initial residual = 2.211e+08
[07-01 19:40:17][DEBUG] jax_fem: DeviceProblem: computing Jacobian on device
[07-01 19:40:17][DEBUG] jax_fem: Function split_and_compute_cell took 0.0280 seconds
[07-01 19:40:17][DEBUG] jax_fem: CuDSSNewtonSolver: iter=1  res=7.287e-06  rel=3.296e-14
[07-01 19:40:17][INFO] jax_fem: CuDSSNewtonSolver: solve finished in 0.09s  res=7.287e-06
[07-01 19:40:17][DEBUG] jax_fem: CuDSSNewtonSolver: starting Newton loop
[07-01 19:40:17][DEBUG] jax_fem: DeviceProblem: computing Jacobian on device
[07-01 19:40:17][DEBUG] jax_fem: Function split_and_compute_cell took 0.0290 seconds
[07-01 19:40:17][DEBUG] jax_fem: CuDSSNewtonSolver: initial residual = 2.237e+08
[07-01 19:40:17][DEBUG] jax_fem: DeviceProblem: computing Jacobian on device
[07-01 19:40:17][DEBUG] jax_fem: Function split_and_compute_cell took 0.0284 seconds
[07-01 19:40:17][DEBUG] jax_fem: CuDSSNewtonSolver: iter=1  res=7.674e-06  rel=3.431e-14
[07-01 19:40:17][INFO] jax_fem: CuDSSNewtonSolver: solve finished in 0.10s  res=7.674e-06
[07-01 19:40:18][DEBUG] jax_fem: CuDSSNewtonSolver: starting Newton loop
[07-01 19:40:18][DEBUG] jax_fem: DeviceProblem: computing Jacobian on device
[07-01 19:40:18][DEBUG] jax_fem: Function split_and_compute_cell took 0.0277 seconds
[07-01 19:40:18][DEBUG] jax_fem: CuDSSNewtonSolver: initial residual = 2.223e+08
[07-01 19:40:18][DEBUG] jax_fem: DeviceProblem: computing Jacobian on device
[07-01 19:40:18][DEBUG] jax_fem: Function split_and_compute_cell took 0.0283 seconds
[07-01 19:40:18][DEBUG] jax_fem: CuDSSNewtonSolver: iter=1  res=8.693e-06  rel=3.910e-14
[07-01 19:40:18][INFO] jax_fem: CuDSSNewtonSolver: solve finished in 0.09s  res=8.693e-06
[07-01 19:40:18][INFO] jax_fem: CuDSS backward: solving adjoint problem …
[07-01 19:40:18][DEBUG] jax_fem: DeviceProblem: computing Jacobian on device
[07-01 19:40:18][DEBUG] jax_fem: Function split_and_compute_cell took 0.0409 seconds
[07-01 19:40:18][DEBUG] jax_fem: Computing cell residual...
[07-01 19:40:18][DEBUG] jax_fem: Function split_and_compute_cell took 0.0740 seconds
[07-01 19:40:18][INFO] jax_fem: CuDSS backward: solving adjoint problem …
[07-01 19:40:18][DEBUG] jax_fem: DeviceProblem: computing Jacobian on device
[07-01 19:40:18][DEBUG] jax_fem: Function split_and_compute_cell took 0.0282 seconds
[07-01 19:40:19][DEBUG] jax_fem: Computing cell residual...
[07-01 19:40:19][DEBUG] jax_fem: Function split_and_compute_cell took 0.0585 seconds
[07-01 19:40:19][INFO] jax_fem: CuDSS backward: solving adjoint problem …
[07-01 19:40:19][DEBUG] jax_fem: DeviceProblem: computing Jacobian on device
[07-01 19:40:19][DEBUG] jax_fem: Function split_and_compute_cell took 0.0567 seconds
[07-01 19:40:19][DEBUG] jax_fem: Computing cell residual...
[07-01 19:40:19][DEBUG] jax_fem: Function split_and_compute_cell took 0.0741 seconds
[07-01 19:40:19][INFO] jax_fem: CuDSS backward: solving adjoint problem …
[07-01 19:40:19][DEBUG] jax_fem: DeviceProblem: computing Jacobian on device
[07-01 19:40:19][DEBUG] jax_fem: Function split_and_compute_cell took 0.0366 seconds
[07-01 19:40:19][DEBUG] jax_fem: Computing cell residual...
[07-01 19:40:19][DEBUG] jax_fem: Function split_and_compute_cell took 0.0644 seconds
[07-01 19:40:20][INFO] jax_fem: CuDSS backward: solving adjoint problem …
[07-01 19:40:20][DEBUG] jax_fem: DeviceProblem: computing Jacobian on device
[07-01 19:40:20][DEBUG] jax_fem: Function split_and_compute_cell took 0.0312 seconds
[07-01 19:40:20][DEBUG] jax_fem: Computing cell residual...
[07-01 19:40:20][DEBUG] jax_fem: Function split_and_compute_cell took 0.0600 seconds
