[gl059.hpc.nyu.edu:2203256] pmix_mca_base_component_repository_open: unable to open /scratch/lf2869/conda_envs/desc/lib/pmix/pmix_mca_pcompress_zlib.so: File /scratch/lf2869/conda_envs/desc/lib/pmix/pmix_mca_pcompress_zlib.so.sl not found (ignored)
[06-30 21:17:09][INFO] jax_fem: pyamgx not installed. AMGX solver disabled.
[06-30 21:17:12][DEBUG] jax_fem: Computing shape function values, gradients, etc.
[06-30 21:17:12][DEBUG] jax_fem: ele_type = TET10, quad_points.shape = (num_quads, dim) = (4, 3)
[06-30 21:17:12][DEBUG] jax_fem: face_quad_points.shape = (num_faces, num_face_quads, dim) = (4, 3, 3)
[06-30 21:17:12][DEBUG] jax_fem: Done pre-computations, took 0.04452705383300781 [s]
[06-30 21:17:12][INFO] jax_fem: Solving a problem with 1920 cells, 4160x3 = 12480 dofs.
[06-30 21:17:12][INFO] jax_fem: Element type is TET10, using 4 quad points per element.
[06-30 21:17:13][DEBUG] jax_fem: face_quad_points.shape = (num_faces, num_face_quads, dim) = (4, 3, 3)
[06-30 21:17:13][DEBUG] jax_fem: face_quad_points.shape = (num_faces, num_face_quads, dim) = (4, 6, 3)
[06-30 21:17:13][INFO] jax_fem: CuDSSNewtonSolver: building CSR pattern …
[06-30 21:17:13][INFO] jax_fem: CuDSSNewtonSolver: CSR pattern built in 0.31s  n=12480  nnz_csr=845280
[06-30 21:17:13][INFO] jax_fem: CuDSSNewtonSolver: building BC metadata …
[06-30 21:17:13][INFO] jax_fem: CuDSSNewtonSolver: instantiating cuDSS solver …
[06-30 21:17:13][DEBUG] jax_fem: Computing shape function values, gradients, etc.
[06-30 21:17:13][DEBUG] jax_fem: ele_type = TET10, quad_points.shape = (num_quads, dim) = (4, 3)
[06-30 21:17:13][DEBUG] jax_fem: face_quad_points.shape = (num_faces, num_face_quads, dim) = (4, 3, 3)
[06-30 21:17:13][DEBUG] jax_fem: Done pre-computations, took 0.008205890655517578 [s]
[06-30 21:17:13][INFO] jax_fem: Solving a problem with 1920 cells, 4160x3 = 12480 dofs.
[06-30 21:17:13][INFO] jax_fem: Element type is TET10, using 4 quad points per element.
[06-30 21:17:13][DEBUG] jax_fem: face_quad_points.shape = (num_faces, num_face_quads, dim) = (4, 3, 3)
[06-30 21:17:13][DEBUG] jax_fem: face_quad_points.shape = (num_faces, num_face_quads, dim) = (4, 6, 3)
[06-30 21:17:13][INFO] jax_fem: CuDSSNewtonSolver: building CSR pattern …
[06-30 21:17:13][INFO] jax_fem: CuDSSNewtonSolver: CSR pattern built in 0.30s  n=12480  nnz_csr=845280
[06-30 21:17:13][INFO] jax_fem: CuDSSNewtonSolver: building BC metadata …
[06-30 21:17:13][INFO] jax_fem: CuDSSNewtonSolver: instantiating cuDSS solver …
[06-30 21:17:13][DEBUG] jax_fem: Computing shape function values, gradients, etc.
[06-30 21:17:13][DEBUG] jax_fem: ele_type = TET10, quad_points.shape = (num_quads, dim) = (4, 3)
[06-30 21:17:13][DEBUG] jax_fem: face_quad_points.shape = (num_faces, num_face_quads, dim) = (4, 3, 3)
[06-30 21:17:13][DEBUG] jax_fem: Done pre-computations, took 0.007889986038208008 [s]
[06-30 21:17:13][INFO] jax_fem: Solving a problem with 1920 cells, 4160x3 = 12480 dofs.
[06-30 21:17:13][INFO] jax_fem: Element type is TET10, using 4 quad points per element.
[06-30 21:17:14][DEBUG] jax_fem: face_quad_points.shape = (num_faces, num_face_quads, dim) = (4, 3, 3)
[06-30 21:17:14][DEBUG] jax_fem: face_quad_points.shape = (num_faces, num_face_quads, dim) = (4, 6, 3)
[06-30 21:17:14][INFO] jax_fem: CuDSSNewtonSolver: building CSR pattern …
[06-30 21:17:14][INFO] jax_fem: CuDSSNewtonSolver: CSR pattern built in 0.30s  n=12480  nnz_csr=845280
[06-30 21:17:14][INFO] jax_fem: CuDSSNewtonSolver: building BC metadata …
[06-30 21:17:14][INFO] jax_fem: CuDSSNewtonSolver: instantiating cuDSS solver …
[06-30 21:17:14][DEBUG] jax_fem: Computing shape function values, gradients, etc.
[06-30 21:17:14][DEBUG] jax_fem: ele_type = TET10, quad_points.shape = (num_quads, dim) = (4, 3)
[06-30 21:17:14][DEBUG] jax_fem: face_quad_points.shape = (num_faces, num_face_quads, dim) = (4, 3, 3)
[06-30 21:17:14][DEBUG] jax_fem: Done pre-computations, took 0.007679462432861328 [s]
[06-30 21:17:14][INFO] jax_fem: Solving a problem with 1920 cells, 4160x3 = 12480 dofs.
[06-30 21:17:14][INFO] jax_fem: Element type is TET10, using 4 quad points per element.
[06-30 21:17:14][DEBUG] jax_fem: face_quad_points.shape = (num_faces, num_face_quads, dim) = (4, 3, 3)
[06-30 21:17:14][DEBUG] jax_fem: face_quad_points.shape = (num_faces, num_face_quads, dim) = (4, 6, 3)
[06-30 21:17:14][INFO] jax_fem: CuDSSNewtonSolver: building CSR pattern …
[06-30 21:17:14][INFO] jax_fem: CuDSSNewtonSolver: CSR pattern built in 0.29s  n=12480  nnz_csr=845280
[06-30 21:17:14][INFO] jax_fem: CuDSSNewtonSolver: building BC metadata …
[06-30 21:17:14][INFO] jax_fem: CuDSSNewtonSolver: instantiating cuDSS solver …
[06-30 21:17:14][DEBUG] jax_fem: Computing shape function values, gradients, etc.
[06-30 21:17:14][DEBUG] jax_fem: ele_type = TET10, quad_points.shape = (num_quads, dim) = (4, 3)
[06-30 21:17:14][DEBUG] jax_fem: face_quad_points.shape = (num_faces, num_face_quads, dim) = (4, 3, 3)
[06-30 21:17:14][DEBUG] jax_fem: Done pre-computations, took 0.007840871810913086 [s]
[06-30 21:17:14][INFO] jax_fem: Solving a problem with 1920 cells, 4160x3 = 12480 dofs.
[06-30 21:17:14][INFO] jax_fem: Element type is TET10, using 4 quad points per element.
[06-30 21:17:14][DEBUG] jax_fem: face_quad_points.shape = (num_faces, num_face_quads, dim) = (4, 3, 3)
[06-30 21:17:14][DEBUG] jax_fem: face_quad_points.shape = (num_faces, num_face_quads, dim) = (4, 6, 3)
[06-30 21:17:14][INFO] jax_fem: CuDSSNewtonSolver: building CSR pattern …
[06-30 21:17:15][INFO] jax_fem: CuDSSNewtonSolver: CSR pattern built in 0.30s  n=12480  nnz_csr=845280
[06-30 21:17:15][INFO] jax_fem: CuDSSNewtonSolver: building BC metadata …
[06-30 21:17:15][INFO] jax_fem: CuDSSNewtonSolver: instantiating cuDSS solver …
[06-30 21:17:34][DEBUG] jax_fem: CuDSSNewtonSolver: starting Newton loop
[06-30 21:17:35][DEBUG] jax_fem: DeviceProblem: computing Jacobian on device
[06-30 21:17:35][DEBUG] jax_fem: Function split_and_compute_cell took 0.5935 seconds
[06-30 21:17:36][DEBUG] jax_fem: CuDSSNewtonSolver: initial residual = 2.427e+08
[06-30 21:17:37][DEBUG] jax_fem: DeviceProblem: computing Jacobian on device
[06-30 21:17:37][DEBUG] jax_fem: Function split_and_compute_cell took 0.0255 seconds
[06-30 21:17:37][DEBUG] jax_fem: CuDSSNewtonSolver: iter=1  res=1.621e-05  rel=6.677e-14
[06-30 21:17:37][INFO] jax_fem: CuDSSNewtonSolver: solve finished in 2.92s  res=1.621e-05
[06-30 21:17:37][DEBUG] jax_fem: CuDSSNewtonSolver: starting Newton loop
[06-30 21:17:37][DEBUG] jax_fem: DeviceProblem: computing Jacobian on device
[06-30 21:17:38][DEBUG] jax_fem: Function split_and_compute_cell took 0.2354 seconds
[06-30 21:17:38][DEBUG] jax_fem: CuDSSNewtonSolver: initial residual = 2.407e+08
[06-30 21:17:38][DEBUG] jax_fem: DeviceProblem: computing Jacobian on device
[06-30 21:17:38][DEBUG] jax_fem: Function split_and_compute_cell took 0.0325 seconds
[06-30 21:17:38][DEBUG] jax_fem: CuDSSNewtonSolver: iter=1  res=1.688e-05  rel=7.012e-14
[06-30 21:17:38][INFO] jax_fem: CuDSSNewtonSolver: solve finished in 0.44s  res=1.688e-05
[06-30 21:17:38][DEBUG] jax_fem: CuDSSNewtonSolver: starting Newton loop
[06-30 21:17:38][DEBUG] jax_fem: DeviceProblem: computing Jacobian on device
[06-30 21:17:38][DEBUG] jax_fem: Function split_and_compute_cell took 0.3118 seconds
[06-30 21:17:39][DEBUG] jax_fem: CuDSSNewtonSolver: initial residual = 2.401e+08
[06-30 21:17:39][DEBUG] jax_fem: DeviceProblem: computing Jacobian on device
[06-30 21:17:39][DEBUG] jax_fem: Function split_and_compute_cell took 0.0244 seconds
[06-30 21:17:39][DEBUG] jax_fem: CuDSSNewtonSolver: iter=1  res=1.732e-05  rel=7.214e-14
[06-30 21:17:39][INFO] jax_fem: CuDSSNewtonSolver: solve finished in 0.51s  res=1.732e-05
[06-30 21:17:39][DEBUG] jax_fem: CuDSSNewtonSolver: starting Newton loop
[06-30 21:17:39][DEBUG] jax_fem: DeviceProblem: computing Jacobian on device
[06-30 21:17:39][DEBUG] jax_fem: Function split_and_compute_cell took 0.2208 seconds
[06-30 21:17:39][DEBUG] jax_fem: CuDSSNewtonSolver: initial residual = 2.429e+08
[06-30 21:17:39][DEBUG] jax_fem: DeviceProblem: computing Jacobian on device
[06-30 21:17:39][DEBUG] jax_fem: Function split_and_compute_cell took 0.0346 seconds
[06-30 21:17:39][DEBUG] jax_fem: CuDSSNewtonSolver: iter=1  res=1.547e-05  rel=6.369e-14
[06-30 21:17:39][INFO] jax_fem: CuDSSNewtonSolver: solve finished in 0.41s  res=1.547e-05
[06-30 21:17:40][DEBUG] jax_fem: CuDSSNewtonSolver: starting Newton loop
[06-30 21:17:40][DEBUG] jax_fem: DeviceProblem: computing Jacobian on device
[06-30 21:17:40][DEBUG] jax_fem: Function split_and_compute_cell took 0.2185 seconds
[06-30 21:17:40][DEBUG] jax_fem: CuDSSNewtonSolver: initial residual = 2.415e+08
[06-30 21:17:40][DEBUG] jax_fem: DeviceProblem: computing Jacobian on device
[06-30 21:17:40][DEBUG] jax_fem: Function split_and_compute_cell took 0.0460 seconds
[06-30 21:17:40][DEBUG] jax_fem: CuDSSNewtonSolver: iter=1  res=1.201e-05  rel=4.972e-14
[06-30 21:17:40][INFO] jax_fem: CuDSSNewtonSolver: solve finished in 0.43s  res=1.201e-05
[06-30 21:18:03][DEBUG] jax_fem: CuDSSNewtonSolver: starting Newton loop
[06-30 21:18:03][DEBUG] jax_fem: DeviceProblem: computing Jacobian on device
[06-30 21:18:03][DEBUG] jax_fem: Function split_and_compute_cell took 0.0287 seconds
[06-30 21:18:03][DEBUG] jax_fem: CuDSSNewtonSolver: initial residual = 2.427e+08
[06-30 21:18:03][DEBUG] jax_fem: DeviceProblem: computing Jacobian on device
[06-30 21:18:03][DEBUG] jax_fem: Function split_and_compute_cell took 0.0253 seconds
[06-30 21:18:03][DEBUG] jax_fem: CuDSSNewtonSolver: iter=1  res=1.688e-05  rel=6.956e-14
[06-30 21:18:03][INFO] jax_fem: CuDSSNewtonSolver: solve finished in 0.09s  res=1.688e-05
[06-30 21:18:04][DEBUG] jax_fem: CuDSSNewtonSolver: starting Newton loop
[06-30 21:18:04][DEBUG] jax_fem: DeviceProblem: computing Jacobian on device
[06-30 21:18:04][DEBUG] jax_fem: Function split_and_compute_cell took 0.0261 seconds
[06-30 21:18:04][DEBUG] jax_fem: CuDSSNewtonSolver: initial residual = 2.407e+08
[06-30 21:18:04][DEBUG] jax_fem: DeviceProblem: computing Jacobian on device
[06-30 21:18:04][DEBUG] jax_fem: Function split_and_compute_cell took 0.0269 seconds
[06-30 21:18:04][DEBUG] jax_fem: CuDSSNewtonSolver: iter=1  res=1.679e-05  rel=6.975e-14
[06-30 21:18:04][INFO] jax_fem: CuDSSNewtonSolver: solve finished in 0.09s  res=1.679e-05
[06-30 21:18:05][DEBUG] jax_fem: CuDSSNewtonSolver: starting Newton loop
[06-30 21:18:05][DEBUG] jax_fem: DeviceProblem: computing Jacobian on device
[06-30 21:18:05][DEBUG] jax_fem: Function split_and_compute_cell took 0.0262 seconds
[06-30 21:18:05][DEBUG] jax_fem: CuDSSNewtonSolver: initial residual = 2.401e+08
[06-30 21:18:05][DEBUG] jax_fem: DeviceProblem: computing Jacobian on device
[06-30 21:18:05][DEBUG] jax_fem: Function split_and_compute_cell took 0.0254 seconds
[06-30 21:18:05][DEBUG] jax_fem: CuDSSNewtonSolver: iter=1  res=1.728e-05  rel=7.197e-14
[06-30 21:18:05][INFO] jax_fem: CuDSSNewtonSolver: solve finished in 0.09s  res=1.728e-05
[06-30 21:18:05][DEBUG] jax_fem: CuDSSNewtonSolver: starting Newton loop
[06-30 21:18:05][DEBUG] jax_fem: DeviceProblem: computing Jacobian on device
[06-30 21:18:05][DEBUG] jax_fem: Function split_and_compute_cell took 0.0264 seconds
[06-30 21:18:05][DEBUG] jax_fem: CuDSSNewtonSolver: initial residual = 2.429e+08
[06-30 21:18:05][DEBUG] jax_fem: DeviceProblem: computing Jacobian on device
[06-30 21:18:05][DEBUG] jax_fem: Function split_and_compute_cell took 0.0268 seconds
[06-30 21:18:05][DEBUG] jax_fem: CuDSSNewtonSolver: iter=1  res=1.690e-05  rel=6.960e-14
[06-30 21:18:05][INFO] jax_fem: CuDSSNewtonSolver: solve finished in 0.09s  res=1.690e-05
[06-30 21:18:06][DEBUG] jax_fem: CuDSSNewtonSolver: starting Newton loop
[06-30 21:18:06][DEBUG] jax_fem: DeviceProblem: computing Jacobian on device
[06-30 21:18:06][DEBUG] jax_fem: Function split_and_compute_cell took 0.0268 seconds
[06-30 21:18:06][DEBUG] jax_fem: CuDSSNewtonSolver: initial residual = 2.415e+08
[06-30 21:18:06][DEBUG] jax_fem: DeviceProblem: computing Jacobian on device
[06-30 21:18:06][DEBUG] jax_fem: Function split_and_compute_cell took 0.0255 seconds
[06-30 21:18:06][DEBUG] jax_fem: CuDSSNewtonSolver: iter=1  res=1.201e-05  rel=4.974e-14
[06-30 21:18:06][INFO] jax_fem: CuDSSNewtonSolver: solve finished in 0.08s  res=1.201e-05
[06-30 21:18:07][INFO] jax_fem: CuDSS backward: solving adjoint problem …
[06-30 21:18:09][DEBUG] jax_fem: DeviceProblem: computing Jacobian on device
[06-30 21:18:09][DEBUG] jax_fem: Function split_and_compute_cell took 0.6338 seconds
[06-30 21:18:12][DEBUG] jax_fem: Computing cell residual...
[06-30 21:18:12][DEBUG] jax_fem: Function split_and_compute_cell took 0.2151 seconds
[06-30 21:18:33][INFO] jax_fem: CuDSS backward: solving adjoint problem …
[06-30 21:18:33][DEBUG] jax_fem: DeviceProblem: computing Jacobian on device
[06-30 21:18:33][DEBUG] jax_fem: Function split_and_compute_cell took 0.2318 seconds
[06-30 21:18:34][DEBUG] jax_fem: Computing cell residual...
[06-30 21:18:34][DEBUG] jax_fem: Function split_and_compute_cell took 0.2099 seconds
[06-30 21:18:34][INFO] jax_fem: CuDSS backward: solving adjoint problem …
[06-30 21:18:34][DEBUG] jax_fem: DeviceProblem: computing Jacobian on device
[06-30 21:18:34][DEBUG] jax_fem: Function split_and_compute_cell took 0.2291 seconds
[06-30 21:18:35][DEBUG] jax_fem: Computing cell residual...
[06-30 21:18:35][DEBUG] jax_fem: Function split_and_compute_cell took 0.1931 seconds
[06-30 21:18:35][INFO] jax_fem: CuDSS backward: solving adjoint problem …
[06-30 21:18:35][DEBUG] jax_fem: DeviceProblem: computing Jacobian on device
[06-30 21:18:35][DEBUG] jax_fem: Function split_and_compute_cell took 0.2288 seconds
[06-30 21:18:36][DEBUG] jax_fem: Computing cell residual...
[06-30 21:18:36][DEBUG] jax_fem: Function split_and_compute_cell took 0.1916 seconds
[06-30 21:18:36][INFO] jax_fem: CuDSS backward: solving adjoint problem …
[06-30 21:18:36][DEBUG] jax_fem: DeviceProblem: computing Jacobian on device
[06-30 21:18:37][DEBUG] jax_fem: Function split_and_compute_cell took 0.2348 seconds
[06-30 21:18:37][DEBUG] jax_fem: Computing cell residual...
[06-30 21:18:37][DEBUG] jax_fem: Function split_and_compute_cell took 0.1883 seconds
[06-30 21:18:40][DEBUG] jax_fem: CuDSSNewtonSolver: starting Newton loop
[06-30 21:18:40][DEBUG] jax_fem: DeviceProblem: computing Jacobian on device
[06-30 21:18:40][DEBUG] jax_fem: Function split_and_compute_cell took 0.0477 seconds
[06-30 21:18:40][DEBUG] jax_fem: CuDSSNewtonSolver: initial residual = 2.460e+08
[06-30 21:18:40][DEBUG] jax_fem: DeviceProblem: computing Jacobian on device
[06-30 21:18:40][DEBUG] jax_fem: Function split_and_compute_cell took 0.0229 seconds
[06-30 21:18:40][DEBUG] jax_fem: CuDSSNewtonSolver: iter=1  res=1.632e-05  rel=6.636e-14
[06-30 21:18:40][INFO] jax_fem: CuDSSNewtonSolver: solve finished in 0.11s  res=1.632e-05
[06-30 21:18:40][DEBUG] jax_fem: CuDSSNewtonSolver: starting Newton loop
[06-30 21:18:40][DEBUG] jax_fem: DeviceProblem: computing Jacobian on device
[06-30 21:18:40][DEBUG] jax_fem: Function split_and_compute_cell took 0.0607 seconds
[06-30 21:18:40][DEBUG] jax_fem: CuDSSNewtonSolver: initial residual = 2.428e+08
[06-30 21:18:40][DEBUG] jax_fem: DeviceProblem: computing Jacobian on device
[06-30 21:18:40][DEBUG] jax_fem: Function split_and_compute_cell took 0.0433 seconds
[06-30 21:18:40][DEBUG] jax_fem: CuDSSNewtonSolver: iter=1  res=1.486e-05  rel=6.121e-14
[06-30 21:18:40][INFO] jax_fem: CuDSSNewtonSolver: solve finished in 0.15s  res=1.486e-05
[06-30 21:18:40][DEBUG] jax_fem: CuDSSNewtonSolver: starting Newton loop
[06-30 21:18:40][DEBUG] jax_fem: DeviceProblem: computing Jacobian on device
[06-30 21:18:40][DEBUG] jax_fem: Function split_and_compute_cell took 0.0427 seconds
[06-30 21:18:40][DEBUG] jax_fem: CuDSSNewtonSolver: initial residual = 2.396e+08
[06-30 21:18:40][DEBUG] jax_fem: DeviceProblem: computing Jacobian on device
[06-30 21:18:41][DEBUG] jax_fem: Function split_and_compute_cell took 0.0600 seconds
[06-30 21:18:41][DEBUG] jax_fem: CuDSSNewtonSolver: iter=1  res=2.054e-05  rel=8.572e-14
[06-30 21:18:41][INFO] jax_fem: CuDSSNewtonSolver: solve finished in 0.14s  res=2.054e-05
[06-30 21:18:41][DEBUG] jax_fem: CuDSSNewtonSolver: starting Newton loop
[06-30 21:18:41][DEBUG] jax_fem: DeviceProblem: computing Jacobian on device
[06-30 21:18:41][DEBUG] jax_fem: Function split_and_compute_cell took 0.0310 seconds
[06-30 21:18:41][DEBUG] jax_fem: CuDSSNewtonSolver: initial residual = 1.088e+09
[06-30 21:18:41][DEBUG] jax_fem: DeviceProblem: computing Jacobian on device
[06-30 21:18:41][DEBUG] jax_fem: Function split_and_compute_cell took 0.0325 seconds
[06-30 21:18:41][DEBUG] jax_fem: CuDSSNewtonSolver: iter=1  res=2.195e-03  rel=2.016e-12
[06-30 21:18:41][INFO] jax_fem: CuDSSNewtonSolver: solve finished in 0.11s  res=2.195e-03
[06-30 21:18:41][DEBUG] jax_fem: CuDSSNewtonSolver: starting Newton loop
[06-30 21:18:41][DEBUG] jax_fem: DeviceProblem: computing Jacobian on device
[06-30 21:18:41][DEBUG] jax_fem: Function split_and_compute_cell took 0.0371 seconds
[06-30 21:18:41][DEBUG] jax_fem: CuDSSNewtonSolver: initial residual = 2.412e+08
[06-30 21:18:41][DEBUG] jax_fem: DeviceProblem: computing Jacobian on device
[06-30 21:18:41][DEBUG] jax_fem: Function split_and_compute_cell took 0.0290 seconds
[06-30 21:18:41][DEBUG] jax_fem: CuDSSNewtonSolver: iter=1  res=2.191e-05  rel=9.083e-14
[06-30 21:18:41][INFO] jax_fem: CuDSSNewtonSolver: solve finished in 0.11s  res=2.191e-05
[06-30 21:18:43][DEBUG] jax_fem: CuDSSNewtonSolver: starting Newton loop
[06-30 21:18:43][DEBUG] jax_fem: DeviceProblem: computing Jacobian on device
[06-30 21:18:43][DEBUG] jax_fem: Function split_and_compute_cell took 0.0270 seconds
[06-30 21:18:43][DEBUG] jax_fem: CuDSSNewtonSolver: initial residual = 2.460e+08
[06-30 21:18:43][DEBUG] jax_fem: DeviceProblem: computing Jacobian on device
[06-30 21:18:43][DEBUG] jax_fem: Function split_and_compute_cell took 0.0261 seconds
[06-30 21:18:43][DEBUG] jax_fem: CuDSSNewtonSolver: iter=1  res=1.646e-05  rel=6.691e-14
[06-30 21:18:43][INFO] jax_fem: CuDSSNewtonSolver: solve finished in 0.09s  res=1.646e-05
[06-30 21:18:44][DEBUG] jax_fem: CuDSSNewtonSolver: starting Newton loop
[06-30 21:18:44][DEBUG] jax_fem: DeviceProblem: computing Jacobian on device
[06-30 21:18:44][DEBUG] jax_fem: Function split_and_compute_cell took 0.0262 seconds
[06-30 21:18:44][DEBUG] jax_fem: CuDSSNewtonSolver: initial residual = 2.428e+08
[06-30 21:18:44][DEBUG] jax_fem: DeviceProblem: computing Jacobian on device
[06-30 21:18:44][DEBUG] jax_fem: Function split_and_compute_cell took 0.0262 seconds
[06-30 21:18:44][DEBUG] jax_fem: CuDSSNewtonSolver: iter=1  res=1.323e-05  rel=5.449e-14
[06-30 21:18:44][INFO] jax_fem: CuDSSNewtonSolver: solve finished in 0.09s  res=1.323e-05
[06-30 21:18:44][DEBUG] jax_fem: CuDSSNewtonSolver: starting Newton loop
[06-30 21:18:44][DEBUG] jax_fem: DeviceProblem: computing Jacobian on device
[06-30 21:18:44][DEBUG] jax_fem: Function split_and_compute_cell took 0.0271 seconds
[06-30 21:18:44][DEBUG] jax_fem: CuDSSNewtonSolver: initial residual = 2.396e+08
[06-30 21:18:45][DEBUG] jax_fem: DeviceProblem: computing Jacobian on device
[06-30 21:18:45][DEBUG] jax_fem: Function split_and_compute_cell took 0.0246 seconds
[06-30 21:18:45][DEBUG] jax_fem: CuDSSNewtonSolver: iter=1  res=2.085e-05  rel=8.702e-14
[06-30 21:18:45][INFO] jax_fem: CuDSSNewtonSolver: solve finished in 0.09s  res=2.085e-05
[06-30 21:18:45][DEBUG] jax_fem: CuDSSNewtonSolver: starting Newton loop
[06-30 21:18:45][DEBUG] jax_fem: DeviceProblem: computing Jacobian on device
[06-30 21:18:45][DEBUG] jax_fem: Function split_and_compute_cell took 0.0266 seconds
[06-30 21:18:45][DEBUG] jax_fem: CuDSSNewtonSolver: initial residual = 1.088e+09
[06-30 21:18:45][DEBUG] jax_fem: DeviceProblem: computing Jacobian on device
[06-30 21:18:45][DEBUG] jax_fem: Function split_and_compute_cell took 0.0254 seconds
[06-30 21:18:45][DEBUG] jax_fem: CuDSSNewtonSolver: iter=1  res=2.268e-03  rel=2.084e-12
[06-30 21:18:45][INFO] jax_fem: CuDSSNewtonSolver: solve finished in 0.09s  res=2.268e-03
[06-30 21:18:46][DEBUG] jax_fem: CuDSSNewtonSolver: starting Newton loop
[06-30 21:18:46][DEBUG] jax_fem: DeviceProblem: computing Jacobian on device
[06-30 21:18:46][DEBUG] jax_fem: Function split_and_compute_cell took 0.0257 seconds
[06-30 21:18:46][DEBUG] jax_fem: CuDSSNewtonSolver: initial residual = 2.412e+08
[06-30 21:18:46][DEBUG] jax_fem: DeviceProblem: computing Jacobian on device
[06-30 21:18:46][DEBUG] jax_fem: Function split_and_compute_cell took 0.0252 seconds
[06-30 21:18:46][DEBUG] jax_fem: CuDSSNewtonSolver: iter=1  res=2.217e-05  rel=9.192e-14
[06-30 21:18:46][INFO] jax_fem: CuDSSNewtonSolver: solve finished in 0.09s  res=2.217e-05
[06-30 21:18:46][INFO] jax_fem: CuDSS backward: solving adjoint problem …
[06-30 21:18:46][DEBUG] jax_fem: DeviceProblem: computing Jacobian on device
[06-30 21:18:46][DEBUG] jax_fem: Function split_and_compute_cell took 0.0484 seconds
[06-30 21:18:46][DEBUG] jax_fem: Computing cell residual...
[06-30 21:18:46][DEBUG] jax_fem: Function split_and_compute_cell took 0.0700 seconds
[06-30 21:18:46][INFO] jax_fem: CuDSS backward: solving adjoint problem …
[06-30 21:18:46][DEBUG] jax_fem: DeviceProblem: computing Jacobian on device
[06-30 21:18:46][DEBUG] jax_fem: Function split_and_compute_cell took 0.0465 seconds
[06-30 21:18:47][DEBUG] jax_fem: Computing cell residual...
[06-30 21:18:47][DEBUG] jax_fem: Function split_and_compute_cell took 0.0716 seconds
[06-30 21:18:47][INFO] jax_fem: CuDSS backward: solving adjoint problem …
[06-30 21:18:47][DEBUG] jax_fem: DeviceProblem: computing Jacobian on device
[06-30 21:18:47][DEBUG] jax_fem: Function split_and_compute_cell took 0.0239 seconds
[06-30 21:18:47][DEBUG] jax_fem: Computing cell residual...
[06-30 21:18:47][DEBUG] jax_fem: Function split_and_compute_cell took 0.0616 seconds
[06-30 21:18:47][INFO] jax_fem: CuDSS backward: solving adjoint problem …
[06-30 21:18:47][DEBUG] jax_fem: DeviceProblem: computing Jacobian on device
[06-30 21:18:47][DEBUG] jax_fem: Function split_and_compute_cell took 0.0443 seconds
[06-30 21:18:47][DEBUG] jax_fem: Computing cell residual...
[06-30 21:18:47][DEBUG] jax_fem: Function split_and_compute_cell took 0.0577 seconds
[06-30 21:18:48][INFO] jax_fem: CuDSS backward: solving adjoint problem …
[06-30 21:18:48][DEBUG] jax_fem: DeviceProblem: computing Jacobian on device
[06-30 21:18:48][DEBUG] jax_fem: Function split_and_compute_cell took 0.0463 seconds
[06-30 21:18:48][DEBUG] jax_fem: Computing cell residual...
[06-30 21:18:48][DEBUG] jax_fem: Function split_and_compute_cell took 0.0673 seconds
[06-30 21:18:49][DEBUG] jax_fem: CuDSSNewtonSolver: starting Newton loop
[06-30 21:18:49][DEBUG] jax_fem: DeviceProblem: computing Jacobian on device
[06-30 21:18:49][DEBUG] jax_fem: Function split_and_compute_cell took 0.0354 seconds
[06-30 21:18:49][DEBUG] jax_fem: CuDSSNewtonSolver: initial residual = 2.427e+08
[06-30 21:18:49][DEBUG] jax_fem: DeviceProblem: computing Jacobian on device
[06-30 21:18:49][DEBUG] jax_fem: Function split_and_compute_cell took 0.0396 seconds
[06-30 21:18:49][DEBUG] jax_fem: CuDSSNewtonSolver: iter=1  res=1.596e-05  rel=6.577e-14
[06-30 21:18:49][INFO] jax_fem: CuDSSNewtonSolver: solve finished in 0.12s  res=1.596e-05
[06-30 21:18:50][DEBUG] jax_fem: CuDSSNewtonSolver: starting Newton loop
[06-30 21:18:50][DEBUG] jax_fem: DeviceProblem: computing Jacobian on device
[06-30 21:18:50][DEBUG] jax_fem: Function split_and_compute_cell took 0.0488 seconds
[06-30 21:18:50][DEBUG] jax_fem: CuDSSNewtonSolver: initial residual = 2.407e+08
[06-30 21:18:50][DEBUG] jax_fem: DeviceProblem: computing Jacobian on device
[06-30 21:18:50][DEBUG] jax_fem: Function split_and_compute_cell took 0.0397 seconds
[06-30 21:18:50][DEBUG] jax_fem: CuDSSNewtonSolver: iter=1  res=1.641e-05  rel=6.816e-14
[06-30 21:18:50][INFO] jax_fem: CuDSSNewtonSolver: solve finished in 0.13s  res=1.641e-05
[06-30 21:18:50][DEBUG] jax_fem: CuDSSNewtonSolver: starting Newton loop
[06-30 21:18:50][DEBUG] jax_fem: DeviceProblem: computing Jacobian on device
[06-30 21:18:50][DEBUG] jax_fem: Function split_and_compute_cell took 0.0420 seconds
[06-30 21:18:50][DEBUG] jax_fem: CuDSSNewtonSolver: initial residual = 2.401e+08
[06-30 21:18:50][DEBUG] jax_fem: DeviceProblem: computing Jacobian on device
[06-30 21:18:50][DEBUG] jax_fem: Function split_and_compute_cell took 0.0330 seconds
[06-30 21:18:50][DEBUG] jax_fem: CuDSSNewtonSolver: iter=1  res=1.720e-05  rel=7.165e-14
[06-30 21:18:50][INFO] jax_fem: CuDSSNewtonSolver: solve finished in 0.12s  res=1.720e-05
[06-30 21:18:50][DEBUG] jax_fem: CuDSSNewtonSolver: starting Newton loop
[06-30 21:18:50][DEBUG] jax_fem: DeviceProblem: computing Jacobian on device
[06-30 21:18:50][DEBUG] jax_fem: Function split_and_compute_cell took 0.0555 seconds
[06-30 21:18:50][DEBUG] jax_fem: CuDSSNewtonSolver: initial residual = 2.429e+08
[06-30 21:18:50][DEBUG] jax_fem: DeviceProblem: computing Jacobian on device
[06-30 21:18:51][DEBUG] jax_fem: Function split_and_compute_cell took 0.0392 seconds
[06-30 21:18:51][DEBUG] jax_fem: CuDSSNewtonSolver: iter=1  res=1.567e-05  rel=6.453e-14
[06-30 21:18:51][INFO] jax_fem: CuDSSNewtonSolver: solve finished in 0.14s  res=1.567e-05
[06-30 21:18:51][DEBUG] jax_fem: CuDSSNewtonSolver: starting Newton loop
[06-30 21:18:51][DEBUG] jax_fem: DeviceProblem: computing Jacobian on device
[06-30 21:18:51][DEBUG] jax_fem: Function split_and_compute_cell took 0.0561 seconds
[06-30 21:18:51][DEBUG] jax_fem: CuDSSNewtonSolver: initial residual = 2.415e+08
[06-30 21:18:51][DEBUG] jax_fem: DeviceProblem: computing Jacobian on device
[06-30 21:18:51][DEBUG] jax_fem: Function split_and_compute_cell took 0.0478 seconds
[06-30 21:18:51][DEBUG] jax_fem: CuDSSNewtonSolver: iter=1  res=1.158e-05  rel=4.795e-14
[06-30 21:18:51][INFO] jax_fem: CuDSSNewtonSolver: solve finished in 0.15s  res=1.158e-05
[06-30 21:18:53][DEBUG] jax_fem: CuDSSNewtonSolver: starting Newton loop
[06-30 21:18:53][DEBUG] jax_fem: DeviceProblem: computing Jacobian on device
[06-30 21:18:53][DEBUG] jax_fem: Function split_and_compute_cell took 0.0259 seconds
[06-30 21:18:53][DEBUG] jax_fem: CuDSSNewtonSolver: initial residual = 2.427e+08
[06-30 21:18:53][DEBUG] jax_fem: DeviceProblem: computing Jacobian on device
[06-30 21:18:53][DEBUG] jax_fem: Function split_and_compute_cell took 0.0251 seconds
[06-30 21:18:53][DEBUG] jax_fem: CuDSSNewtonSolver: iter=1  res=1.600e-05  rel=6.590e-14
[06-30 21:18:53][INFO] jax_fem: CuDSSNewtonSolver: solve finished in 0.09s  res=1.600e-05
[06-30 21:18:53][DEBUG] jax_fem: CuDSSNewtonSolver: starting Newton loop
[06-30 21:18:53][DEBUG] jax_fem: DeviceProblem: computing Jacobian on device
[06-30 21:18:53][DEBUG] jax_fem: Function split_and_compute_cell took 0.0256 seconds
[06-30 21:18:53][DEBUG] jax_fem: CuDSSNewtonSolver: initial residual = 2.407e+08
[06-30 21:18:53][DEBUG] jax_fem: DeviceProblem: computing Jacobian on device
[06-30 21:18:53][DEBUG] jax_fem: Function split_and_compute_cell took 0.0266 seconds
[06-30 21:18:53][DEBUG] jax_fem: CuDSSNewtonSolver: iter=1  res=1.579e-05  rel=6.558e-14
[06-30 21:18:53][INFO] jax_fem: CuDSSNewtonSolver: solve finished in 0.09s  res=1.579e-05
[06-30 21:18:54][DEBUG] jax_fem: CuDSSNewtonSolver: starting Newton loop
[06-30 21:18:54][DEBUG] jax_fem: DeviceProblem: computing Jacobian on device
[06-30 21:18:54][DEBUG] jax_fem: Function split_and_compute_cell took 0.0273 seconds
[06-30 21:18:54][DEBUG] jax_fem: CuDSSNewtonSolver: initial residual = 2.401e+08
[06-30 21:18:54][DEBUG] jax_fem: DeviceProblem: computing Jacobian on device
[06-30 21:18:54][DEBUG] jax_fem: Function split_and_compute_cell took 0.0267 seconds
[06-30 21:18:54][DEBUG] jax_fem: CuDSSNewtonSolver: iter=1  res=1.846e-05  rel=7.689e-14
[06-30 21:18:54][INFO] jax_fem: CuDSSNewtonSolver: solve finished in 0.09s  res=1.846e-05
[06-30 21:18:54][DEBUG] jax_fem: CuDSSNewtonSolver: starting Newton loop
[06-30 21:18:54][DEBUG] jax_fem: DeviceProblem: computing Jacobian on device
[06-30 21:18:54][DEBUG] jax_fem: Function split_and_compute_cell took 0.0266 seconds
[06-30 21:18:54][DEBUG] jax_fem: CuDSSNewtonSolver: initial residual = 2.429e+08
[06-30 21:18:54][DEBUG] jax_fem: DeviceProblem: computing Jacobian on device
[06-30 21:18:55][DEBUG] jax_fem: Function split_and_compute_cell took 0.0260 seconds
[06-30 21:18:55][DEBUG] jax_fem: CuDSSNewtonSolver: iter=1  res=1.590e-05  rel=6.545e-14
[06-30 21:18:55][INFO] jax_fem: CuDSSNewtonSolver: solve finished in 0.09s  res=1.590e-05
[06-30 21:18:55][DEBUG] jax_fem: CuDSSNewtonSolver: starting Newton loop
[06-30 21:18:55][DEBUG] jax_fem: DeviceProblem: computing Jacobian on device
[06-30 21:18:55][DEBUG] jax_fem: Function split_and_compute_cell took 0.0255 seconds
[06-30 21:18:55][DEBUG] jax_fem: CuDSSNewtonSolver: initial residual = 2.415e+08
[06-30 21:18:55][DEBUG] jax_fem: DeviceProblem: computing Jacobian on device
[06-30 21:18:55][DEBUG] jax_fem: Function split_and_compute_cell took 0.0254 seconds
[06-30 21:18:55][DEBUG] jax_fem: CuDSSNewtonSolver: iter=1  res=1.186e-05  rel=4.910e-14
[06-30 21:18:55][INFO] jax_fem: CuDSSNewtonSolver: solve finished in 0.09s  res=1.186e-05
[06-30 21:18:55][INFO] jax_fem: CuDSS backward: solving adjoint problem …
[06-30 21:18:55][DEBUG] jax_fem: DeviceProblem: computing Jacobian on device
[06-30 21:18:55][DEBUG] jax_fem: Function split_and_compute_cell took 0.0252 seconds
[06-30 21:18:55][DEBUG] jax_fem: Computing cell residual...
[06-30 21:18:55][DEBUG] jax_fem: Function split_and_compute_cell took 0.0646 seconds
[06-30 21:18:56][INFO] jax_fem: CuDSS backward: solving adjoint problem …
[06-30 21:18:56][DEBUG] jax_fem: DeviceProblem: computing Jacobian on device
[06-30 21:18:56][DEBUG] jax_fem: Function split_and_compute_cell took 0.0359 seconds
[06-30 21:18:56][DEBUG] jax_fem: Computing cell residual...
[06-30 21:18:56][DEBUG] jax_fem: Function split_and_compute_cell took 0.0680 seconds
[06-30 21:18:56][INFO] jax_fem: CuDSS backward: solving adjoint problem …
[06-30 21:18:56][DEBUG] jax_fem: DeviceProblem: computing Jacobian on device
[06-30 21:18:56][DEBUG] jax_fem: Function split_and_compute_cell took 0.0302 seconds
[06-30 21:18:56][DEBUG] jax_fem: Computing cell residual...
[06-30 21:18:56][DEBUG] jax_fem: Function split_and_compute_cell took 0.0755 seconds
[06-30 21:18:56][INFO] jax_fem: CuDSS backward: solving adjoint problem …
[06-30 21:18:56][DEBUG] jax_fem: DeviceProblem: computing Jacobian on device
[06-30 21:18:56][DEBUG] jax_fem: Function split_and_compute_cell took 0.0477 seconds
[06-30 21:18:56][DEBUG] jax_fem: Computing cell residual...
[06-30 21:18:57][DEBUG] jax_fem: Function split_and_compute_cell took 0.0691 seconds
[06-30 21:18:57][INFO] jax_fem: CuDSS backward: solving adjoint problem …
[06-30 21:18:57][DEBUG] jax_fem: DeviceProblem: computing Jacobian on device
[06-30 21:18:57][DEBUG] jax_fem: Function split_and_compute_cell took 0.0229 seconds
[06-30 21:18:57][DEBUG] jax_fem: Computing cell residual...
[06-30 21:18:57][DEBUG] jax_fem: Function split_and_compute_cell took 0.0703 seconds
[06-30 21:18:59][DEBUG] jax_fem: CuDSSNewtonSolver: starting Newton loop
[06-30 21:18:59][DEBUG] jax_fem: DeviceProblem: computing Jacobian on device
[06-30 21:18:59][DEBUG] jax_fem: Function split_and_compute_cell took 0.0365 seconds
[06-30 21:18:59][DEBUG] jax_fem: CuDSSNewtonSolver: initial residual = 2.427e+08
[06-30 21:18:59][DEBUG] jax_fem: DeviceProblem: computing Jacobian on device
[06-30 21:18:59][DEBUG] jax_fem: Function split_and_compute_cell took 0.0448 seconds
[06-30 21:18:59][DEBUG] jax_fem: CuDSSNewtonSolver: iter=1  res=1.586e-05  rel=6.532e-14
[06-30 21:18:59][INFO] jax_fem: CuDSSNewtonSolver: solve finished in 0.12s  res=1.586e-05
[06-30 21:18:59][DEBUG] jax_fem: CuDSSNewtonSolver: starting Newton loop
[06-30 21:18:59][DEBUG] jax_fem: DeviceProblem: computing Jacobian on device
[06-30 21:18:59][DEBUG] jax_fem: Function split_and_compute_cell took 0.0285 seconds
[06-30 21:18:59][DEBUG] jax_fem: CuDSSNewtonSolver: initial residual = 2.407e+08
[06-30 21:18:59][DEBUG] jax_fem: DeviceProblem: computing Jacobian on device
[06-30 21:18:59][DEBUG] jax_fem: Function split_and_compute_cell took 0.0314 seconds
[06-30 21:18:59][DEBUG] jax_fem: CuDSSNewtonSolver: iter=1  res=1.673e-05  rel=6.951e-14
[06-30 21:18:59][INFO] jax_fem: CuDSSNewtonSolver: solve finished in 0.10s  res=1.673e-05
[06-30 21:18:59][DEBUG] jax_fem: CuDSSNewtonSolver: starting Newton loop
[06-30 21:18:59][DEBUG] jax_fem: DeviceProblem: computing Jacobian on device
[06-30 21:18:59][DEBUG] jax_fem: Function split_and_compute_cell took 0.0272 seconds
[06-30 21:18:59][DEBUG] jax_fem: CuDSSNewtonSolver: initial residual = 2.401e+08
[06-30 21:18:59][DEBUG] jax_fem: DeviceProblem: computing Jacobian on device
[06-30 21:18:59][DEBUG] jax_fem: Function split_and_compute_cell took 0.0298 seconds
[06-30 21:18:59][DEBUG] jax_fem: CuDSSNewtonSolver: iter=1  res=1.718e-05  rel=7.155e-14
[06-30 21:18:59][INFO] jax_fem: CuDSSNewtonSolver: solve finished in 0.10s  res=1.718e-05
[06-30 21:19:00][DEBUG] jax_fem: CuDSSNewtonSolver: starting Newton loop
[06-30 21:19:00][DEBUG] jax_fem: DeviceProblem: computing Jacobian on device
[06-30 21:19:00][DEBUG] jax_fem: Function split_and_compute_cell took 0.0461 seconds
[06-30 21:19:00][DEBUG] jax_fem: CuDSSNewtonSolver: initial residual = 2.429e+08
[06-30 21:19:00][DEBUG] jax_fem: DeviceProblem: computing Jacobian on device
[06-30 21:19:00][DEBUG] jax_fem: Function split_and_compute_cell took 0.0259 seconds
[06-30 21:19:00][DEBUG] jax_fem: CuDSSNewtonSolver: iter=1  res=1.633e-05  rel=6.724e-14
[06-30 21:19:00][INFO] jax_fem: CuDSSNewtonSolver: solve finished in 0.11s  res=1.633e-05
[06-30 21:19:00][DEBUG] jax_fem: CuDSSNewtonSolver: starting Newton loop
[06-30 21:19:00][DEBUG] jax_fem: DeviceProblem: computing Jacobian on device
[06-30 21:19:00][DEBUG] jax_fem: Function split_and_compute_cell took 0.0402 seconds
[06-30 21:19:00][DEBUG] jax_fem: CuDSSNewtonSolver: initial residual = 2.415e+08
[06-30 21:19:00][DEBUG] jax_fem: DeviceProblem: computing Jacobian on device
[06-30 21:19:00][DEBUG] jax_fem: Function split_and_compute_cell took 0.0285 seconds
[06-30 21:19:00][DEBUG] jax_fem: CuDSSNewtonSolver: iter=1  res=1.178e-05  rel=4.881e-14
[06-30 21:19:00][INFO] jax_fem: CuDSSNewtonSolver: solve finished in 0.11s  res=1.178e-05
[06-30 21:19:02][DEBUG] jax_fem: CuDSSNewtonSolver: starting Newton loop
[06-30 21:19:02][DEBUG] jax_fem: DeviceProblem: computing Jacobian on device
[06-30 21:19:02][DEBUG] jax_fem: Function split_and_compute_cell took 0.0275 seconds
[06-30 21:19:02][DEBUG] jax_fem: CuDSSNewtonSolver: initial residual = 2.427e+08
[06-30 21:19:02][DEBUG] jax_fem: DeviceProblem: computing Jacobian on device
[06-30 21:19:02][DEBUG] jax_fem: Function split_and_compute_cell took 0.0287 seconds
[06-30 21:19:02][DEBUG] jax_fem: CuDSSNewtonSolver: iter=1  res=1.608e-05  rel=6.624e-14
[06-30 21:19:02][INFO] jax_fem: CuDSSNewtonSolver: solve finished in 0.09s  res=1.608e-05
[06-30 21:19:02][DEBUG] jax_fem: CuDSSNewtonSolver: starting Newton loop
[06-30 21:19:02][DEBUG] jax_fem: DeviceProblem: computing Jacobian on device
[06-30 21:19:02][DEBUG] jax_fem: Function split_and_compute_cell took 0.0266 seconds
[06-30 21:19:02][DEBUG] jax_fem: CuDSSNewtonSolver: initial residual = 2.407e+08
[06-30 21:19:02][DEBUG] jax_fem: DeviceProblem: computing Jacobian on device
[06-30 21:19:02][DEBUG] jax_fem: Function split_and_compute_cell took 0.0253 seconds
[06-30 21:19:02][DEBUG] jax_fem: CuDSSNewtonSolver: iter=1  res=1.613e-05  rel=6.699e-14
[06-30 21:19:02][INFO] jax_fem: CuDSSNewtonSolver: solve finished in 0.09s  res=1.613e-05
[06-30 21:19:03][DEBUG] jax_fem: CuDSSNewtonSolver: starting Newton loop
[06-30 21:19:03][DEBUG] jax_fem: DeviceProblem: computing Jacobian on device
[06-30 21:19:03][DEBUG] jax_fem: Function split_and_compute_cell took 0.0286 seconds
[06-30 21:19:03][DEBUG] jax_fem: CuDSSNewtonSolver: initial residual = 2.401e+08
[06-30 21:19:03][DEBUG] jax_fem: DeviceProblem: computing Jacobian on device
[06-30 21:19:03][DEBUG] jax_fem: Function split_and_compute_cell took 0.0271 seconds
[06-30 21:19:03][DEBUG] jax_fem: CuDSSNewtonSolver: iter=1  res=1.675e-05  rel=6.977e-14
[06-30 21:19:03][INFO] jax_fem: CuDSSNewtonSolver: solve finished in 0.09s  res=1.675e-05
[06-30 21:19:04][DEBUG] jax_fem: CuDSSNewtonSolver: starting Newton loop
[06-30 21:19:04][DEBUG] jax_fem: DeviceProblem: computing Jacobian on device
[06-30 21:19:04][DEBUG] jax_fem: Function split_and_compute_cell took 0.0249 seconds
[06-30 21:19:04][DEBUG] jax_fem: CuDSSNewtonSolver: initial residual = 2.429e+08
[06-30 21:19:04][DEBUG] jax_fem: DeviceProblem: computing Jacobian on device
[06-30 21:19:04][DEBUG] jax_fem: Function split_and_compute_cell took 0.0253 seconds
[06-30 21:19:04][DEBUG] jax_fem: CuDSSNewtonSolver: iter=1  res=1.544e-05  rel=6.356e-14
[06-30 21:19:04][INFO] jax_fem: CuDSSNewtonSolver: solve finished in 0.08s  res=1.544e-05
[06-30 21:19:04][DEBUG] jax_fem: CuDSSNewtonSolver: starting Newton loop
[06-30 21:19:04][DEBUG] jax_fem: DeviceProblem: computing Jacobian on device
[06-30 21:19:04][DEBUG] jax_fem: Function split_and_compute_cell took 0.0262 seconds
[06-30 21:19:04][DEBUG] jax_fem: CuDSSNewtonSolver: initial residual = 2.415e+08
[06-30 21:19:04][DEBUG] jax_fem: DeviceProblem: computing Jacobian on device
[06-30 21:19:04][DEBUG] jax_fem: Function split_and_compute_cell took 0.0257 seconds
[06-30 21:19:04][DEBUG] jax_fem: CuDSSNewtonSolver: iter=1  res=1.219e-05  rel=5.050e-14
[06-30 21:19:04][INFO] jax_fem: CuDSSNewtonSolver: solve finished in 0.09s  res=1.219e-05
[06-30 21:19:04][INFO] jax_fem: CuDSS backward: solving adjoint problem …
[06-30 21:19:04][DEBUG] jax_fem: DeviceProblem: computing Jacobian on device
[06-30 21:19:04][DEBUG] jax_fem: Function split_and_compute_cell took 0.0538 seconds
[06-30 21:19:04][DEBUG] jax_fem: Computing cell residual...
[06-30 21:19:05][DEBUG] jax_fem: Function split_and_compute_cell took 0.0704 seconds
[06-30 21:19:05][INFO] jax_fem: CuDSS backward: solving adjoint problem …
[06-30 21:19:05][DEBUG] jax_fem: DeviceProblem: computing Jacobian on device
[06-30 21:19:05][DEBUG] jax_fem: Function split_and_compute_cell took 0.0349 seconds
[06-30 21:19:05][DEBUG] jax_fem: Computing cell residual...
[06-30 21:19:05][DEBUG] jax_fem: Function split_and_compute_cell took 0.0669 seconds
[06-30 21:19:05][INFO] jax_fem: CuDSS backward: solving adjoint problem …
[06-30 21:19:05][DEBUG] jax_fem: DeviceProblem: computing Jacobian on device
[06-30 21:19:05][DEBUG] jax_fem: Function split_and_compute_cell took 0.0264 seconds
[06-30 21:19:05][DEBUG] jax_fem: Computing cell residual...
[06-30 21:19:05][DEBUG] jax_fem: Function split_and_compute_cell took 0.0722 seconds
[06-30 21:19:06][INFO] jax_fem: CuDSS backward: solving adjoint problem …
[06-30 21:19:06][DEBUG] jax_fem: DeviceProblem: computing Jacobian on device
[06-30 21:19:06][DEBUG] jax_fem: Function split_and_compute_cell took 0.0346 seconds
[06-30 21:19:06][DEBUG] jax_fem: Computing cell residual...
[06-30 21:19:06][DEBUG] jax_fem: Function split_and_compute_cell took 0.0579 seconds
[06-30 21:19:06][INFO] jax_fem: CuDSS backward: solving adjoint problem …
[06-30 21:19:06][DEBUG] jax_fem: DeviceProblem: computing Jacobian on device
[06-30 21:19:06][DEBUG] jax_fem: Function split_and_compute_cell took 0.0283 seconds
[06-30 21:19:06][DEBUG] jax_fem: Computing cell residual...
[06-30 21:19:06][DEBUG] jax_fem: Function split_and_compute_cell took 0.0697 seconds
[06-30 21:19:08][DEBUG] jax_fem: CuDSSNewtonSolver: starting Newton loop
[06-30 21:19:08][DEBUG] jax_fem: DeviceProblem: computing Jacobian on device
[06-30 21:19:08][DEBUG] jax_fem: Function split_and_compute_cell took 0.0270 seconds
[06-30 21:19:08][DEBUG] jax_fem: CuDSSNewtonSolver: initial residual = 2.427e+08
[06-30 21:19:08][DEBUG] jax_fem: DeviceProblem: computing Jacobian on device
[06-30 21:19:08][DEBUG] jax_fem: Function split_and_compute_cell took 0.0425 seconds
[06-30 21:19:08][DEBUG] jax_fem: CuDSSNewtonSolver: iter=1  res=1.578e-05  rel=6.500e-14
[06-30 21:19:08][INFO] jax_fem: CuDSSNewtonSolver: solve finished in 0.11s  res=1.578e-05
[06-30 21:19:08][DEBUG] jax_fem: CuDSSNewtonSolver: starting Newton loop
[06-30 21:19:08][DEBUG] jax_fem: DeviceProblem: computing Jacobian on device
[06-30 21:19:08][DEBUG] jax_fem: Function split_and_compute_cell took 0.0427 seconds
[06-30 21:19:08][DEBUG] jax_fem: CuDSSNewtonSolver: initial residual = 2.407e+08
[06-30 21:19:08][DEBUG] jax_fem: DeviceProblem: computing Jacobian on device
[06-30 21:19:08][DEBUG] jax_fem: Function split_and_compute_cell took 0.0296 seconds
[06-30 21:19:08][DEBUG] jax_fem: CuDSSNewtonSolver: iter=1  res=1.655e-05  rel=6.876e-14
[06-30 21:19:08][INFO] jax_fem: CuDSSNewtonSolver: solve finished in 0.11s  res=1.655e-05
[06-30 21:19:08][DEBUG] jax_fem: CuDSSNewtonSolver: starting Newton loop
[06-30 21:19:08][DEBUG] jax_fem: DeviceProblem: computing Jacobian on device
[06-30 21:19:08][DEBUG] jax_fem: Function split_and_compute_cell took 0.0638 seconds
[06-30 21:19:08][DEBUG] jax_fem: CuDSSNewtonSolver: initial residual = 2.401e+08
[06-30 21:19:08][DEBUG] jax_fem: DeviceProblem: computing Jacobian on device
[06-30 21:19:08][DEBUG] jax_fem: Function split_and_compute_cell took 0.0509 seconds
[06-30 21:19:08][DEBUG] jax_fem: CuDSSNewtonSolver: iter=1  res=1.826e-05  rel=7.605e-14
[06-30 21:19:08][INFO] jax_fem: CuDSSNewtonSolver: solve finished in 0.16s  res=1.826e-05
[06-30 21:19:09][DEBUG] jax_fem: CuDSSNewtonSolver: starting Newton loop
[06-30 21:19:09][DEBUG] jax_fem: DeviceProblem: computing Jacobian on device
[06-30 21:19:09][DEBUG] jax_fem: Function split_and_compute_cell took 0.0267 seconds
[06-30 21:19:09][DEBUG] jax_fem: CuDSSNewtonSolver: initial residual = 2.429e+08
[06-30 21:19:09][DEBUG] jax_fem: DeviceProblem: computing Jacobian on device
[06-30 21:19:09][DEBUG] jax_fem: Function split_and_compute_cell took 0.0286 seconds
[06-30 21:19:09][DEBUG] jax_fem: CuDSSNewtonSolver: iter=1  res=1.587e-05  rel=6.533e-14
[06-30 21:19:09][INFO] jax_fem: CuDSSNewtonSolver: solve finished in 0.09s  res=1.587e-05
[06-30 21:19:09][DEBUG] jax_fem: CuDSSNewtonSolver: starting Newton loop
[06-30 21:19:09][DEBUG] jax_fem: DeviceProblem: computing Jacobian on device
[06-30 21:19:09][DEBUG] jax_fem: Function split_and_compute_cell took 0.0265 seconds
[06-30 21:19:09][DEBUG] jax_fem: CuDSSNewtonSolver: initial residual = 2.415e+08
[06-30 21:19:09][DEBUG] jax_fem: DeviceProblem: computing Jacobian on device
[06-30 21:19:09][DEBUG] jax_fem: Function split_and_compute_cell took 0.0271 seconds
[06-30 21:19:09][DEBUG] jax_fem: CuDSSNewtonSolver: iter=1  res=1.171e-05  rel=4.850e-14
[06-30 21:19:09][INFO] jax_fem: CuDSSNewtonSolver: solve finished in 0.10s  res=1.171e-05
[06-30 21:19:11][DEBUG] jax_fem: CuDSSNewtonSolver: starting Newton loop
[06-30 21:19:11][DEBUG] jax_fem: DeviceProblem: computing Jacobian on device
[06-30 21:19:11][DEBUG] jax_fem: Function split_and_compute_cell took 0.0273 seconds
[06-30 21:19:11][DEBUG] jax_fem: CuDSSNewtonSolver: initial residual = 2.427e+08
[06-30 21:19:11][DEBUG] jax_fem: DeviceProblem: computing Jacobian on device
[06-30 21:19:11][DEBUG] jax_fem: Function split_and_compute_cell took 0.0261 seconds
[06-30 21:19:11][DEBUG] jax_fem: CuDSSNewtonSolver: iter=1  res=1.642e-05  rel=6.766e-14
[06-30 21:19:11][INFO] jax_fem: CuDSSNewtonSolver: solve finished in 0.09s  res=1.642e-05
[06-30 21:19:12][DEBUG] jax_fem: CuDSSNewtonSolver: starting Newton loop
[06-30 21:19:12][DEBUG] jax_fem: DeviceProblem: computing Jacobian on device
[06-30 21:19:12][DEBUG] jax_fem: Function split_and_compute_cell took 0.0273 seconds
[06-30 21:19:12][DEBUG] jax_fem: CuDSSNewtonSolver: initial residual = 2.407e+08
[06-30 21:19:12][DEBUG] jax_fem: DeviceProblem: computing Jacobian on device
[06-30 21:19:12][DEBUG] jax_fem: Function split_and_compute_cell took 0.0272 seconds
[06-30 21:19:12][DEBUG] jax_fem: CuDSSNewtonSolver: iter=1  res=1.609e-05  rel=6.683e-14
[06-30 21:19:12][INFO] jax_fem: CuDSSNewtonSolver: solve finished in 0.09s  res=1.609e-05
[06-30 21:19:12][DEBUG] jax_fem: CuDSSNewtonSolver: starting Newton loop
[06-30 21:19:12][DEBUG] jax_fem: DeviceProblem: computing Jacobian on device
[06-30 21:19:12][DEBUG] jax_fem: Function split_and_compute_cell took 0.0255 seconds
[06-30 21:19:12][DEBUG] jax_fem: CuDSSNewtonSolver: initial residual = 2.401e+08
[06-30 21:19:12][DEBUG] jax_fem: DeviceProblem: computing Jacobian on device
[06-30 21:19:12][DEBUG] jax_fem: Function split_and_compute_cell took 0.0260 seconds
[06-30 21:19:12][DEBUG] jax_fem: CuDSSNewtonSolver: iter=1  res=1.778e-05  rel=7.407e-14
[06-30 21:19:12][INFO] jax_fem: CuDSSNewtonSolver: solve finished in 0.09s  res=1.778e-05
[06-30 21:19:13][DEBUG] jax_fem: CuDSSNewtonSolver: starting Newton loop
[06-30 21:19:13][DEBUG] jax_fem: DeviceProblem: computing Jacobian on device
[06-30 21:19:13][DEBUG] jax_fem: Function split_and_compute_cell took 0.0261 seconds
[06-30 21:19:13][DEBUG] jax_fem: CuDSSNewtonSolver: initial residual = 2.429e+08
[06-30 21:19:13][DEBUG] jax_fem: DeviceProblem: computing Jacobian on device
[06-30 21:19:13][DEBUG] jax_fem: Function split_and_compute_cell took 0.0263 seconds
[06-30 21:19:13][DEBUG] jax_fem: CuDSSNewtonSolver: iter=1  res=1.599e-05  rel=6.584e-14
[06-30 21:19:13][INFO] jax_fem: CuDSSNewtonSolver: solve finished in 0.09s  res=1.599e-05
[06-30 21:19:13][DEBUG] jax_fem: CuDSSNewtonSolver: starting Newton loop
[06-30 21:19:13][DEBUG] jax_fem: DeviceProblem: computing Jacobian on device
[06-30 21:19:13][DEBUG] jax_fem: Function split_and_compute_cell took 0.0256 seconds
[06-30 21:19:13][DEBUG] jax_fem: CuDSSNewtonSolver: initial residual = 2.415e+08
[06-30 21:19:14][DEBUG] jax_fem: DeviceProblem: computing Jacobian on device
[06-30 21:19:14][DEBUG] jax_fem: Function split_and_compute_cell took 0.0257 seconds
[06-30 21:19:14][DEBUG] jax_fem: CuDSSNewtonSolver: iter=1  res=1.162e-05  rel=4.814e-14
[06-30 21:19:14][INFO] jax_fem: CuDSSNewtonSolver: solve finished in 0.09s  res=1.162e-05
[06-30 21:19:14][INFO] jax_fem: CuDSS backward: solving adjoint problem …
[06-30 21:19:14][DEBUG] jax_fem: DeviceProblem: computing Jacobian on device
[06-30 21:19:14][DEBUG] jax_fem: Function split_and_compute_cell took 0.0357 seconds
[06-30 21:19:14][DEBUG] jax_fem: Computing cell residual...
[06-30 21:19:14][DEBUG] jax_fem: Function split_and_compute_cell took 0.0614 seconds
[06-30 21:19:14][INFO] jax_fem: CuDSS backward: solving adjoint problem …
[06-30 21:19:14][DEBUG] jax_fem: DeviceProblem: computing Jacobian on device
[06-30 21:19:14][DEBUG] jax_fem: Function split_and_compute_cell took 0.0341 seconds
[06-30 21:19:14][DEBUG] jax_fem: Computing cell residual...
[06-30 21:19:14][DEBUG] jax_fem: Function split_and_compute_cell took 0.0561 seconds
[06-30 21:19:14][INFO] jax_fem: CuDSS backward: solving adjoint problem …
[06-30 21:19:14][DEBUG] jax_fem: DeviceProblem: computing Jacobian on device
[06-30 21:19:14][DEBUG] jax_fem: Function split_and_compute_cell took 0.0288 seconds
[06-30 21:19:14][DEBUG] jax_fem: Computing cell residual...
[06-30 21:19:15][DEBUG] jax_fem: Function split_and_compute_cell took 0.0702 seconds
[06-30 21:19:15][INFO] jax_fem: CuDSS backward: solving adjoint problem …
[06-30 21:19:15][DEBUG] jax_fem: DeviceProblem: computing Jacobian on device
[06-30 21:19:15][DEBUG] jax_fem: Function split_and_compute_cell took 0.0363 seconds
[06-30 21:19:15][DEBUG] jax_fem: Computing cell residual...
[06-30 21:19:15][DEBUG] jax_fem: Function split_and_compute_cell took 0.0697 seconds
[06-30 21:19:15][INFO] jax_fem: CuDSS backward: solving adjoint problem …
[06-30 21:19:15][DEBUG] jax_fem: DeviceProblem: computing Jacobian on device
[06-30 21:19:15][DEBUG] jax_fem: Function split_and_compute_cell took 0.0381 seconds
[06-30 21:19:15][DEBUG] jax_fem: Computing cell residual...
[06-30 21:19:15][DEBUG] jax_fem: Function split_and_compute_cell took 0.0616 seconds
[06-30 21:19:17][DEBUG] jax_fem: CuDSSNewtonSolver: starting Newton loop
[06-30 21:19:17][DEBUG] jax_fem: DeviceProblem: computing Jacobian on device
[06-30 21:19:17][DEBUG] jax_fem: Function split_and_compute_cell took 0.0520 seconds
[06-30 21:19:17][DEBUG] jax_fem: CuDSSNewtonSolver: initial residual = 2.427e+08
[06-30 21:19:17][DEBUG] jax_fem: DeviceProblem: computing Jacobian on device
[06-30 21:19:17][DEBUG] jax_fem: Function split_and_compute_cell took 0.0582 seconds
[06-30 21:19:17][DEBUG] jax_fem: CuDSSNewtonSolver: iter=1  res=1.636e-05  rel=6.739e-14
[06-30 21:19:17][INFO] jax_fem: CuDSSNewtonSolver: solve finished in 0.15s  res=1.636e-05
[06-30 21:19:17][DEBUG] jax_fem: CuDSSNewtonSolver: starting Newton loop
[06-30 21:19:17][DEBUG] jax_fem: DeviceProblem: computing Jacobian on device
[06-30 21:19:17][DEBUG] jax_fem: Function split_and_compute_cell took 0.0477 seconds
[06-30 21:19:17][DEBUG] jax_fem: CuDSSNewtonSolver: initial residual = 2.407e+08
[06-30 21:19:17][DEBUG] jax_fem: DeviceProblem: computing Jacobian on device
[06-30 21:19:17][DEBUG] jax_fem: Function split_and_compute_cell took 0.0332 seconds
[06-30 21:19:17][DEBUG] jax_fem: CuDSSNewtonSolver: iter=1  res=1.619e-05  rel=6.726e-14
[06-30 21:19:17][INFO] jax_fem: CuDSSNewtonSolver: solve finished in 0.12s  res=1.619e-05
[06-30 21:19:18][DEBUG] jax_fem: CuDSSNewtonSolver: starting Newton loop
[06-30 21:19:18][DEBUG] jax_fem: DeviceProblem: computing Jacobian on device
[06-30 21:19:18][DEBUG] jax_fem: Function split_and_compute_cell took 0.0573 seconds
[06-30 21:19:18][DEBUG] jax_fem: CuDSSNewtonSolver: initial residual = 2.401e+08
[06-30 21:19:18][DEBUG] jax_fem: DeviceProblem: computing Jacobian on device
[06-30 21:19:18][DEBUG] jax_fem: Function split_and_compute_cell took 0.0354 seconds
[06-30 21:19:18][DEBUG] jax_fem: CuDSSNewtonSolver: iter=1  res=1.811e-05  rel=7.543e-14
[06-30 21:19:18][INFO] jax_fem: CuDSSNewtonSolver: solve finished in 0.14s  res=1.811e-05
[06-30 21:19:18][DEBUG] jax_fem: CuDSSNewtonSolver: starting Newton loop
[06-30 21:19:18][DEBUG] jax_fem: DeviceProblem: computing Jacobian on device
[06-30 21:19:18][DEBUG] jax_fem: Function split_and_compute_cell took 0.0225 seconds
[06-30 21:19:18][DEBUG] jax_fem: CuDSSNewtonSolver: initial residual = 2.429e+08
[06-30 21:19:18][DEBUG] jax_fem: DeviceProblem: computing Jacobian on device
[06-30 21:19:18][DEBUG] jax_fem: Function split_and_compute_cell took 0.0402 seconds
[06-30 21:19:18][DEBUG] jax_fem: CuDSSNewtonSolver: iter=1  res=1.641e-05  rel=6.757e-14
[06-30 21:19:18][INFO] jax_fem: CuDSSNewtonSolver: solve finished in 0.11s  res=1.641e-05
[06-30 21:19:18][DEBUG] jax_fem: CuDSSNewtonSolver: starting Newton loop
[06-30 21:19:18][DEBUG] jax_fem: DeviceProblem: computing Jacobian on device
[06-30 21:19:18][DEBUG] jax_fem: Function split_and_compute_cell took 0.0256 seconds
[06-30 21:19:18][DEBUG] jax_fem: CuDSSNewtonSolver: initial residual = 2.415e+08
[06-30 21:19:18][DEBUG] jax_fem: DeviceProblem: computing Jacobian on device
[06-30 21:19:19][DEBUG] jax_fem: Function split_and_compute_cell took 0.0234 seconds
[06-30 21:19:19][DEBUG] jax_fem: CuDSSNewtonSolver: iter=1  res=1.219e-05  rel=5.049e-14
[06-30 21:19:19][INFO] jax_fem: CuDSSNewtonSolver: solve finished in 0.09s  res=1.219e-05
[06-30 21:19:20][DEBUG] jax_fem: CuDSSNewtonSolver: starting Newton loop
[06-30 21:19:20][DEBUG] jax_fem: DeviceProblem: computing Jacobian on device
[06-30 21:19:20][DEBUG] jax_fem: Function split_and_compute_cell took 0.0267 seconds
[06-30 21:19:20][DEBUG] jax_fem: CuDSSNewtonSolver: initial residual = 2.427e+08
[06-30 21:19:20][DEBUG] jax_fem: DeviceProblem: computing Jacobian on device
[06-30 21:19:20][DEBUG] jax_fem: Function split_and_compute_cell took 0.0266 seconds
[06-30 21:19:20][DEBUG] jax_fem: CuDSSNewtonSolver: iter=1  res=1.545e-05  rel=6.363e-14
[06-30 21:19:20][INFO] jax_fem: CuDSSNewtonSolver: solve finished in 0.09s  res=1.545e-05
[06-30 21:19:21][DEBUG] jax_fem: CuDSSNewtonSolver: starting Newton loop
[06-30 21:19:21][DEBUG] jax_fem: DeviceProblem: computing Jacobian on device
[06-30 21:19:21][DEBUG] jax_fem: Function split_and_compute_cell took 0.0247 seconds
[06-30 21:19:21][DEBUG] jax_fem: CuDSSNewtonSolver: initial residual = 2.407e+08
[06-30 21:19:21][DEBUG] jax_fem: DeviceProblem: computing Jacobian on device
[06-30 21:19:21][DEBUG] jax_fem: Function split_and_compute_cell took 0.0272 seconds
[06-30 21:19:21][DEBUG] jax_fem: CuDSSNewtonSolver: iter=1  res=1.599e-05  rel=6.643e-14
[06-30 21:19:21][INFO] jax_fem: CuDSSNewtonSolver: solve finished in 0.09s  res=1.599e-05
[06-30 21:19:21][DEBUG] jax_fem: CuDSSNewtonSolver: starting Newton loop
[06-30 21:19:21][DEBUG] jax_fem: DeviceProblem: computing Jacobian on device
[06-30 21:19:21][DEBUG] jax_fem: Function split_and_compute_cell took 0.0270 seconds
[06-30 21:19:22][DEBUG] jax_fem: CuDSSNewtonSolver: initial residual = 2.401e+08
[06-30 21:19:22][DEBUG] jax_fem: DeviceProblem: computing Jacobian on device
[06-30 21:19:22][DEBUG] jax_fem: Function split_and_compute_cell took 0.0260 seconds
[06-30 21:19:22][DEBUG] jax_fem: CuDSSNewtonSolver: iter=1  res=1.719e-05  rel=7.158e-14
[06-30 21:19:22][INFO] jax_fem: CuDSSNewtonSolver: solve finished in 0.09s  res=1.719e-05
[06-30 21:19:22][DEBUG] jax_fem: CuDSSNewtonSolver: starting Newton loop
[06-30 21:19:22][DEBUG] jax_fem: DeviceProblem: computing Jacobian on device
[06-30 21:19:22][DEBUG] jax_fem: Function split_and_compute_cell took 0.0261 seconds
[06-30 21:19:22][DEBUG] jax_fem: CuDSSNewtonSolver: initial residual = 2.429e+08
[06-30 21:19:22][DEBUG] jax_fem: DeviceProblem: computing Jacobian on device
[06-30 21:19:22][DEBUG] jax_fem: Function split_and_compute_cell took 0.0254 seconds
[06-30 21:19:22][DEBUG] jax_fem: CuDSSNewtonSolver: iter=1  res=1.648e-05  rel=6.784e-14
[06-30 21:19:22][INFO] jax_fem: CuDSSNewtonSolver: solve finished in 0.09s  res=1.648e-05
[06-30 21:19:23][DEBUG] jax_fem: CuDSSNewtonSolver: starting Newton loop
[06-30 21:19:23][DEBUG] jax_fem: DeviceProblem: computing Jacobian on device
[06-30 21:19:23][DEBUG] jax_fem: Function split_and_compute_cell took 0.0254 seconds
[06-30 21:19:23][DEBUG] jax_fem: CuDSSNewtonSolver: initial residual = 2.415e+08
[06-30 21:19:23][DEBUG] jax_fem: DeviceProblem: computing Jacobian on device
[06-30 21:19:23][DEBUG] jax_fem: Function split_and_compute_cell took 0.0262 seconds
[06-30 21:19:23][DEBUG] jax_fem: CuDSSNewtonSolver: iter=1  res=1.177e-05  rel=4.874e-14
[06-30 21:19:23][INFO] jax_fem: CuDSSNewtonSolver: solve finished in 0.09s  res=1.177e-05
[06-30 21:19:23][INFO] jax_fem: CuDSS backward: solving adjoint problem …
[06-30 21:19:23][DEBUG] jax_fem: DeviceProblem: computing Jacobian on device
[06-30 21:19:23][DEBUG] jax_fem: Function split_and_compute_cell took 0.0357 seconds
[06-30 21:19:23][DEBUG] jax_fem: Computing cell residual...
[06-30 21:19:23][DEBUG] jax_fem: Function split_and_compute_cell took 0.0607 seconds
[06-30 21:19:23][INFO] jax_fem: CuDSS backward: solving adjoint problem …
[06-30 21:19:23][DEBUG] jax_fem: DeviceProblem: computing Jacobian on device
[06-30 21:19:23][DEBUG] jax_fem: Function split_and_compute_cell took 0.0287 seconds
[06-30 21:19:23][DEBUG] jax_fem: Computing cell residual...
[06-30 21:19:24][DEBUG] jax_fem: Function split_and_compute_cell took 0.0714 seconds
[06-30 21:19:24][INFO] jax_fem: CuDSS backward: solving adjoint problem …
[06-30 21:19:24][DEBUG] jax_fem: DeviceProblem: computing Jacobian on device
[06-30 21:19:24][DEBUG] jax_fem: Function split_and_compute_cell took 0.0224 seconds
[06-30 21:19:24][DEBUG] jax_fem: Computing cell residual...
[06-30 21:19:24][DEBUG] jax_fem: Function split_and_compute_cell took 0.0694 seconds
[06-30 21:19:24][INFO] jax_fem: CuDSS backward: solving adjoint problem …
[06-30 21:19:24][DEBUG] jax_fem: DeviceProblem: computing Jacobian on device
[06-30 21:19:24][DEBUG] jax_fem: Function split_and_compute_cell took 0.0323 seconds
[06-30 21:19:24][DEBUG] jax_fem: Computing cell residual...
[06-30 21:19:24][DEBUG] jax_fem: Function split_and_compute_cell took 0.0640 seconds
[06-30 21:19:24][INFO] jax_fem: CuDSS backward: solving adjoint problem …
[06-30 21:19:25][DEBUG] jax_fem: DeviceProblem: computing Jacobian on device
[06-30 21:19:25][DEBUG] jax_fem: Function split_and_compute_cell took 0.0409 seconds
[06-30 21:19:25][DEBUG] jax_fem: Computing cell residual...
[06-30 21:19:25][DEBUG] jax_fem: Function split_and_compute_cell took 0.0583 seconds
[06-30 21:19:26][DEBUG] jax_fem: CuDSSNewtonSolver: starting Newton loop
[06-30 21:19:26][DEBUG] jax_fem: DeviceProblem: computing Jacobian on device
[06-30 21:19:26][DEBUG] jax_fem: Function split_and_compute_cell took 0.0494 seconds
[06-30 21:19:26][DEBUG] jax_fem: CuDSSNewtonSolver: initial residual = 2.427e+08
[06-30 21:19:26][DEBUG] jax_fem: DeviceProblem: computing Jacobian on device
[06-30 21:19:26][DEBUG] jax_fem: Function split_and_compute_cell took 0.0342 seconds
[06-30 21:19:26][DEBUG] jax_fem: CuDSSNewtonSolver: iter=1  res=1.593e-05  rel=6.563e-14
[06-30 21:19:26][INFO] jax_fem: CuDSSNewtonSolver: solve finished in 0.12s  res=1.593e-05
[06-30 21:19:27][DEBUG] jax_fem: CuDSSNewtonSolver: starting Newton loop
[06-30 21:19:27][DEBUG] jax_fem: DeviceProblem: computing Jacobian on device
[06-30 21:19:27][DEBUG] jax_fem: Function split_and_compute_cell took 0.0334 seconds
[06-30 21:19:27][DEBUG] jax_fem: CuDSSNewtonSolver: initial residual = 2.407e+08
[06-30 21:19:27][DEBUG] jax_fem: DeviceProblem: computing Jacobian on device
[06-30 21:19:27][DEBUG] jax_fem: Function split_and_compute_cell took 0.0349 seconds
[06-30 21:19:27][DEBUG] jax_fem: CuDSSNewtonSolver: iter=1  res=1.600e-05  rel=6.647e-14
[06-30 21:19:27][INFO] jax_fem: CuDSSNewtonSolver: solve finished in 0.11s  res=1.600e-05
[06-30 21:19:27][DEBUG] jax_fem: CuDSSNewtonSolver: starting Newton loop
[06-30 21:19:27][DEBUG] jax_fem: DeviceProblem: computing Jacobian on device
[06-30 21:19:27][DEBUG] jax_fem: Function split_and_compute_cell took 0.0349 seconds
[06-30 21:19:27][DEBUG] jax_fem: CuDSSNewtonSolver: initial residual = 2.401e+08
[06-30 21:19:27][DEBUG] jax_fem: DeviceProblem: computing Jacobian on device
[06-30 21:19:27][DEBUG] jax_fem: Function split_and_compute_cell took 0.0345 seconds
[06-30 21:19:27][DEBUG] jax_fem: CuDSSNewtonSolver: iter=1  res=1.710e-05  rel=7.124e-14
[06-30 21:19:27][INFO] jax_fem: CuDSSNewtonSolver: solve finished in 0.10s  res=1.710e-05
[06-30 21:19:27][DEBUG] jax_fem: CuDSSNewtonSolver: starting Newton loop
[06-30 21:19:27][DEBUG] jax_fem: DeviceProblem: computing Jacobian on device
[06-30 21:19:27][DEBUG] jax_fem: Function split_and_compute_cell took 0.0279 seconds
[06-30 21:19:27][DEBUG] jax_fem: CuDSSNewtonSolver: initial residual = 2.429e+08
[06-30 21:19:27][DEBUG] jax_fem: DeviceProblem: computing Jacobian on device
[06-30 21:19:27][DEBUG] jax_fem: Function split_and_compute_cell took 0.0224 seconds
[06-30 21:19:27][DEBUG] jax_fem: CuDSSNewtonSolver: iter=1  res=1.579e-05  rel=6.500e-14
[06-30 21:19:27][INFO] jax_fem: CuDSSNewtonSolver: solve finished in 0.09s  res=1.579e-05
[06-30 21:19:28][DEBUG] jax_fem: CuDSSNewtonSolver: starting Newton loop
[06-30 21:19:28][DEBUG] jax_fem: DeviceProblem: computing Jacobian on device
[06-30 21:19:28][DEBUG] jax_fem: Function split_and_compute_cell took 0.0396 seconds
[06-30 21:19:28][DEBUG] jax_fem: CuDSSNewtonSolver: initial residual = 2.415e+08
[06-30 21:19:28][DEBUG] jax_fem: DeviceProblem: computing Jacobian on device
[06-30 21:19:28][DEBUG] jax_fem: Function split_and_compute_cell took 0.0310 seconds
[06-30 21:19:28][DEBUG] jax_fem: CuDSSNewtonSolver: iter=1  res=1.179e-05  rel=4.884e-14
[06-30 21:19:28][INFO] jax_fem: CuDSSNewtonSolver: solve finished in 0.10s  res=1.179e-05
[06-30 21:19:29][DEBUG] jax_fem: CuDSSNewtonSolver: starting Newton loop
[06-30 21:19:29][DEBUG] jax_fem: DeviceProblem: computing Jacobian on device
[06-30 21:19:29][DEBUG] jax_fem: Function split_and_compute_cell took 0.0259 seconds
[06-30 21:19:29][DEBUG] jax_fem: CuDSSNewtonSolver: initial residual = 2.427e+08
[06-30 21:19:29][DEBUG] jax_fem: DeviceProblem: computing Jacobian on device
[06-30 21:19:29][DEBUG] jax_fem: Function split_and_compute_cell took 0.0264 seconds
[06-30 21:19:29][DEBUG] jax_fem: CuDSSNewtonSolver: iter=1  res=1.677e-05  rel=6.909e-14
[06-30 21:19:29][INFO] jax_fem: CuDSSNewtonSolver: solve finished in 0.09s  res=1.677e-05
[06-30 21:19:30][DEBUG] jax_fem: CuDSSNewtonSolver: starting Newton loop
[06-30 21:19:30][DEBUG] jax_fem: DeviceProblem: computing Jacobian on device
[06-30 21:19:30][DEBUG] jax_fem: Function split_and_compute_cell took 0.0251 seconds
[06-30 21:19:30][DEBUG] jax_fem: CuDSSNewtonSolver: initial residual = 2.407e+08
[06-30 21:19:30][DEBUG] jax_fem: DeviceProblem: computing Jacobian on device
[06-30 21:19:30][DEBUG] jax_fem: Function split_and_compute_cell took 0.0258 seconds
[06-30 21:19:30][DEBUG] jax_fem: CuDSSNewtonSolver: iter=1  res=1.595e-05  rel=6.628e-14
[06-30 21:19:30][INFO] jax_fem: CuDSSNewtonSolver: solve finished in 0.09s  res=1.595e-05
[06-30 21:19:31][DEBUG] jax_fem: CuDSSNewtonSolver: starting Newton loop
[06-30 21:19:31][DEBUG] jax_fem: DeviceProblem: computing Jacobian on device
[06-30 21:19:31][DEBUG] jax_fem: Function split_and_compute_cell took 0.0256 seconds
[06-30 21:19:31][DEBUG] jax_fem: CuDSSNewtonSolver: initial residual = 2.401e+08
[06-30 21:19:31][DEBUG] jax_fem: DeviceProblem: computing Jacobian on device
[06-30 21:19:31][DEBUG] jax_fem: Function split_and_compute_cell took 0.0268 seconds
[06-30 21:19:31][DEBUG] jax_fem: CuDSSNewtonSolver: iter=1  res=1.716e-05  rel=7.147e-14
[06-30 21:19:31][INFO] jax_fem: CuDSSNewtonSolver: solve finished in 0.09s  res=1.716e-05
[06-30 21:19:31][DEBUG] jax_fem: CuDSSNewtonSolver: starting Newton loop
[06-30 21:19:31][DEBUG] jax_fem: DeviceProblem: computing Jacobian on device
[06-30 21:19:31][DEBUG] jax_fem: Function split_and_compute_cell took 0.0266 seconds
[06-30 21:19:31][DEBUG] jax_fem: CuDSSNewtonSolver: initial residual = 2.429e+08
[06-30 21:19:31][DEBUG] jax_fem: DeviceProblem: computing Jacobian on device
[06-30 21:19:31][DEBUG] jax_fem: Function split_and_compute_cell took 0.0266 seconds
[06-30 21:19:31][DEBUG] jax_fem: CuDSSNewtonSolver: iter=1  res=1.571e-05  rel=6.469e-14
[06-30 21:19:31][INFO] jax_fem: CuDSSNewtonSolver: solve finished in 0.09s  res=1.571e-05
[06-30 21:19:32][DEBUG] jax_fem: CuDSSNewtonSolver: starting Newton loop
[06-30 21:19:32][DEBUG] jax_fem: DeviceProblem: computing Jacobian on device
[06-30 21:19:32][DEBUG] jax_fem: Function split_and_compute_cell took 0.0260 seconds
[06-30 21:19:32][DEBUG] jax_fem: CuDSSNewtonSolver: initial residual = 2.415e+08
[06-30 21:19:32][DEBUG] jax_fem: DeviceProblem: computing Jacobian on device
[06-30 21:19:32][DEBUG] jax_fem: Function split_and_compute_cell took 0.0267 seconds
[06-30 21:19:32][DEBUG] jax_fem: CuDSSNewtonSolver: iter=1  res=1.175e-05  rel=4.865e-14
[06-30 21:19:32][INFO] jax_fem: CuDSSNewtonSolver: solve finished in 0.09s  res=1.175e-05
[06-30 21:19:32][INFO] jax_fem: CuDSS backward: solving adjoint problem …
[06-30 21:19:32][DEBUG] jax_fem: DeviceProblem: computing Jacobian on device
[06-30 21:19:32][DEBUG] jax_fem: Function split_and_compute_cell took 0.0367 seconds
[06-30 21:19:32][DEBUG] jax_fem: Computing cell residual...
[06-30 21:19:32][DEBUG] jax_fem: Function split_and_compute_cell took 0.0563 seconds
[06-30 21:19:32][INFO] jax_fem: CuDSS backward: solving adjoint problem …
[06-30 21:19:32][DEBUG] jax_fem: DeviceProblem: computing Jacobian on device
[06-30 21:19:32][DEBUG] jax_fem: Function split_and_compute_cell took 0.0450 seconds
[06-30 21:19:32][DEBUG] jax_fem: Computing cell residual...
[06-30 21:19:33][DEBUG] jax_fem: Function split_and_compute_cell took 0.0813 seconds
[06-30 21:19:33][INFO] jax_fem: CuDSS backward: solving adjoint problem …
[06-30 21:19:33][DEBUG] jax_fem: DeviceProblem: computing Jacobian on device
[06-30 21:19:33][DEBUG] jax_fem: Function split_and_compute_cell took 0.0417 seconds
[06-30 21:19:33][DEBUG] jax_fem: Computing cell residual...
[06-30 21:19:33][DEBUG] jax_fem: Function split_and_compute_cell took 0.0658 seconds
[06-30 21:19:33][INFO] jax_fem: CuDSS backward: solving adjoint problem …
[06-30 21:19:33][DEBUG] jax_fem: DeviceProblem: computing Jacobian on device
[06-30 21:19:33][DEBUG] jax_fem: Function split_and_compute_cell took 0.0495 seconds
[06-30 21:19:33][DEBUG] jax_fem: Computing cell residual...
[06-30 21:19:33][DEBUG] jax_fem: Function split_and_compute_cell took 0.0781 seconds
[06-30 21:19:34][INFO] jax_fem: CuDSS backward: solving adjoint problem …
[06-30 21:19:34][DEBUG] jax_fem: DeviceProblem: computing Jacobian on device
[06-30 21:19:34][DEBUG] jax_fem: Function split_and_compute_cell took 0.0458 seconds
[06-30 21:19:34][DEBUG] jax_fem: Computing cell residual...
[06-30 21:19:34][DEBUG] jax_fem: Function split_and_compute_cell took 0.0662 seconds
[06-30 21:19:35][DEBUG] jax_fem: CuDSSNewtonSolver: starting Newton loop
[06-30 21:19:35][DEBUG] jax_fem: DeviceProblem: computing Jacobian on device
[06-30 21:19:35][DEBUG] jax_fem: Function split_and_compute_cell took 0.0336 seconds
[06-30 21:19:35][DEBUG] jax_fem: CuDSSNewtonSolver: initial residual = 2.427e+08
[06-30 21:19:35][DEBUG] jax_fem: DeviceProblem: computing Jacobian on device
[06-30 21:19:35][DEBUG] jax_fem: Function split_and_compute_cell took 0.0465 seconds
[06-30 21:19:35][DEBUG] jax_fem: CuDSSNewtonSolver: iter=1  res=1.633e-05  rel=6.730e-14
[06-30 21:19:35][INFO] jax_fem: CuDSSNewtonSolver: solve finished in 0.12s  res=1.633e-05
[06-30 21:19:36][DEBUG] jax_fem: CuDSSNewtonSolver: starting Newton loop
[06-30 21:19:36][DEBUG] jax_fem: DeviceProblem: computing Jacobian on device
[06-30 21:19:36][DEBUG] jax_fem: Function split_and_compute_cell took 0.0340 seconds
[06-30 21:19:36][DEBUG] jax_fem: CuDSSNewtonSolver: initial residual = 2.407e+08
[06-30 21:19:36][DEBUG] jax_fem: DeviceProblem: computing Jacobian on device
[06-30 21:19:36][DEBUG] jax_fem: Function split_and_compute_cell took 0.0350 seconds
[06-30 21:19:36][DEBUG] jax_fem: CuDSSNewtonSolver: iter=1  res=1.607e-05  rel=6.675e-14
[06-30 21:19:36][INFO] jax_fem: CuDSSNewtonSolver: solve finished in 0.11s  res=1.607e-05
[06-30 21:19:36][DEBUG] jax_fem: CuDSSNewtonSolver: starting Newton loop
[06-30 21:19:36][DEBUG] jax_fem: DeviceProblem: computing Jacobian on device
[06-30 21:19:36][DEBUG] jax_fem: Function split_and_compute_cell took 0.0269 seconds
[06-30 21:19:36][DEBUG] jax_fem: CuDSSNewtonSolver: initial residual = 2.401e+08
[06-30 21:19:36][DEBUG] jax_fem: DeviceProblem: computing Jacobian on device
[06-30 21:19:36][DEBUG] jax_fem: Function split_and_compute_cell took 0.0438 seconds
[06-30 21:19:36][DEBUG] jax_fem: CuDSSNewtonSolver: iter=1  res=1.678e-05  rel=6.990e-14
[06-30 21:19:36][INFO] jax_fem: CuDSSNewtonSolver: solve finished in 0.11s  res=1.678e-05
[06-30 21:19:36][DEBUG] jax_fem: CuDSSNewtonSolver: starting Newton loop
[06-30 21:19:36][DEBUG] jax_fem: DeviceProblem: computing Jacobian on device
[06-30 21:19:36][DEBUG] jax_fem: Function split_and_compute_cell took 0.0332 seconds
[06-30 21:19:36][DEBUG] jax_fem: CuDSSNewtonSolver: initial residual = 2.429e+08
[06-30 21:19:36][DEBUG] jax_fem: DeviceProblem: computing Jacobian on device
[06-30 21:19:36][DEBUG] jax_fem: Function split_and_compute_cell took 0.0533 seconds
[06-30 21:19:36][DEBUG] jax_fem: CuDSSNewtonSolver: iter=1  res=1.532e-05  rel=6.308e-14
[06-30 21:19:36][INFO] jax_fem: CuDSSNewtonSolver: solve finished in 0.13s  res=1.532e-05
[06-30 21:19:37][DEBUG] jax_fem: CuDSSNewtonSolver: starting Newton loop
[06-30 21:19:37][DEBUG] jax_fem: DeviceProblem: computing Jacobian on device
[06-30 21:19:37][DEBUG] jax_fem: Function split_and_compute_cell took 0.0519 seconds
[06-30 21:19:37][DEBUG] jax_fem: CuDSSNewtonSolver: initial residual = 2.414e+08
[06-30 21:19:37][DEBUG] jax_fem: DeviceProblem: computing Jacobian on device
[06-30 21:19:37][DEBUG] jax_fem: Function split_and_compute_cell took 0.0302 seconds
[06-30 21:19:37][DEBUG] jax_fem: CuDSSNewtonSolver: iter=1  res=1.207e-05  rel=4.998e-14
[06-30 21:19:37][INFO] jax_fem: CuDSSNewtonSolver: solve finished in 0.13s  res=1.207e-05
[06-30 21:19:39][DEBUG] jax_fem: CuDSSNewtonSolver: starting Newton loop
[06-30 21:19:39][DEBUG] jax_fem: DeviceProblem: computing Jacobian on device
[06-30 21:19:39][DEBUG] jax_fem: Function split_and_compute_cell took 0.0285 seconds
[06-30 21:19:39][DEBUG] jax_fem: CuDSSNewtonSolver: initial residual = 2.427e+08
[06-30 21:19:39][DEBUG] jax_fem: DeviceProblem: computing Jacobian on device
[06-30 21:19:39][DEBUG] jax_fem: Function split_and_compute_cell took 0.0254 seconds
[06-30 21:19:39][DEBUG] jax_fem: CuDSSNewtonSolver: iter=1  res=1.674e-05  rel=6.899e-14
[06-30 21:19:39][INFO] jax_fem: CuDSSNewtonSolver: solve finished in 0.09s  res=1.674e-05
[06-30 21:19:39][DEBUG] jax_fem: CuDSSNewtonSolver: starting Newton loop
[06-30 21:19:39][DEBUG] jax_fem: DeviceProblem: computing Jacobian on device
[06-30 21:19:39][DEBUG] jax_fem: Function split_and_compute_cell took 0.0272 seconds
[06-30 21:19:39][DEBUG] jax_fem: CuDSSNewtonSolver: initial residual = 2.407e+08
[06-30 21:19:39][DEBUG] jax_fem: DeviceProblem: computing Jacobian on device
[06-30 21:19:39][DEBUG] jax_fem: Function split_and_compute_cell took 0.0260 seconds
[06-30 21:19:39][DEBUG] jax_fem: CuDSSNewtonSolver: iter=1  res=1.623e-05  rel=6.744e-14
[06-30 21:19:39][INFO] jax_fem: CuDSSNewtonSolver: solve finished in 0.09s  res=1.623e-05
[06-30 21:19:40][DEBUG] jax_fem: CuDSSNewtonSolver: starting Newton loop
[06-30 21:19:40][DEBUG] jax_fem: DeviceProblem: computing Jacobian on device
[06-30 21:19:40][DEBUG] jax_fem: Function split_and_compute_cell took 0.0261 seconds
[06-30 21:19:40][DEBUG] jax_fem: CuDSSNewtonSolver: initial residual = 2.401e+08
[06-30 21:19:40][DEBUG] jax_fem: DeviceProblem: computing Jacobian on device
[06-30 21:19:40][DEBUG] jax_fem: Function split_and_compute_cell took 0.0249 seconds
[06-30 21:19:40][DEBUG] jax_fem: CuDSSNewtonSolver: iter=1  res=1.756e-05  rel=7.313e-14
[06-30 21:19:40][INFO] jax_fem: CuDSSNewtonSolver: solve finished in 0.09s  res=1.756e-05
[06-30 21:19:40][DEBUG] jax_fem: CuDSSNewtonSolver: starting Newton loop
[06-30 21:19:40][DEBUG] jax_fem: DeviceProblem: computing Jacobian on device
[06-30 21:19:40][DEBUG] jax_fem: Function split_and_compute_cell took 0.0262 seconds
[06-30 21:19:40][DEBUG] jax_fem: CuDSSNewtonSolver: initial residual = 2.429e+08
[06-30 21:19:40][DEBUG] jax_fem: DeviceProblem: computing Jacobian on device
[06-30 21:19:41][DEBUG] jax_fem: Function split_and_compute_cell took 0.0271 seconds
[06-30 21:19:41][DEBUG] jax_fem: CuDSSNewtonSolver: iter=1  res=1.619e-05  rel=6.664e-14
[06-30 21:19:41][INFO] jax_fem: CuDSSNewtonSolver: solve finished in 0.09s  res=1.619e-05
[06-30 21:19:41][DEBUG] jax_fem: CuDSSNewtonSolver: starting Newton loop
[06-30 21:19:41][DEBUG] jax_fem: DeviceProblem: computing Jacobian on device
[06-30 21:19:41][DEBUG] jax_fem: Function split_and_compute_cell took 0.0273 seconds
[06-30 21:19:41][DEBUG] jax_fem: CuDSSNewtonSolver: initial residual = 2.414e+08
[06-30 21:19:41][DEBUG] jax_fem: DeviceProblem: computing Jacobian on device
[06-30 21:19:41][DEBUG] jax_fem: Function split_and_compute_cell took 0.0277 seconds
[06-30 21:19:41][DEBUG] jax_fem: CuDSSNewtonSolver: iter=1  res=1.182e-05  rel=4.895e-14
[06-30 21:19:41][INFO] jax_fem: CuDSSNewtonSolver: solve finished in 0.09s  res=1.182e-05
[06-30 21:19:41][INFO] jax_fem: CuDSS backward: solving adjoint problem …
[06-30 21:19:41][DEBUG] jax_fem: DeviceProblem: computing Jacobian on device
[06-30 21:19:41][DEBUG] jax_fem: Function split_and_compute_cell took 0.0430 seconds
[06-30 21:19:41][DEBUG] jax_fem: Computing cell residual...
[06-30 21:19:41][DEBUG] jax_fem: Function split_and_compute_cell took 0.0599 seconds
[06-30 21:19:42][INFO] jax_fem: CuDSS backward: solving adjoint problem …
[06-30 21:19:42][DEBUG] jax_fem: DeviceProblem: computing Jacobian on device
[06-30 21:19:42][DEBUG] jax_fem: Function split_and_compute_cell took 0.0304 seconds
[06-30 21:19:42][DEBUG] jax_fem: Computing cell residual...
[06-30 21:19:42][DEBUG] jax_fem: Function split_and_compute_cell took 0.0611 seconds
[06-30 21:19:42][INFO] jax_fem: CuDSS backward: solving adjoint problem …
[06-30 21:19:42][DEBUG] jax_fem: DeviceProblem: computing Jacobian on device
[06-30 21:19:42][DEBUG] jax_fem: Function split_and_compute_cell took 0.0494 seconds
[06-30 21:19:42][DEBUG] jax_fem: Computing cell residual...
[06-30 21:19:42][DEBUG] jax_fem: Function split_and_compute_cell took 0.0698 seconds
[06-30 21:19:42][INFO] jax_fem: CuDSS backward: solving adjoint problem …
[06-30 21:19:42][DEBUG] jax_fem: DeviceProblem: computing Jacobian on device
[06-30 21:19:42][DEBUG] jax_fem: Function split_and_compute_cell took 0.0399 seconds
[06-30 21:19:42][DEBUG] jax_fem: Computing cell residual...
[06-30 21:19:43][DEBUG] jax_fem: Function split_and_compute_cell took 0.0604 seconds
[06-30 21:19:43][INFO] jax_fem: CuDSS backward: solving adjoint problem …
[06-30 21:19:43][DEBUG] jax_fem: DeviceProblem: computing Jacobian on device
[06-30 21:19:43][DEBUG] jax_fem: Function split_and_compute_cell took 0.0327 seconds
[06-30 21:19:43][DEBUG] jax_fem: Computing cell residual...
[06-30 21:19:43][DEBUG] jax_fem: Function split_and_compute_cell took 0.0727 seconds
[06-30 21:19:44][DEBUG] jax_fem: CuDSSNewtonSolver: starting Newton loop
[06-30 21:19:44][DEBUG] jax_fem: DeviceProblem: computing Jacobian on device
[06-30 21:19:44][DEBUG] jax_fem: Function split_and_compute_cell took 0.0345 seconds
[06-30 21:19:45][DEBUG] jax_fem: CuDSSNewtonSolver: initial residual = 2.427e+08
[06-30 21:19:45][DEBUG] jax_fem: DeviceProblem: computing Jacobian on device
[06-30 21:19:45][DEBUG] jax_fem: Function split_and_compute_cell took 0.0491 seconds
[06-30 21:19:45][DEBUG] jax_fem: CuDSSNewtonSolver: iter=1  res=1.560e-05  rel=6.426e-14
[06-30 21:19:45][INFO] jax_fem: CuDSSNewtonSolver: solve finished in 0.12s  res=1.560e-05
[06-30 21:19:45][DEBUG] jax_fem: CuDSSNewtonSolver: starting Newton loop
[06-30 21:19:45][DEBUG] jax_fem: DeviceProblem: computing Jacobian on device
[06-30 21:19:45][DEBUG] jax_fem: Function split_and_compute_cell took 0.0340 seconds
[06-30 21:19:45][DEBUG] jax_fem: CuDSSNewtonSolver: initial residual = 2.407e+08
[06-30 21:19:45][DEBUG] jax_fem: DeviceProblem: computing Jacobian on device
[06-30 21:19:45][DEBUG] jax_fem: Function split_and_compute_cell took 0.0329 seconds
[06-30 21:19:45][DEBUG] jax_fem: CuDSSNewtonSolver: iter=1  res=1.618e-05  rel=6.724e-14
[06-30 21:19:45][INFO] jax_fem: CuDSSNewtonSolver: solve finished in 0.10s  res=1.618e-05
[06-30 21:19:45][DEBUG] jax_fem: CuDSSNewtonSolver: starting Newton loop
[06-30 21:19:45][DEBUG] jax_fem: DeviceProblem: computing Jacobian on device
[06-30 21:19:45][DEBUG] jax_fem: Function split_and_compute_cell took 0.0273 seconds
[06-30 21:19:45][DEBUG] jax_fem: CuDSSNewtonSolver: initial residual = 2.401e+08
[06-30 21:19:45][DEBUG] jax_fem: DeviceProblem: computing Jacobian on device
[06-30 21:19:45][DEBUG] jax_fem: Function split_and_compute_cell took 0.0334 seconds
[06-30 21:19:45][DEBUG] jax_fem: CuDSSNewtonSolver: iter=1  res=1.819e-05  rel=7.577e-14
[06-30 21:19:45][INFO] jax_fem: CuDSSNewtonSolver: solve finished in 0.10s  res=1.819e-05
[06-30 21:19:45][DEBUG] jax_fem: CuDSSNewtonSolver: starting Newton loop
[06-30 21:19:45][DEBUG] jax_fem: DeviceProblem: computing Jacobian on device
[06-30 21:19:46][DEBUG] jax_fem: Function split_and_compute_cell took 0.0280 seconds
[06-30 21:19:46][DEBUG] jax_fem: CuDSSNewtonSolver: initial residual = 2.428e+08
[06-30 21:19:46][DEBUG] jax_fem: DeviceProblem: computing Jacobian on device
[06-30 21:19:46][DEBUG] jax_fem: Function split_and_compute_cell took 0.0312 seconds
[06-30 21:19:46][DEBUG] jax_fem: CuDSSNewtonSolver: iter=1  res=1.708e-05  rel=7.033e-14
[06-30 21:19:46][INFO] jax_fem: CuDSSNewtonSolver: solve finished in 0.11s  res=1.708e-05
[06-30 21:19:46][DEBUG] jax_fem: CuDSSNewtonSolver: starting Newton loop
[06-30 21:19:46][DEBUG] jax_fem: DeviceProblem: computing Jacobian on device
[06-30 21:19:46][DEBUG] jax_fem: Function split_and_compute_cell took 0.0371 seconds
[06-30 21:19:46][DEBUG] jax_fem: CuDSSNewtonSolver: initial residual = 2.414e+08
[06-30 21:19:46][DEBUG] jax_fem: DeviceProblem: computing Jacobian on device
[06-30 21:19:46][DEBUG] jax_fem: Function split_and_compute_cell took 0.0303 seconds
[06-30 21:19:46][DEBUG] jax_fem: CuDSSNewtonSolver: iter=1  res=1.201e-05  rel=4.972e-14
[06-30 21:19:46][INFO] jax_fem: CuDSSNewtonSolver: solve finished in 0.10s  res=1.201e-05
[06-30 21:19:48][DEBUG] jax_fem: CuDSSNewtonSolver: starting Newton loop
[06-30 21:19:48][DEBUG] jax_fem: DeviceProblem: computing Jacobian on device
[06-30 21:19:48][DEBUG] jax_fem: Function split_and_compute_cell took 0.0273 seconds
[06-30 21:19:48][DEBUG] jax_fem: CuDSSNewtonSolver: initial residual = 2.427e+08
[06-30 21:19:48][DEBUG] jax_fem: DeviceProblem: computing Jacobian on device
[06-30 21:19:48][DEBUG] jax_fem: Function split_and_compute_cell took 0.0274 seconds
[06-30 21:19:48][DEBUG] jax_fem: CuDSSNewtonSolver: iter=1  res=1.567e-05  rel=6.457e-14
[06-30 21:19:48][INFO] jax_fem: CuDSSNewtonSolver: solve finished in 0.09s  res=1.567e-05
[06-30 21:19:48][DEBUG] jax_fem: CuDSSNewtonSolver: starting Newton loop
[06-30 21:19:48][DEBUG] jax_fem: DeviceProblem: computing Jacobian on device
[06-30 21:19:48][DEBUG] jax_fem: Function split_and_compute_cell took 0.0258 seconds
[06-30 21:19:48][DEBUG] jax_fem: CuDSSNewtonSolver: initial residual = 2.407e+08
[06-30 21:19:48][DEBUG] jax_fem: DeviceProblem: computing Jacobian on device
[06-30 21:19:48][DEBUG] jax_fem: Function split_and_compute_cell took 0.0267 seconds
[06-30 21:19:48][DEBUG] jax_fem: CuDSSNewtonSolver: iter=1  res=1.640e-05  rel=6.814e-14
[06-30 21:19:48][INFO] jax_fem: CuDSSNewtonSolver: solve finished in 0.09s  res=1.640e-05
[06-30 21:19:49][DEBUG] jax_fem: CuDSSNewtonSolver: starting Newton loop
[06-30 21:19:49][DEBUG] jax_fem: DeviceProblem: computing Jacobian on device
[06-30 21:19:49][DEBUG] jax_fem: Function split_and_compute_cell took 0.0262 seconds
[06-30 21:19:49][DEBUG] jax_fem: CuDSSNewtonSolver: initial residual = 2.401e+08
[06-30 21:19:49][DEBUG] jax_fem: DeviceProblem: computing Jacobian on device
[06-30 21:19:49][DEBUG] jax_fem: Function split_and_compute_cell took 0.0260 seconds
[06-30 21:19:49][DEBUG] jax_fem: CuDSSNewtonSolver: iter=1  res=1.781e-05  rel=7.419e-14
[06-30 21:19:49][INFO] jax_fem: CuDSSNewtonSolver: solve finished in 0.09s  res=1.781e-05
[06-30 21:19:49][DEBUG] jax_fem: CuDSSNewtonSolver: starting Newton loop
[06-30 21:19:49][DEBUG] jax_fem: DeviceProblem: computing Jacobian on device
[06-30 21:19:49][DEBUG] jax_fem: Function split_and_compute_cell took 0.0264 seconds
[06-30 21:19:49][DEBUG] jax_fem: CuDSSNewtonSolver: initial residual = 2.428e+08
[06-30 21:19:49][DEBUG] jax_fem: DeviceProblem: computing Jacobian on device
[06-30 21:19:49][DEBUG] jax_fem: Function split_and_compute_cell took 0.0292 seconds
[06-30 21:19:49][DEBUG] jax_fem: CuDSSNewtonSolver: iter=1  res=1.613e-05  rel=6.644e-14
[06-30 21:19:49][INFO] jax_fem: CuDSSNewtonSolver: solve finished in 0.09s  res=1.613e-05
[06-30 21:19:50][DEBUG] jax_fem: CuDSSNewtonSolver: starting Newton loop
[06-30 21:19:50][DEBUG] jax_fem: DeviceProblem: computing Jacobian on device
[06-30 21:19:50][DEBUG] jax_fem: Function split_and_compute_cell took 0.0262 seconds
[06-30 21:19:50][DEBUG] jax_fem: CuDSSNewtonSolver: initial residual = 2.414e+08
[06-30 21:19:50][DEBUG] jax_fem: DeviceProblem: computing Jacobian on device
[06-30 21:19:50][DEBUG] jax_fem: Function split_and_compute_cell took 0.0259 seconds
[06-30 21:19:50][DEBUG] jax_fem: CuDSSNewtonSolver: iter=1  res=1.155e-05  rel=4.784e-14
[06-30 21:19:50][INFO] jax_fem: CuDSSNewtonSolver: solve finished in 0.09s  res=1.155e-05
[06-30 21:19:50][INFO] jax_fem: CuDSS backward: solving adjoint problem …
[06-30 21:19:50][DEBUG] jax_fem: DeviceProblem: computing Jacobian on device
[06-30 21:19:50][DEBUG] jax_fem: Function split_and_compute_cell took 0.0303 seconds
[06-30 21:19:50][DEBUG] jax_fem: Computing cell residual...
[06-30 21:19:50][DEBUG] jax_fem: Function split_and_compute_cell took 0.0581 seconds
[06-30 21:19:51][INFO] jax_fem: CuDSS backward: solving adjoint problem …
[06-30 21:19:51][DEBUG] jax_fem: DeviceProblem: computing Jacobian on device
[06-30 21:19:51][DEBUG] jax_fem: Function split_and_compute_cell took 0.0346 seconds
[06-30 21:19:51][DEBUG] jax_fem: Computing cell residual...
[06-30 21:19:51][DEBUG] jax_fem: Function split_and_compute_cell took 0.0598 seconds
[06-30 21:19:51][INFO] jax_fem: CuDSS backward: solving adjoint problem …
[06-30 21:19:51][DEBUG] jax_fem: DeviceProblem: computing Jacobian on device
[06-30 21:19:51][DEBUG] jax_fem: Function split_and_compute_cell took 0.0331 seconds
[06-30 21:19:51][DEBUG] jax_fem: Computing cell residual...
[06-30 21:19:51][DEBUG] jax_fem: Function split_and_compute_cell took 0.0575 seconds
[06-30 21:19:51][INFO] jax_fem: CuDSS backward: solving adjoint problem …
[06-30 21:19:51][DEBUG] jax_fem: DeviceProblem: computing Jacobian on device
[06-30 21:19:51][DEBUG] jax_fem: Function split_and_compute_cell took 0.0288 seconds
[06-30 21:19:52][DEBUG] jax_fem: Computing cell residual...
[06-30 21:19:52][DEBUG] jax_fem: Function split_and_compute_cell took 0.0592 seconds
[06-30 21:19:52][INFO] jax_fem: CuDSS backward: solving adjoint problem …
[06-30 21:19:52][DEBUG] jax_fem: DeviceProblem: computing Jacobian on device
[06-30 21:19:52][DEBUG] jax_fem: Function split_and_compute_cell took 0.0486 seconds
[06-30 21:19:52][DEBUG] jax_fem: Computing cell residual...
[06-30 21:19:52][DEBUG] jax_fem: Function split_and_compute_cell took 0.0595 seconds
[06-30 21:19:54][DEBUG] jax_fem: CuDSSNewtonSolver: starting Newton loop
[06-30 21:19:54][DEBUG] jax_fem: DeviceProblem: computing Jacobian on device
[06-30 21:19:54][DEBUG] jax_fem: Function split_and_compute_cell took 0.0281 seconds
[06-30 21:19:54][DEBUG] jax_fem: CuDSSNewtonSolver: initial residual = 2.427e+08
[06-30 21:19:54][DEBUG] jax_fem: DeviceProblem: computing Jacobian on device
[06-30 21:19:54][DEBUG] jax_fem: Function split_and_compute_cell took 0.0416 seconds
[06-30 21:19:54][DEBUG] jax_fem: CuDSSNewtonSolver: iter=1  res=1.647e-05  rel=6.784e-14
[06-30 21:19:54][INFO] jax_fem: CuDSSNewtonSolver: solve finished in 0.11s  res=1.647e-05
[06-30 21:19:54][DEBUG] jax_fem: CuDSSNewtonSolver: starting Newton loop
[06-30 21:19:54][DEBUG] jax_fem: DeviceProblem: computing Jacobian on device
[06-30 21:19:54][DEBUG] jax_fem: Function split_and_compute_cell took 0.0499 seconds
[06-30 21:19:54][DEBUG] jax_fem: CuDSSNewtonSolver: initial residual = 2.407e+08
[06-30 21:19:54][DEBUG] jax_fem: DeviceProblem: computing Jacobian on device
[06-30 21:19:54][DEBUG] jax_fem: Function split_and_compute_cell took 0.0275 seconds
[06-30 21:19:54][DEBUG] jax_fem: CuDSSNewtonSolver: iter=1  res=1.635e-05  rel=6.794e-14
[06-30 21:19:54][INFO] jax_fem: CuDSSNewtonSolver: solve finished in 0.12s  res=1.635e-05
[06-30 21:19:54][DEBUG] jax_fem: CuDSSNewtonSolver: starting Newton loop
[06-30 21:19:54][DEBUG] jax_fem: DeviceProblem: computing Jacobian on device
[06-30 21:19:54][DEBUG] jax_fem: Function split_and_compute_cell took 0.0400 seconds
[06-30 21:19:54][DEBUG] jax_fem: CuDSSNewtonSolver: initial residual = 2.401e+08
[06-30 21:19:54][DEBUG] jax_fem: DeviceProblem: computing Jacobian on device
[06-30 21:19:54][DEBUG] jax_fem: Function split_and_compute_cell took 0.0336 seconds
[06-30 21:19:54][DEBUG] jax_fem: CuDSSNewtonSolver: iter=1  res=1.771e-05  rel=7.377e-14
[06-30 21:19:54][INFO] jax_fem: CuDSSNewtonSolver: solve finished in 0.12s  res=1.771e-05
[06-30 21:19:55][DEBUG] jax_fem: CuDSSNewtonSolver: starting Newton loop
[06-30 21:19:55][DEBUG] jax_fem: DeviceProblem: computing Jacobian on device
[06-30 21:19:55][DEBUG] jax_fem: Function split_and_compute_cell took 0.0424 seconds
[06-30 21:19:55][DEBUG] jax_fem: CuDSSNewtonSolver: initial residual = 2.429e+08
[06-30 21:19:55][DEBUG] jax_fem: DeviceProblem: computing Jacobian on device
[06-30 21:19:55][DEBUG] jax_fem: Function split_and_compute_cell took 0.0355 seconds
[06-30 21:19:55][DEBUG] jax_fem: CuDSSNewtonSolver: iter=1  res=1.580e-05  rel=6.505e-14
[06-30 21:19:55][INFO] jax_fem: CuDSSNewtonSolver: solve finished in 0.12s  res=1.580e-05
[06-30 21:19:55][DEBUG] jax_fem: CuDSSNewtonSolver: starting Newton loop
[06-30 21:19:55][DEBUG] jax_fem: DeviceProblem: computing Jacobian on device
[06-30 21:19:55][DEBUG] jax_fem: Function split_and_compute_cell took 0.0491 seconds
[06-30 21:19:55][DEBUG] jax_fem: CuDSSNewtonSolver: initial residual = 2.414e+08
[06-30 21:19:55][DEBUG] jax_fem: DeviceProblem: computing Jacobian on device
[06-30 21:19:55][DEBUG] jax_fem: Function split_and_compute_cell took 0.0234 seconds
[06-30 21:19:55][DEBUG] jax_fem: CuDSSNewtonSolver: iter=1  res=1.208e-05  rel=5.001e-14
[06-30 21:19:55][INFO] jax_fem: CuDSSNewtonSolver: solve finished in 0.11s  res=1.208e-05
[06-30 21:19:57][DEBUG] jax_fem: CuDSSNewtonSolver: starting Newton loop
[06-30 21:19:57][DEBUG] jax_fem: DeviceProblem: computing Jacobian on device
[06-30 21:19:57][DEBUG] jax_fem: Function split_and_compute_cell took 0.0249 seconds
[06-30 21:19:57][DEBUG] jax_fem: CuDSSNewtonSolver: initial residual = 2.427e+08
[06-30 21:19:57][DEBUG] jax_fem: DeviceProblem: computing Jacobian on device
[06-30 21:19:57][DEBUG] jax_fem: Function split_and_compute_cell took 0.0273 seconds
[06-30 21:19:57][DEBUG] jax_fem: CuDSSNewtonSolver: iter=1  res=1.601e-05  rel=6.597e-14
[06-30 21:19:57][INFO] jax_fem: CuDSSNewtonSolver: solve finished in 0.09s  res=1.601e-05
[06-30 21:19:57][DEBUG] jax_fem: CuDSSNewtonSolver: starting Newton loop
[06-30 21:19:57][DEBUG] jax_fem: DeviceProblem: computing Jacobian on device
[06-30 21:19:57][DEBUG] jax_fem: Function split_and_compute_cell took 0.0259 seconds
[06-30 21:19:57][DEBUG] jax_fem: CuDSSNewtonSolver: initial residual = 2.407e+08
[06-30 21:19:57][DEBUG] jax_fem: DeviceProblem: computing Jacobian on device
[06-30 21:19:57][DEBUG] jax_fem: Function split_and_compute_cell took 0.0254 seconds
[06-30 21:19:57][DEBUG] jax_fem: CuDSSNewtonSolver: iter=1  res=1.606e-05  rel=6.672e-14
[06-30 21:19:57][INFO] jax_fem: CuDSSNewtonSolver: solve finished in 0.09s  res=1.606e-05
[06-30 21:19:58][DEBUG] jax_fem: CuDSSNewtonSolver: starting Newton loop
[06-30 21:19:58][DEBUG] jax_fem: DeviceProblem: computing Jacobian on device
[06-30 21:19:58][DEBUG] jax_fem: Function split_and_compute_cell took 0.0395 seconds
[06-30 21:19:58][DEBUG] jax_fem: CuDSSNewtonSolver: initial residual = 2.401e+08
[06-30 21:19:58][DEBUG] jax_fem: DeviceProblem: computing Jacobian on device
[06-30 21:19:58][DEBUG] jax_fem: Function split_and_compute_cell took 0.0280 seconds
[06-30 21:19:58][DEBUG] jax_fem: CuDSSNewtonSolver: iter=1  res=1.704e-05  rel=7.096e-14
[06-30 21:19:58][INFO] jax_fem: CuDSSNewtonSolver: solve finished in 0.10s  res=1.704e-05
[06-30 21:19:59][DEBUG] jax_fem: CuDSSNewtonSolver: starting Newton loop
[06-30 21:19:59][DEBUG] jax_fem: DeviceProblem: computing Jacobian on device
[06-30 21:19:59][DEBUG] jax_fem: Function split_and_compute_cell took 0.0266 seconds
[06-30 21:19:59][DEBUG] jax_fem: CuDSSNewtonSolver: initial residual = 2.429e+08
[06-30 21:19:59][DEBUG] jax_fem: DeviceProblem: computing Jacobian on device
[06-30 21:19:59][DEBUG] jax_fem: Function split_and_compute_cell took 0.0273 seconds
[06-30 21:19:59][DEBUG] jax_fem: CuDSSNewtonSolver: iter=1  res=1.629e-05  rel=6.706e-14
[06-30 21:19:59][INFO] jax_fem: CuDSSNewtonSolver: solve finished in 0.09s  res=1.629e-05
[06-30 21:19:59][DEBUG] jax_fem: CuDSSNewtonSolver: starting Newton loop
[06-30 21:19:59][DEBUG] jax_fem: DeviceProblem: computing Jacobian on device
[06-30 21:19:59][DEBUG] jax_fem: Function split_and_compute_cell took 0.0260 seconds
[06-30 21:19:59][DEBUG] jax_fem: CuDSSNewtonSolver: initial residual = 2.414e+08
[06-30 21:19:59][DEBUG] jax_fem: DeviceProblem: computing Jacobian on device
[06-30 21:19:59][DEBUG] jax_fem: Function split_and_compute_cell took 0.0263 seconds
[06-30 21:19:59][DEBUG] jax_fem: CuDSSNewtonSolver: iter=1  res=1.138e-05  rel=4.712e-14
[06-30 21:19:59][INFO] jax_fem: CuDSSNewtonSolver: solve finished in 0.09s  res=1.138e-05
[06-30 21:19:59][INFO] jax_fem: CuDSS backward: solving adjoint problem …
[06-30 21:19:59][DEBUG] jax_fem: DeviceProblem: computing Jacobian on device
[06-30 21:19:59][DEBUG] jax_fem: Function split_and_compute_cell took 0.0265 seconds
[06-30 21:19:59][DEBUG] jax_fem: Computing cell residual...
[06-30 21:20:00][DEBUG] jax_fem: Function split_and_compute_cell took 0.0656 seconds
[06-30 21:20:00][INFO] jax_fem: CuDSS backward: solving adjoint problem …
[06-30 21:20:00][DEBUG] jax_fem: DeviceProblem: computing Jacobian on device
[06-30 21:20:00][DEBUG] jax_fem: Function split_and_compute_cell took 0.0304 seconds
[06-30 21:20:00][DEBUG] jax_fem: Computing cell residual...
[06-30 21:20:00][DEBUG] jax_fem: Function split_and_compute_cell took 0.0668 seconds
[06-30 21:20:00][INFO] jax_fem: CuDSS backward: solving adjoint problem …
[06-30 21:20:00][DEBUG] jax_fem: DeviceProblem: computing Jacobian on device
[06-30 21:20:00][DEBUG] jax_fem: Function split_and_compute_cell took 0.0502 seconds
[06-30 21:20:00][DEBUG] jax_fem: Computing cell residual...
[06-30 21:20:00][DEBUG] jax_fem: Function split_and_compute_cell took 0.0767 seconds
[06-30 21:20:01][INFO] jax_fem: CuDSS backward: solving adjoint problem …
[06-30 21:20:01][DEBUG] jax_fem: DeviceProblem: computing Jacobian on device
[06-30 21:20:01][DEBUG] jax_fem: Function split_and_compute_cell took 0.0282 seconds
[06-30 21:20:01][DEBUG] jax_fem: Computing cell residual...
[06-30 21:20:01][DEBUG] jax_fem: Function split_and_compute_cell took 0.0761 seconds
[06-30 21:20:01][INFO] jax_fem: CuDSS backward: solving adjoint problem …
[06-30 21:20:01][DEBUG] jax_fem: DeviceProblem: computing Jacobian on device
[06-30 21:20:01][DEBUG] jax_fem: Function split_and_compute_cell took 0.0257 seconds
[06-30 21:20:01][DEBUG] jax_fem: Computing cell residual...
[06-30 21:20:01][DEBUG] jax_fem: Function split_and_compute_cell took 0.0782 seconds
[06-30 21:20:03][DEBUG] jax_fem: CuDSSNewtonSolver: starting Newton loop
[06-30 21:20:03][DEBUG] jax_fem: DeviceProblem: computing Jacobian on device
[06-30 21:20:03][DEBUG] jax_fem: Function split_and_compute_cell took 0.0337 seconds
[06-30 21:20:03][DEBUG] jax_fem: CuDSSNewtonSolver: initial residual = 2.427e+08
[06-30 21:20:03][DEBUG] jax_fem: DeviceProblem: computing Jacobian on device
[06-30 21:20:03][DEBUG] jax_fem: Function split_and_compute_cell took 0.0354 seconds
[06-30 21:20:03][DEBUG] jax_fem: CuDSSNewtonSolver: iter=1  res=1.617e-05  rel=6.661e-14
[06-30 21:20:03][INFO] jax_fem: CuDSSNewtonSolver: solve finished in 0.11s  res=1.617e-05
[06-30 21:20:03][DEBUG] jax_fem: CuDSSNewtonSolver: starting Newton loop
[06-30 21:20:03][DEBUG] jax_fem: DeviceProblem: computing Jacobian on device
[06-30 21:20:03][DEBUG] jax_fem: Function split_and_compute_cell took 0.0239 seconds
[06-30 21:20:03][DEBUG] jax_fem: CuDSSNewtonSolver: initial residual = 2.407e+08
[06-30 21:20:03][DEBUG] jax_fem: DeviceProblem: computing Jacobian on device
[06-30 21:20:03][DEBUG] jax_fem: Function split_and_compute_cell took 0.0208 seconds
[06-30 21:20:03][DEBUG] jax_fem: CuDSSNewtonSolver: iter=1  res=1.580e-05  rel=6.564e-14
[06-30 21:20:03][INFO] jax_fem: CuDSSNewtonSolver: solve finished in 0.08s  res=1.580e-05
[06-30 21:20:03][DEBUG] jax_fem: CuDSSNewtonSolver: starting Newton loop
[06-30 21:20:03][DEBUG] jax_fem: DeviceProblem: computing Jacobian on device
[06-30 21:20:03][DEBUG] jax_fem: Function split_and_compute_cell took 0.0339 seconds
[06-30 21:20:03][DEBUG] jax_fem: CuDSSNewtonSolver: initial residual = 2.401e+08
[06-30 21:20:03][DEBUG] jax_fem: DeviceProblem: computing Jacobian on device
[06-30 21:20:03][DEBUG] jax_fem: Function split_and_compute_cell took 0.0373 seconds
[06-30 21:20:03][DEBUG] jax_fem: CuDSSNewtonSolver: iter=1  res=1.686e-05  rel=7.023e-14
[06-30 21:20:03][INFO] jax_fem: CuDSSNewtonSolver: solve finished in 0.11s  res=1.686e-05
[06-30 21:20:04][DEBUG] jax_fem: CuDSSNewtonSolver: starting Newton loop
[06-30 21:20:04][DEBUG] jax_fem: DeviceProblem: computing Jacobian on device
[06-30 21:20:04][DEBUG] jax_fem: Function split_and_compute_cell took 0.0294 seconds
[06-30 21:20:04][DEBUG] jax_fem: CuDSSNewtonSolver: initial residual = 2.428e+08
[06-30 21:20:04][DEBUG] jax_fem: DeviceProblem: computing Jacobian on device
[06-30 21:20:04][DEBUG] jax_fem: Function split_and_compute_cell took 0.0343 seconds
[06-30 21:20:04][DEBUG] jax_fem: CuDSSNewtonSolver: iter=1  res=1.693e-05  rel=6.973e-14
[06-30 21:20:04][INFO] jax_fem: CuDSSNewtonSolver: solve finished in 0.10s  res=1.693e-05
[06-30 21:20:04][DEBUG] jax_fem: CuDSSNewtonSolver: starting Newton loop
[06-30 21:20:04][DEBUG] jax_fem: DeviceProblem: computing Jacobian on device
[06-30 21:20:04][DEBUG] jax_fem: Function split_and_compute_cell took 0.0279 seconds
[06-30 21:20:04][DEBUG] jax_fem: CuDSSNewtonSolver: initial residual = 2.414e+08
[06-30 21:20:04][DEBUG] jax_fem: DeviceProblem: computing Jacobian on device
[06-30 21:20:04][DEBUG] jax_fem: Function split_and_compute_cell took 0.0395 seconds
[06-30 21:20:04][DEBUG] jax_fem: CuDSSNewtonSolver: iter=1  res=1.221e-05  rel=5.056e-14
[06-30 21:20:04][INFO] jax_fem: CuDSSNewtonSolver: solve finished in 0.11s  res=1.221e-05
[06-30 21:20:06][DEBUG] jax_fem: CuDSSNewtonSolver: starting Newton loop
[06-30 21:20:06][DEBUG] jax_fem: DeviceProblem: computing Jacobian on device
[06-30 21:20:06][DEBUG] jax_fem: Function split_and_compute_cell took 0.0279 seconds
[06-30 21:20:06][DEBUG] jax_fem: CuDSSNewtonSolver: initial residual = 2.427e+08
[06-30 21:20:06][DEBUG] jax_fem: DeviceProblem: computing Jacobian on device
[06-30 21:20:06][DEBUG] jax_fem: Function split_and_compute_cell took 0.0284 seconds
[06-30 21:20:06][DEBUG] jax_fem: CuDSSNewtonSolver: iter=1  res=1.593e-05  rel=6.564e-14
[06-30 21:20:06][INFO] jax_fem: CuDSSNewtonSolver: solve finished in 0.09s  res=1.593e-05
[06-30 21:20:06][DEBUG] jax_fem: CuDSSNewtonSolver: starting Newton loop
[06-30 21:20:06][DEBUG] jax_fem: DeviceProblem: computing Jacobian on device
[06-30 21:20:07][DEBUG] jax_fem: Function split_and_compute_cell took 0.0265 seconds
[06-30 21:20:07][DEBUG] jax_fem: CuDSSNewtonSolver: initial residual = 2.407e+08
[06-30 21:20:07][DEBUG] jax_fem: DeviceProblem: computing Jacobian on device
[06-30 21:20:07][DEBUG] jax_fem: Function split_and_compute_cell took 0.0248 seconds
[06-30 21:20:07][DEBUG] jax_fem: CuDSSNewtonSolver: iter=1  res=1.599e-05  rel=6.645e-14
[06-30 21:20:07][INFO] jax_fem: CuDSSNewtonSolver: solve finished in 0.09s  res=1.599e-05
[06-30 21:20:07][DEBUG] jax_fem: CuDSSNewtonSolver: starting Newton loop
[06-30 21:20:07][DEBUG] jax_fem: DeviceProblem: computing Jacobian on device
[06-30 21:20:07][DEBUG] jax_fem: Function split_and_compute_cell took 0.0260 seconds
[06-30 21:20:07][DEBUG] jax_fem: CuDSSNewtonSolver: initial residual = 2.401e+08
[06-30 21:20:07][DEBUG] jax_fem: DeviceProblem: computing Jacobian on device
[06-30 21:20:07][DEBUG] jax_fem: Function split_and_compute_cell took 0.0272 seconds
[06-30 21:20:07][DEBUG] jax_fem: CuDSSNewtonSolver: iter=1  res=1.713e-05  rel=7.134e-14
[06-30 21:20:07][INFO] jax_fem: CuDSSNewtonSolver: solve finished in 0.09s  res=1.713e-05
[06-30 21:20:08][DEBUG] jax_fem: CuDSSNewtonSolver: starting Newton loop
[06-30 21:20:08][DEBUG] jax_fem: DeviceProblem: computing Jacobian on device
[06-30 21:20:08][DEBUG] jax_fem: Function split_and_compute_cell took 0.0282 seconds
[06-30 21:20:08][DEBUG] jax_fem: CuDSSNewtonSolver: initial residual = 2.428e+08
[06-30 21:20:08][DEBUG] jax_fem: DeviceProblem: computing Jacobian on device
[06-30 21:20:08][DEBUG] jax_fem: Function split_and_compute_cell took 0.0263 seconds
[06-30 21:20:08][DEBUG] jax_fem: CuDSSNewtonSolver: iter=1  res=1.684e-05  rel=6.936e-14
[06-30 21:20:08][INFO] jax_fem: CuDSSNewtonSolver: solve finished in 0.09s  res=1.684e-05
[06-30 21:20:08][DEBUG] jax_fem: CuDSSNewtonSolver: starting Newton loop
[06-30 21:20:08][DEBUG] jax_fem: DeviceProblem: computing Jacobian on device
[06-30 21:20:08][DEBUG] jax_fem: Function split_and_compute_cell took 0.0258 seconds
[06-30 21:20:08][DEBUG] jax_fem: CuDSSNewtonSolver: initial residual = 2.414e+08
[06-30 21:20:08][DEBUG] jax_fem: DeviceProblem: computing Jacobian on device
[06-30 21:20:08][DEBUG] jax_fem: Function split_and_compute_cell took 0.0242 seconds
[06-30 21:20:08][DEBUG] jax_fem: CuDSSNewtonSolver: iter=1  res=1.266e-05  rel=5.242e-14
[06-30 21:20:08][INFO] jax_fem: CuDSSNewtonSolver: solve finished in 0.09s  res=1.266e-05
[06-30 21:20:08][INFO] jax_fem: CuDSS backward: solving adjoint problem …
[06-30 21:20:08][DEBUG] jax_fem: DeviceProblem: computing Jacobian on device
[06-30 21:20:08][DEBUG] jax_fem: Function split_and_compute_cell took 0.0458 seconds
[06-30 21:20:09][DEBUG] jax_fem: Computing cell residual...
[06-30 21:20:09][DEBUG] jax_fem: Function split_and_compute_cell took 0.0630 seconds
[06-30 21:20:09][INFO] jax_fem: CuDSS backward: solving adjoint problem …
[06-30 21:20:09][DEBUG] jax_fem: DeviceProblem: computing Jacobian on device
[06-30 21:20:09][DEBUG] jax_fem: Function split_and_compute_cell took 0.0270 seconds
[06-30 21:20:09][DEBUG] jax_fem: Computing cell residual...
[06-30 21:20:09][DEBUG] jax_fem: Function split_and_compute_cell took 0.0673 seconds
[06-30 21:20:09][INFO] jax_fem: CuDSS backward: solving adjoint problem …
[06-30 21:20:09][DEBUG] jax_fem: DeviceProblem: computing Jacobian on device
[06-30 21:20:09][DEBUG] jax_fem: Function split_and_compute_cell took 0.0327 seconds
[06-30 21:20:09][DEBUG] jax_fem: Computing cell residual...
[06-30 21:20:09][DEBUG] jax_fem: Function split_and_compute_cell took 0.0663 seconds
[06-30 21:20:10][INFO] jax_fem: CuDSS backward: solving adjoint problem …
[06-30 21:20:10][DEBUG] jax_fem: DeviceProblem: computing Jacobian on device
[06-30 21:20:10][DEBUG] jax_fem: Function split_and_compute_cell took 0.0366 seconds
[06-30 21:20:10][DEBUG] jax_fem: Computing cell residual...
[06-30 21:20:10][DEBUG] jax_fem: Function split_and_compute_cell took 0.0673 seconds
[06-30 21:20:10][INFO] jax_fem: CuDSS backward: solving adjoint problem …
[06-30 21:20:10][DEBUG] jax_fem: DeviceProblem: computing Jacobian on device
[06-30 21:20:10][DEBUG] jax_fem: Function split_and_compute_cell took 0.0313 seconds
[06-30 21:20:10][DEBUG] jax_fem: Computing cell residual...
[06-30 21:20:10][DEBUG] jax_fem: Function split_and_compute_cell took 0.0518 seconds
[06-30 21:20:12][DEBUG] jax_fem: CuDSSNewtonSolver: starting Newton loop
[06-30 21:20:12][DEBUG] jax_fem: DeviceProblem: computing Jacobian on device
[06-30 21:20:12][DEBUG] jax_fem: Function split_and_compute_cell took 0.0271 seconds
[06-30 21:20:12][DEBUG] jax_fem: CuDSSNewtonSolver: initial residual = 2.427e+08
[06-30 21:20:12][DEBUG] jax_fem: DeviceProblem: computing Jacobian on device
[06-30 21:20:12][DEBUG] jax_fem: Function split_and_compute_cell took 0.0267 seconds
[06-30 21:20:12][DEBUG] jax_fem: CuDSSNewtonSolver: iter=1  res=1.678e-05  rel=6.915e-14
[06-30 21:20:12][INFO] jax_fem: CuDSSNewtonSolver: solve finished in 0.10s  res=1.678e-05
[06-30 21:20:12][DEBUG] jax_fem: CuDSSNewtonSolver: starting Newton loop
[06-30 21:20:12][DEBUG] jax_fem: DeviceProblem: computing Jacobian on device
[06-30 21:20:12][DEBUG] jax_fem: Function split_and_compute_cell took 0.0373 seconds
[06-30 21:20:12][DEBUG] jax_fem: CuDSSNewtonSolver: initial residual = 2.407e+08
[06-30 21:20:12][DEBUG] jax_fem: DeviceProblem: computing Jacobian on device
[06-30 21:20:12][DEBUG] jax_fem: Function split_and_compute_cell took 0.0596 seconds
[06-30 21:20:12][DEBUG] jax_fem: CuDSSNewtonSolver: iter=1  res=1.626e-05  rel=6.756e-14
[06-30 21:20:12][INFO] jax_fem: CuDSSNewtonSolver: solve finished in 0.14s  res=1.626e-05
[06-30 21:20:12][DEBUG] jax_fem: CuDSSNewtonSolver: starting Newton loop
[06-30 21:20:12][DEBUG] jax_fem: DeviceProblem: computing Jacobian on device
[06-30 21:20:12][DEBUG] jax_fem: Function split_and_compute_cell took 0.0461 seconds
[06-30 21:20:12][DEBUG] jax_fem: CuDSSNewtonSolver: initial residual = 2.401e+08
[06-30 21:20:12][DEBUG] jax_fem: DeviceProblem: computing Jacobian on device
[06-30 21:20:12][DEBUG] jax_fem: Function split_and_compute_cell took 0.0319 seconds
[06-30 21:20:12][DEBUG] jax_fem: CuDSSNewtonSolver: iter=1  res=1.803e-05  rel=7.512e-14
[06-30 21:20:12][INFO] jax_fem: CuDSSNewtonSolver: solve finished in 0.11s  res=1.803e-05
[06-30 21:20:13][DEBUG] jax_fem: CuDSSNewtonSolver: starting Newton loop
[06-30 21:20:13][DEBUG] jax_fem: DeviceProblem: computing Jacobian on device
[06-30 21:20:13][DEBUG] jax_fem: Function split_and_compute_cell took 0.0438 seconds
[06-30 21:20:13][DEBUG] jax_fem: CuDSSNewtonSolver: initial residual = 2.429e+08
[06-30 21:20:13][DEBUG] jax_fem: DeviceProblem: computing Jacobian on device
[06-30 21:20:13][DEBUG] jax_fem: Function split_and_compute_cell took 0.0441 seconds
[06-30 21:20:13][DEBUG] jax_fem: CuDSSNewtonSolver: iter=1  res=1.596e-05  rel=6.574e-14
[06-30 21:20:13][INFO] jax_fem: CuDSSNewtonSolver: solve finished in 0.13s  res=1.596e-05
[06-30 21:20:13][DEBUG] jax_fem: CuDSSNewtonSolver: starting Newton loop
[06-30 21:20:13][DEBUG] jax_fem: DeviceProblem: computing Jacobian on device
[06-30 21:20:13][DEBUG] jax_fem: Function split_and_compute_cell took 0.0319 seconds
[06-30 21:20:13][DEBUG] jax_fem: CuDSSNewtonSolver: initial residual = 2.414e+08
[06-30 21:20:13][DEBUG] jax_fem: DeviceProblem: computing Jacobian on device
[06-30 21:20:13][DEBUG] jax_fem: Function split_and_compute_cell took 0.0266 seconds
[06-30 21:20:13][DEBUG] jax_fem: CuDSSNewtonSolver: iter=1  res=1.230e-05  rel=5.093e-14
[06-30 21:20:13][INFO] jax_fem: CuDSSNewtonSolver: solve finished in 0.09s  res=1.230e-05
[06-30 21:20:15][DEBUG] jax_fem: CuDSSNewtonSolver: starting Newton loop
[06-30 21:20:15][DEBUG] jax_fem: DeviceProblem: computing Jacobian on device
[06-30 21:20:15][DEBUG] jax_fem: Function split_and_compute_cell took 0.0278 seconds
[06-30 21:20:15][DEBUG] jax_fem: CuDSSNewtonSolver: initial residual = 2.427e+08
[06-30 21:20:15][DEBUG] jax_fem: DeviceProblem: computing Jacobian on device
[06-30 21:20:15][DEBUG] jax_fem: Function split_and_compute_cell took 0.0264 seconds
[06-30 21:20:15][DEBUG] jax_fem: CuDSSNewtonSolver: iter=1  res=1.607e-05  rel=6.620e-14
[06-30 21:20:15][INFO] jax_fem: CuDSSNewtonSolver: solve finished in 0.09s  res=1.607e-05
[06-30 21:20:16][DEBUG] jax_fem: CuDSSNewtonSolver: starting Newton loop
[06-30 21:20:16][DEBUG] jax_fem: DeviceProblem: computing Jacobian on device
[06-30 21:20:16][DEBUG] jax_fem: Function split_and_compute_cell took 0.0267 seconds
[06-30 21:20:16][DEBUG] jax_fem: CuDSSNewtonSolver: initial residual = 2.407e+08
[06-30 21:20:16][DEBUG] jax_fem: DeviceProblem: computing Jacobian on device
[06-30 21:20:16][DEBUG] jax_fem: Function split_and_compute_cell took 0.0265 seconds
[06-30 21:20:16][DEBUG] jax_fem: CuDSSNewtonSolver: iter=1  res=1.573e-05  rel=6.535e-14
[06-30 21:20:16][INFO] jax_fem: CuDSSNewtonSolver: solve finished in 0.09s  res=1.573e-05
[06-30 21:20:16][DEBUG] jax_fem: CuDSSNewtonSolver: starting Newton loop
[06-30 21:20:16][DEBUG] jax_fem: DeviceProblem: computing Jacobian on device
[06-30 21:20:16][DEBUG] jax_fem: Function split_and_compute_cell took 0.0265 seconds
[06-30 21:20:16][DEBUG] jax_fem: CuDSSNewtonSolver: initial residual = 2.401e+08
[06-30 21:20:16][DEBUG] jax_fem: DeviceProblem: computing Jacobian on device
[06-30 21:20:16][DEBUG] jax_fem: Function split_and_compute_cell took 0.0274 seconds
[06-30 21:20:16][DEBUG] jax_fem: CuDSSNewtonSolver: iter=1  res=1.742e-05  rel=7.255e-14
[06-30 21:20:16][INFO] jax_fem: CuDSSNewtonSolver: solve finished in 0.09s  res=1.742e-05
[06-30 21:20:17][DEBUG] jax_fem: CuDSSNewtonSolver: starting Newton loop
[06-30 21:20:17][DEBUG] jax_fem: DeviceProblem: computing Jacobian on device
[06-30 21:20:17][DEBUG] jax_fem: Function split_and_compute_cell took 0.0268 seconds
[06-30 21:20:17][DEBUG] jax_fem: CuDSSNewtonSolver: initial residual = 2.429e+08
[06-30 21:20:17][DEBUG] jax_fem: DeviceProblem: computing Jacobian on device
[06-30 21:20:17][DEBUG] jax_fem: Function split_and_compute_cell took 0.0258 seconds
[06-30 21:20:17][DEBUG] jax_fem: CuDSSNewtonSolver: iter=1  res=1.709e-05  rel=7.036e-14
[06-30 21:20:17][INFO] jax_fem: CuDSSNewtonSolver: solve finished in 0.09s  res=1.709e-05
[06-30 21:20:17][DEBUG] jax_fem: CuDSSNewtonSolver: starting Newton loop
[06-30 21:20:17][DEBUG] jax_fem: DeviceProblem: computing Jacobian on device
[06-30 21:20:17][DEBUG] jax_fem: Function split_and_compute_cell took 0.0262 seconds
[06-30 21:20:17][DEBUG] jax_fem: CuDSSNewtonSolver: initial residual = 2.414e+08
[06-30 21:20:17][DEBUG] jax_fem: DeviceProblem: computing Jacobian on device
[06-30 21:20:17][DEBUG] jax_fem: Function split_and_compute_cell took 0.0249 seconds
[06-30 21:20:17][DEBUG] jax_fem: CuDSSNewtonSolver: iter=1  res=1.174e-05  rel=4.863e-14
[06-30 21:20:17][INFO] jax_fem: CuDSSNewtonSolver: solve finished in 0.09s  res=1.174e-05
[06-30 21:20:18][INFO] jax_fem: CuDSS backward: solving adjoint problem …
[06-30 21:20:18][DEBUG] jax_fem: DeviceProblem: computing Jacobian on device
[06-30 21:20:18][DEBUG] jax_fem: Function split_and_compute_cell took 0.0464 seconds
[06-30 21:20:18][DEBUG] jax_fem: Computing cell residual...
[06-30 21:20:18][DEBUG] jax_fem: Function split_and_compute_cell took 0.0818 seconds
[06-30 21:20:18][INFO] jax_fem: CuDSS backward: solving adjoint problem …
[06-30 21:20:18][DEBUG] jax_fem: DeviceProblem: computing Jacobian on device
[06-30 21:20:18][DEBUG] jax_fem: Function split_and_compute_cell took 0.0298 seconds
[06-30 21:20:18][DEBUG] jax_fem: Computing cell residual...
[06-30 21:20:18][DEBUG] jax_fem: Function split_and_compute_cell took 0.0736 seconds
[06-30 21:20:18][INFO] jax_fem: CuDSS backward: solving adjoint problem …
[06-30 21:20:18][DEBUG] jax_fem: DeviceProblem: computing Jacobian on device
[06-30 21:20:18][DEBUG] jax_fem: Function split_and_compute_cell took 0.0371 seconds
[06-30 21:20:18][DEBUG] jax_fem: Computing cell residual...
[06-30 21:20:19][DEBUG] jax_fem: Function split_and_compute_cell took 0.0706 seconds
[06-30 21:20:19][INFO] jax_fem: CuDSS backward: solving adjoint problem …
[06-30 21:20:19][DEBUG] jax_fem: DeviceProblem: computing Jacobian on device
[06-30 21:20:19][DEBUG] jax_fem: Function split_and_compute_cell took 0.0344 seconds
[06-30 21:20:19][DEBUG] jax_fem: Computing cell residual...
[06-30 21:20:19][DEBUG] jax_fem: Function split_and_compute_cell took 0.0775 seconds
[06-30 21:20:19][INFO] jax_fem: CuDSS backward: solving adjoint problem …
[06-30 21:20:19][DEBUG] jax_fem: DeviceProblem: computing Jacobian on device
[06-30 21:20:19][DEBUG] jax_fem: Function split_and_compute_cell took 0.0234 seconds
[06-30 21:20:19][DEBUG] jax_fem: Computing cell residual...
[06-30 21:20:19][DEBUG] jax_fem: Function split_and_compute_cell took 0.0700 seconds
[06-30 21:20:21][DEBUG] jax_fem: CuDSSNewtonSolver: starting Newton loop
[06-30 21:20:21][DEBUG] jax_fem: DeviceProblem: computing Jacobian on device
[06-30 21:20:21][DEBUG] jax_fem: Function split_and_compute_cell took 0.0417 seconds
[06-30 21:20:21][DEBUG] jax_fem: CuDSSNewtonSolver: initial residual = 2.427e+08
[06-30 21:20:21][DEBUG] jax_fem: DeviceProblem: computing Jacobian on device
[06-30 21:20:21][DEBUG] jax_fem: Function split_and_compute_cell took 0.0375 seconds
[06-30 21:20:21][DEBUG] jax_fem: CuDSSNewtonSolver: iter=1  res=1.563e-05  rel=6.442e-14
[06-30 21:20:21][INFO] jax_fem: CuDSSNewtonSolver: solve finished in 0.12s  res=1.563e-05
[06-30 21:20:21][DEBUG] jax_fem: CuDSSNewtonSolver: starting Newton loop
[06-30 21:20:21][DEBUG] jax_fem: DeviceProblem: computing Jacobian on device
[06-30 21:20:21][DEBUG] jax_fem: Function split_and_compute_cell took 0.0471 seconds
[06-30 21:20:21][DEBUG] jax_fem: CuDSSNewtonSolver: initial residual = 2.407e+08
[06-30 21:20:21][DEBUG] jax_fem: DeviceProblem: computing Jacobian on device
[06-30 21:20:21][DEBUG] jax_fem: Function split_and_compute_cell took 0.0401 seconds
[06-30 21:20:21][DEBUG] jax_fem: CuDSSNewtonSolver: iter=1  res=1.605e-05  rel=6.671e-14
[06-30 21:20:21][INFO] jax_fem: CuDSSNewtonSolver: solve finished in 0.13s  res=1.605e-05
[06-30 21:20:22][DEBUG] jax_fem: CuDSSNewtonSolver: starting Newton loop
[06-30 21:20:22][DEBUG] jax_fem: DeviceProblem: computing Jacobian on device
[06-30 21:20:22][DEBUG] jax_fem: Function split_and_compute_cell took 0.0276 seconds
[06-30 21:20:22][DEBUG] jax_fem: CuDSSNewtonSolver: initial residual = 2.401e+08
[06-30 21:20:22][DEBUG] jax_fem: DeviceProblem: computing Jacobian on device
[06-30 21:20:22][DEBUG] jax_fem: Function split_and_compute_cell took 0.0309 seconds
[06-30 21:20:22][DEBUG] jax_fem: CuDSSNewtonSolver: iter=1  res=1.748e-05  rel=7.282e-14
[06-30 21:20:22][INFO] jax_fem: CuDSSNewtonSolver: solve finished in 0.10s  res=1.748e-05
[06-30 21:20:22][DEBUG] jax_fem: CuDSSNewtonSolver: starting Newton loop
[06-30 21:20:22][DEBUG] jax_fem: DeviceProblem: computing Jacobian on device
[06-30 21:20:22][DEBUG] jax_fem: Function split_and_compute_cell took 0.0260 seconds
[06-30 21:20:22][DEBUG] jax_fem: CuDSSNewtonSolver: initial residual = 2.429e+08
[06-30 21:20:22][DEBUG] jax_fem: DeviceProblem: computing Jacobian on device
[06-30 21:20:22][DEBUG] jax_fem: Function split_and_compute_cell took 0.0280 seconds
[06-30 21:20:22][DEBUG] jax_fem: CuDSSNewtonSolver: iter=1  res=1.684e-05  rel=6.934e-14
[06-30 21:20:22][INFO] jax_fem: CuDSSNewtonSolver: solve finished in 0.10s  res=1.684e-05
[06-30 21:20:22][DEBUG] jax_fem: CuDSSNewtonSolver: starting Newton loop
[06-30 21:20:22][DEBUG] jax_fem: DeviceProblem: computing Jacobian on device
[06-30 21:20:22][DEBUG] jax_fem: Function split_and_compute_cell took 0.0315 seconds
[06-30 21:20:22][DEBUG] jax_fem: CuDSSNewtonSolver: initial residual = 2.414e+08
[06-30 21:20:22][DEBUG] jax_fem: DeviceProblem: computing Jacobian on device
[06-30 21:20:22][DEBUG] jax_fem: Function split_and_compute_cell took 0.0403 seconds
[06-30 21:20:22][DEBUG] jax_fem: CuDSSNewtonSolver: iter=1  res=1.185e-05  rel=4.906e-14
[06-30 21:20:22][INFO] jax_fem: CuDSSNewtonSolver: solve finished in 0.11s  res=1.185e-05
[06-30 21:20:24][DEBUG] jax_fem: CuDSSNewtonSolver: starting Newton loop
[06-30 21:20:24][DEBUG] jax_fem: DeviceProblem: computing Jacobian on device
[06-30 21:20:24][DEBUG] jax_fem: Function split_and_compute_cell took 0.0289 seconds
[06-30 21:20:24][DEBUG] jax_fem: CuDSSNewtonSolver: initial residual = 2.427e+08
[06-30 21:20:24][DEBUG] jax_fem: DeviceProblem: computing Jacobian on device
[06-30 21:20:24][DEBUG] jax_fem: Function split_and_compute_cell took 0.0274 seconds
[06-30 21:20:24][DEBUG] jax_fem: CuDSSNewtonSolver: iter=1  res=1.548e-05  rel=6.377e-14
[06-30 21:20:24][INFO] jax_fem: CuDSSNewtonSolver: solve finished in 0.09s  res=1.548e-05
[06-30 21:20:25][DEBUG] jax_fem: CuDSSNewtonSolver: starting Newton loop
[06-30 21:20:25][DEBUG] jax_fem: DeviceProblem: computing Jacobian on device
[06-30 21:20:25][DEBUG] jax_fem: Function split_and_compute_cell took 0.0259 seconds
[06-30 21:20:25][DEBUG] jax_fem: CuDSSNewtonSolver: initial residual = 2.407e+08
[06-30 21:20:25][DEBUG] jax_fem: DeviceProblem: computing Jacobian on device
[06-30 21:20:25][DEBUG] jax_fem: Function split_and_compute_cell took 0.0268 seconds
[06-30 21:20:25][DEBUG] jax_fem: CuDSSNewtonSolver: iter=1  res=1.678e-05  rel=6.971e-14
[06-30 21:20:25][INFO] jax_fem: CuDSSNewtonSolver: solve finished in 0.09s  res=1.678e-05
[06-30 21:20:25][DEBUG] jax_fem: CuDSSNewtonSolver: starting Newton loop
[06-30 21:20:25][DEBUG] jax_fem: DeviceProblem: computing Jacobian on device
[06-30 21:20:25][DEBUG] jax_fem: Function split_and_compute_cell took 0.0261 seconds
[06-30 21:20:25][DEBUG] jax_fem: CuDSSNewtonSolver: initial residual = 2.401e+08
[06-30 21:20:25][DEBUG] jax_fem: DeviceProblem: computing Jacobian on device
[06-30 21:20:25][DEBUG] jax_fem: Function split_and_compute_cell took 0.0268 seconds
[06-30 21:20:25][DEBUG] jax_fem: CuDSSNewtonSolver: iter=1  res=1.726e-05  rel=7.188e-14
[06-30 21:20:25][INFO] jax_fem: CuDSSNewtonSolver: solve finished in 0.09s  res=1.726e-05
[06-30 21:20:26][DEBUG] jax_fem: CuDSSNewtonSolver: starting Newton loop
[06-30 21:20:26][DEBUG] jax_fem: DeviceProblem: computing Jacobian on device
[06-30 21:20:26][DEBUG] jax_fem: Function split_and_compute_cell took 0.0254 seconds
[06-30 21:20:26][DEBUG] jax_fem: CuDSSNewtonSolver: initial residual = 2.429e+08
[06-30 21:20:26][DEBUG] jax_fem: DeviceProblem: computing Jacobian on device
[06-30 21:20:26][DEBUG] jax_fem: Function split_and_compute_cell took 0.0265 seconds
[06-30 21:20:26][DEBUG] jax_fem: CuDSSNewtonSolver: iter=1  res=1.724e-05  rel=7.098e-14
[06-30 21:20:26][INFO] jax_fem: CuDSSNewtonSolver: solve finished in 0.09s  res=1.724e-05
[06-30 21:20:26][DEBUG] jax_fem: CuDSSNewtonSolver: starting Newton loop
[06-30 21:20:26][DEBUG] jax_fem: DeviceProblem: computing Jacobian on device
[06-30 21:20:26][DEBUG] jax_fem: Function split_and_compute_cell took 0.0266 seconds
[06-30 21:20:26][DEBUG] jax_fem: CuDSSNewtonSolver: initial residual = 2.414e+08
[06-30 21:20:26][DEBUG] jax_fem: DeviceProblem: computing Jacobian on device
[06-30 21:20:26][DEBUG] jax_fem: Function split_and_compute_cell took 0.0275 seconds
[06-30 21:20:26][DEBUG] jax_fem: CuDSSNewtonSolver: iter=1  res=1.150e-05  rel=4.764e-14
[06-30 21:20:26][INFO] jax_fem: CuDSSNewtonSolver: solve finished in 0.09s  res=1.150e-05
[06-30 21:20:27][INFO] jax_fem: CuDSS backward: solving adjoint problem …
[06-30 21:20:27][DEBUG] jax_fem: DeviceProblem: computing Jacobian on device
[06-30 21:20:27][DEBUG] jax_fem: Function split_and_compute_cell took 0.0286 seconds
[06-30 21:20:27][DEBUG] jax_fem: Computing cell residual...
[06-30 21:20:27][DEBUG] jax_fem: Function split_and_compute_cell took 0.0572 seconds
[06-30 21:20:27][INFO] jax_fem: CuDSS backward: solving adjoint problem …
[06-30 21:20:27][DEBUG] jax_fem: DeviceProblem: computing Jacobian on device
[06-30 21:20:27][DEBUG] jax_fem: Function split_and_compute_cell took 0.0271 seconds
[06-30 21:20:27][DEBUG] jax_fem: Computing cell residual...
[06-30 21:20:27][DEBUG] jax_fem: Function split_and_compute_cell took 0.0622 seconds
[06-30 21:20:27][INFO] jax_fem: CuDSS backward: solving adjoint problem …
[06-30 21:20:27][DEBUG] jax_fem: DeviceProblem: computing Jacobian on device
[06-30 21:20:27][DEBUG] jax_fem: Function split_and_compute_cell took 0.0250 seconds
[06-30 21:20:27][DEBUG] jax_fem: Computing cell residual...
[06-30 21:20:28][DEBUG] jax_fem: Function split_and_compute_cell took 0.0584 seconds
[06-30 21:20:28][INFO] jax_fem: CuDSS backward: solving adjoint problem …
[06-30 21:20:28][DEBUG] jax_fem: DeviceProblem: computing Jacobian on device
[06-30 21:20:28][DEBUG] jax_fem: Function split_and_compute_cell took 0.0270 seconds
[06-30 21:20:28][DEBUG] jax_fem: Computing cell residual...
[06-30 21:20:28][DEBUG] jax_fem: Function split_and_compute_cell took 0.0618 seconds
[06-30 21:20:28][INFO] jax_fem: CuDSS backward: solving adjoint problem …
[06-30 21:20:28][DEBUG] jax_fem: DeviceProblem: computing Jacobian on device
[06-30 21:20:28][DEBUG] jax_fem: Function split_and_compute_cell took 0.0247 seconds
[06-30 21:20:28][DEBUG] jax_fem: Computing cell residual...
[06-30 21:20:28][DEBUG] jax_fem: Function split_and_compute_cell took 0.0656 seconds
[06-30 21:20:30][DEBUG] jax_fem: CuDSSNewtonSolver: starting Newton loop
[06-30 21:20:30][DEBUG] jax_fem: DeviceProblem: computing Jacobian on device
[06-30 21:20:30][DEBUG] jax_fem: Function split_and_compute_cell took 0.0312 seconds
[06-30 21:20:30][DEBUG] jax_fem: CuDSSNewtonSolver: initial residual = 2.427e+08
[06-30 21:20:30][DEBUG] jax_fem: DeviceProblem: computing Jacobian on device
[06-30 21:20:30][DEBUG] jax_fem: Function split_and_compute_cell took 0.0229 seconds
[06-30 21:20:30][DEBUG] jax_fem: CuDSSNewtonSolver: iter=1  res=1.663e-05  rel=6.854e-14
[06-30 21:20:30][INFO] jax_fem: CuDSSNewtonSolver: solve finished in 0.09s  res=1.663e-05
[06-30 21:20:30][DEBUG] jax_fem: CuDSSNewtonSolver: starting Newton loop
[06-30 21:20:30][DEBUG] jax_fem: DeviceProblem: computing Jacobian on device
[06-30 21:20:30][DEBUG] jax_fem: Function split_and_compute_cell took 0.0315 seconds
[06-30 21:20:30][DEBUG] jax_fem: CuDSSNewtonSolver: initial residual = 2.407e+08
[06-30 21:20:30][DEBUG] jax_fem: DeviceProblem: computing Jacobian on device
[06-30 21:20:30][DEBUG] jax_fem: Function split_and_compute_cell took 0.0435 seconds
[06-30 21:20:30][DEBUG] jax_fem: CuDSSNewtonSolver: iter=1  res=1.638e-05  rel=6.806e-14
[06-30 21:20:30][INFO] jax_fem: CuDSSNewtonSolver: solve finished in 0.12s  res=1.638e-05
[06-30 21:20:31][DEBUG] jax_fem: CuDSSNewtonSolver: starting Newton loop
[06-30 21:20:31][DEBUG] jax_fem: DeviceProblem: computing Jacobian on device
[06-30 21:20:31][DEBUG] jax_fem: Function split_and_compute_cell took 0.0391 seconds
[06-30 21:20:31][DEBUG] jax_fem: CuDSSNewtonSolver: initial residual = 2.401e+08
[06-30 21:20:31][DEBUG] jax_fem: DeviceProblem: computing Jacobian on device
[06-30 21:20:31][DEBUG] jax_fem: Function split_and_compute_cell took 0.0337 seconds
[06-30 21:20:31][DEBUG] jax_fem: CuDSSNewtonSolver: iter=1  res=1.700e-05  rel=7.081e-14
[06-30 21:20:31][INFO] jax_fem: CuDSSNewtonSolver: solve finished in 0.11s  res=1.700e-05
[06-30 21:20:31][DEBUG] jax_fem: CuDSSNewtonSolver: starting Newton loop
[06-30 21:20:31][DEBUG] jax_fem: DeviceProblem: computing Jacobian on device
[06-30 21:20:31][DEBUG] jax_fem: Function split_and_compute_cell took 0.0274 seconds
[06-30 21:20:31][DEBUG] jax_fem: CuDSSNewtonSolver: initial residual = 2.429e+08
[06-30 21:20:31][DEBUG] jax_fem: DeviceProblem: computing Jacobian on device
[06-30 21:20:31][DEBUG] jax_fem: Function split_and_compute_cell took 0.0314 seconds
[06-30 21:20:31][DEBUG] jax_fem: CuDSSNewtonSolver: iter=1  res=1.603e-05  rel=6.601e-14
[06-30 21:20:31][INFO] jax_fem: CuDSSNewtonSolver: solve finished in 0.10s  res=1.603e-05
[06-30 21:20:31][DEBUG] jax_fem: CuDSSNewtonSolver: starting Newton loop
[06-30 21:20:31][DEBUG] jax_fem: DeviceProblem: computing Jacobian on device
[06-30 21:20:31][DEBUG] jax_fem: Function split_and_compute_cell took 0.0355 seconds
[06-30 21:20:31][DEBUG] jax_fem: CuDSSNewtonSolver: initial residual = 2.414e+08
[06-30 21:20:31][DEBUG] jax_fem: DeviceProblem: computing Jacobian on device
[06-30 21:20:31][DEBUG] jax_fem: Function split_and_compute_cell took 0.0367 seconds
[06-30 21:20:31][DEBUG] jax_fem: CuDSSNewtonSolver: iter=1  res=1.221e-05  rel=5.059e-14
[06-30 21:20:31][INFO] jax_fem: CuDSSNewtonSolver: solve finished in 0.11s  res=1.221e-05
[06-30 21:20:33][DEBUG] jax_fem: CuDSSNewtonSolver: starting Newton loop
[06-30 21:20:33][DEBUG] jax_fem: DeviceProblem: computing Jacobian on device
[06-30 21:20:33][DEBUG] jax_fem: Function split_and_compute_cell took 0.0290 seconds
[06-30 21:20:33][DEBUG] jax_fem: CuDSSNewtonSolver: initial residual = 2.427e+08
[06-30 21:20:33][DEBUG] jax_fem: DeviceProblem: computing Jacobian on device
[06-30 21:20:33][DEBUG] jax_fem: Function split_and_compute_cell took 0.0283 seconds
[06-30 21:20:33][DEBUG] jax_fem: CuDSSNewtonSolver: iter=1  res=1.651e-05  rel=6.803e-14
[06-30 21:20:33][INFO] jax_fem: CuDSSNewtonSolver: solve finished in 0.09s  res=1.651e-05
[06-30 21:20:34][DEBUG] jax_fem: CuDSSNewtonSolver: starting Newton loop
[06-30 21:20:34][DEBUG] jax_fem: DeviceProblem: computing Jacobian on device
[06-30 21:20:34][DEBUG] jax_fem: Function split_and_compute_cell took 0.0270 seconds
[06-30 21:20:34][DEBUG] jax_fem: CuDSSNewtonSolver: initial residual = 2.407e+08
[06-30 21:20:34][DEBUG] jax_fem: DeviceProblem: computing Jacobian on device
[06-30 21:20:34][DEBUG] jax_fem: Function split_and_compute_cell took 0.0269 seconds
[06-30 21:20:34][DEBUG] jax_fem: CuDSSNewtonSolver: iter=1  res=1.728e-05  rel=7.179e-14
[06-30 21:20:34][INFO] jax_fem: CuDSSNewtonSolver: solve finished in 0.09s  res=1.728e-05
[06-30 21:20:34][DEBUG] jax_fem: CuDSSNewtonSolver: starting Newton loop
[06-30 21:20:34][DEBUG] jax_fem: DeviceProblem: computing Jacobian on device
[06-30 21:20:34][DEBUG] jax_fem: Function split_and_compute_cell took 0.0259 seconds
[06-30 21:20:34][DEBUG] jax_fem: CuDSSNewtonSolver: initial residual = 2.401e+08
[06-30 21:20:34][DEBUG] jax_fem: DeviceProblem: computing Jacobian on device
[06-30 21:20:34][DEBUG] jax_fem: Function split_and_compute_cell took 0.0279 seconds
[06-30 21:20:34][DEBUG] jax_fem: CuDSSNewtonSolver: iter=1  res=1.734e-05  rel=7.223e-14
[06-30 21:20:34][INFO] jax_fem: CuDSSNewtonSolver: solve finished in 0.09s  res=1.734e-05
[06-30 21:20:35][DEBUG] jax_fem: CuDSSNewtonSolver: starting Newton loop
[06-30 21:20:35][DEBUG] jax_fem: DeviceProblem: computing Jacobian on device
[06-30 21:20:35][DEBUG] jax_fem: Function split_and_compute_cell took 0.0257 seconds
[06-30 21:20:35][DEBUG] jax_fem: CuDSSNewtonSolver: initial residual = 2.429e+08
[06-30 21:20:35][DEBUG] jax_fem: DeviceProblem: computing Jacobian on device
[06-30 21:20:35][DEBUG] jax_fem: Function split_and_compute_cell took 0.0251 seconds
[06-30 21:20:35][DEBUG] jax_fem: CuDSSNewtonSolver: iter=1  res=1.659e-05  rel=6.830e-14
[06-30 21:20:35][INFO] jax_fem: CuDSSNewtonSolver: solve finished in 0.08s  res=1.659e-05
[06-30 21:20:35][DEBUG] jax_fem: CuDSSNewtonSolver: starting Newton loop
[06-30 21:20:35][DEBUG] jax_fem: DeviceProblem: computing Jacobian on device
[06-30 21:20:35][DEBUG] jax_fem: Function split_and_compute_cell took 0.0278 seconds
[06-30 21:20:35][DEBUG] jax_fem: CuDSSNewtonSolver: initial residual = 2.414e+08
[06-30 21:20:35][DEBUG] jax_fem: DeviceProblem: computing Jacobian on device
[06-30 21:20:36][DEBUG] jax_fem: Function split_and_compute_cell took 0.0278 seconds
[06-30 21:20:36][DEBUG] jax_fem: CuDSSNewtonSolver: iter=1  res=1.193e-05  rel=4.942e-14
[06-30 21:20:36][INFO] jax_fem: CuDSSNewtonSolver: solve finished in 0.09s  res=1.193e-05
[06-30 21:20:36][INFO] jax_fem: CuDSS backward: solving adjoint problem …
[06-30 21:20:36][DEBUG] jax_fem: DeviceProblem: computing Jacobian on device
[06-30 21:20:36][DEBUG] jax_fem: Function split_and_compute_cell took 0.0269 seconds
[06-30 21:20:36][DEBUG] jax_fem: Computing cell residual...
[06-30 21:20:36][DEBUG] jax_fem: Function split_and_compute_cell took 0.0607 seconds
[06-30 21:20:36][INFO] jax_fem: CuDSS backward: solving adjoint problem …
[06-30 21:20:36][DEBUG] jax_fem: DeviceProblem: computing Jacobian on device
[06-30 21:20:36][DEBUG] jax_fem: Function split_and_compute_cell took 0.0394 seconds
[06-30 21:20:36][DEBUG] jax_fem: Computing cell residual...
[06-30 21:20:36][DEBUG] jax_fem: Function split_and_compute_cell took 0.0748 seconds
[06-30 21:20:36][INFO] jax_fem: CuDSS backward: solving adjoint problem …
[06-30 21:20:36][DEBUG] jax_fem: DeviceProblem: computing Jacobian on device
[06-30 21:20:36][DEBUG] jax_fem: Function split_and_compute_cell took 0.0430 seconds
[06-30 21:20:36][DEBUG] jax_fem: Computing cell residual...
[06-30 21:20:37][DEBUG] jax_fem: Function split_and_compute_cell took 0.0668 seconds
[06-30 21:20:37][INFO] jax_fem: CuDSS backward: solving adjoint problem …
[06-30 21:20:37][DEBUG] jax_fem: DeviceProblem: computing Jacobian on device
[06-30 21:20:37][DEBUG] jax_fem: Function split_and_compute_cell took 0.0300 seconds
[06-30 21:20:37][DEBUG] jax_fem: Computing cell residual...
[06-30 21:20:37][DEBUG] jax_fem: Function split_and_compute_cell took 0.0624 seconds
[06-30 21:20:37][INFO] jax_fem: CuDSS backward: solving adjoint problem …
[06-30 21:20:37][DEBUG] jax_fem: DeviceProblem: computing Jacobian on device
[06-30 21:20:37][DEBUG] jax_fem: Function split_and_compute_cell took 0.0371 seconds
[06-30 21:20:37][DEBUG] jax_fem: Computing cell residual...
[06-30 21:20:37][DEBUG] jax_fem: Function split_and_compute_cell took 0.0659 seconds
[06-30 21:20:39][DEBUG] jax_fem: CuDSSNewtonSolver: starting Newton loop
[06-30 21:20:39][DEBUG] jax_fem: DeviceProblem: computing Jacobian on device
[06-30 21:20:39][DEBUG] jax_fem: Function split_and_compute_cell took 0.0265 seconds
[06-30 21:20:39][DEBUG] jax_fem: CuDSSNewtonSolver: initial residual = 2.427e+08
[06-30 21:20:39][DEBUG] jax_fem: DeviceProblem: computing Jacobian on device
[06-30 21:20:39][DEBUG] jax_fem: Function split_and_compute_cell took 0.0347 seconds
[06-30 21:20:39][DEBUG] jax_fem: CuDSSNewtonSolver: iter=1  res=1.535e-05  rel=6.323e-14
[06-30 21:20:39][INFO] jax_fem: CuDSSNewtonSolver: solve finished in 0.10s  res=1.535e-05
[06-30 21:20:39][DEBUG] jax_fem: CuDSSNewtonSolver: starting Newton loop
[06-30 21:20:39][DEBUG] jax_fem: DeviceProblem: computing Jacobian on device
[06-30 21:20:39][DEBUG] jax_fem: Function split_and_compute_cell took 0.0312 seconds
[06-30 21:20:39][DEBUG] jax_fem: CuDSSNewtonSolver: initial residual = 2.407e+08
[06-30 21:20:39][DEBUG] jax_fem: DeviceProblem: computing Jacobian on device
[06-30 21:20:39][DEBUG] jax_fem: Function split_and_compute_cell took 0.0372 seconds
[06-30 21:20:39][DEBUG] jax_fem: CuDSSNewtonSolver: iter=1  res=1.606e-05  rel=6.673e-14
[06-30 21:20:39][INFO] jax_fem: CuDSSNewtonSolver: solve finished in 0.10s  res=1.606e-05
[06-30 21:20:39][DEBUG] jax_fem: CuDSSNewtonSolver: starting Newton loop
[06-30 21:20:39][DEBUG] jax_fem: DeviceProblem: computing Jacobian on device
[06-30 21:20:40][DEBUG] jax_fem: Function split_and_compute_cell took 0.0360 seconds
[06-30 21:20:40][DEBUG] jax_fem: CuDSSNewtonSolver: initial residual = 2.401e+08
[06-30 21:20:40][DEBUG] jax_fem: DeviceProblem: computing Jacobian on device
[06-30 21:20:40][DEBUG] jax_fem: Function split_and_compute_cell took 0.0452 seconds
[06-30 21:20:40][DEBUG] jax_fem: CuDSSNewtonSolver: iter=1  res=1.727e-05  rel=7.193e-14
[06-30 21:20:40][INFO] jax_fem: CuDSSNewtonSolver: solve finished in 0.12s  res=1.727e-05
[06-30 21:20:40][DEBUG] jax_fem: CuDSSNewtonSolver: starting Newton loop
[06-30 21:20:40][DEBUG] jax_fem: DeviceProblem: computing Jacobian on device
[06-30 21:20:40][DEBUG] jax_fem: Function split_and_compute_cell took 0.0366 seconds
[06-30 21:20:40][DEBUG] jax_fem: CuDSSNewtonSolver: initial residual = 2.429e+08
[06-30 21:20:40][DEBUG] jax_fem: DeviceProblem: computing Jacobian on device
[06-30 21:20:40][DEBUG] jax_fem: Function split_and_compute_cell took 0.0421 seconds
[06-30 21:20:40][DEBUG] jax_fem: CuDSSNewtonSolver: iter=1  res=1.625e-05  rel=6.691e-14
[06-30 21:20:40][INFO] jax_fem: CuDSSNewtonSolver: solve finished in 0.12s  res=1.625e-05
[06-30 21:20:40][DEBUG] jax_fem: CuDSSNewtonSolver: starting Newton loop
[06-30 21:20:40][DEBUG] jax_fem: DeviceProblem: computing Jacobian on device
[06-30 21:20:40][DEBUG] jax_fem: Function split_and_compute_cell took 0.0312 seconds
[06-30 21:20:40][DEBUG] jax_fem: CuDSSNewtonSolver: initial residual = 2.414e+08
[06-30 21:20:40][DEBUG] jax_fem: DeviceProblem: computing Jacobian on device
[06-30 21:20:40][DEBUG] jax_fem: Function split_and_compute_cell took 0.0230 seconds
[06-30 21:20:40][DEBUG] jax_fem: CuDSSNewtonSolver: iter=1  res=1.189e-05  rel=4.924e-14
[06-30 21:20:40][INFO] jax_fem: CuDSSNewtonSolver: solve finished in 0.09s  res=1.189e-05
[06-30 21:20:42][DEBUG] jax_fem: CuDSSNewtonSolver: starting Newton loop
[06-30 21:20:42][DEBUG] jax_fem: DeviceProblem: computing Jacobian on device
[06-30 21:20:42][DEBUG] jax_fem: Function split_and_compute_cell took 0.0279 seconds
[06-30 21:20:42][DEBUG] jax_fem: CuDSSNewtonSolver: initial residual = 2.427e+08
[06-30 21:20:42][DEBUG] jax_fem: DeviceProblem: computing Jacobian on device
[06-30 21:20:42][DEBUG] jax_fem: Function split_and_compute_cell took 0.0264 seconds
[06-30 21:20:42][DEBUG] jax_fem: CuDSSNewtonSolver: iter=1  res=1.568e-05  rel=6.462e-14
[06-30 21:20:42][INFO] jax_fem: CuDSSNewtonSolver: solve finished in 0.09s  res=1.568e-05
[06-30 21:20:43][DEBUG] jax_fem: CuDSSNewtonSolver: starting Newton loop
[06-30 21:20:43][DEBUG] jax_fem: DeviceProblem: computing Jacobian on device
[06-30 21:20:43][DEBUG] jax_fem: Function split_and_compute_cell took 0.0260 seconds
[06-30 21:20:43][DEBUG] jax_fem: CuDSSNewtonSolver: initial residual = 2.407e+08
[06-30 21:20:43][DEBUG] jax_fem: DeviceProblem: computing Jacobian on device
[06-30 21:20:43][DEBUG] jax_fem: Function split_and_compute_cell took 0.0252 seconds
[06-30 21:20:43][DEBUG] jax_fem: CuDSSNewtonSolver: iter=1  res=1.575e-05  rel=6.544e-14
[06-30 21:20:43][INFO] jax_fem: CuDSSNewtonSolver: solve finished in 0.09s  res=1.575e-05
[06-30 21:20:43][DEBUG] jax_fem: CuDSSNewtonSolver: starting Newton loop
[06-30 21:20:43][DEBUG] jax_fem: DeviceProblem: computing Jacobian on device
[06-30 21:20:43][DEBUG] jax_fem: Function split_and_compute_cell took 0.0264 seconds
[06-30 21:20:43][DEBUG] jax_fem: CuDSSNewtonSolver: initial residual = 2.401e+08
[06-30 21:20:43][DEBUG] jax_fem: DeviceProblem: computing Jacobian on device
[06-30 21:20:43][DEBUG] jax_fem: Function split_and_compute_cell took 0.0248 seconds
[06-30 21:20:43][DEBUG] jax_fem: CuDSSNewtonSolver: iter=1  res=1.751e-05  rel=7.293e-14
[06-30 21:20:43][INFO] jax_fem: CuDSSNewtonSolver: solve finished in 0.09s  res=1.751e-05
[06-30 21:20:44][DEBUG] jax_fem: CuDSSNewtonSolver: starting Newton loop
[06-30 21:20:44][DEBUG] jax_fem: DeviceProblem: computing Jacobian on device
[06-30 21:20:44][DEBUG] jax_fem: Function split_and_compute_cell took 0.0265 seconds
[06-30 21:20:44][DEBUG] jax_fem: CuDSSNewtonSolver: initial residual = 2.429e+08
[06-30 21:20:44][DEBUG] jax_fem: DeviceProblem: computing Jacobian on device
[06-30 21:20:44][DEBUG] jax_fem: Function split_and_compute_cell took 0.0268 seconds
[06-30 21:20:44][DEBUG] jax_fem: CuDSSNewtonSolver: iter=1  res=1.753e-05  rel=7.220e-14
[06-30 21:20:44][INFO] jax_fem: CuDSSNewtonSolver: solve finished in 0.09s  res=1.753e-05
[06-30 21:20:44][DEBUG] jax_fem: CuDSSNewtonSolver: starting Newton loop
[06-30 21:20:45][DEBUG] jax_fem: DeviceProblem: computing Jacobian on device
[06-30 21:20:45][DEBUG] jax_fem: Function split_and_compute_cell took 0.0265 seconds
[06-30 21:20:45][DEBUG] jax_fem: CuDSSNewtonSolver: initial residual = 2.414e+08
[06-30 21:20:45][DEBUG] jax_fem: DeviceProblem: computing Jacobian on device
[06-30 21:20:45][DEBUG] jax_fem: Function split_and_compute_cell took 0.0259 seconds
[06-30 21:20:45][DEBUG] jax_fem: CuDSSNewtonSolver: iter=1  res=1.178e-05  rel=4.879e-14
[06-30 21:20:45][INFO] jax_fem: CuDSSNewtonSolver: solve finished in 0.09s  res=1.178e-05
[06-30 21:20:45][INFO] jax_fem: CuDSS backward: solving adjoint problem …
[06-30 21:20:45][DEBUG] jax_fem: DeviceProblem: computing Jacobian on device
[06-30 21:20:45][DEBUG] jax_fem: Function split_and_compute_cell took 0.0387 seconds
[06-30 21:20:45][DEBUG] jax_fem: Computing cell residual...
[06-30 21:20:45][DEBUG] jax_fem: Function split_and_compute_cell took 0.0542 seconds
[06-30 21:20:45][INFO] jax_fem: CuDSS backward: solving adjoint problem …
[06-30 21:20:45][DEBUG] jax_fem: DeviceProblem: computing Jacobian on device
[06-30 21:20:45][DEBUG] jax_fem: Function split_and_compute_cell took 0.0286 seconds
[06-30 21:20:45][DEBUG] jax_fem: Computing cell residual...
[06-30 21:20:45][DEBUG] jax_fem: Function split_and_compute_cell took 0.0617 seconds
[06-30 21:20:45][INFO] jax_fem: CuDSS backward: solving adjoint problem …
[06-30 21:20:45][DEBUG] jax_fem: DeviceProblem: computing Jacobian on device
[06-30 21:20:45][DEBUG] jax_fem: Function split_and_compute_cell took 0.0354 seconds
[06-30 21:20:45][DEBUG] jax_fem: Computing cell residual...
[06-30 21:20:46][DEBUG] jax_fem: Function split_and_compute_cell took 0.0625 seconds
[06-30 21:20:46][INFO] jax_fem: CuDSS backward: solving adjoint problem …
[06-30 21:20:46][DEBUG] jax_fem: DeviceProblem: computing Jacobian on device
[06-30 21:20:46][DEBUG] jax_fem: Function split_and_compute_cell took 0.0334 seconds
[06-30 21:20:46][DEBUG] jax_fem: Computing cell residual...
[06-30 21:20:46][DEBUG] jax_fem: Function split_and_compute_cell took 0.0706 seconds
[06-30 21:20:46][INFO] jax_fem: CuDSS backward: solving adjoint problem …
[06-30 21:20:46][DEBUG] jax_fem: DeviceProblem: computing Jacobian on device
[06-30 21:20:46][DEBUG] jax_fem: Function split_and_compute_cell took 0.0312 seconds
[06-30 21:20:46][DEBUG] jax_fem: Computing cell residual...
[06-30 21:20:46][DEBUG] jax_fem: Function split_and_compute_cell took 0.0633 seconds
[06-30 21:20:48][DEBUG] jax_fem: CuDSSNewtonSolver: starting Newton loop
[06-30 21:20:48][DEBUG] jax_fem: DeviceProblem: computing Jacobian on device
[06-30 21:20:48][DEBUG] jax_fem: Function split_and_compute_cell took 0.0231 seconds
[06-30 21:20:48][DEBUG] jax_fem: CuDSSNewtonSolver: initial residual = 2.427e+08
[06-30 21:20:48][DEBUG] jax_fem: DeviceProblem: computing Jacobian on device
[06-30 21:20:48][DEBUG] jax_fem: Function split_and_compute_cell took 0.0267 seconds
[06-30 21:20:48][DEBUG] jax_fem: CuDSSNewtonSolver: iter=1  res=1.590e-05  rel=6.552e-14
[06-30 21:20:48][INFO] jax_fem: CuDSSNewtonSolver: solve finished in 0.09s  res=1.590e-05
[06-30 21:20:48][DEBUG] jax_fem: CuDSSNewtonSolver: starting Newton loop
[06-30 21:20:48][DEBUG] jax_fem: DeviceProblem: computing Jacobian on device
[06-30 21:20:48][DEBUG] jax_fem: Function split_and_compute_cell took 0.0361 seconds
[06-30 21:20:48][DEBUG] jax_fem: CuDSSNewtonSolver: initial residual = 2.407e+08
[06-30 21:20:48][DEBUG] jax_fem: DeviceProblem: computing Jacobian on device
[06-30 21:20:48][DEBUG] jax_fem: Function split_and_compute_cell took 0.0332 seconds
[06-30 21:20:48][DEBUG] jax_fem: CuDSSNewtonSolver: iter=1  res=1.581e-05  rel=6.570e-14
[06-30 21:20:48][INFO] jax_fem: CuDSSNewtonSolver: solve finished in 0.11s  res=1.581e-05
[06-30 21:20:49][DEBUG] jax_fem: CuDSSNewtonSolver: starting Newton loop
[06-30 21:20:49][DEBUG] jax_fem: DeviceProblem: computing Jacobian on device
[06-30 21:20:49][DEBUG] jax_fem: Function split_and_compute_cell took 0.0467 seconds
[06-30 21:20:49][DEBUG] jax_fem: CuDSSNewtonSolver: initial residual = 2.401e+08
[06-30 21:20:49][DEBUG] jax_fem: DeviceProblem: computing Jacobian on device
[06-30 21:20:49][DEBUG] jax_fem: Function split_and_compute_cell took 0.0251 seconds
[06-30 21:20:49][DEBUG] jax_fem: CuDSSNewtonSolver: iter=1  res=1.807e-05  rel=7.528e-14
[06-30 21:20:49][INFO] jax_fem: CuDSSNewtonSolver: solve finished in 0.11s  res=1.807e-05
[06-30 21:20:49][DEBUG] jax_fem: CuDSSNewtonSolver: starting Newton loop
[06-30 21:20:49][DEBUG] jax_fem: DeviceProblem: computing Jacobian on device
[06-30 21:20:49][DEBUG] jax_fem: Function split_and_compute_cell took 0.0469 seconds
[06-30 21:20:49][DEBUG] jax_fem: CuDSSNewtonSolver: initial residual = 2.429e+08
[06-30 21:20:49][DEBUG] jax_fem: DeviceProblem: computing Jacobian on device
[06-30 21:20:49][DEBUG] jax_fem: Function split_and_compute_cell took 0.0233 seconds
[06-30 21:20:49][DEBUG] jax_fem: CuDSSNewtonSolver: iter=1  res=1.558e-05  rel=6.416e-14
[06-30 21:20:49][INFO] jax_fem: CuDSSNewtonSolver: solve finished in 0.11s  res=1.558e-05
[06-30 21:20:49][DEBUG] jax_fem: CuDSSNewtonSolver: starting Newton loop
[06-30 21:20:49][DEBUG] jax_fem: DeviceProblem: computing Jacobian on device
[06-30 21:20:49][DEBUG] jax_fem: Function split_and_compute_cell took 0.0504 seconds
[06-30 21:20:49][DEBUG] jax_fem: CuDSSNewtonSolver: initial residual = 2.414e+08
[06-30 21:20:49][DEBUG] jax_fem: DeviceProblem: computing Jacobian on device
[06-30 21:20:49][DEBUG] jax_fem: Function split_and_compute_cell took 0.0301 seconds
[06-30 21:20:49][DEBUG] jax_fem: CuDSSNewtonSolver: iter=1  res=1.179e-05  rel=4.881e-14
[06-30 21:20:49][INFO] jax_fem: CuDSSNewtonSolver: solve finished in 0.12s  res=1.179e-05
[06-30 21:20:51][DEBUG] jax_fem: CuDSSNewtonSolver: starting Newton loop
[06-30 21:20:51][DEBUG] jax_fem: DeviceProblem: computing Jacobian on device
[06-30 21:20:51][DEBUG] jax_fem: Function split_and_compute_cell took 0.0246 seconds
[06-30 21:20:51][DEBUG] jax_fem: CuDSSNewtonSolver: initial residual = 2.427e+08
[06-30 21:20:51][DEBUG] jax_fem: DeviceProblem: computing Jacobian on device
[06-30 21:20:51][DEBUG] jax_fem: Function split_and_compute_cell took 0.0274 seconds
[06-30 21:20:51][DEBUG] jax_fem: CuDSSNewtonSolver: iter=1  res=1.622e-05  rel=6.682e-14
[06-30 21:20:51][INFO] jax_fem: CuDSSNewtonSolver: solve finished in 0.09s  res=1.622e-05
[06-30 21:20:52][DEBUG] jax_fem: CuDSSNewtonSolver: starting Newton loop
[06-30 21:20:52][DEBUG] jax_fem: DeviceProblem: computing Jacobian on device
[06-30 21:20:52][DEBUG] jax_fem: Function split_and_compute_cell took 0.0260 seconds
[06-30 21:20:52][DEBUG] jax_fem: CuDSSNewtonSolver: initial residual = 2.407e+08
[06-30 21:20:52][DEBUG] jax_fem: DeviceProblem: computing Jacobian on device
[06-30 21:20:52][DEBUG] jax_fem: Function split_and_compute_cell took 0.0261 seconds
[06-30 21:20:52][DEBUG] jax_fem: CuDSSNewtonSolver: iter=1  res=1.654e-05  rel=6.873e-14
[06-30 21:20:52][INFO] jax_fem: CuDSSNewtonSolver: solve finished in 0.09s  res=1.654e-05
[06-30 21:20:52][DEBUG] jax_fem: CuDSSNewtonSolver: starting Newton loop
[06-30 21:20:52][DEBUG] jax_fem: DeviceProblem: computing Jacobian on device
[06-30 21:20:52][DEBUG] jax_fem: Function split_and_compute_cell took 0.0270 seconds
[06-30 21:20:52][DEBUG] jax_fem: CuDSSNewtonSolver: initial residual = 2.401e+08
[06-30 21:20:52][DEBUG] jax_fem: DeviceProblem: computing Jacobian on device
[06-30 21:20:52][DEBUG] jax_fem: Function split_and_compute_cell took 0.0264 seconds
[06-30 21:20:52][DEBUG] jax_fem: CuDSSNewtonSolver: iter=1  res=1.713e-05  rel=7.135e-14
[06-30 21:20:52][INFO] jax_fem: CuDSSNewtonSolver: solve finished in 0.09s  res=1.713e-05
[06-30 21:20:53][DEBUG] jax_fem: CuDSSNewtonSolver: starting Newton loop
[06-30 21:20:53][DEBUG] jax_fem: DeviceProblem: computing Jacobian on device
[06-30 21:20:53][DEBUG] jax_fem: Function split_and_compute_cell took 0.0268 seconds
[06-30 21:20:53][DEBUG] jax_fem: CuDSSNewtonSolver: initial residual = 2.429e+08
[06-30 21:20:53][DEBUG] jax_fem: DeviceProblem: computing Jacobian on device
[06-30 21:20:53][DEBUG] jax_fem: Function split_and_compute_cell took 0.0247 seconds
[06-30 21:20:53][DEBUG] jax_fem: CuDSSNewtonSolver: iter=1  res=1.648e-05  rel=6.786e-14
[06-30 21:20:53][INFO] jax_fem: CuDSSNewtonSolver: solve finished in 0.09s  res=1.648e-05
[06-30 21:20:54][DEBUG] jax_fem: CuDSSNewtonSolver: starting Newton loop
[06-30 21:20:54][DEBUG] jax_fem: DeviceProblem: computing Jacobian on device
[06-30 21:20:54][DEBUG] jax_fem: Function split_and_compute_cell took 0.0262 seconds
[06-30 21:20:54][DEBUG] jax_fem: CuDSSNewtonSolver: initial residual = 2.414e+08
[06-30 21:20:54][DEBUG] jax_fem: DeviceProblem: computing Jacobian on device
[06-30 21:20:54][DEBUG] jax_fem: Function split_and_compute_cell took 0.0268 seconds
[06-30 21:20:54][DEBUG] jax_fem: CuDSSNewtonSolver: iter=1  res=1.178e-05  rel=4.879e-14
[06-30 21:20:54][INFO] jax_fem: CuDSSNewtonSolver: solve finished in 0.09s  res=1.178e-05
[06-30 21:20:54][INFO] jax_fem: CuDSS backward: solving adjoint problem …
[06-30 21:20:54][DEBUG] jax_fem: DeviceProblem: computing Jacobian on device
[06-30 21:20:54][DEBUG] jax_fem: Function split_and_compute_cell took 0.0379 seconds
[06-30 21:20:54][DEBUG] jax_fem: Computing cell residual...
[06-30 21:20:54][DEBUG] jax_fem: Function split_and_compute_cell took 0.0679 seconds
[06-30 21:20:54][INFO] jax_fem: CuDSS backward: solving adjoint problem …
[06-30 21:20:54][DEBUG] jax_fem: DeviceProblem: computing Jacobian on device
[06-30 21:20:54][DEBUG] jax_fem: Function split_and_compute_cell took 0.0263 seconds
[06-30 21:20:54][DEBUG] jax_fem: Computing cell residual...
[06-30 21:20:54][DEBUG] jax_fem: Function split_and_compute_cell took 0.0552 seconds
[06-30 21:20:54][INFO] jax_fem: CuDSS backward: solving adjoint problem …
[06-30 21:20:54][DEBUG] jax_fem: DeviceProblem: computing Jacobian on device
[06-30 21:20:54][DEBUG] jax_fem: Function split_and_compute_cell took 0.0258 seconds
[06-30 21:20:55][DEBUG] jax_fem: Computing cell residual...
[06-30 21:20:55][DEBUG] jax_fem: Function split_and_compute_cell took 0.0637 seconds
[06-30 21:20:55][INFO] jax_fem: CuDSS backward: solving adjoint problem …
[06-30 21:20:55][DEBUG] jax_fem: DeviceProblem: computing Jacobian on device
[06-30 21:20:55][DEBUG] jax_fem: Function split_and_compute_cell took 0.0262 seconds
[06-30 21:20:55][DEBUG] jax_fem: Computing cell residual...
[06-30 21:20:55][DEBUG] jax_fem: Function split_and_compute_cell took 0.0604 seconds
[06-30 21:20:55][INFO] jax_fem: CuDSS backward: solving adjoint problem …
[06-30 21:20:55][DEBUG] jax_fem: DeviceProblem: computing Jacobian on device
[06-30 21:20:55][DEBUG] jax_fem: Function split_and_compute_cell took 0.0301 seconds
[06-30 21:20:55][DEBUG] jax_fem: Computing cell residual...
[06-30 21:20:55][DEBUG] jax_fem: Function split_and_compute_cell took 0.0602 seconds
[06-30 21:20:57][DEBUG] jax_fem: CuDSSNewtonSolver: starting Newton loop
[06-30 21:20:57][DEBUG] jax_fem: DeviceProblem: computing Jacobian on device
[06-30 21:20:57][DEBUG] jax_fem: Function split_and_compute_cell took 0.0516 seconds
[06-30 21:20:57][DEBUG] jax_fem: CuDSSNewtonSolver: initial residual = 2.427e+08
[06-30 21:20:57][DEBUG] jax_fem: DeviceProblem: computing Jacobian on device
[06-30 21:20:57][DEBUG] jax_fem: Function split_and_compute_cell took 0.0337 seconds
[06-30 21:20:57][DEBUG] jax_fem: CuDSSNewtonSolver: iter=1  res=1.624e-05  rel=6.692e-14
[06-30 21:20:57][INFO] jax_fem: CuDSSNewtonSolver: solve finished in 0.13s  res=1.624e-05
[06-30 21:20:57][DEBUG] jax_fem: CuDSSNewtonSolver: starting Newton loop
[06-30 21:20:57][DEBUG] jax_fem: DeviceProblem: computing Jacobian on device
[06-30 21:20:57][DEBUG] jax_fem: Function split_and_compute_cell took 0.0378 seconds
[06-30 21:20:57][DEBUG] jax_fem: CuDSSNewtonSolver: initial residual = 2.407e+08
[06-30 21:20:57][DEBUG] jax_fem: DeviceProblem: computing Jacobian on device
[06-30 21:20:57][DEBUG] jax_fem: Function split_and_compute_cell took 0.0391 seconds
[06-30 21:20:57][DEBUG] jax_fem: CuDSSNewtonSolver: iter=1  res=1.537e-05  rel=6.385e-14
[06-30 21:20:57][INFO] jax_fem: CuDSSNewtonSolver: solve finished in 0.12s  res=1.537e-05
[06-30 21:20:57][DEBUG] jax_fem: CuDSSNewtonSolver: starting Newton loop
[06-30 21:20:57][DEBUG] jax_fem: DeviceProblem: computing Jacobian on device
[06-30 21:20:58][DEBUG] jax_fem: Function split_and_compute_cell took 0.0364 seconds
[06-30 21:20:58][DEBUG] jax_fem: CuDSSNewtonSolver: initial residual = 2.401e+08
[06-30 21:20:58][DEBUG] jax_fem: DeviceProblem: computing Jacobian on device
[06-30 21:20:58][DEBUG] jax_fem: Function split_and_compute_cell took 0.0368 seconds
[06-30 21:20:58][DEBUG] jax_fem: CuDSSNewtonSolver: iter=1  res=1.691e-05  rel=7.043e-14
[06-30 21:20:58][INFO] jax_fem: CuDSSNewtonSolver: solve finished in 0.11s  res=1.691e-05
[06-30 21:20:58][DEBUG] jax_fem: CuDSSNewtonSolver: starting Newton loop
[06-30 21:20:58][DEBUG] jax_fem: DeviceProblem: computing Jacobian on device
[06-30 21:20:58][DEBUG] jax_fem: Function split_and_compute_cell took 0.0346 seconds
[06-30 21:20:58][DEBUG] jax_fem: CuDSSNewtonSolver: initial residual = 2.429e+08
[06-30 21:20:58][DEBUG] jax_fem: DeviceProblem: computing Jacobian on device
[06-30 21:20:58][DEBUG] jax_fem: Function split_and_compute_cell took 0.0456 seconds
[06-30 21:20:58][DEBUG] jax_fem: CuDSSNewtonSolver: iter=1  res=1.606e-05  rel=6.614e-14
[06-30 21:20:58][INFO] jax_fem: CuDSSNewtonSolver: solve finished in 0.12s  res=1.606e-05
[06-30 21:20:58][DEBUG] jax_fem: CuDSSNewtonSolver: starting Newton loop
[06-30 21:20:58][DEBUG] jax_fem: DeviceProblem: computing Jacobian on device
[06-30 21:20:58][DEBUG] jax_fem: Function split_and_compute_cell took 0.0418 seconds
[06-30 21:20:58][DEBUG] jax_fem: CuDSSNewtonSolver: initial residual = 2.414e+08
[06-30 21:20:58][DEBUG] jax_fem: DeviceProblem: computing Jacobian on device
[06-30 21:20:58][DEBUG] jax_fem: Function split_and_compute_cell took 0.0450 seconds
[06-30 21:20:58][DEBUG] jax_fem: CuDSSNewtonSolver: iter=1  res=1.192e-05  rel=4.937e-14
[06-30 21:20:58][INFO] jax_fem: CuDSSNewtonSolver: solve finished in 0.13s  res=1.192e-05
[06-30 21:21:00][DEBUG] jax_fem: CuDSSNewtonSolver: starting Newton loop
[06-30 21:21:00][DEBUG] jax_fem: DeviceProblem: computing Jacobian on device
[06-30 21:21:00][DEBUG] jax_fem: Function split_and_compute_cell took 0.0255 seconds
[06-30 21:21:00][DEBUG] jax_fem: CuDSSNewtonSolver: initial residual = 2.427e+08
[06-30 21:21:00][DEBUG] jax_fem: DeviceProblem: computing Jacobian on device
[06-30 21:21:00][DEBUG] jax_fem: Function split_and_compute_cell took 0.0263 seconds
[06-30 21:21:00][DEBUG] jax_fem: CuDSSNewtonSolver: iter=1  res=1.580e-05  rel=6.508e-14
[06-30 21:21:00][INFO] jax_fem: CuDSSNewtonSolver: solve finished in 0.09s  res=1.580e-05
[06-30 21:21:01][DEBUG] jax_fem: CuDSSNewtonSolver: starting Newton loop
[06-30 21:21:01][DEBUG] jax_fem: DeviceProblem: computing Jacobian on device
[06-30 21:21:01][DEBUG] jax_fem: Function split_and_compute_cell took 0.0244 seconds
[06-30 21:21:01][DEBUG] jax_fem: CuDSSNewtonSolver: initial residual = 2.407e+08
[06-30 21:21:01][DEBUG] jax_fem: DeviceProblem: computing Jacobian on device
[06-30 21:21:01][DEBUG] jax_fem: Function split_and_compute_cell took 0.0268 seconds
[06-30 21:21:01][DEBUG] jax_fem: CuDSSNewtonSolver: iter=1  res=1.588e-05  rel=6.597e-14
[06-30 21:21:01][INFO] jax_fem: CuDSSNewtonSolver: solve finished in 0.09s  res=1.588e-05
[06-30 21:21:01][DEBUG] jax_fem: CuDSSNewtonSolver: starting Newton loop
[06-30 21:21:01][DEBUG] jax_fem: DeviceProblem: computing Jacobian on device
[06-30 21:21:01][DEBUG] jax_fem: Function split_and_compute_cell took 0.0264 seconds
[06-30 21:21:01][DEBUG] jax_fem: CuDSSNewtonSolver: initial residual = 2.401e+08
[06-30 21:21:01][DEBUG] jax_fem: DeviceProblem: computing Jacobian on device
[06-30 21:21:01][DEBUG] jax_fem: Function split_and_compute_cell took 0.0254 seconds
[06-30 21:21:01][DEBUG] jax_fem: CuDSSNewtonSolver: iter=1  res=1.782e-05  rel=7.423e-14
[06-30 21:21:01][INFO] jax_fem: CuDSSNewtonSolver: solve finished in 0.09s  res=1.782e-05
[06-30 21:21:02][DEBUG] jax_fem: CuDSSNewtonSolver: starting Newton loop
[06-30 21:21:02][DEBUG] jax_fem: DeviceProblem: computing Jacobian on device
[06-30 21:21:02][DEBUG] jax_fem: Function split_and_compute_cell took 0.0254 seconds
[06-30 21:21:02][DEBUG] jax_fem: CuDSSNewtonSolver: initial residual = 2.429e+08
[06-30 21:21:02][DEBUG] jax_fem: DeviceProblem: computing Jacobian on device
[06-30 21:21:02][DEBUG] jax_fem: Function split_and_compute_cell took 0.0271 seconds
[06-30 21:21:02][DEBUG] jax_fem: CuDSSNewtonSolver: iter=1  res=1.591e-05  rel=6.553e-14
[06-30 21:21:02][INFO] jax_fem: CuDSSNewtonSolver: solve finished in 0.09s  res=1.591e-05
[06-30 21:21:02][DEBUG] jax_fem: CuDSSNewtonSolver: starting Newton loop
[06-30 21:21:02][DEBUG] jax_fem: DeviceProblem: computing Jacobian on device
[06-30 21:21:02][DEBUG] jax_fem: Function split_and_compute_cell took 0.0259 seconds
[06-30 21:21:02][DEBUG] jax_fem: CuDSSNewtonSolver: initial residual = 2.414e+08
[06-30 21:21:02][DEBUG] jax_fem: DeviceProblem: computing Jacobian on device
[06-30 21:21:02][DEBUG] jax_fem: Function split_and_compute_cell took 0.0252 seconds
[06-30 21:21:03][DEBUG] jax_fem: CuDSSNewtonSolver: iter=1  res=1.210e-05  rel=5.009e-14
[06-30 21:21:03][INFO] jax_fem: CuDSSNewtonSolver: solve finished in 0.09s  res=1.210e-05
[06-30 21:21:03][INFO] jax_fem: CuDSS backward: solving adjoint problem …
[06-30 21:21:03][DEBUG] jax_fem: DeviceProblem: computing Jacobian on device
[06-30 21:21:03][DEBUG] jax_fem: Function split_and_compute_cell took 0.0429 seconds
[06-30 21:21:03][DEBUG] jax_fem: Computing cell residual...
[06-30 21:21:03][DEBUG] jax_fem: Function split_and_compute_cell took 0.0642 seconds
[06-30 21:21:03][INFO] jax_fem: CuDSS backward: solving adjoint problem …
[06-30 21:21:03][DEBUG] jax_fem: DeviceProblem: computing Jacobian on device
[06-30 21:21:03][DEBUG] jax_fem: Function split_and_compute_cell took 0.0266 seconds
[06-30 21:21:03][DEBUG] jax_fem: Computing cell residual...
[06-30 21:21:03][DEBUG] jax_fem: Function split_and_compute_cell took 0.0629 seconds
[06-30 21:21:03][INFO] jax_fem: CuDSS backward: solving adjoint problem …
[06-30 21:21:03][DEBUG] jax_fem: DeviceProblem: computing Jacobian on device
[06-30 21:21:03][DEBUG] jax_fem: Function split_and_compute_cell took 0.0323 seconds
[06-30 21:21:03][DEBUG] jax_fem: Computing cell residual...
[06-30 21:21:04][DEBUG] jax_fem: Function split_and_compute_cell took 0.0751 seconds
[06-30 21:21:04][INFO] jax_fem: CuDSS backward: solving adjoint problem …
[06-30 21:21:04][DEBUG] jax_fem: DeviceProblem: computing Jacobian on device
[06-30 21:21:04][DEBUG] jax_fem: Function split_and_compute_cell took 0.0384 seconds
[06-30 21:21:04][DEBUG] jax_fem: Computing cell residual...
[06-30 21:21:04][DEBUG] jax_fem: Function split_and_compute_cell took 0.0690 seconds
[06-30 21:21:04][INFO] jax_fem: CuDSS backward: solving adjoint problem …
[06-30 21:21:04][DEBUG] jax_fem: DeviceProblem: computing Jacobian on device
[06-30 21:21:04][DEBUG] jax_fem: Function split_and_compute_cell took 0.0316 seconds
[06-30 21:21:04][DEBUG] jax_fem: Computing cell residual...
[06-30 21:21:04][DEBUG] jax_fem: Function split_and_compute_cell took 0.0576 seconds
[06-30 21:21:06][DEBUG] jax_fem: CuDSSNewtonSolver: starting Newton loop
[06-30 21:21:06][DEBUG] jax_fem: DeviceProblem: computing Jacobian on device
[06-30 21:21:06][DEBUG] jax_fem: Function split_and_compute_cell took 0.0400 seconds
[06-30 21:21:06][DEBUG] jax_fem: CuDSSNewtonSolver: initial residual = 2.427e+08
[06-30 21:21:06][DEBUG] jax_fem: DeviceProblem: computing Jacobian on device
[06-30 21:21:06][DEBUG] jax_fem: Function split_and_compute_cell took 0.0244 seconds
[06-30 21:21:06][DEBUG] jax_fem: CuDSSNewtonSolver: iter=1  res=1.583e-05  rel=6.523e-14
[06-30 21:21:06][INFO] jax_fem: CuDSSNewtonSolver: solve finished in 0.10s  res=1.583e-05
[06-30 21:21:06][DEBUG] jax_fem: CuDSSNewtonSolver: starting Newton loop
[06-30 21:21:06][DEBUG] jax_fem: DeviceProblem: computing Jacobian on device
[06-30 21:21:06][DEBUG] jax_fem: Function split_and_compute_cell took 0.0315 seconds
[06-30 21:21:06][DEBUG] jax_fem: CuDSSNewtonSolver: initial residual = 2.407e+08
[06-30 21:21:06][DEBUG] jax_fem: DeviceProblem: computing Jacobian on device
[06-30 21:21:06][DEBUG] jax_fem: Function split_and_compute_cell took 0.0280 seconds
[06-30 21:21:06][DEBUG] jax_fem: CuDSSNewtonSolver: iter=1  res=1.636e-05  rel=6.798e-14
[06-30 21:21:06][INFO] jax_fem: CuDSSNewtonSolver: solve finished in 0.10s  res=1.636e-05
[06-30 21:21:06][DEBUG] jax_fem: CuDSSNewtonSolver: starting Newton loop
[06-30 21:21:07][DEBUG] jax_fem: DeviceProblem: computing Jacobian on device
[06-30 21:21:07][DEBUG] jax_fem: Function split_and_compute_cell took 0.0446 seconds
[06-30 21:21:07][DEBUG] jax_fem: CuDSSNewtonSolver: initial residual = 2.401e+08
[06-30 21:21:07][DEBUG] jax_fem: DeviceProblem: computing Jacobian on device
[06-30 21:21:07][DEBUG] jax_fem: Function split_and_compute_cell took 0.0376 seconds
[06-30 21:21:07][DEBUG] jax_fem: CuDSSNewtonSolver: iter=1  res=1.750e-05  rel=7.291e-14
[06-30 21:21:07][INFO] jax_fem: CuDSSNewtonSolver: solve finished in 0.12s  res=1.750e-05
[06-30 21:21:07][DEBUG] jax_fem: CuDSSNewtonSolver: starting Newton loop
[06-30 21:21:07][DEBUG] jax_fem: DeviceProblem: computing Jacobian on device
[06-30 21:21:07][DEBUG] jax_fem: Function split_and_compute_cell took 0.0322 seconds
[06-30 21:21:07][DEBUG] jax_fem: CuDSSNewtonSolver: initial residual = 2.429e+08
[06-30 21:21:07][DEBUG] jax_fem: DeviceProblem: computing Jacobian on device
[06-30 21:21:07][DEBUG] jax_fem: Function split_and_compute_cell took 0.0345 seconds
[06-30 21:21:07][DEBUG] jax_fem: CuDSSNewtonSolver: iter=1  res=1.609e-05  rel=6.626e-14
[06-30 21:21:07][INFO] jax_fem: CuDSSNewtonSolver: solve finished in 0.10s  res=1.609e-05
[06-30 21:21:07][DEBUG] jax_fem: CuDSSNewtonSolver: starting Newton loop
[06-30 21:21:07][DEBUG] jax_fem: DeviceProblem: computing Jacobian on device
[06-30 21:21:07][DEBUG] jax_fem: Function split_and_compute_cell took 0.0242 seconds
[06-30 21:21:07][DEBUG] jax_fem: CuDSSNewtonSolver: initial residual = 2.414e+08
[06-30 21:21:07][DEBUG] jax_fem: DeviceProblem: computing Jacobian on device
[06-30 21:21:07][DEBUG] jax_fem: Function split_and_compute_cell took 0.0372 seconds
[06-30 21:21:07][DEBUG] jax_fem: CuDSSNewtonSolver: iter=1  res=1.143e-05  rel=4.733e-14
[06-30 21:21:07][INFO] jax_fem: CuDSSNewtonSolver: solve finished in 0.10s  res=1.143e-05
[06-30 21:21:09][DEBUG] jax_fem: CuDSSNewtonSolver: starting Newton loop
[06-30 21:21:09][DEBUG] jax_fem: DeviceProblem: computing Jacobian on device
[06-30 21:21:09][DEBUG] jax_fem: Function split_and_compute_cell took 0.0269 seconds
[06-30 21:21:09][DEBUG] jax_fem: CuDSSNewtonSolver: initial residual = 2.427e+08
[06-30 21:21:09][DEBUG] jax_fem: DeviceProblem: computing Jacobian on device
[06-30 21:21:09][DEBUG] jax_fem: Function split_and_compute_cell took 0.0273 seconds
[06-30 21:21:09][DEBUG] jax_fem: CuDSSNewtonSolver: iter=1  res=1.625e-05  rel=6.697e-14
[06-30 21:21:09][INFO] jax_fem: CuDSSNewtonSolver: solve finished in 0.09s  res=1.625e-05
[06-30 21:21:10][DEBUG] jax_fem: CuDSSNewtonSolver: starting Newton loop
[06-30 21:21:10][DEBUG] jax_fem: DeviceProblem: computing Jacobian on device
[06-30 21:21:10][DEBUG] jax_fem: Function split_and_compute_cell took 0.0251 seconds
[06-30 21:21:10][DEBUG] jax_fem: CuDSSNewtonSolver: initial residual = 2.407e+08
[06-30 21:21:10][DEBUG] jax_fem: DeviceProblem: computing Jacobian on device
[06-30 21:21:10][DEBUG] jax_fem: Function split_and_compute_cell took 0.0261 seconds
[06-30 21:21:10][DEBUG] jax_fem: CuDSSNewtonSolver: iter=1  res=1.662e-05  rel=6.904e-14
[06-30 21:21:10][INFO] jax_fem: CuDSSNewtonSolver: solve finished in 0.09s  res=1.662e-05
[06-30 21:21:10][DEBUG] jax_fem: CuDSSNewtonSolver: starting Newton loop
[06-30 21:21:10][DEBUG] jax_fem: DeviceProblem: computing Jacobian on device
[06-30 21:21:10][DEBUG] jax_fem: Function split_and_compute_cell took 0.0264 seconds
[06-30 21:21:10][DEBUG] jax_fem: CuDSSNewtonSolver: initial residual = 2.401e+08
[06-30 21:21:10][DEBUG] jax_fem: DeviceProblem: computing Jacobian on device
[06-30 21:21:10][DEBUG] jax_fem: Function split_and_compute_cell took 0.0269 seconds
[06-30 21:21:10][DEBUG] jax_fem: CuDSSNewtonSolver: iter=1  res=1.715e-05  rel=7.145e-14
[06-30 21:21:10][INFO] jax_fem: CuDSSNewtonSolver: solve finished in 0.09s  res=1.715e-05
[06-30 21:21:11][DEBUG] jax_fem: CuDSSNewtonSolver: starting Newton loop
[06-30 21:21:11][DEBUG] jax_fem: DeviceProblem: computing Jacobian on device
[06-30 21:21:11][DEBUG] jax_fem: Function split_and_compute_cell took 0.0266 seconds
[06-30 21:21:11][DEBUG] jax_fem: CuDSSNewtonSolver: initial residual = 2.429e+08
[06-30 21:21:11][DEBUG] jax_fem: DeviceProblem: computing Jacobian on device
[06-30 21:21:11][DEBUG] jax_fem: Function split_and_compute_cell took 0.0257 seconds
[06-30 21:21:11][DEBUG] jax_fem: CuDSSNewtonSolver: iter=1  res=1.572e-05  rel=6.472e-14
[06-30 21:21:11][INFO] jax_fem: CuDSSNewtonSolver: solve finished in 0.09s  res=1.572e-05
[06-30 21:21:12][DEBUG] jax_fem: CuDSSNewtonSolver: starting Newton loop
[06-30 21:21:12][DEBUG] jax_fem: DeviceProblem: computing Jacobian on device
[06-30 21:21:12][DEBUG] jax_fem: Function split_and_compute_cell took 0.0259 seconds
[06-30 21:21:12][DEBUG] jax_fem: CuDSSNewtonSolver: initial residual = 2.414e+08
[06-30 21:21:12][DEBUG] jax_fem: DeviceProblem: computing Jacobian on device
[06-30 21:21:12][DEBUG] jax_fem: Function split_and_compute_cell took 0.0265 seconds
[06-30 21:21:12][DEBUG] jax_fem: CuDSSNewtonSolver: iter=1  res=1.170e-05  rel=4.846e-14
[06-30 21:21:12][INFO] jax_fem: CuDSSNewtonSolver: solve finished in 0.09s  res=1.170e-05
[06-30 21:21:12][INFO] jax_fem: CuDSS backward: solving adjoint problem …
[06-30 21:21:12][DEBUG] jax_fem: DeviceProblem: computing Jacobian on device
[06-30 21:21:12][DEBUG] jax_fem: Function split_and_compute_cell took 0.0276 seconds
[06-30 21:21:12][DEBUG] jax_fem: Computing cell residual...
[06-30 21:21:12][DEBUG] jax_fem: Function split_and_compute_cell took 0.0620 seconds
[06-30 21:21:12][INFO] jax_fem: CuDSS backward: solving adjoint problem …
[06-30 21:21:12][DEBUG] jax_fem: DeviceProblem: computing Jacobian on device
[06-30 21:21:12][DEBUG] jax_fem: Function split_and_compute_cell took 0.0511 seconds
[06-30 21:21:12][DEBUG] jax_fem: Computing cell residual...
[06-30 21:21:12][DEBUG] jax_fem: Function split_and_compute_cell took 0.0626 seconds
[06-30 21:21:12][INFO] jax_fem: CuDSS backward: solving adjoint problem …
[06-30 21:21:12][DEBUG] jax_fem: DeviceProblem: computing Jacobian on device
[06-30 21:21:13][DEBUG] jax_fem: Function split_and_compute_cell took 0.0248 seconds
[06-30 21:21:13][DEBUG] jax_fem: Computing cell residual...
[06-30 21:21:13][DEBUG] jax_fem: Function split_and_compute_cell took 0.0744 seconds
[06-30 21:21:13][INFO] jax_fem: CuDSS backward: solving adjoint problem …
[06-30 21:21:13][DEBUG] jax_fem: DeviceProblem: computing Jacobian on device
[06-30 21:21:13][DEBUG] jax_fem: Function split_and_compute_cell took 0.0324 seconds
[06-30 21:21:13][DEBUG] jax_fem: Computing cell residual...
[06-30 21:21:13][DEBUG] jax_fem: Function split_and_compute_cell took 0.0598 seconds
[06-30 21:21:13][INFO] jax_fem: CuDSS backward: solving adjoint problem …
[06-30 21:21:13][DEBUG] jax_fem: DeviceProblem: computing Jacobian on device
[06-30 21:21:13][DEBUG] jax_fem: Function split_and_compute_cell took 0.0402 seconds
[06-30 21:21:13][DEBUG] jax_fem: Computing cell residual...
[06-30 21:21:13][DEBUG] jax_fem: Function split_and_compute_cell took 0.0507 seconds
[06-30 21:21:15][DEBUG] jax_fem: CuDSSNewtonSolver: starting Newton loop
[06-30 21:21:15][DEBUG] jax_fem: DeviceProblem: computing Jacobian on device
[06-30 21:21:15][DEBUG] jax_fem: Function split_and_compute_cell took 0.0500 seconds
[06-30 21:21:15][DEBUG] jax_fem: CuDSSNewtonSolver: initial residual = 2.427e+08
[06-30 21:21:15][DEBUG] jax_fem: DeviceProblem: computing Jacobian on device
[06-30 21:21:15][DEBUG] jax_fem: Function split_and_compute_cell took 0.0295 seconds
[06-30 21:21:15][DEBUG] jax_fem: CuDSSNewtonSolver: iter=1  res=1.576e-05  rel=6.493e-14
[06-30 21:21:15][INFO] jax_fem: CuDSSNewtonSolver: solve finished in 0.12s  res=1.576e-05
[06-30 21:21:15][DEBUG] jax_fem: CuDSSNewtonSolver: starting Newton loop
[06-30 21:21:15][DEBUG] jax_fem: DeviceProblem: computing Jacobian on device
[06-30 21:21:15][DEBUG] jax_fem: Function split_and_compute_cell took 0.0341 seconds
[06-30 21:21:15][DEBUG] jax_fem: CuDSSNewtonSolver: initial residual = 2.407e+08
[06-30 21:21:15][DEBUG] jax_fem: DeviceProblem: computing Jacobian on device
[06-30 21:21:15][DEBUG] jax_fem: Function split_and_compute_cell took 0.0346 seconds
[06-30 21:21:15][DEBUG] jax_fem: CuDSSNewtonSolver: iter=1  res=1.711e-05  rel=7.107e-14
[06-30 21:21:15][INFO] jax_fem: CuDSSNewtonSolver: solve finished in 0.11s  res=1.711e-05
[06-30 21:21:16][DEBUG] jax_fem: CuDSSNewtonSolver: starting Newton loop
[06-30 21:21:16][DEBUG] jax_fem: DeviceProblem: computing Jacobian on device
[06-30 21:21:16][DEBUG] jax_fem: Function split_and_compute_cell took 0.0308 seconds
[06-30 21:21:16][DEBUG] jax_fem: CuDSSNewtonSolver: initial residual = 2.401e+08
[06-30 21:21:16][DEBUG] jax_fem: DeviceProblem: computing Jacobian on device
[06-30 21:21:16][DEBUG] jax_fem: Function split_and_compute_cell took 0.0393 seconds
[06-30 21:21:16][DEBUG] jax_fem: CuDSSNewtonSolver: iter=1  res=1.695e-05  rel=7.059e-14
[06-30 21:21:16][INFO] jax_fem: CuDSSNewtonSolver: solve finished in 0.11s  res=1.695e-05
[06-30 21:21:16][DEBUG] jax_fem: CuDSSNewtonSolver: starting Newton loop
[06-30 21:21:16][DEBUG] jax_fem: DeviceProblem: computing Jacobian on device
[06-30 21:21:16][DEBUG] jax_fem: Function split_and_compute_cell took 0.0325 seconds
[06-30 21:21:16][DEBUG] jax_fem: CuDSSNewtonSolver: initial residual = 2.429e+08
[06-30 21:21:16][DEBUG] jax_fem: DeviceProblem: computing Jacobian on device
[06-30 21:21:16][DEBUG] jax_fem: Function split_and_compute_cell took 0.0327 seconds
[06-30 21:21:16][DEBUG] jax_fem: CuDSSNewtonSolver: iter=1  res=1.558e-05  rel=6.417e-14
[06-30 21:21:16][INFO] jax_fem: CuDSSNewtonSolver: solve finished in 0.10s  res=1.558e-05
[06-30 21:21:16][DEBUG] jax_fem: CuDSSNewtonSolver: starting Newton loop
[06-30 21:21:16][DEBUG] jax_fem: DeviceProblem: computing Jacobian on device
[06-30 21:21:16][DEBUG] jax_fem: Function split_and_compute_cell took 0.0296 seconds
[06-30 21:21:16][DEBUG] jax_fem: CuDSSNewtonSolver: initial residual = 2.414e+08
[06-30 21:21:16][DEBUG] jax_fem: DeviceProblem: computing Jacobian on device
[06-30 21:21:16][DEBUG] jax_fem: Function split_and_compute_cell took 0.0380 seconds
[06-30 21:21:16][DEBUG] jax_fem: CuDSSNewtonSolver: iter=1  res=1.198e-05  rel=4.963e-14
[06-30 21:21:16][INFO] jax_fem: CuDSSNewtonSolver: solve finished in 0.10s  res=1.198e-05
[06-30 21:21:18][DEBUG] jax_fem: CuDSSNewtonSolver: starting Newton loop
[06-30 21:21:18][DEBUG] jax_fem: DeviceProblem: computing Jacobian on device
[06-30 21:21:18][DEBUG] jax_fem: Function split_and_compute_cell took 0.0275 seconds
[06-30 21:21:18][DEBUG] jax_fem: CuDSSNewtonSolver: initial residual = 2.427e+08
[06-30 21:21:18][DEBUG] jax_fem: DeviceProblem: computing Jacobian on device
[06-30 21:21:18][DEBUG] jax_fem: Function split_and_compute_cell took 0.0267 seconds
[06-30 21:21:18][DEBUG] jax_fem: CuDSSNewtonSolver: iter=1  res=1.638e-05  rel=6.751e-14
[06-30 21:21:18][INFO] jax_fem: CuDSSNewtonSolver: solve finished in 0.09s  res=1.638e-05
[06-30 21:21:19][DEBUG] jax_fem: CuDSSNewtonSolver: starting Newton loop
[06-30 21:21:19][DEBUG] jax_fem: DeviceProblem: computing Jacobian on device
[06-30 21:21:19][DEBUG] jax_fem: Function split_and_compute_cell took 0.0260 seconds
[06-30 21:21:19][DEBUG] jax_fem: CuDSSNewtonSolver: initial residual = 2.407e+08
[06-30 21:21:19][DEBUG] jax_fem: DeviceProblem: computing Jacobian on device
[06-30 21:21:19][DEBUG] jax_fem: Function split_and_compute_cell took 0.0260 seconds
[06-30 21:21:19][DEBUG] jax_fem: CuDSSNewtonSolver: iter=1  res=1.543e-05  rel=6.411e-14
[06-30 21:21:19][INFO] jax_fem: CuDSSNewtonSolver: solve finished in 0.09s  res=1.543e-05
[06-30 21:21:19][DEBUG] jax_fem: CuDSSNewtonSolver: starting Newton loop
[06-30 21:21:19][DEBUG] jax_fem: DeviceProblem: computing Jacobian on device
[06-30 21:21:19][DEBUG] jax_fem: Function split_and_compute_cell took 0.0259 seconds
[06-30 21:21:19][DEBUG] jax_fem: CuDSSNewtonSolver: initial residual = 2.401e+08
[06-30 21:21:19][DEBUG] jax_fem: DeviceProblem: computing Jacobian on device
[06-30 21:21:20][DEBUG] jax_fem: Function split_and_compute_cell took 0.0293 seconds
[06-30 21:21:20][DEBUG] jax_fem: CuDSSNewtonSolver: iter=1  res=1.760e-05  rel=7.332e-14
[06-30 21:21:20][INFO] jax_fem: CuDSSNewtonSolver: solve finished in 0.09s  res=1.760e-05
[06-30 21:21:20][DEBUG] jax_fem: CuDSSNewtonSolver: starting Newton loop
[06-30 21:21:20][DEBUG] jax_fem: DeviceProblem: computing Jacobian on device
[06-30 21:21:20][DEBUG] jax_fem: Function split_and_compute_cell took 0.0259 seconds
[06-30 21:21:20][DEBUG] jax_fem: CuDSSNewtonSolver: initial residual = 2.429e+08
[06-30 21:21:20][DEBUG] jax_fem: DeviceProblem: computing Jacobian on device
[06-30 21:21:20][DEBUG] jax_fem: Function split_and_compute_cell took 0.0266 seconds
[06-30 21:21:20][DEBUG] jax_fem: CuDSSNewtonSolver: iter=1  res=1.563e-05  rel=6.434e-14
[06-30 21:21:20][INFO] jax_fem: CuDSSNewtonSolver: solve finished in 0.09s  res=1.563e-05
[06-30 21:21:21][DEBUG] jax_fem: CuDSSNewtonSolver: starting Newton loop
[06-30 21:21:21][DEBUG] jax_fem: DeviceProblem: computing Jacobian on device
[06-30 21:21:21][DEBUG] jax_fem: Function split_and_compute_cell took 0.0285 seconds
[06-30 21:21:21][DEBUG] jax_fem: CuDSSNewtonSolver: initial residual = 2.414e+08
[06-30 21:21:21][DEBUG] jax_fem: DeviceProblem: computing Jacobian on device
[06-30 21:21:21][DEBUG] jax_fem: Function split_and_compute_cell took 0.0259 seconds
[06-30 21:21:21][DEBUG] jax_fem: CuDSSNewtonSolver: iter=1  res=1.225e-05  rel=5.073e-14
[06-30 21:21:21][INFO] jax_fem: CuDSSNewtonSolver: solve finished in 0.09s  res=1.225e-05
[06-30 21:21:21][INFO] jax_fem: CuDSS backward: solving adjoint problem …
[06-30 21:21:21][DEBUG] jax_fem: DeviceProblem: computing Jacobian on device
[06-30 21:21:21][DEBUG] jax_fem: Function split_and_compute_cell took 0.0207 seconds
[06-30 21:21:21][DEBUG] jax_fem: Computing cell residual...
[06-30 21:21:21][DEBUG] jax_fem: Function split_and_compute_cell took 0.0656 seconds
[06-30 21:21:21][INFO] jax_fem: CuDSS backward: solving adjoint problem …
[06-30 21:21:21][DEBUG] jax_fem: DeviceProblem: computing Jacobian on device
[06-30 21:21:21][DEBUG] jax_fem: Function split_and_compute_cell took 0.0397 seconds
[06-30 21:21:21][DEBUG] jax_fem: Computing cell residual...
[06-30 21:21:21][DEBUG] jax_fem: Function split_and_compute_cell took 0.0647 seconds
[06-30 21:21:22][INFO] jax_fem: CuDSS backward: solving adjoint problem …
[06-30 21:21:22][DEBUG] jax_fem: DeviceProblem: computing Jacobian on device
[06-30 21:21:22][DEBUG] jax_fem: Function split_and_compute_cell took 0.0513 seconds
[06-30 21:21:22][DEBUG] jax_fem: Computing cell residual...
[06-30 21:21:22][DEBUG] jax_fem: Function split_and_compute_cell took 0.0641 seconds
[06-30 21:21:22][INFO] jax_fem: CuDSS backward: solving adjoint problem …
[06-30 21:21:22][DEBUG] jax_fem: DeviceProblem: computing Jacobian on device
[06-30 21:21:22][DEBUG] jax_fem: Function split_and_compute_cell took 0.0214 seconds
[06-30 21:21:22][DEBUG] jax_fem: Computing cell residual...
[06-30 21:21:22][DEBUG] jax_fem: Function split_and_compute_cell took 0.0662 seconds
[06-30 21:21:22][INFO] jax_fem: CuDSS backward: solving adjoint problem …
[06-30 21:21:22][DEBUG] jax_fem: DeviceProblem: computing Jacobian on device
[06-30 21:21:22][DEBUG] jax_fem: Function split_and_compute_cell took 0.0282 seconds
[06-30 21:21:22][DEBUG] jax_fem: Computing cell residual...
[06-30 21:21:22][DEBUG] jax_fem: Function split_and_compute_cell took 0.0629 seconds
[06-30 21:21:24][DEBUG] jax_fem: CuDSSNewtonSolver: starting Newton loop
[06-30 21:21:24][DEBUG] jax_fem: DeviceProblem: computing Jacobian on device
[06-30 21:21:24][DEBUG] jax_fem: Function split_and_compute_cell took 0.0354 seconds
[06-30 21:21:24][DEBUG] jax_fem: CuDSSNewtonSolver: initial residual = 2.427e+08
[06-30 21:21:24][DEBUG] jax_fem: DeviceProblem: computing Jacobian on device
[06-30 21:21:24][DEBUG] jax_fem: Function split_and_compute_cell took 0.0274 seconds
[06-30 21:21:24][DEBUG] jax_fem: CuDSSNewtonSolver: iter=1  res=1.601e-05  rel=6.595e-14
[06-30 21:21:24][INFO] jax_fem: CuDSSNewtonSolver: solve finished in 0.11s  res=1.601e-05
[06-30 21:21:24][DEBUG] jax_fem: CuDSSNewtonSolver: starting Newton loop
[06-30 21:21:24][DEBUG] jax_fem: DeviceProblem: computing Jacobian on device
[06-30 21:21:24][DEBUG] jax_fem: Function split_and_compute_cell took 0.0452 seconds
[06-30 21:21:24][DEBUG] jax_fem: CuDSSNewtonSolver: initial residual = 2.407e+08
[06-30 21:21:24][DEBUG] jax_fem: DeviceProblem: computing Jacobian on device
[06-30 21:21:24][DEBUG] jax_fem: Function split_and_compute_cell took 0.0271 seconds
[06-30 21:21:24][DEBUG] jax_fem: CuDSSNewtonSolver: iter=1  res=1.634e-05  rel=6.790e-14
[06-30 21:21:24][INFO] jax_fem: CuDSSNewtonSolver: solve finished in 0.11s  res=1.634e-05
[06-30 21:21:25][DEBUG] jax_fem: CuDSSNewtonSolver: starting Newton loop
[06-30 21:21:25][DEBUG] jax_fem: DeviceProblem: computing Jacobian on device
[06-30 21:21:25][DEBUG] jax_fem: Function split_and_compute_cell took 0.0321 seconds
[06-30 21:21:25][DEBUG] jax_fem: CuDSSNewtonSolver: initial residual = 2.401e+08
[06-30 21:21:25][DEBUG] jax_fem: DeviceProblem: computing Jacobian on device
[06-30 21:21:25][DEBUG] jax_fem: Function split_and_compute_cell took 0.0248 seconds
[06-30 21:21:25][DEBUG] jax_fem: CuDSSNewtonSolver: iter=1  res=1.715e-05  rel=7.142e-14
[06-30 21:21:25][INFO] jax_fem: CuDSSNewtonSolver: solve finished in 0.10s  res=1.715e-05
[06-30 21:21:25][DEBUG] jax_fem: CuDSSNewtonSolver: starting Newton loop
[06-30 21:21:25][DEBUG] jax_fem: DeviceProblem: computing Jacobian on device
[06-30 21:21:25][DEBUG] jax_fem: Function split_and_compute_cell took 0.0274 seconds
[06-30 21:21:25][DEBUG] jax_fem: CuDSSNewtonSolver: initial residual = 2.429e+08
[06-30 21:21:25][DEBUG] jax_fem: DeviceProblem: computing Jacobian on device
[06-30 21:21:25][DEBUG] jax_fem: Function split_and_compute_cell took 0.0341 seconds
[06-30 21:21:25][DEBUG] jax_fem: CuDSSNewtonSolver: iter=1  res=1.756e-05  rel=7.229e-14
[06-30 21:21:25][INFO] jax_fem: CuDSSNewtonSolver: solve finished in 0.10s  res=1.756e-05
[06-30 21:21:25][DEBUG] jax_fem: CuDSSNewtonSolver: starting Newton loop
[06-30 21:21:25][DEBUG] jax_fem: DeviceProblem: computing Jacobian on device
[06-30 21:21:25][DEBUG] jax_fem: Function split_and_compute_cell took 0.0616 seconds
[06-30 21:21:25][DEBUG] jax_fem: CuDSSNewtonSolver: initial residual = 2.414e+08
[06-30 21:21:25][DEBUG] jax_fem: DeviceProblem: computing Jacobian on device
[06-30 21:21:25][DEBUG] jax_fem: Function split_and_compute_cell took 0.0307 seconds
[06-30 21:21:25][DEBUG] jax_fem: CuDSSNewtonSolver: iter=1  res=1.159e-05  rel=4.800e-14
[06-30 21:21:25][INFO] jax_fem: CuDSSNewtonSolver: solve finished in 0.13s  res=1.159e-05
[06-30 21:21:27][DEBUG] jax_fem: CuDSSNewtonSolver: starting Newton loop
[06-30 21:21:27][DEBUG] jax_fem: DeviceProblem: computing Jacobian on device
[06-30 21:21:27][DEBUG] jax_fem: Function split_and_compute_cell took 0.0276 seconds
[06-30 21:21:27][DEBUG] jax_fem: CuDSSNewtonSolver: initial residual = 2.427e+08
[06-30 21:21:27][DEBUG] jax_fem: DeviceProblem: computing Jacobian on device
[06-30 21:21:27][DEBUG] jax_fem: Function split_and_compute_cell took 0.0263 seconds
[06-30 21:21:27][DEBUG] jax_fem: CuDSSNewtonSolver: iter=1  res=1.592e-05  rel=6.558e-14
[06-30 21:21:27][INFO] jax_fem: CuDSSNewtonSolver: solve finished in 0.09s  res=1.592e-05
[06-30 21:21:28][DEBUG] jax_fem: CuDSSNewtonSolver: starting Newton loop
[06-30 21:21:28][DEBUG] jax_fem: DeviceProblem: computing Jacobian on device
[06-30 21:21:28][DEBUG] jax_fem: Function split_and_compute_cell took 0.0260 seconds
[06-30 21:21:28][DEBUG] jax_fem: CuDSSNewtonSolver: initial residual = 2.407e+08
[06-30 21:21:28][DEBUG] jax_fem: DeviceProblem: computing Jacobian on device
[06-30 21:21:28][DEBUG] jax_fem: Function split_and_compute_cell took 0.0249 seconds
[06-30 21:21:28][DEBUG] jax_fem: CuDSSNewtonSolver: iter=1  res=1.555e-05  rel=6.463e-14
[06-30 21:21:28][INFO] jax_fem: CuDSSNewtonSolver: solve finished in 0.09s  res=1.555e-05
[06-30 21:21:28][DEBUG] jax_fem: CuDSSNewtonSolver: starting Newton loop
[06-30 21:21:28][DEBUG] jax_fem: DeviceProblem: computing Jacobian on device
[06-30 21:21:28][DEBUG] jax_fem: Function split_and_compute_cell took 0.0263 seconds
[06-30 21:21:28][DEBUG] jax_fem: CuDSSNewtonSolver: initial residual = 2.401e+08
[06-30 21:21:28][DEBUG] jax_fem: DeviceProblem: computing Jacobian on device
[06-30 21:21:28][DEBUG] jax_fem: Function split_and_compute_cell took 0.0245 seconds
[06-30 21:21:28][DEBUG] jax_fem: CuDSSNewtonSolver: iter=1  res=1.720e-05  rel=7.166e-14
[06-30 21:21:28][INFO] jax_fem: CuDSSNewtonSolver: solve finished in 0.09s  res=1.720e-05
[06-30 21:21:29][DEBUG] jax_fem: CuDSSNewtonSolver: starting Newton loop
[06-30 21:21:29][DEBUG] jax_fem: DeviceProblem: computing Jacobian on device
[06-30 21:21:29][DEBUG] jax_fem: Function split_and_compute_cell took 0.0265 seconds
[06-30 21:21:29][DEBUG] jax_fem: CuDSSNewtonSolver: initial residual = 2.429e+08
[06-30 21:21:29][DEBUG] jax_fem: DeviceProblem: computing Jacobian on device
[06-30 21:21:29][DEBUG] jax_fem: Function split_and_compute_cell took 0.0263 seconds
[06-30 21:21:29][DEBUG] jax_fem: CuDSSNewtonSolver: iter=1  res=1.640e-05  rel=6.755e-14
[06-30 21:21:29][INFO] jax_fem: CuDSSNewtonSolver: solve finished in 0.09s  res=1.640e-05
[06-30 21:21:29][DEBUG] jax_fem: CuDSSNewtonSolver: starting Newton loop
[06-30 21:21:29][DEBUG] jax_fem: DeviceProblem: computing Jacobian on device
[06-30 21:21:30][DEBUG] jax_fem: Function split_and_compute_cell took 0.0253 seconds
[06-30 21:21:30][DEBUG] jax_fem: CuDSSNewtonSolver: initial residual = 2.414e+08
[06-30 21:21:30][DEBUG] jax_fem: DeviceProblem: computing Jacobian on device
[06-30 21:21:30][DEBUG] jax_fem: Function split_and_compute_cell took 0.0275 seconds
[06-30 21:21:30][DEBUG] jax_fem: CuDSSNewtonSolver: iter=1  res=1.225e-05  rel=5.072e-14
[06-30 21:21:30][INFO] jax_fem: CuDSSNewtonSolver: solve finished in 0.09s  res=1.225e-05
[06-30 21:21:30][INFO] jax_fem: CuDSS backward: solving adjoint problem …
[06-30 21:21:30][DEBUG] jax_fem: DeviceProblem: computing Jacobian on device
[06-30 21:21:30][DEBUG] jax_fem: Function split_and_compute_cell took 0.0582 seconds
[06-30 21:21:30][DEBUG] jax_fem: Computing cell residual...
[06-30 21:21:30][DEBUG] jax_fem: Function split_and_compute_cell took 0.0774 seconds
[06-30 21:21:30][INFO] jax_fem: CuDSS backward: solving adjoint problem …
[06-30 21:21:30][DEBUG] jax_fem: DeviceProblem: computing Jacobian on device
[06-30 21:21:30][DEBUG] jax_fem: Function split_and_compute_cell took 0.0426 seconds
[06-30 21:21:30][DEBUG] jax_fem: Computing cell residual...
[06-30 21:21:30][DEBUG] jax_fem: Function split_and_compute_cell took 0.0673 seconds
[06-30 21:21:31][INFO] jax_fem: CuDSS backward: solving adjoint problem …
[06-30 21:21:31][DEBUG] jax_fem: DeviceProblem: computing Jacobian on device
[06-30 21:21:31][DEBUG] jax_fem: Function split_and_compute_cell took 0.0394 seconds
[06-30 21:21:31][DEBUG] jax_fem: Computing cell residual...
[06-30 21:21:31][DEBUG] jax_fem: Function split_and_compute_cell took 0.0713 seconds
[06-30 21:21:31][INFO] jax_fem: CuDSS backward: solving adjoint problem …
[06-30 21:21:31][DEBUG] jax_fem: DeviceProblem: computing Jacobian on device
[06-30 21:21:31][DEBUG] jax_fem: Function split_and_compute_cell took 0.0451 seconds
[06-30 21:21:31][DEBUG] jax_fem: Computing cell residual...
[06-30 21:21:31][DEBUG] jax_fem: Function split_and_compute_cell took 0.0665 seconds
[06-30 21:21:31][INFO] jax_fem: CuDSS backward: solving adjoint problem …
[06-30 21:21:31][DEBUG] jax_fem: DeviceProblem: computing Jacobian on device
[06-30 21:21:31][DEBUG] jax_fem: Function split_and_compute_cell took 0.0241 seconds
[06-30 21:21:31][DEBUG] jax_fem: Computing cell residual...
[06-30 21:21:32][DEBUG] jax_fem: Function split_and_compute_cell took 0.0620 seconds
[06-30 21:21:33][DEBUG] jax_fem: CuDSSNewtonSolver: starting Newton loop
[06-30 21:21:33][DEBUG] jax_fem: DeviceProblem: computing Jacobian on device
[06-30 21:21:33][DEBUG] jax_fem: Function split_and_compute_cell took 0.0424 seconds
[06-30 21:21:33][DEBUG] jax_fem: CuDSSNewtonSolver: initial residual = 2.427e+08
[06-30 21:21:33][DEBUG] jax_fem: DeviceProblem: computing Jacobian on device
[06-30 21:21:33][DEBUG] jax_fem: Function split_and_compute_cell took 0.0316 seconds
[06-30 21:21:33][DEBUG] jax_fem: CuDSSNewtonSolver: iter=1  res=1.624e-05  rel=6.690e-14
[06-30 21:21:33][INFO] jax_fem: CuDSSNewtonSolver: solve finished in 0.11s  res=1.624e-05
[06-30 21:21:33][DEBUG] jax_fem: CuDSSNewtonSolver: starting Newton loop
[06-30 21:21:33][DEBUG] jax_fem: DeviceProblem: computing Jacobian on device
[06-30 21:21:34][DEBUG] jax_fem: Function split_and_compute_cell took 0.0458 seconds
[06-30 21:21:34][DEBUG] jax_fem: CuDSSNewtonSolver: initial residual = 2.407e+08
[06-30 21:21:34][DEBUG] jax_fem: DeviceProblem: computing Jacobian on device
[06-30 21:21:34][DEBUG] jax_fem: Function split_and_compute_cell took 0.0340 seconds
[06-30 21:21:34][DEBUG] jax_fem: CuDSSNewtonSolver: iter=1  res=1.692e-05  rel=7.031e-14
[06-30 21:21:34][INFO] jax_fem: CuDSSNewtonSolver: solve finished in 0.12s  res=1.692e-05
[06-30 21:21:34][DEBUG] jax_fem: CuDSSNewtonSolver: starting Newton loop
[06-30 21:21:34][DEBUG] jax_fem: DeviceProblem: computing Jacobian on device
[06-30 21:21:34][DEBUG] jax_fem: Function split_and_compute_cell took 0.0339 seconds
[06-30 21:21:34][DEBUG] jax_fem: CuDSSNewtonSolver: initial residual = 2.401e+08
[06-30 21:21:34][DEBUG] jax_fem: DeviceProblem: computing Jacobian on device
[06-30 21:21:34][DEBUG] jax_fem: Function split_and_compute_cell took 0.0453 seconds
[06-30 21:21:34][DEBUG] jax_fem: CuDSSNewtonSolver: iter=1  res=1.759e-05  rel=7.328e-14
[06-30 21:21:34][INFO] jax_fem: CuDSSNewtonSolver: solve finished in 0.12s  res=1.759e-05
[06-30 21:21:34][DEBUG] jax_fem: CuDSSNewtonSolver: starting Newton loop
[06-30 21:21:34][DEBUG] jax_fem: DeviceProblem: computing Jacobian on device
[06-30 21:21:34][DEBUG] jax_fem: Function split_and_compute_cell took 0.0269 seconds
[06-30 21:21:34][DEBUG] jax_fem: CuDSSNewtonSolver: initial residual = 2.429e+08
[06-30 21:21:34][DEBUG] jax_fem: DeviceProblem: computing Jacobian on device
[06-30 21:21:34][DEBUG] jax_fem: Function split_and_compute_cell took 0.0400 seconds
[06-30 21:21:34][DEBUG] jax_fem: CuDSSNewtonSolver: iter=1  res=1.704e-05  rel=7.017e-14
[06-30 21:21:34][INFO] jax_fem: CuDSSNewtonSolver: solve finished in 0.11s  res=1.704e-05
[06-30 21:21:35][DEBUG] jax_fem: CuDSSNewtonSolver: starting Newton loop
[06-30 21:21:35][DEBUG] jax_fem: DeviceProblem: computing Jacobian on device
[06-30 21:21:35][DEBUG] jax_fem: Function split_and_compute_cell took 0.0290 seconds
[06-30 21:21:35][DEBUG] jax_fem: CuDSSNewtonSolver: initial residual = 2.414e+08
[06-30 21:21:35][DEBUG] jax_fem: DeviceProblem: computing Jacobian on device
[06-30 21:21:35][DEBUG] jax_fem: Function split_and_compute_cell took 0.0478 seconds
[06-30 21:21:35][DEBUG] jax_fem: CuDSSNewtonSolver: iter=1  res=1.167e-05  rel=4.834e-14
[06-30 21:21:35][INFO] jax_fem: CuDSSNewtonSolver: solve finished in 0.12s  res=1.167e-05
[06-30 21:21:36][DEBUG] jax_fem: CuDSSNewtonSolver: starting Newton loop
[06-30 21:21:36][DEBUG] jax_fem: DeviceProblem: computing Jacobian on device
[06-30 21:21:36][DEBUG] jax_fem: Function split_and_compute_cell took 0.0262 seconds
[06-30 21:21:36][DEBUG] jax_fem: CuDSSNewtonSolver: initial residual = 2.427e+08
[06-30 21:21:36][DEBUG] jax_fem: DeviceProblem: computing Jacobian on device
[06-30 21:21:36][DEBUG] jax_fem: Function split_and_compute_cell took 0.0265 seconds
[06-30 21:21:36][DEBUG] jax_fem: CuDSSNewtonSolver: iter=1  res=1.583e-05  rel=6.521e-14
[06-30 21:21:36][INFO] jax_fem: CuDSSNewtonSolver: solve finished in 0.09s  res=1.583e-05
[06-30 21:21:37][DEBUG] jax_fem: CuDSSNewtonSolver: starting Newton loop
[06-30 21:21:37][DEBUG] jax_fem: DeviceProblem: computing Jacobian on device
[06-30 21:21:37][DEBUG] jax_fem: Function split_and_compute_cell took 0.0266 seconds
[06-30 21:21:37][DEBUG] jax_fem: CuDSSNewtonSolver: initial residual = 2.407e+08
[06-30 21:21:37][DEBUG] jax_fem: DeviceProblem: computing Jacobian on device
[06-30 21:21:37][DEBUG] jax_fem: Function split_and_compute_cell took 0.0271 seconds
[06-30 21:21:37][DEBUG] jax_fem: CuDSSNewtonSolver: iter=1  res=1.645e-05  rel=6.836e-14
[06-30 21:21:37][INFO] jax_fem: CuDSSNewtonSolver: solve finished in 0.09s  res=1.645e-05
[06-30 21:21:37][DEBUG] jax_fem: CuDSSNewtonSolver: starting Newton loop
[06-30 21:21:37][DEBUG] jax_fem: DeviceProblem: computing Jacobian on device
[06-30 21:21:38][DEBUG] jax_fem: Function split_and_compute_cell took 0.0265 seconds
[06-30 21:21:38][DEBUG] jax_fem: CuDSSNewtonSolver: initial residual = 2.401e+08
[06-30 21:21:38][DEBUG] jax_fem: DeviceProblem: computing Jacobian on device
[06-30 21:21:38][DEBUG] jax_fem: Function split_and_compute_cell took 0.0268 seconds
[06-30 21:21:38][DEBUG] jax_fem: CuDSSNewtonSolver: iter=1  res=1.861e-05  rel=7.751e-14
[06-30 21:21:38][INFO] jax_fem: CuDSSNewtonSolver: solve finished in 0.09s  res=1.861e-05
[06-30 21:21:38][DEBUG] jax_fem: CuDSSNewtonSolver: starting Newton loop
[06-30 21:21:38][DEBUG] jax_fem: DeviceProblem: computing Jacobian on device
[06-30 21:21:38][DEBUG] jax_fem: Function split_and_compute_cell took 0.0262 seconds
[06-30 21:21:38][DEBUG] jax_fem: CuDSSNewtonSolver: initial residual = 2.429e+08
[06-30 21:21:38][DEBUG] jax_fem: DeviceProblem: computing Jacobian on device
[06-30 21:21:38][DEBUG] jax_fem: Function split_and_compute_cell took 0.0287 seconds
[06-30 21:21:38][DEBUG] jax_fem: CuDSSNewtonSolver: iter=1  res=1.625e-05  rel=6.691e-14
[06-30 21:21:38][INFO] jax_fem: CuDSSNewtonSolver: solve finished in 0.09s  res=1.625e-05
[06-30 21:21:39][DEBUG] jax_fem: CuDSSNewtonSolver: starting Newton loop
[06-30 21:21:39][DEBUG] jax_fem: DeviceProblem: computing Jacobian on device
[06-30 21:21:39][DEBUG] jax_fem: Function split_and_compute_cell took 0.0276 seconds
[06-30 21:21:39][DEBUG] jax_fem: CuDSSNewtonSolver: initial residual = 2.414e+08
[06-30 21:21:39][DEBUG] jax_fem: DeviceProblem: computing Jacobian on device
[06-30 21:21:39][DEBUG] jax_fem: Function split_and_compute_cell took 0.0255 seconds
[06-30 21:21:39][DEBUG] jax_fem: CuDSSNewtonSolver: iter=1  res=1.204e-05  rel=4.988e-14
[06-30 21:21:39][INFO] jax_fem: CuDSSNewtonSolver: solve finished in 0.09s  res=1.204e-05
[06-30 21:21:39][INFO] jax_fem: CuDSS backward: solving adjoint problem …
[06-30 21:21:39][DEBUG] jax_fem: DeviceProblem: computing Jacobian on device
[06-30 21:21:39][DEBUG] jax_fem: Function split_and_compute_cell took 0.0612 seconds
[06-30 21:21:39][DEBUG] jax_fem: Computing cell residual...
[06-30 21:21:39][DEBUG] jax_fem: Function split_and_compute_cell took 0.0690 seconds
[06-30 21:21:39][INFO] jax_fem: CuDSS backward: solving adjoint problem …
[06-30 21:21:39][DEBUG] jax_fem: DeviceProblem: computing Jacobian on device
[06-30 21:21:39][DEBUG] jax_fem: Function split_and_compute_cell took 0.0482 seconds
[06-30 21:21:39][DEBUG] jax_fem: Computing cell residual...
[06-30 21:21:39][DEBUG] jax_fem: Function split_and_compute_cell took 0.0495 seconds
[06-30 21:21:40][INFO] jax_fem: CuDSS backward: solving adjoint problem …
[06-30 21:21:40][DEBUG] jax_fem: DeviceProblem: computing Jacobian on device
[06-30 21:21:40][DEBUG] jax_fem: Function split_and_compute_cell took 0.0252 seconds
[06-30 21:21:40][DEBUG] jax_fem: Computing cell residual...
[06-30 21:21:40][DEBUG] jax_fem: Function split_and_compute_cell took 0.0676 seconds
[06-30 21:21:40][INFO] jax_fem: CuDSS backward: solving adjoint problem …
[06-30 21:21:40][DEBUG] jax_fem: DeviceProblem: computing Jacobian on device
[06-30 21:21:40][DEBUG] jax_fem: Function split_and_compute_cell took 0.0457 seconds
[06-30 21:21:40][DEBUG] jax_fem: Computing cell residual...
[06-30 21:21:40][DEBUG] jax_fem: Function split_and_compute_cell took 0.0760 seconds
[06-30 21:21:40][INFO] jax_fem: CuDSS backward: solving adjoint problem …
[06-30 21:21:40][DEBUG] jax_fem: DeviceProblem: computing Jacobian on device
[06-30 21:21:40][DEBUG] jax_fem: Function split_and_compute_cell took 0.0407 seconds
[06-30 21:21:41][DEBUG] jax_fem: Computing cell residual...
[06-30 21:21:41][DEBUG] jax_fem: Function split_and_compute_cell took 0.0660 seconds
[06-30 21:21:42][DEBUG] jax_fem: CuDSSNewtonSolver: starting Newton loop
[06-30 21:21:42][DEBUG] jax_fem: DeviceProblem: computing Jacobian on device
[06-30 21:21:42][DEBUG] jax_fem: Function split_and_compute_cell took 0.0542 seconds
[06-30 21:21:42][DEBUG] jax_fem: CuDSSNewtonSolver: initial residual = 2.427e+08
[06-30 21:21:42][DEBUG] jax_fem: DeviceProblem: computing Jacobian on device
[06-30 21:21:42][DEBUG] jax_fem: Function split_and_compute_cell took 0.0355 seconds
[06-30 21:21:42][DEBUG] jax_fem: CuDSSNewtonSolver: iter=1  res=1.705e-05  rel=7.023e-14
[06-30 21:21:42][INFO] jax_fem: CuDSSNewtonSolver: solve finished in 0.14s  res=1.705e-05
[06-30 21:21:43][DEBUG] jax_fem: CuDSSNewtonSolver: starting Newton loop
[06-30 21:21:43][DEBUG] jax_fem: DeviceProblem: computing Jacobian on device
[06-30 21:21:43][DEBUG] jax_fem: Function split_and_compute_cell took 0.0506 seconds
[06-30 21:21:43][DEBUG] jax_fem: CuDSSNewtonSolver: initial residual = 2.407e+08
[06-30 21:21:43][DEBUG] jax_fem: DeviceProblem: computing Jacobian on device
[06-30 21:21:43][DEBUG] jax_fem: Function split_and_compute_cell took 0.0369 seconds
[06-30 21:21:43][DEBUG] jax_fem: CuDSSNewtonSolver: iter=1  res=1.642e-05  rel=6.821e-14
[06-30 21:21:43][INFO] jax_fem: CuDSSNewtonSolver: solve finished in 0.13s  res=1.642e-05
[06-30 21:21:43][DEBUG] jax_fem: CuDSSNewtonSolver: starting Newton loop
[06-30 21:21:43][DEBUG] jax_fem: DeviceProblem: computing Jacobian on device
[06-30 21:21:43][DEBUG] jax_fem: Function split_and_compute_cell took 0.0286 seconds
[06-30 21:21:43][DEBUG] jax_fem: CuDSSNewtonSolver: initial residual = 2.401e+08
[06-30 21:21:43][DEBUG] jax_fem: DeviceProblem: computing Jacobian on device
[06-30 21:21:43][DEBUG] jax_fem: Function split_and_compute_cell took 0.0309 seconds
[06-30 21:21:43][DEBUG] jax_fem: CuDSSNewtonSolver: iter=1  res=1.719e-05  rel=7.160e-14
[06-30 21:21:43][INFO] jax_fem: CuDSSNewtonSolver: solve finished in 0.10s  res=1.719e-05
[06-30 21:21:43][DEBUG] jax_fem: CuDSSNewtonSolver: starting Newton loop
[06-30 21:21:43][DEBUG] jax_fem: DeviceProblem: computing Jacobian on device
[06-30 21:21:43][DEBUG] jax_fem: Function split_and_compute_cell took 0.0356 seconds
[06-30 21:21:43][DEBUG] jax_fem: CuDSSNewtonSolver: initial residual = 2.429e+08
[06-30 21:21:43][DEBUG] jax_fem: DeviceProblem: computing Jacobian on device
[06-30 21:21:43][DEBUG] jax_fem: Function split_and_compute_cell took 0.0261 seconds
[06-30 21:21:43][DEBUG] jax_fem: CuDSSNewtonSolver: iter=1  res=1.570e-05  rel=6.466e-14
[06-30 21:21:43][INFO] jax_fem: CuDSSNewtonSolver: solve finished in 0.10s  res=1.570e-05
[06-30 21:21:44][DEBUG] jax_fem: CuDSSNewtonSolver: starting Newton loop
[06-30 21:21:44][DEBUG] jax_fem: DeviceProblem: computing Jacobian on device
[06-30 21:21:44][DEBUG] jax_fem: Function split_and_compute_cell took 0.0355 seconds
[06-30 21:21:44][DEBUG] jax_fem: CuDSSNewtonSolver: initial residual = 2.414e+08
[06-30 21:21:44][DEBUG] jax_fem: DeviceProblem: computing Jacobian on device
[06-30 21:21:44][DEBUG] jax_fem: Function split_and_compute_cell took 0.0570 seconds
[06-30 21:21:44][DEBUG] jax_fem: CuDSSNewtonSolver: iter=1  res=1.193e-05  rel=4.942e-14
[06-30 21:21:44][INFO] jax_fem: CuDSSNewtonSolver: solve finished in 0.13s  res=1.193e-05
[06-30 21:21:46][DEBUG] jax_fem: CuDSSNewtonSolver: starting Newton loop
[06-30 21:21:46][DEBUG] jax_fem: DeviceProblem: computing Jacobian on device
[06-30 21:21:46][DEBUG] jax_fem: Function split_and_compute_cell took 0.0264 seconds
[06-30 21:21:46][DEBUG] jax_fem: CuDSSNewtonSolver: initial residual = 2.427e+08
[06-30 21:21:46][DEBUG] jax_fem: DeviceProblem: computing Jacobian on device
[06-30 21:21:46][DEBUG] jax_fem: Function split_and_compute_cell took 0.0255 seconds
[06-30 21:21:46][DEBUG] jax_fem: CuDSSNewtonSolver: iter=1  res=1.577e-05  rel=6.499e-14
[06-30 21:21:46][INFO] jax_fem: CuDSSNewtonSolver: solve finished in 0.09s  res=1.577e-05
[06-30 21:21:46][DEBUG] jax_fem: CuDSSNewtonSolver: starting Newton loop
[06-30 21:21:46][DEBUG] jax_fem: DeviceProblem: computing Jacobian on device
[06-30 21:21:46][DEBUG] jax_fem: Function split_and_compute_cell took 0.0269 seconds
[06-30 21:21:46][DEBUG] jax_fem: CuDSSNewtonSolver: initial residual = 2.407e+08
[06-30 21:21:46][DEBUG] jax_fem: DeviceProblem: computing Jacobian on device
[06-30 21:21:46][DEBUG] jax_fem: Function split_and_compute_cell took 0.0266 seconds
[06-30 21:21:46][DEBUG] jax_fem: CuDSSNewtonSolver: iter=1  res=1.593e-05  rel=6.619e-14
[06-30 21:21:46][INFO] jax_fem: CuDSSNewtonSolver: solve finished in 0.09s  res=1.593e-05
[06-30 21:21:47][DEBUG] jax_fem: CuDSSNewtonSolver: starting Newton loop
[06-30 21:21:47][DEBUG] jax_fem: DeviceProblem: computing Jacobian on device
[06-30 21:21:47][DEBUG] jax_fem: Function split_and_compute_cell took 0.0262 seconds
[06-30 21:21:47][DEBUG] jax_fem: CuDSSNewtonSolver: initial residual = 2.401e+08
[06-30 21:21:47][DEBUG] jax_fem: DeviceProblem: computing Jacobian on device
[06-30 21:21:47][DEBUG] jax_fem: Function split_and_compute_cell took 0.0266 seconds
[06-30 21:21:47][DEBUG] jax_fem: CuDSSNewtonSolver: iter=1  res=1.728e-05  rel=7.196e-14
[06-30 21:21:47][INFO] jax_fem: CuDSSNewtonSolver: solve finished in 0.09s  res=1.728e-05
[06-30 21:21:47][DEBUG] jax_fem: CuDSSNewtonSolver: starting Newton loop
[06-30 21:21:47][DEBUG] jax_fem: DeviceProblem: computing Jacobian on device
[06-30 21:21:47][DEBUG] jax_fem: Function split_and_compute_cell took 0.0249 seconds
[06-30 21:21:47][DEBUG] jax_fem: CuDSSNewtonSolver: initial residual = 2.429e+08
[06-30 21:21:47][DEBUG] jax_fem: DeviceProblem: computing Jacobian on device
[06-30 21:21:47][DEBUG] jax_fem: Function split_and_compute_cell took 0.0269 seconds
[06-30 21:21:47][DEBUG] jax_fem: CuDSSNewtonSolver: iter=1  res=1.508e-05  rel=6.209e-14
[06-30 21:21:47][INFO] jax_fem: CuDSSNewtonSolver: solve finished in 0.09s  res=1.508e-05
[06-30 21:21:48][DEBUG] jax_fem: CuDSSNewtonSolver: starting Newton loop
[06-30 21:21:48][DEBUG] jax_fem: DeviceProblem: computing Jacobian on device
[06-30 21:21:48][DEBUG] jax_fem: Function split_and_compute_cell took 0.0275 seconds
[06-30 21:21:48][DEBUG] jax_fem: CuDSSNewtonSolver: initial residual = 2.414e+08
[06-30 21:21:48][DEBUG] jax_fem: DeviceProblem: computing Jacobian on device
[06-30 21:21:48][DEBUG] jax_fem: Function split_and_compute_cell took 0.0251 seconds
[06-30 21:21:48][DEBUG] jax_fem: CuDSSNewtonSolver: iter=1  res=1.263e-05  rel=5.229e-14
[06-30 21:21:48][INFO] jax_fem: CuDSSNewtonSolver: solve finished in 0.09s  res=1.263e-05
[06-30 21:21:48][INFO] jax_fem: CuDSS backward: solving adjoint problem …
[06-30 21:21:48][DEBUG] jax_fem: DeviceProblem: computing Jacobian on device
[06-30 21:21:48][DEBUG] jax_fem: Function split_and_compute_cell took 0.0321 seconds
[06-30 21:21:48][DEBUG] jax_fem: Computing cell residual...
[06-30 21:21:48][DEBUG] jax_fem: Function split_and_compute_cell took 0.0651 seconds
[06-30 21:21:48][INFO] jax_fem: CuDSS backward: solving adjoint problem …
[06-30 21:21:49][DEBUG] jax_fem: DeviceProblem: computing Jacobian on device
[06-30 21:21:49][DEBUG] jax_fem: Function split_and_compute_cell took 0.0485 seconds
[06-30 21:21:49][DEBUG] jax_fem: Computing cell residual...
[06-30 21:21:49][DEBUG] jax_fem: Function split_and_compute_cell took 0.0596 seconds
[06-30 21:21:49][INFO] jax_fem: CuDSS backward: solving adjoint problem …
[06-30 21:21:49][DEBUG] jax_fem: DeviceProblem: computing Jacobian on device
[06-30 21:21:49][DEBUG] jax_fem: Function split_and_compute_cell took 0.0582 seconds
[06-30 21:21:49][DEBUG] jax_fem: Computing cell residual...
[06-30 21:21:49][DEBUG] jax_fem: Function split_and_compute_cell took 0.0709 seconds
[06-30 21:21:49][INFO] jax_fem: CuDSS backward: solving adjoint problem …
[06-30 21:21:49][DEBUG] jax_fem: DeviceProblem: computing Jacobian on device
[06-30 21:21:49][DEBUG] jax_fem: Function split_and_compute_cell took 0.0430 seconds
[06-30 21:21:49][DEBUG] jax_fem: Computing cell residual...
[06-30 21:21:49][DEBUG] jax_fem: Function split_and_compute_cell took 0.0739 seconds
[06-30 21:21:50][INFO] jax_fem: CuDSS backward: solving adjoint problem …
[06-30 21:21:50][DEBUG] jax_fem: DeviceProblem: computing Jacobian on device
[06-30 21:21:50][DEBUG] jax_fem: Function split_and_compute_cell took 0.0273 seconds
[06-30 21:21:50][DEBUG] jax_fem: Computing cell residual...
[06-30 21:21:50][DEBUG] jax_fem: Function split_and_compute_cell took 0.0754 seconds
[06-30 21:21:51][DEBUG] jax_fem: CuDSSNewtonSolver: starting Newton loop
[06-30 21:21:51][DEBUG] jax_fem: DeviceProblem: computing Jacobian on device
[06-30 21:21:51][DEBUG] jax_fem: Function split_and_compute_cell took 0.0430 seconds
[06-30 21:21:51][DEBUG] jax_fem: CuDSSNewtonSolver: initial residual = 2.427e+08
[06-30 21:21:51][DEBUG] jax_fem: DeviceProblem: computing Jacobian on device
[06-30 21:21:51][DEBUG] jax_fem: Function split_and_compute_cell took 0.0315 seconds
[06-30 21:21:51][DEBUG] jax_fem: CuDSSNewtonSolver: iter=1  res=1.663e-05  rel=6.854e-14
[06-30 21:21:51][INFO] jax_fem: CuDSSNewtonSolver: solve finished in 0.11s  res=1.663e-05
[06-30 21:21:52][DEBUG] jax_fem: CuDSSNewtonSolver: starting Newton loop
[06-30 21:21:52][DEBUG] jax_fem: DeviceProblem: computing Jacobian on device
[06-30 21:21:52][DEBUG] jax_fem: Function split_and_compute_cell took 0.0418 seconds
[06-30 21:21:52][DEBUG] jax_fem: CuDSSNewtonSolver: initial residual = 2.407e+08
[06-30 21:21:52][DEBUG] jax_fem: DeviceProblem: computing Jacobian on device
[06-30 21:21:52][DEBUG] jax_fem: Function split_and_compute_cell took 0.0241 seconds
[06-30 21:21:52][DEBUG] jax_fem: CuDSSNewtonSolver: iter=1  res=1.620e-05  rel=6.731e-14
[06-30 21:21:52][INFO] jax_fem: CuDSSNewtonSolver: solve finished in 0.10s  res=1.620e-05
[06-30 21:21:52][DEBUG] jax_fem: CuDSSNewtonSolver: starting Newton loop
[06-30 21:21:52][DEBUG] jax_fem: DeviceProblem: computing Jacobian on device
[06-30 21:21:52][DEBUG] jax_fem: Function split_and_compute_cell took 0.0434 seconds
[06-30 21:21:52][DEBUG] jax_fem: CuDSSNewtonSolver: initial residual = 2.401e+08
[06-30 21:21:52][DEBUG] jax_fem: DeviceProblem: computing Jacobian on device
[06-30 21:21:52][DEBUG] jax_fem: Function split_and_compute_cell took 0.0391 seconds
[06-30 21:21:52][DEBUG] jax_fem: CuDSSNewtonSolver: iter=1  res=1.777e-05  rel=7.403e-14
[06-30 21:21:52][INFO] jax_fem: CuDSSNewtonSolver: solve finished in 0.12s  res=1.777e-05
[06-30 21:21:52][DEBUG] jax_fem: CuDSSNewtonSolver: starting Newton loop
[06-30 21:21:52][DEBUG] jax_fem: DeviceProblem: computing Jacobian on device
[06-30 21:21:52][DEBUG] jax_fem: Function split_and_compute_cell took 0.0276 seconds
[06-30 21:21:52][DEBUG] jax_fem: CuDSSNewtonSolver: initial residual = 2.429e+08
[06-30 21:21:52][DEBUG] jax_fem: DeviceProblem: computing Jacobian on device
[06-30 21:21:53][DEBUG] jax_fem: Function split_and_compute_cell took 0.0362 seconds
[06-30 21:21:53][DEBUG] jax_fem: CuDSSNewtonSolver: iter=1  res=1.656e-05  rel=6.819e-14
[06-30 21:21:53][INFO] jax_fem: CuDSSNewtonSolver: solve finished in 0.10s  res=1.656e-05
[06-30 21:21:53][DEBUG] jax_fem: CuDSSNewtonSolver: starting Newton loop
[06-30 21:21:53][DEBUG] jax_fem: DeviceProblem: computing Jacobian on device
[06-30 21:21:53][DEBUG] jax_fem: Function split_and_compute_cell took 0.0476 seconds
[06-30 21:21:53][DEBUG] jax_fem: CuDSSNewtonSolver: initial residual = 2.414e+08
[06-30 21:21:53][DEBUG] jax_fem: DeviceProblem: computing Jacobian on device
[06-30 21:21:53][DEBUG] jax_fem: Function split_and_compute_cell took 0.0384 seconds
[06-30 21:21:53][DEBUG] jax_fem: CuDSSNewtonSolver: iter=1  res=1.167e-05  rel=4.833e-14
[06-30 21:21:53][INFO] jax_fem: CuDSSNewtonSolver: solve finished in 0.13s  res=1.167e-05
[06-30 21:21:55][DEBUG] jax_fem: CuDSSNewtonSolver: starting Newton loop
[06-30 21:21:55][DEBUG] jax_fem: DeviceProblem: computing Jacobian on device
[06-30 21:21:55][DEBUG] jax_fem: Function split_and_compute_cell took 0.0260 seconds
[06-30 21:21:55][DEBUG] jax_fem: CuDSSNewtonSolver: initial residual = 2.427e+08
[06-30 21:21:55][DEBUG] jax_fem: DeviceProblem: computing Jacobian on device
[06-30 21:21:55][DEBUG] jax_fem: Function split_and_compute_cell took 0.0275 seconds
[06-30 21:21:55][DEBUG] jax_fem: CuDSSNewtonSolver: iter=1  res=1.584e-05  rel=6.526e-14
[06-30 21:21:55][INFO] jax_fem: CuDSSNewtonSolver: solve finished in 0.09s  res=1.584e-05
[06-30 21:21:55][DEBUG] jax_fem: CuDSSNewtonSolver: starting Newton loop
[06-30 21:21:55][DEBUG] jax_fem: DeviceProblem: computing Jacobian on device
[06-30 21:21:55][DEBUG] jax_fem: Function split_and_compute_cell took 0.0264 seconds
[06-30 21:21:55][DEBUG] jax_fem: CuDSSNewtonSolver: initial residual = 2.407e+08
[06-30 21:21:55][DEBUG] jax_fem: DeviceProblem: computing Jacobian on device
[06-30 21:21:55][DEBUG] jax_fem: Function split_and_compute_cell took 0.0261 seconds
[06-30 21:21:55][DEBUG] jax_fem: CuDSSNewtonSolver: iter=1  res=1.528e-05  rel=6.348e-14
[06-30 21:21:55][INFO] jax_fem: CuDSSNewtonSolver: solve finished in 0.09s  res=1.528e-05
[06-30 21:21:56][DEBUG] jax_fem: CuDSSNewtonSolver: starting Newton loop
[06-30 21:21:56][DEBUG] jax_fem: DeviceProblem: computing Jacobian on device
[06-30 21:21:56][DEBUG] jax_fem: Function split_and_compute_cell took 0.0245 seconds
[06-30 21:21:56][DEBUG] jax_fem: CuDSSNewtonSolver: initial residual = 2.401e+08
[06-30 21:21:56][DEBUG] jax_fem: DeviceProblem: computing Jacobian on device
[06-30 21:21:56][DEBUG] jax_fem: Function split_and_compute_cell took 0.0260 seconds
[06-30 21:21:56][DEBUG] jax_fem: CuDSSNewtonSolver: iter=1  res=1.790e-05  rel=7.456e-14
[06-30 21:21:56][INFO] jax_fem: CuDSSNewtonSolver: solve finished in 0.09s  res=1.790e-05
[06-30 21:21:56][DEBUG] jax_fem: CuDSSNewtonSolver: starting Newton loop
[06-30 21:21:56][DEBUG] jax_fem: DeviceProblem: computing Jacobian on device
[06-30 21:21:56][DEBUG] jax_fem: Function split_and_compute_cell took 0.0260 seconds
[06-30 21:21:56][DEBUG] jax_fem: CuDSSNewtonSolver: initial residual = 2.429e+08
[06-30 21:21:56][DEBUG] jax_fem: DeviceProblem: computing Jacobian on device
[06-30 21:21:56][DEBUG] jax_fem: Function split_and_compute_cell took 0.0267 seconds
[06-30 21:21:56][DEBUG] jax_fem: CuDSSNewtonSolver: iter=1  res=1.687e-05  rel=6.947e-14
[06-30 21:21:56][INFO] jax_fem: CuDSSNewtonSolver: solve finished in 0.09s  res=1.687e-05
[06-30 21:21:57][DEBUG] jax_fem: CuDSSNewtonSolver: starting Newton loop
[06-30 21:21:57][DEBUG] jax_fem: DeviceProblem: computing Jacobian on device
[06-30 21:21:57][DEBUG] jax_fem: Function split_and_compute_cell took 0.0263 seconds
[06-30 21:21:57][DEBUG] jax_fem: CuDSSNewtonSolver: initial residual = 2.414e+08
[06-30 21:21:57][DEBUG] jax_fem: DeviceProblem: computing Jacobian on device
[06-30 21:21:57][DEBUG] jax_fem: Function split_and_compute_cell took 0.0260 seconds
[06-30 21:21:57][DEBUG] jax_fem: CuDSSNewtonSolver: iter=1  res=1.188e-05  rel=4.920e-14
[06-30 21:21:57][INFO] jax_fem: CuDSSNewtonSolver: solve finished in 0.09s  res=1.188e-05
[06-30 21:21:57][INFO] jax_fem: CuDSS backward: solving adjoint problem …
[06-30 21:21:57][DEBUG] jax_fem: DeviceProblem: computing Jacobian on device
[06-30 21:21:57][DEBUG] jax_fem: Function split_and_compute_cell took 0.0282 seconds
[06-30 21:21:57][DEBUG] jax_fem: Computing cell residual...
[06-30 21:21:57][DEBUG] jax_fem: Function split_and_compute_cell took 0.0532 seconds
[06-30 21:21:58][INFO] jax_fem: CuDSS backward: solving adjoint problem …
[06-30 21:21:58][DEBUG] jax_fem: DeviceProblem: computing Jacobian on device
[06-30 21:21:58][DEBUG] jax_fem: Function split_and_compute_cell took 0.0352 seconds
[06-30 21:21:58][DEBUG] jax_fem: Computing cell residual...
[06-30 21:21:58][DEBUG] jax_fem: Function split_and_compute_cell took 0.0632 seconds
[06-30 21:21:58][INFO] jax_fem: CuDSS backward: solving adjoint problem …
[06-30 21:21:58][DEBUG] jax_fem: DeviceProblem: computing Jacobian on device
[06-30 21:21:58][DEBUG] jax_fem: Function split_and_compute_cell took 0.0284 seconds
[06-30 21:21:58][DEBUG] jax_fem: Computing cell residual...
[06-30 21:21:58][DEBUG] jax_fem: Function split_and_compute_cell took 0.0692 seconds
[06-30 21:21:58][INFO] jax_fem: CuDSS backward: solving adjoint problem …
[06-30 21:21:58][DEBUG] jax_fem: DeviceProblem: computing Jacobian on device
[06-30 21:21:59][DEBUG] jax_fem: Function split_and_compute_cell took 0.0454 seconds
[06-30 21:21:59][DEBUG] jax_fem: Computing cell residual...
[06-30 21:21:59][DEBUG] jax_fem: Function split_and_compute_cell took 0.0821 seconds
[06-30 21:21:59][INFO] jax_fem: CuDSS backward: solving adjoint problem …
[06-30 21:21:59][DEBUG] jax_fem: DeviceProblem: computing Jacobian on device
[06-30 21:21:59][DEBUG] jax_fem: Function split_and_compute_cell took 0.0444 seconds
[06-30 21:21:59][DEBUG] jax_fem: Computing cell residual...
[06-30 21:21:59][DEBUG] jax_fem: Function split_and_compute_cell took 0.0698 seconds
[06-30 21:22:01][DEBUG] jax_fem: CuDSSNewtonSolver: starting Newton loop
[06-30 21:22:01][DEBUG] jax_fem: DeviceProblem: computing Jacobian on device
[06-30 21:22:01][DEBUG] jax_fem: Function split_and_compute_cell took 0.0426 seconds
[06-30 21:22:01][DEBUG] jax_fem: CuDSSNewtonSolver: initial residual = 2.427e+08
[06-30 21:22:01][DEBUG] jax_fem: DeviceProblem: computing Jacobian on device
[06-30 21:22:01][DEBUG] jax_fem: Function split_and_compute_cell took 0.0483 seconds
[06-30 21:22:01][DEBUG] jax_fem: CuDSSNewtonSolver: iter=1  res=1.655e-05  rel=6.817e-14
[06-30 21:22:01][INFO] jax_fem: CuDSSNewtonSolver: solve finished in 0.14s  res=1.655e-05
[06-30 21:22:01][DEBUG] jax_fem: CuDSSNewtonSolver: starting Newton loop
[06-30 21:22:01][DEBUG] jax_fem: DeviceProblem: computing Jacobian on device
[06-30 21:22:01][DEBUG] jax_fem: Function split_and_compute_cell took 0.0252 seconds
[06-30 21:22:01][DEBUG] jax_fem: CuDSSNewtonSolver: initial residual = 2.407e+08
[06-30 21:22:01][DEBUG] jax_fem: DeviceProblem: computing Jacobian on device
[06-30 21:22:01][DEBUG] jax_fem: Function split_and_compute_cell took 0.0329 seconds
[06-30 21:22:01][DEBUG] jax_fem: CuDSSNewtonSolver: iter=1  res=1.618e-05  rel=6.722e-14
[06-30 21:22:01][INFO] jax_fem: CuDSSNewtonSolver: solve finished in 0.10s  res=1.618e-05
[06-30 21:22:01][DEBUG] jax_fem: CuDSSNewtonSolver: starting Newton loop
[06-30 21:22:01][DEBUG] jax_fem: DeviceProblem: computing Jacobian on device
[06-30 21:22:01][DEBUG] jax_fem: Function split_and_compute_cell took 0.0386 seconds
[06-30 21:22:01][DEBUG] jax_fem: CuDSSNewtonSolver: initial residual = 2.401e+08
[06-30 21:22:01][DEBUG] jax_fem: DeviceProblem: computing Jacobian on device
[06-30 21:22:01][DEBUG] jax_fem: Function split_and_compute_cell took 0.0406 seconds
[06-30 21:22:01][DEBUG] jax_fem: CuDSSNewtonSolver: iter=1  res=1.779e-05  rel=7.409e-14
[06-30 21:22:01][INFO] jax_fem: CuDSSNewtonSolver: solve finished in 0.12s  res=1.779e-05
[06-30 21:22:02][DEBUG] jax_fem: CuDSSNewtonSolver: starting Newton loop
[06-30 21:22:02][DEBUG] jax_fem: DeviceProblem: computing Jacobian on device
[06-30 21:22:02][DEBUG] jax_fem: Function split_and_compute_cell took 0.0382 seconds
[06-30 21:22:02][DEBUG] jax_fem: CuDSSNewtonSolver: initial residual = 2.429e+08
[06-30 21:22:02][DEBUG] jax_fem: DeviceProblem: computing Jacobian on device
[06-30 21:22:02][DEBUG] jax_fem: Function split_and_compute_cell took 0.0260 seconds
[06-30 21:22:02][DEBUG] jax_fem: CuDSSNewtonSolver: iter=1  res=1.575e-05  rel=6.483e-14
[06-30 21:22:02][INFO] jax_fem: CuDSSNewtonSolver: solve finished in 0.11s  res=1.575e-05
[06-30 21:22:02][DEBUG] jax_fem: CuDSSNewtonSolver: starting Newton loop
[06-30 21:22:02][DEBUG] jax_fem: DeviceProblem: computing Jacobian on device
[06-30 21:22:02][DEBUG] jax_fem: Function split_and_compute_cell took 0.0352 seconds
[06-30 21:22:02][DEBUG] jax_fem: CuDSSNewtonSolver: initial residual = 2.414e+08
[06-30 21:22:02][DEBUG] jax_fem: DeviceProblem: computing Jacobian on device
[06-30 21:22:02][DEBUG] jax_fem: Function split_and_compute_cell took 0.0365 seconds
[06-30 21:22:02][DEBUG] jax_fem: CuDSSNewtonSolver: iter=1  res=1.175e-05  rel=4.865e-14
[06-30 21:22:02][INFO] jax_fem: CuDSSNewtonSolver: solve finished in 0.12s  res=1.175e-05
[06-30 21:22:04][DEBUG] jax_fem: CuDSSNewtonSolver: starting Newton loop
[06-30 21:22:04][DEBUG] jax_fem: DeviceProblem: computing Jacobian on device
[06-30 21:22:04][DEBUG] jax_fem: Function split_and_compute_cell took 0.0288 seconds
[06-30 21:22:04][DEBUG] jax_fem: CuDSSNewtonSolver: initial residual = 2.427e+08
[06-30 21:22:04][DEBUG] jax_fem: DeviceProblem: computing Jacobian on device
[06-30 21:22:04][DEBUG] jax_fem: Function split_and_compute_cell took 0.0253 seconds
[06-30 21:22:04][DEBUG] jax_fem: CuDSSNewtonSolver: iter=1  res=1.593e-05  rel=6.562e-14
[06-30 21:22:04][INFO] jax_fem: CuDSSNewtonSolver: solve finished in 0.09s  res=1.593e-05
[06-30 21:22:04][DEBUG] jax_fem: CuDSSNewtonSolver: starting Newton loop
[06-30 21:22:04][DEBUG] jax_fem: DeviceProblem: computing Jacobian on device
[06-30 21:22:04][DEBUG] jax_fem: Function split_and_compute_cell took 0.0249 seconds
[06-30 21:22:04][DEBUG] jax_fem: CuDSSNewtonSolver: initial residual = 2.407e+08
[06-30 21:22:04][DEBUG] jax_fem: DeviceProblem: computing Jacobian on device
[06-30 21:22:04][DEBUG] jax_fem: Function split_and_compute_cell took 0.0267 seconds
[06-30 21:22:04][DEBUG] jax_fem: CuDSSNewtonSolver: iter=1  res=1.564e-05  rel=6.498e-14
[06-30 21:22:04][INFO] jax_fem: CuDSSNewtonSolver: solve finished in 0.09s  res=1.564e-05
[06-30 21:22:05][DEBUG] jax_fem: CuDSSNewtonSolver: starting Newton loop
[06-30 21:22:05][DEBUG] jax_fem: DeviceProblem: computing Jacobian on device
[06-30 21:22:05][DEBUG] jax_fem: Function split_and_compute_cell took 0.0277 seconds
[06-30 21:22:05][DEBUG] jax_fem: CuDSSNewtonSolver: initial residual = 2.401e+08
[06-30 21:22:05][DEBUG] jax_fem: DeviceProblem: computing Jacobian on device
[06-30 21:22:05][DEBUG] jax_fem: Function split_and_compute_cell took 0.0269 seconds
[06-30 21:22:05][DEBUG] jax_fem: CuDSSNewtonSolver: iter=1  res=1.679e-05  rel=6.992e-14
[06-30 21:22:05][INFO] jax_fem: CuDSSNewtonSolver: solve finished in 0.09s  res=1.679e-05
[06-30 21:22:06][DEBUG] jax_fem: CuDSSNewtonSolver: starting Newton loop
[06-30 21:22:06][DEBUG] jax_fem: DeviceProblem: computing Jacobian on device
[06-30 21:22:06][DEBUG] jax_fem: Function split_and_compute_cell took 0.0269 seconds
[06-30 21:22:06][DEBUG] jax_fem: CuDSSNewtonSolver: initial residual = 2.429e+08
[06-30 21:22:06][DEBUG] jax_fem: DeviceProblem: computing Jacobian on device
[06-30 21:22:06][DEBUG] jax_fem: Function split_and_compute_cell took 0.0285 seconds
[06-30 21:22:06][DEBUG] jax_fem: CuDSSNewtonSolver: iter=1  res=1.651e-05  rel=6.796e-14
[06-30 21:22:06][INFO] jax_fem: CuDSSNewtonSolver: solve finished in 0.09s  res=1.651e-05
[06-30 21:22:06][DEBUG] jax_fem: CuDSSNewtonSolver: starting Newton loop
[06-30 21:22:06][DEBUG] jax_fem: DeviceProblem: computing Jacobian on device
[06-30 21:22:06][DEBUG] jax_fem: Function split_and_compute_cell took 0.0253 seconds
[06-30 21:22:06][DEBUG] jax_fem: CuDSSNewtonSolver: initial residual = 2.414e+08
[06-30 21:22:06][DEBUG] jax_fem: DeviceProblem: computing Jacobian on device
[06-30 21:22:06][DEBUG] jax_fem: Function split_and_compute_cell took 0.0250 seconds
[06-30 21:22:06][DEBUG] jax_fem: CuDSSNewtonSolver: iter=1  res=1.153e-05  rel=4.777e-14
[06-30 21:22:06][INFO] jax_fem: CuDSSNewtonSolver: solve finished in 0.09s  res=1.153e-05
[06-30 21:22:06][INFO] jax_fem: CuDSS backward: solving adjoint problem …
[06-30 21:22:06][DEBUG] jax_fem: DeviceProblem: computing Jacobian on device
[06-30 21:22:06][DEBUG] jax_fem: Function split_and_compute_cell took 0.0278 seconds
[06-30 21:22:06][DEBUG] jax_fem: Computing cell residual...
[06-30 21:22:07][DEBUG] jax_fem: Function split_and_compute_cell took 0.0755 seconds
[06-30 21:22:07][INFO] jax_fem: CuDSS backward: solving adjoint problem …
[06-30 21:22:07][DEBUG] jax_fem: DeviceProblem: computing Jacobian on device
[06-30 21:22:07][DEBUG] jax_fem: Function split_and_compute_cell took 0.0476 seconds
[06-30 21:22:07][DEBUG] jax_fem: Computing cell residual...
[06-30 21:22:07][DEBUG] jax_fem: Function split_and_compute_cell took 0.0638 seconds
[06-30 21:22:07][INFO] jax_fem: CuDSS backward: solving adjoint problem …
[06-30 21:22:07][DEBUG] jax_fem: DeviceProblem: computing Jacobian on device
[06-30 21:22:07][DEBUG] jax_fem: Function split_and_compute_cell took 0.0379 seconds
[06-30 21:22:07][DEBUG] jax_fem: Computing cell residual...
[06-30 21:22:07][DEBUG] jax_fem: Function split_and_compute_cell took 0.0629 seconds
[06-30 21:22:08][INFO] jax_fem: CuDSS backward: solving adjoint problem …
[06-30 21:22:08][DEBUG] jax_fem: DeviceProblem: computing Jacobian on device
[06-30 21:22:08][DEBUG] jax_fem: Function split_and_compute_cell took 0.0309 seconds
[06-30 21:22:08][DEBUG] jax_fem: Computing cell residual...
[06-30 21:22:08][DEBUG] jax_fem: Function split_and_compute_cell took 0.0805 seconds
[06-30 21:22:08][INFO] jax_fem: CuDSS backward: solving adjoint problem …
[06-30 21:22:08][DEBUG] jax_fem: DeviceProblem: computing Jacobian on device
[06-30 21:22:08][DEBUG] jax_fem: Function split_and_compute_cell took 0.0321 seconds
[06-30 21:22:08][DEBUG] jax_fem: Computing cell residual...
[06-30 21:22:08][DEBUG] jax_fem: Function split_and_compute_cell took 0.0697 seconds
[06-30 21:22:10][DEBUG] jax_fem: CuDSSNewtonSolver: starting Newton loop
[06-30 21:22:10][DEBUG] jax_fem: DeviceProblem: computing Jacobian on device
[06-30 21:22:10][DEBUG] jax_fem: Function split_and_compute_cell took 0.0335 seconds
[06-30 21:22:10][DEBUG] jax_fem: CuDSSNewtonSolver: initial residual = 2.426e+08
[06-30 21:22:10][DEBUG] jax_fem: DeviceProblem: computing Jacobian on device
[06-30 21:22:10][DEBUG] jax_fem: Function split_and_compute_cell took 0.0319 seconds
[06-30 21:22:10][DEBUG] jax_fem: CuDSSNewtonSolver: iter=1  res=1.635e-05  rel=6.738e-14
[06-30 21:22:10][INFO] jax_fem: CuDSSNewtonSolver: solve finished in 0.10s  res=1.635e-05
[06-30 21:22:10][DEBUG] jax_fem: CuDSSNewtonSolver: starting Newton loop
[06-30 21:22:10][DEBUG] jax_fem: DeviceProblem: computing Jacobian on device
[06-30 21:22:10][DEBUG] jax_fem: Function split_and_compute_cell took 0.0357 seconds
[06-30 21:22:10][DEBUG] jax_fem: CuDSSNewtonSolver: initial residual = 2.406e+08
[06-30 21:22:10][DEBUG] jax_fem: DeviceProblem: computing Jacobian on device
[06-30 21:22:10][DEBUG] jax_fem: Function split_and_compute_cell took 0.0272 seconds
[06-30 21:22:10][DEBUG] jax_fem: CuDSSNewtonSolver: iter=1  res=1.620e-05  rel=6.733e-14
[06-30 21:22:10][INFO] jax_fem: CuDSSNewtonSolver: solve finished in 0.10s  res=1.620e-05
[06-30 21:22:10][DEBUG] jax_fem: CuDSSNewtonSolver: starting Newton loop
[06-30 21:22:10][DEBUG] jax_fem: DeviceProblem: computing Jacobian on device
[06-30 21:22:10][DEBUG] jax_fem: Function split_and_compute_cell took 0.0299 seconds
[06-30 21:22:10][DEBUG] jax_fem: CuDSSNewtonSolver: initial residual = 2.400e+08
[06-30 21:22:10][DEBUG] jax_fem: DeviceProblem: computing Jacobian on device
[06-30 21:22:11][DEBUG] jax_fem: Function split_and_compute_cell took 0.0372 seconds
[06-30 21:22:11][DEBUG] jax_fem: CuDSSNewtonSolver: iter=1  res=1.790e-05  rel=7.459e-14
[06-30 21:22:11][INFO] jax_fem: CuDSSNewtonSolver: solve finished in 0.11s  res=1.790e-05
[06-30 21:22:11][DEBUG] jax_fem: CuDSSNewtonSolver: starting Newton loop
[06-30 21:22:11][DEBUG] jax_fem: DeviceProblem: computing Jacobian on device
[06-30 21:22:11][DEBUG] jax_fem: Function split_and_compute_cell took 0.0455 seconds
[06-30 21:22:11][DEBUG] jax_fem: CuDSSNewtonSolver: initial residual = 2.428e+08
[06-30 21:22:11][DEBUG] jax_fem: DeviceProblem: computing Jacobian on device
[06-30 21:22:11][DEBUG] jax_fem: Function split_and_compute_cell took 0.0270 seconds
[06-30 21:22:11][DEBUG] jax_fem: CuDSSNewtonSolver: iter=1  res=1.644e-05  rel=6.773e-14
[06-30 21:22:11][INFO] jax_fem: CuDSSNewtonSolver: solve finished in 0.11s  res=1.644e-05
[06-30 21:22:11][DEBUG] jax_fem: CuDSSNewtonSolver: starting Newton loop
[06-30 21:22:11][DEBUG] jax_fem: DeviceProblem: computing Jacobian on device
[06-30 21:22:11][DEBUG] jax_fem: Function split_and_compute_cell took 0.0272 seconds
[06-30 21:22:11][DEBUG] jax_fem: CuDSSNewtonSolver: initial residual = 2.414e+08
[06-30 21:22:11][DEBUG] jax_fem: DeviceProblem: computing Jacobian on device
[06-30 21:22:11][DEBUG] jax_fem: Function split_and_compute_cell took 0.0424 seconds
[06-30 21:22:11][DEBUG] jax_fem: CuDSSNewtonSolver: iter=1  res=1.212e-05  rel=5.019e-14
[06-30 21:22:11][INFO] jax_fem: CuDSSNewtonSolver: solve finished in 0.11s  res=1.212e-05
[06-30 21:22:13][DEBUG] jax_fem: CuDSSNewtonSolver: starting Newton loop
[06-30 21:22:13][DEBUG] jax_fem: DeviceProblem: computing Jacobian on device
[06-30 21:22:13][DEBUG] jax_fem: Function split_and_compute_cell took 0.0247 seconds
[06-30 21:22:13][DEBUG] jax_fem: CuDSSNewtonSolver: initial residual = 2.426e+08
[06-30 21:22:13][DEBUG] jax_fem: DeviceProblem: computing Jacobian on device
[06-30 21:22:13][DEBUG] jax_fem: Function split_and_compute_cell took 0.0270 seconds
[06-30 21:22:13][DEBUG] jax_fem: CuDSSNewtonSolver: iter=1  res=1.644e-05  rel=6.778e-14
[06-30 21:22:13][INFO] jax_fem: CuDSSNewtonSolver: solve finished in 0.09s  res=1.644e-05
[06-30 21:22:14][DEBUG] jax_fem: CuDSSNewtonSolver: starting Newton loop
[06-30 21:22:14][DEBUG] jax_fem: DeviceProblem: computing Jacobian on device
[06-30 21:22:14][DEBUG] jax_fem: Function split_and_compute_cell took 0.0257 seconds
[06-30 21:22:14][DEBUG] jax_fem: CuDSSNewtonSolver: initial residual = 2.406e+08
[06-30 21:22:14][DEBUG] jax_fem: DeviceProblem: computing Jacobian on device
[06-30 21:22:14][DEBUG] jax_fem: Function split_and_compute_cell took 0.0263 seconds
[06-30 21:22:14][DEBUG] jax_fem: CuDSSNewtonSolver: iter=1  res=1.539e-05  rel=6.398e-14
[06-30 21:22:14][INFO] jax_fem: CuDSSNewtonSolver: solve finished in 0.09s  res=1.539e-05
[06-30 21:22:14][DEBUG] jax_fem: CuDSSNewtonSolver: starting Newton loop
[06-30 21:22:14][DEBUG] jax_fem: DeviceProblem: computing Jacobian on device
[06-30 21:22:14][DEBUG] jax_fem: Function split_and_compute_cell took 0.0260 seconds
[06-30 21:22:14][DEBUG] jax_fem: CuDSSNewtonSolver: initial residual = 2.400e+08
[06-30 21:22:14][DEBUG] jax_fem: DeviceProblem: computing Jacobian on device
[06-30 21:22:14][DEBUG] jax_fem: Function split_and_compute_cell took 0.0263 seconds
[06-30 21:22:14][DEBUG] jax_fem: CuDSSNewtonSolver: iter=1  res=1.812e-05  rel=7.551e-14
[06-30 21:22:14][INFO] jax_fem: CuDSSNewtonSolver: solve finished in 0.09s  res=1.812e-05
[06-30 21:22:15][DEBUG] jax_fem: CuDSSNewtonSolver: starting Newton loop
[06-30 21:22:15][DEBUG] jax_fem: DeviceProblem: computing Jacobian on device
[06-30 21:22:15][DEBUG] jax_fem: Function split_and_compute_cell took 0.0236 seconds
[06-30 21:22:15][DEBUG] jax_fem: CuDSSNewtonSolver: initial residual = 2.428e+08
[06-30 21:22:15][DEBUG] jax_fem: DeviceProblem: computing Jacobian on device
[06-30 21:22:15][DEBUG] jax_fem: Function split_and_compute_cell took 0.0259 seconds
[06-30 21:22:15][DEBUG] jax_fem: CuDSSNewtonSolver: iter=1  res=1.640e-05  rel=6.755e-14
[06-30 21:22:15][INFO] jax_fem: CuDSSNewtonSolver: solve finished in 0.08s  res=1.640e-05
[06-30 21:22:15][DEBUG] jax_fem: CuDSSNewtonSolver: starting Newton loop
[06-30 21:22:15][DEBUG] jax_fem: DeviceProblem: computing Jacobian on device
[06-30 21:22:16][DEBUG] jax_fem: Function split_and_compute_cell took 0.0261 seconds
[06-30 21:22:16][DEBUG] jax_fem: CuDSSNewtonSolver: initial residual = 2.414e+08
[06-30 21:22:16][DEBUG] jax_fem: DeviceProblem: computing Jacobian on device
[06-30 21:22:16][DEBUG] jax_fem: Function split_and_compute_cell took 0.0248 seconds
[06-30 21:22:16][DEBUG] jax_fem: CuDSSNewtonSolver: iter=1  res=1.180e-05  rel=4.888e-14
[06-30 21:22:16][INFO] jax_fem: CuDSSNewtonSolver: solve finished in 0.09s  res=1.180e-05
[06-30 21:22:16][INFO] jax_fem: CuDSS backward: solving adjoint problem …
[06-30 21:22:16][DEBUG] jax_fem: DeviceProblem: computing Jacobian on device
[06-30 21:22:16][DEBUG] jax_fem: Function split_and_compute_cell took 0.0242 seconds
[06-30 21:22:16][DEBUG] jax_fem: Computing cell residual...
[06-30 21:22:16][DEBUG] jax_fem: Function split_and_compute_cell took 0.0538 seconds
[06-30 21:22:16][INFO] jax_fem: CuDSS backward: solving adjoint problem …
[06-30 21:22:16][DEBUG] jax_fem: DeviceProblem: computing Jacobian on device
[06-30 21:22:16][DEBUG] jax_fem: Function split_and_compute_cell took 0.0285 seconds
[06-30 21:22:16][DEBUG] jax_fem: Computing cell residual...
[06-30 21:22:16][DEBUG] jax_fem: Function split_and_compute_cell took 0.0724 seconds
[06-30 21:22:16][INFO] jax_fem: CuDSS backward: solving adjoint problem …
[06-30 21:22:16][DEBUG] jax_fem: DeviceProblem: computing Jacobian on device
[06-30 21:22:16][DEBUG] jax_fem: Function split_and_compute_cell took 0.0240 seconds
[06-30 21:22:16][DEBUG] jax_fem: Computing cell residual...
[06-30 21:22:17][DEBUG] jax_fem: Function split_and_compute_cell took 0.0777 seconds
[06-30 21:22:17][INFO] jax_fem: CuDSS backward: solving adjoint problem …
[06-30 21:22:17][DEBUG] jax_fem: DeviceProblem: computing Jacobian on device
[06-30 21:22:17][DEBUG] jax_fem: Function split_and_compute_cell took 0.0374 seconds
[06-30 21:22:17][DEBUG] jax_fem: Computing cell residual...
[06-30 21:22:17][DEBUG] jax_fem: Function split_and_compute_cell took 0.0762 seconds
[06-30 21:22:17][INFO] jax_fem: CuDSS backward: solving adjoint problem …
[06-30 21:22:17][DEBUG] jax_fem: DeviceProblem: computing Jacobian on device
[06-30 21:22:17][DEBUG] jax_fem: Function split_and_compute_cell took 0.0320 seconds
[06-30 21:22:17][DEBUG] jax_fem: Computing cell residual...
[06-30 21:22:17][DEBUG] jax_fem: Function split_and_compute_cell took 0.0768 seconds
[06-30 21:22:19][DEBUG] jax_fem: CuDSSNewtonSolver: starting Newton loop
[06-30 21:22:19][DEBUG] jax_fem: DeviceProblem: computing Jacobian on device
[06-30 21:22:19][DEBUG] jax_fem: Function split_and_compute_cell took 0.0414 seconds
[06-30 21:22:19][DEBUG] jax_fem: CuDSSNewtonSolver: initial residual = 2.427e+08
[06-30 21:22:19][DEBUG] jax_fem: DeviceProblem: computing Jacobian on device
[06-30 21:22:19][DEBUG] jax_fem: Function split_and_compute_cell took 0.0275 seconds
[06-30 21:22:19][DEBUG] jax_fem: CuDSSNewtonSolver: iter=1  res=1.638e-05  rel=6.751e-14
[06-30 21:22:19][INFO] jax_fem: CuDSSNewtonSolver: solve finished in 0.11s  res=1.638e-05
[06-30 21:22:19][DEBUG] jax_fem: CuDSSNewtonSolver: starting Newton loop
[06-30 21:22:19][DEBUG] jax_fem: DeviceProblem: computing Jacobian on device
[06-30 21:22:19][DEBUG] jax_fem: Function split_and_compute_cell took 0.0378 seconds
[06-30 21:22:19][DEBUG] jax_fem: CuDSSNewtonSolver: initial residual = 2.407e+08
[06-30 21:22:19][DEBUG] jax_fem: DeviceProblem: computing Jacobian on device
[06-30 21:22:19][DEBUG] jax_fem: Function split_and_compute_cell took 0.0287 seconds
[06-30 21:22:19][DEBUG] jax_fem: CuDSSNewtonSolver: iter=1  res=1.566e-05  rel=6.509e-14
[06-30 21:22:19][INFO] jax_fem: CuDSSNewtonSolver: solve finished in 0.10s  res=1.566e-05
[06-30 21:22:20][DEBUG] jax_fem: CuDSSNewtonSolver: starting Newton loop
[06-30 21:22:20][DEBUG] jax_fem: DeviceProblem: computing Jacobian on device
[06-30 21:22:20][DEBUG] jax_fem: Function split_and_compute_cell took 0.0277 seconds
[06-30 21:22:20][DEBUG] jax_fem: CuDSSNewtonSolver: initial residual = 2.401e+08
[06-30 21:22:20][DEBUG] jax_fem: DeviceProblem: computing Jacobian on device
[06-30 21:22:20][DEBUG] jax_fem: Function split_and_compute_cell took 0.0302 seconds
[06-30 21:22:20][DEBUG] jax_fem: CuDSSNewtonSolver: iter=1  res=1.731e-05  rel=7.210e-14
[06-30 21:22:20][INFO] jax_fem: CuDSSNewtonSolver: solve finished in 0.10s  res=1.731e-05
[06-30 21:22:20][DEBUG] jax_fem: CuDSSNewtonSolver: starting Newton loop
[06-30 21:22:20][DEBUG] jax_fem: DeviceProblem: computing Jacobian on device
[06-30 21:22:20][DEBUG] jax_fem: Function split_and_compute_cell took 0.0237 seconds
[06-30 21:22:20][DEBUG] jax_fem: CuDSSNewtonSolver: initial residual = 2.428e+08
[06-30 21:22:20][DEBUG] jax_fem: DeviceProblem: computing Jacobian on device
[06-30 21:22:20][DEBUG] jax_fem: Function split_and_compute_cell took 0.0420 seconds
[06-30 21:22:20][DEBUG] jax_fem: CuDSSNewtonSolver: iter=1  res=1.676e-05  rel=6.904e-14
[06-30 21:22:20][INFO] jax_fem: CuDSSNewtonSolver: solve finished in 0.10s  res=1.676e-05
[06-30 21:22:20][DEBUG] jax_fem: CuDSSNewtonSolver: starting Newton loop
[06-30 21:22:20][DEBUG] jax_fem: DeviceProblem: computing Jacobian on device
[06-30 21:22:20][DEBUG] jax_fem: Function split_and_compute_cell took 0.0407 seconds
[06-30 21:22:20][DEBUG] jax_fem: CuDSSNewtonSolver: initial residual = 2.414e+08
[06-30 21:22:20][DEBUG] jax_fem: DeviceProblem: computing Jacobian on device
[06-30 21:22:20][DEBUG] jax_fem: Function split_and_compute_cell took 0.0373 seconds
[06-30 21:22:20][DEBUG] jax_fem: CuDSSNewtonSolver: iter=1  res=1.201e-05  rel=4.975e-14
[06-30 21:22:20][INFO] jax_fem: CuDSSNewtonSolver: solve finished in 0.12s  res=1.201e-05
[06-30 21:22:22][DEBUG] jax_fem: CuDSSNewtonSolver: starting Newton loop
[06-30 21:22:22][DEBUG] jax_fem: DeviceProblem: computing Jacobian on device
[06-30 21:22:22][DEBUG] jax_fem: Function split_and_compute_cell took 0.0261 seconds
[06-30 21:22:22][DEBUG] jax_fem: CuDSSNewtonSolver: initial residual = 2.427e+08
[06-30 21:22:22][DEBUG] jax_fem: DeviceProblem: computing Jacobian on device
[06-30 21:22:22][DEBUG] jax_fem: Function split_and_compute_cell took 0.0263 seconds
[06-30 21:22:22][DEBUG] jax_fem: CuDSSNewtonSolver: iter=1  res=1.644e-05  rel=6.773e-14
[06-30 21:22:22][INFO] jax_fem: CuDSSNewtonSolver: solve finished in 0.09s  res=1.644e-05
[06-30 21:22:23][DEBUG] jax_fem: CuDSSNewtonSolver: starting Newton loop
[06-30 21:22:23][DEBUG] jax_fem: DeviceProblem: computing Jacobian on device
[06-30 21:22:23][DEBUG] jax_fem: Function split_and_compute_cell took 0.0265 seconds
[06-30 21:22:23][DEBUG] jax_fem: CuDSSNewtonSolver: initial residual = 2.407e+08
[06-30 21:22:23][DEBUG] jax_fem: DeviceProblem: computing Jacobian on device
[06-30 21:22:23][DEBUG] jax_fem: Function split_and_compute_cell took 0.0261 seconds
[06-30 21:22:23][DEBUG] jax_fem: CuDSSNewtonSolver: iter=1  res=1.592e-05  rel=6.616e-14
[06-30 21:22:23][INFO] jax_fem: CuDSSNewtonSolver: solve finished in 0.09s  res=1.592e-05
[06-30 21:22:23][DEBUG] jax_fem: CuDSSNewtonSolver: starting Newton loop
[06-30 21:22:23][DEBUG] jax_fem: DeviceProblem: computing Jacobian on device
[06-30 21:22:23][DEBUG] jax_fem: Function split_and_compute_cell took 0.0248 seconds
[06-30 21:22:23][DEBUG] jax_fem: CuDSSNewtonSolver: initial residual = 2.401e+08
[06-30 21:22:23][DEBUG] jax_fem: DeviceProblem: computing Jacobian on device
[06-30 21:22:23][DEBUG] jax_fem: Function split_and_compute_cell took 0.0272 seconds
[06-30 21:22:23][DEBUG] jax_fem: CuDSSNewtonSolver: iter=1  res=1.707e-05  rel=7.110e-14
[06-30 21:22:23][INFO] jax_fem: CuDSSNewtonSolver: solve finished in 0.09s  res=1.707e-05
[06-30 21:22:24][DEBUG] jax_fem: CuDSSNewtonSolver: starting Newton loop
[06-30 21:22:24][DEBUG] jax_fem: DeviceProblem: computing Jacobian on device
[06-30 21:22:24][DEBUG] jax_fem: Function split_and_compute_cell took 0.0265 seconds
[06-30 21:22:24][DEBUG] jax_fem: CuDSSNewtonSolver: initial residual = 2.428e+08
[06-30 21:22:24][DEBUG] jax_fem: DeviceProblem: computing Jacobian on device
[06-30 21:22:24][DEBUG] jax_fem: Function split_and_compute_cell took 0.0265 seconds
[06-30 21:22:24][DEBUG] jax_fem: CuDSSNewtonSolver: iter=1  res=1.665e-05  rel=6.855e-14
[06-30 21:22:24][INFO] jax_fem: CuDSSNewtonSolver: solve finished in 0.09s  res=1.665e-05
[06-30 21:22:25][DEBUG] jax_fem: CuDSSNewtonSolver: starting Newton loop
[06-30 21:22:25][DEBUG] jax_fem: DeviceProblem: computing Jacobian on device
[06-30 21:22:25][DEBUG] jax_fem: Function split_and_compute_cell took 0.0268 seconds
[06-30 21:22:25][DEBUG] jax_fem: CuDSSNewtonSolver: initial residual = 2.414e+08
[06-30 21:22:25][DEBUG] jax_fem: DeviceProblem: computing Jacobian on device
[06-30 21:22:25][DEBUG] jax_fem: Function split_and_compute_cell took 0.0271 seconds
[06-30 21:22:25][DEBUG] jax_fem: CuDSSNewtonSolver: iter=1  res=1.199e-05  rel=4.964e-14
[06-30 21:22:25][INFO] jax_fem: CuDSSNewtonSolver: solve finished in 0.09s  res=1.199e-05
[06-30 21:22:25][INFO] jax_fem: CuDSS backward: solving adjoint problem …
[06-30 21:22:25][DEBUG] jax_fem: DeviceProblem: computing Jacobian on device
[06-30 21:22:25][DEBUG] jax_fem: Function split_and_compute_cell took 0.0353 seconds
[06-30 21:22:25][DEBUG] jax_fem: Computing cell residual...
[06-30 21:22:25][DEBUG] jax_fem: Function split_and_compute_cell took 0.0610 seconds
[06-30 21:22:25][INFO] jax_fem: CuDSS backward: solving adjoint problem …
[06-30 21:22:25][DEBUG] jax_fem: DeviceProblem: computing Jacobian on device
[06-30 21:22:25][DEBUG] jax_fem: Function split_and_compute_cell took 0.0492 seconds
[06-30 21:22:25][DEBUG] jax_fem: Computing cell residual...
[06-30 21:22:25][DEBUG] jax_fem: Function split_and_compute_cell took 0.0637 seconds
[06-30 21:22:25][INFO] jax_fem: CuDSS backward: solving adjoint problem …
[06-30 21:22:25][DEBUG] jax_fem: DeviceProblem: computing Jacobian on device
[06-30 21:22:26][DEBUG] jax_fem: Function split_and_compute_cell took 0.0478 seconds
[06-30 21:22:26][DEBUG] jax_fem: Computing cell residual...
[06-30 21:22:26][DEBUG] jax_fem: Function split_and_compute_cell took 0.0692 seconds
[06-30 21:22:26][INFO] jax_fem: CuDSS backward: solving adjoint problem …
[06-30 21:22:26][DEBUG] jax_fem: DeviceProblem: computing Jacobian on device
[06-30 21:22:26][DEBUG] jax_fem: Function split_and_compute_cell took 0.0278 seconds
[06-30 21:22:26][DEBUG] jax_fem: Computing cell residual...
[06-30 21:22:26][DEBUG] jax_fem: Function split_and_compute_cell took 0.0720 seconds
[06-30 21:22:26][INFO] jax_fem: CuDSS backward: solving adjoint problem …
[06-30 21:22:26][DEBUG] jax_fem: DeviceProblem: computing Jacobian on device
[06-30 21:22:26][DEBUG] jax_fem: Function split_and_compute_cell took 0.0450 seconds
[06-30 21:22:26][DEBUG] jax_fem: Computing cell residual...
[06-30 21:22:26][DEBUG] jax_fem: Function split_and_compute_cell took 0.0676 seconds
[06-30 21:22:28][DEBUG] jax_fem: CuDSSNewtonSolver: starting Newton loop
[06-30 21:22:28][DEBUG] jax_fem: DeviceProblem: computing Jacobian on device
[06-30 21:22:28][DEBUG] jax_fem: Function split_and_compute_cell took 0.0365 seconds
[06-30 21:22:28][DEBUG] jax_fem: CuDSSNewtonSolver: initial residual = 2.427e+08
[06-30 21:22:28][DEBUG] jax_fem: DeviceProblem: computing Jacobian on device
[06-30 21:22:28][DEBUG] jax_fem: Function split_and_compute_cell took 0.0325 seconds
[06-30 21:22:28][DEBUG] jax_fem: CuDSSNewtonSolver: iter=1  res=1.573e-05  rel=6.480e-14
[06-30 21:22:28][INFO] jax_fem: CuDSSNewtonSolver: solve finished in 0.11s  res=1.573e-05
[06-30 21:22:28][DEBUG] jax_fem: CuDSSNewtonSolver: starting Newton loop
[06-30 21:22:28][DEBUG] jax_fem: DeviceProblem: computing Jacobian on device
[06-30 21:22:28][DEBUG] jax_fem: Function split_and_compute_cell took 0.0393 seconds
[06-30 21:22:28][DEBUG] jax_fem: CuDSSNewtonSolver: initial residual = 2.407e+08
[06-30 21:22:28][DEBUG] jax_fem: DeviceProblem: computing Jacobian on device
[06-30 21:22:28][DEBUG] jax_fem: Function split_and_compute_cell took 0.0277 seconds
[06-30 21:22:28][DEBUG] jax_fem: CuDSSNewtonSolver: iter=1  res=1.650e-05  rel=6.856e-14
[06-30 21:22:28][INFO] jax_fem: CuDSSNewtonSolver: solve finished in 0.11s  res=1.650e-05
[06-30 21:22:29][DEBUG] jax_fem: CuDSSNewtonSolver: starting Newton loop
[06-30 21:22:29][DEBUG] jax_fem: DeviceProblem: computing Jacobian on device
[06-30 21:22:29][DEBUG] jax_fem: Function split_and_compute_cell took 0.0428 seconds
[06-30 21:22:29][DEBUG] jax_fem: CuDSSNewtonSolver: initial residual = 2.401e+08
[06-30 21:22:29][DEBUG] jax_fem: DeviceProblem: computing Jacobian on device
[06-30 21:22:29][DEBUG] jax_fem: Function split_and_compute_cell took 0.0412 seconds
[06-30 21:22:29][DEBUG] jax_fem: CuDSSNewtonSolver: iter=1  res=1.772e-05  rel=7.381e-14
[06-30 21:22:29][INFO] jax_fem: CuDSSNewtonSolver: solve finished in 0.13s  res=1.772e-05
[06-30 21:22:29][DEBUG] jax_fem: CuDSSNewtonSolver: starting Newton loop
[06-30 21:22:29][DEBUG] jax_fem: DeviceProblem: computing Jacobian on device
[06-30 21:22:29][DEBUG] jax_fem: Function split_and_compute_cell took 0.0256 seconds
[06-30 21:22:29][DEBUG] jax_fem: CuDSSNewtonSolver: initial residual = 2.429e+08
[06-30 21:22:29][DEBUG] jax_fem: DeviceProblem: computing Jacobian on device
[06-30 21:22:29][DEBUG] jax_fem: Function split_and_compute_cell took 0.0311 seconds
[06-30 21:22:29][DEBUG] jax_fem: CuDSSNewtonSolver: iter=1  res=1.671e-05  rel=6.879e-14
[06-30 21:22:29][INFO] jax_fem: CuDSSNewtonSolver: solve finished in 0.10s  res=1.671e-05
[06-30 21:22:29][DEBUG] jax_fem: CuDSSNewtonSolver: starting Newton loop
[06-30 21:22:29][DEBUG] jax_fem: DeviceProblem: computing Jacobian on device
[06-30 21:22:29][DEBUG] jax_fem: Function split_and_compute_cell took 0.0264 seconds
[06-30 21:22:29][DEBUG] jax_fem: CuDSSNewtonSolver: initial residual = 2.414e+08
[06-30 21:22:29][DEBUG] jax_fem: DeviceProblem: computing Jacobian on device
[06-30 21:22:29][DEBUG] jax_fem: Function split_and_compute_cell took 0.0356 seconds
[06-30 21:22:29][DEBUG] jax_fem: CuDSSNewtonSolver: iter=1  res=1.184e-05  rel=4.905e-14
[06-30 21:22:29][INFO] jax_fem: CuDSSNewtonSolver: solve finished in 0.10s  res=1.184e-05
[06-30 21:22:31][DEBUG] jax_fem: CuDSSNewtonSolver: starting Newton loop
[06-30 21:22:31][DEBUG] jax_fem: DeviceProblem: computing Jacobian on device
[06-30 21:22:31][DEBUG] jax_fem: Function split_and_compute_cell took 0.0243 seconds
[06-30 21:22:31][DEBUG] jax_fem: CuDSSNewtonSolver: initial residual = 2.427e+08
[06-30 21:22:31][DEBUG] jax_fem: DeviceProblem: computing Jacobian on device
[06-30 21:22:31][DEBUG] jax_fem: Function split_and_compute_cell took 0.0291 seconds
[06-30 21:22:31][DEBUG] jax_fem: CuDSSNewtonSolver: iter=1  res=1.743e-05  rel=7.183e-14
[06-30 21:22:31][INFO] jax_fem: CuDSSNewtonSolver: solve finished in 0.09s  res=1.743e-05
[06-30 21:22:32][DEBUG] jax_fem: CuDSSNewtonSolver: starting Newton loop
[06-30 21:22:32][DEBUG] jax_fem: DeviceProblem: computing Jacobian on device
[06-30 21:22:32][DEBUG] jax_fem: Function split_and_compute_cell took 0.0267 seconds
[06-30 21:22:32][DEBUG] jax_fem: CuDSSNewtonSolver: initial residual = 2.407e+08
[06-30 21:22:32][DEBUG] jax_fem: DeviceProblem: computing Jacobian on device
[06-30 21:22:32][DEBUG] jax_fem: Function split_and_compute_cell took 0.0263 seconds
[06-30 21:22:32][DEBUG] jax_fem: CuDSSNewtonSolver: iter=1  res=1.614e-05  rel=6.706e-14
[06-30 21:22:32][INFO] jax_fem: CuDSSNewtonSolver: solve finished in 0.09s  res=1.614e-05
[06-30 21:22:32][DEBUG] jax_fem: CuDSSNewtonSolver: starting Newton loop
[06-30 21:22:32][DEBUG] jax_fem: DeviceProblem: computing Jacobian on device
[06-30 21:22:32][DEBUG] jax_fem: Function split_and_compute_cell took 0.0256 seconds
[06-30 21:22:32][DEBUG] jax_fem: CuDSSNewtonSolver: initial residual = 2.401e+08
[06-30 21:22:32][DEBUG] jax_fem: DeviceProblem: computing Jacobian on device
[06-30 21:22:32][DEBUG] jax_fem: Function split_and_compute_cell took 0.0273 seconds
[06-30 21:22:32][DEBUG] jax_fem: CuDSSNewtonSolver: iter=1  res=1.872e-05  rel=7.799e-14
[06-30 21:22:32][INFO] jax_fem: CuDSSNewtonSolver: solve finished in 0.09s  res=1.872e-05
[06-30 21:22:33][DEBUG] jax_fem: CuDSSNewtonSolver: starting Newton loop
[06-30 21:22:33][DEBUG] jax_fem: DeviceProblem: computing Jacobian on device
[06-30 21:22:33][DEBUG] jax_fem: Function split_and_compute_cell took 0.0267 seconds
[06-30 21:22:33][DEBUG] jax_fem: CuDSSNewtonSolver: initial residual = 2.429e+08
[06-30 21:22:33][DEBUG] jax_fem: DeviceProblem: computing Jacobian on device
[06-30 21:22:33][DEBUG] jax_fem: Function split_and_compute_cell took 0.0280 seconds
[06-30 21:22:33][DEBUG] jax_fem: CuDSSNewtonSolver: iter=1  res=1.698e-05  rel=6.990e-14
[06-30 21:22:33][INFO] jax_fem: CuDSSNewtonSolver: solve finished in 0.09s  res=1.698e-05
[06-30 21:22:33][DEBUG] jax_fem: CuDSSNewtonSolver: starting Newton loop
[06-30 21:22:33][DEBUG] jax_fem: DeviceProblem: computing Jacobian on device
[06-30 21:22:34][DEBUG] jax_fem: Function split_and_compute_cell took 0.0257 seconds
[06-30 21:22:34][DEBUG] jax_fem: CuDSSNewtonSolver: initial residual = 2.414e+08
[06-30 21:22:34][DEBUG] jax_fem: DeviceProblem: computing Jacobian on device
[06-30 21:22:34][DEBUG] jax_fem: Function split_and_compute_cell took 0.0269 seconds
[06-30 21:22:34][DEBUG] jax_fem: CuDSSNewtonSolver: iter=1  res=1.190e-05  rel=4.931e-14
[06-30 21:22:34][INFO] jax_fem: CuDSSNewtonSolver: solve finished in 0.09s  res=1.190e-05
[06-30 21:22:34][INFO] jax_fem: CuDSS backward: solving adjoint problem …
[06-30 21:22:34][DEBUG] jax_fem: DeviceProblem: computing Jacobian on device
[06-30 21:22:34][DEBUG] jax_fem: Function split_and_compute_cell took 0.0358 seconds
[06-30 21:22:34][DEBUG] jax_fem: Computing cell residual...
[06-30 21:22:34][DEBUG] jax_fem: Function split_and_compute_cell took 0.0771 seconds
[06-30 21:22:34][INFO] jax_fem: CuDSS backward: solving adjoint problem …
[06-30 21:22:34][DEBUG] jax_fem: DeviceProblem: computing Jacobian on device
[06-30 21:22:34][DEBUG] jax_fem: Function split_and_compute_cell took 0.0432 seconds
[06-30 21:22:34][DEBUG] jax_fem: Computing cell residual...
[06-30 21:22:34][DEBUG] jax_fem: Function split_and_compute_cell took 0.0803 seconds
[06-30 21:22:34][INFO] jax_fem: CuDSS backward: solving adjoint problem …
[06-30 21:22:34][DEBUG] jax_fem: DeviceProblem: computing Jacobian on device
[06-30 21:22:34][DEBUG] jax_fem: Function split_and_compute_cell took 0.0358 seconds
[06-30 21:22:35][DEBUG] jax_fem: Computing cell residual...
[06-30 21:22:35][DEBUG] jax_fem: Function split_and_compute_cell took 0.0679 seconds
[06-30 21:22:35][INFO] jax_fem: CuDSS backward: solving adjoint problem …
[06-30 21:22:35][DEBUG] jax_fem: DeviceProblem: computing Jacobian on device
[06-30 21:22:35][DEBUG] jax_fem: Function split_and_compute_cell took 0.0296 seconds
[06-30 21:22:35][DEBUG] jax_fem: Computing cell residual...
[06-30 21:22:35][DEBUG] jax_fem: Function split_and_compute_cell took 0.0631 seconds
[06-30 21:22:35][INFO] jax_fem: CuDSS backward: solving adjoint problem …
[06-30 21:22:35][DEBUG] jax_fem: DeviceProblem: computing Jacobian on device
[06-30 21:22:35][DEBUG] jax_fem: Function split_and_compute_cell took 0.0266 seconds
[06-30 21:22:35][DEBUG] jax_fem: Computing cell residual...
[06-30 21:22:35][DEBUG] jax_fem: Function split_and_compute_cell took 0.0591 seconds
[06-30 21:22:37][DEBUG] jax_fem: CuDSSNewtonSolver: starting Newton loop
[06-30 21:22:37][DEBUG] jax_fem: DeviceProblem: computing Jacobian on device
[06-30 21:22:37][DEBUG] jax_fem: Function split_and_compute_cell took 0.0374 seconds
[06-30 21:22:37][DEBUG] jax_fem: CuDSSNewtonSolver: initial residual = 2.427e+08
[06-30 21:22:37][DEBUG] jax_fem: DeviceProblem: computing Jacobian on device
[06-30 21:22:37][DEBUG] jax_fem: Function split_and_compute_cell took 0.0366 seconds
[06-30 21:22:37][DEBUG] jax_fem: CuDSSNewtonSolver: iter=1  res=1.606e-05  rel=6.617e-14
[06-30 21:22:37][INFO] jax_fem: CuDSSNewtonSolver: solve finished in 0.12s  res=1.606e-05
[06-30 21:22:37][DEBUG] jax_fem: CuDSSNewtonSolver: starting Newton loop
[06-30 21:22:37][DEBUG] jax_fem: DeviceProblem: computing Jacobian on device
[06-30 21:22:37][DEBUG] jax_fem: Function split_and_compute_cell took 0.0358 seconds
[06-30 21:22:37][DEBUG] jax_fem: CuDSSNewtonSolver: initial residual = 2.407e+08
[06-30 21:22:37][DEBUG] jax_fem: DeviceProblem: computing Jacobian on device
[06-30 21:22:37][DEBUG] jax_fem: Function split_and_compute_cell took 0.0463 seconds
[06-30 21:22:37][DEBUG] jax_fem: CuDSSNewtonSolver: iter=1  res=1.596e-05  rel=6.632e-14
[06-30 21:22:37][INFO] jax_fem: CuDSSNewtonSolver: solve finished in 0.12s  res=1.596e-05
[06-30 21:22:38][DEBUG] jax_fem: CuDSSNewtonSolver: starting Newton loop
[06-30 21:22:38][DEBUG] jax_fem: DeviceProblem: computing Jacobian on device
[06-30 21:22:38][DEBUG] jax_fem: Function split_and_compute_cell took 0.0348 seconds
[06-30 21:22:38][DEBUG] jax_fem: CuDSSNewtonSolver: initial residual = 2.401e+08
[06-30 21:22:38][DEBUG] jax_fem: DeviceProblem: computing Jacobian on device
[06-30 21:22:38][DEBUG] jax_fem: Function split_and_compute_cell took 0.0465 seconds
[06-30 21:22:38][DEBUG] jax_fem: CuDSSNewtonSolver: iter=1  res=1.800e-05  rel=7.499e-14
[06-30 21:22:38][INFO] jax_fem: CuDSSNewtonSolver: solve finished in 0.12s  res=1.800e-05
[06-30 21:22:38][DEBUG] jax_fem: CuDSSNewtonSolver: starting Newton loop
[06-30 21:22:38][DEBUG] jax_fem: DeviceProblem: computing Jacobian on device
[06-30 21:22:38][DEBUG] jax_fem: Function split_and_compute_cell took 0.0431 seconds
[06-30 21:22:38][DEBUG] jax_fem: CuDSSNewtonSolver: initial residual = 2.429e+08
[06-30 21:22:38][DEBUG] jax_fem: DeviceProblem: computing Jacobian on device
[06-30 21:22:38][DEBUG] jax_fem: Function split_and_compute_cell took 0.0438 seconds
[06-30 21:22:38][DEBUG] jax_fem: CuDSSNewtonSolver: iter=1  res=1.626e-05  rel=6.696e-14
[06-30 21:22:38][INFO] jax_fem: CuDSSNewtonSolver: solve finished in 0.13s  res=1.626e-05
[06-30 21:22:38][DEBUG] jax_fem: CuDSSNewtonSolver: starting Newton loop
[06-30 21:22:38][DEBUG] jax_fem: DeviceProblem: computing Jacobian on device
[06-30 21:22:38][DEBUG] jax_fem: Function split_and_compute_cell took 0.0375 seconds
[06-30 21:22:38][DEBUG] jax_fem: CuDSSNewtonSolver: initial residual = 2.414e+08
[06-30 21:22:38][DEBUG] jax_fem: DeviceProblem: computing Jacobian on device
[06-30 21:22:39][DEBUG] jax_fem: Function split_and_compute_cell took 0.0510 seconds
[06-30 21:22:39][DEBUG] jax_fem: CuDSSNewtonSolver: iter=1  res=1.202e-05  rel=4.980e-14
[06-30 21:22:39][INFO] jax_fem: CuDSSNewtonSolver: solve finished in 0.13s  res=1.202e-05
[06-30 21:22:40][DEBUG] jax_fem: CuDSSNewtonSolver: starting Newton loop
[06-30 21:22:40][DEBUG] jax_fem: DeviceProblem: computing Jacobian on device
[06-30 21:22:40][DEBUG] jax_fem: Function split_and_compute_cell took 0.0266 seconds
[06-30 21:22:40][DEBUG] jax_fem: CuDSSNewtonSolver: initial residual = 2.427e+08
[06-30 21:22:40][DEBUG] jax_fem: DeviceProblem: computing Jacobian on device
[06-30 21:22:40][DEBUG] jax_fem: Function split_and_compute_cell took 0.0261 seconds
[06-30 21:22:40][DEBUG] jax_fem: CuDSSNewtonSolver: iter=1  res=1.573e-05  rel=6.481e-14
[06-30 21:22:40][INFO] jax_fem: CuDSSNewtonSolver: solve finished in 0.09s  res=1.573e-05
[06-30 21:22:41][DEBUG] jax_fem: CuDSSNewtonSolver: starting Newton loop
[06-30 21:22:41][DEBUG] jax_fem: DeviceProblem: computing Jacobian on device
[06-30 21:22:41][DEBUG] jax_fem: Function split_and_compute_cell took 0.0281 seconds
[06-30 21:22:41][DEBUG] jax_fem: CuDSSNewtonSolver: initial residual = 2.407e+08
[06-30 21:22:41][DEBUG] jax_fem: DeviceProblem: computing Jacobian on device
[06-30 21:22:41][DEBUG] jax_fem: Function split_and_compute_cell took 0.0278 seconds
[06-30 21:22:41][DEBUG] jax_fem: CuDSSNewtonSolver: iter=1  res=1.609e-05  rel=6.683e-14
[06-30 21:22:41][INFO] jax_fem: CuDSSNewtonSolver: solve finished in 0.09s  res=1.609e-05
[06-30 21:22:42][DEBUG] jax_fem: CuDSSNewtonSolver: starting Newton loop
[06-30 21:22:42][DEBUG] jax_fem: DeviceProblem: computing Jacobian on device
[06-30 21:22:42][DEBUG] jax_fem: Function split_and_compute_cell took 0.0265 seconds
[06-30 21:22:42][DEBUG] jax_fem: CuDSSNewtonSolver: initial residual = 2.401e+08
[06-30 21:22:42][DEBUG] jax_fem: DeviceProblem: computing Jacobian on device
[06-30 21:22:42][DEBUG] jax_fem: Function split_and_compute_cell took 0.0264 seconds
[06-30 21:22:42][DEBUG] jax_fem: CuDSSNewtonSolver: iter=1  res=1.756e-05  rel=7.314e-14
[06-30 21:22:42][INFO] jax_fem: CuDSSNewtonSolver: solve finished in 0.09s  res=1.756e-05
[06-30 21:22:42][DEBUG] jax_fem: CuDSSNewtonSolver: starting Newton loop
[06-30 21:22:42][DEBUG] jax_fem: DeviceProblem: computing Jacobian on device
[06-30 21:22:42][DEBUG] jax_fem: Function split_and_compute_cell took 0.0258 seconds
[06-30 21:22:42][DEBUG] jax_fem: CuDSSNewtonSolver: initial residual = 2.429e+08
[06-30 21:22:42][DEBUG] jax_fem: DeviceProblem: computing Jacobian on device
[06-30 21:22:42][DEBUG] jax_fem: Function split_and_compute_cell took 0.0273 seconds
[06-30 21:22:42][DEBUG] jax_fem: CuDSSNewtonSolver: iter=1  res=1.611e-05  rel=6.633e-14
[06-30 21:22:42][INFO] jax_fem: CuDSSNewtonSolver: solve finished in 0.09s  res=1.611e-05
[06-30 21:22:43][DEBUG] jax_fem: CuDSSNewtonSolver: starting Newton loop
[06-30 21:22:43][DEBUG] jax_fem: DeviceProblem: computing Jacobian on device
[06-30 21:22:43][DEBUG] jax_fem: Function split_and_compute_cell took 0.0258 seconds
[06-30 21:22:43][DEBUG] jax_fem: CuDSSNewtonSolver: initial residual = 2.414e+08
[06-30 21:22:43][DEBUG] jax_fem: DeviceProblem: computing Jacobian on device
[06-30 21:22:43][DEBUG] jax_fem: Function split_and_compute_cell took 0.0256 seconds
[06-30 21:22:43][DEBUG] jax_fem: CuDSSNewtonSolver: iter=1  res=1.223e-05  rel=5.064e-14
[06-30 21:22:43][INFO] jax_fem: CuDSSNewtonSolver: solve finished in 0.09s  res=1.223e-05
[06-30 21:22:43][INFO] jax_fem: CuDSS backward: solving adjoint problem …
[06-30 21:22:43][DEBUG] jax_fem: DeviceProblem: computing Jacobian on device
[06-30 21:22:43][DEBUG] jax_fem: Function split_and_compute_cell took 0.0304 seconds
[06-30 21:22:43][DEBUG] jax_fem: Computing cell residual...
[06-30 21:22:43][DEBUG] jax_fem: Function split_and_compute_cell took 0.0650 seconds
[06-30 21:22:43][INFO] jax_fem: CuDSS backward: solving adjoint problem …
[06-30 21:22:43][DEBUG] jax_fem: DeviceProblem: computing Jacobian on device
[06-30 21:22:43][DEBUG] jax_fem: Function split_and_compute_cell took 0.0303 seconds
[06-30 21:22:43][DEBUG] jax_fem: Computing cell residual...
[06-30 21:22:43][DEBUG] jax_fem: Function split_and_compute_cell took 0.0626 seconds
[06-30 21:22:44][INFO] jax_fem: CuDSS backward: solving adjoint problem …
[06-30 21:22:44][DEBUG] jax_fem: DeviceProblem: computing Jacobian on device
[06-30 21:22:44][DEBUG] jax_fem: Function split_and_compute_cell took 0.0318 seconds
[06-30 21:22:44][DEBUG] jax_fem: Computing cell residual...
[06-30 21:22:44][DEBUG] jax_fem: Function split_and_compute_cell took 0.0688 seconds
[06-30 21:22:44][INFO] jax_fem: CuDSS backward: solving adjoint problem …
[06-30 21:22:44][DEBUG] jax_fem: DeviceProblem: computing Jacobian on device
[06-30 21:22:44][DEBUG] jax_fem: Function split_and_compute_cell took 0.0492 seconds
[06-30 21:22:44][DEBUG] jax_fem: Computing cell residual...
[06-30 21:22:44][DEBUG] jax_fem: Function split_and_compute_cell took 0.0743 seconds
[06-30 21:22:45][INFO] jax_fem: CuDSS backward: solving adjoint problem …
[06-30 21:22:45][DEBUG] jax_fem: DeviceProblem: computing Jacobian on device
[06-30 21:22:45][DEBUG] jax_fem: Function split_and_compute_cell took 0.0437 seconds
[06-30 21:22:45][DEBUG] jax_fem: Computing cell residual...
[06-30 21:22:45][DEBUG] jax_fem: Function split_and_compute_cell took 0.0617 seconds
[06-30 21:22:46][DEBUG] jax_fem: CuDSSNewtonSolver: starting Newton loop
[06-30 21:22:46][DEBUG] jax_fem: DeviceProblem: computing Jacobian on device
[06-30 21:22:46][DEBUG] jax_fem: Function split_and_compute_cell took 0.0256 seconds
[06-30 21:22:46][DEBUG] jax_fem: CuDSSNewtonSolver: initial residual = 2.427e+08
[06-30 21:22:46][DEBUG] jax_fem: DeviceProblem: computing Jacobian on device
[06-30 21:22:46][DEBUG] jax_fem: Function split_and_compute_cell took 0.0551 seconds
[06-30 21:22:46][DEBUG] jax_fem: CuDSSNewtonSolver: iter=1  res=1.632e-05  rel=6.726e-14
[06-30 21:22:46][INFO] jax_fem: CuDSSNewtonSolver: solve finished in 0.12s  res=1.632e-05
[06-30 21:22:46][DEBUG] jax_fem: CuDSSNewtonSolver: starting Newton loop
[06-30 21:22:47][DEBUG] jax_fem: DeviceProblem: computing Jacobian on device
[06-30 21:22:47][DEBUG] jax_fem: Function split_and_compute_cell took 0.0423 seconds
[06-30 21:22:47][DEBUG] jax_fem: CuDSSNewtonSolver: initial residual = 2.407e+08
[06-30 21:22:47][DEBUG] jax_fem: DeviceProblem: computing Jacobian on device
[06-30 21:22:47][DEBUG] jax_fem: Function split_and_compute_cell took 0.0342 seconds
[06-30 21:22:47][DEBUG] jax_fem: CuDSSNewtonSolver: iter=1  res=1.665e-05  rel=6.919e-14
[06-30 21:22:47][INFO] jax_fem: CuDSSNewtonSolver: solve finished in 0.12s  res=1.665e-05
[06-30 21:22:47][DEBUG] jax_fem: CuDSSNewtonSolver: starting Newton loop
[06-30 21:22:47][DEBUG] jax_fem: DeviceProblem: computing Jacobian on device
[06-30 21:22:47][DEBUG] jax_fem: Function split_and_compute_cell took 0.0423 seconds
[06-30 21:22:47][DEBUG] jax_fem: CuDSSNewtonSolver: initial residual = 2.401e+08
[06-30 21:22:47][DEBUG] jax_fem: DeviceProblem: computing Jacobian on device
[06-30 21:22:47][DEBUG] jax_fem: Function split_and_compute_cell took 0.0354 seconds
[06-30 21:22:47][DEBUG] jax_fem: CuDSSNewtonSolver: iter=1  res=1.773e-05  rel=7.387e-14
[06-30 21:22:47][INFO] jax_fem: CuDSSNewtonSolver: solve finished in 0.12s  res=1.773e-05
[06-30 21:22:47][DEBUG] jax_fem: CuDSSNewtonSolver: starting Newton loop
[06-30 21:22:47][DEBUG] jax_fem: DeviceProblem: computing Jacobian on device
[06-30 21:22:47][DEBUG] jax_fem: Function split_and_compute_cell took 0.0440 seconds
[06-30 21:22:47][DEBUG] jax_fem: CuDSSNewtonSolver: initial residual = 2.429e+08
[06-30 21:22:47][DEBUG] jax_fem: DeviceProblem: computing Jacobian on device
[06-30 21:22:47][DEBUG] jax_fem: Function split_and_compute_cell took 0.0295 seconds
[06-30 21:22:47][DEBUG] jax_fem: CuDSSNewtonSolver: iter=1  res=1.644e-05  rel=6.768e-14
[06-30 21:22:47][INFO] jax_fem: CuDSSNewtonSolver: solve finished in 0.11s  res=1.644e-05
[06-30 21:22:48][DEBUG] jax_fem: CuDSSNewtonSolver: starting Newton loop
[06-30 21:22:48][DEBUG] jax_fem: DeviceProblem: computing Jacobian on device
[06-30 21:22:48][DEBUG] jax_fem: Function split_and_compute_cell took 0.0334 seconds
[06-30 21:22:48][DEBUG] jax_fem: CuDSSNewtonSolver: initial residual = 2.414e+08
[06-30 21:22:48][DEBUG] jax_fem: DeviceProblem: computing Jacobian on device
[06-30 21:22:48][DEBUG] jax_fem: Function split_and_compute_cell took 0.0224 seconds
[06-30 21:22:48][DEBUG] jax_fem: CuDSSNewtonSolver: iter=1  res=1.191e-05  rel=4.933e-14
[06-30 21:22:48][INFO] jax_fem: CuDSSNewtonSolver: solve finished in 0.10s  res=1.191e-05
[06-30 21:22:49][DEBUG] jax_fem: CuDSSNewtonSolver: starting Newton loop
[06-30 21:22:49][DEBUG] jax_fem: DeviceProblem: computing Jacobian on device
[06-30 21:22:50][DEBUG] jax_fem: Function split_and_compute_cell took 0.0247 seconds
[06-30 21:22:50][DEBUG] jax_fem: CuDSSNewtonSolver: initial residual = 2.427e+08
[06-30 21:22:50][DEBUG] jax_fem: DeviceProblem: computing Jacobian on device
[06-30 21:22:50][DEBUG] jax_fem: Function split_and_compute_cell took 0.0259 seconds
[06-30 21:22:50][DEBUG] jax_fem: CuDSSNewtonSolver: iter=1  res=1.663e-05  rel=6.851e-14
[06-30 21:22:50][INFO] jax_fem: CuDSSNewtonSolver: solve finished in 0.09s  res=1.663e-05
[06-30 21:22:50][DEBUG] jax_fem: CuDSSNewtonSolver: starting Newton loop
[06-30 21:22:50][DEBUG] jax_fem: DeviceProblem: computing Jacobian on device
[06-30 21:22:50][DEBUG] jax_fem: Function split_and_compute_cell took 0.0264 seconds
[06-30 21:22:50][DEBUG] jax_fem: CuDSSNewtonSolver: initial residual = 2.407e+08
[06-30 21:22:50][DEBUG] jax_fem: DeviceProblem: computing Jacobian on device
[06-30 21:22:50][DEBUG] jax_fem: Function split_and_compute_cell took 0.0246 seconds
[06-30 21:22:50][DEBUG] jax_fem: CuDSSNewtonSolver: iter=1  res=1.641e-05  rel=6.818e-14
[06-30 21:22:50][INFO] jax_fem: CuDSSNewtonSolver: solve finished in 0.09s  res=1.641e-05
[06-30 21:22:51][DEBUG] jax_fem: CuDSSNewtonSolver: starting Newton loop
[06-30 21:22:51][DEBUG] jax_fem: DeviceProblem: computing Jacobian on device
[06-30 21:22:51][DEBUG] jax_fem: Function split_and_compute_cell took 0.0247 seconds
[06-30 21:22:51][DEBUG] jax_fem: CuDSSNewtonSolver: initial residual = 2.401e+08
[06-30 21:22:51][DEBUG] jax_fem: DeviceProblem: computing Jacobian on device
[06-30 21:22:51][DEBUG] jax_fem: Function split_and_compute_cell took 0.0240 seconds
[06-30 21:22:51][DEBUG] jax_fem: CuDSSNewtonSolver: iter=1  res=1.713e-05  rel=7.137e-14
[06-30 21:22:51][INFO] jax_fem: CuDSSNewtonSolver: solve finished in 0.08s  res=1.713e-05
[06-30 21:22:51][DEBUG] jax_fem: CuDSSNewtonSolver: starting Newton loop
[06-30 21:22:51][DEBUG] jax_fem: DeviceProblem: computing Jacobian on device
[06-30 21:22:51][DEBUG] jax_fem: Function split_and_compute_cell took 0.0260 seconds
[06-30 21:22:51][DEBUG] jax_fem: CuDSSNewtonSolver: initial residual = 2.429e+08
[06-30 21:22:51][DEBUG] jax_fem: DeviceProblem: computing Jacobian on device
[06-30 21:22:51][DEBUG] jax_fem: Function split_and_compute_cell took 0.0247 seconds
[06-30 21:22:51][DEBUG] jax_fem: CuDSSNewtonSolver: iter=1  res=1.628e-05  rel=6.702e-14
[06-30 21:22:51][INFO] jax_fem: CuDSSNewtonSolver: solve finished in 0.09s  res=1.628e-05
[06-30 21:22:52][DEBUG] jax_fem: CuDSSNewtonSolver: starting Newton loop
[06-30 21:22:52][DEBUG] jax_fem: DeviceProblem: computing Jacobian on device
[06-30 21:22:52][DEBUG] jax_fem: Function split_and_compute_cell took 0.0266 seconds
[06-30 21:22:52][DEBUG] jax_fem: CuDSSNewtonSolver: initial residual = 2.414e+08
[06-30 21:22:52][DEBUG] jax_fem: DeviceProblem: computing Jacobian on device
[06-30 21:22:52][DEBUG] jax_fem: Function split_and_compute_cell took 0.0254 seconds
[06-30 21:22:52][DEBUG] jax_fem: CuDSSNewtonSolver: iter=1  res=1.176e-05  rel=4.869e-14
[06-30 21:22:52][INFO] jax_fem: CuDSSNewtonSolver: solve finished in 0.09s  res=1.176e-05
[06-30 21:22:52][INFO] jax_fem: CuDSS backward: solving adjoint problem …
[06-30 21:22:52][DEBUG] jax_fem: DeviceProblem: computing Jacobian on device
[06-30 21:22:52][DEBUG] jax_fem: Function split_and_compute_cell took 0.0248 seconds
[06-30 21:22:52][DEBUG] jax_fem: Computing cell residual...
[06-30 21:22:52][DEBUG] jax_fem: Function split_and_compute_cell took 0.0657 seconds
[06-30 21:22:52][INFO] jax_fem: CuDSS backward: solving adjoint problem …
[06-30 21:22:52][DEBUG] jax_fem: DeviceProblem: computing Jacobian on device
[06-30 21:22:52][DEBUG] jax_fem: Function split_and_compute_cell took 0.0283 seconds
[06-30 21:22:53][DEBUG] jax_fem: Computing cell residual...
[06-30 21:22:53][DEBUG] jax_fem: Function split_and_compute_cell took 0.0722 seconds
[06-30 21:22:53][INFO] jax_fem: CuDSS backward: solving adjoint problem …
[06-30 21:22:53][DEBUG] jax_fem: DeviceProblem: computing Jacobian on device
[06-30 21:22:53][DEBUG] jax_fem: Function split_and_compute_cell took 0.0364 seconds
[06-30 21:22:53][DEBUG] jax_fem: Computing cell residual...
[06-30 21:22:53][DEBUG] jax_fem: Function split_and_compute_cell took 0.0687 seconds
[06-30 21:22:53][INFO] jax_fem: CuDSS backward: solving adjoint problem …
[06-30 21:22:53][DEBUG] jax_fem: DeviceProblem: computing Jacobian on device
[06-30 21:22:53][DEBUG] jax_fem: Function split_and_compute_cell took 0.0244 seconds
[06-30 21:22:53][DEBUG] jax_fem: Computing cell residual...
[06-30 21:22:53][DEBUG] jax_fem: Function split_and_compute_cell took 0.0660 seconds
[06-30 21:22:54][INFO] jax_fem: CuDSS backward: solving adjoint problem …
[06-30 21:22:54][DEBUG] jax_fem: DeviceProblem: computing Jacobian on device
[06-30 21:22:54][DEBUG] jax_fem: Function split_and_compute_cell took 0.0227 seconds
[06-30 21:22:54][DEBUG] jax_fem: Computing cell residual...
[06-30 21:22:54][DEBUG] jax_fem: Function split_and_compute_cell took 0.0790 seconds
[06-30 21:22:55][DEBUG] jax_fem: CuDSSNewtonSolver: starting Newton loop
[06-30 21:22:55][DEBUG] jax_fem: DeviceProblem: computing Jacobian on device
[06-30 21:22:55][DEBUG] jax_fem: Function split_and_compute_cell took 0.0543 seconds
[06-30 21:22:55][DEBUG] jax_fem: CuDSSNewtonSolver: initial residual = 2.427e+08
[06-30 21:22:55][DEBUG] jax_fem: DeviceProblem: computing Jacobian on device
[06-30 21:22:55][DEBUG] jax_fem: Function split_and_compute_cell took 0.0284 seconds
[06-30 21:22:55][DEBUG] jax_fem: CuDSSNewtonSolver: iter=1  res=1.574e-05  rel=6.484e-14
[06-30 21:22:55][INFO] jax_fem: CuDSSNewtonSolver: solve finished in 0.12s  res=1.574e-05
[06-30 21:22:56][DEBUG] jax_fem: CuDSSNewtonSolver: starting Newton loop
[06-30 21:22:56][DEBUG] jax_fem: DeviceProblem: computing Jacobian on device
[06-30 21:22:56][DEBUG] jax_fem: Function split_and_compute_cell took 0.0307 seconds
[06-30 21:22:56][DEBUG] jax_fem: CuDSSNewtonSolver: initial residual = 2.407e+08
[06-30 21:22:56][DEBUG] jax_fem: DeviceProblem: computing Jacobian on device
[06-30 21:22:56][DEBUG] jax_fem: Function split_and_compute_cell took 0.0352 seconds
[06-30 21:22:56][DEBUG] jax_fem: CuDSSNewtonSolver: iter=1  res=1.670e-05  rel=6.940e-14
[06-30 21:22:56][INFO] jax_fem: CuDSSNewtonSolver: solve finished in 0.10s  res=1.670e-05
[06-30 21:22:56][DEBUG] jax_fem: CuDSSNewtonSolver: starting Newton loop
[06-30 21:22:56][DEBUG] jax_fem: DeviceProblem: computing Jacobian on device
[06-30 21:22:56][DEBUG] jax_fem: Function split_and_compute_cell took 0.0328 seconds
[06-30 21:22:56][DEBUG] jax_fem: CuDSSNewtonSolver: initial residual = 2.401e+08
[06-30 21:22:56][DEBUG] jax_fem: DeviceProblem: computing Jacobian on device
[06-30 21:22:56][DEBUG] jax_fem: Function split_and_compute_cell took 0.0293 seconds
[06-30 21:22:56][DEBUG] jax_fem: CuDSSNewtonSolver: iter=1  res=1.714e-05  rel=7.141e-14
[06-30 21:22:56][INFO] jax_fem: CuDSSNewtonSolver: solve finished in 0.10s  res=1.714e-05
[06-30 21:22:56][DEBUG] jax_fem: CuDSSNewtonSolver: starting Newton loop
[06-30 21:22:56][DEBUG] jax_fem: DeviceProblem: computing Jacobian on device
[06-30 21:22:56][DEBUG] jax_fem: Function split_and_compute_cell took 0.0454 seconds
[06-30 21:22:56][DEBUG] jax_fem: CuDSSNewtonSolver: initial residual = 2.429e+08
[06-30 21:22:56][DEBUG] jax_fem: DeviceProblem: computing Jacobian on device
[06-30 21:22:56][DEBUG] jax_fem: Function split_and_compute_cell took 0.0278 seconds
[06-30 21:22:56][DEBUG] jax_fem: CuDSSNewtonSolver: iter=1  res=1.530e-05  rel=6.301e-14
[06-30 21:22:56][INFO] jax_fem: CuDSSNewtonSolver: solve finished in 0.11s  res=1.530e-05
[06-30 21:22:57][DEBUG] jax_fem: CuDSSNewtonSolver: starting Newton loop
[06-30 21:22:57][DEBUG] jax_fem: DeviceProblem: computing Jacobian on device
[06-30 21:22:57][DEBUG] jax_fem: Function split_and_compute_cell took 0.0485 seconds
[06-30 21:22:57][DEBUG] jax_fem: CuDSSNewtonSolver: initial residual = 2.414e+08
[06-30 21:22:57][DEBUG] jax_fem: DeviceProblem: computing Jacobian on device
[06-30 21:22:57][DEBUG] jax_fem: Function split_and_compute_cell took 0.0333 seconds
[06-30 21:22:57][DEBUG] jax_fem: CuDSSNewtonSolver: iter=1  res=1.159e-05  rel=4.801e-14
[06-30 21:22:57][INFO] jax_fem: CuDSSNewtonSolver: solve finished in 0.13s  res=1.159e-05
[06-30 21:22:58][DEBUG] jax_fem: CuDSSNewtonSolver: starting Newton loop
[06-30 21:22:58][DEBUG] jax_fem: DeviceProblem: computing Jacobian on device
[06-30 21:22:58][DEBUG] jax_fem: Function split_and_compute_cell took 0.0258 seconds
[06-30 21:22:58][DEBUG] jax_fem: CuDSSNewtonSolver: initial residual = 2.427e+08
[06-30 21:22:58][DEBUG] jax_fem: DeviceProblem: computing Jacobian on device
[06-30 21:22:58][DEBUG] jax_fem: Function split_and_compute_cell took 0.0283 seconds
[06-30 21:22:58][DEBUG] jax_fem: CuDSSNewtonSolver: iter=1  res=1.599e-05  rel=6.590e-14
[06-30 21:22:58][INFO] jax_fem: CuDSSNewtonSolver: solve finished in 0.09s  res=1.599e-05
[06-30 21:22:59][DEBUG] jax_fem: CuDSSNewtonSolver: starting Newton loop
[06-30 21:22:59][DEBUG] jax_fem: DeviceProblem: computing Jacobian on device
[06-30 21:22:59][DEBUG] jax_fem: Function split_and_compute_cell took 0.0268 seconds
[06-30 21:22:59][DEBUG] jax_fem: CuDSSNewtonSolver: initial residual = 2.407e+08
[06-30 21:22:59][DEBUG] jax_fem: DeviceProblem: computing Jacobian on device
[06-30 21:22:59][DEBUG] jax_fem: Function split_and_compute_cell took 0.0253 seconds
[06-30 21:22:59][DEBUG] jax_fem: CuDSSNewtonSolver: iter=1  res=1.576e-05  rel=6.548e-14
[06-30 21:22:59][INFO] jax_fem: CuDSSNewtonSolver: solve finished in 0.09s  res=1.576e-05
[06-30 21:23:00][DEBUG] jax_fem: CuDSSNewtonSolver: starting Newton loop
[06-30 21:23:00][DEBUG] jax_fem: DeviceProblem: computing Jacobian on device
[06-30 21:23:00][DEBUG] jax_fem: Function split_and_compute_cell took 0.0275 seconds
[06-30 21:23:00][DEBUG] jax_fem: CuDSSNewtonSolver: initial residual = 2.401e+08
[06-30 21:23:00][DEBUG] jax_fem: DeviceProblem: computing Jacobian on device
[06-30 21:23:00][DEBUG] jax_fem: Function split_and_compute_cell took 0.0250 seconds
[06-30 21:23:00][DEBUG] jax_fem: CuDSSNewtonSolver: iter=1  res=1.796e-05  rel=7.482e-14
[06-30 21:23:00][INFO] jax_fem: CuDSSNewtonSolver: solve finished in 0.09s  res=1.796e-05
[06-30 21:23:00][DEBUG] jax_fem: CuDSSNewtonSolver: starting Newton loop
[06-30 21:23:00][DEBUG] jax_fem: DeviceProblem: computing Jacobian on device
[06-30 21:23:00][DEBUG] jax_fem: Function split_and_compute_cell took 0.0251 seconds
[06-30 21:23:00][DEBUG] jax_fem: CuDSSNewtonSolver: initial residual = 2.429e+08
[06-30 21:23:00][DEBUG] jax_fem: DeviceProblem: computing Jacobian on device
[06-30 21:23:00][DEBUG] jax_fem: Function split_and_compute_cell took 0.0258 seconds
[06-30 21:23:00][DEBUG] jax_fem: CuDSSNewtonSolver: iter=1  res=1.681e-05  rel=6.920e-14
[06-30 21:23:00][INFO] jax_fem: CuDSSNewtonSolver: solve finished in 0.09s  res=1.681e-05
[06-30 21:23:01][DEBUG] jax_fem: CuDSSNewtonSolver: starting Newton loop
[06-30 21:23:01][DEBUG] jax_fem: DeviceProblem: computing Jacobian on device
[06-30 21:23:01][DEBUG] jax_fem: Function split_and_compute_cell took 0.0273 seconds
[06-30 21:23:01][DEBUG] jax_fem: CuDSSNewtonSolver: initial residual = 2.414e+08
[06-30 21:23:01][DEBUG] jax_fem: DeviceProblem: computing Jacobian on device
[06-30 21:23:01][DEBUG] jax_fem: Function split_and_compute_cell took 0.0261 seconds
[06-30 21:23:01][DEBUG] jax_fem: CuDSSNewtonSolver: iter=1  res=1.185e-05  rel=4.909e-14
[06-30 21:23:01][INFO] jax_fem: CuDSSNewtonSolver: solve finished in 0.09s  res=1.185e-05
[06-30 21:23:01][INFO] jax_fem: CuDSS backward: solving adjoint problem …
[06-30 21:23:01][DEBUG] jax_fem: DeviceProblem: computing Jacobian on device
[06-30 21:23:01][DEBUG] jax_fem: Function split_and_compute_cell took 0.0285 seconds
[06-30 21:23:01][DEBUG] jax_fem: Computing cell residual...
[06-30 21:23:01][DEBUG] jax_fem: Function split_and_compute_cell took 0.0613 seconds
[06-30 21:23:01][INFO] jax_fem: CuDSS backward: solving adjoint problem …
[06-30 21:23:01][DEBUG] jax_fem: DeviceProblem: computing Jacobian on device
[06-30 21:23:02][DEBUG] jax_fem: Function split_and_compute_cell took 0.0271 seconds
[06-30 21:23:02][DEBUG] jax_fem: Computing cell residual...
[06-30 21:23:02][DEBUG] jax_fem: Function split_and_compute_cell took 0.0628 seconds
[06-30 21:23:02][INFO] jax_fem: CuDSS backward: solving adjoint problem …
[06-30 21:23:02][DEBUG] jax_fem: DeviceProblem: computing Jacobian on device
[06-30 21:23:02][DEBUG] jax_fem: Function split_and_compute_cell took 0.0525 seconds
[06-30 21:23:02][DEBUG] jax_fem: Computing cell residual...
[06-30 21:23:02][DEBUG] jax_fem: Function split_and_compute_cell took 0.0797 seconds
[06-30 21:23:02][INFO] jax_fem: CuDSS backward: solving adjoint problem …
[06-30 21:23:02][DEBUG] jax_fem: DeviceProblem: computing Jacobian on device
[06-30 21:23:02][DEBUG] jax_fem: Function split_and_compute_cell took 0.0449 seconds
[06-30 21:23:02][DEBUG] jax_fem: Computing cell residual...
[06-30 21:23:02][DEBUG] jax_fem: Function split_and_compute_cell took 0.0716 seconds
[06-30 21:23:03][INFO] jax_fem: CuDSS backward: solving adjoint problem …
[06-30 21:23:03][DEBUG] jax_fem: DeviceProblem: computing Jacobian on device
[06-30 21:23:03][DEBUG] jax_fem: Function split_and_compute_cell took 0.0336 seconds
[06-30 21:23:03][DEBUG] jax_fem: Computing cell residual...
[06-30 21:23:03][DEBUG] jax_fem: Function split_and_compute_cell took 0.0763 seconds
[06-30 21:23:04][DEBUG] jax_fem: CuDSSNewtonSolver: starting Newton loop
[06-30 21:23:04][DEBUG] jax_fem: DeviceProblem: computing Jacobian on device
[06-30 21:23:04][DEBUG] jax_fem: Function split_and_compute_cell took 0.0250 seconds
[06-30 21:23:04][DEBUG] jax_fem: CuDSSNewtonSolver: initial residual = 2.427e+08
[06-30 21:23:04][DEBUG] jax_fem: DeviceProblem: computing Jacobian on device
[06-30 21:23:04][DEBUG] jax_fem: Function split_and_compute_cell took 0.0285 seconds
[06-30 21:23:04][DEBUG] jax_fem: CuDSSNewtonSolver: iter=1  res=1.604e-05  rel=6.608e-14
[06-30 21:23:04][INFO] jax_fem: CuDSSNewtonSolver: solve finished in 0.09s  res=1.604e-05
[06-30 21:23:05][DEBUG] jax_fem: CuDSSNewtonSolver: starting Newton loop
[06-30 21:23:05][DEBUG] jax_fem: DeviceProblem: computing Jacobian on device
[06-30 21:23:05][DEBUG] jax_fem: Function split_and_compute_cell took 0.0479 seconds
[06-30 21:23:05][DEBUG] jax_fem: CuDSSNewtonSolver: initial residual = 2.407e+08
[06-30 21:23:05][DEBUG] jax_fem: DeviceProblem: computing Jacobian on device
[06-30 21:23:05][DEBUG] jax_fem: Function split_and_compute_cell took 0.0542 seconds
[06-30 21:23:05][DEBUG] jax_fem: CuDSSNewtonSolver: iter=1  res=1.605e-05  rel=6.669e-14
[06-30 21:23:05][INFO] jax_fem: CuDSSNewtonSolver: solve finished in 0.14s  res=1.605e-05
[06-30 21:23:05][DEBUG] jax_fem: CuDSSNewtonSolver: starting Newton loop
[06-30 21:23:05][DEBUG] jax_fem: DeviceProblem: computing Jacobian on device
[06-30 21:23:05][DEBUG] jax_fem: Function split_and_compute_cell took 0.0294 seconds
[06-30 21:23:05][DEBUG] jax_fem: CuDSSNewtonSolver: initial residual = 2.401e+08
[06-30 21:23:05][DEBUG] jax_fem: DeviceProblem: computing Jacobian on device
[06-30 21:23:05][DEBUG] jax_fem: Function split_and_compute_cell took 0.0340 seconds
[06-30 21:23:05][DEBUG] jax_fem: CuDSSNewtonSolver: iter=1  res=1.747e-05  rel=7.278e-14
[06-30 21:23:05][INFO] jax_fem: CuDSSNewtonSolver: solve finished in 0.10s  res=1.747e-05
[06-30 21:23:05][DEBUG] jax_fem: CuDSSNewtonSolver: starting Newton loop
[06-30 21:23:05][DEBUG] jax_fem: DeviceProblem: computing Jacobian on device
[06-30 21:23:05][DEBUG] jax_fem: Function split_and_compute_cell took 0.0352 seconds
[06-30 21:23:05][DEBUG] jax_fem: CuDSSNewtonSolver: initial residual = 2.429e+08
[06-30 21:23:05][DEBUG] jax_fem: DeviceProblem: computing Jacobian on device
[06-30 21:23:06][DEBUG] jax_fem: Function split_and_compute_cell took 0.0389 seconds
[06-30 21:23:06][DEBUG] jax_fem: CuDSSNewtonSolver: iter=1  res=1.696e-05  rel=6.983e-14
[06-30 21:23:06][INFO] jax_fem: CuDSSNewtonSolver: solve finished in 0.12s  res=1.696e-05
[06-30 21:23:06][DEBUG] jax_fem: CuDSSNewtonSolver: starting Newton loop
[06-30 21:23:06][DEBUG] jax_fem: DeviceProblem: computing Jacobian on device
[06-30 21:23:06][DEBUG] jax_fem: Function split_and_compute_cell took 0.0434 seconds
[06-30 21:23:06][DEBUG] jax_fem: CuDSSNewtonSolver: initial residual = 2.414e+08
[06-30 21:23:06][DEBUG] jax_fem: DeviceProblem: computing Jacobian on device
[06-30 21:23:06][DEBUG] jax_fem: Function split_and_compute_cell took 0.0371 seconds
[06-30 21:23:06][DEBUG] jax_fem: CuDSSNewtonSolver: iter=1  res=1.223e-05  rel=5.064e-14
[06-30 21:23:06][INFO] jax_fem: CuDSSNewtonSolver: solve finished in 0.12s  res=1.223e-05
[06-30 21:23:08][DEBUG] jax_fem: CuDSSNewtonSolver: starting Newton loop
[06-30 21:23:08][DEBUG] jax_fem: DeviceProblem: computing Jacobian on device
[06-30 21:23:08][DEBUG] jax_fem: Function split_and_compute_cell took 0.0281 seconds
[06-30 21:23:08][DEBUG] jax_fem: CuDSSNewtonSolver: initial residual = 2.427e+08
[06-30 21:23:08][DEBUG] jax_fem: DeviceProblem: computing Jacobian on device
[06-30 21:23:08][DEBUG] jax_fem: Function split_and_compute_cell took 0.0264 seconds
[06-30 21:23:08][DEBUG] jax_fem: CuDSSNewtonSolver: iter=1  res=1.643e-05  rel=6.768e-14
[06-30 21:23:08][INFO] jax_fem: CuDSSNewtonSolver: solve finished in 0.09s  res=1.643e-05
[06-30 21:23:08][DEBUG] jax_fem: CuDSSNewtonSolver: starting Newton loop
[06-30 21:23:08][DEBUG] jax_fem: DeviceProblem: computing Jacobian on device
[06-30 21:23:08][DEBUG] jax_fem: Function split_and_compute_cell took 0.0267 seconds
[06-30 21:23:08][DEBUG] jax_fem: CuDSSNewtonSolver: initial residual = 2.407e+08
[06-30 21:23:08][DEBUG] jax_fem: DeviceProblem: computing Jacobian on device
[06-30 21:23:08][DEBUG] jax_fem: Function split_and_compute_cell took 0.0248 seconds
[06-30 21:23:08][DEBUG] jax_fem: CuDSSNewtonSolver: iter=1  res=1.605e-05  rel=6.668e-14
[06-30 21:23:08][INFO] jax_fem: CuDSSNewtonSolver: solve finished in 0.09s  res=1.605e-05
[06-30 21:23:09][DEBUG] jax_fem: CuDSSNewtonSolver: starting Newton loop
[06-30 21:23:09][DEBUG] jax_fem: DeviceProblem: computing Jacobian on device
[06-30 21:23:09][DEBUG] jax_fem: Function split_and_compute_cell took 0.0249 seconds
[06-30 21:23:09][DEBUG] jax_fem: CuDSSNewtonSolver: initial residual = 2.401e+08
[06-30 21:23:09][DEBUG] jax_fem: DeviceProblem: computing Jacobian on device
[06-30 21:23:09][DEBUG] jax_fem: Function split_and_compute_cell took 0.0247 seconds
[06-30 21:23:09][DEBUG] jax_fem: CuDSSNewtonSolver: iter=1  res=1.804e-05  rel=7.513e-14
[06-30 21:23:09][INFO] jax_fem: CuDSSNewtonSolver: solve finished in 0.08s  res=1.804e-05
[06-30 21:23:09][DEBUG] jax_fem: CuDSSNewtonSolver: starting Newton loop
[06-30 21:23:09][DEBUG] jax_fem: DeviceProblem: computing Jacobian on device
[06-30 21:23:09][DEBUG] jax_fem: Function split_and_compute_cell took 0.0281 seconds
[06-30 21:23:09][DEBUG] jax_fem: CuDSSNewtonSolver: initial residual = 2.429e+08
[06-30 21:23:09][DEBUG] jax_fem: DeviceProblem: computing Jacobian on device
[06-30 21:23:09][DEBUG] jax_fem: Function split_and_compute_cell took 0.0249 seconds
[06-30 21:23:10][DEBUG] jax_fem: CuDSSNewtonSolver: iter=1  res=1.641e-05  rel=6.758e-14
[06-30 21:23:10][INFO] jax_fem: CuDSSNewtonSolver: solve finished in 0.09s  res=1.641e-05
[06-30 21:23:10][DEBUG] jax_fem: CuDSSNewtonSolver: starting Newton loop
[06-30 21:23:10][DEBUG] jax_fem: DeviceProblem: computing Jacobian on device
[06-30 21:23:10][DEBUG] jax_fem: Function split_and_compute_cell took 0.0250 seconds
[06-30 21:23:10][DEBUG] jax_fem: CuDSSNewtonSolver: initial residual = 2.414e+08
[06-30 21:23:10][DEBUG] jax_fem: DeviceProblem: computing Jacobian on device
[06-30 21:23:10][DEBUG] jax_fem: Function split_and_compute_cell took 0.0394 seconds
[06-30 21:23:10][DEBUG] jax_fem: CuDSSNewtonSolver: iter=1  res=1.168e-05  rel=4.839e-14
[06-30 21:23:10][INFO] jax_fem: CuDSSNewtonSolver: solve finished in 0.10s  res=1.168e-05
[06-30 21:23:10][INFO] jax_fem: CuDSS backward: solving adjoint problem …
[06-30 21:23:10][DEBUG] jax_fem: DeviceProblem: computing Jacobian on device
[06-30 21:23:10][DEBUG] jax_fem: Function split_and_compute_cell took 0.0254 seconds
[06-30 21:23:10][DEBUG] jax_fem: Computing cell residual...
[06-30 21:23:10][DEBUG] jax_fem: Function split_and_compute_cell took 0.0630 seconds
[06-30 21:23:11][INFO] jax_fem: CuDSS backward: solving adjoint problem …
[06-30 21:23:11][DEBUG] jax_fem: DeviceProblem: computing Jacobian on device
[06-30 21:23:11][DEBUG] jax_fem: Function split_and_compute_cell took 0.0254 seconds
[06-30 21:23:11][DEBUG] jax_fem: Computing cell residual...
[06-30 21:23:11][DEBUG] jax_fem: Function split_and_compute_cell took 0.0721 seconds
[06-30 21:23:11][INFO] jax_fem: CuDSS backward: solving adjoint problem …
[06-30 21:23:11][DEBUG] jax_fem: DeviceProblem: computing Jacobian on device
[06-30 21:23:11][DEBUG] jax_fem: Function split_and_compute_cell took 0.0399 seconds
[06-30 21:23:11][DEBUG] jax_fem: Computing cell residual...
[06-30 21:23:11][DEBUG] jax_fem: Function split_and_compute_cell took 0.0658 seconds
[06-30 21:23:11][INFO] jax_fem: CuDSS backward: solving adjoint problem …
[06-30 21:23:11][DEBUG] jax_fem: DeviceProblem: computing Jacobian on device
[06-30 21:23:11][DEBUG] jax_fem: Function split_and_compute_cell took 0.0444 seconds
[06-30 21:23:11][DEBUG] jax_fem: Computing cell residual...
[06-30 21:23:12][DEBUG] jax_fem: Function split_and_compute_cell took 0.0613 seconds
[06-30 21:23:12][INFO] jax_fem: CuDSS backward: solving adjoint problem …
[06-30 21:23:12][DEBUG] jax_fem: DeviceProblem: computing Jacobian on device
[06-30 21:23:12][DEBUG] jax_fem: Function split_and_compute_cell took 0.0345 seconds
[06-30 21:23:12][DEBUG] jax_fem: Computing cell residual...
[06-30 21:23:12][DEBUG] jax_fem: Function split_and_compute_cell took 0.0779 seconds
[06-30 21:23:13][DEBUG] jax_fem: CuDSSNewtonSolver: starting Newton loop
[06-30 21:23:13][DEBUG] jax_fem: DeviceProblem: computing Jacobian on device
[06-30 21:23:13][DEBUG] jax_fem: Function split_and_compute_cell took 0.0402 seconds
[06-30 21:23:13][DEBUG] jax_fem: CuDSSNewtonSolver: initial residual = 2.427e+08
[06-30 21:23:13][DEBUG] jax_fem: DeviceProblem: computing Jacobian on device
[06-30 21:23:13][DEBUG] jax_fem: Function split_and_compute_cell took 0.0336 seconds
[06-30 21:23:13][DEBUG] jax_fem: CuDSSNewtonSolver: iter=1  res=1.552e-05  rel=6.393e-14
[06-30 21:23:13][INFO] jax_fem: CuDSSNewtonSolver: solve finished in 0.12s  res=1.552e-05
[06-30 21:23:14][DEBUG] jax_fem: CuDSSNewtonSolver: starting Newton loop
[06-30 21:23:14][DEBUG] jax_fem: DeviceProblem: computing Jacobian on device
[06-30 21:23:14][DEBUG] jax_fem: Function split_and_compute_cell took 0.0335 seconds
[06-30 21:23:14][DEBUG] jax_fem: CuDSSNewtonSolver: initial residual = 2.407e+08
[06-30 21:23:14][DEBUG] jax_fem: DeviceProblem: computing Jacobian on device
[06-30 21:23:14][DEBUG] jax_fem: Function split_and_compute_cell took 0.0451 seconds
[06-30 21:23:14][DEBUG] jax_fem: CuDSSNewtonSolver: iter=1  res=1.606e-05  rel=6.674e-14
[06-30 21:23:14][INFO] jax_fem: CuDSSNewtonSolver: solve finished in 0.12s  res=1.606e-05
[06-30 21:23:14][DEBUG] jax_fem: CuDSSNewtonSolver: starting Newton loop
[06-30 21:23:14][DEBUG] jax_fem: DeviceProblem: computing Jacobian on device
[06-30 21:23:14][DEBUG] jax_fem: Function split_and_compute_cell took 0.0476 seconds
[06-30 21:23:14][DEBUG] jax_fem: CuDSSNewtonSolver: initial residual = 2.401e+08
[06-30 21:23:14][DEBUG] jax_fem: DeviceProblem: computing Jacobian on device
[06-30 21:23:14][DEBUG] jax_fem: Function split_and_compute_cell took 0.0437 seconds
[06-30 21:23:14][DEBUG] jax_fem: CuDSSNewtonSolver: iter=1  res=1.781e-05  rel=7.420e-14
[06-30 21:23:14][INFO] jax_fem: CuDSSNewtonSolver: solve finished in 0.13s  res=1.781e-05
[06-30 21:23:14][DEBUG] jax_fem: CuDSSNewtonSolver: starting Newton loop
[06-30 21:23:15][DEBUG] jax_fem: DeviceProblem: computing Jacobian on device
[06-30 21:23:15][DEBUG] jax_fem: Function split_and_compute_cell took 0.0404 seconds
[06-30 21:23:15][DEBUG] jax_fem: CuDSSNewtonSolver: initial residual = 2.429e+08
[06-30 21:23:15][DEBUG] jax_fem: DeviceProblem: computing Jacobian on device
[06-30 21:23:15][DEBUG] jax_fem: Function split_and_compute_cell took 0.0448 seconds
[06-30 21:23:15][DEBUG] jax_fem: CuDSSNewtonSolver: iter=1  res=1.606e-05  rel=6.613e-14
[06-30 21:23:15][INFO] jax_fem: CuDSSNewtonSolver: solve finished in 0.13s  res=1.606e-05
[06-30 21:23:15][DEBUG] jax_fem: CuDSSNewtonSolver: starting Newton loop
[06-30 21:23:15][DEBUG] jax_fem: DeviceProblem: computing Jacobian on device
[06-30 21:23:15][DEBUG] jax_fem: Function split_and_compute_cell took 0.0353 seconds
[06-30 21:23:15][DEBUG] jax_fem: CuDSSNewtonSolver: initial residual = 2.414e+08
[06-30 21:23:15][DEBUG] jax_fem: DeviceProblem: computing Jacobian on device
[06-30 21:23:15][DEBUG] jax_fem: Function split_and_compute_cell took 0.0355 seconds
[06-30 21:23:15][DEBUG] jax_fem: CuDSSNewtonSolver: iter=1  res=1.175e-05  rel=4.868e-14
[06-30 21:23:15][INFO] jax_fem: CuDSSNewtonSolver: solve finished in 0.11s  res=1.175e-05
[06-30 21:23:17][DEBUG] jax_fem: CuDSSNewtonSolver: starting Newton loop
[06-30 21:23:17][DEBUG] jax_fem: DeviceProblem: computing Jacobian on device
[06-30 21:23:17][DEBUG] jax_fem: Function split_and_compute_cell took 0.0263 seconds
[06-30 21:23:17][DEBUG] jax_fem: CuDSSNewtonSolver: initial residual = 2.427e+08
[06-30 21:23:17][DEBUG] jax_fem: DeviceProblem: computing Jacobian on device
[06-30 21:23:17][DEBUG] jax_fem: Function split_and_compute_cell took 0.0254 seconds
[06-30 21:23:17][DEBUG] jax_fem: CuDSSNewtonSolver: iter=1  res=1.601e-05  rel=6.599e-14
[06-30 21:23:17][INFO] jax_fem: CuDSSNewtonSolver: solve finished in 0.09s  res=1.601e-05
[06-30 21:23:17][DEBUG] jax_fem: CuDSSNewtonSolver: starting Newton loop
[06-30 21:23:17][DEBUG] jax_fem: DeviceProblem: computing Jacobian on device
[06-30 21:23:17][DEBUG] jax_fem: Function split_and_compute_cell took 0.0264 seconds
[06-30 21:23:17][DEBUG] jax_fem: CuDSSNewtonSolver: initial residual = 2.407e+08
[06-30 21:23:17][DEBUG] jax_fem: DeviceProblem: computing Jacobian on device
[06-30 21:23:17][DEBUG] jax_fem: Function split_and_compute_cell took 0.0260 seconds
[06-30 21:23:17][DEBUG] jax_fem: CuDSSNewtonSolver: iter=1  res=1.617e-05  rel=6.717e-14
[06-30 21:23:17][INFO] jax_fem: CuDSSNewtonSolver: solve finished in 0.09s  res=1.617e-05
[06-30 21:23:18][DEBUG] jax_fem: CuDSSNewtonSolver: starting Newton loop
[06-30 21:23:18][DEBUG] jax_fem: DeviceProblem: computing Jacobian on device
[06-30 21:23:18][DEBUG] jax_fem: Function split_and_compute_cell took 0.0263 seconds
[06-30 21:23:18][DEBUG] jax_fem: CuDSSNewtonSolver: initial residual = 2.401e+08
[06-30 21:23:18][DEBUG] jax_fem: DeviceProblem: computing Jacobian on device
[06-30 21:23:18][DEBUG] jax_fem: Function split_and_compute_cell took 0.0270 seconds
[06-30 21:23:18][DEBUG] jax_fem: CuDSSNewtonSolver: iter=1  res=1.694e-05  rel=7.056e-14
[06-30 21:23:18][INFO] jax_fem: CuDSSNewtonSolver: solve finished in 0.09s  res=1.694e-05
[06-30 21:23:19][DEBUG] jax_fem: CuDSSNewtonSolver: starting Newton loop
[06-30 21:23:19][DEBUG] jax_fem: DeviceProblem: computing Jacobian on device
[06-30 21:23:19][DEBUG] jax_fem: Function split_and_compute_cell took 0.0256 seconds
[06-30 21:23:19][DEBUG] jax_fem: CuDSSNewtonSolver: initial residual = 2.429e+08
[06-30 21:23:19][DEBUG] jax_fem: DeviceProblem: computing Jacobian on device
[06-30 21:23:19][DEBUG] jax_fem: Function split_and_compute_cell took 0.0268 seconds
[06-30 21:23:19][DEBUG] jax_fem: CuDSSNewtonSolver: iter=1  res=1.606e-05  rel=6.613e-14
[06-30 21:23:19][INFO] jax_fem: CuDSSNewtonSolver: solve finished in 0.09s  res=1.606e-05
[06-30 21:23:19][DEBUG] jax_fem: CuDSSNewtonSolver: starting Newton loop
[06-30 21:23:19][DEBUG] jax_fem: DeviceProblem: computing Jacobian on device
[06-30 21:23:19][DEBUG] jax_fem: Function split_and_compute_cell took 0.0270 seconds
[06-30 21:23:19][DEBUG] jax_fem: CuDSSNewtonSolver: initial residual = 2.414e+08
[06-30 21:23:19][DEBUG] jax_fem: DeviceProblem: computing Jacobian on device
[06-30 21:23:19][DEBUG] jax_fem: Function split_and_compute_cell took 0.0266 seconds
[06-30 21:23:19][DEBUG] jax_fem: CuDSSNewtonSolver: iter=1  res=1.190e-05  rel=4.927e-14
[06-30 21:23:19][INFO] jax_fem: CuDSSNewtonSolver: solve finished in 0.09s  res=1.190e-05
[06-30 21:23:19][INFO] jax_fem: CuDSS backward: solving adjoint problem …
[06-30 21:23:19][DEBUG] jax_fem: DeviceProblem: computing Jacobian on device
[06-30 21:23:19][DEBUG] jax_fem: Function split_and_compute_cell took 0.0413 seconds
[06-30 21:23:19][DEBUG] jax_fem: Computing cell residual...
[06-30 21:23:19][DEBUG] jax_fem: Function split_and_compute_cell took 0.0613 seconds
[06-30 21:23:20][INFO] jax_fem: CuDSS backward: solving adjoint problem …
[06-30 21:23:20][DEBUG] jax_fem: DeviceProblem: computing Jacobian on device
[06-30 21:23:20][DEBUG] jax_fem: Function split_and_compute_cell took 0.0245 seconds
[06-30 21:23:20][DEBUG] jax_fem: Computing cell residual...
[06-30 21:23:20][DEBUG] jax_fem: Function split_and_compute_cell took 0.0536 seconds
[06-30 21:23:20][INFO] jax_fem: CuDSS backward: solving adjoint problem …
[06-30 21:23:20][DEBUG] jax_fem: DeviceProblem: computing Jacobian on device
[06-30 21:23:20][DEBUG] jax_fem: Function split_and_compute_cell took 0.0309 seconds
[06-30 21:23:20][DEBUG] jax_fem: Computing cell residual...
[06-30 21:23:20][DEBUG] jax_fem: Function split_and_compute_cell took 0.0522 seconds
[06-30 21:23:20][INFO] jax_fem: CuDSS backward: solving adjoint problem …
[06-30 21:23:20][DEBUG] jax_fem: DeviceProblem: computing Jacobian on device
[06-30 21:23:20][DEBUG] jax_fem: Function split_and_compute_cell took 0.0304 seconds
[06-30 21:23:20][DEBUG] jax_fem: Computing cell residual...
[06-30 21:23:21][DEBUG] jax_fem: Function split_and_compute_cell took 0.0551 seconds
[06-30 21:23:21][INFO] jax_fem: CuDSS backward: solving adjoint problem …
[06-30 21:23:21][DEBUG] jax_fem: DeviceProblem: computing Jacobian on device
[06-30 21:23:21][DEBUG] jax_fem: Function split_and_compute_cell took 0.0242 seconds
[06-30 21:23:21][DEBUG] jax_fem: Computing cell residual...
[06-30 21:23:21][DEBUG] jax_fem: Function split_and_compute_cell took 0.0639 seconds
[06-30 21:23:22][DEBUG] jax_fem: CuDSSNewtonSolver: starting Newton loop
[06-30 21:23:22][DEBUG] jax_fem: DeviceProblem: computing Jacobian on device
[06-30 21:23:22][DEBUG] jax_fem: Function split_and_compute_cell took 0.0480 seconds
[06-30 21:23:22][DEBUG] jax_fem: CuDSSNewtonSolver: initial residual = 2.427e+08
[06-30 21:23:22][DEBUG] jax_fem: DeviceProblem: computing Jacobian on device
[06-30 21:23:23][DEBUG] jax_fem: Function split_and_compute_cell took 0.0415 seconds
[06-30 21:23:23][DEBUG] jax_fem: CuDSSNewtonSolver: iter=1  res=1.628e-05  rel=6.709e-14
[06-30 21:23:23][INFO] jax_fem: CuDSSNewtonSolver: solve finished in 0.13s  res=1.628e-05
[06-30 21:23:23][DEBUG] jax_fem: CuDSSNewtonSolver: starting Newton loop
[06-30 21:23:23][DEBUG] jax_fem: DeviceProblem: computing Jacobian on device
[06-30 21:23:23][DEBUG] jax_fem: Function split_and_compute_cell took 0.0430 seconds
[06-30 21:23:23][DEBUG] jax_fem: CuDSSNewtonSolver: initial residual = 2.407e+08
[06-30 21:23:23][DEBUG] jax_fem: DeviceProblem: computing Jacobian on device
[06-30 21:23:23][DEBUG] jax_fem: Function split_and_compute_cell took 0.0408 seconds
[06-30 21:23:23][DEBUG] jax_fem: CuDSSNewtonSolver: iter=1  res=1.659e-05  rel=6.892e-14
[06-30 21:23:23][INFO] jax_fem: CuDSSNewtonSolver: solve finished in 0.13s  res=1.659e-05
[06-30 21:23:23][DEBUG] jax_fem: CuDSSNewtonSolver: starting Newton loop
[06-30 21:23:23][DEBUG] jax_fem: DeviceProblem: computing Jacobian on device
[06-30 21:23:23][DEBUG] jax_fem: Function split_and_compute_cell took 0.0281 seconds
[06-30 21:23:23][DEBUG] jax_fem: CuDSSNewtonSolver: initial residual = 2.401e+08
[06-30 21:23:23][DEBUG] jax_fem: DeviceProblem: computing Jacobian on device
[06-30 21:23:23][DEBUG] jax_fem: Function split_and_compute_cell took 0.0368 seconds
[06-30 21:23:23][DEBUG] jax_fem: CuDSSNewtonSolver: iter=1  res=1.670e-05  rel=6.958e-14
[06-30 21:23:23][INFO] jax_fem: CuDSSNewtonSolver: solve finished in 0.10s  res=1.670e-05
[06-30 21:23:23][DEBUG] jax_fem: CuDSSNewtonSolver: starting Newton loop
[06-30 21:23:23][DEBUG] jax_fem: DeviceProblem: computing Jacobian on device
[06-30 21:23:24][DEBUG] jax_fem: Function split_and_compute_cell took 0.0231 seconds
[06-30 21:23:24][DEBUG] jax_fem: CuDSSNewtonSolver: initial residual = 2.429e+08
[06-30 21:23:24][DEBUG] jax_fem: DeviceProblem: computing Jacobian on device
[06-30 21:23:24][DEBUG] jax_fem: Function split_and_compute_cell took 0.0254 seconds
[06-30 21:23:24][DEBUG] jax_fem: CuDSSNewtonSolver: iter=1  res=1.572e-05  rel=6.472e-14
[06-30 21:23:24][INFO] jax_fem: CuDSSNewtonSolver: solve finished in 0.09s  res=1.572e-05
[06-30 21:23:24][DEBUG] jax_fem: CuDSSNewtonSolver: starting Newton loop
[06-30 21:23:24][DEBUG] jax_fem: DeviceProblem: computing Jacobian on device
[06-30 21:23:24][DEBUG] jax_fem: Function split_and_compute_cell took 0.0364 seconds
[06-30 21:23:24][DEBUG] jax_fem: CuDSSNewtonSolver: initial residual = 2.414e+08
[06-30 21:23:24][DEBUG] jax_fem: DeviceProblem: computing Jacobian on device
[06-30 21:23:24][DEBUG] jax_fem: Function split_and_compute_cell took 0.0517 seconds
[06-30 21:23:24][DEBUG] jax_fem: CuDSSNewtonSolver: iter=1  res=1.210e-05  rel=5.013e-14
[06-30 21:23:24][INFO] jax_fem: CuDSSNewtonSolver: solve finished in 0.12s  res=1.210e-05
[06-30 21:23:26][DEBUG] jax_fem: CuDSSNewtonSolver: starting Newton loop
[06-30 21:23:26][DEBUG] jax_fem: DeviceProblem: computing Jacobian on device
[06-30 21:23:26][DEBUG] jax_fem: Function split_and_compute_cell took 0.0264 seconds
[06-30 21:23:26][DEBUG] jax_fem: CuDSSNewtonSolver: initial residual = 2.427e+08
[06-30 21:23:26][DEBUG] jax_fem: DeviceProblem: computing Jacobian on device
[06-30 21:23:26][DEBUG] jax_fem: Function split_and_compute_cell took 0.0286 seconds
[06-30 21:23:26][DEBUG] jax_fem: CuDSSNewtonSolver: iter=1  res=1.579e-05  rel=6.504e-14
[06-30 21:23:26][INFO] jax_fem: CuDSSNewtonSolver: solve finished in 0.09s  res=1.579e-05
[06-30 21:23:26][DEBUG] jax_fem: CuDSSNewtonSolver: starting Newton loop
[06-30 21:23:26][DEBUG] jax_fem: DeviceProblem: computing Jacobian on device
[06-30 21:23:26][DEBUG] jax_fem: Function split_and_compute_cell took 0.0275 seconds
[06-30 21:23:26][DEBUG] jax_fem: CuDSSNewtonSolver: initial residual = 2.407e+08
[06-30 21:23:26][DEBUG] jax_fem: DeviceProblem: computing Jacobian on device
[06-30 21:23:26][DEBUG] jax_fem: Function split_and_compute_cell took 0.0259 seconds
[06-30 21:23:26][DEBUG] jax_fem: CuDSSNewtonSolver: iter=1  res=1.541e-05  rel=6.400e-14
[06-30 21:23:26][INFO] jax_fem: CuDSSNewtonSolver: solve finished in 0.09s  res=1.541e-05
[06-30 21:23:27][DEBUG] jax_fem: CuDSSNewtonSolver: starting Newton loop
[06-30 21:23:27][DEBUG] jax_fem: DeviceProblem: computing Jacobian on device
[06-30 21:23:27][DEBUG] jax_fem: Function split_and_compute_cell took 0.0262 seconds
[06-30 21:23:27][DEBUG] jax_fem: CuDSSNewtonSolver: initial residual = 2.401e+08
[06-30 21:23:27][DEBUG] jax_fem: DeviceProblem: computing Jacobian on device
[06-30 21:23:27][DEBUG] jax_fem: Function split_and_compute_cell took 0.0265 seconds
[06-30 21:23:27][DEBUG] jax_fem: CuDSSNewtonSolver: iter=1  res=1.781e-05  rel=7.420e-14
[06-30 21:23:27][INFO] jax_fem: CuDSSNewtonSolver: solve finished in 0.09s  res=1.781e-05
[06-30 21:23:28][DEBUG] jax_fem: CuDSSNewtonSolver: starting Newton loop
[06-30 21:23:28][DEBUG] jax_fem: DeviceProblem: computing Jacobian on device
[06-30 21:23:28][DEBUG] jax_fem: Function split_and_compute_cell took 0.0259 seconds
[06-30 21:23:28][DEBUG] jax_fem: CuDSSNewtonSolver: initial residual = 2.429e+08
[06-30 21:23:28][DEBUG] jax_fem: DeviceProblem: computing Jacobian on device
[06-30 21:23:28][DEBUG] jax_fem: Function split_and_compute_cell took 0.0265 seconds
[06-30 21:23:28][DEBUG] jax_fem: CuDSSNewtonSolver: iter=1  res=1.605e-05  rel=6.609e-14
[06-30 21:23:28][INFO] jax_fem: CuDSSNewtonSolver: solve finished in 0.09s  res=1.605e-05
[06-30 21:23:28][DEBUG] jax_fem: CuDSSNewtonSolver: starting Newton loop
[06-30 21:23:28][DEBUG] jax_fem: DeviceProblem: computing Jacobian on device
[06-30 21:23:28][DEBUG] jax_fem: Function split_and_compute_cell took 0.0270 seconds
[06-30 21:23:28][DEBUG] jax_fem: CuDSSNewtonSolver: initial residual = 2.414e+08
[06-30 21:23:28][DEBUG] jax_fem: DeviceProblem: computing Jacobian on device
[06-30 21:23:28][DEBUG] jax_fem: Function split_and_compute_cell took 0.0255 seconds
[06-30 21:23:28][DEBUG] jax_fem: CuDSSNewtonSolver: iter=1  res=1.124e-05  rel=4.656e-14
[06-30 21:23:28][INFO] jax_fem: CuDSSNewtonSolver: solve finished in 0.09s  res=1.124e-05
[06-30 21:23:28][INFO] jax_fem: CuDSS backward: solving adjoint problem …
[06-30 21:23:28][DEBUG] jax_fem: DeviceProblem: computing Jacobian on device
[06-30 21:23:28][DEBUG] jax_fem: Function split_and_compute_cell took 0.0425 seconds
[06-30 21:23:28][DEBUG] jax_fem: Computing cell residual...
[06-30 21:23:28][DEBUG] jax_fem: Function split_and_compute_cell took 0.0711 seconds
[06-30 21:23:29][INFO] jax_fem: CuDSS backward: solving adjoint problem …
[06-30 21:23:29][DEBUG] jax_fem: DeviceProblem: computing Jacobian on device
[06-30 21:23:29][DEBUG] jax_fem: Function split_and_compute_cell took 0.0384 seconds
[06-30 21:23:29][DEBUG] jax_fem: Computing cell residual...
[06-30 21:23:29][DEBUG] jax_fem: Function split_and_compute_cell took 0.0578 seconds
[06-30 21:23:29][INFO] jax_fem: CuDSS backward: solving adjoint problem …
[06-30 21:23:29][DEBUG] jax_fem: DeviceProblem: computing Jacobian on device
[06-30 21:23:29][DEBUG] jax_fem: Function split_and_compute_cell took 0.0295 seconds
[06-30 21:23:29][DEBUG] jax_fem: Computing cell residual...
[06-30 21:23:29][DEBUG] jax_fem: Function split_and_compute_cell took 0.0718 seconds
[06-30 21:23:30][INFO] jax_fem: CuDSS backward: solving adjoint problem …
[06-30 21:23:30][DEBUG] jax_fem: DeviceProblem: computing Jacobian on device
[06-30 21:23:30][DEBUG] jax_fem: Function split_and_compute_cell took 0.0339 seconds
[06-30 21:23:30][DEBUG] jax_fem: Computing cell residual...
[06-30 21:23:30][DEBUG] jax_fem: Function split_and_compute_cell took 0.0593 seconds
[06-30 21:23:30][INFO] jax_fem: CuDSS backward: solving adjoint problem …
[06-30 21:23:30][DEBUG] jax_fem: DeviceProblem: computing Jacobian on device
[06-30 21:23:30][DEBUG] jax_fem: Function split_and_compute_cell took 0.0364 seconds
[06-30 21:23:30][DEBUG] jax_fem: Computing cell residual...
[06-30 21:23:30][DEBUG] jax_fem: Function split_and_compute_cell took 0.0655 seconds
[06-30 21:23:32][DEBUG] jax_fem: CuDSSNewtonSolver: starting Newton loop
[06-30 21:23:32][DEBUG] jax_fem: DeviceProblem: computing Jacobian on device
[06-30 21:23:32][DEBUG] jax_fem: Function split_and_compute_cell took 0.0341 seconds
[06-30 21:23:32][DEBUG] jax_fem: CuDSSNewtonSolver: initial residual = 2.427e+08
[06-30 21:23:32][DEBUG] jax_fem: DeviceProblem: computing Jacobian on device
[06-30 21:23:32][DEBUG] jax_fem: Function split_and_compute_cell took 0.0437 seconds
[06-30 21:23:32][DEBUG] jax_fem: CuDSSNewtonSolver: iter=1  res=1.576e-05  rel=6.496e-14
[06-30 21:23:32][INFO] jax_fem: CuDSSNewtonSolver: solve finished in 0.12s  res=1.576e-05
[06-30 21:23:32][DEBUG] jax_fem: CuDSSNewtonSolver: starting Newton loop
[06-30 21:23:32][DEBUG] jax_fem: DeviceProblem: computing Jacobian on device
[06-30 21:23:32][DEBUG] jax_fem: Function split_and_compute_cell took 0.0569 seconds
[06-30 21:23:32][DEBUG] jax_fem: CuDSSNewtonSolver: initial residual = 2.407e+08
[06-30 21:23:32][DEBUG] jax_fem: DeviceProblem: computing Jacobian on device
[06-30 21:23:32][DEBUG] jax_fem: Function split_and_compute_cell took 0.0598 seconds
[06-30 21:23:32][DEBUG] jax_fem: CuDSSNewtonSolver: iter=1  res=1.677e-05  rel=6.966e-14
[06-30 21:23:32][INFO] jax_fem: CuDSSNewtonSolver: solve finished in 0.16s  res=1.677e-05
[06-30 21:23:32][DEBUG] jax_fem: CuDSSNewtonSolver: starting Newton loop
[06-30 21:23:32][DEBUG] jax_fem: DeviceProblem: computing Jacobian on device
[06-30 21:23:32][DEBUG] jax_fem: Function split_and_compute_cell took 0.0293 seconds
[06-30 21:23:32][DEBUG] jax_fem: CuDSSNewtonSolver: initial residual = 2.401e+08
[06-30 21:23:32][DEBUG] jax_fem: DeviceProblem: computing Jacobian on device
[06-30 21:23:32][DEBUG] jax_fem: Function split_and_compute_cell took 0.0296 seconds
[06-30 21:23:32][DEBUG] jax_fem: CuDSSNewtonSolver: iter=1  res=1.733e-05  rel=7.218e-14
[06-30 21:23:32][INFO] jax_fem: CuDSSNewtonSolver: solve finished in 0.10s  res=1.733e-05
[06-30 21:23:33][DEBUG] jax_fem: CuDSSNewtonSolver: starting Newton loop
[06-30 21:23:33][DEBUG] jax_fem: DeviceProblem: computing Jacobian on device
[06-30 21:23:33][DEBUG] jax_fem: Function split_and_compute_cell took 0.0457 seconds
[06-30 21:23:33][DEBUG] jax_fem: CuDSSNewtonSolver: initial residual = 2.429e+08
[06-30 21:23:33][DEBUG] jax_fem: DeviceProblem: computing Jacobian on device
[06-30 21:23:33][DEBUG] jax_fem: Function split_and_compute_cell took 0.0326 seconds
[06-30 21:23:33][DEBUG] jax_fem: CuDSSNewtonSolver: iter=1  res=1.671e-05  rel=6.882e-14
[06-30 21:23:33][INFO] jax_fem: CuDSSNewtonSolver: solve finished in 0.12s  res=1.671e-05
[06-30 21:23:33][DEBUG] jax_fem: CuDSSNewtonSolver: starting Newton loop
[06-30 21:23:33][DEBUG] jax_fem: DeviceProblem: computing Jacobian on device
[06-30 21:23:33][DEBUG] jax_fem: Function split_and_compute_cell took 0.0270 seconds
[06-30 21:23:33][DEBUG] jax_fem: CuDSSNewtonSolver: initial residual = 2.414e+08
[06-30 21:23:33][DEBUG] jax_fem: DeviceProblem: computing Jacobian on device
[06-30 21:23:33][DEBUG] jax_fem: Function split_and_compute_cell took 0.0428 seconds
[06-30 21:23:33][DEBUG] jax_fem: CuDSSNewtonSolver: iter=1  res=1.193e-05  rel=4.939e-14
[06-30 21:23:33][INFO] jax_fem: CuDSSNewtonSolver: solve finished in 0.10s  res=1.193e-05
[06-30 21:23:35][DEBUG] jax_fem: CuDSSNewtonSolver: starting Newton loop
[06-30 21:23:35][DEBUG] jax_fem: DeviceProblem: computing Jacobian on device
[06-30 21:23:35][DEBUG] jax_fem: Function split_and_compute_cell took 0.0268 seconds
[06-30 21:23:35][DEBUG] jax_fem: CuDSSNewtonSolver: initial residual = 2.427e+08
[06-30 21:23:35][DEBUG] jax_fem: DeviceProblem: computing Jacobian on device
[06-30 21:23:35][DEBUG] jax_fem: Function split_and_compute_cell took 0.0272 seconds
[06-30 21:23:35][DEBUG] jax_fem: CuDSSNewtonSolver: iter=1  res=1.556e-05  rel=6.412e-14
[06-30 21:23:35][INFO] jax_fem: CuDSSNewtonSolver: solve finished in 0.09s  res=1.556e-05
[06-30 21:23:35][DEBUG] jax_fem: CuDSSNewtonSolver: starting Newton loop
[06-30 21:23:35][DEBUG] jax_fem: DeviceProblem: computing Jacobian on device
[06-30 21:23:36][DEBUG] jax_fem: Function split_and_compute_cell took 0.0259 seconds
[06-30 21:23:36][DEBUG] jax_fem: CuDSSNewtonSolver: initial residual = 2.407e+08
[06-30 21:23:36][DEBUG] jax_fem: DeviceProblem: computing Jacobian on device
[06-30 21:23:36][DEBUG] jax_fem: Function split_and_compute_cell took 0.0268 seconds
[06-30 21:23:36][DEBUG] jax_fem: CuDSSNewtonSolver: iter=1  res=1.693e-05  rel=7.033e-14
[06-30 21:23:36][INFO] jax_fem: CuDSSNewtonSolver: solve finished in 0.09s  res=1.693e-05
[06-30 21:23:36][DEBUG] jax_fem: CuDSSNewtonSolver: starting Newton loop
[06-30 21:23:36][DEBUG] jax_fem: DeviceProblem: computing Jacobian on device
[06-30 21:23:36][DEBUG] jax_fem: Function split_and_compute_cell took 0.0269 seconds
[06-30 21:23:36][DEBUG] jax_fem: CuDSSNewtonSolver: initial residual = 2.401e+08
[06-30 21:23:36][DEBUG] jax_fem: DeviceProblem: computing Jacobian on device
[06-30 21:23:36][DEBUG] jax_fem: Function split_and_compute_cell took 0.0277 seconds
[06-30 21:23:36][DEBUG] jax_fem: CuDSSNewtonSolver: iter=1  res=1.768e-05  rel=7.366e-14
[06-30 21:23:36][INFO] jax_fem: CuDSSNewtonSolver: solve finished in 0.09s  res=1.768e-05
[06-30 21:23:37][DEBUG] jax_fem: CuDSSNewtonSolver: starting Newton loop
[06-30 21:23:37][DEBUG] jax_fem: DeviceProblem: computing Jacobian on device
[06-30 21:23:37][DEBUG] jax_fem: Function split_and_compute_cell took 0.0249 seconds
[06-30 21:23:37][DEBUG] jax_fem: CuDSSNewtonSolver: initial residual = 2.429e+08
[06-30 21:23:37][DEBUG] jax_fem: DeviceProblem: computing Jacobian on device
[06-30 21:23:37][DEBUG] jax_fem: Function split_and_compute_cell took 0.0265 seconds
[06-30 21:23:37][DEBUG] jax_fem: CuDSSNewtonSolver: iter=1  res=1.572e-05  rel=6.473e-14
[06-30 21:23:37][INFO] jax_fem: CuDSSNewtonSolver: solve finished in 0.09s  res=1.572e-05
[06-30 21:23:37][DEBUG] jax_fem: CuDSSNewtonSolver: starting Newton loop
[06-30 21:23:37][DEBUG] jax_fem: DeviceProblem: computing Jacobian on device
[06-30 21:23:37][DEBUG] jax_fem: Function split_and_compute_cell took 0.0248 seconds
[06-30 21:23:37][DEBUG] jax_fem: CuDSSNewtonSolver: initial residual = 2.414e+08
[06-30 21:23:37][DEBUG] jax_fem: DeviceProblem: computing Jacobian on device
[06-30 21:23:37][DEBUG] jax_fem: Function split_and_compute_cell took 0.0267 seconds
[06-30 21:23:37][DEBUG] jax_fem: CuDSSNewtonSolver: iter=1  res=1.215e-05  rel=5.033e-14
[06-30 21:23:37][INFO] jax_fem: CuDSSNewtonSolver: solve finished in 0.09s  res=1.215e-05
[06-30 21:23:37][INFO] jax_fem: CuDSS backward: solving adjoint problem …
[06-30 21:23:37][DEBUG] jax_fem: DeviceProblem: computing Jacobian on device
[06-30 21:23:37][DEBUG] jax_fem: Function split_and_compute_cell took 0.0250 seconds
[06-30 21:23:38][DEBUG] jax_fem: Computing cell residual...
[06-30 21:23:38][DEBUG] jax_fem: Function split_and_compute_cell took 0.0720 seconds
[06-30 21:23:38][INFO] jax_fem: CuDSS backward: solving adjoint problem …
[06-30 21:23:38][DEBUG] jax_fem: DeviceProblem: computing Jacobian on device
[06-30 21:23:38][DEBUG] jax_fem: Function split_and_compute_cell took 0.0333 seconds
[06-30 21:23:38][DEBUG] jax_fem: Computing cell residual...
[06-30 21:23:38][DEBUG] jax_fem: Function split_and_compute_cell took 0.0662 seconds
[06-30 21:23:38][INFO] jax_fem: CuDSS backward: solving adjoint problem …
[06-30 21:23:38][DEBUG] jax_fem: DeviceProblem: computing Jacobian on device
[06-30 21:23:38][DEBUG] jax_fem: Function split_and_compute_cell took 0.0361 seconds
[06-30 21:23:38][DEBUG] jax_fem: Computing cell residual...
[06-30 21:23:39][DEBUG] jax_fem: Function split_and_compute_cell took 0.0701 seconds
[06-30 21:23:39][INFO] jax_fem: CuDSS backward: solving adjoint problem …
[06-30 21:23:39][DEBUG] jax_fem: DeviceProblem: computing Jacobian on device
[06-30 21:23:39][DEBUG] jax_fem: Function split_and_compute_cell took 0.0330 seconds
[06-30 21:23:39][DEBUG] jax_fem: Computing cell residual...
[06-30 21:23:39][DEBUG] jax_fem: Function split_and_compute_cell took 0.0821 seconds
[06-30 21:23:39][INFO] jax_fem: CuDSS backward: solving adjoint problem …
[06-30 21:23:39][DEBUG] jax_fem: DeviceProblem: computing Jacobian on device
[06-30 21:23:39][DEBUG] jax_fem: Function split_and_compute_cell took 0.0380 seconds
[06-30 21:23:39][DEBUG] jax_fem: Computing cell residual...
[06-30 21:23:39][DEBUG] jax_fem: Function split_and_compute_cell took 0.0652 seconds
[06-30 21:23:41][DEBUG] jax_fem: CuDSSNewtonSolver: starting Newton loop
[06-30 21:23:41][DEBUG] jax_fem: DeviceProblem: computing Jacobian on device
[06-30 21:23:41][DEBUG] jax_fem: Function split_and_compute_cell took 0.0321 seconds
[06-30 21:23:41][DEBUG] jax_fem: CuDSSNewtonSolver: initial residual = 2.427e+08
[06-30 21:23:41][DEBUG] jax_fem: DeviceProblem: computing Jacobian on device
[06-30 21:23:41][DEBUG] jax_fem: Function split_and_compute_cell took 0.0356 seconds
[06-30 21:23:41][DEBUG] jax_fem: CuDSSNewtonSolver: iter=1  res=1.601e-05  rel=6.595e-14
[06-30 21:23:41][INFO] jax_fem: CuDSSNewtonSolver: solve finished in 0.11s  res=1.601e-05
[06-30 21:23:41][DEBUG] jax_fem: CuDSSNewtonSolver: starting Newton loop
[06-30 21:23:41][DEBUG] jax_fem: DeviceProblem: computing Jacobian on device
[06-30 21:23:41][DEBUG] jax_fem: Function split_and_compute_cell took 0.0379 seconds
[06-30 21:23:41][DEBUG] jax_fem: CuDSSNewtonSolver: initial residual = 2.407e+08
[06-30 21:23:41][DEBUG] jax_fem: DeviceProblem: computing Jacobian on device
[06-30 21:23:41][DEBUG] jax_fem: Function split_and_compute_cell took 0.0464 seconds
[06-30 21:23:41][DEBUG] jax_fem: CuDSSNewtonSolver: iter=1  res=1.582e-05  rel=6.574e-14
[06-30 21:23:41][INFO] jax_fem: CuDSSNewtonSolver: solve finished in 0.12s  res=1.582e-05
[06-30 21:23:42][DEBUG] jax_fem: CuDSSNewtonSolver: starting Newton loop
[06-30 21:23:42][DEBUG] jax_fem: DeviceProblem: computing Jacobian on device
[06-30 21:23:42][DEBUG] jax_fem: Function split_and_compute_cell took 0.0326 seconds
[06-30 21:23:42][DEBUG] jax_fem: CuDSSNewtonSolver: initial residual = 2.401e+08
[06-30 21:23:42][DEBUG] jax_fem: DeviceProblem: computing Jacobian on device
[06-30 21:23:42][DEBUG] jax_fem: Function split_and_compute_cell took 0.0331 seconds
[06-30 21:23:42][DEBUG] jax_fem: CuDSSNewtonSolver: iter=1  res=1.771e-05  rel=7.379e-14
[06-30 21:23:42][INFO] jax_fem: CuDSSNewtonSolver: solve finished in 0.11s  res=1.771e-05
[06-30 21:23:42][DEBUG] jax_fem: CuDSSNewtonSolver: starting Newton loop
[06-30 21:23:42][DEBUG] jax_fem: DeviceProblem: computing Jacobian on device
[06-30 21:23:42][DEBUG] jax_fem: Function split_and_compute_cell took 0.0308 seconds
[06-30 21:23:42][DEBUG] jax_fem: CuDSSNewtonSolver: initial residual = 2.429e+08
[06-30 21:23:42][DEBUG] jax_fem: DeviceProblem: computing Jacobian on device
[06-30 21:23:42][DEBUG] jax_fem: Function split_and_compute_cell took 0.0261 seconds
[06-30 21:23:42][DEBUG] jax_fem: CuDSSNewtonSolver: iter=1  res=1.682e-05  rel=6.928e-14
[06-30 21:23:42][INFO] jax_fem: CuDSSNewtonSolver: solve finished in 0.10s  res=1.682e-05
[06-30 21:23:42][DEBUG] jax_fem: CuDSSNewtonSolver: starting Newton loop
[06-30 21:23:42][DEBUG] jax_fem: DeviceProblem: computing Jacobian on device
[06-30 21:23:42][DEBUG] jax_fem: Function split_and_compute_cell took 0.0392 seconds
[06-30 21:23:42][DEBUG] jax_fem: CuDSSNewtonSolver: initial residual = 2.414e+08
[06-30 21:23:42][DEBUG] jax_fem: DeviceProblem: computing Jacobian on device
[06-30 21:23:42][DEBUG] jax_fem: Function split_and_compute_cell took 0.0380 seconds
[06-30 21:23:42][DEBUG] jax_fem: CuDSSNewtonSolver: iter=1  res=1.170e-05  rel=4.845e-14
[06-30 21:23:42][INFO] jax_fem: CuDSSNewtonSolver: solve finished in 0.12s  res=1.170e-05
[06-30 21:23:44][DEBUG] jax_fem: CuDSSNewtonSolver: starting Newton loop
[06-30 21:23:44][DEBUG] jax_fem: DeviceProblem: computing Jacobian on device
[06-30 21:23:44][DEBUG] jax_fem: Function split_and_compute_cell took 0.0279 seconds
[06-30 21:23:44][DEBUG] jax_fem: CuDSSNewtonSolver: initial residual = 2.427e+08
[06-30 21:23:44][DEBUG] jax_fem: DeviceProblem: computing Jacobian on device
[06-30 21:23:44][DEBUG] jax_fem: Function split_and_compute_cell took 0.0270 seconds
[06-30 21:23:44][DEBUG] jax_fem: CuDSSNewtonSolver: iter=1  res=1.568e-05  rel=6.461e-14
[06-30 21:23:44][INFO] jax_fem: CuDSSNewtonSolver: solve finished in 0.09s  res=1.568e-05
[06-30 21:23:45][DEBUG] jax_fem: CuDSSNewtonSolver: starting Newton loop
[06-30 21:23:45][DEBUG] jax_fem: DeviceProblem: computing Jacobian on device
[06-30 21:23:45][DEBUG] jax_fem: Function split_and_compute_cell took 0.0266 seconds
[06-30 21:23:45][DEBUG] jax_fem: CuDSSNewtonSolver: initial residual = 2.407e+08
[06-30 21:23:45][DEBUG] jax_fem: DeviceProblem: computing Jacobian on device
[06-30 21:23:45][DEBUG] jax_fem: Function split_and_compute_cell took 0.0267 seconds
[06-30 21:23:45][DEBUG] jax_fem: CuDSSNewtonSolver: iter=1  res=1.678e-05  rel=6.974e-14
[06-30 21:23:45][INFO] jax_fem: CuDSSNewtonSolver: solve finished in 0.09s  res=1.678e-05
[06-30 21:23:45][DEBUG] jax_fem: CuDSSNewtonSolver: starting Newton loop
[06-30 21:23:45][DEBUG] jax_fem: DeviceProblem: computing Jacobian on device
[06-30 21:23:45][DEBUG] jax_fem: Function split_and_compute_cell took 0.0258 seconds
[06-30 21:23:45][DEBUG] jax_fem: CuDSSNewtonSolver: initial residual = 2.401e+08
[06-30 21:23:45][DEBUG] jax_fem: DeviceProblem: computing Jacobian on device
[06-30 21:23:45][DEBUG] jax_fem: Function split_and_compute_cell took 0.0257 seconds
[06-30 21:23:45][DEBUG] jax_fem: CuDSSNewtonSolver: iter=1  res=1.770e-05  rel=7.372e-14
[06-30 21:23:45][INFO] jax_fem: CuDSSNewtonSolver: solve finished in 0.09s  res=1.770e-05
[06-30 21:23:46][DEBUG] jax_fem: CuDSSNewtonSolver: starting Newton loop
[06-30 21:23:46][DEBUG] jax_fem: DeviceProblem: computing Jacobian on device
[06-30 21:23:46][DEBUG] jax_fem: Function split_and_compute_cell took 0.0255 seconds
[06-30 21:23:46][DEBUG] jax_fem: CuDSSNewtonSolver: initial residual = 2.429e+08
[06-30 21:23:46][DEBUG] jax_fem: DeviceProblem: computing Jacobian on device
[06-30 21:23:46][DEBUG] jax_fem: Function split_and_compute_cell took 0.0279 seconds
[06-30 21:23:46][DEBUG] jax_fem: CuDSSNewtonSolver: iter=1  res=1.661e-05  rel=6.839e-14
[06-30 21:23:46][INFO] jax_fem: CuDSSNewtonSolver: solve finished in 0.09s  res=1.661e-05
[06-30 21:23:47][DEBUG] jax_fem: CuDSSNewtonSolver: starting Newton loop
[06-30 21:23:47][DEBUG] jax_fem: DeviceProblem: computing Jacobian on device
[06-30 21:23:47][DEBUG] jax_fem: Function split_and_compute_cell took 0.0268 seconds
[06-30 21:23:47][DEBUG] jax_fem: CuDSSNewtonSolver: initial residual = 2.414e+08
[06-30 21:23:47][DEBUG] jax_fem: DeviceProblem: computing Jacobian on device
[06-30 21:23:47][DEBUG] jax_fem: Function split_and_compute_cell took 0.0266 seconds
[06-30 21:23:47][DEBUG] jax_fem: CuDSSNewtonSolver: iter=1  res=1.206e-05  rel=4.997e-14
[06-30 21:23:47][INFO] jax_fem: CuDSSNewtonSolver: solve finished in 0.09s  res=1.206e-05
[06-30 21:23:47][INFO] jax_fem: CuDSS backward: solving adjoint problem …
[06-30 21:23:47][DEBUG] jax_fem: DeviceProblem: computing Jacobian on device
[06-30 21:23:47][DEBUG] jax_fem: Function split_and_compute_cell took 0.0337 seconds
[06-30 21:23:47][DEBUG] jax_fem: Computing cell residual...
[06-30 21:23:47][DEBUG] jax_fem: Function split_and_compute_cell took 0.0647 seconds
[06-30 21:23:47][INFO] jax_fem: CuDSS backward: solving adjoint problem …
[06-30 21:23:47][DEBUG] jax_fem: DeviceProblem: computing Jacobian on device
[06-30 21:23:47][DEBUG] jax_fem: Function split_and_compute_cell took 0.0347 seconds
[06-30 21:23:47][DEBUG] jax_fem: Computing cell residual...
[06-30 21:23:47][DEBUG] jax_fem: Function split_and_compute_cell took 0.0482 seconds
[06-30 21:23:47][INFO] jax_fem: CuDSS backward: solving adjoint problem …
[06-30 21:23:47][DEBUG] jax_fem: DeviceProblem: computing Jacobian on device
[06-30 21:23:47][DEBUG] jax_fem: Function split_and_compute_cell took 0.0294 seconds
[06-30 21:23:48][DEBUG] jax_fem: Computing cell residual...
[06-30 21:23:48][DEBUG] jax_fem: Function split_and_compute_cell took 0.0532 seconds
[06-30 21:23:48][INFO] jax_fem: CuDSS backward: solving adjoint problem …
[06-30 21:23:48][DEBUG] jax_fem: DeviceProblem: computing Jacobian on device
[06-30 21:23:48][DEBUG] jax_fem: Function split_and_compute_cell took 0.0323 seconds
[06-30 21:23:48][DEBUG] jax_fem: Computing cell residual...
[06-30 21:23:48][DEBUG] jax_fem: Function split_and_compute_cell took 0.0639 seconds
[06-30 21:23:48][INFO] jax_fem: CuDSS backward: solving adjoint problem …
[06-30 21:23:48][DEBUG] jax_fem: DeviceProblem: computing Jacobian on device
[06-30 21:23:48][DEBUG] jax_fem: Function split_and_compute_cell took 0.0380 seconds
[06-30 21:23:48][DEBUG] jax_fem: Computing cell residual...
[06-30 21:23:48][DEBUG] jax_fem: Function split_and_compute_cell took 0.0661 seconds
[06-30 21:23:50][DEBUG] jax_fem: CuDSSNewtonSolver: starting Newton loop
[06-30 21:23:50][DEBUG] jax_fem: DeviceProblem: computing Jacobian on device
[06-30 21:23:50][DEBUG] jax_fem: Function split_and_compute_cell took 0.0482 seconds
[06-30 21:23:50][DEBUG] jax_fem: CuDSSNewtonSolver: initial residual = 2.427e+08
[06-30 21:23:50][DEBUG] jax_fem: DeviceProblem: computing Jacobian on device
[06-30 21:23:50][DEBUG] jax_fem: Function split_and_compute_cell took 0.0495 seconds
[06-30 21:23:50][DEBUG] jax_fem: CuDSSNewtonSolver: iter=1  res=1.551e-05  rel=6.392e-14
[06-30 21:23:50][INFO] jax_fem: CuDSSNewtonSolver: solve finished in 0.14s  res=1.551e-05
[06-30 21:23:50][DEBUG] jax_fem: CuDSSNewtonSolver: starting Newton loop
[06-30 21:23:50][DEBUG] jax_fem: DeviceProblem: computing Jacobian on device
[06-30 21:23:50][DEBUG] jax_fem: Function split_and_compute_cell took 0.0432 seconds
[06-30 21:23:50][DEBUG] jax_fem: CuDSSNewtonSolver: initial residual = 2.407e+08
[06-30 21:23:50][DEBUG] jax_fem: DeviceProblem: computing Jacobian on device
[06-30 21:23:51][DEBUG] jax_fem: Function split_and_compute_cell took 0.0382 seconds
[06-30 21:23:51][DEBUG] jax_fem: CuDSSNewtonSolver: iter=1  res=1.685e-05  rel=7.003e-14
[06-30 21:23:51][INFO] jax_fem: CuDSSNewtonSolver: solve finished in 0.13s  res=1.685e-05
[06-30 21:23:51][DEBUG] jax_fem: CuDSSNewtonSolver: starting Newton loop
[06-30 21:23:51][DEBUG] jax_fem: DeviceProblem: computing Jacobian on device
[06-30 21:23:51][DEBUG] jax_fem: Function split_and_compute_cell took 0.0307 seconds
[06-30 21:23:51][DEBUG] jax_fem: CuDSSNewtonSolver: initial residual = 2.401e+08
[06-30 21:23:51][DEBUG] jax_fem: DeviceProblem: computing Jacobian on device
[06-30 21:23:51][DEBUG] jax_fem: Function split_and_compute_cell took 0.0510 seconds
[06-30 21:23:51][DEBUG] jax_fem: CuDSSNewtonSolver: iter=1  res=1.736e-05  rel=7.231e-14
[06-30 21:23:51][INFO] jax_fem: CuDSSNewtonSolver: solve finished in 0.12s  res=1.736e-05
[06-30 21:23:51][DEBUG] jax_fem: CuDSSNewtonSolver: starting Newton loop
[06-30 21:23:51][DEBUG] jax_fem: DeviceProblem: computing Jacobian on device
[06-30 21:23:51][DEBUG] jax_fem: Function split_and_compute_cell took 0.0350 seconds
[06-30 21:23:51][DEBUG] jax_fem: CuDSSNewtonSolver: initial residual = 2.429e+08
[06-30 21:23:51][DEBUG] jax_fem: DeviceProblem: computing Jacobian on device
[06-30 21:23:51][DEBUG] jax_fem: Function split_and_compute_cell took 0.0253 seconds
[06-30 21:23:51][DEBUG] jax_fem: CuDSSNewtonSolver: iter=1  res=1.625e-05  rel=6.691e-14
[06-30 21:23:51][INFO] jax_fem: CuDSSNewtonSolver: solve finished in 0.10s  res=1.625e-05
[06-30 21:23:51][DEBUG] jax_fem: CuDSSNewtonSolver: starting Newton loop
[06-30 21:23:51][DEBUG] jax_fem: DeviceProblem: computing Jacobian on device
[06-30 21:23:52][DEBUG] jax_fem: Function split_and_compute_cell took 0.0302 seconds
[06-30 21:23:52][DEBUG] jax_fem: CuDSSNewtonSolver: initial residual = 2.414e+08
[06-30 21:23:52][DEBUG] jax_fem: DeviceProblem: computing Jacobian on device
[06-30 21:23:52][DEBUG] jax_fem: Function split_and_compute_cell took 0.0288 seconds
[06-30 21:23:52][DEBUG] jax_fem: CuDSSNewtonSolver: iter=1  res=1.124e-05  rel=4.653e-14
[06-30 21:23:52][INFO] jax_fem: CuDSSNewtonSolver: solve finished in 0.10s  res=1.124e-05
[06-30 21:23:53][DEBUG] jax_fem: CuDSSNewtonSolver: starting Newton loop
[06-30 21:23:53][DEBUG] jax_fem: DeviceProblem: computing Jacobian on device
[06-30 21:23:53][DEBUG] jax_fem: Function split_and_compute_cell took 0.0259 seconds
[06-30 21:23:53][DEBUG] jax_fem: CuDSSNewtonSolver: initial residual = 2.427e+08
[06-30 21:23:53][DEBUG] jax_fem: DeviceProblem: computing Jacobian on device
[06-30 21:23:53][DEBUG] jax_fem: Function split_and_compute_cell took 0.0258 seconds
[06-30 21:23:53][DEBUG] jax_fem: CuDSSNewtonSolver: iter=1  res=1.558e-05  rel=6.420e-14
[06-30 21:23:53][INFO] jax_fem: CuDSSNewtonSolver: solve finished in 0.09s  res=1.558e-05
[06-30 21:23:54][DEBUG] jax_fem: CuDSSNewtonSolver: starting Newton loop
[06-30 21:23:54][DEBUG] jax_fem: DeviceProblem: computing Jacobian on device
[06-30 21:23:54][DEBUG] jax_fem: Function split_and_compute_cell took 0.0273 seconds
[06-30 21:23:54][DEBUG] jax_fem: CuDSSNewtonSolver: initial residual = 2.407e+08
[06-30 21:23:54][DEBUG] jax_fem: DeviceProblem: computing Jacobian on device
[06-30 21:23:54][DEBUG] jax_fem: Function split_and_compute_cell took 0.0264 seconds
[06-30 21:23:54][DEBUG] jax_fem: CuDSSNewtonSolver: iter=1  res=1.626e-05  rel=6.755e-14
[06-30 21:23:54][INFO] jax_fem: CuDSSNewtonSolver: solve finished in 0.09s  res=1.626e-05
[06-30 21:23:55][DEBUG] jax_fem: CuDSSNewtonSolver: starting Newton loop
[06-30 21:23:55][DEBUG] jax_fem: DeviceProblem: computing Jacobian on device
[06-30 21:23:55][DEBUG] jax_fem: Function split_and_compute_cell took 0.0275 seconds
[06-30 21:23:55][DEBUG] jax_fem: CuDSSNewtonSolver: initial residual = 2.401e+08
[06-30 21:23:55][DEBUG] jax_fem: DeviceProblem: computing Jacobian on device
[06-30 21:23:55][DEBUG] jax_fem: Function split_and_compute_cell took 0.0280 seconds
[06-30 21:23:55][DEBUG] jax_fem: CuDSSNewtonSolver: iter=1  res=1.702e-05  rel=7.090e-14
[06-30 21:23:55][INFO] jax_fem: CuDSSNewtonSolver: solve finished in 0.09s  res=1.702e-05
[06-30 21:23:55][DEBUG] jax_fem: CuDSSNewtonSolver: starting Newton loop
[06-30 21:23:55][DEBUG] jax_fem: DeviceProblem: computing Jacobian on device
[06-30 21:23:55][DEBUG] jax_fem: Function split_and_compute_cell took 0.0275 seconds
[06-30 21:23:55][DEBUG] jax_fem: CuDSSNewtonSolver: initial residual = 2.429e+08
[06-30 21:23:55][DEBUG] jax_fem: DeviceProblem: computing Jacobian on device
[06-30 21:23:55][DEBUG] jax_fem: Function split_and_compute_cell took 0.0261 seconds
[06-30 21:23:55][DEBUG] jax_fem: CuDSSNewtonSolver: iter=1  res=1.571e-05  rel=6.471e-14
[06-30 21:23:55][INFO] jax_fem: CuDSSNewtonSolver: solve finished in 0.09s  res=1.571e-05
[06-30 21:23:56][DEBUG] jax_fem: CuDSSNewtonSolver: starting Newton loop
[06-30 21:23:56][DEBUG] jax_fem: DeviceProblem: computing Jacobian on device
[06-30 21:23:56][DEBUG] jax_fem: Function split_and_compute_cell took 0.0250 seconds
[06-30 21:23:56][DEBUG] jax_fem: CuDSSNewtonSolver: initial residual = 2.414e+08
[06-30 21:23:56][DEBUG] jax_fem: DeviceProblem: computing Jacobian on device
[06-30 21:23:56][DEBUG] jax_fem: Function split_and_compute_cell took 0.0247 seconds
[06-30 21:23:56][DEBUG] jax_fem: CuDSSNewtonSolver: iter=1  res=1.220e-05  rel=5.053e-14
[06-30 21:23:56][INFO] jax_fem: CuDSSNewtonSolver: solve finished in 0.09s  res=1.220e-05
[06-30 21:23:56][INFO] jax_fem: CuDSS backward: solving adjoint problem …
[06-30 21:23:56][DEBUG] jax_fem: DeviceProblem: computing Jacobian on device
[06-30 21:23:56][DEBUG] jax_fem: Function split_and_compute_cell took 0.0470 seconds
[06-30 21:23:56][DEBUG] jax_fem: Computing cell residual...
[06-30 21:23:56][DEBUG] jax_fem: Function split_and_compute_cell took 0.0607 seconds
[06-30 21:23:56][INFO] jax_fem: CuDSS backward: solving adjoint problem …
[06-30 21:23:56][DEBUG] jax_fem: DeviceProblem: computing Jacobian on device
[06-30 21:23:56][DEBUG] jax_fem: Function split_and_compute_cell took 0.0330 seconds
[06-30 21:23:56][DEBUG] jax_fem: Computing cell residual...
[06-30 21:23:57][DEBUG] jax_fem: Function split_and_compute_cell took 0.0683 seconds
[06-30 21:23:57][INFO] jax_fem: CuDSS backward: solving adjoint problem …
[06-30 21:23:57][DEBUG] jax_fem: DeviceProblem: computing Jacobian on device
[06-30 21:23:57][DEBUG] jax_fem: Function split_and_compute_cell took 0.0353 seconds
[06-30 21:23:57][DEBUG] jax_fem: Computing cell residual...
[06-30 21:23:57][DEBUG] jax_fem: Function split_and_compute_cell took 0.0725 seconds
[06-30 21:23:57][INFO] jax_fem: CuDSS backward: solving adjoint problem …
[06-30 21:23:57][DEBUG] jax_fem: DeviceProblem: computing Jacobian on device
[06-30 21:23:57][DEBUG] jax_fem: Function split_and_compute_cell took 0.0341 seconds
[06-30 21:23:57][DEBUG] jax_fem: Computing cell residual...
[06-30 21:23:57][DEBUG] jax_fem: Function split_and_compute_cell took 0.0596 seconds
[06-30 21:23:58][INFO] jax_fem: CuDSS backward: solving adjoint problem …
[06-30 21:23:58][DEBUG] jax_fem: DeviceProblem: computing Jacobian on device
[06-30 21:23:58][DEBUG] jax_fem: Function split_and_compute_cell took 0.0385 seconds
[06-30 21:23:58][DEBUG] jax_fem: Computing cell residual...
[06-30 21:23:58][DEBUG] jax_fem: Function split_and_compute_cell took 0.0754 seconds
[06-30 21:23:59][DEBUG] jax_fem: CuDSSNewtonSolver: starting Newton loop
[06-30 21:23:59][DEBUG] jax_fem: DeviceProblem: computing Jacobian on device
[06-30 21:23:59][DEBUG] jax_fem: Function split_and_compute_cell took 0.0329 seconds
[06-30 21:23:59][DEBUG] jax_fem: CuDSSNewtonSolver: initial residual = 2.427e+08
[06-30 21:23:59][DEBUG] jax_fem: DeviceProblem: computing Jacobian on device
[06-30 21:23:59][DEBUG] jax_fem: Function split_and_compute_cell took 0.0356 seconds
[06-30 21:23:59][DEBUG] jax_fem: CuDSSNewtonSolver: iter=1  res=1.644e-05  rel=6.772e-14
[06-30 21:23:59][INFO] jax_fem: CuDSSNewtonSolver: solve finished in 0.11s  res=1.644e-05
[06-30 21:24:00][DEBUG] jax_fem: CuDSSNewtonSolver: starting Newton loop
[06-30 21:24:00][DEBUG] jax_fem: DeviceProblem: computing Jacobian on device
[06-30 21:24:00][DEBUG] jax_fem: Function split_and_compute_cell took 0.0245 seconds
[06-30 21:24:00][DEBUG] jax_fem: CuDSSNewtonSolver: initial residual = 2.407e+08
[06-30 21:24:00][DEBUG] jax_fem: DeviceProblem: computing Jacobian on device
[06-30 21:24:00][DEBUG] jax_fem: Function split_and_compute_cell took 0.0214 seconds
[06-30 21:24:00][DEBUG] jax_fem: CuDSSNewtonSolver: iter=1  res=1.593e-05  rel=6.619e-14
[06-30 21:24:00][INFO] jax_fem: CuDSSNewtonSolver: solve finished in 0.09s  res=1.593e-05
[06-30 21:24:00][DEBUG] jax_fem: CuDSSNewtonSolver: starting Newton loop
[06-30 21:24:00][DEBUG] jax_fem: DeviceProblem: computing Jacobian on device
[06-30 21:24:00][DEBUG] jax_fem: Function split_and_compute_cell took 0.0236 seconds
[06-30 21:24:00][DEBUG] jax_fem: CuDSSNewtonSolver: initial residual = 2.401e+08
[06-30 21:24:00][DEBUG] jax_fem: DeviceProblem: computing Jacobian on device
[06-30 21:24:00][DEBUG] jax_fem: Function split_and_compute_cell took 0.0466 seconds
[06-30 21:24:00][DEBUG] jax_fem: CuDSSNewtonSolver: iter=1  res=1.769e-05  rel=7.367e-14
[06-30 21:24:00][INFO] jax_fem: CuDSSNewtonSolver: solve finished in 0.11s  res=1.769e-05
[06-30 21:24:00][DEBUG] jax_fem: CuDSSNewtonSolver: starting Newton loop
[06-30 21:24:00][DEBUG] jax_fem: DeviceProblem: computing Jacobian on device
[06-30 21:24:00][DEBUG] jax_fem: Function split_and_compute_cell took 0.0383 seconds
[06-30 21:24:00][DEBUG] jax_fem: CuDSSNewtonSolver: initial residual = 2.429e+08
[06-30 21:24:00][DEBUG] jax_fem: DeviceProblem: computing Jacobian on device
[06-30 21:24:00][DEBUG] jax_fem: Function split_and_compute_cell took 0.0613 seconds
[06-30 21:24:00][DEBUG] jax_fem: CuDSSNewtonSolver: iter=1  res=1.598e-05  rel=6.582e-14
[06-30 21:24:00][INFO] jax_fem: CuDSSNewtonSolver: solve finished in 0.14s  res=1.598e-05
[06-30 21:24:01][DEBUG] jax_fem: CuDSSNewtonSolver: starting Newton loop
[06-30 21:24:01][DEBUG] jax_fem: DeviceProblem: computing Jacobian on device
[06-30 21:24:01][DEBUG] jax_fem: Function split_and_compute_cell took 0.0492 seconds
[06-30 21:24:01][DEBUG] jax_fem: CuDSSNewtonSolver: initial residual = 2.414e+08
[06-30 21:24:01][DEBUG] jax_fem: DeviceProblem: computing Jacobian on device
[06-30 21:24:01][DEBUG] jax_fem: Function split_and_compute_cell took 0.0475 seconds
[06-30 21:24:01][DEBUG] jax_fem: CuDSSNewtonSolver: iter=1  res=1.184e-05  rel=4.904e-14
[06-30 21:24:01][INFO] jax_fem: CuDSSNewtonSolver: solve finished in 0.14s  res=1.184e-05
[06-30 21:24:02][DEBUG] jax_fem: CuDSSNewtonSolver: starting Newton loop
[06-30 21:24:02][DEBUG] jax_fem: DeviceProblem: computing Jacobian on device
[06-30 21:24:03][DEBUG] jax_fem: Function split_and_compute_cell took 0.0265 seconds
[06-30 21:24:03][DEBUG] jax_fem: CuDSSNewtonSolver: initial residual = 2.427e+08
[06-30 21:24:03][DEBUG] jax_fem: DeviceProblem: computing Jacobian on device
[06-30 21:24:03][DEBUG] jax_fem: Function split_and_compute_cell took 0.0268 seconds
[06-30 21:24:03][DEBUG] jax_fem: CuDSSNewtonSolver: iter=1  res=1.614e-05  rel=6.649e-14
[06-30 21:24:03][INFO] jax_fem: CuDSSNewtonSolver: solve finished in 0.09s  res=1.614e-05
[06-30 21:24:03][DEBUG] jax_fem: CuDSSNewtonSolver: starting Newton loop
[06-30 21:24:03][DEBUG] jax_fem: DeviceProblem: computing Jacobian on device
[06-30 21:24:03][DEBUG] jax_fem: Function split_and_compute_cell took 0.0267 seconds
[06-30 21:24:03][DEBUG] jax_fem: CuDSSNewtonSolver: initial residual = 2.407e+08
[06-30 21:24:03][DEBUG] jax_fem: DeviceProblem: computing Jacobian on device
[06-30 21:24:03][DEBUG] jax_fem: Function split_and_compute_cell took 0.0256 seconds
[06-30 21:24:03][DEBUG] jax_fem: CuDSSNewtonSolver: iter=1  res=1.589e-05  rel=6.603e-14
[06-30 21:24:03][INFO] jax_fem: CuDSSNewtonSolver: solve finished in 0.09s  res=1.589e-05
[06-30 21:24:04][DEBUG] jax_fem: CuDSSNewtonSolver: starting Newton loop
[06-30 21:24:04][DEBUG] jax_fem: DeviceProblem: computing Jacobian on device
[06-30 21:24:04][DEBUG] jax_fem: Function split_and_compute_cell took 0.0252 seconds
[06-30 21:24:04][DEBUG] jax_fem: CuDSSNewtonSolver: initial residual = 2.401e+08
[06-30 21:24:04][DEBUG] jax_fem: DeviceProblem: computing Jacobian on device
[06-30 21:24:04][DEBUG] jax_fem: Function split_and_compute_cell took 0.0261 seconds
[06-30 21:24:04][DEBUG] jax_fem: CuDSSNewtonSolver: iter=1  res=1.791e-05  rel=7.462e-14
[06-30 21:24:04][INFO] jax_fem: CuDSSNewtonSolver: solve finished in 0.09s  res=1.791e-05
[06-30 21:24:04][DEBUG] jax_fem: CuDSSNewtonSolver: starting Newton loop
[06-30 21:24:04][DEBUG] jax_fem: DeviceProblem: computing Jacobian on device
[06-30 21:24:04][DEBUG] jax_fem: Function split_and_compute_cell took 0.0256 seconds
[06-30 21:24:04][DEBUG] jax_fem: CuDSSNewtonSolver: initial residual = 2.429e+08
[06-30 21:24:04][DEBUG] jax_fem: DeviceProblem: computing Jacobian on device
[06-30 21:24:04][DEBUG] jax_fem: Function split_and_compute_cell took 0.0257 seconds
[06-30 21:24:04][DEBUG] jax_fem: CuDSSNewtonSolver: iter=1  res=1.613e-05  rel=6.640e-14
[06-30 21:24:04][INFO] jax_fem: CuDSSNewtonSolver: solve finished in 0.09s  res=1.613e-05
[06-30 21:24:05][DEBUG] jax_fem: CuDSSNewtonSolver: starting Newton loop
[06-30 21:24:05][DEBUG] jax_fem: DeviceProblem: computing Jacobian on device
[06-30 21:24:05][DEBUG] jax_fem: Function split_and_compute_cell took 0.0242 seconds
[06-30 21:24:05][DEBUG] jax_fem: CuDSSNewtonSolver: initial residual = 2.414e+08
[06-30 21:24:05][DEBUG] jax_fem: DeviceProblem: computing Jacobian on device
[06-30 21:24:05][DEBUG] jax_fem: Function split_and_compute_cell took 0.0253 seconds
[06-30 21:24:05][DEBUG] jax_fem: CuDSSNewtonSolver: iter=1  res=1.175e-05  rel=4.867e-14
[06-30 21:24:05][INFO] jax_fem: CuDSSNewtonSolver: solve finished in 0.24s  res=1.175e-05
[06-30 21:24:05][INFO] jax_fem: CuDSS backward: solving adjoint problem …
[06-30 21:24:05][DEBUG] jax_fem: DeviceProblem: computing Jacobian on device
[06-30 21:24:05][DEBUG] jax_fem: Function split_and_compute_cell took 0.0453 seconds
[06-30 21:24:05][DEBUG] jax_fem: Computing cell residual...
[06-30 21:24:05][DEBUG] jax_fem: Function split_and_compute_cell took 0.0622 seconds
[06-30 21:24:06][INFO] jax_fem: CuDSS backward: solving adjoint problem …
[06-30 21:24:06][DEBUG] jax_fem: DeviceProblem: computing Jacobian on device
[06-30 21:24:06][DEBUG] jax_fem: Function split_and_compute_cell took 0.0269 seconds
[06-30 21:24:06][DEBUG] jax_fem: Computing cell residual...
[06-30 21:24:06][DEBUG] jax_fem: Function split_and_compute_cell took 0.0674 seconds
[06-30 21:24:06][INFO] jax_fem: CuDSS backward: solving adjoint problem …
[06-30 21:24:06][DEBUG] jax_fem: DeviceProblem: computing Jacobian on device
[06-30 21:24:06][DEBUG] jax_fem: Function split_and_compute_cell took 0.0271 seconds
[06-30 21:24:06][DEBUG] jax_fem: Computing cell residual...
[06-30 21:24:06][DEBUG] jax_fem: Function split_and_compute_cell took 0.0601 seconds
[06-30 21:24:06][INFO] jax_fem: CuDSS backward: solving adjoint problem …
[06-30 21:24:06][DEBUG] jax_fem: DeviceProblem: computing Jacobian on device
[06-30 21:24:06][DEBUG] jax_fem: Function split_and_compute_cell took 0.0360 seconds
[06-30 21:24:06][DEBUG] jax_fem: Computing cell residual...
[06-30 21:24:07][DEBUG] jax_fem: Function split_and_compute_cell took 0.0731 seconds
[06-30 21:24:07][INFO] jax_fem: CuDSS backward: solving adjoint problem …
[06-30 21:24:07][DEBUG] jax_fem: DeviceProblem: computing Jacobian on device
[06-30 21:24:07][DEBUG] jax_fem: Function split_and_compute_cell took 0.0300 seconds
[06-30 21:24:07][DEBUG] jax_fem: Computing cell residual...
[06-30 21:24:07][DEBUG] jax_fem: Function split_and_compute_cell took 0.0669 seconds
[06-30 21:24:08][DEBUG] jax_fem: CuDSSNewtonSolver: starting Newton loop
[06-30 21:24:09][DEBUG] jax_fem: DeviceProblem: computing Jacobian on device
[06-30 21:24:09][DEBUG] jax_fem: Function split_and_compute_cell took 0.0547 seconds
[06-30 21:24:09][DEBUG] jax_fem: CuDSSNewtonSolver: initial residual = 2.427e+08
[06-30 21:24:09][DEBUG] jax_fem: DeviceProblem: computing Jacobian on device
[06-30 21:24:09][DEBUG] jax_fem: Function split_and_compute_cell took 0.0555 seconds
[06-30 21:24:09][DEBUG] jax_fem: CuDSSNewtonSolver: iter=1  res=1.637e-05  rel=6.744e-14
[06-30 21:24:09][INFO] jax_fem: CuDSSNewtonSolver: solve finished in 0.15s  res=1.637e-05
[06-30 21:24:09][DEBUG] jax_fem: CuDSSNewtonSolver: starting Newton loop
[06-30 21:24:09][DEBUG] jax_fem: DeviceProblem: computing Jacobian on device
[06-30 21:24:09][DEBUG] jax_fem: Function split_and_compute_cell took 0.0547 seconds
[06-30 21:24:09][DEBUG] jax_fem: CuDSSNewtonSolver: initial residual = 2.407e+08
[06-30 21:24:09][DEBUG] jax_fem: DeviceProblem: computing Jacobian on device
[06-30 21:24:09][DEBUG] jax_fem: Function split_and_compute_cell took 0.0443 seconds
[06-30 21:24:09][DEBUG] jax_fem: CuDSSNewtonSolver: iter=1  res=1.664e-05  rel=6.913e-14
[06-30 21:24:09][INFO] jax_fem: CuDSSNewtonSolver: solve finished in 0.14s  res=1.664e-05
[06-30 21:24:09][DEBUG] jax_fem: CuDSSNewtonSolver: starting Newton loop
[06-30 21:24:09][DEBUG] jax_fem: DeviceProblem: computing Jacobian on device
[06-30 21:24:09][DEBUG] jax_fem: Function split_and_compute_cell took 0.0478 seconds
[06-30 21:24:09][DEBUG] jax_fem: CuDSSNewtonSolver: initial residual = 2.401e+08
[06-30 21:24:09][DEBUG] jax_fem: DeviceProblem: computing Jacobian on device
[06-30 21:24:09][DEBUG] jax_fem: Function split_and_compute_cell took 0.0442 seconds
[06-30 21:24:09][DEBUG] jax_fem: CuDSSNewtonSolver: iter=1  res=1.706e-05  rel=7.106e-14
[06-30 21:24:09][INFO] jax_fem: CuDSSNewtonSolver: solve finished in 0.14s  res=1.706e-05
[06-30 21:24:10][DEBUG] jax_fem: CuDSSNewtonSolver: starting Newton loop
[06-30 21:24:10][DEBUG] jax_fem: DeviceProblem: computing Jacobian on device
[06-30 21:24:10][DEBUG] jax_fem: Function split_and_compute_cell took 0.0356 seconds
[06-30 21:24:10][DEBUG] jax_fem: CuDSSNewtonSolver: initial residual = 2.429e+08
[06-30 21:24:10][DEBUG] jax_fem: DeviceProblem: computing Jacobian on device
[06-30 21:24:10][DEBUG] jax_fem: Function split_and_compute_cell took 0.0310 seconds
[06-30 21:24:10][DEBUG] jax_fem: CuDSSNewtonSolver: iter=1  res=1.649e-05  rel=6.790e-14
[06-30 21:24:10][INFO] jax_fem: CuDSSNewtonSolver: solve finished in 0.11s  res=1.649e-05
[06-30 21:24:10][DEBUG] jax_fem: CuDSSNewtonSolver: starting Newton loop
[06-30 21:24:10][DEBUG] jax_fem: DeviceProblem: computing Jacobian on device
[06-30 21:24:10][DEBUG] jax_fem: Function split_and_compute_cell took 0.0548 seconds
[06-30 21:24:10][DEBUG] jax_fem: CuDSSNewtonSolver: initial residual = 2.414e+08
[06-30 21:24:10][DEBUG] jax_fem: DeviceProblem: computing Jacobian on device
[06-30 21:24:10][DEBUG] jax_fem: Function split_and_compute_cell took 0.0548 seconds
[06-30 21:24:10][DEBUG] jax_fem: CuDSSNewtonSolver: iter=1  res=1.163e-05  rel=4.815e-14
[06-30 21:24:10][INFO] jax_fem: CuDSSNewtonSolver: solve finished in 0.15s  res=1.163e-05
[06-30 21:24:12][DEBUG] jax_fem: CuDSSNewtonSolver: starting Newton loop
[06-30 21:24:12][DEBUG] jax_fem: DeviceProblem: computing Jacobian on device
[06-30 21:24:12][DEBUG] jax_fem: Function split_and_compute_cell took 0.0270 seconds
[06-30 21:24:12][DEBUG] jax_fem: CuDSSNewtonSolver: initial residual = 2.427e+08
[06-30 21:24:12][DEBUG] jax_fem: DeviceProblem: computing Jacobian on device
[06-30 21:24:12][DEBUG] jax_fem: Function split_and_compute_cell took 0.0254 seconds
[06-30 21:24:12][DEBUG] jax_fem: CuDSSNewtonSolver: iter=1  res=1.651e-05  rel=6.802e-14
[06-30 21:24:12][INFO] jax_fem: CuDSSNewtonSolver: solve finished in 0.09s  res=1.651e-05
[06-30 21:24:12][DEBUG] jax_fem: CuDSSNewtonSolver: starting Newton loop
[06-30 21:24:13][DEBUG] jax_fem: DeviceProblem: computing Jacobian on device
[06-30 21:24:13][DEBUG] jax_fem: Function split_and_compute_cell took 0.0259 seconds
[06-30 21:24:13][DEBUG] jax_fem: CuDSSNewtonSolver: initial residual = 2.407e+08
[06-30 21:24:13][DEBUG] jax_fem: DeviceProblem: computing Jacobian on device
[06-30 21:24:13][DEBUG] jax_fem: Function split_and_compute_cell took 0.0286 seconds
[06-30 21:24:13][DEBUG] jax_fem: CuDSSNewtonSolver: iter=1  res=1.716e-05  rel=7.131e-14
[06-30 21:24:13][INFO] jax_fem: CuDSSNewtonSolver: solve finished in 0.09s  res=1.716e-05
[06-30 21:24:13][DEBUG] jax_fem: CuDSSNewtonSolver: starting Newton loop
[06-30 21:24:13][DEBUG] jax_fem: DeviceProblem: computing Jacobian on device
[06-30 21:24:13][DEBUG] jax_fem: Function split_and_compute_cell took 0.0249 seconds
[06-30 21:24:13][DEBUG] jax_fem: CuDSSNewtonSolver: initial residual = 2.401e+08
[06-30 21:24:13][DEBUG] jax_fem: DeviceProblem: computing Jacobian on device
[06-30 21:24:13][DEBUG] jax_fem: Function split_and_compute_cell took 0.0260 seconds
[06-30 21:24:13][DEBUG] jax_fem: CuDSSNewtonSolver: iter=1  res=1.738e-05  rel=7.239e-14
[06-30 21:24:13][INFO] jax_fem: CuDSSNewtonSolver: solve finished in 0.09s  res=1.738e-05
[06-30 21:24:14][DEBUG] jax_fem: CuDSSNewtonSolver: starting Newton loop
[06-30 21:24:14][DEBUG] jax_fem: DeviceProblem: computing Jacobian on device
[06-30 21:24:14][DEBUG] jax_fem: Function split_and_compute_cell took 0.0287 seconds
[06-30 21:24:14][DEBUG] jax_fem: CuDSSNewtonSolver: initial residual = 2.429e+08
[06-30 21:24:14][DEBUG] jax_fem: DeviceProblem: computing Jacobian on device
[06-30 21:24:14][DEBUG] jax_fem: Function split_and_compute_cell took 0.0254 seconds
[06-30 21:24:14][DEBUG] jax_fem: CuDSSNewtonSolver: iter=1  res=1.611e-05  rel=6.633e-14
[06-30 21:24:14][INFO] jax_fem: CuDSSNewtonSolver: solve finished in 0.09s  res=1.611e-05
[06-30 21:24:14][DEBUG] jax_fem: CuDSSNewtonSolver: starting Newton loop
[06-30 21:24:14][DEBUG] jax_fem: DeviceProblem: computing Jacobian on device
[06-30 21:24:14][DEBUG] jax_fem: Function split_and_compute_cell took 0.0257 seconds
[06-30 21:24:14][DEBUG] jax_fem: CuDSSNewtonSolver: initial residual = 2.414e+08
[06-30 21:24:14][DEBUG] jax_fem: DeviceProblem: computing Jacobian on device
[06-30 21:24:14][DEBUG] jax_fem: Function split_and_compute_cell took 0.0263 seconds
[06-30 21:24:14][DEBUG] jax_fem: CuDSSNewtonSolver: iter=1  res=1.162e-05  rel=4.811e-14
[06-30 21:24:14][INFO] jax_fem: CuDSSNewtonSolver: solve finished in 0.09s  res=1.162e-05
[06-30 21:24:14][INFO] jax_fem: CuDSS backward: solving adjoint problem …
[06-30 21:24:14][DEBUG] jax_fem: DeviceProblem: computing Jacobian on device
[06-30 21:24:15][DEBUG] jax_fem: Function split_and_compute_cell took 0.0403 seconds
[06-30 21:24:15][DEBUG] jax_fem: Computing cell residual...
[06-30 21:24:15][DEBUG] jax_fem: Function split_and_compute_cell took 0.0699 seconds
[06-30 21:24:15][INFO] jax_fem: CuDSS backward: solving adjoint problem …
[06-30 21:24:15][DEBUG] jax_fem: DeviceProblem: computing Jacobian on device
[06-30 21:24:15][DEBUG] jax_fem: Function split_and_compute_cell took 0.0600 seconds
[06-30 21:24:15][DEBUG] jax_fem: Computing cell residual...
[06-30 21:24:15][DEBUG] jax_fem: Function split_and_compute_cell took 0.0711 seconds
[06-30 21:24:15][INFO] jax_fem: CuDSS backward: solving adjoint problem …
[06-30 21:24:15][DEBUG] jax_fem: DeviceProblem: computing Jacobian on device
[06-30 21:24:15][DEBUG] jax_fem: Function split_and_compute_cell took 0.0448 seconds
[06-30 21:24:15][DEBUG] jax_fem: Computing cell residual...
[06-30 21:24:15][DEBUG] jax_fem: Function split_and_compute_cell took 0.0555 seconds
[06-30 21:24:16][INFO] jax_fem: CuDSS backward: solving adjoint problem …
[06-30 21:24:16][DEBUG] jax_fem: DeviceProblem: computing Jacobian on device
[06-30 21:24:16][DEBUG] jax_fem: Function split_and_compute_cell took 0.0289 seconds
[06-30 21:24:16][DEBUG] jax_fem: Computing cell residual...
[06-30 21:24:16][DEBUG] jax_fem: Function split_and_compute_cell took 0.0662 seconds
[06-30 21:24:16][INFO] jax_fem: CuDSS backward: solving adjoint problem …
[06-30 21:24:16][DEBUG] jax_fem: DeviceProblem: computing Jacobian on device
[06-30 21:24:16][DEBUG] jax_fem: Function split_and_compute_cell took 0.0533 seconds
[06-30 21:24:16][DEBUG] jax_fem: Computing cell residual...
[06-30 21:24:16][DEBUG] jax_fem: Function split_and_compute_cell took 0.0750 seconds
[06-30 21:24:18][DEBUG] jax_fem: CuDSSNewtonSolver: starting Newton loop
[06-30 21:24:18][DEBUG] jax_fem: DeviceProblem: computing Jacobian on device
[06-30 21:24:18][DEBUG] jax_fem: Function split_and_compute_cell took 0.0384 seconds
[06-30 21:24:18][DEBUG] jax_fem: CuDSSNewtonSolver: initial residual = 2.427e+08
[06-30 21:24:18][DEBUG] jax_fem: DeviceProblem: computing Jacobian on device
[06-30 21:24:18][DEBUG] jax_fem: Function split_and_compute_cell took 0.0442 seconds
[06-30 21:24:18][DEBUG] jax_fem: CuDSSNewtonSolver: iter=1  res=1.660e-05  rel=6.840e-14
[06-30 21:24:18][INFO] jax_fem: CuDSSNewtonSolver: solve finished in 0.13s  res=1.660e-05
[06-30 21:24:18][DEBUG] jax_fem: CuDSSNewtonSolver: starting Newton loop
[06-30 21:24:18][DEBUG] jax_fem: DeviceProblem: computing Jacobian on device
[06-30 21:24:18][DEBUG] jax_fem: Function split_and_compute_cell took 0.0455 seconds
[06-30 21:24:18][DEBUG] jax_fem: CuDSSNewtonSolver: initial residual = 2.407e+08
[06-30 21:24:18][DEBUG] jax_fem: DeviceProblem: computing Jacobian on device
[06-30 21:24:18][DEBUG] jax_fem: Function split_and_compute_cell took 0.0413 seconds
[06-30 21:24:18][DEBUG] jax_fem: CuDSSNewtonSolver: iter=1  res=1.567e-05  rel=6.510e-14
[06-30 21:24:18][INFO] jax_fem: CuDSSNewtonSolver: solve finished in 0.13s  res=1.567e-05
[06-30 21:24:19][DEBUG] jax_fem: CuDSSNewtonSolver: starting Newton loop
[06-30 21:24:19][DEBUG] jax_fem: DeviceProblem: computing Jacobian on device
[06-30 21:24:19][DEBUG] jax_fem: Function split_and_compute_cell took 0.0472 seconds
[06-30 21:24:19][DEBUG] jax_fem: CuDSSNewtonSolver: initial residual = 2.401e+08
[06-30 21:24:19][DEBUG] jax_fem: DeviceProblem: computing Jacobian on device
[06-30 21:24:19][DEBUG] jax_fem: Function split_and_compute_cell took 0.0272 seconds
[06-30 21:24:19][DEBUG] jax_fem: CuDSSNewtonSolver: iter=1  res=1.782e-05  rel=7.421e-14
[06-30 21:24:19][INFO] jax_fem: CuDSSNewtonSolver: solve finished in 0.11s  res=1.782e-05
[06-30 21:24:19][DEBUG] jax_fem: CuDSSNewtonSolver: starting Newton loop
[06-30 21:24:19][DEBUG] jax_fem: DeviceProblem: computing Jacobian on device
[06-30 21:24:19][DEBUG] jax_fem: Function split_and_compute_cell took 0.0325 seconds
[06-30 21:24:19][DEBUG] jax_fem: CuDSSNewtonSolver: initial residual = 2.429e+08
[06-30 21:24:19][DEBUG] jax_fem: DeviceProblem: computing Jacobian on device
[06-30 21:24:19][DEBUG] jax_fem: Function split_and_compute_cell took 0.0531 seconds
[06-30 21:24:19][DEBUG] jax_fem: CuDSSNewtonSolver: iter=1  res=1.563e-05  rel=6.437e-14
[06-30 21:24:19][INFO] jax_fem: CuDSSNewtonSolver: solve finished in 0.12s  res=1.563e-05
[06-30 21:24:19][DEBUG] jax_fem: CuDSSNewtonSolver: starting Newton loop
[06-30 21:24:19][DEBUG] jax_fem: DeviceProblem: computing Jacobian on device
[06-30 21:24:19][DEBUG] jax_fem: Function split_and_compute_cell took 0.0377 seconds
[06-30 21:24:19][DEBUG] jax_fem: CuDSSNewtonSolver: initial residual = 2.414e+08
[06-30 21:24:19][DEBUG] jax_fem: DeviceProblem: computing Jacobian on device
[06-30 21:24:19][DEBUG] jax_fem: Function split_and_compute_cell took 0.0331 seconds
[06-30 21:24:19][DEBUG] jax_fem: CuDSSNewtonSolver: iter=1  res=1.178e-05  rel=4.878e-14
[06-30 21:24:19][INFO] jax_fem: CuDSSNewtonSolver: solve finished in 0.11s  res=1.178e-05
[06-30 21:24:21][DEBUG] jax_fem: CuDSSNewtonSolver: starting Newton loop
[06-30 21:24:21][DEBUG] jax_fem: DeviceProblem: computing Jacobian on device
[06-30 21:24:21][DEBUG] jax_fem: Function split_and_compute_cell took 0.0246 seconds
[06-30 21:24:21][DEBUG] jax_fem: CuDSSNewtonSolver: initial residual = 2.427e+08
[06-30 21:24:21][DEBUG] jax_fem: DeviceProblem: computing Jacobian on device
[06-30 21:24:21][DEBUG] jax_fem: Function split_and_compute_cell took 0.0254 seconds
[06-30 21:24:21][DEBUG] jax_fem: CuDSSNewtonSolver: iter=1  res=1.681e-05  rel=6.928e-14
[06-30 21:24:21][INFO] jax_fem: CuDSSNewtonSolver: solve finished in 0.09s  res=1.681e-05
[06-30 21:24:22][DEBUG] jax_fem: CuDSSNewtonSolver: starting Newton loop
[06-30 21:24:22][DEBUG] jax_fem: DeviceProblem: computing Jacobian on device
[06-30 21:24:22][DEBUG] jax_fem: Function split_and_compute_cell took 0.0258 seconds
[06-30 21:24:22][DEBUG] jax_fem: CuDSSNewtonSolver: initial residual = 2.407e+08
[06-30 21:24:22][DEBUG] jax_fem: DeviceProblem: computing Jacobian on device
[06-30 21:24:22][DEBUG] jax_fem: Function split_and_compute_cell took 0.0260 seconds
[06-30 21:24:22][DEBUG] jax_fem: CuDSSNewtonSolver: iter=1  res=1.648e-05  rel=6.846e-14
[06-30 21:24:22][INFO] jax_fem: CuDSSNewtonSolver: solve finished in 0.09s  res=1.648e-05
[06-30 21:24:22][DEBUG] jax_fem: CuDSSNewtonSolver: starting Newton loop
[06-30 21:24:22][DEBUG] jax_fem: DeviceProblem: computing Jacobian on device
[06-30 21:24:22][DEBUG] jax_fem: Function split_and_compute_cell took 0.0276 seconds
[06-30 21:24:22][DEBUG] jax_fem: CuDSSNewtonSolver: initial residual = 2.401e+08
[06-30 21:24:22][DEBUG] jax_fem: DeviceProblem: computing Jacobian on device
[06-30 21:24:22][DEBUG] jax_fem: Function split_and_compute_cell took 0.0245 seconds
[06-30 21:24:22][DEBUG] jax_fem: CuDSSNewtonSolver: iter=1  res=1.700e-05  rel=7.083e-14
[06-30 21:24:22][INFO] jax_fem: CuDSSNewtonSolver: solve finished in 0.09s  res=1.700e-05
[06-30 21:24:23][DEBUG] jax_fem: CuDSSNewtonSolver: starting Newton loop
[06-30 21:24:23][DEBUG] jax_fem: DeviceProblem: computing Jacobian on device
[06-30 21:24:23][DEBUG] jax_fem: Function split_and_compute_cell took 0.0263 seconds
[06-30 21:24:23][DEBUG] jax_fem: CuDSSNewtonSolver: initial residual = 2.429e+08
[06-30 21:24:23][DEBUG] jax_fem: DeviceProblem: computing Jacobian on device
[06-30 21:24:23][DEBUG] jax_fem: Function split_and_compute_cell took 0.0257 seconds
[06-30 21:24:23][DEBUG] jax_fem: CuDSSNewtonSolver: iter=1  res=1.620e-05  rel=6.669e-14
[06-30 21:24:23][INFO] jax_fem: CuDSSNewtonSolver: solve finished in 0.09s  res=1.620e-05
[06-30 21:24:24][DEBUG] jax_fem: CuDSSNewtonSolver: starting Newton loop
[06-30 21:24:24][DEBUG] jax_fem: DeviceProblem: computing Jacobian on device
[06-30 21:24:24][DEBUG] jax_fem: Function split_and_compute_cell took 0.0251 seconds
[06-30 21:24:24][DEBUG] jax_fem: CuDSSNewtonSolver: initial residual = 2.414e+08
[06-30 21:24:24][DEBUG] jax_fem: DeviceProblem: computing Jacobian on device
[06-30 21:24:24][DEBUG] jax_fem: Function split_and_compute_cell took 0.0273 seconds
[06-30 21:24:24][DEBUG] jax_fem: CuDSSNewtonSolver: iter=1  res=1.130e-05  rel=4.682e-14
[06-30 21:24:24][INFO] jax_fem: CuDSSNewtonSolver: solve finished in 0.09s  res=1.130e-05
[06-30 21:24:24][INFO] jax_fem: CuDSS backward: solving adjoint problem …
[06-30 21:24:24][DEBUG] jax_fem: DeviceProblem: computing Jacobian on device
[06-30 21:24:24][DEBUG] jax_fem: Function split_and_compute_cell took 0.0357 seconds
[06-30 21:24:24][DEBUG] jax_fem: Computing cell residual...
[06-30 21:24:24][DEBUG] jax_fem: Function split_and_compute_cell took 0.0537 seconds
[06-30 21:24:24][INFO] jax_fem: CuDSS backward: solving adjoint problem …
[06-30 21:24:24][DEBUG] jax_fem: DeviceProblem: computing Jacobian on device
[06-30 21:24:24][DEBUG] jax_fem: Function split_and_compute_cell took 0.0428 seconds
[06-30 21:24:24][DEBUG] jax_fem: Computing cell residual...
[06-30 21:24:24][DEBUG] jax_fem: Function split_and_compute_cell took 0.0686 seconds
[06-30 21:24:25][INFO] jax_fem: CuDSS backward: solving adjoint problem …
[06-30 21:24:25][DEBUG] jax_fem: DeviceProblem: computing Jacobian on device
[06-30 21:24:25][DEBUG] jax_fem: Function split_and_compute_cell took 0.0260 seconds
[06-30 21:24:25][DEBUG] jax_fem: Computing cell residual...
[06-30 21:24:25][DEBUG] jax_fem: Function split_and_compute_cell took 0.0704 seconds
[06-30 21:24:25][INFO] jax_fem: CuDSS backward: solving adjoint problem …
[06-30 21:24:25][DEBUG] jax_fem: DeviceProblem: computing Jacobian on device
[06-30 21:24:25][DEBUG] jax_fem: Function split_and_compute_cell took 0.0434 seconds
[06-30 21:24:25][DEBUG] jax_fem: Computing cell residual...
[06-30 21:24:25][DEBUG] jax_fem: Function split_and_compute_cell took 0.0546 seconds
[06-30 21:24:25][INFO] jax_fem: CuDSS backward: solving adjoint problem …
[06-30 21:24:25][DEBUG] jax_fem: DeviceProblem: computing Jacobian on device
[06-30 21:24:25][DEBUG] jax_fem: Function split_and_compute_cell took 0.0544 seconds
[06-30 21:24:25][DEBUG] jax_fem: Computing cell residual...
[06-30 21:24:25][DEBUG] jax_fem: Function split_and_compute_cell took 0.0620 seconds
[06-30 21:24:27][DEBUG] jax_fem: CuDSSNewtonSolver: starting Newton loop
[06-30 21:24:27][DEBUG] jax_fem: DeviceProblem: computing Jacobian on device
[06-30 21:24:27][DEBUG] jax_fem: Function split_and_compute_cell took 0.0313 seconds
[06-30 21:24:27][DEBUG] jax_fem: CuDSSNewtonSolver: initial residual = 2.425e+08
[06-30 21:24:27][DEBUG] jax_fem: DeviceProblem: computing Jacobian on device
[06-30 21:24:27][DEBUG] jax_fem: Function split_and_compute_cell took 0.0469 seconds
[06-30 21:24:27][DEBUG] jax_fem: CuDSSNewtonSolver: iter=1  res=1.673e-05  rel=6.898e-14
[06-30 21:24:27][INFO] jax_fem: CuDSSNewtonSolver: solve finished in 0.12s  res=1.673e-05
[06-30 21:24:27][DEBUG] jax_fem: CuDSSNewtonSolver: starting Newton loop
[06-30 21:24:27][DEBUG] jax_fem: DeviceProblem: computing Jacobian on device
[06-30 21:24:27][DEBUG] jax_fem: Function split_and_compute_cell took 0.0329 seconds
[06-30 21:24:27][DEBUG] jax_fem: CuDSSNewtonSolver: initial residual = 2.404e+08
[06-30 21:24:27][DEBUG] jax_fem: DeviceProblem: computing Jacobian on device
[06-30 21:24:27][DEBUG] jax_fem: Function split_and_compute_cell took 0.0285 seconds
[06-30 21:24:27][DEBUG] jax_fem: CuDSSNewtonSolver: iter=1  res=1.590e-05  rel=6.614e-14
[06-30 21:24:27][INFO] jax_fem: CuDSSNewtonSolver: solve finished in 0.10s  res=1.590e-05
[06-30 21:24:28][DEBUG] jax_fem: CuDSSNewtonSolver: starting Newton loop
[06-30 21:24:28][DEBUG] jax_fem: DeviceProblem: computing Jacobian on device
[06-30 21:24:28][DEBUG] jax_fem: Function split_and_compute_cell took 0.0479 seconds
[06-30 21:24:28][DEBUG] jax_fem: CuDSSNewtonSolver: initial residual = 2.398e+08
[06-30 21:24:28][DEBUG] jax_fem: DeviceProblem: computing Jacobian on device
[06-30 21:24:28][DEBUG] jax_fem: Function split_and_compute_cell took 0.0348 seconds
[06-30 21:24:28][DEBUG] jax_fem: CuDSSNewtonSolver: iter=1  res=1.723e-05  rel=7.184e-14
[06-30 21:24:28][INFO] jax_fem: CuDSSNewtonSolver: solve finished in 0.12s  res=1.723e-05
[06-30 21:24:28][DEBUG] jax_fem: CuDSSNewtonSolver: starting Newton loop
[06-30 21:24:28][DEBUG] jax_fem: DeviceProblem: computing Jacobian on device
[06-30 21:24:28][DEBUG] jax_fem: Function split_and_compute_cell took 0.0494 seconds
[06-30 21:24:28][DEBUG] jax_fem: CuDSSNewtonSolver: initial residual = 2.427e+08
[06-30 21:24:28][DEBUG] jax_fem: DeviceProblem: computing Jacobian on device
[06-30 21:24:28][DEBUG] jax_fem: Function split_and_compute_cell took 0.0328 seconds
[06-30 21:24:28][DEBUG] jax_fem: CuDSSNewtonSolver: iter=1  res=1.534e-05  rel=6.321e-14
[06-30 21:24:28][INFO] jax_fem: CuDSSNewtonSolver: solve finished in 0.12s  res=1.534e-05
[06-30 21:24:28][DEBUG] jax_fem: CuDSSNewtonSolver: starting Newton loop
[06-30 21:24:28][DEBUG] jax_fem: DeviceProblem: computing Jacobian on device
[06-30 21:24:28][DEBUG] jax_fem: Function split_and_compute_cell took 0.0375 seconds
[06-30 21:24:28][DEBUG] jax_fem: CuDSSNewtonSolver: initial residual = 2.413e+08
[06-30 21:24:28][DEBUG] jax_fem: DeviceProblem: computing Jacobian on device
[06-30 21:24:28][DEBUG] jax_fem: Function split_and_compute_cell took 0.0336 seconds
[06-30 21:24:28][DEBUG] jax_fem: CuDSSNewtonSolver: iter=1  res=1.148e-05  rel=4.756e-14
[06-30 21:24:28][INFO] jax_fem: CuDSSNewtonSolver: solve finished in 0.11s  res=1.148e-05
[06-30 21:24:30][DEBUG] jax_fem: CuDSSNewtonSolver: starting Newton loop
[06-30 21:24:30][DEBUG] jax_fem: DeviceProblem: computing Jacobian on device
[06-30 21:24:30][DEBUG] jax_fem: Function split_and_compute_cell took 0.0269 seconds
[06-30 21:24:30][DEBUG] jax_fem: CuDSSNewtonSolver: initial residual = 2.425e+08
[06-30 21:24:30][DEBUG] jax_fem: DeviceProblem: computing Jacobian on device
[06-30 21:24:30][DEBUG] jax_fem: Function split_and_compute_cell took 0.0276 seconds
[06-30 21:24:30][DEBUG] jax_fem: CuDSSNewtonSolver: iter=1  res=1.601e-05  rel=6.601e-14
[06-30 21:24:30][INFO] jax_fem: CuDSSNewtonSolver: solve finished in 0.09s  res=1.601e-05
[06-30 21:24:31][DEBUG] jax_fem: CuDSSNewtonSolver: starting Newton loop
[06-30 21:24:31][DEBUG] jax_fem: DeviceProblem: computing Jacobian on device
[06-30 21:24:31][DEBUG] jax_fem: Function split_and_compute_cell took 0.0262 seconds
[06-30 21:24:31][DEBUG] jax_fem: CuDSSNewtonSolver: initial residual = 2.404e+08
[06-30 21:24:31][DEBUG] jax_fem: DeviceProblem: computing Jacobian on device
[06-30 21:24:31][DEBUG] jax_fem: Function split_and_compute_cell took 0.0268 seconds
[06-30 21:24:31][DEBUG] jax_fem: CuDSSNewtonSolver: iter=1  res=1.649e-05  rel=6.860e-14
[06-30 21:24:31][INFO] jax_fem: CuDSSNewtonSolver: solve finished in 0.09s  res=1.649e-05
[06-30 21:24:31][DEBUG] jax_fem: CuDSSNewtonSolver: starting Newton loop
[06-30 21:24:31][DEBUG] jax_fem: DeviceProblem: computing Jacobian on device
[06-30 21:24:31][DEBUG] jax_fem: Function split_and_compute_cell took 0.0250 seconds
[06-30 21:24:31][DEBUG] jax_fem: CuDSSNewtonSolver: initial residual = 2.398e+08
[06-30 21:24:31][DEBUG] jax_fem: DeviceProblem: computing Jacobian on device
[06-30 21:24:31][DEBUG] jax_fem: Function split_and_compute_cell took 0.0272 seconds
[06-30 21:24:31][DEBUG] jax_fem: CuDSSNewtonSolver: iter=1  res=1.657e-05  rel=6.907e-14
[06-30 21:24:31][INFO] jax_fem: CuDSSNewtonSolver: solve finished in 0.09s  res=1.657e-05
[06-30 21:24:32][DEBUG] jax_fem: CuDSSNewtonSolver: starting Newton loop
[06-30 21:24:32][DEBUG] jax_fem: DeviceProblem: computing Jacobian on device
[06-30 21:24:32][DEBUG] jax_fem: Function split_and_compute_cell took 0.0259 seconds
[06-30 21:24:32][DEBUG] jax_fem: CuDSSNewtonSolver: initial residual = 2.427e+08
[06-30 21:24:32][DEBUG] jax_fem: DeviceProblem: computing Jacobian on device
[06-30 21:24:32][DEBUG] jax_fem: Function split_and_compute_cell took 0.0259 seconds
[06-30 21:24:32][DEBUG] jax_fem: CuDSSNewtonSolver: iter=1  res=1.659e-05  rel=6.835e-14
[06-30 21:24:32][INFO] jax_fem: CuDSSNewtonSolver: solve finished in 0.09s  res=1.659e-05
[06-30 21:24:33][DEBUG] jax_fem: CuDSSNewtonSolver: starting Newton loop
[06-30 21:24:33][DEBUG] jax_fem: DeviceProblem: computing Jacobian on device
[06-30 21:24:33][DEBUG] jax_fem: Function split_and_compute_cell took 0.0273 seconds
[06-30 21:24:33][DEBUG] jax_fem: CuDSSNewtonSolver: initial residual = 2.413e+08
[06-30 21:24:33][DEBUG] jax_fem: DeviceProblem: computing Jacobian on device
[06-30 21:24:33][DEBUG] jax_fem: Function split_and_compute_cell took 0.0242 seconds
[06-30 21:24:33][DEBUG] jax_fem: CuDSSNewtonSolver: iter=1  res=1.221e-05  rel=5.057e-14
[06-30 21:24:33][INFO] jax_fem: CuDSSNewtonSolver: solve finished in 0.09s  res=1.221e-05
[06-30 21:24:33][INFO] jax_fem: CuDSS backward: solving adjoint problem …
[06-30 21:24:33][DEBUG] jax_fem: DeviceProblem: computing Jacobian on device
[06-30 21:24:33][DEBUG] jax_fem: Function split_and_compute_cell took 0.0411 seconds
[06-30 21:24:33][DEBUG] jax_fem: Computing cell residual...
[06-30 21:24:33][DEBUG] jax_fem: Function split_and_compute_cell took 0.0764 seconds
[06-30 21:24:33][INFO] jax_fem: CuDSS backward: solving adjoint problem …
[06-30 21:24:33][DEBUG] jax_fem: DeviceProblem: computing Jacobian on device
[06-30 21:24:33][DEBUG] jax_fem: Function split_and_compute_cell took 0.0253 seconds
[06-30 21:24:33][DEBUG] jax_fem: Computing cell residual...
[06-30 21:24:33][DEBUG] jax_fem: Function split_and_compute_cell took 0.0604 seconds
[06-30 21:24:33][INFO] jax_fem: CuDSS backward: solving adjoint problem …
[06-30 21:24:33][DEBUG] jax_fem: DeviceProblem: computing Jacobian on device
[06-30 21:24:34][DEBUG] jax_fem: Function split_and_compute_cell took 0.0317 seconds
[06-30 21:24:34][DEBUG] jax_fem: Computing cell residual...
[06-30 21:24:34][DEBUG] jax_fem: Function split_and_compute_cell took 0.0653 seconds
[06-30 21:24:34][INFO] jax_fem: CuDSS backward: solving adjoint problem …
[06-30 21:24:34][DEBUG] jax_fem: DeviceProblem: computing Jacobian on device
[06-30 21:24:34][DEBUG] jax_fem: Function split_and_compute_cell took 0.0436 seconds
[06-30 21:24:34][DEBUG] jax_fem: Computing cell residual...
[06-30 21:24:34][DEBUG] jax_fem: Function split_and_compute_cell took 0.0579 seconds
[06-30 21:24:34][INFO] jax_fem: CuDSS backward: solving adjoint problem …
[06-30 21:24:34][DEBUG] jax_fem: DeviceProblem: computing Jacobian on device
[06-30 21:24:34][DEBUG] jax_fem: Function split_and_compute_cell took 0.0265 seconds
[06-30 21:24:34][DEBUG] jax_fem: Computing cell residual...
[06-30 21:24:34][DEBUG] jax_fem: Function split_and_compute_cell took 0.0707 seconds
[06-30 21:24:36][DEBUG] jax_fem: CuDSSNewtonSolver: starting Newton loop
[06-30 21:24:36][DEBUG] jax_fem: DeviceProblem: computing Jacobian on device
[06-30 21:24:36][DEBUG] jax_fem: Function split_and_compute_cell took 0.0285 seconds
[06-30 21:24:36][DEBUG] jax_fem: CuDSSNewtonSolver: initial residual = 2.426e+08
[06-30 21:24:36][DEBUG] jax_fem: DeviceProblem: computing Jacobian on device
[06-30 21:24:36][DEBUG] jax_fem: Function split_and_compute_cell took 0.0484 seconds
[06-30 21:24:36][DEBUG] jax_fem: CuDSSNewtonSolver: iter=1  res=1.547e-05  rel=6.377e-14
[06-30 21:24:36][INFO] jax_fem: CuDSSNewtonSolver: solve finished in 0.12s  res=1.547e-05
[06-30 21:24:36][DEBUG] jax_fem: CuDSSNewtonSolver: starting Newton loop
[06-30 21:24:36][DEBUG] jax_fem: DeviceProblem: computing Jacobian on device
[06-30 21:24:36][DEBUG] jax_fem: Function split_and_compute_cell took 0.0342 seconds
[06-30 21:24:36][DEBUG] jax_fem: CuDSSNewtonSolver: initial residual = 2.406e+08
[06-30 21:24:36][DEBUG] jax_fem: DeviceProblem: computing Jacobian on device
[06-30 21:24:36][DEBUG] jax_fem: Function split_and_compute_cell took 0.0415 seconds
[06-30 21:24:36][DEBUG] jax_fem: CuDSSNewtonSolver: iter=1  res=1.635e-05  rel=6.795e-14
[06-30 21:24:36][INFO] jax_fem: CuDSSNewtonSolver: solve finished in 0.12s  res=1.635e-05
[06-30 21:24:37][DEBUG] jax_fem: CuDSSNewtonSolver: starting Newton loop
[06-30 21:24:37][DEBUG] jax_fem: DeviceProblem: computing Jacobian on device
[06-30 21:24:37][DEBUG] jax_fem: Function split_and_compute_cell took 0.0297 seconds
[06-30 21:24:37][DEBUG] jax_fem: CuDSSNewtonSolver: initial residual = 2.400e+08
[06-30 21:24:37][DEBUG] jax_fem: DeviceProblem: computing Jacobian on device
[06-30 21:24:37][DEBUG] jax_fem: Function split_and_compute_cell took 0.0389 seconds
[06-30 21:24:37][DEBUG] jax_fem: CuDSSNewtonSolver: iter=1  res=1.756e-05  rel=7.315e-14
[06-30 21:24:37][INFO] jax_fem: CuDSSNewtonSolver: solve finished in 0.11s  res=1.756e-05
[06-30 21:24:37][DEBUG] jax_fem: CuDSSNewtonSolver: starting Newton loop
[06-30 21:24:37][DEBUG] jax_fem: DeviceProblem: computing Jacobian on device
[06-30 21:24:37][DEBUG] jax_fem: Function split_and_compute_cell took 0.0368 seconds
[06-30 21:24:37][DEBUG] jax_fem: CuDSSNewtonSolver: initial residual = 2.428e+08
[06-30 21:24:37][DEBUG] jax_fem: DeviceProblem: computing Jacobian on device
[06-30 21:24:37][DEBUG] jax_fem: Function split_and_compute_cell took 0.0276 seconds
[06-30 21:24:37][DEBUG] jax_fem: CuDSSNewtonSolver: iter=1  res=1.737e-05  rel=7.154e-14
[06-30 21:24:37][INFO] jax_fem: CuDSSNewtonSolver: solve finished in 0.10s  res=1.737e-05
[06-30 21:24:37][DEBUG] jax_fem: CuDSSNewtonSolver: starting Newton loop
[06-30 21:24:37][DEBUG] jax_fem: DeviceProblem: computing Jacobian on device
[06-30 21:24:37][DEBUG] jax_fem: Function split_and_compute_cell took 0.0254 seconds
[06-30 21:24:37][DEBUG] jax_fem: CuDSSNewtonSolver: initial residual = 2.414e+08
[06-30 21:24:37][DEBUG] jax_fem: DeviceProblem: computing Jacobian on device
[06-30 21:24:37][DEBUG] jax_fem: Function split_and_compute_cell took 0.0351 seconds
[06-30 21:24:37][DEBUG] jax_fem: CuDSSNewtonSolver: iter=1  res=1.189e-05  rel=4.927e-14
[06-30 21:24:37][INFO] jax_fem: CuDSSNewtonSolver: solve finished in 0.10s  res=1.189e-05
[06-30 21:24:39][DEBUG] jax_fem: CuDSSNewtonSolver: starting Newton loop
[06-30 21:24:39][DEBUG] jax_fem: DeviceProblem: computing Jacobian on device
[06-30 21:24:39][DEBUG] jax_fem: Function split_and_compute_cell took 0.0274 seconds
[06-30 21:24:39][DEBUG] jax_fem: CuDSSNewtonSolver: initial residual = 2.426e+08
[06-30 21:24:39][DEBUG] jax_fem: DeviceProblem: computing Jacobian on device
[06-30 21:24:39][DEBUG] jax_fem: Function split_and_compute_cell took 0.0258 seconds
[06-30 21:24:39][DEBUG] jax_fem: CuDSSNewtonSolver: iter=1  res=1.679e-05  rel=6.921e-14
[06-30 21:24:39][INFO] jax_fem: CuDSSNewtonSolver: solve finished in 0.09s  res=1.679e-05
[06-30 21:24:40][DEBUG] jax_fem: CuDSSNewtonSolver: starting Newton loop
[06-30 21:24:40][DEBUG] jax_fem: DeviceProblem: computing Jacobian on device
[06-30 21:24:40][DEBUG] jax_fem: Function split_and_compute_cell took 0.0267 seconds
[06-30 21:24:40][DEBUG] jax_fem: CuDSSNewtonSolver: initial residual = 2.406e+08
[06-30 21:24:40][DEBUG] jax_fem: DeviceProblem: computing Jacobian on device
[06-30 21:24:40][DEBUG] jax_fem: Function split_and_compute_cell took 0.0417 seconds
[06-30 21:24:40][DEBUG] jax_fem: CuDSSNewtonSolver: iter=1  res=1.747e-05  rel=7.262e-14
[06-30 21:24:40][INFO] jax_fem: CuDSSNewtonSolver: solve finished in 0.10s  res=1.747e-05
[06-30 21:24:40][DEBUG] jax_fem: CuDSSNewtonSolver: starting Newton loop
[06-30 21:24:40][DEBUG] jax_fem: DeviceProblem: computing Jacobian on device
[06-30 21:24:40][DEBUG] jax_fem: Function split_and_compute_cell took 0.0282 seconds
[06-30 21:24:40][DEBUG] jax_fem: CuDSSNewtonSolver: initial residual = 2.400e+08
[06-30 21:24:40][DEBUG] jax_fem: DeviceProblem: computing Jacobian on device
[06-30 21:24:40][DEBUG] jax_fem: Function split_and_compute_cell took 0.0274 seconds
[06-30 21:24:40][DEBUG] jax_fem: CuDSSNewtonSolver: iter=1  res=1.831e-05  rel=7.630e-14
[06-30 21:24:40][INFO] jax_fem: CuDSSNewtonSolver: solve finished in 0.09s  res=1.831e-05
[06-30 21:24:41][DEBUG] jax_fem: CuDSSNewtonSolver: starting Newton loop
[06-30 21:24:41][DEBUG] jax_fem: DeviceProblem: computing Jacobian on device
[06-30 21:24:41][DEBUG] jax_fem: Function split_and_compute_cell took 0.0256 seconds
[06-30 21:24:41][DEBUG] jax_fem: CuDSSNewtonSolver: initial residual = 2.428e+08
[06-30 21:24:41][DEBUG] jax_fem: DeviceProblem: computing Jacobian on device
[06-30 21:24:41][DEBUG] jax_fem: Function split_and_compute_cell took 0.0276 seconds
[06-30 21:24:41][DEBUG] jax_fem: CuDSSNewtonSolver: iter=1  res=1.655e-05  rel=6.818e-14
[06-30 21:24:41][INFO] jax_fem: CuDSSNewtonSolver: solve finished in 0.09s  res=1.655e-05
[06-30 21:24:42][DEBUG] jax_fem: CuDSSNewtonSolver: starting Newton loop
[06-30 21:24:42][DEBUG] jax_fem: DeviceProblem: computing Jacobian on device
[06-30 21:24:42][DEBUG] jax_fem: Function split_and_compute_cell took 0.0270 seconds
[06-30 21:24:42][DEBUG] jax_fem: CuDSSNewtonSolver: initial residual = 2.414e+08
[06-30 21:24:42][DEBUG] jax_fem: DeviceProblem: computing Jacobian on device
[06-30 21:24:42][DEBUG] jax_fem: Function split_and_compute_cell took 0.0258 seconds
[06-30 21:24:42][DEBUG] jax_fem: CuDSSNewtonSolver: iter=1  res=1.148e-05  rel=4.756e-14
[06-30 21:24:42][INFO] jax_fem: CuDSSNewtonSolver: solve finished in 0.09s  res=1.148e-05
[06-30 21:24:42][INFO] jax_fem: CuDSS backward: solving adjoint problem …
[06-30 21:24:42][DEBUG] jax_fem: DeviceProblem: computing Jacobian on device
[06-30 21:24:42][DEBUG] jax_fem: Function split_and_compute_cell took 0.0344 seconds
[06-30 21:24:42][DEBUG] jax_fem: Computing cell residual...
[06-30 21:24:42][DEBUG] jax_fem: Function split_and_compute_cell took 0.0749 seconds
[06-30 21:24:42][INFO] jax_fem: CuDSS backward: solving adjoint problem …
[06-30 21:24:42][DEBUG] jax_fem: DeviceProblem: computing Jacobian on device
[06-30 21:24:42][DEBUG] jax_fem: Function split_and_compute_cell took 0.0506 seconds
[06-30 21:24:42][DEBUG] jax_fem: Computing cell residual...
[06-30 21:24:42][DEBUG] jax_fem: Function split_and_compute_cell took 0.0627 seconds
[06-30 21:24:43][INFO] jax_fem: CuDSS backward: solving adjoint problem …
[06-30 21:24:43][DEBUG] jax_fem: DeviceProblem: computing Jacobian on device
[06-30 21:24:43][DEBUG] jax_fem: Function split_and_compute_cell took 0.0366 seconds
[06-30 21:24:43][DEBUG] jax_fem: Computing cell residual...
[06-30 21:24:43][DEBUG] jax_fem: Function split_and_compute_cell took 0.0640 seconds
[06-30 21:24:43][INFO] jax_fem: CuDSS backward: solving adjoint problem …
[06-30 21:24:43][DEBUG] jax_fem: DeviceProblem: computing Jacobian on device
[06-30 21:24:43][DEBUG] jax_fem: Function split_and_compute_cell took 0.0304 seconds
[06-30 21:24:43][DEBUG] jax_fem: Computing cell residual...
[06-30 21:24:43][DEBUG] jax_fem: Function split_and_compute_cell took 0.0639 seconds
[06-30 21:24:43][INFO] jax_fem: CuDSS backward: solving adjoint problem …
[06-30 21:24:43][DEBUG] jax_fem: DeviceProblem: computing Jacobian on device
[06-30 21:24:43][DEBUG] jax_fem: Function split_and_compute_cell took 0.0329 seconds
[06-30 21:24:44][DEBUG] jax_fem: Computing cell residual...
[06-30 21:24:44][DEBUG] jax_fem: Function split_and_compute_cell took 0.0587 seconds
[06-30 21:24:45][DEBUG] jax_fem: CuDSSNewtonSolver: starting Newton loop
[06-30 21:24:45][DEBUG] jax_fem: DeviceProblem: computing Jacobian on device
[06-30 21:24:45][DEBUG] jax_fem: Function split_and_compute_cell took 0.0668 seconds
[06-30 21:24:45][DEBUG] jax_fem: CuDSSNewtonSolver: initial residual = 2.427e+08
[06-30 21:24:45][DEBUG] jax_fem: DeviceProblem: computing Jacobian on device
[06-30 21:24:45][DEBUG] jax_fem: Function split_and_compute_cell took 0.0460 seconds
[06-30 21:24:45][DEBUG] jax_fem: CuDSSNewtonSolver: iter=1  res=1.638e-05  rel=6.750e-14
[06-30 21:24:45][INFO] jax_fem: CuDSSNewtonSolver: solve finished in 0.16s  res=1.638e-05
[06-30 21:24:46][DEBUG] jax_fem: CuDSSNewtonSolver: starting Newton loop
[06-30 21:24:46][DEBUG] jax_fem: DeviceProblem: computing Jacobian on device
[06-30 21:24:46][DEBUG] jax_fem: Function split_and_compute_cell took 0.0472 seconds
[06-30 21:24:46][DEBUG] jax_fem: CuDSSNewtonSolver: initial residual = 2.407e+08
[06-30 21:24:46][DEBUG] jax_fem: DeviceProblem: computing Jacobian on device
[06-30 21:24:46][DEBUG] jax_fem: Function split_and_compute_cell took 0.0472 seconds
[06-30 21:24:46][DEBUG] jax_fem: CuDSSNewtonSolver: iter=1  res=1.622e-05  rel=6.739e-14
[06-30 21:24:46][INFO] jax_fem: CuDSSNewtonSolver: solve finished in 0.14s  res=1.622e-05
[06-30 21:24:46][DEBUG] jax_fem: CuDSSNewtonSolver: starting Newton loop
[06-30 21:24:46][DEBUG] jax_fem: DeviceProblem: computing Jacobian on device
[06-30 21:24:46][DEBUG] jax_fem: Function split_and_compute_cell took 0.0369 seconds
[06-30 21:24:46][DEBUG] jax_fem: CuDSSNewtonSolver: initial residual = 2.401e+08
[06-30 21:24:46][DEBUG] jax_fem: DeviceProblem: computing Jacobian on device
[06-30 21:24:46][DEBUG] jax_fem: Function split_and_compute_cell took 0.0283 seconds
[06-30 21:24:46][DEBUG] jax_fem: CuDSSNewtonSolver: iter=1  res=1.788e-05  rel=7.449e-14
[06-30 21:24:46][INFO] jax_fem: CuDSSNewtonSolver: solve finished in 0.11s  res=1.788e-05
[06-30 21:24:46][DEBUG] jax_fem: CuDSSNewtonSolver: starting Newton loop
[06-30 21:24:46][DEBUG] jax_fem: DeviceProblem: computing Jacobian on device
[06-30 21:24:46][DEBUG] jax_fem: Function split_and_compute_cell took 0.0416 seconds
[06-30 21:24:46][DEBUG] jax_fem: CuDSSNewtonSolver: initial residual = 2.429e+08
[06-30 21:24:46][DEBUG] jax_fem: DeviceProblem: computing Jacobian on device
[06-30 21:24:46][DEBUG] jax_fem: Function split_and_compute_cell took 0.0311 seconds
[06-30 21:24:46][DEBUG] jax_fem: CuDSSNewtonSolver: iter=1  res=1.720e-05  rel=7.082e-14
[06-30 21:24:46][INFO] jax_fem: CuDSSNewtonSolver: solve finished in 0.11s  res=1.720e-05
[06-30 21:24:47][DEBUG] jax_fem: CuDSSNewtonSolver: starting Newton loop
[06-30 21:24:47][DEBUG] jax_fem: DeviceProblem: computing Jacobian on device
[06-30 21:24:47][DEBUG] jax_fem: Function split_and_compute_cell took 0.0315 seconds
[06-30 21:24:47][DEBUG] jax_fem: CuDSSNewtonSolver: initial residual = 2.414e+08
[06-30 21:24:47][DEBUG] jax_fem: DeviceProblem: computing Jacobian on device
[06-30 21:24:47][DEBUG] jax_fem: Function split_and_compute_cell took 0.0439 seconds
[06-30 21:24:47][DEBUG] jax_fem: CuDSSNewtonSolver: iter=1  res=1.179e-05  rel=4.884e-14
[06-30 21:24:47][INFO] jax_fem: CuDSSNewtonSolver: solve finished in 0.11s  res=1.179e-05
[06-30 21:24:48][DEBUG] jax_fem: CuDSSNewtonSolver: starting Newton loop
[06-30 21:24:48][DEBUG] jax_fem: DeviceProblem: computing Jacobian on device
[06-30 21:24:49][DEBUG] jax_fem: Function split_and_compute_cell took 0.0251 seconds
[06-30 21:24:49][DEBUG] jax_fem: CuDSSNewtonSolver: initial residual = 2.427e+08
[06-30 21:24:49][DEBUG] jax_fem: DeviceProblem: computing Jacobian on device
[06-30 21:24:49][DEBUG] jax_fem: Function split_and_compute_cell took 0.0259 seconds
[06-30 21:24:49][DEBUG] jax_fem: CuDSSNewtonSolver: iter=1  res=1.674e-05  rel=6.897e-14
[06-30 21:24:49][INFO] jax_fem: CuDSSNewtonSolver: solve finished in 0.09s  res=1.674e-05
[06-30 21:24:49][DEBUG] jax_fem: CuDSSNewtonSolver: starting Newton loop
[06-30 21:24:49][DEBUG] jax_fem: DeviceProblem: computing Jacobian on device
[06-30 21:24:49][DEBUG] jax_fem: Function split_and_compute_cell took 0.0260 seconds
[06-30 21:24:49][DEBUG] jax_fem: CuDSSNewtonSolver: initial residual = 2.407e+08
[06-30 21:24:49][DEBUG] jax_fem: DeviceProblem: computing Jacobian on device
[06-30 21:24:49][DEBUG] jax_fem: Function split_and_compute_cell took 0.0245 seconds
[06-30 21:24:49][DEBUG] jax_fem: CuDSSNewtonSolver: iter=1  res=1.574e-05  rel=6.539e-14
[06-30 21:24:49][INFO] jax_fem: CuDSSNewtonSolver: solve finished in 0.09s  res=1.574e-05
[06-30 21:24:50][DEBUG] jax_fem: CuDSSNewtonSolver: starting Newton loop
[06-30 21:24:50][DEBUG] jax_fem: DeviceProblem: computing Jacobian on device
[06-30 21:24:50][DEBUG] jax_fem: Function split_and_compute_cell took 0.0266 seconds
[06-30 21:24:50][DEBUG] jax_fem: CuDSSNewtonSolver: initial residual = 2.401e+08
[06-30 21:24:50][DEBUG] jax_fem: DeviceProblem: computing Jacobian on device
[06-30 21:24:50][DEBUG] jax_fem: Function split_and_compute_cell took 0.0249 seconds
[06-30 21:24:50][DEBUG] jax_fem: CuDSSNewtonSolver: iter=1  res=1.793e-05  rel=7.469e-14
[06-30 21:24:50][INFO] jax_fem: CuDSSNewtonSolver: solve finished in 0.09s  res=1.793e-05
[06-30 21:24:50][DEBUG] jax_fem: CuDSSNewtonSolver: starting Newton loop
[06-30 21:24:50][DEBUG] jax_fem: DeviceProblem: computing Jacobian on device
[06-30 21:24:50][DEBUG] jax_fem: Function split_and_compute_cell took 0.0273 seconds
[06-30 21:24:50][DEBUG] jax_fem: CuDSSNewtonSolver: initial residual = 2.429e+08
[06-30 21:24:50][DEBUG] jax_fem: DeviceProblem: computing Jacobian on device
[06-30 21:24:50][DEBUG] jax_fem: Function split_and_compute_cell took 0.0235 seconds
[06-30 21:24:50][DEBUG] jax_fem: CuDSSNewtonSolver: iter=1  res=1.753e-05  rel=7.219e-14
[06-30 21:24:50][INFO] jax_fem: CuDSSNewtonSolver: solve finished in 0.09s  res=1.753e-05
[06-30 21:24:51][DEBUG] jax_fem: CuDSSNewtonSolver: starting Newton loop
[06-30 21:24:51][DEBUG] jax_fem: DeviceProblem: computing Jacobian on device
[06-30 21:24:51][DEBUG] jax_fem: Function split_and_compute_cell took 0.0262 seconds
[06-30 21:24:51][DEBUG] jax_fem: CuDSSNewtonSolver: initial residual = 2.414e+08
[06-30 21:24:51][DEBUG] jax_fem: DeviceProblem: computing Jacobian on device
[06-30 21:24:51][DEBUG] jax_fem: Function split_and_compute_cell took 0.0251 seconds
[06-30 21:24:51][DEBUG] jax_fem: CuDSSNewtonSolver: iter=1  res=1.197e-05  rel=4.957e-14
[06-30 21:24:51][INFO] jax_fem: CuDSSNewtonSolver: solve finished in 0.09s  res=1.197e-05
[06-30 21:24:51][INFO] jax_fem: CuDSS backward: solving adjoint problem …
[06-30 21:24:51][DEBUG] jax_fem: DeviceProblem: computing Jacobian on device
[06-30 21:24:51][DEBUG] jax_fem: Function split_and_compute_cell took 0.0312 seconds
[06-30 21:24:51][DEBUG] jax_fem: Computing cell residual...
[06-30 21:24:51][DEBUG] jax_fem: Function split_and_compute_cell took 0.0556 seconds
[06-30 21:24:51][INFO] jax_fem: CuDSS backward: solving adjoint problem …
[06-30 21:24:51][DEBUG] jax_fem: DeviceProblem: computing Jacobian on device
[06-30 21:24:51][DEBUG] jax_fem: Function split_and_compute_cell took 0.0280 seconds
[06-30 21:24:52][DEBUG] jax_fem: Computing cell residual...
[06-30 21:24:52][DEBUG] jax_fem: Function split_and_compute_cell took 0.0601 seconds
[06-30 21:24:52][INFO] jax_fem: CuDSS backward: solving adjoint problem …
[06-30 21:24:52][DEBUG] jax_fem: DeviceProblem: computing Jacobian on device
[06-30 21:24:52][DEBUG] jax_fem: Function split_and_compute_cell took 0.0393 seconds
[06-30 21:24:52][DEBUG] jax_fem: Computing cell residual...
[06-30 21:24:52][DEBUG] jax_fem: Function split_and_compute_cell took 0.0680 seconds
[06-30 21:24:52][INFO] jax_fem: CuDSS backward: solving adjoint problem …
[06-30 21:24:52][DEBUG] jax_fem: DeviceProblem: computing Jacobian on device
[06-30 21:24:52][DEBUG] jax_fem: Function split_and_compute_cell took 0.0372 seconds
[06-30 21:24:52][DEBUG] jax_fem: Computing cell residual...
[06-30 21:24:52][DEBUG] jax_fem: Function split_and_compute_cell took 0.0668 seconds
[06-30 21:24:53][INFO] jax_fem: CuDSS backward: solving adjoint problem …
[06-30 21:24:53][DEBUG] jax_fem: DeviceProblem: computing Jacobian on device
[06-30 21:24:53][DEBUG] jax_fem: Function split_and_compute_cell took 0.0439 seconds
[06-30 21:24:53][DEBUG] jax_fem: Computing cell residual...
[06-30 21:24:53][DEBUG] jax_fem: Function split_and_compute_cell took 0.0739 seconds
[06-30 21:24:54][DEBUG] jax_fem: CuDSSNewtonSolver: starting Newton loop
[06-30 21:24:54][DEBUG] jax_fem: DeviceProblem: computing Jacobian on device
[06-30 21:24:54][DEBUG] jax_fem: Function split_and_compute_cell took 0.0430 seconds
[06-30 21:24:54][DEBUG] jax_fem: CuDSSNewtonSolver: initial residual = 2.427e+08
[06-30 21:24:54][DEBUG] jax_fem: DeviceProblem: computing Jacobian on device
[06-30 21:24:54][DEBUG] jax_fem: Function split_and_compute_cell took 0.0489 seconds
[06-30 21:24:54][DEBUG] jax_fem: CuDSSNewtonSolver: iter=1  res=1.680e-05  rel=6.922e-14
[06-30 21:24:54][INFO] jax_fem: CuDSSNewtonSolver: solve finished in 0.13s  res=1.680e-05
[06-30 21:24:55][DEBUG] jax_fem: CuDSSNewtonSolver: starting Newton loop
[06-30 21:24:55][DEBUG] jax_fem: DeviceProblem: computing Jacobian on device
[06-30 21:24:55][DEBUG] jax_fem: Function split_and_compute_cell took 0.0268 seconds
[06-30 21:24:55][DEBUG] jax_fem: CuDSSNewtonSolver: initial residual = 2.407e+08
[06-30 21:24:55][DEBUG] jax_fem: DeviceProblem: computing Jacobian on device
[06-30 21:24:55][DEBUG] jax_fem: Function split_and_compute_cell took 0.0502 seconds
[06-30 21:24:55][DEBUG] jax_fem: CuDSSNewtonSolver: iter=1  res=1.660e-05  rel=6.899e-14
[06-30 21:24:55][INFO] jax_fem: CuDSSNewtonSolver: solve finished in 0.12s  res=1.660e-05
[06-30 21:24:55][DEBUG] jax_fem: CuDSSNewtonSolver: starting Newton loop
[06-30 21:24:55][DEBUG] jax_fem: DeviceProblem: computing Jacobian on device
[06-30 21:24:55][DEBUG] jax_fem: Function split_and_compute_cell took 0.0346 seconds
[06-30 21:24:55][DEBUG] jax_fem: CuDSSNewtonSolver: initial residual = 2.401e+08
[06-30 21:24:55][DEBUG] jax_fem: DeviceProblem: computing Jacobian on device
[06-30 21:24:55][DEBUG] jax_fem: Function split_and_compute_cell took 0.0352 seconds
[06-30 21:24:55][DEBUG] jax_fem: CuDSSNewtonSolver: iter=1  res=1.770e-05  rel=7.371e-14
[06-30 21:24:55][INFO] jax_fem: CuDSSNewtonSolver: solve finished in 0.11s  res=1.770e-05
[06-30 21:24:55][DEBUG] jax_fem: CuDSSNewtonSolver: starting Newton loop
[06-30 21:24:55][DEBUG] jax_fem: DeviceProblem: computing Jacobian on device
[06-30 21:24:55][DEBUG] jax_fem: Function split_and_compute_cell took 0.0299 seconds
[06-30 21:24:55][DEBUG] jax_fem: CuDSSNewtonSolver: initial residual = 2.429e+08
[06-30 21:24:55][DEBUG] jax_fem: DeviceProblem: computing Jacobian on device
[06-30 21:24:55][DEBUG] jax_fem: Function split_and_compute_cell took 0.0297 seconds
[06-30 21:24:55][DEBUG] jax_fem: CuDSSNewtonSolver: iter=1  res=1.708e-05  rel=7.031e-14
[06-30 21:24:55][INFO] jax_fem: CuDSSNewtonSolver: solve finished in 0.10s  res=1.708e-05
[06-30 21:24:56][DEBUG] jax_fem: CuDSSNewtonSolver: starting Newton loop
[06-30 21:24:56][DEBUG] jax_fem: DeviceProblem: computing Jacobian on device
[06-30 21:24:56][DEBUG] jax_fem: Function split_and_compute_cell took 0.0240 seconds
[06-30 21:24:56][DEBUG] jax_fem: CuDSSNewtonSolver: initial residual = 2.414e+08
[06-30 21:24:56][DEBUG] jax_fem: DeviceProblem: computing Jacobian on device
[06-30 21:24:56][DEBUG] jax_fem: Function split_and_compute_cell took 0.0273 seconds
[06-30 21:24:56][DEBUG] jax_fem: CuDSSNewtonSolver: iter=1  res=1.205e-05  rel=4.991e-14
[06-30 21:24:56][INFO] jax_fem: CuDSSNewtonSolver: solve finished in 0.10s  res=1.205e-05
[06-30 21:24:58][DEBUG] jax_fem: CuDSSNewtonSolver: starting Newton loop
[06-30 21:24:58][DEBUG] jax_fem: DeviceProblem: computing Jacobian on device
[06-30 21:24:58][DEBUG] jax_fem: Function split_and_compute_cell took 0.0272 seconds
[06-30 21:24:58][DEBUG] jax_fem: CuDSSNewtonSolver: initial residual = 2.427e+08
[06-30 21:24:58][DEBUG] jax_fem: DeviceProblem: computing Jacobian on device
[06-30 21:24:58][DEBUG] jax_fem: Function split_and_compute_cell took 0.0278 seconds
[06-30 21:24:58][DEBUG] jax_fem: CuDSSNewtonSolver: iter=1  res=1.602e-05  rel=6.600e-14
[06-30 21:24:58][INFO] jax_fem: CuDSSNewtonSolver: solve finished in 0.09s  res=1.602e-05
[06-30 21:24:58][DEBUG] jax_fem: CuDSSNewtonSolver: starting Newton loop
[06-30 21:24:58][DEBUG] jax_fem: DeviceProblem: computing Jacobian on device
[06-30 21:24:58][DEBUG] jax_fem: Function split_and_compute_cell took 0.0276 seconds
[06-30 21:24:58][DEBUG] jax_fem: CuDSSNewtonSolver: initial residual = 2.407e+08
[06-30 21:24:58][DEBUG] jax_fem: DeviceProblem: computing Jacobian on device
[06-30 21:24:58][DEBUG] jax_fem: Function split_and_compute_cell took 0.0252 seconds
[06-30 21:24:58][DEBUG] jax_fem: CuDSSNewtonSolver: iter=1  res=1.563e-05  rel=6.493e-14
[06-30 21:24:58][INFO] jax_fem: CuDSSNewtonSolver: solve finished in 0.09s  res=1.563e-05
[06-30 21:24:59][DEBUG] jax_fem: CuDSSNewtonSolver: starting Newton loop
[06-30 21:24:59][DEBUG] jax_fem: DeviceProblem: computing Jacobian on device
[06-30 21:24:59][DEBUG] jax_fem: Function split_and_compute_cell took 0.0267 seconds
[06-30 21:24:59][DEBUG] jax_fem: CuDSSNewtonSolver: initial residual = 2.401e+08
[06-30 21:24:59][DEBUG] jax_fem: DeviceProblem: computing Jacobian on device
[06-30 21:24:59][DEBUG] jax_fem: Function split_and_compute_cell took 0.0258 seconds
[06-30 21:24:59][DEBUG] jax_fem: CuDSSNewtonSolver: iter=1  res=1.764e-05  rel=7.346e-14
[06-30 21:24:59][INFO] jax_fem: CuDSSNewtonSolver: solve finished in 0.09s  res=1.764e-05
[06-30 21:24:59][DEBUG] jax_fem: CuDSSNewtonSolver: starting Newton loop
[06-30 21:25:00][DEBUG] jax_fem: DeviceProblem: computing Jacobian on device
[06-30 21:25:00][DEBUG] jax_fem: Function split_and_compute_cell took 0.0262 seconds
[06-30 21:25:00][DEBUG] jax_fem: CuDSSNewtonSolver: initial residual = 2.429e+08
[06-30 21:25:00][DEBUG] jax_fem: DeviceProblem: computing Jacobian on device
[06-30 21:25:00][DEBUG] jax_fem: Function split_and_compute_cell took 0.0266 seconds
[06-30 21:25:00][DEBUG] jax_fem: CuDSSNewtonSolver: iter=1  res=1.708e-05  rel=7.031e-14
[06-30 21:25:00][INFO] jax_fem: CuDSSNewtonSolver: solve finished in 0.09s  res=1.708e-05
[06-30 21:25:00][DEBUG] jax_fem: CuDSSNewtonSolver: starting Newton loop
[06-30 21:25:00][DEBUG] jax_fem: DeviceProblem: computing Jacobian on device
[06-30 21:25:00][DEBUG] jax_fem: Function split_and_compute_cell took 0.0260 seconds
[06-30 21:25:00][DEBUG] jax_fem: CuDSSNewtonSolver: initial residual = 2.414e+08
[06-30 21:25:00][DEBUG] jax_fem: DeviceProblem: computing Jacobian on device
[06-30 21:25:00][DEBUG] jax_fem: Function split_and_compute_cell took 0.0266 seconds
[06-30 21:25:00][DEBUG] jax_fem: CuDSSNewtonSolver: iter=1  res=1.169e-05  rel=4.842e-14
[06-30 21:25:00][INFO] jax_fem: CuDSSNewtonSolver: solve finished in 0.09s  res=1.169e-05
[06-30 21:25:00][INFO] jax_fem: CuDSS backward: solving adjoint problem …
[06-30 21:25:00][DEBUG] jax_fem: DeviceProblem: computing Jacobian on device
[06-30 21:25:00][DEBUG] jax_fem: Function split_and_compute_cell took 0.0481 seconds
[06-30 21:25:00][DEBUG] jax_fem: Computing cell residual...
[06-30 21:25:00][DEBUG] jax_fem: Function split_and_compute_cell took 0.0737 seconds
[06-30 21:25:01][INFO] jax_fem: CuDSS backward: solving adjoint problem …
[06-30 21:25:01][DEBUG] jax_fem: DeviceProblem: computing Jacobian on device
[06-30 21:25:01][DEBUG] jax_fem: Function split_and_compute_cell took 0.0358 seconds
[06-30 21:25:01][DEBUG] jax_fem: Computing cell residual...
[06-30 21:25:01][DEBUG] jax_fem: Function split_and_compute_cell took 0.0687 seconds
[06-30 21:25:01][INFO] jax_fem: CuDSS backward: solving adjoint problem …
[06-30 21:25:01][DEBUG] jax_fem: DeviceProblem: computing Jacobian on device
[06-30 21:25:01][DEBUG] jax_fem: Function split_and_compute_cell took 0.0277 seconds
[06-30 21:25:01][DEBUG] jax_fem: Computing cell residual...
[06-30 21:25:01][DEBUG] jax_fem: Function split_and_compute_cell took 0.0575 seconds
[06-30 21:25:01][INFO] jax_fem: CuDSS backward: solving adjoint problem …
[06-30 21:25:01][DEBUG] jax_fem: DeviceProblem: computing Jacobian on device
[06-30 21:25:01][DEBUG] jax_fem: Function split_and_compute_cell took 0.0319 seconds
[06-30 21:25:02][DEBUG] jax_fem: Computing cell residual...
[06-30 21:25:02][DEBUG] jax_fem: Function split_and_compute_cell took 0.0715 seconds
[06-30 21:25:02][INFO] jax_fem: CuDSS backward: solving adjoint problem …
[06-30 21:25:02][DEBUG] jax_fem: DeviceProblem: computing Jacobian on device
[06-30 21:25:02][DEBUG] jax_fem: Function split_and_compute_cell took 0.0254 seconds
[06-30 21:25:02][DEBUG] jax_fem: Computing cell residual...
[06-30 21:25:02][DEBUG] jax_fem: Function split_and_compute_cell took 0.0728 seconds
[06-30 21:25:03][DEBUG] jax_fem: CuDSSNewtonSolver: starting Newton loop
[06-30 21:25:03][DEBUG] jax_fem: DeviceProblem: computing Jacobian on device
[06-30 21:25:03][DEBUG] jax_fem: Function split_and_compute_cell took 0.0271 seconds
[06-30 21:25:03][DEBUG] jax_fem: CuDSSNewtonSolver: initial residual = 2.427e+08
[06-30 21:25:03][DEBUG] jax_fem: DeviceProblem: computing Jacobian on device
[06-30 21:25:04][DEBUG] jax_fem: Function split_and_compute_cell took 0.0278 seconds
[06-30 21:25:04][DEBUG] jax_fem: CuDSSNewtonSolver: iter=1  res=1.634e-05  rel=6.733e-14
[06-30 21:25:04][INFO] jax_fem: CuDSSNewtonSolver: solve finished in 0.10s  res=1.634e-05
[06-30 21:25:04][DEBUG] jax_fem: CuDSSNewtonSolver: starting Newton loop
[06-30 21:25:04][DEBUG] jax_fem: DeviceProblem: computing Jacobian on device
[06-30 21:25:04][DEBUG] jax_fem: Function split_and_compute_cell took 0.0306 seconds
[06-30 21:25:04][DEBUG] jax_fem: CuDSSNewtonSolver: initial residual = 2.407e+08
[06-30 21:25:04][DEBUG] jax_fem: DeviceProblem: computing Jacobian on device
[06-30 21:25:04][DEBUG] jax_fem: Function split_and_compute_cell took 0.0336 seconds
[06-30 21:25:04][DEBUG] jax_fem: CuDSSNewtonSolver: iter=1  res=1.627e-05  rel=6.759e-14
[06-30 21:25:04][INFO] jax_fem: CuDSSNewtonSolver: solve finished in 0.10s  res=1.627e-05
[06-30 21:25:04][DEBUG] jax_fem: CuDSSNewtonSolver: starting Newton loop
[06-30 21:25:04][DEBUG] jax_fem: DeviceProblem: computing Jacobian on device
[06-30 21:25:04][DEBUG] jax_fem: Function split_and_compute_cell took 0.0316 seconds
[06-30 21:25:04][DEBUG] jax_fem: CuDSSNewtonSolver: initial residual = 2.401e+08
[06-30 21:25:04][DEBUG] jax_fem: DeviceProblem: computing Jacobian on device
[06-30 21:25:04][DEBUG] jax_fem: Function split_and_compute_cell took 0.0355 seconds
[06-30 21:25:04][DEBUG] jax_fem: CuDSSNewtonSolver: iter=1  res=1.733e-05  rel=7.217e-14
[06-30 21:25:04][INFO] jax_fem: CuDSSNewtonSolver: solve finished in 0.11s  res=1.733e-05
[06-30 21:25:04][DEBUG] jax_fem: CuDSSNewtonSolver: starting Newton loop
[06-30 21:25:04][DEBUG] jax_fem: DeviceProblem: computing Jacobian on device
[06-30 21:25:05][DEBUG] jax_fem: Function split_and_compute_cell took 0.0466 seconds
[06-30 21:25:05][DEBUG] jax_fem: CuDSSNewtonSolver: initial residual = 2.429e+08
[06-30 21:25:05][DEBUG] jax_fem: DeviceProblem: computing Jacobian on device
[06-30 21:25:05][DEBUG] jax_fem: Function split_and_compute_cell took 0.0514 seconds
[06-30 21:25:05][DEBUG] jax_fem: CuDSSNewtonSolver: iter=1  res=1.601e-05  rel=6.593e-14
[06-30 21:25:05][INFO] jax_fem: CuDSSNewtonSolver: solve finished in 0.14s  res=1.601e-05
[06-30 21:25:05][DEBUG] jax_fem: CuDSSNewtonSolver: starting Newton loop
[06-30 21:25:05][DEBUG] jax_fem: DeviceProblem: computing Jacobian on device
[06-30 21:25:05][DEBUG] jax_fem: Function split_and_compute_cell took 0.0496 seconds
[06-30 21:25:05][DEBUG] jax_fem: CuDSSNewtonSolver: initial residual = 2.414e+08
[06-30 21:25:05][DEBUG] jax_fem: DeviceProblem: computing Jacobian on device
[06-30 21:25:05][DEBUG] jax_fem: Function split_and_compute_cell took 0.0405 seconds
[06-30 21:25:05][DEBUG] jax_fem: CuDSSNewtonSolver: iter=1  res=1.210e-05  rel=5.011e-14
[06-30 21:25:05][INFO] jax_fem: CuDSSNewtonSolver: solve finished in 0.13s  res=1.210e-05
[06-30 21:25:07][DEBUG] jax_fem: CuDSSNewtonSolver: starting Newton loop
[06-30 21:25:07][DEBUG] jax_fem: DeviceProblem: computing Jacobian on device
[06-30 21:25:07][DEBUG] jax_fem: Function split_and_compute_cell took 0.0282 seconds
[06-30 21:25:07][DEBUG] jax_fem: CuDSSNewtonSolver: initial residual = 2.427e+08
[06-30 21:25:07][DEBUG] jax_fem: DeviceProblem: computing Jacobian on device
[06-30 21:25:07][DEBUG] jax_fem: Function split_and_compute_cell took 0.0271 seconds
[06-30 21:25:07][DEBUG] jax_fem: CuDSSNewtonSolver: iter=1  res=1.610e-05  rel=6.634e-14
[06-30 21:25:07][INFO] jax_fem: CuDSSNewtonSolver: solve finished in 0.09s  res=1.610e-05
[06-30 21:25:07][DEBUG] jax_fem: CuDSSNewtonSolver: starting Newton loop
[06-30 21:25:07][DEBUG] jax_fem: DeviceProblem: computing Jacobian on device
[06-30 21:25:07][DEBUG] jax_fem: Function split_and_compute_cell took 0.0253 seconds
[06-30 21:25:07][DEBUG] jax_fem: CuDSSNewtonSolver: initial residual = 2.407e+08
[06-30 21:25:07][DEBUG] jax_fem: DeviceProblem: computing Jacobian on device
[06-30 21:25:07][DEBUG] jax_fem: Function split_and_compute_cell took 0.0255 seconds
[06-30 21:25:07][DEBUG] jax_fem: CuDSSNewtonSolver: iter=1  res=1.639e-05  rel=6.810e-14
[06-30 21:25:07][INFO] jax_fem: CuDSSNewtonSolver: solve finished in 0.09s  res=1.639e-05
[06-30 21:25:08][DEBUG] jax_fem: CuDSSNewtonSolver: starting Newton loop
[06-30 21:25:08][DEBUG] jax_fem: DeviceProblem: computing Jacobian on device
[06-30 21:25:08][DEBUG] jax_fem: Function split_and_compute_cell took 0.0251 seconds
[06-30 21:25:08][DEBUG] jax_fem: CuDSSNewtonSolver: initial residual = 2.401e+08
[06-30 21:25:08][DEBUG] jax_fem: DeviceProblem: computing Jacobian on device
[06-30 21:25:08][DEBUG] jax_fem: Function split_and_compute_cell took 0.0280 seconds
[06-30 21:25:08][DEBUG] jax_fem: CuDSSNewtonSolver: iter=1  res=1.868e-05  rel=7.780e-14
[06-30 21:25:08][INFO] jax_fem: CuDSSNewtonSolver: solve finished in 0.09s  res=1.868e-05
[06-30 21:25:08][DEBUG] jax_fem: CuDSSNewtonSolver: starting Newton loop
[06-30 21:25:08][DEBUG] jax_fem: DeviceProblem: computing Jacobian on device
[06-30 21:25:09][DEBUG] jax_fem: Function split_and_compute_cell took 0.0260 seconds
[06-30 21:25:09][DEBUG] jax_fem: CuDSSNewtonSolver: initial residual = 2.429e+08
[06-30 21:25:09][DEBUG] jax_fem: DeviceProblem: computing Jacobian on device
[06-30 21:25:09][DEBUG] jax_fem: Function split_and_compute_cell took 0.0242 seconds
[06-30 21:25:09][DEBUG] jax_fem: CuDSSNewtonSolver: iter=1  res=1.688e-05  rel=6.952e-14
[06-30 21:25:09][INFO] jax_fem: CuDSSNewtonSolver: solve finished in 0.09s  res=1.688e-05
[06-30 21:25:09][DEBUG] jax_fem: CuDSSNewtonSolver: starting Newton loop
[06-30 21:25:09][DEBUG] jax_fem: DeviceProblem: computing Jacobian on device
[06-30 21:25:09][DEBUG] jax_fem: Function split_and_compute_cell took 0.0262 seconds
[06-30 21:25:09][DEBUG] jax_fem: CuDSSNewtonSolver: initial residual = 2.414e+08
[06-30 21:25:09][DEBUG] jax_fem: DeviceProblem: computing Jacobian on device
[06-30 21:25:09][DEBUG] jax_fem: Function split_and_compute_cell took 0.0257 seconds
[06-30 21:25:09][DEBUG] jax_fem: CuDSSNewtonSolver: iter=1  res=1.198e-05  rel=4.962e-14
[06-30 21:25:09][INFO] jax_fem: CuDSSNewtonSolver: solve finished in 0.09s  res=1.198e-05
[06-30 21:25:09][INFO] jax_fem: CuDSS backward: solving adjoint problem …
[06-30 21:25:09][DEBUG] jax_fem: DeviceProblem: computing Jacobian on device
[06-30 21:25:09][DEBUG] jax_fem: Function split_and_compute_cell took 0.0310 seconds
[06-30 21:25:09][DEBUG] jax_fem: Computing cell residual...
[06-30 21:25:10][DEBUG] jax_fem: Function split_and_compute_cell took 0.0684 seconds
[06-30 21:25:10][INFO] jax_fem: CuDSS backward: solving adjoint problem …
[06-30 21:25:10][DEBUG] jax_fem: DeviceProblem: computing Jacobian on device
[06-30 21:25:10][DEBUG] jax_fem: Function split_and_compute_cell took 0.0404 seconds
[06-30 21:25:10][DEBUG] jax_fem: Computing cell residual...
[06-30 21:25:10][DEBUG] jax_fem: Function split_and_compute_cell took 0.0750 seconds
[06-30 21:25:10][INFO] jax_fem: CuDSS backward: solving adjoint problem …
[06-30 21:25:10][DEBUG] jax_fem: DeviceProblem: computing Jacobian on device
[06-30 21:25:10][DEBUG] jax_fem: Function split_and_compute_cell took 0.0447 seconds
[06-30 21:25:10][DEBUG] jax_fem: Computing cell residual...
[06-30 21:25:10][DEBUG] jax_fem: Function split_and_compute_cell took 0.0645 seconds
[06-30 21:25:11][INFO] jax_fem: CuDSS backward: solving adjoint problem …
[06-30 21:25:11][DEBUG] jax_fem: DeviceProblem: computing Jacobian on device
[06-30 21:25:11][DEBUG] jax_fem: Function split_and_compute_cell took 0.0368 seconds
[06-30 21:25:11][DEBUG] jax_fem: Computing cell residual...
[06-30 21:25:11][DEBUG] jax_fem: Function split_and_compute_cell took 0.0646 seconds
[06-30 21:25:11][INFO] jax_fem: CuDSS backward: solving adjoint problem …
[06-30 21:25:11][DEBUG] jax_fem: DeviceProblem: computing Jacobian on device
[06-30 21:25:11][DEBUG] jax_fem: Function split_and_compute_cell took 0.0271 seconds
[06-30 21:25:11][DEBUG] jax_fem: Computing cell residual...
[06-30 21:25:11][DEBUG] jax_fem: Function split_and_compute_cell took 0.0567 seconds
[06-30 21:25:13][DEBUG] jax_fem: CuDSSNewtonSolver: starting Newton loop
[06-30 21:25:13][DEBUG] jax_fem: DeviceProblem: computing Jacobian on device
[06-30 21:25:13][DEBUG] jax_fem: Function split_and_compute_cell took 0.0546 seconds
[06-30 21:25:13][DEBUG] jax_fem: CuDSSNewtonSolver: initial residual = 2.427e+08
[06-30 21:25:13][DEBUG] jax_fem: DeviceProblem: computing Jacobian on device
[06-30 21:25:13][DEBUG] jax_fem: Function split_and_compute_cell took 0.0389 seconds
[06-30 21:25:13][DEBUG] jax_fem: CuDSSNewtonSolver: iter=1  res=1.566e-05  rel=6.454e-14
[06-30 21:25:13][INFO] jax_fem: CuDSSNewtonSolver: solve finished in 0.14s  res=1.566e-05
[06-30 21:25:13][DEBUG] jax_fem: CuDSSNewtonSolver: starting Newton loop
[06-30 21:25:13][DEBUG] jax_fem: DeviceProblem: computing Jacobian on device
[06-30 21:25:13][DEBUG] jax_fem: Function split_and_compute_cell took 0.0282 seconds
[06-30 21:25:13][DEBUG] jax_fem: CuDSSNewtonSolver: initial residual = 2.407e+08
[06-30 21:25:13][DEBUG] jax_fem: DeviceProblem: computing Jacobian on device
[06-30 21:25:13][DEBUG] jax_fem: Function split_and_compute_cell took 0.0340 seconds
[06-30 21:25:13][DEBUG] jax_fem: CuDSSNewtonSolver: iter=1  res=1.568e-05  rel=6.516e-14
[06-30 21:25:13][INFO] jax_fem: CuDSSNewtonSolver: solve finished in 0.10s  res=1.568e-05
[06-30 21:25:13][DEBUG] jax_fem: CuDSSNewtonSolver: starting Newton loop
[06-30 21:25:13][DEBUG] jax_fem: DeviceProblem: computing Jacobian on device
[06-30 21:25:13][DEBUG] jax_fem: Function split_and_compute_cell took 0.0402 seconds
[06-30 21:25:13][DEBUG] jax_fem: CuDSSNewtonSolver: initial residual = 2.401e+08
[06-30 21:25:13][DEBUG] jax_fem: DeviceProblem: computing Jacobian on device
[06-30 21:25:14][DEBUG] jax_fem: Function split_and_compute_cell took 0.0542 seconds
[06-30 21:25:14][DEBUG] jax_fem: CuDSSNewtonSolver: iter=1  res=1.697e-05  rel=7.068e-14
[06-30 21:25:14][INFO] jax_fem: CuDSSNewtonSolver: solve finished in 0.13s  res=1.697e-05
[06-30 21:25:14][DEBUG] jax_fem: CuDSSNewtonSolver: starting Newton loop
[06-30 21:25:14][DEBUG] jax_fem: DeviceProblem: computing Jacobian on device
[06-30 21:25:14][DEBUG] jax_fem: Function split_and_compute_cell took 0.0463 seconds
[06-30 21:25:14][DEBUG] jax_fem: CuDSSNewtonSolver: initial residual = 2.429e+08
[06-30 21:25:14][DEBUG] jax_fem: DeviceProblem: computing Jacobian on device
[06-30 21:25:14][DEBUG] jax_fem: Function split_and_compute_cell took 0.0360 seconds
[06-30 21:25:14][DEBUG] jax_fem: CuDSSNewtonSolver: iter=1  res=1.626e-05  rel=6.697e-14
[06-30 21:25:14][INFO] jax_fem: CuDSSNewtonSolver: solve finished in 0.13s  res=1.626e-05
[06-30 21:25:14][DEBUG] jax_fem: CuDSSNewtonSolver: starting Newton loop
[06-30 21:25:14][DEBUG] jax_fem: DeviceProblem: computing Jacobian on device
[06-30 21:25:14][DEBUG] jax_fem: Function split_and_compute_cell took 0.0373 seconds
[06-30 21:25:14][DEBUG] jax_fem: CuDSSNewtonSolver: initial residual = 2.414e+08
[06-30 21:25:14][DEBUG] jax_fem: DeviceProblem: computing Jacobian on device
[06-30 21:25:14][DEBUG] jax_fem: Function split_and_compute_cell took 0.0327 seconds
[06-30 21:25:14][DEBUG] jax_fem: CuDSSNewtonSolver: iter=1  res=1.190e-05  rel=4.927e-14
[06-30 21:25:14][INFO] jax_fem: CuDSSNewtonSolver: solve finished in 0.11s  res=1.190e-05
[06-30 21:25:16][DEBUG] jax_fem: CuDSSNewtonSolver: starting Newton loop
[06-30 21:25:16][DEBUG] jax_fem: DeviceProblem: computing Jacobian on device
[06-30 21:25:16][DEBUG] jax_fem: Function split_and_compute_cell took 0.0258 seconds
[06-30 21:25:16][DEBUG] jax_fem: CuDSSNewtonSolver: initial residual = 2.427e+08
[06-30 21:25:16][DEBUG] jax_fem: DeviceProblem: computing Jacobian on device
[06-30 21:25:16][DEBUG] jax_fem: Function split_and_compute_cell took 0.0270 seconds
[06-30 21:25:16][DEBUG] jax_fem: CuDSSNewtonSolver: iter=1  res=1.510e-05  rel=6.220e-14
[06-30 21:25:16][INFO] jax_fem: CuDSSNewtonSolver: solve finished in 0.09s  res=1.510e-05
[06-30 21:25:17][DEBUG] jax_fem: CuDSSNewtonSolver: starting Newton loop
[06-30 21:25:17][DEBUG] jax_fem: DeviceProblem: computing Jacobian on device
[06-30 21:25:17][DEBUG] jax_fem: Function split_and_compute_cell took 0.0265 seconds
[06-30 21:25:17][DEBUG] jax_fem: CuDSSNewtonSolver: initial residual = 2.407e+08
[06-30 21:25:17][DEBUG] jax_fem: DeviceProblem: computing Jacobian on device
[06-30 21:25:17][DEBUG] jax_fem: Function split_and_compute_cell took 0.0268 seconds
[06-30 21:25:17][DEBUG] jax_fem: CuDSSNewtonSolver: iter=1  res=1.652e-05  rel=6.865e-14
[06-30 21:25:17][INFO] jax_fem: CuDSSNewtonSolver: solve finished in 0.09s  res=1.652e-05
[06-30 21:25:17][DEBUG] jax_fem: CuDSSNewtonSolver: starting Newton loop
[06-30 21:25:17][DEBUG] jax_fem: DeviceProblem: computing Jacobian on device
[06-30 21:25:17][DEBUG] jax_fem: Function split_and_compute_cell took 0.0248 seconds
[06-30 21:25:17][DEBUG] jax_fem: CuDSSNewtonSolver: initial residual = 2.401e+08
[06-30 21:25:17][DEBUG] jax_fem: DeviceProblem: computing Jacobian on device
[06-30 21:25:17][DEBUG] jax_fem: Function split_and_compute_cell took 0.0248 seconds
[06-30 21:25:17][DEBUG] jax_fem: CuDSSNewtonSolver: iter=1  res=1.701e-05  rel=7.085e-14
[06-30 21:25:17][INFO] jax_fem: CuDSSNewtonSolver: solve finished in 0.08s  res=1.701e-05
[06-30 21:25:18][DEBUG] jax_fem: CuDSSNewtonSolver: starting Newton loop
[06-30 21:25:18][DEBUG] jax_fem: DeviceProblem: computing Jacobian on device
[06-30 21:25:18][DEBUG] jax_fem: Function split_and_compute_cell took 0.0257 seconds
[06-30 21:25:18][DEBUG] jax_fem: CuDSSNewtonSolver: initial residual = 2.429e+08
[06-30 21:25:18][DEBUG] jax_fem: DeviceProblem: computing Jacobian on device
[06-30 21:25:18][DEBUG] jax_fem: Function split_and_compute_cell took 0.0244 seconds
[06-30 21:25:18][DEBUG] jax_fem: CuDSSNewtonSolver: iter=1  res=1.611e-05  rel=6.634e-14
[06-30 21:25:18][INFO] jax_fem: CuDSSNewtonSolver: solve finished in 0.09s  res=1.611e-05
[06-30 21:25:18][DEBUG] jax_fem: CuDSSNewtonSolver: starting Newton loop
[06-30 21:25:18][DEBUG] jax_fem: DeviceProblem: computing Jacobian on device
[06-30 21:25:18][DEBUG] jax_fem: Function split_and_compute_cell took 0.0256 seconds
[06-30 21:25:18][DEBUG] jax_fem: CuDSSNewtonSolver: initial residual = 2.414e+08
[06-30 21:25:18][DEBUG] jax_fem: DeviceProblem: computing Jacobian on device
[06-30 21:25:18][DEBUG] jax_fem: Function split_and_compute_cell took 0.0256 seconds
[06-30 21:25:18][DEBUG] jax_fem: CuDSSNewtonSolver: iter=1  res=1.228e-05  rel=5.086e-14
[06-30 21:25:18][INFO] jax_fem: CuDSSNewtonSolver: solve finished in 0.09s  res=1.228e-05
[06-30 21:25:19][INFO] jax_fem: CuDSS backward: solving adjoint problem …
[06-30 21:25:19][DEBUG] jax_fem: DeviceProblem: computing Jacobian on device
[06-30 21:25:19][DEBUG] jax_fem: Function split_and_compute_cell took 0.0459 seconds
[06-30 21:25:19][DEBUG] jax_fem: Computing cell residual...
[06-30 21:25:19][DEBUG] jax_fem: Function split_and_compute_cell took 0.0655 seconds
[06-30 21:25:19][INFO] jax_fem: CuDSS backward: solving adjoint problem …
[06-30 21:25:19][DEBUG] jax_fem: DeviceProblem: computing Jacobian on device
[06-30 21:25:19][DEBUG] jax_fem: Function split_and_compute_cell took 0.0248 seconds
[06-30 21:25:19][DEBUG] jax_fem: Computing cell residual...
[06-30 21:25:19][DEBUG] jax_fem: Function split_and_compute_cell took 0.0723 seconds
[06-30 21:25:19][INFO] jax_fem: CuDSS backward: solving adjoint problem …
[06-30 21:25:19][DEBUG] jax_fem: DeviceProblem: computing Jacobian on device
[06-30 21:25:19][DEBUG] jax_fem: Function split_and_compute_cell took 0.0319 seconds
[06-30 21:25:19][DEBUG] jax_fem: Computing cell residual...
[06-30 21:25:19][DEBUG] jax_fem: Function split_and_compute_cell took 0.0533 seconds
[06-30 21:25:20][INFO] jax_fem: CuDSS backward: solving adjoint problem …
[06-30 21:25:20][DEBUG] jax_fem: DeviceProblem: computing Jacobian on device
[06-30 21:25:20][DEBUG] jax_fem: Function split_and_compute_cell took 0.0361 seconds
[06-30 21:25:20][DEBUG] jax_fem: Computing cell residual...
[06-30 21:25:20][DEBUG] jax_fem: Function split_and_compute_cell took 0.0614 seconds
[06-30 21:25:20][INFO] jax_fem: CuDSS backward: solving adjoint problem …
[06-30 21:25:20][DEBUG] jax_fem: DeviceProblem: computing Jacobian on device
[06-30 21:25:20][DEBUG] jax_fem: Function split_and_compute_cell took 0.0408 seconds
[06-30 21:25:20][DEBUG] jax_fem: Computing cell residual...
[06-30 21:25:20][DEBUG] jax_fem: Function split_and_compute_cell took 0.0814 seconds
[06-30 21:25:22][DEBUG] jax_fem: CuDSSNewtonSolver: starting Newton loop
[06-30 21:25:22][DEBUG] jax_fem: DeviceProblem: computing Jacobian on device
[06-30 21:25:22][DEBUG] jax_fem: Function split_and_compute_cell took 0.0325 seconds
[06-30 21:25:22][DEBUG] jax_fem: CuDSSNewtonSolver: initial residual = 2.427e+08
[06-30 21:25:22][DEBUG] jax_fem: DeviceProblem: computing Jacobian on device
[06-30 21:25:22][DEBUG] jax_fem: Function split_and_compute_cell took 0.0239 seconds
[06-30 21:25:22][DEBUG] jax_fem: CuDSSNewtonSolver: iter=1  res=1.551e-05  rel=6.392e-14
[06-30 21:25:22][INFO] jax_fem: CuDSSNewtonSolver: solve finished in 0.10s  res=1.551e-05
[06-30 21:25:22][DEBUG] jax_fem: CuDSSNewtonSolver: starting Newton loop
[06-30 21:25:22][DEBUG] jax_fem: DeviceProblem: computing Jacobian on device
[06-30 21:25:22][DEBUG] jax_fem: Function split_and_compute_cell took 0.0305 seconds
[06-30 21:25:22][DEBUG] jax_fem: CuDSSNewtonSolver: initial residual = 2.407e+08
[06-30 21:25:22][DEBUG] jax_fem: DeviceProblem: computing Jacobian on device
[06-30 21:25:22][DEBUG] jax_fem: Function split_and_compute_cell took 0.0223 seconds
[06-30 21:25:22][DEBUG] jax_fem: CuDSSNewtonSolver: iter=1  res=1.641e-05  rel=6.820e-14
[06-30 21:25:22][INFO] jax_fem: CuDSSNewtonSolver: solve finished in 0.09s  res=1.641e-05
[06-30 21:25:22][DEBUG] jax_fem: CuDSSNewtonSolver: starting Newton loop
[06-30 21:25:22][DEBUG] jax_fem: DeviceProblem: computing Jacobian on device
[06-30 21:25:22][DEBUG] jax_fem: Function split_and_compute_cell took 0.0309 seconds
[06-30 21:25:22][DEBUG] jax_fem: CuDSSNewtonSolver: initial residual = 2.401e+08
[06-30 21:25:22][DEBUG] jax_fem: DeviceProblem: computing Jacobian on device
[06-30 21:25:22][DEBUG] jax_fem: Function split_and_compute_cell took 0.0250 seconds
[06-30 21:25:22][DEBUG] jax_fem: CuDSSNewtonSolver: iter=1  res=1.722e-05  rel=7.174e-14
[06-30 21:25:22][INFO] jax_fem: CuDSSNewtonSolver: solve finished in 0.10s  res=1.722e-05
[06-30 21:25:23][DEBUG] jax_fem: CuDSSNewtonSolver: starting Newton loop
[06-30 21:25:23][DEBUG] jax_fem: DeviceProblem: computing Jacobian on device
[06-30 21:25:23][DEBUG] jax_fem: Function split_and_compute_cell took 0.0266 seconds
[06-30 21:25:23][DEBUG] jax_fem: CuDSSNewtonSolver: initial residual = 2.429e+08
[06-30 21:25:23][DEBUG] jax_fem: DeviceProblem: computing Jacobian on device
[06-30 21:25:23][DEBUG] jax_fem: Function split_and_compute_cell took 0.0447 seconds
[06-30 21:25:23][DEBUG] jax_fem: CuDSSNewtonSolver: iter=1  res=1.653e-05  rel=6.804e-14
[06-30 21:25:23][INFO] jax_fem: CuDSSNewtonSolver: solve finished in 0.11s  res=1.653e-05
[06-30 21:25:23][DEBUG] jax_fem: CuDSSNewtonSolver: starting Newton loop
[06-30 21:25:23][DEBUG] jax_fem: DeviceProblem: computing Jacobian on device
[06-30 21:25:23][DEBUG] jax_fem: Function split_and_compute_cell took 0.0340 seconds
[06-30 21:25:23][DEBUG] jax_fem: CuDSSNewtonSolver: initial residual = 2.414e+08
[06-30 21:25:23][DEBUG] jax_fem: DeviceProblem: computing Jacobian on device
[06-30 21:25:23][DEBUG] jax_fem: Function split_and_compute_cell took 0.0269 seconds
[06-30 21:25:23][DEBUG] jax_fem: CuDSSNewtonSolver: iter=1  res=1.150e-05  rel=4.763e-14
[06-30 21:25:23][INFO] jax_fem: CuDSSNewtonSolver: solve finished in 0.10s  res=1.150e-05
[06-30 21:25:25][DEBUG] jax_fem: CuDSSNewtonSolver: starting Newton loop
[06-30 21:25:25][DEBUG] jax_fem: DeviceProblem: computing Jacobian on device
[06-30 21:25:25][DEBUG] jax_fem: Function split_and_compute_cell took 0.0261 seconds
[06-30 21:25:25][DEBUG] jax_fem: CuDSSNewtonSolver: initial residual = 2.427e+08
[06-30 21:25:25][DEBUG] jax_fem: DeviceProblem: computing Jacobian on device
[06-30 21:25:25][DEBUG] jax_fem: Function split_and_compute_cell took 0.0261 seconds
[06-30 21:25:25][DEBUG] jax_fem: CuDSSNewtonSolver: iter=1  res=1.689e-05  rel=6.957e-14
[06-30 21:25:25][INFO] jax_fem: CuDSSNewtonSolver: solve finished in 0.09s  res=1.689e-05
[06-30 21:25:26][DEBUG] jax_fem: CuDSSNewtonSolver: starting Newton loop
[06-30 21:25:26][DEBUG] jax_fem: DeviceProblem: computing Jacobian on device
[06-30 21:25:26][DEBUG] jax_fem: Function split_and_compute_cell took 0.0255 seconds
[06-30 21:25:26][DEBUG] jax_fem: CuDSSNewtonSolver: initial residual = 2.407e+08
[06-30 21:25:26][DEBUG] jax_fem: DeviceProblem: computing Jacobian on device
[06-30 21:25:26][DEBUG] jax_fem: Function split_and_compute_cell took 0.0231 seconds
[06-30 21:25:26][DEBUG] jax_fem: CuDSSNewtonSolver: iter=1  res=1.658e-05  rel=6.887e-14
[06-30 21:25:26][INFO] jax_fem: CuDSSNewtonSolver: solve finished in 0.08s  res=1.658e-05
[06-30 21:25:26][DEBUG] jax_fem: CuDSSNewtonSolver: starting Newton loop
[06-30 21:25:26][DEBUG] jax_fem: DeviceProblem: computing Jacobian on device
[06-30 21:25:26][DEBUG] jax_fem: Function split_and_compute_cell took 0.0271 seconds
[06-30 21:25:26][DEBUG] jax_fem: CuDSSNewtonSolver: initial residual = 2.401e+08
[06-30 21:25:26][DEBUG] jax_fem: DeviceProblem: computing Jacobian on device
[06-30 21:25:26][DEBUG] jax_fem: Function split_and_compute_cell took 0.0264 seconds
[06-30 21:25:26][DEBUG] jax_fem: CuDSSNewtonSolver: iter=1  res=1.697e-05  rel=7.070e-14
[06-30 21:25:26][INFO] jax_fem: CuDSSNewtonSolver: solve finished in 0.09s  res=1.697e-05
[06-30 21:25:27][DEBUG] jax_fem: CuDSSNewtonSolver: starting Newton loop
[06-30 21:25:27][DEBUG] jax_fem: DeviceProblem: computing Jacobian on device
[06-30 21:25:27][DEBUG] jax_fem: Function split_and_compute_cell took 0.0262 seconds
[06-30 21:25:27][DEBUG] jax_fem: CuDSSNewtonSolver: initial residual = 2.429e+08
[06-30 21:25:27][DEBUG] jax_fem: DeviceProblem: computing Jacobian on device
[06-30 21:25:27][DEBUG] jax_fem: Function split_and_compute_cell took 0.0267 seconds
[06-30 21:25:27][DEBUG] jax_fem: CuDSSNewtonSolver: iter=1  res=1.603e-05  rel=6.602e-14
[06-30 21:25:27][INFO] jax_fem: CuDSSNewtonSolver: solve finished in 0.09s  res=1.603e-05
[06-30 21:25:27][DEBUG] jax_fem: CuDSSNewtonSolver: starting Newton loop
[06-30 21:25:27][DEBUG] jax_fem: DeviceProblem: computing Jacobian on device
[06-30 21:25:27][DEBUG] jax_fem: Function split_and_compute_cell took 0.0250 seconds
[06-30 21:25:27][DEBUG] jax_fem: CuDSSNewtonSolver: initial residual = 2.414e+08
[06-30 21:25:27][DEBUG] jax_fem: DeviceProblem: computing Jacobian on device
[06-30 21:25:28][DEBUG] jax_fem: Function split_and_compute_cell took 0.0268 seconds
[06-30 21:25:28][DEBUG] jax_fem: CuDSSNewtonSolver: iter=1  res=1.151e-05  rel=4.769e-14
[06-30 21:25:28][INFO] jax_fem: CuDSSNewtonSolver: solve finished in 0.09s  res=1.151e-05
[06-30 21:25:28][INFO] jax_fem: CuDSS backward: solving adjoint problem …
[06-30 21:25:28][DEBUG] jax_fem: DeviceProblem: computing Jacobian on device
[06-30 21:25:28][DEBUG] jax_fem: Function split_and_compute_cell took 0.0307 seconds
[06-30 21:25:28][DEBUG] jax_fem: Computing cell residual...
[06-30 21:25:28][DEBUG] jax_fem: Function split_and_compute_cell took 0.0695 seconds
[06-30 21:25:28][INFO] jax_fem: CuDSS backward: solving adjoint problem …
[06-30 21:25:28][DEBUG] jax_fem: DeviceProblem: computing Jacobian on device
[06-30 21:25:28][DEBUG] jax_fem: Function split_and_compute_cell took 0.0311 seconds
[06-30 21:25:28][DEBUG] jax_fem: Computing cell residual...
[06-30 21:25:28][DEBUG] jax_fem: Function split_and_compute_cell took 0.0615 seconds
[06-30 21:25:28][INFO] jax_fem: CuDSS backward: solving adjoint problem …
[06-30 21:25:28][DEBUG] jax_fem: DeviceProblem: computing Jacobian on device
[06-30 21:25:28][DEBUG] jax_fem: Function split_and_compute_cell took 0.0370 seconds
[06-30 21:25:28][DEBUG] jax_fem: Computing cell residual...
[06-30 21:25:29][DEBUG] jax_fem: Function split_and_compute_cell took 0.0637 seconds
[06-30 21:25:29][INFO] jax_fem: CuDSS backward: solving adjoint problem …
[06-30 21:25:29][DEBUG] jax_fem: DeviceProblem: computing Jacobian on device
[06-30 21:25:29][DEBUG] jax_fem: Function split_and_compute_cell took 0.0334 seconds
[06-30 21:25:29][DEBUG] jax_fem: Computing cell residual...
[06-30 21:25:29][DEBUG] jax_fem: Function split_and_compute_cell took 0.0700 seconds
[06-30 21:25:29][INFO] jax_fem: CuDSS backward: solving adjoint problem …
[06-30 21:25:29][DEBUG] jax_fem: DeviceProblem: computing Jacobian on device
[06-30 21:25:29][DEBUG] jax_fem: Function split_and_compute_cell took 0.0336 seconds
[06-30 21:25:29][DEBUG] jax_fem: Computing cell residual...
[06-30 21:25:29][DEBUG] jax_fem: Function split_and_compute_cell took 0.0774 seconds
[06-30 21:25:31][DEBUG] jax_fem: CuDSSNewtonSolver: starting Newton loop
[06-30 21:25:31][DEBUG] jax_fem: DeviceProblem: computing Jacobian on device
[06-30 21:25:31][DEBUG] jax_fem: Function split_and_compute_cell took 0.0317 seconds
[06-30 21:25:31][DEBUG] jax_fem: CuDSSNewtonSolver: initial residual = 2.427e+08
[06-30 21:25:31][DEBUG] jax_fem: DeviceProblem: computing Jacobian on device
[06-30 21:25:31][DEBUG] jax_fem: Function split_and_compute_cell took 0.0328 seconds
[06-30 21:25:31][DEBUG] jax_fem: CuDSSNewtonSolver: iter=1  res=1.493e-05  rel=6.153e-14
[06-30 21:25:31][INFO] jax_fem: CuDSSNewtonSolver: solve finished in 0.10s  res=1.493e-05
[06-30 21:25:31][DEBUG] jax_fem: CuDSSNewtonSolver: starting Newton loop
[06-30 21:25:31][DEBUG] jax_fem: DeviceProblem: computing Jacobian on device
[06-30 21:25:31][DEBUG] jax_fem: Function split_and_compute_cell took 0.0401 seconds
[06-30 21:25:31][DEBUG] jax_fem: CuDSSNewtonSolver: initial residual = 2.407e+08
[06-30 21:25:31][DEBUG] jax_fem: DeviceProblem: computing Jacobian on device
[06-30 21:25:31][DEBUG] jax_fem: Function split_and_compute_cell took 0.0364 seconds
[06-30 21:25:31][DEBUG] jax_fem: CuDSSNewtonSolver: iter=1  res=1.589e-05  rel=6.600e-14
[06-30 21:25:31][INFO] jax_fem: CuDSSNewtonSolver: solve finished in 0.12s  res=1.589e-05
[06-30 21:25:32][DEBUG] jax_fem: CuDSSNewtonSolver: starting Newton loop
[06-30 21:25:32][DEBUG] jax_fem: DeviceProblem: computing Jacobian on device
[06-30 21:25:32][DEBUG] jax_fem: Function split_and_compute_cell took 0.0357 seconds
[06-30 21:25:32][DEBUG] jax_fem: CuDSSNewtonSolver: initial residual = 2.401e+08
[06-30 21:25:32][DEBUG] jax_fem: DeviceProblem: computing Jacobian on device
[06-30 21:25:32][DEBUG] jax_fem: Function split_and_compute_cell took 0.0305 seconds
[06-30 21:25:32][DEBUG] jax_fem: CuDSSNewtonSolver: iter=1  res=1.793e-05  rel=7.468e-14
[06-30 21:25:32][INFO] jax_fem: CuDSSNewtonSolver: solve finished in 0.11s  res=1.793e-05
[06-30 21:25:32][DEBUG] jax_fem: CuDSSNewtonSolver: starting Newton loop
[06-30 21:25:32][DEBUG] jax_fem: DeviceProblem: computing Jacobian on device
[06-30 21:25:32][DEBUG] jax_fem: Function split_and_compute_cell took 0.0520 seconds
[06-30 21:25:32][DEBUG] jax_fem: CuDSSNewtonSolver: initial residual = 2.429e+08
[06-30 21:25:32][DEBUG] jax_fem: DeviceProblem: computing Jacobian on device
[06-30 21:25:32][DEBUG] jax_fem: Function split_and_compute_cell took 0.0546 seconds
[06-30 21:25:32][DEBUG] jax_fem: CuDSSNewtonSolver: iter=1  res=1.713e-05  rel=7.053e-14
[06-30 21:25:32][INFO] jax_fem: CuDSSNewtonSolver: solve finished in 0.15s  res=1.713e-05
[06-30 21:25:32][DEBUG] jax_fem: CuDSSNewtonSolver: starting Newton loop
[06-30 21:25:32][DEBUG] jax_fem: DeviceProblem: computing Jacobian on device
[06-30 21:25:32][DEBUG] jax_fem: Function split_and_compute_cell took 0.0661 seconds
[06-30 21:25:32][DEBUG] jax_fem: CuDSSNewtonSolver: initial residual = 2.414e+08
[06-30 21:25:32][DEBUG] jax_fem: DeviceProblem: computing Jacobian on device
[06-30 21:25:32][DEBUG] jax_fem: Function split_and_compute_cell took 0.0498 seconds
[06-30 21:25:32][DEBUG] jax_fem: CuDSSNewtonSolver: iter=1  res=1.203e-05  rel=4.982e-14
[06-30 21:25:32][INFO] jax_fem: CuDSSNewtonSolver: solve finished in 0.16s  res=1.203e-05
[06-30 21:25:34][DEBUG] jax_fem: CuDSSNewtonSolver: starting Newton loop
[06-30 21:25:34][DEBUG] jax_fem: DeviceProblem: computing Jacobian on device
[06-30 21:25:34][DEBUG] jax_fem: Function split_and_compute_cell took 0.0270 seconds
[06-30 21:25:34][DEBUG] jax_fem: CuDSSNewtonSolver: initial residual = 2.427e+08
[06-30 21:25:34][DEBUG] jax_fem: DeviceProblem: computing Jacobian on device
[06-30 21:25:34][DEBUG] jax_fem: Function split_and_compute_cell took 0.0265 seconds
[06-30 21:25:34][DEBUG] jax_fem: CuDSSNewtonSolver: iter=1  res=1.655e-05  rel=6.820e-14
[06-30 21:25:34][INFO] jax_fem: CuDSSNewtonSolver: solve finished in 0.09s  res=1.655e-05
[06-30 21:25:35][DEBUG] jax_fem: CuDSSNewtonSolver: starting Newton loop
[06-30 21:25:35][DEBUG] jax_fem: DeviceProblem: computing Jacobian on device
[06-30 21:25:35][DEBUG] jax_fem: Function split_and_compute_cell took 0.0266 seconds
[06-30 21:25:35][DEBUG] jax_fem: CuDSSNewtonSolver: initial residual = 2.407e+08
[06-30 21:25:35][DEBUG] jax_fem: DeviceProblem: computing Jacobian on device
[06-30 21:25:35][DEBUG] jax_fem: Function split_and_compute_cell took 0.0242 seconds
[06-30 21:25:35][DEBUG] jax_fem: CuDSSNewtonSolver: iter=1  res=1.670e-05  rel=6.940e-14
[06-30 21:25:35][INFO] jax_fem: CuDSSNewtonSolver: solve finished in 0.09s  res=1.670e-05
[06-30 21:25:35][DEBUG] jax_fem: CuDSSNewtonSolver: starting Newton loop
[06-30 21:25:35][DEBUG] jax_fem: DeviceProblem: computing Jacobian on device
[06-30 21:25:35][DEBUG] jax_fem: Function split_and_compute_cell took 0.0255 seconds
[06-30 21:25:35][DEBUG] jax_fem: CuDSSNewtonSolver: initial residual = 2.401e+08
[06-30 21:25:35][DEBUG] jax_fem: DeviceProblem: computing Jacobian on device
[06-30 21:25:35][DEBUG] jax_fem: Function split_and_compute_cell took 0.0257 seconds
[06-30 21:25:35][DEBUG] jax_fem: CuDSSNewtonSolver: iter=1  res=1.751e-05  rel=7.294e-14
[06-30 21:25:35][INFO] jax_fem: CuDSSNewtonSolver: solve finished in 0.09s  res=1.751e-05
[06-30 21:25:36][DEBUG] jax_fem: CuDSSNewtonSolver: starting Newton loop
[06-30 21:25:36][DEBUG] jax_fem: DeviceProblem: computing Jacobian on device
[06-30 21:25:36][DEBUG] jax_fem: Function split_and_compute_cell took 0.0257 seconds
[06-30 21:25:36][DEBUG] jax_fem: CuDSSNewtonSolver: initial residual = 2.429e+08
[06-30 21:25:36][DEBUG] jax_fem: DeviceProblem: computing Jacobian on device
[06-30 21:25:36][DEBUG] jax_fem: Function split_and_compute_cell took 0.0237 seconds
[06-30 21:25:36][DEBUG] jax_fem: CuDSSNewtonSolver: iter=1  res=1.595e-05  rel=6.567e-14
[06-30 21:25:36][INFO] jax_fem: CuDSSNewtonSolver: solve finished in 0.08s  res=1.595e-05
[06-30 21:25:37][DEBUG] jax_fem: CuDSSNewtonSolver: starting Newton loop
[06-30 21:25:37][DEBUG] jax_fem: DeviceProblem: computing Jacobian on device
[06-30 21:25:37][DEBUG] jax_fem: Function split_and_compute_cell took 0.0261 seconds
[06-30 21:25:37][DEBUG] jax_fem: CuDSSNewtonSolver: initial residual = 2.414e+08
[06-30 21:25:37][DEBUG] jax_fem: DeviceProblem: computing Jacobian on device
[06-30 21:25:37][DEBUG] jax_fem: Function split_and_compute_cell took 0.0275 seconds
[06-30 21:25:37][DEBUG] jax_fem: CuDSSNewtonSolver: iter=1  res=1.223e-05  rel=5.064e-14
[06-30 21:25:37][INFO] jax_fem: CuDSSNewtonSolver: solve finished in 0.25s  res=1.223e-05
[06-30 21:25:37][INFO] jax_fem: CuDSS backward: solving adjoint problem …
[06-30 21:25:37][DEBUG] jax_fem: DeviceProblem: computing Jacobian on device
[06-30 21:25:37][DEBUG] jax_fem: Function split_and_compute_cell took 0.0611 seconds
[06-30 21:25:37][DEBUG] jax_fem: Computing cell residual...
[06-30 21:25:37][DEBUG] jax_fem: Function split_and_compute_cell took 0.0666 seconds
[06-30 21:25:37][INFO] jax_fem: CuDSS backward: solving adjoint problem …
[06-30 21:25:37][DEBUG] jax_fem: DeviceProblem: computing Jacobian on device
[06-30 21:25:37][DEBUG] jax_fem: Function split_and_compute_cell took 0.0506 seconds
[06-30 21:25:37][DEBUG] jax_fem: Computing cell residual...
[06-30 21:25:38][DEBUG] jax_fem: Function split_and_compute_cell took 0.0719 seconds
[06-30 21:25:38][INFO] jax_fem: CuDSS backward: solving adjoint problem …
[06-30 21:25:38][DEBUG] jax_fem: DeviceProblem: computing Jacobian on device
[06-30 21:25:38][DEBUG] jax_fem: Function split_and_compute_cell took 0.0419 seconds
[06-30 21:25:38][DEBUG] jax_fem: Computing cell residual...
[06-30 21:25:38][DEBUG] jax_fem: Function split_and_compute_cell took 0.0654 seconds
[06-30 21:25:38][INFO] jax_fem: CuDSS backward: solving adjoint problem …
[06-30 21:25:38][DEBUG] jax_fem: DeviceProblem: computing Jacobian on device
[06-30 21:25:38][DEBUG] jax_fem: Function split_and_compute_cell took 0.0306 seconds
[06-30 21:25:38][DEBUG] jax_fem: Computing cell residual...
[06-30 21:25:38][DEBUG] jax_fem: Function split_and_compute_cell took 0.0683 seconds
[06-30 21:25:39][INFO] jax_fem: CuDSS backward: solving adjoint problem …
[06-30 21:25:39][DEBUG] jax_fem: DeviceProblem: computing Jacobian on device
[06-30 21:25:39][DEBUG] jax_fem: Function split_and_compute_cell took 0.0557 seconds
[06-30 21:25:39][DEBUG] jax_fem: Computing cell residual...
[06-30 21:25:39][DEBUG] jax_fem: Function split_and_compute_cell took 0.0735 seconds
[06-30 21:25:40][DEBUG] jax_fem: CuDSSNewtonSolver: starting Newton loop
[06-30 21:25:40][DEBUG] jax_fem: DeviceProblem: computing Jacobian on device
[06-30 21:25:40][DEBUG] jax_fem: Function split_and_compute_cell took 0.0417 seconds
[06-30 21:25:40][DEBUG] jax_fem: CuDSSNewtonSolver: initial residual = 2.427e+08
[06-30 21:25:40][DEBUG] jax_fem: DeviceProblem: computing Jacobian on device
[06-30 21:25:40][DEBUG] jax_fem: Function split_and_compute_cell took 0.0453 seconds
[06-30 21:25:40][DEBUG] jax_fem: CuDSSNewtonSolver: iter=1  res=1.630e-05  rel=6.716e-14
[06-30 21:25:40][INFO] jax_fem: CuDSSNewtonSolver: solve finished in 0.13s  res=1.630e-05
[06-30 21:25:41][DEBUG] jax_fem: CuDSSNewtonSolver: starting Newton loop
[06-30 21:25:41][DEBUG] jax_fem: DeviceProblem: computing Jacobian on device
[06-30 21:25:41][DEBUG] jax_fem: Function split_and_compute_cell took 0.0335 seconds
[06-30 21:25:41][DEBUG] jax_fem: CuDSSNewtonSolver: initial residual = 2.407e+08
[06-30 21:25:41][DEBUG] jax_fem: DeviceProblem: computing Jacobian on device
[06-30 21:25:41][DEBUG] jax_fem: Function split_and_compute_cell took 0.0396 seconds
[06-30 21:25:41][DEBUG] jax_fem: CuDSSNewtonSolver: iter=1  res=1.558e-05  rel=6.475e-14
[06-30 21:25:41][INFO] jax_fem: CuDSSNewtonSolver: solve finished in 0.11s  res=1.558e-05
[06-30 21:25:41][DEBUG] jax_fem: CuDSSNewtonSolver: starting Newton loop
[06-30 21:25:41][DEBUG] jax_fem: DeviceProblem: computing Jacobian on device
[06-30 21:25:41][DEBUG] jax_fem: Function split_and_compute_cell took 0.0368 seconds
[06-30 21:25:41][DEBUG] jax_fem: CuDSSNewtonSolver: initial residual = 2.401e+08
[06-30 21:25:41][DEBUG] jax_fem: DeviceProblem: computing Jacobian on device
[06-30 21:25:41][DEBUG] jax_fem: Function split_and_compute_cell took 0.0409 seconds
[06-30 21:25:41][DEBUG] jax_fem: CuDSSNewtonSolver: iter=1  res=1.644e-05  rel=6.849e-14
[06-30 21:25:41][INFO] jax_fem: CuDSSNewtonSolver: solve finished in 0.12s  res=1.644e-05
[06-30 21:25:41][DEBUG] jax_fem: CuDSSNewtonSolver: starting Newton loop
[06-30 21:25:41][DEBUG] jax_fem: DeviceProblem: computing Jacobian on device
[06-30 21:25:41][DEBUG] jax_fem: Function split_and_compute_cell took 0.0540 seconds
[06-30 21:25:41][DEBUG] jax_fem: CuDSSNewtonSolver: initial residual = 2.429e+08
[06-30 21:25:41][DEBUG] jax_fem: DeviceProblem: computing Jacobian on device
[06-30 21:25:41][DEBUG] jax_fem: Function split_and_compute_cell took 0.0404 seconds
[06-30 21:25:41][DEBUG] jax_fem: CuDSSNewtonSolver: iter=1  res=1.638e-05  rel=6.743e-14
[06-30 21:25:41][INFO] jax_fem: CuDSSNewtonSolver: solve finished in 0.14s  res=1.638e-05
[06-30 21:25:42][DEBUG] jax_fem: CuDSSNewtonSolver: starting Newton loop
[06-30 21:25:42][DEBUG] jax_fem: DeviceProblem: computing Jacobian on device
[06-30 21:25:42][DEBUG] jax_fem: Function split_and_compute_cell took 0.0462 seconds
[06-30 21:25:42][DEBUG] jax_fem: CuDSSNewtonSolver: initial residual = 2.414e+08
[06-30 21:25:42][DEBUG] jax_fem: DeviceProblem: computing Jacobian on device
[06-30 21:25:42][DEBUG] jax_fem: Function split_and_compute_cell took 0.0411 seconds
[06-30 21:25:42][DEBUG] jax_fem: CuDSSNewtonSolver: iter=1  res=1.218e-05  rel=5.045e-14
[06-30 21:25:42][INFO] jax_fem: CuDSSNewtonSolver: solve finished in 0.13s  res=1.218e-05
[06-30 21:25:43][DEBUG] jax_fem: CuDSSNewtonSolver: starting Newton loop
[06-30 21:25:44][DEBUG] jax_fem: DeviceProblem: computing Jacobian on device
[06-30 21:25:44][DEBUG] jax_fem: Function split_and_compute_cell took 0.0259 seconds
[06-30 21:25:44][DEBUG] jax_fem: CuDSSNewtonSolver: initial residual = 2.427e+08
[06-30 21:25:44][DEBUG] jax_fem: DeviceProblem: computing Jacobian on device
[06-30 21:25:44][DEBUG] jax_fem: Function split_and_compute_cell took 0.0267 seconds
[06-30 21:25:44][DEBUG] jax_fem: CuDSSNewtonSolver: iter=1  res=1.604e-05  rel=6.608e-14
[06-30 21:25:44][INFO] jax_fem: CuDSSNewtonSolver: solve finished in 0.09s  res=1.604e-05
[06-30 21:25:44][DEBUG] jax_fem: CuDSSNewtonSolver: starting Newton loop
[06-30 21:25:44][DEBUG] jax_fem: DeviceProblem: computing Jacobian on device
[06-30 21:25:44][DEBUG] jax_fem: Function split_and_compute_cell took 0.0245 seconds
[06-30 21:25:44][DEBUG] jax_fem: CuDSSNewtonSolver: initial residual = 2.407e+08
[06-30 21:25:44][DEBUG] jax_fem: DeviceProblem: computing Jacobian on device
[06-30 21:25:44][DEBUG] jax_fem: Function split_and_compute_cell took 0.0262 seconds
[06-30 21:25:44][DEBUG] jax_fem: CuDSSNewtonSolver: iter=1  res=1.606e-05  rel=6.671e-14
[06-30 21:25:44][INFO] jax_fem: CuDSSNewtonSolver: solve finished in 0.09s  res=1.606e-05
[06-30 21:25:45][DEBUG] jax_fem: CuDSSNewtonSolver: starting Newton loop
[06-30 21:25:45][DEBUG] jax_fem: DeviceProblem: computing Jacobian on device
[06-30 21:25:45][DEBUG] jax_fem: Function split_and_compute_cell took 0.0269 seconds
[06-30 21:25:45][DEBUG] jax_fem: CuDSSNewtonSolver: initial residual = 2.401e+08
[06-30 21:25:45][DEBUG] jax_fem: DeviceProblem: computing Jacobian on device
[06-30 21:25:45][DEBUG] jax_fem: Function split_and_compute_cell took 0.0258 seconds
[06-30 21:25:45][DEBUG] jax_fem: CuDSSNewtonSolver: iter=1  res=1.650e-05  rel=6.875e-14
[06-30 21:25:45][INFO] jax_fem: CuDSSNewtonSolver: solve finished in 0.09s  res=1.650e-05
[06-30 21:25:45][DEBUG] jax_fem: CuDSSNewtonSolver: starting Newton loop
[06-30 21:25:45][DEBUG] jax_fem: DeviceProblem: computing Jacobian on device
[06-30 21:25:45][DEBUG] jax_fem: Function split_and_compute_cell took 0.0264 seconds
[06-30 21:25:45][DEBUG] jax_fem: CuDSSNewtonSolver: initial residual = 2.429e+08
[06-30 21:25:45][DEBUG] jax_fem: DeviceProblem: computing Jacobian on device
[06-30 21:25:45][DEBUG] jax_fem: Function split_and_compute_cell took 0.0262 seconds
[06-30 21:25:45][DEBUG] jax_fem: CuDSSNewtonSolver: iter=1  res=1.685e-05  rel=6.939e-14
[06-30 21:25:45][INFO] jax_fem: CuDSSNewtonSolver: solve finished in 0.09s  res=1.685e-05
[06-30 21:25:46][DEBUG] jax_fem: CuDSSNewtonSolver: starting Newton loop
[06-30 21:25:46][DEBUG] jax_fem: DeviceProblem: computing Jacobian on device
[06-30 21:25:46][DEBUG] jax_fem: Function split_and_compute_cell took 0.0249 seconds
[06-30 21:25:46][DEBUG] jax_fem: CuDSSNewtonSolver: initial residual = 2.414e+08
[06-30 21:25:46][DEBUG] jax_fem: DeviceProblem: computing Jacobian on device
[06-30 21:25:46][DEBUG] jax_fem: Function split_and_compute_cell took 0.0253 seconds
[06-30 21:25:46][DEBUG] jax_fem: CuDSSNewtonSolver: iter=1  res=1.220e-05  rel=5.053e-14
[06-30 21:25:46][INFO] jax_fem: CuDSSNewtonSolver: solve finished in 0.09s  res=1.220e-05
[06-30 21:25:46][INFO] jax_fem: CuDSS backward: solving adjoint problem …
[06-30 21:25:46][DEBUG] jax_fem: DeviceProblem: computing Jacobian on device
[06-30 21:25:46][DEBUG] jax_fem: Function split_and_compute_cell took 0.0388 seconds
[06-30 21:25:46][DEBUG] jax_fem: Computing cell residual...
[06-30 21:25:46][DEBUG] jax_fem: Function split_and_compute_cell took 0.0610 seconds
[06-30 21:25:46][INFO] jax_fem: CuDSS backward: solving adjoint problem …
[06-30 21:25:46][DEBUG] jax_fem: DeviceProblem: computing Jacobian on device
[06-30 21:25:47][DEBUG] jax_fem: Function split_and_compute_cell took 0.0495 seconds
[06-30 21:25:47][DEBUG] jax_fem: Computing cell residual...
[06-30 21:25:47][DEBUG] jax_fem: Function split_and_compute_cell took 0.0724 seconds
[06-30 21:25:47][INFO] jax_fem: CuDSS backward: solving adjoint problem …
[06-30 21:25:47][DEBUG] jax_fem: DeviceProblem: computing Jacobian on device
[06-30 21:25:47][DEBUG] jax_fem: Function split_and_compute_cell took 0.0384 seconds
[06-30 21:25:47][DEBUG] jax_fem: Computing cell residual...
[06-30 21:25:47][DEBUG] jax_fem: Function split_and_compute_cell took 0.0606 seconds
[06-30 21:25:47][INFO] jax_fem: CuDSS backward: solving adjoint problem …
[06-30 21:25:47][DEBUG] jax_fem: DeviceProblem: computing Jacobian on device
[06-30 21:25:47][DEBUG] jax_fem: Function split_and_compute_cell took 0.0400 seconds
[06-30 21:25:47][DEBUG] jax_fem: Computing cell residual...
[06-30 21:25:47][DEBUG] jax_fem: Function split_and_compute_cell took 0.0697 seconds
[06-30 21:25:48][INFO] jax_fem: CuDSS backward: solving adjoint problem …
[06-30 21:25:48][DEBUG] jax_fem: DeviceProblem: computing Jacobian on device
[06-30 21:25:48][DEBUG] jax_fem: Function split_and_compute_cell took 0.0393 seconds
[06-30 21:25:48][DEBUG] jax_fem: Computing cell residual...
[06-30 21:25:48][DEBUG] jax_fem: Function split_and_compute_cell took 0.0620 seconds
[06-30 21:25:49][DEBUG] jax_fem: CuDSSNewtonSolver: starting Newton loop
[06-30 21:25:49][DEBUG] jax_fem: DeviceProblem: computing Jacobian on device
[06-30 21:25:49][DEBUG] jax_fem: Function split_and_compute_cell took 0.0276 seconds
[06-30 21:25:49][DEBUG] jax_fem: CuDSSNewtonSolver: initial residual = 2.427e+08
[06-30 21:25:49][DEBUG] jax_fem: DeviceProblem: computing Jacobian on device
[06-30 21:25:49][DEBUG] jax_fem: Function split_and_compute_cell took 0.0386 seconds
[06-30 21:25:49][DEBUG] jax_fem: CuDSSNewtonSolver: iter=1  res=1.626e-05  rel=6.699e-14
[06-30 21:25:49][INFO] jax_fem: CuDSSNewtonSolver: solve finished in 0.11s  res=1.626e-05
[06-30 21:25:50][DEBUG] jax_fem: CuDSSNewtonSolver: starting Newton loop
[06-30 21:25:50][DEBUG] jax_fem: DeviceProblem: computing Jacobian on device
[06-30 21:25:50][DEBUG] jax_fem: Function split_and_compute_cell took 0.0448 seconds
[06-30 21:25:50][DEBUG] jax_fem: CuDSSNewtonSolver: initial residual = 2.407e+08
[06-30 21:25:50][DEBUG] jax_fem: DeviceProblem: computing Jacobian on device
[06-30 21:25:50][DEBUG] jax_fem: Function split_and_compute_cell took 0.0341 seconds
[06-30 21:25:50][DEBUG] jax_fem: CuDSSNewtonSolver: iter=1  res=1.618e-05  rel=6.722e-14
[06-30 21:25:50][INFO] jax_fem: CuDSSNewtonSolver: solve finished in 0.12s  res=1.618e-05
[06-30 21:25:50][DEBUG] jax_fem: CuDSSNewtonSolver: starting Newton loop
[06-30 21:25:50][DEBUG] jax_fem: DeviceProblem: computing Jacobian on device
[06-30 21:25:50][DEBUG] jax_fem: Function split_and_compute_cell took 0.0347 seconds
[06-30 21:25:50][DEBUG] jax_fem: CuDSSNewtonSolver: initial residual = 2.401e+08
[06-30 21:25:50][DEBUG] jax_fem: DeviceProblem: computing Jacobian on device
[06-30 21:25:50][DEBUG] jax_fem: Function split_and_compute_cell took 0.0465 seconds
[06-30 21:25:50][DEBUG] jax_fem: CuDSSNewtonSolver: iter=1  res=1.735e-05  rel=7.229e-14
[06-30 21:25:50][INFO] jax_fem: CuDSSNewtonSolver: solve finished in 0.12s  res=1.735e-05
[06-30 21:25:50][DEBUG] jax_fem: CuDSSNewtonSolver: starting Newton loop
[06-30 21:25:50][DEBUG] jax_fem: DeviceProblem: computing Jacobian on device
[06-30 21:25:51][DEBUG] jax_fem: Function split_and_compute_cell took 0.0512 seconds
[06-30 21:25:51][DEBUG] jax_fem: CuDSSNewtonSolver: initial residual = 2.429e+08
[06-30 21:25:51][DEBUG] jax_fem: DeviceProblem: computing Jacobian on device
[06-30 21:25:51][DEBUG] jax_fem: Function split_and_compute_cell took 0.0254 seconds
[06-30 21:25:51][DEBUG] jax_fem: CuDSSNewtonSolver: iter=1  res=1.636e-05  rel=6.735e-14
[06-30 21:25:51][INFO] jax_fem: CuDSSNewtonSolver: solve finished in 0.12s  res=1.636e-05
[06-30 21:25:51][DEBUG] jax_fem: CuDSSNewtonSolver: starting Newton loop
[06-30 21:25:51][DEBUG] jax_fem: DeviceProblem: computing Jacobian on device
[06-30 21:25:51][DEBUG] jax_fem: Function split_and_compute_cell took 0.0410 seconds
[06-30 21:25:51][DEBUG] jax_fem: CuDSSNewtonSolver: initial residual = 2.414e+08
[06-30 21:25:51][DEBUG] jax_fem: DeviceProblem: computing Jacobian on device
[06-30 21:25:51][DEBUG] jax_fem: Function split_and_compute_cell took 0.0246 seconds
[06-30 21:25:51][DEBUG] jax_fem: CuDSSNewtonSolver: iter=1  res=1.171e-05  rel=4.849e-14
[06-30 21:25:51][INFO] jax_fem: CuDSSNewtonSolver: solve finished in 0.11s  res=1.171e-05
[06-30 21:25:53][DEBUG] jax_fem: CuDSSNewtonSolver: starting Newton loop
[06-30 21:25:53][DEBUG] jax_fem: DeviceProblem: computing Jacobian on device
[06-30 21:25:53][DEBUG] jax_fem: Function split_and_compute_cell took 0.0262 seconds
[06-30 21:25:53][DEBUG] jax_fem: CuDSSNewtonSolver: initial residual = 2.427e+08
[06-30 21:25:53][DEBUG] jax_fem: DeviceProblem: computing Jacobian on device
[06-30 21:25:53][DEBUG] jax_fem: Function split_and_compute_cell took 0.0262 seconds
[06-30 21:25:53][DEBUG] jax_fem: CuDSSNewtonSolver: iter=1  res=1.646e-05  rel=6.780e-14
[06-30 21:25:53][INFO] jax_fem: CuDSSNewtonSolver: solve finished in 0.09s  res=1.646e-05
[06-30 21:25:53][DEBUG] jax_fem: CuDSSNewtonSolver: starting Newton loop
[06-30 21:25:53][DEBUG] jax_fem: DeviceProblem: computing Jacobian on device
[06-30 21:25:53][DEBUG] jax_fem: Function split_and_compute_cell took 0.0267 seconds
[06-30 21:25:53][DEBUG] jax_fem: CuDSSNewtonSolver: initial residual = 2.407e+08
[06-30 21:25:53][DEBUG] jax_fem: DeviceProblem: computing Jacobian on device
[06-30 21:25:53][DEBUG] jax_fem: Function split_and_compute_cell took 0.0259 seconds
[06-30 21:25:53][DEBUG] jax_fem: CuDSSNewtonSolver: iter=1  res=1.600e-05  rel=6.649e-14
[06-30 21:25:53][INFO] jax_fem: CuDSSNewtonSolver: solve finished in 0.09s  res=1.600e-05
[06-30 21:25:54][DEBUG] jax_fem: CuDSSNewtonSolver: starting Newton loop
[06-30 21:25:54][DEBUG] jax_fem: DeviceProblem: computing Jacobian on device
[06-30 21:25:54][DEBUG] jax_fem: Function split_and_compute_cell took 0.0252 seconds
[06-30 21:25:54][DEBUG] jax_fem: CuDSSNewtonSolver: initial residual = 2.401e+08
[06-30 21:25:54][DEBUG] jax_fem: DeviceProblem: computing Jacobian on device
[06-30 21:25:54][DEBUG] jax_fem: Function split_and_compute_cell took 0.0273 seconds
[06-30 21:25:54][DEBUG] jax_fem: CuDSSNewtonSolver: iter=1  res=1.748e-05  rel=7.281e-14
[06-30 21:25:54][INFO] jax_fem: CuDSSNewtonSolver: solve finished in 0.09s  res=1.748e-05
[06-30 21:25:55][DEBUG] jax_fem: CuDSSNewtonSolver: starting Newton loop
[06-30 21:25:55][DEBUG] jax_fem: DeviceProblem: computing Jacobian on device
[06-30 21:25:55][DEBUG] jax_fem: Function split_and_compute_cell took 0.0265 seconds
[06-30 21:25:55][DEBUG] jax_fem: CuDSSNewtonSolver: initial residual = 2.429e+08
[06-30 21:25:55][DEBUG] jax_fem: DeviceProblem: computing Jacobian on device
[06-30 21:25:55][DEBUG] jax_fem: Function split_and_compute_cell took 0.0260 seconds
[06-30 21:25:55][DEBUG] jax_fem: CuDSSNewtonSolver: iter=1  res=1.572e-05  rel=6.472e-14
[06-30 21:25:55][INFO] jax_fem: CuDSSNewtonSolver: solve finished in 0.09s  res=1.572e-05
[06-30 21:25:55][DEBUG] jax_fem: CuDSSNewtonSolver: starting Newton loop
[06-30 21:25:55][DEBUG] jax_fem: DeviceProblem: computing Jacobian on device
[06-30 21:25:55][DEBUG] jax_fem: Function split_and_compute_cell took 0.0269 seconds
[06-30 21:25:55][DEBUG] jax_fem: CuDSSNewtonSolver: initial residual = 2.414e+08
[06-30 21:25:55][DEBUG] jax_fem: DeviceProblem: computing Jacobian on device
[06-30 21:25:55][DEBUG] jax_fem: Function split_and_compute_cell took 0.0264 seconds
[06-30 21:25:55][DEBUG] jax_fem: CuDSSNewtonSolver: iter=1  res=1.190e-05  rel=4.927e-14
[06-30 21:25:55][INFO] jax_fem: CuDSSNewtonSolver: solve finished in 0.09s  res=1.190e-05
[06-30 21:25:55][INFO] jax_fem: CuDSS backward: solving adjoint problem …
[06-30 21:25:55][DEBUG] jax_fem: DeviceProblem: computing Jacobian on device
[06-30 21:25:55][DEBUG] jax_fem: Function split_and_compute_cell took 0.0244 seconds
[06-30 21:25:55][DEBUG] jax_fem: Computing cell residual...
[06-30 21:25:55][DEBUG] jax_fem: Function split_and_compute_cell took 0.0615 seconds
[06-30 21:25:56][INFO] jax_fem: CuDSS backward: solving adjoint problem …
[06-30 21:25:56][DEBUG] jax_fem: DeviceProblem: computing Jacobian on device
[06-30 21:25:56][DEBUG] jax_fem: Function split_and_compute_cell took 0.0379 seconds
[06-30 21:25:56][DEBUG] jax_fem: Computing cell residual...
[06-30 21:25:56][DEBUG] jax_fem: Function split_and_compute_cell took 0.0555 seconds
[06-30 21:25:56][INFO] jax_fem: CuDSS backward: solving adjoint problem …
[06-30 21:25:56][DEBUG] jax_fem: DeviceProblem: computing Jacobian on device
[06-30 21:25:56][DEBUG] jax_fem: Function split_and_compute_cell took 0.0385 seconds
[06-30 21:25:56][DEBUG] jax_fem: Computing cell residual...
[06-30 21:25:56][DEBUG] jax_fem: Function split_and_compute_cell took 0.0625 seconds
[06-30 21:25:56][INFO] jax_fem: CuDSS backward: solving adjoint problem …
[06-30 21:25:56][DEBUG] jax_fem: DeviceProblem: computing Jacobian on device
[06-30 21:25:56][DEBUG] jax_fem: Function split_and_compute_cell took 0.0523 seconds
[06-30 21:25:57][DEBUG] jax_fem: Computing cell residual...
[06-30 21:25:57][DEBUG] jax_fem: Function split_and_compute_cell took 0.0513 seconds
[06-30 21:25:57][INFO] jax_fem: CuDSS backward: solving adjoint problem …
[06-30 21:25:57][DEBUG] jax_fem: DeviceProblem: computing Jacobian on device
[06-30 21:25:57][DEBUG] jax_fem: Function split_and_compute_cell took 0.0430 seconds
[06-30 21:25:57][DEBUG] jax_fem: Computing cell residual...
[06-30 21:25:57][DEBUG] jax_fem: Function split_and_compute_cell took 0.0544 seconds
[06-30 21:25:58][DEBUG] jax_fem: CuDSSNewtonSolver: starting Newton loop
[06-30 21:25:58][DEBUG] jax_fem: DeviceProblem: computing Jacobian on device
[06-30 21:25:59][DEBUG] jax_fem: Function split_and_compute_cell took 0.0381 seconds
[06-30 21:25:59][DEBUG] jax_fem: CuDSSNewtonSolver: initial residual = 2.427e+08
[06-30 21:25:59][DEBUG] jax_fem: DeviceProblem: computing Jacobian on device
[06-30 21:25:59][DEBUG] jax_fem: Function split_and_compute_cell took 0.0448 seconds
[06-30 21:25:59][DEBUG] jax_fem: CuDSSNewtonSolver: iter=1  res=1.582e-05  rel=6.518e-14
[06-30 21:25:59][INFO] jax_fem: CuDSSNewtonSolver: solve finished in 0.12s  res=1.582e-05
[06-30 21:25:59][DEBUG] jax_fem: CuDSSNewtonSolver: starting Newton loop
[06-30 21:25:59][DEBUG] jax_fem: DeviceProblem: computing Jacobian on device
[06-30 21:25:59][DEBUG] jax_fem: Function split_and_compute_cell took 0.0292 seconds
[06-30 21:25:59][DEBUG] jax_fem: CuDSSNewtonSolver: initial residual = 2.407e+08
[06-30 21:25:59][DEBUG] jax_fem: DeviceProblem: computing Jacobian on device
[06-30 21:25:59][DEBUG] jax_fem: Function split_and_compute_cell took 0.0480 seconds
[06-30 21:25:59][DEBUG] jax_fem: CuDSSNewtonSolver: iter=1  res=1.569e-05  rel=6.519e-14
[06-30 21:25:59][INFO] jax_fem: CuDSSNewtonSolver: solve finished in 0.12s  res=1.569e-05
[06-30 21:25:59][DEBUG] jax_fem: CuDSSNewtonSolver: starting Newton loop
[06-30 21:25:59][DEBUG] jax_fem: DeviceProblem: computing Jacobian on device
[06-30 21:25:59][DEBUG] jax_fem: Function split_and_compute_cell took 0.0349 seconds
[06-30 21:25:59][DEBUG] jax_fem: CuDSSNewtonSolver: initial residual = 2.401e+08
[06-30 21:25:59][DEBUG] jax_fem: DeviceProblem: computing Jacobian on device
[06-30 21:25:59][DEBUG] jax_fem: Function split_and_compute_cell took 0.0284 seconds
[06-30 21:25:59][DEBUG] jax_fem: CuDSSNewtonSolver: iter=1  res=1.670e-05  rel=6.957e-14
[06-30 21:25:59][INFO] jax_fem: CuDSSNewtonSolver: solve finished in 0.10s  res=1.670e-05
[06-30 21:26:00][DEBUG] jax_fem: CuDSSNewtonSolver: starting Newton loop
[06-30 21:26:00][DEBUG] jax_fem: DeviceProblem: computing Jacobian on device
[06-30 21:26:00][DEBUG] jax_fem: Function split_and_compute_cell took 0.0249 seconds
[06-30 21:26:00][DEBUG] jax_fem: CuDSSNewtonSolver: initial residual = 2.429e+08
[06-30 21:26:00][DEBUG] jax_fem: DeviceProblem: computing Jacobian on device
[06-30 21:26:00][DEBUG] jax_fem: Function split_and_compute_cell took 0.0237 seconds
[06-30 21:26:00][DEBUG] jax_fem: CuDSSNewtonSolver: iter=1  res=1.567e-05  rel=6.454e-14
[06-30 21:26:00][INFO] jax_fem: CuDSSNewtonSolver: solve finished in 0.09s  res=1.567e-05
[06-30 21:26:00][DEBUG] jax_fem: CuDSSNewtonSolver: starting Newton loop
[06-30 21:26:00][DEBUG] jax_fem: DeviceProblem: computing Jacobian on device
[06-30 21:26:00][DEBUG] jax_fem: Function split_and_compute_cell took 0.0313 seconds
[06-30 21:26:00][DEBUG] jax_fem: CuDSSNewtonSolver: initial residual = 2.414e+08
[06-30 21:26:00][DEBUG] jax_fem: DeviceProblem: computing Jacobian on device
[06-30 21:26:00][DEBUG] jax_fem: Function split_and_compute_cell took 0.0277 seconds
[06-30 21:26:00][DEBUG] jax_fem: CuDSSNewtonSolver: iter=1  res=1.202e-05  rel=4.977e-14
[06-30 21:26:00][INFO] jax_fem: CuDSSNewtonSolver: solve finished in 0.10s  res=1.202e-05
[06-30 21:26:02][DEBUG] jax_fem: CuDSSNewtonSolver: starting Newton loop
[06-30 21:26:02][DEBUG] jax_fem: DeviceProblem: computing Jacobian on device
[06-30 21:26:02][DEBUG] jax_fem: Function split_and_compute_cell took 0.0263 seconds
[06-30 21:26:02][DEBUG] jax_fem: CuDSSNewtonSolver: initial residual = 2.427e+08
[06-30 21:26:02][DEBUG] jax_fem: DeviceProblem: computing Jacobian on device
[06-30 21:26:02][DEBUG] jax_fem: Function split_and_compute_cell took 0.0259 seconds
[06-30 21:26:02][DEBUG] jax_fem: CuDSSNewtonSolver: iter=1  res=1.670e-05  rel=6.881e-14
[06-30 21:26:02][INFO] jax_fem: CuDSSNewtonSolver: solve finished in 0.09s  res=1.670e-05
[06-30 21:26:02][DEBUG] jax_fem: CuDSSNewtonSolver: starting Newton loop
[06-30 21:26:02][DEBUG] jax_fem: DeviceProblem: computing Jacobian on device
[06-30 21:26:02][DEBUG] jax_fem: Function split_and_compute_cell took 0.0271 seconds
[06-30 21:26:02][DEBUG] jax_fem: CuDSSNewtonSolver: initial residual = 2.407e+08
[06-30 21:26:02][DEBUG] jax_fem: DeviceProblem: computing Jacobian on device
[06-30 21:26:02][DEBUG] jax_fem: Function split_and_compute_cell took 0.0257 seconds
[06-30 21:26:02][DEBUG] jax_fem: CuDSSNewtonSolver: iter=1  res=1.617e-05  rel=6.719e-14
[06-30 21:26:02][INFO] jax_fem: CuDSSNewtonSolver: solve finished in 0.09s  res=1.617e-05
[06-30 21:26:03][DEBUG] jax_fem: CuDSSNewtonSolver: starting Newton loop
[06-30 21:26:03][DEBUG] jax_fem: DeviceProblem: computing Jacobian on device
[06-30 21:26:03][DEBUG] jax_fem: Function split_and_compute_cell took 0.0243 seconds
[06-30 21:26:03][DEBUG] jax_fem: CuDSSNewtonSolver: initial residual = 2.401e+08
[06-30 21:26:03][DEBUG] jax_fem: DeviceProblem: computing Jacobian on device
[06-30 21:26:03][DEBUG] jax_fem: Function split_and_compute_cell took 0.0258 seconds
[06-30 21:26:03][DEBUG] jax_fem: CuDSSNewtonSolver: iter=1  res=1.709e-05  rel=7.119e-14
[06-30 21:26:03][INFO] jax_fem: CuDSSNewtonSolver: solve finished in 0.08s  res=1.709e-05
[06-30 21:26:04][DEBUG] jax_fem: CuDSSNewtonSolver: starting Newton loop
[06-30 21:26:04][DEBUG] jax_fem: DeviceProblem: computing Jacobian on device
[06-30 21:26:04][DEBUG] jax_fem: Function split_and_compute_cell took 0.0264 seconds
[06-30 21:26:04][DEBUG] jax_fem: CuDSSNewtonSolver: initial residual = 2.429e+08
[06-30 21:26:04][DEBUG] jax_fem: DeviceProblem: computing Jacobian on device
[06-30 21:26:04][DEBUG] jax_fem: Function split_and_compute_cell took 0.0264 seconds
[06-30 21:26:04][DEBUG] jax_fem: CuDSSNewtonSolver: iter=1  res=1.573e-05  rel=6.477e-14
[06-30 21:26:04][INFO] jax_fem: CuDSSNewtonSolver: solve finished in 0.09s  res=1.573e-05
[06-30 21:26:04][DEBUG] jax_fem: CuDSSNewtonSolver: starting Newton loop
[06-30 21:26:04][DEBUG] jax_fem: DeviceProblem: computing Jacobian on device
[06-30 21:26:04][DEBUG] jax_fem: Function split_and_compute_cell took 0.0266 seconds
[06-30 21:26:04][DEBUG] jax_fem: CuDSSNewtonSolver: initial residual = 2.414e+08
[06-30 21:26:04][DEBUG] jax_fem: DeviceProblem: computing Jacobian on device
[06-30 21:26:04][DEBUG] jax_fem: Function split_and_compute_cell took 0.0264 seconds
[06-30 21:26:04][DEBUG] jax_fem: CuDSSNewtonSolver: iter=1  res=1.189e-05  rel=4.926e-14
[06-30 21:26:04][INFO] jax_fem: CuDSSNewtonSolver: solve finished in 0.09s  res=1.189e-05
[06-30 21:26:04][INFO] jax_fem: CuDSS backward: solving adjoint problem …
[06-30 21:26:04][DEBUG] jax_fem: DeviceProblem: computing Jacobian on device
[06-30 21:26:04][DEBUG] jax_fem: Function split_and_compute_cell took 0.0398 seconds
[06-30 21:26:04][DEBUG] jax_fem: Computing cell residual...
[06-30 21:26:04][DEBUG] jax_fem: Function split_and_compute_cell took 0.0554 seconds
[06-30 21:26:05][INFO] jax_fem: CuDSS backward: solving adjoint problem …
[06-30 21:26:05][DEBUG] jax_fem: DeviceProblem: computing Jacobian on device
[06-30 21:26:05][DEBUG] jax_fem: Function split_and_compute_cell took 0.0352 seconds
[06-30 21:26:05][DEBUG] jax_fem: Computing cell residual...
[06-30 21:26:05][DEBUG] jax_fem: Function split_and_compute_cell took 0.0758 seconds
[06-30 21:26:05][INFO] jax_fem: CuDSS backward: solving adjoint problem …
[06-30 21:26:05][DEBUG] jax_fem: DeviceProblem: computing Jacobian on device
[06-30 21:26:05][DEBUG] jax_fem: Function split_and_compute_cell took 0.0444 seconds
[06-30 21:26:05][DEBUG] jax_fem: Computing cell residual...
[06-30 21:26:05][DEBUG] jax_fem: Function split_and_compute_cell took 0.0596 seconds
[06-30 21:26:05][INFO] jax_fem: CuDSS backward: solving adjoint problem …
[06-30 21:26:05][DEBUG] jax_fem: DeviceProblem: computing Jacobian on device
[06-30 21:26:06][DEBUG] jax_fem: Function split_and_compute_cell took 0.0304 seconds
[06-30 21:26:06][DEBUG] jax_fem: Computing cell residual...
[06-30 21:26:06][DEBUG] jax_fem: Function split_and_compute_cell took 0.0793 seconds
[06-30 21:26:06][INFO] jax_fem: CuDSS backward: solving adjoint problem …
[06-30 21:26:06][DEBUG] jax_fem: DeviceProblem: computing Jacobian on device
[06-30 21:26:06][DEBUG] jax_fem: Function split_and_compute_cell took 0.0477 seconds
[06-30 21:26:06][DEBUG] jax_fem: Computing cell residual...
[06-30 21:26:06][DEBUG] jax_fem: Function split_and_compute_cell took 0.0656 seconds
[06-30 21:26:08][DEBUG] jax_fem: CuDSSNewtonSolver: starting Newton loop
[06-30 21:26:08][DEBUG] jax_fem: DeviceProblem: computing Jacobian on device
[06-30 21:26:08][DEBUG] jax_fem: Function split_and_compute_cell took 0.0336 seconds
[06-30 21:26:08][DEBUG] jax_fem: CuDSSNewtonSolver: initial residual = 2.427e+08
[06-30 21:26:08][DEBUG] jax_fem: DeviceProblem: computing Jacobian on device
[06-30 21:26:08][DEBUG] jax_fem: Function split_and_compute_cell took 0.0338 seconds
[06-30 21:26:08][DEBUG] jax_fem: CuDSSNewtonSolver: iter=1  res=1.591e-05  rel=6.556e-14
[06-30 21:26:08][INFO] jax_fem: CuDSSNewtonSolver: solve finished in 0.10s  res=1.591e-05
[06-30 21:26:08][DEBUG] jax_fem: CuDSSNewtonSolver: starting Newton loop
[06-30 21:26:08][DEBUG] jax_fem: DeviceProblem: computing Jacobian on device
[06-30 21:26:08][DEBUG] jax_fem: Function split_and_compute_cell took 0.0258 seconds
[06-30 21:26:08][DEBUG] jax_fem: CuDSSNewtonSolver: initial residual = 2.407e+08
[06-30 21:26:08][DEBUG] jax_fem: DeviceProblem: computing Jacobian on device
[06-30 21:26:08][DEBUG] jax_fem: Function split_and_compute_cell took 0.0388 seconds
[06-30 21:26:08][DEBUG] jax_fem: CuDSSNewtonSolver: iter=1  res=1.568e-05  rel=6.514e-14
[06-30 21:26:08][INFO] jax_fem: CuDSSNewtonSolver: solve finished in 0.11s  res=1.568e-05
[06-30 21:26:08][DEBUG] jax_fem: CuDSSNewtonSolver: starting Newton loop
[06-30 21:26:08][DEBUG] jax_fem: DeviceProblem: computing Jacobian on device
[06-30 21:26:08][DEBUG] jax_fem: Function split_and_compute_cell took 0.0299 seconds
[06-30 21:26:08][DEBUG] jax_fem: CuDSSNewtonSolver: initial residual = 2.401e+08
[06-30 21:26:08][DEBUG] jax_fem: DeviceProblem: computing Jacobian on device
[06-30 21:26:08][DEBUG] jax_fem: Function split_and_compute_cell took 0.0396 seconds
[06-30 21:26:08][DEBUG] jax_fem: CuDSSNewtonSolver: iter=1  res=1.732e-05  rel=7.214e-14
[06-30 21:26:08][INFO] jax_fem: CuDSSNewtonSolver: solve finished in 0.11s  res=1.732e-05
[06-30 21:26:09][DEBUG] jax_fem: CuDSSNewtonSolver: starting Newton loop
[06-30 21:26:09][DEBUG] jax_fem: DeviceProblem: computing Jacobian on device
[06-30 21:26:09][DEBUG] jax_fem: Function split_and_compute_cell took 0.0433 seconds
[06-30 21:26:09][DEBUG] jax_fem: CuDSSNewtonSolver: initial residual = 2.429e+08
[06-30 21:26:09][DEBUG] jax_fem: DeviceProblem: computing Jacobian on device
[06-30 21:26:09][DEBUG] jax_fem: Function split_and_compute_cell took 0.0430 seconds
[06-30 21:26:09][DEBUG] jax_fem: CuDSSNewtonSolver: iter=1  res=1.646e-05  rel=6.777e-14
[06-30 21:26:09][INFO] jax_fem: CuDSSNewtonSolver: solve finished in 0.13s  res=1.646e-05
[06-30 21:26:09][DEBUG] jax_fem: CuDSSNewtonSolver: starting Newton loop
[06-30 21:26:09][DEBUG] jax_fem: DeviceProblem: computing Jacobian on device
[06-30 21:26:09][DEBUG] jax_fem: Function split_and_compute_cell took 0.0451 seconds
[06-30 21:26:09][DEBUG] jax_fem: CuDSSNewtonSolver: initial residual = 2.414e+08
[06-30 21:26:09][DEBUG] jax_fem: DeviceProblem: computing Jacobian on device
[06-30 21:26:09][DEBUG] jax_fem: Function split_and_compute_cell took 0.0292 seconds
[06-30 21:26:09][DEBUG] jax_fem: CuDSSNewtonSolver: iter=1  res=1.156e-05  rel=4.787e-14
[06-30 21:26:09][INFO] jax_fem: CuDSSNewtonSolver: solve finished in 0.11s  res=1.156e-05
[06-30 21:26:11][DEBUG] jax_fem: CuDSSNewtonSolver: starting Newton loop
[06-30 21:26:11][DEBUG] jax_fem: DeviceProblem: computing Jacobian on device
[06-30 21:26:11][DEBUG] jax_fem: Function split_and_compute_cell took 0.0263 seconds
[06-30 21:26:11][DEBUG] jax_fem: CuDSSNewtonSolver: initial residual = 2.427e+08
[06-30 21:26:11][DEBUG] jax_fem: DeviceProblem: computing Jacobian on device
[06-30 21:26:11][DEBUG] jax_fem: Function split_and_compute_cell took 0.0265 seconds
[06-30 21:26:11][DEBUG] jax_fem: CuDSSNewtonSolver: iter=1  res=1.606e-05  rel=6.619e-14
[06-30 21:26:11][INFO] jax_fem: CuDSSNewtonSolver: solve finished in 0.09s  res=1.606e-05
[06-30 21:26:12][DEBUG] jax_fem: CuDSSNewtonSolver: starting Newton loop
[06-30 21:26:12][DEBUG] jax_fem: DeviceProblem: computing Jacobian on device
[06-30 21:26:12][DEBUG] jax_fem: Function split_and_compute_cell took 0.0255 seconds
[06-30 21:26:12][DEBUG] jax_fem: CuDSSNewtonSolver: initial residual = 2.407e+08
[06-30 21:26:12][DEBUG] jax_fem: DeviceProblem: computing Jacobian on device
[06-30 21:26:12][DEBUG] jax_fem: Function split_and_compute_cell took 0.0274 seconds
[06-30 21:26:12][DEBUG] jax_fem: CuDSSNewtonSolver: iter=1  res=1.583e-05  rel=6.576e-14
[06-30 21:26:12][INFO] jax_fem: CuDSSNewtonSolver: solve finished in 0.09s  res=1.583e-05
[06-30 21:26:12][DEBUG] jax_fem: CuDSSNewtonSolver: starting Newton loop
[06-30 21:26:12][DEBUG] jax_fem: DeviceProblem: computing Jacobian on device
[06-30 21:26:12][DEBUG] jax_fem: Function split_and_compute_cell took 0.0268 seconds
[06-30 21:26:12][DEBUG] jax_fem: CuDSSNewtonSolver: initial residual = 2.401e+08
[06-30 21:26:12][DEBUG] jax_fem: DeviceProblem: computing Jacobian on device
[06-30 21:26:12][DEBUG] jax_fem: Function split_and_compute_cell took 0.0256 seconds
[06-30 21:26:12][DEBUG] jax_fem: CuDSSNewtonSolver: iter=1  res=1.713e-05  rel=7.136e-14
[06-30 21:26:12][INFO] jax_fem: CuDSSNewtonSolver: solve finished in 0.09s  res=1.713e-05
[06-30 21:26:13][DEBUG] jax_fem: CuDSSNewtonSolver: starting Newton loop
[06-30 21:26:13][DEBUG] jax_fem: DeviceProblem: computing Jacobian on device
[06-30 21:26:13][DEBUG] jax_fem: Function split_and_compute_cell took 0.0261 seconds
[06-30 21:26:13][DEBUG] jax_fem: CuDSSNewtonSolver: initial residual = 2.429e+08
[06-30 21:26:13][DEBUG] jax_fem: DeviceProblem: computing Jacobian on device
[06-30 21:26:13][DEBUG] jax_fem: Function split_and_compute_cell took 0.0288 seconds
[06-30 21:26:13][DEBUG] jax_fem: CuDSSNewtonSolver: iter=1  res=1.647e-05  rel=6.783e-14
[06-30 21:26:13][INFO] jax_fem: CuDSSNewtonSolver: solve finished in 0.09s  res=1.647e-05
[06-30 21:26:13][DEBUG] jax_fem: CuDSSNewtonSolver: starting Newton loop
[06-30 21:26:13][DEBUG] jax_fem: DeviceProblem: computing Jacobian on device
[06-30 21:26:13][DEBUG] jax_fem: Function split_and_compute_cell took 0.0270 seconds
[06-30 21:26:13][DEBUG] jax_fem: CuDSSNewtonSolver: initial residual = 2.414e+08
[06-30 21:26:13][DEBUG] jax_fem: DeviceProblem: computing Jacobian on device
[06-30 21:26:13][DEBUG] jax_fem: Function split_and_compute_cell took 0.0283 seconds
[06-30 21:26:13][DEBUG] jax_fem: CuDSSNewtonSolver: iter=1  res=1.226e-05  rel=5.077e-14
[06-30 21:26:13][INFO] jax_fem: CuDSSNewtonSolver: solve finished in 0.09s  res=1.226e-05
[06-30 21:26:13][INFO] jax_fem: CuDSS backward: solving adjoint problem …
[06-30 21:26:14][DEBUG] jax_fem: DeviceProblem: computing Jacobian on device
[06-30 21:26:14][DEBUG] jax_fem: Function split_and_compute_cell took 0.0258 seconds
[06-30 21:26:14][DEBUG] jax_fem: Computing cell residual...
[06-30 21:26:14][DEBUG] jax_fem: Function split_and_compute_cell took 0.0670 seconds
[06-30 21:26:14][INFO] jax_fem: CuDSS backward: solving adjoint problem …
[06-30 21:26:14][DEBUG] jax_fem: DeviceProblem: computing Jacobian on device
[06-30 21:26:14][DEBUG] jax_fem: Function split_and_compute_cell took 0.0288 seconds
[06-30 21:26:14][DEBUG] jax_fem: Computing cell residual...
[06-30 21:26:14][DEBUG] jax_fem: Function split_and_compute_cell took 0.0754 seconds
[06-30 21:26:14][INFO] jax_fem: CuDSS backward: solving adjoint problem …
[06-30 21:26:14][DEBUG] jax_fem: DeviceProblem: computing Jacobian on device
[06-30 21:26:14][DEBUG] jax_fem: Function split_and_compute_cell took 0.0383 seconds
[06-30 21:26:15][DEBUG] jax_fem: Computing cell residual...
[06-30 21:26:15][DEBUG] jax_fem: Function split_and_compute_cell took 0.0746 seconds
[06-30 21:26:15][INFO] jax_fem: CuDSS backward: solving adjoint problem …
[06-30 21:26:15][DEBUG] jax_fem: DeviceProblem: computing Jacobian on device
[06-30 21:26:15][DEBUG] jax_fem: Function split_and_compute_cell took 0.0285 seconds
[06-30 21:26:15][DEBUG] jax_fem: Computing cell residual...
[06-30 21:26:15][DEBUG] jax_fem: Function split_and_compute_cell took 0.0736 seconds
[06-30 21:26:15][INFO] jax_fem: CuDSS backward: solving adjoint problem …
[06-30 21:26:15][DEBUG] jax_fem: DeviceProblem: computing Jacobian on device
[06-30 21:26:15][DEBUG] jax_fem: Function split_and_compute_cell took 0.0290 seconds
[06-30 21:26:15][DEBUG] jax_fem: Computing cell residual...
[06-30 21:26:15][DEBUG] jax_fem: Function split_and_compute_cell took 0.0705 seconds
[06-30 21:26:17][DEBUG] jax_fem: CuDSSNewtonSolver: starting Newton loop
[06-30 21:26:17][DEBUG] jax_fem: DeviceProblem: computing Jacobian on device
[06-30 21:26:17][DEBUG] jax_fem: Function split_and_compute_cell took 0.0540 seconds
[06-30 21:26:17][DEBUG] jax_fem: CuDSSNewtonSolver: initial residual = 2.427e+08
[06-30 21:26:17][DEBUG] jax_fem: DeviceProblem: computing Jacobian on device
[06-30 21:26:17][DEBUG] jax_fem: Function split_and_compute_cell took 0.0380 seconds
[06-30 21:26:17][DEBUG] jax_fem: CuDSSNewtonSolver: iter=1  res=1.670e-05  rel=6.881e-14
[06-30 21:26:17][INFO] jax_fem: CuDSSNewtonSolver: solve finished in 0.14s  res=1.670e-05
[06-30 21:26:17][DEBUG] jax_fem: CuDSSNewtonSolver: starting Newton loop
[06-30 21:26:17][DEBUG] jax_fem: DeviceProblem: computing Jacobian on device
[06-30 21:26:17][DEBUG] jax_fem: Function split_and_compute_cell took 0.0510 seconds
[06-30 21:26:17][DEBUG] jax_fem: CuDSSNewtonSolver: initial residual = 2.407e+08
[06-30 21:26:17][DEBUG] jax_fem: DeviceProblem: computing Jacobian on device
[06-30 21:26:17][DEBUG] jax_fem: Function split_and_compute_cell took 0.0379 seconds
[06-30 21:26:17][DEBUG] jax_fem: CuDSSNewtonSolver: iter=1  res=1.680e-05  rel=6.982e-14
[06-30 21:26:17][INFO] jax_fem: CuDSSNewtonSolver: solve finished in 0.13s  res=1.680e-05
[06-30 21:26:18][DEBUG] jax_fem: CuDSSNewtonSolver: starting Newton loop
[06-30 21:26:18][DEBUG] jax_fem: DeviceProblem: computing Jacobian on device
[06-30 21:26:18][DEBUG] jax_fem: Function split_and_compute_cell took 0.0321 seconds
[06-30 21:26:18][DEBUG] jax_fem: CuDSSNewtonSolver: initial residual = 2.401e+08
[06-30 21:26:18][DEBUG] jax_fem: DeviceProblem: computing Jacobian on device
[06-30 21:26:18][DEBUG] jax_fem: Function split_and_compute_cell took 0.0253 seconds
[06-30 21:26:18][DEBUG] jax_fem: CuDSSNewtonSolver: iter=1  res=1.675e-05  rel=6.978e-14
[06-30 21:26:18][INFO] jax_fem: CuDSSNewtonSolver: solve finished in 0.09s  res=1.675e-05
[06-30 21:26:18][DEBUG] jax_fem: CuDSSNewtonSolver: starting Newton loop
[06-30 21:26:18][DEBUG] jax_fem: DeviceProblem: computing Jacobian on device
[06-30 21:26:18][DEBUG] jax_fem: Function split_and_compute_cell took 0.0476 seconds
[06-30 21:26:18][DEBUG] jax_fem: CuDSSNewtonSolver: initial residual = 2.429e+08
[06-30 21:26:18][DEBUG] jax_fem: DeviceProblem: computing Jacobian on device
[06-30 21:26:18][DEBUG] jax_fem: Function split_and_compute_cell took 0.0318 seconds
[06-30 21:26:18][DEBUG] jax_fem: CuDSSNewtonSolver: iter=1  res=1.567e-05  rel=6.453e-14
[06-30 21:26:18][INFO] jax_fem: CuDSSNewtonSolver: solve finished in 0.12s  res=1.567e-05
[06-30 21:26:18][DEBUG] jax_fem: CuDSSNewtonSolver: starting Newton loop
[06-30 21:26:18][DEBUG] jax_fem: DeviceProblem: computing Jacobian on device
[06-30 21:26:18][DEBUG] jax_fem: Function split_and_compute_cell took 0.0512 seconds
[06-30 21:26:18][DEBUG] jax_fem: CuDSSNewtonSolver: initial residual = 2.414e+08
[06-30 21:26:18][DEBUG] jax_fem: DeviceProblem: computing Jacobian on device
[06-30 21:26:18][DEBUG] jax_fem: Function split_and_compute_cell took 0.0301 seconds
[06-30 21:26:18][DEBUG] jax_fem: CuDSSNewtonSolver: iter=1  res=1.163e-05  rel=4.818e-14
[06-30 21:26:18][INFO] jax_fem: CuDSSNewtonSolver: solve finished in 0.12s  res=1.163e-05
[06-30 21:26:20][DEBUG] jax_fem: CuDSSNewtonSolver: starting Newton loop
[06-30 21:26:20][DEBUG] jax_fem: DeviceProblem: computing Jacobian on device
[06-30 21:26:20][DEBUG] jax_fem: Function split_and_compute_cell took 0.0255 seconds
[06-30 21:26:20][DEBUG] jax_fem: CuDSSNewtonSolver: initial residual = 2.427e+08
[06-30 21:26:20][DEBUG] jax_fem: DeviceProblem: computing Jacobian on device
[06-30 21:26:20][DEBUG] jax_fem: Function split_and_compute_cell took 0.0269 seconds
[06-30 21:26:20][DEBUG] jax_fem: CuDSSNewtonSolver: iter=1  res=1.669e-05  rel=6.875e-14
[06-30 21:26:20][INFO] jax_fem: CuDSSNewtonSolver: solve finished in 0.09s  res=1.669e-05
[06-30 21:26:21][DEBUG] jax_fem: CuDSSNewtonSolver: starting Newton loop
[06-30 21:26:21][DEBUG] jax_fem: DeviceProblem: computing Jacobian on device
[06-30 21:26:21][DEBUG] jax_fem: Function split_and_compute_cell took 0.0269 seconds
[06-30 21:26:21][DEBUG] jax_fem: CuDSSNewtonSolver: initial residual = 2.407e+08
[06-30 21:26:21][DEBUG] jax_fem: DeviceProblem: computing Jacobian on device
[06-30 21:26:21][DEBUG] jax_fem: Function split_and_compute_cell took 0.0261 seconds
[06-30 21:26:21][DEBUG] jax_fem: CuDSSNewtonSolver: iter=1  res=1.611e-05  rel=6.695e-14
[06-30 21:26:21][INFO] jax_fem: CuDSSNewtonSolver: solve finished in 0.09s  res=1.611e-05
[06-30 21:26:21][DEBUG] jax_fem: CuDSSNewtonSolver: starting Newton loop
[06-30 21:26:21][DEBUG] jax_fem: DeviceProblem: computing Jacobian on device
[06-30 21:26:21][DEBUG] jax_fem: Function split_and_compute_cell took 0.0259 seconds
[06-30 21:26:21][DEBUG] jax_fem: CuDSSNewtonSolver: initial residual = 2.401e+08
[06-30 21:26:21][DEBUG] jax_fem: DeviceProblem: computing Jacobian on device
[06-30 21:26:21][DEBUG] jax_fem: Function split_and_compute_cell took 0.0271 seconds
[06-30 21:26:21][DEBUG] jax_fem: CuDSSNewtonSolver: iter=1  res=1.766e-05  rel=7.357e-14
[06-30 21:26:21][INFO] jax_fem: CuDSSNewtonSolver: solve finished in 0.09s  res=1.766e-05
[06-30 21:26:22][DEBUG] jax_fem: CuDSSNewtonSolver: starting Newton loop
[06-30 21:26:22][DEBUG] jax_fem: DeviceProblem: computing Jacobian on device
[06-30 21:26:22][DEBUG] jax_fem: Function split_and_compute_cell took 0.0267 seconds
[06-30 21:26:22][DEBUG] jax_fem: CuDSSNewtonSolver: initial residual = 2.429e+08
[06-30 21:26:22][DEBUG] jax_fem: DeviceProblem: computing Jacobian on device
[06-30 21:26:22][DEBUG] jax_fem: Function split_and_compute_cell took 0.0269 seconds
[06-30 21:26:22][DEBUG] jax_fem: CuDSSNewtonSolver: iter=1  res=1.619e-05  rel=6.668e-14
[06-30 21:26:22][INFO] jax_fem: CuDSSNewtonSolver: solve finished in 0.09s  res=1.619e-05
[06-30 21:26:23][DEBUG] jax_fem: CuDSSNewtonSolver: starting Newton loop
[06-30 21:26:23][DEBUG] jax_fem: DeviceProblem: computing Jacobian on device
[06-30 21:26:23][DEBUG] jax_fem: Function split_and_compute_cell took 0.0264 seconds
[06-30 21:26:23][DEBUG] jax_fem: CuDSSNewtonSolver: initial residual = 2.414e+08
[06-30 21:26:23][DEBUG] jax_fem: DeviceProblem: computing Jacobian on device
[06-30 21:26:23][DEBUG] jax_fem: Function split_and_compute_cell took 0.0276 seconds
[06-30 21:26:23][DEBUG] jax_fem: CuDSSNewtonSolver: iter=1  res=1.163e-05  rel=4.818e-14
[06-30 21:26:23][INFO] jax_fem: CuDSSNewtonSolver: solve finished in 0.09s  res=1.163e-05
[06-30 21:26:23][INFO] jax_fem: CuDSS backward: solving adjoint problem …
[06-30 21:26:23][DEBUG] jax_fem: DeviceProblem: computing Jacobian on device
[06-30 21:26:23][DEBUG] jax_fem: Function split_and_compute_cell took 0.0255 seconds
[06-30 21:26:23][DEBUG] jax_fem: Computing cell residual...
[06-30 21:26:23][DEBUG] jax_fem: Function split_and_compute_cell took 0.0764 seconds
[06-30 21:26:23][INFO] jax_fem: CuDSS backward: solving adjoint problem …
[06-30 21:26:23][DEBUG] jax_fem: DeviceProblem: computing Jacobian on device
[06-30 21:26:23][DEBUG] jax_fem: Function split_and_compute_cell took 0.0262 seconds
[06-30 21:26:23][DEBUG] jax_fem: Computing cell residual...
[06-30 21:26:23][DEBUG] jax_fem: Function split_and_compute_cell took 0.0542 seconds
[06-30 21:26:24][INFO] jax_fem: CuDSS backward: solving adjoint problem …
[06-30 21:26:24][DEBUG] jax_fem: DeviceProblem: computing Jacobian on device
[06-30 21:26:24][DEBUG] jax_fem: Function split_and_compute_cell took 0.0307 seconds
[06-30 21:26:24][DEBUG] jax_fem: Computing cell residual...
[06-30 21:26:24][DEBUG] jax_fem: Function split_and_compute_cell took 0.0663 seconds
[06-30 21:26:24][INFO] jax_fem: CuDSS backward: solving adjoint problem …
[06-30 21:26:24][DEBUG] jax_fem: DeviceProblem: computing Jacobian on device
[06-30 21:26:24][DEBUG] jax_fem: Function split_and_compute_cell took 0.0460 seconds
[06-30 21:26:24][DEBUG] jax_fem: Computing cell residual...
[06-30 21:26:24][DEBUG] jax_fem: Function split_and_compute_cell took 0.0569 seconds
[06-30 21:26:24][INFO] jax_fem: CuDSS backward: solving adjoint problem …
[06-30 21:26:24][DEBUG] jax_fem: DeviceProblem: computing Jacobian on device
[06-30 21:26:24][DEBUG] jax_fem: Function split_and_compute_cell took 0.0554 seconds
[06-30 21:26:24][DEBUG] jax_fem: Computing cell residual...
[06-30 21:26:24][DEBUG] jax_fem: Function split_and_compute_cell took 0.0773 seconds
[06-30 21:26:26][DEBUG] jax_fem: CuDSSNewtonSolver: starting Newton loop
[06-30 21:26:26][DEBUG] jax_fem: DeviceProblem: computing Jacobian on device
[06-30 21:26:26][DEBUG] jax_fem: Function split_and_compute_cell took 0.0284 seconds
[06-30 21:26:26][DEBUG] jax_fem: CuDSSNewtonSolver: initial residual = 2.427e+08
[06-30 21:26:26][DEBUG] jax_fem: DeviceProblem: computing Jacobian on device
[06-30 21:26:26][DEBUG] jax_fem: Function split_and_compute_cell took 0.0239 seconds
[06-30 21:26:26][DEBUG] jax_fem: CuDSSNewtonSolver: iter=1  res=1.556e-05  rel=6.413e-14
[06-30 21:26:26][INFO] jax_fem: CuDSSNewtonSolver: solve finished in 0.09s  res=1.556e-05
[06-30 21:26:26][DEBUG] jax_fem: CuDSSNewtonSolver: starting Newton loop
[06-30 21:26:26][DEBUG] jax_fem: DeviceProblem: computing Jacobian on device
[06-30 21:26:26][DEBUG] jax_fem: Function split_and_compute_cell took 0.0470 seconds
[06-30 21:26:26][DEBUG] jax_fem: CuDSSNewtonSolver: initial residual = 2.407e+08
[06-30 21:26:27][DEBUG] jax_fem: DeviceProblem: computing Jacobian on device
[06-30 21:26:27][DEBUG] jax_fem: Function split_and_compute_cell took 0.0335 seconds
[06-30 21:26:27][DEBUG] jax_fem: CuDSSNewtonSolver: iter=1  res=1.597e-05  rel=6.634e-14
[06-30 21:26:27][INFO] jax_fem: CuDSSNewtonSolver: solve finished in 0.12s  res=1.597e-05
[06-30 21:26:27][DEBUG] jax_fem: CuDSSNewtonSolver: starting Newton loop
[06-30 21:26:27][DEBUG] jax_fem: DeviceProblem: computing Jacobian on device
[06-30 21:26:27][DEBUG] jax_fem: Function split_and_compute_cell took 0.0416 seconds
[06-30 21:26:27][DEBUG] jax_fem: CuDSSNewtonSolver: initial residual = 2.401e+08
[06-30 21:26:27][DEBUG] jax_fem: DeviceProblem: computing Jacobian on device
[06-30 21:26:27][DEBUG] jax_fem: Function split_and_compute_cell took 0.0519 seconds
[06-30 21:26:27][DEBUG] jax_fem: CuDSSNewtonSolver: iter=1  res=1.706e-05  rel=7.105e-14
[06-30 21:26:27][INFO] jax_fem: CuDSSNewtonSolver: solve finished in 0.13s  res=1.706e-05
[06-30 21:26:27][DEBUG] jax_fem: CuDSSNewtonSolver: starting Newton loop
[06-30 21:26:27][DEBUG] jax_fem: DeviceProblem: computing Jacobian on device
[06-30 21:26:27][DEBUG] jax_fem: Function split_and_compute_cell took 0.0560 seconds
[06-30 21:26:27][DEBUG] jax_fem: CuDSSNewtonSolver: initial residual = 2.429e+08
[06-30 21:26:27][DEBUG] jax_fem: DeviceProblem: computing Jacobian on device
[06-30 21:26:27][DEBUG] jax_fem: Function split_and_compute_cell took 0.0299 seconds
[06-30 21:26:27][DEBUG] jax_fem: CuDSSNewtonSolver: iter=1  res=1.534e-05  rel=6.317e-14
[06-30 21:26:27][INFO] jax_fem: CuDSSNewtonSolver: solve finished in 0.12s  res=1.534e-05
[06-30 21:26:28][DEBUG] jax_fem: CuDSSNewtonSolver: starting Newton loop
[06-30 21:26:28][DEBUG] jax_fem: DeviceProblem: computing Jacobian on device
[06-30 21:26:28][DEBUG] jax_fem: Function split_and_compute_cell took 0.0392 seconds
[06-30 21:26:28][DEBUG] jax_fem: CuDSSNewtonSolver: initial residual = 2.414e+08
[06-30 21:26:28][DEBUG] jax_fem: DeviceProblem: computing Jacobian on device
[06-30 21:26:28][DEBUG] jax_fem: Function split_and_compute_cell took 0.0271 seconds
[06-30 21:26:28][DEBUG] jax_fem: CuDSSNewtonSolver: iter=1  res=1.155e-05  rel=4.782e-14
[06-30 21:26:28][INFO] jax_fem: CuDSSNewtonSolver: solve finished in 0.11s  res=1.155e-05
[06-30 21:26:29][DEBUG] jax_fem: CuDSSNewtonSolver: starting Newton loop
[06-30 21:26:29][DEBUG] jax_fem: DeviceProblem: computing Jacobian on device
[06-30 21:26:29][DEBUG] jax_fem: Function split_and_compute_cell took 0.0257 seconds
[06-30 21:26:29][DEBUG] jax_fem: CuDSSNewtonSolver: initial residual = 2.427e+08
[06-30 21:26:29][DEBUG] jax_fem: DeviceProblem: computing Jacobian on device
[06-30 21:26:29][DEBUG] jax_fem: Function split_and_compute_cell took 0.0270 seconds
[06-30 21:26:29][DEBUG] jax_fem: CuDSSNewtonSolver: iter=1  res=1.750e-05  rel=7.209e-14
[06-30 21:26:29][INFO] jax_fem: CuDSSNewtonSolver: solve finished in 0.09s  res=1.750e-05
[06-30 21:26:30][DEBUG] jax_fem: CuDSSNewtonSolver: starting Newton loop
[06-30 21:26:30][DEBUG] jax_fem: DeviceProblem: computing Jacobian on device
[06-30 21:26:30][DEBUG] jax_fem: Function split_and_compute_cell took 0.0279 seconds
[06-30 21:26:30][DEBUG] jax_fem: CuDSSNewtonSolver: initial residual = 2.407e+08
[06-30 21:26:30][DEBUG] jax_fem: DeviceProblem: computing Jacobian on device
[06-30 21:26:30][DEBUG] jax_fem: Function split_and_compute_cell took 0.0258 seconds
[06-30 21:26:30][DEBUG] jax_fem: CuDSSNewtonSolver: iter=1  res=1.669e-05  rel=6.933e-14
[06-30 21:26:30][INFO] jax_fem: CuDSSNewtonSolver: solve finished in 0.09s  res=1.669e-05
[06-30 21:26:31][DEBUG] jax_fem: CuDSSNewtonSolver: starting Newton loop
[06-30 21:26:31][DEBUG] jax_fem: DeviceProblem: computing Jacobian on device
[06-30 21:26:31][DEBUG] jax_fem: Function split_and_compute_cell took 0.0279 seconds
[06-30 21:26:31][DEBUG] jax_fem: CuDSSNewtonSolver: initial residual = 2.401e+08
[06-30 21:26:31][DEBUG] jax_fem: DeviceProblem: computing Jacobian on device
[06-30 21:26:31][DEBUG] jax_fem: Function split_and_compute_cell took 0.0285 seconds
[06-30 21:26:31][DEBUG] jax_fem: CuDSSNewtonSolver: iter=1  res=1.724e-05  rel=7.180e-14
[06-30 21:26:31][INFO] jax_fem: CuDSSNewtonSolver: solve finished in 0.09s  res=1.724e-05
[06-30 21:26:31][DEBUG] jax_fem: CuDSSNewtonSolver: starting Newton loop
[06-30 21:26:31][DEBUG] jax_fem: DeviceProblem: computing Jacobian on device
[06-30 21:26:31][DEBUG] jax_fem: Function split_and_compute_cell took 0.0274 seconds
[06-30 21:26:31][DEBUG] jax_fem: CuDSSNewtonSolver: initial residual = 2.429e+08
[06-30 21:26:31][DEBUG] jax_fem: DeviceProblem: computing Jacobian on device
[06-30 21:26:31][DEBUG] jax_fem: Function split_and_compute_cell took 0.0267 seconds
[06-30 21:26:31][DEBUG] jax_fem: CuDSSNewtonSolver: iter=1  res=1.651e-05  rel=6.797e-14
[06-30 21:26:31][INFO] jax_fem: CuDSSNewtonSolver: solve finished in 0.09s  res=1.651e-05
[06-30 21:26:32][DEBUG] jax_fem: CuDSSNewtonSolver: starting Newton loop
[06-30 21:26:32][DEBUG] jax_fem: DeviceProblem: computing Jacobian on device
[06-30 21:26:32][DEBUG] jax_fem: Function split_and_compute_cell took 0.0257 seconds
[06-30 21:26:32][DEBUG] jax_fem: CuDSSNewtonSolver: initial residual = 2.414e+08
[06-30 21:26:32][DEBUG] jax_fem: DeviceProblem: computing Jacobian on device
[06-30 21:26:32][DEBUG] jax_fem: Function split_and_compute_cell took 0.0272 seconds
[06-30 21:26:32][DEBUG] jax_fem: CuDSSNewtonSolver: iter=1  res=1.179e-05  rel=4.883e-14
[06-30 21:26:32][INFO] jax_fem: CuDSSNewtonSolver: solve finished in 0.09s  res=1.179e-05
[06-30 21:26:32][INFO] jax_fem: CuDSS backward: solving adjoint problem …
[06-30 21:26:32][DEBUG] jax_fem: DeviceProblem: computing Jacobian on device
[06-30 21:26:32][DEBUG] jax_fem: Function split_and_compute_cell took 0.0315 seconds
[06-30 21:26:32][DEBUG] jax_fem: Computing cell residual...
[06-30 21:26:32][DEBUG] jax_fem: Function split_and_compute_cell took 0.0561 seconds
[06-30 21:26:32][INFO] jax_fem: CuDSS backward: solving adjoint problem …
[06-30 21:26:32][DEBUG] jax_fem: DeviceProblem: computing Jacobian on device
[06-30 21:26:32][DEBUG] jax_fem: Function split_and_compute_cell took 0.0253 seconds
[06-30 21:26:33][DEBUG] jax_fem: Computing cell residual...
[06-30 21:26:33][DEBUG] jax_fem: Function split_and_compute_cell took 0.0803 seconds
[06-30 21:26:33][INFO] jax_fem: CuDSS backward: solving adjoint problem …
[06-30 21:26:33][DEBUG] jax_fem: DeviceProblem: computing Jacobian on device
[06-30 21:26:33][DEBUG] jax_fem: Function split_and_compute_cell took 0.0329 seconds
[06-30 21:26:33][DEBUG] jax_fem: Computing cell residual...
[06-30 21:26:33][DEBUG] jax_fem: Function split_and_compute_cell took 0.0685 seconds
[06-30 21:26:33][INFO] jax_fem: CuDSS backward: solving adjoint problem …
[06-30 21:26:33][DEBUG] jax_fem: DeviceProblem: computing Jacobian on device
[06-30 21:26:33][DEBUG] jax_fem: Function split_and_compute_cell took 0.0501 seconds
[06-30 21:26:33][DEBUG] jax_fem: Computing cell residual...
[06-30 21:26:33][DEBUG] jax_fem: Function split_and_compute_cell took 0.0673 seconds
[06-30 21:26:34][INFO] jax_fem: CuDSS backward: solving adjoint problem …
[06-30 21:26:34][DEBUG] jax_fem: DeviceProblem: computing Jacobian on device
[06-30 21:26:34][DEBUG] jax_fem: Function split_and_compute_cell took 0.0353 seconds
[06-30 21:26:34][DEBUG] jax_fem: Computing cell residual...
[06-30 21:26:34][DEBUG] jax_fem: Function split_and_compute_cell took 0.0664 seconds
[06-30 21:26:35][DEBUG] jax_fem: CuDSSNewtonSolver: starting Newton loop
[06-30 21:26:35][DEBUG] jax_fem: DeviceProblem: computing Jacobian on device
[06-30 21:26:35][DEBUG] jax_fem: Function split_and_compute_cell took 0.0293 seconds
[06-30 21:26:35][DEBUG] jax_fem: CuDSSNewtonSolver: initial residual = 2.427e+08
[06-30 21:26:35][DEBUG] jax_fem: DeviceProblem: computing Jacobian on device
[06-30 21:26:35][DEBUG] jax_fem: Function split_and_compute_cell took 0.0263 seconds
[06-30 21:26:35][DEBUG] jax_fem: CuDSSNewtonSolver: iter=1  res=1.570e-05  rel=6.468e-14
[06-30 21:26:35][INFO] jax_fem: CuDSSNewtonSolver: solve finished in 0.10s  res=1.570e-05
[06-30 21:26:36][DEBUG] jax_fem: CuDSSNewtonSolver: starting Newton loop
[06-30 21:26:36][DEBUG] jax_fem: DeviceProblem: computing Jacobian on device
[06-30 21:26:36][DEBUG] jax_fem: Function split_and_compute_cell took 0.0370 seconds
[06-30 21:26:36][DEBUG] jax_fem: CuDSSNewtonSolver: initial residual = 2.407e+08
[06-30 21:26:36][DEBUG] jax_fem: DeviceProblem: computing Jacobian on device
[06-30 21:26:36][DEBUG] jax_fem: Function split_and_compute_cell took 0.0263 seconds
[06-30 21:26:36][DEBUG] jax_fem: CuDSSNewtonSolver: iter=1  res=1.554e-05  rel=6.455e-14
[06-30 21:26:36][INFO] jax_fem: CuDSSNewtonSolver: solve finished in 0.10s  res=1.554e-05
[06-30 21:26:36][DEBUG] jax_fem: CuDSSNewtonSolver: starting Newton loop
[06-30 21:26:36][DEBUG] jax_fem: DeviceProblem: computing Jacobian on device
[06-30 21:26:36][DEBUG] jax_fem: Function split_and_compute_cell took 0.0513 seconds
[06-30 21:26:36][DEBUG] jax_fem: CuDSSNewtonSolver: initial residual = 2.401e+08
[06-30 21:26:36][DEBUG] jax_fem: DeviceProblem: computing Jacobian on device
[06-30 21:26:36][DEBUG] jax_fem: Function split_and_compute_cell took 0.0342 seconds
[06-30 21:26:36][DEBUG] jax_fem: CuDSSNewtonSolver: iter=1  res=1.738e-05  rel=7.241e-14
[06-30 21:26:36][INFO] jax_fem: CuDSSNewtonSolver: solve finished in 0.13s  res=1.738e-05
[06-30 21:26:36][DEBUG] jax_fem: CuDSSNewtonSolver: starting Newton loop
[06-30 21:26:36][DEBUG] jax_fem: DeviceProblem: computing Jacobian on device
[06-30 21:26:36][DEBUG] jax_fem: Function split_and_compute_cell took 0.0521 seconds
[06-30 21:26:36][DEBUG] jax_fem: CuDSSNewtonSolver: initial residual = 2.429e+08
[06-30 21:26:36][DEBUG] jax_fem: DeviceProblem: computing Jacobian on device
[06-30 21:26:36][DEBUG] jax_fem: Function split_and_compute_cell took 0.0393 seconds
[06-30 21:26:36][DEBUG] jax_fem: CuDSSNewtonSolver: iter=1  res=1.574e-05  rel=6.479e-14
[06-30 21:26:36][INFO] jax_fem: CuDSSNewtonSolver: solve finished in 0.13s  res=1.574e-05
[06-30 21:26:37][DEBUG] jax_fem: CuDSSNewtonSolver: starting Newton loop
[06-30 21:26:37][DEBUG] jax_fem: DeviceProblem: computing Jacobian on device
[06-30 21:26:37][DEBUG] jax_fem: Function split_and_compute_cell took 0.0339 seconds
[06-30 21:26:37][DEBUG] jax_fem: CuDSSNewtonSolver: initial residual = 2.414e+08
[06-30 21:26:37][DEBUG] jax_fem: DeviceProblem: computing Jacobian on device
[06-30 21:26:37][DEBUG] jax_fem: Function split_and_compute_cell took 0.0512 seconds
[06-30 21:26:37][DEBUG] jax_fem: CuDSSNewtonSolver: iter=1  res=1.190e-05  rel=4.930e-14
[06-30 21:26:37][INFO] jax_fem: CuDSSNewtonSolver: solve finished in 0.13s  res=1.190e-05
[06-30 21:26:38][DEBUG] jax_fem: CuDSSNewtonSolver: starting Newton loop
[06-30 21:26:38][DEBUG] jax_fem: DeviceProblem: computing Jacobian on device
[06-30 21:26:39][DEBUG] jax_fem: Function split_and_compute_cell took 0.0275 seconds
[06-30 21:26:39][DEBUG] jax_fem: CuDSSNewtonSolver: initial residual = 2.427e+08
[06-30 21:26:39][DEBUG] jax_fem: DeviceProblem: computing Jacobian on device
[06-30 21:26:39][DEBUG] jax_fem: Function split_and_compute_cell took 0.0251 seconds
[06-30 21:26:39][DEBUG] jax_fem: CuDSSNewtonSolver: iter=1  res=1.593e-05  rel=6.562e-14
[06-30 21:26:39][INFO] jax_fem: CuDSSNewtonSolver: solve finished in 0.09s  res=1.593e-05
[06-30 21:26:39][DEBUG] jax_fem: CuDSSNewtonSolver: starting Newton loop
[06-30 21:26:39][DEBUG] jax_fem: DeviceProblem: computing Jacobian on device
[06-30 21:26:39][DEBUG] jax_fem: Function split_and_compute_cell took 0.0257 seconds
[06-30 21:26:39][DEBUG] jax_fem: CuDSSNewtonSolver: initial residual = 2.407e+08
[06-30 21:26:39][DEBUG] jax_fem: DeviceProblem: computing Jacobian on device
[06-30 21:26:39][DEBUG] jax_fem: Function split_and_compute_cell took 0.0261 seconds
[06-30 21:26:39][DEBUG] jax_fem: CuDSSNewtonSolver: iter=1  res=1.659e-05  rel=6.895e-14
[06-30 21:26:39][INFO] jax_fem: CuDSSNewtonSolver: solve finished in 0.09s  res=1.659e-05
[06-30 21:26:40][DEBUG] jax_fem: CuDSSNewtonSolver: starting Newton loop
[06-30 21:26:40][DEBUG] jax_fem: DeviceProblem: computing Jacobian on device
[06-30 21:26:40][DEBUG] jax_fem: Function split_and_compute_cell took 0.0246 seconds
[06-30 21:26:40][DEBUG] jax_fem: CuDSSNewtonSolver: initial residual = 2.401e+08
[06-30 21:26:40][DEBUG] jax_fem: DeviceProblem: computing Jacobian on device
[06-30 21:26:40][DEBUG] jax_fem: Function split_and_compute_cell took 0.0270 seconds
[06-30 21:26:40][DEBUG] jax_fem: CuDSSNewtonSolver: iter=1  res=1.626e-05  rel=6.774e-14
[06-30 21:26:40][INFO] jax_fem: CuDSSNewtonSolver: solve finished in 0.09s  res=1.626e-05
[06-30 21:26:40][DEBUG] jax_fem: CuDSSNewtonSolver: starting Newton loop
[06-30 21:26:40][DEBUG] jax_fem: DeviceProblem: computing Jacobian on device
[06-30 21:26:40][DEBUG] jax_fem: Function split_and_compute_cell took 0.0250 seconds
[06-30 21:26:40][DEBUG] jax_fem: CuDSSNewtonSolver: initial residual = 2.429e+08
[06-30 21:26:40][DEBUG] jax_fem: DeviceProblem: computing Jacobian on device
[06-30 21:26:40][DEBUG] jax_fem: Function split_and_compute_cell took 0.0277 seconds
[06-30 21:26:40][DEBUG] jax_fem: CuDSSNewtonSolver: iter=1  res=1.585e-05  rel=6.527e-14
[06-30 21:26:40][INFO] jax_fem: CuDSSNewtonSolver: solve finished in 0.09s  res=1.585e-05
[06-30 21:26:41][DEBUG] jax_fem: CuDSSNewtonSolver: starting Newton loop
[06-30 21:26:41][DEBUG] jax_fem: DeviceProblem: computing Jacobian on device
[06-30 21:26:41][DEBUG] jax_fem: Function split_and_compute_cell took 0.0259 seconds
[06-30 21:26:41][DEBUG] jax_fem: CuDSSNewtonSolver: initial residual = 2.414e+08
[06-30 21:26:41][DEBUG] jax_fem: DeviceProblem: computing Jacobian on device
[06-30 21:26:41][DEBUG] jax_fem: Function split_and_compute_cell took 0.0265 seconds
[06-30 21:26:41][DEBUG] jax_fem: CuDSSNewtonSolver: iter=1  res=1.228e-05  rel=5.088e-14
[06-30 21:26:41][INFO] jax_fem: CuDSSNewtonSolver: solve finished in 0.09s  res=1.228e-05
[06-30 21:26:41][INFO] jax_fem: CuDSS backward: solving adjoint problem …
[06-30 21:26:41][DEBUG] jax_fem: DeviceProblem: computing Jacobian on device
[06-30 21:26:41][DEBUG] jax_fem: Function split_and_compute_cell took 0.0306 seconds
[06-30 21:26:41][DEBUG] jax_fem: Computing cell residual...
[06-30 21:26:41][DEBUG] jax_fem: Function split_and_compute_cell took 0.0626 seconds
[06-30 21:26:42][INFO] jax_fem: CuDSS backward: solving adjoint problem …
[06-30 21:26:42][DEBUG] jax_fem: DeviceProblem: computing Jacobian on device
[06-30 21:26:42][DEBUG] jax_fem: Function split_and_compute_cell took 0.0344 seconds
[06-30 21:26:42][DEBUG] jax_fem: Computing cell residual...
[06-30 21:26:42][DEBUG] jax_fem: Function split_and_compute_cell took 0.0712 seconds
[06-30 21:26:42][INFO] jax_fem: CuDSS backward: solving adjoint problem …
[06-30 21:26:42][DEBUG] jax_fem: DeviceProblem: computing Jacobian on device
[06-30 21:26:42][DEBUG] jax_fem: Function split_and_compute_cell took 0.0300 seconds
[06-30 21:26:42][DEBUG] jax_fem: Computing cell residual...
[06-30 21:26:42][DEBUG] jax_fem: Function split_and_compute_cell took 0.0764 seconds
[06-30 21:26:42][INFO] jax_fem: CuDSS backward: solving adjoint problem …
[06-30 21:26:42][DEBUG] jax_fem: DeviceProblem: computing Jacobian on device
[06-30 21:26:42][DEBUG] jax_fem: Function split_and_compute_cell took 0.0412 seconds
[06-30 21:26:42][DEBUG] jax_fem: Computing cell residual...
[06-30 21:26:43][DEBUG] jax_fem: Function split_and_compute_cell took 0.0696 seconds
[06-30 21:26:43][INFO] jax_fem: CuDSS backward: solving adjoint problem …
[06-30 21:26:43][DEBUG] jax_fem: DeviceProblem: computing Jacobian on device
[06-30 21:26:43][DEBUG] jax_fem: Function split_and_compute_cell took 0.0577 seconds
[06-30 21:26:43][DEBUG] jax_fem: Computing cell residual...
[06-30 21:26:43][DEBUG] jax_fem: Function split_and_compute_cell took 0.0619 seconds
[06-30 21:26:45][DEBUG] jax_fem: CuDSSNewtonSolver: starting Newton loop
[06-30 21:26:45][DEBUG] jax_fem: DeviceProblem: computing Jacobian on device
[06-30 21:26:45][DEBUG] jax_fem: Function split_and_compute_cell took 0.0641 seconds
[06-30 21:26:45][DEBUG] jax_fem: CuDSSNewtonSolver: initial residual = 2.427e+08
[06-30 21:26:45][DEBUG] jax_fem: DeviceProblem: computing Jacobian on device
[06-30 21:26:45][DEBUG] jax_fem: Function split_and_compute_cell took 0.0395 seconds
[06-30 21:26:45][DEBUG] jax_fem: CuDSSNewtonSolver: iter=1  res=1.648e-05  rel=6.791e-14
[06-30 21:26:45][INFO] jax_fem: CuDSSNewtonSolver: solve finished in 0.15s  res=1.648e-05
[06-30 21:26:45][DEBUG] jax_fem: CuDSSNewtonSolver: starting Newton loop
[06-30 21:26:45][DEBUG] jax_fem: DeviceProblem: computing Jacobian on device
[06-30 21:26:45][DEBUG] jax_fem: Function split_and_compute_cell took 0.0238 seconds
[06-30 21:26:45][DEBUG] jax_fem: CuDSSNewtonSolver: initial residual = 2.407e+08
[06-30 21:26:45][DEBUG] jax_fem: DeviceProblem: computing Jacobian on device
[06-30 21:26:45][DEBUG] jax_fem: Function split_and_compute_cell took 0.0643 seconds
[06-30 21:26:45][DEBUG] jax_fem: CuDSSNewtonSolver: iter=1  res=1.644e-05  rel=6.832e-14
[06-30 21:26:45][INFO] jax_fem: CuDSSNewtonSolver: solve finished in 0.13s  res=1.644e-05
[06-30 21:26:45][DEBUG] jax_fem: CuDSSNewtonSolver: starting Newton loop
[06-30 21:26:45][DEBUG] jax_fem: DeviceProblem: computing Jacobian on device
[06-30 21:26:45][DEBUG] jax_fem: Function split_and_compute_cell took 0.0523 seconds
[06-30 21:26:45][DEBUG] jax_fem: CuDSSNewtonSolver: initial residual = 2.401e+08
[06-30 21:26:45][DEBUG] jax_fem: DeviceProblem: computing Jacobian on device
[06-30 21:26:45][DEBUG] jax_fem: Function split_and_compute_cell took 0.0512 seconds
[06-30 21:26:45][DEBUG] jax_fem: CuDSSNewtonSolver: iter=1  res=1.713e-05  rel=7.137e-14
[06-30 21:26:45][INFO] jax_fem: CuDSSNewtonSolver: solve finished in 0.15s  res=1.713e-05
[06-30 21:26:46][DEBUG] jax_fem: CuDSSNewtonSolver: starting Newton loop
[06-30 21:26:46][DEBUG] jax_fem: DeviceProblem: computing Jacobian on device
[06-30 21:26:46][DEBUG] jax_fem: Function split_and_compute_cell took 0.0356 seconds
[06-30 21:26:46][DEBUG] jax_fem: CuDSSNewtonSolver: initial residual = 2.429e+08
[06-30 21:26:46][DEBUG] jax_fem: DeviceProblem: computing Jacobian on device
[06-30 21:26:46][DEBUG] jax_fem: Function split_and_compute_cell took 0.0476 seconds
[06-30 21:26:46][DEBUG] jax_fem: CuDSSNewtonSolver: iter=1  res=1.671e-05  rel=6.880e-14
[06-30 21:26:46][INFO] jax_fem: CuDSSNewtonSolver: solve finished in 0.12s  res=1.671e-05
[06-30 21:26:46][DEBUG] jax_fem: CuDSSNewtonSolver: starting Newton loop
[06-30 21:26:46][DEBUG] jax_fem: DeviceProblem: computing Jacobian on device
[06-30 21:26:46][DEBUG] jax_fem: Function split_and_compute_cell took 0.0387 seconds
[06-30 21:26:46][DEBUG] jax_fem: CuDSSNewtonSolver: initial residual = 2.414e+08
[06-30 21:26:46][DEBUG] jax_fem: DeviceProblem: computing Jacobian on device
[06-30 21:26:46][DEBUG] jax_fem: Function split_and_compute_cell took 0.0516 seconds
[06-30 21:26:46][DEBUG] jax_fem: CuDSSNewtonSolver: iter=1  res=1.185e-05  rel=4.907e-14
[06-30 21:26:46][INFO] jax_fem: CuDSSNewtonSolver: solve finished in 0.13s  res=1.185e-05
[06-30 21:26:48][DEBUG] jax_fem: CuDSSNewtonSolver: starting Newton loop
[06-30 21:26:48][DEBUG] jax_fem: DeviceProblem: computing Jacobian on device
[06-30 21:26:48][DEBUG] jax_fem: Function split_and_compute_cell took 0.0240 seconds
[06-30 21:26:48][DEBUG] jax_fem: CuDSSNewtonSolver: initial residual = 2.427e+08
[06-30 21:26:48][DEBUG] jax_fem: DeviceProblem: computing Jacobian on device
[06-30 21:26:48][DEBUG] jax_fem: Function split_and_compute_cell took 0.0268 seconds
[06-30 21:26:48][DEBUG] jax_fem: CuDSSNewtonSolver: iter=1  res=1.607e-05  rel=6.620e-14
[06-30 21:26:48][INFO] jax_fem: CuDSSNewtonSolver: solve finished in 0.09s  res=1.607e-05
[06-30 21:26:48][DEBUG] jax_fem: CuDSSNewtonSolver: starting Newton loop
[06-30 21:26:48][DEBUG] jax_fem: DeviceProblem: computing Jacobian on device
[06-30 21:26:49][DEBUG] jax_fem: Function split_and_compute_cell took 0.0286 seconds
[06-30 21:26:49][DEBUG] jax_fem: CuDSSNewtonSolver: initial residual = 2.407e+08
[06-30 21:26:49][DEBUG] jax_fem: DeviceProblem: computing Jacobian on device
[06-30 21:26:49][DEBUG] jax_fem: Function split_and_compute_cell took 0.0258 seconds
[06-30 21:26:49][DEBUG] jax_fem: CuDSSNewtonSolver: iter=1  res=1.659e-05  rel=6.894e-14
[06-30 21:26:49][INFO] jax_fem: CuDSSNewtonSolver: solve finished in 0.09s  res=1.659e-05
[06-30 21:26:49][DEBUG] jax_fem: CuDSSNewtonSolver: starting Newton loop
[06-30 21:26:49][DEBUG] jax_fem: DeviceProblem: computing Jacobian on device
[06-30 21:26:49][DEBUG] jax_fem: Function split_and_compute_cell took 0.0276 seconds
[06-30 21:26:49][DEBUG] jax_fem: CuDSSNewtonSolver: initial residual = 2.401e+08
[06-30 21:26:49][DEBUG] jax_fem: DeviceProblem: computing Jacobian on device
[06-30 21:26:49][DEBUG] jax_fem: Function split_and_compute_cell took 0.0278 seconds
[06-30 21:26:49][DEBUG] jax_fem: CuDSSNewtonSolver: iter=1  res=1.735e-05  rel=7.226e-14
[06-30 21:26:49][INFO] jax_fem: CuDSSNewtonSolver: solve finished in 0.09s  res=1.735e-05
[06-30 21:26:50][DEBUG] jax_fem: CuDSSNewtonSolver: starting Newton loop
[06-30 21:26:50][DEBUG] jax_fem: DeviceProblem: computing Jacobian on device
[06-30 21:26:50][DEBUG] jax_fem: Function split_and_compute_cell took 0.0267 seconds
[06-30 21:26:50][DEBUG] jax_fem: CuDSSNewtonSolver: initial residual = 2.429e+08
[06-30 21:26:50][DEBUG] jax_fem: DeviceProblem: computing Jacobian on device
[06-30 21:26:50][DEBUG] jax_fem: Function split_and_compute_cell took 0.0298 seconds
[06-30 21:26:50][DEBUG] jax_fem: CuDSSNewtonSolver: iter=1  res=1.685e-05  rel=6.937e-14
[06-30 21:26:50][INFO] jax_fem: CuDSSNewtonSolver: solve finished in 0.09s  res=1.685e-05
[06-30 21:26:50][DEBUG] jax_fem: CuDSSNewtonSolver: starting Newton loop
[06-30 21:26:50][DEBUG] jax_fem: DeviceProblem: computing Jacobian on device
[06-30 21:26:50][DEBUG] jax_fem: Function split_and_compute_cell took 0.0267 seconds
[06-30 21:26:50][DEBUG] jax_fem: CuDSSNewtonSolver: initial residual = 2.414e+08
[06-30 21:26:50][DEBUG] jax_fem: DeviceProblem: computing Jacobian on device
[06-30 21:26:50][DEBUG] jax_fem: Function split_and_compute_cell took 0.0263 seconds
[06-30 21:26:50][DEBUG] jax_fem: CuDSSNewtonSolver: iter=1  res=1.208e-05  rel=5.004e-14
[06-30 21:26:50][INFO] jax_fem: CuDSSNewtonSolver: solve finished in 0.09s  res=1.208e-05
[06-30 21:26:50][INFO] jax_fem: CuDSS backward: solving adjoint problem …
[06-30 21:26:50][DEBUG] jax_fem: DeviceProblem: computing Jacobian on device
[06-30 21:26:50][DEBUG] jax_fem: Function split_and_compute_cell took 0.0292 seconds
[06-30 21:26:51][DEBUG] jax_fem: Computing cell residual...
[06-30 21:26:51][DEBUG] jax_fem: Function split_and_compute_cell took 0.0759 seconds
[06-30 21:26:51][INFO] jax_fem: CuDSS backward: solving adjoint problem …
[06-30 21:26:51][DEBUG] jax_fem: DeviceProblem: computing Jacobian on device
[06-30 21:26:51][DEBUG] jax_fem: Function split_and_compute_cell took 0.0447 seconds
[06-30 21:26:51][DEBUG] jax_fem: Computing cell residual...
[06-30 21:26:51][DEBUG] jax_fem: Function split_and_compute_cell took 0.0616 seconds
[06-30 21:26:51][INFO] jax_fem: CuDSS backward: solving adjoint problem …
[06-30 21:26:51][DEBUG] jax_fem: DeviceProblem: computing Jacobian on device
[06-30 21:26:51][DEBUG] jax_fem: Function split_and_compute_cell took 0.0383 seconds
[06-30 21:26:51][DEBUG] jax_fem: Computing cell residual...
[06-30 21:26:51][DEBUG] jax_fem: Function split_and_compute_cell took 0.0712 seconds
[06-30 21:26:52][INFO] jax_fem: CuDSS backward: solving adjoint problem …
[06-30 21:26:52][DEBUG] jax_fem: DeviceProblem: computing Jacobian on device
[06-30 21:26:52][DEBUG] jax_fem: Function split_and_compute_cell took 0.0354 seconds
[06-30 21:26:52][DEBUG] jax_fem: Computing cell residual...
[06-30 21:26:52][DEBUG] jax_fem: Function split_and_compute_cell took 0.0655 seconds
[06-30 21:26:52][INFO] jax_fem: CuDSS backward: solving adjoint problem …
[06-30 21:26:52][DEBUG] jax_fem: DeviceProblem: computing Jacobian on device
[06-30 21:26:52][DEBUG] jax_fem: Function split_and_compute_cell took 0.0316 seconds
[06-30 21:26:52][DEBUG] jax_fem: Computing cell residual...
[06-30 21:26:52][DEBUG] jax_fem: Function split_and_compute_cell took 0.0673 seconds
[06-30 21:26:54][DEBUG] jax_fem: CuDSSNewtonSolver: starting Newton loop
[06-30 21:26:54][DEBUG] jax_fem: DeviceProblem: computing Jacobian on device
[06-30 21:26:54][DEBUG] jax_fem: Function split_and_compute_cell took 0.0378 seconds
[06-30 21:26:54][DEBUG] jax_fem: CuDSSNewtonSolver: initial residual = 2.427e+08
[06-30 21:26:54][DEBUG] jax_fem: DeviceProblem: computing Jacobian on device
[06-30 21:26:54][DEBUG] jax_fem: Function split_and_compute_cell took 0.0454 seconds
[06-30 21:26:54][DEBUG] jax_fem: CuDSSNewtonSolver: iter=1  res=1.577e-05  rel=6.498e-14
[06-30 21:26:54][INFO] jax_fem: CuDSSNewtonSolver: solve finished in 0.12s  res=1.577e-05
[06-30 21:26:54][DEBUG] jax_fem: CuDSSNewtonSolver: starting Newton loop
[06-30 21:26:54][DEBUG] jax_fem: DeviceProblem: computing Jacobian on device
[06-30 21:26:54][DEBUG] jax_fem: Function split_and_compute_cell took 0.0327 seconds
[06-30 21:26:54][DEBUG] jax_fem: CuDSSNewtonSolver: initial residual = 2.407e+08
[06-30 21:26:54][DEBUG] jax_fem: DeviceProblem: computing Jacobian on device
[06-30 21:26:54][DEBUG] jax_fem: Function split_and_compute_cell took 0.0358 seconds
[06-30 21:26:54][DEBUG] jax_fem: CuDSSNewtonSolver: iter=1  res=1.636e-05  rel=6.797e-14
[06-30 21:26:54][INFO] jax_fem: CuDSSNewtonSolver: solve finished in 0.11s  res=1.636e-05
[06-30 21:26:54][DEBUG] jax_fem: CuDSSNewtonSolver: starting Newton loop
[06-30 21:26:54][DEBUG] jax_fem: DeviceProblem: computing Jacobian on device
[06-30 21:26:54][DEBUG] jax_fem: Function split_and_compute_cell took 0.0364 seconds
[06-30 21:26:54][DEBUG] jax_fem: CuDSSNewtonSolver: initial residual = 2.401e+08
[06-30 21:26:54][DEBUG] jax_fem: DeviceProblem: computing Jacobian on device
[06-30 21:26:54][DEBUG] jax_fem: Function split_and_compute_cell took 0.0538 seconds
[06-30 21:26:54][DEBUG] jax_fem: CuDSSNewtonSolver: iter=1  res=1.790e-05  rel=7.454e-14
[06-30 21:26:54][INFO] jax_fem: CuDSSNewtonSolver: solve finished in 0.13s  res=1.790e-05
[06-30 21:26:55][DEBUG] jax_fem: CuDSSNewtonSolver: starting Newton loop
[06-30 21:26:55][DEBUG] jax_fem: DeviceProblem: computing Jacobian on device
[06-30 21:26:55][DEBUG] jax_fem: Function split_and_compute_cell took 0.0293 seconds
[06-30 21:26:55][DEBUG] jax_fem: CuDSSNewtonSolver: initial residual = 2.429e+08
[06-30 21:26:55][DEBUG] jax_fem: DeviceProblem: computing Jacobian on device
[06-30 21:26:55][DEBUG] jax_fem: Function split_and_compute_cell took 0.0420 seconds
[06-30 21:26:55][DEBUG] jax_fem: CuDSSNewtonSolver: iter=1  res=1.632e-05  rel=6.718e-14
[06-30 21:26:55][INFO] jax_fem: CuDSSNewtonSolver: solve finished in 0.11s  res=1.632e-05
[06-30 21:26:55][DEBUG] jax_fem: CuDSSNewtonSolver: starting Newton loop
[06-30 21:26:55][DEBUG] jax_fem: DeviceProblem: computing Jacobian on device
[06-30 21:26:55][DEBUG] jax_fem: Function split_and_compute_cell took 0.0275 seconds
[06-30 21:26:55][DEBUG] jax_fem: CuDSSNewtonSolver: initial residual = 2.414e+08
[06-30 21:26:55][DEBUG] jax_fem: DeviceProblem: computing Jacobian on device
[06-30 21:26:55][DEBUG] jax_fem: Function split_and_compute_cell took 0.0369 seconds
[06-30 21:26:55][DEBUG] jax_fem: CuDSSNewtonSolver: iter=1  res=1.158e-05  rel=4.795e-14
[06-30 21:26:55][INFO] jax_fem: CuDSSNewtonSolver: solve finished in 0.10s  res=1.158e-05
[06-30 21:26:57][DEBUG] jax_fem: CuDSSNewtonSolver: starting Newton loop
[06-30 21:26:57][DEBUG] jax_fem: DeviceProblem: computing Jacobian on device
[06-30 21:26:57][DEBUG] jax_fem: Function split_and_compute_cell took 0.0280 seconds
[06-30 21:26:57][DEBUG] jax_fem: CuDSSNewtonSolver: initial residual = 2.427e+08
[06-30 21:26:57][DEBUG] jax_fem: DeviceProblem: computing Jacobian on device
[06-30 21:26:57][DEBUG] jax_fem: Function split_and_compute_cell took 0.0262 seconds
[06-30 21:26:57][DEBUG] jax_fem: CuDSSNewtonSolver: iter=1  res=1.642e-05  rel=6.767e-14
[06-30 21:26:57][INFO] jax_fem: CuDSSNewtonSolver: solve finished in 0.09s  res=1.642e-05
[06-30 21:26:58][DEBUG] jax_fem: CuDSSNewtonSolver: starting Newton loop
[06-30 21:26:58][DEBUG] jax_fem: DeviceProblem: computing Jacobian on device
[06-30 21:26:58][DEBUG] jax_fem: Function split_and_compute_cell took 0.0250 seconds
[06-30 21:26:58][DEBUG] jax_fem: CuDSSNewtonSolver: initial residual = 2.407e+08
[06-30 21:26:58][DEBUG] jax_fem: DeviceProblem: computing Jacobian on device
[06-30 21:26:58][DEBUG] jax_fem: Function split_and_compute_cell took 0.0274 seconds
[06-30 21:26:58][DEBUG] jax_fem: CuDSSNewtonSolver: iter=1  res=1.614e-05  rel=6.705e-14
[06-30 21:26:58][INFO] jax_fem: CuDSSNewtonSolver: solve finished in 0.09s  res=1.614e-05
[06-30 21:26:58][DEBUG] jax_fem: CuDSSNewtonSolver: starting Newton loop
[06-30 21:26:58][DEBUG] jax_fem: DeviceProblem: computing Jacobian on device
[06-30 21:26:58][DEBUG] jax_fem: Function split_and_compute_cell took 0.0284 seconds
[06-30 21:26:58][DEBUG] jax_fem: CuDSSNewtonSolver: initial residual = 2.401e+08
[06-30 21:26:58][DEBUG] jax_fem: DeviceProblem: computing Jacobian on device
[06-30 21:26:58][DEBUG] jax_fem: Function split_and_compute_cell took 0.0264 seconds
[06-30 21:26:58][DEBUG] jax_fem: CuDSSNewtonSolver: iter=1  res=1.782e-05  rel=7.422e-14
[06-30 21:26:58][INFO] jax_fem: CuDSSNewtonSolver: solve finished in 0.09s  res=1.782e-05
[06-30 21:26:59][DEBUG] jax_fem: CuDSSNewtonSolver: starting Newton loop
[06-30 21:26:59][DEBUG] jax_fem: DeviceProblem: computing Jacobian on device
[06-30 21:26:59][DEBUG] jax_fem: Function split_and_compute_cell took 0.0253 seconds
[06-30 21:26:59][DEBUG] jax_fem: CuDSSNewtonSolver: initial residual = 2.429e+08
[06-30 21:26:59][DEBUG] jax_fem: DeviceProblem: computing Jacobian on device
[06-30 21:26:59][DEBUG] jax_fem: Function split_and_compute_cell took 0.0273 seconds
[06-30 21:26:59][DEBUG] jax_fem: CuDSSNewtonSolver: iter=1  res=1.555e-05  rel=6.402e-14
[06-30 21:26:59][INFO] jax_fem: CuDSSNewtonSolver: solve finished in 0.09s  res=1.555e-05
[06-30 21:26:59][DEBUG] jax_fem: CuDSSNewtonSolver: starting Newton loop
[06-30 21:26:59][DEBUG] jax_fem: DeviceProblem: computing Jacobian on device
[06-30 21:27:00][DEBUG] jax_fem: Function split_and_compute_cell took 0.0258 seconds
[06-30 21:27:00][DEBUG] jax_fem: CuDSSNewtonSolver: initial residual = 2.414e+08
[06-30 21:27:00][DEBUG] jax_fem: DeviceProblem: computing Jacobian on device
[06-30 21:27:00][DEBUG] jax_fem: Function split_and_compute_cell took 0.0259 seconds
[06-30 21:27:00][DEBUG] jax_fem: CuDSSNewtonSolver: iter=1  res=1.199e-05  rel=4.965e-14
[06-30 21:27:00][INFO] jax_fem: CuDSSNewtonSolver: solve finished in 0.09s  res=1.199e-05
[06-30 21:27:00][INFO] jax_fem: CuDSS backward: solving adjoint problem …
[06-30 21:27:00][DEBUG] jax_fem: DeviceProblem: computing Jacobian on device
[06-30 21:27:00][DEBUG] jax_fem: Function split_and_compute_cell took 0.0329 seconds
[06-30 21:27:00][DEBUG] jax_fem: Computing cell residual...
[06-30 21:27:00][DEBUG] jax_fem: Function split_and_compute_cell took 0.0682 seconds
[06-30 21:27:00][INFO] jax_fem: CuDSS backward: solving adjoint problem …
[06-30 21:27:00][DEBUG] jax_fem: DeviceProblem: computing Jacobian on device
[06-30 21:27:00][DEBUG] jax_fem: Function split_and_compute_cell took 0.0607 seconds
[06-30 21:27:00][DEBUG] jax_fem: Computing cell residual...
[06-30 21:27:00][DEBUG] jax_fem: Function split_and_compute_cell took 0.0712 seconds
[06-30 21:27:00][INFO] jax_fem: CuDSS backward: solving adjoint problem …
[06-30 21:27:00][DEBUG] jax_fem: DeviceProblem: computing Jacobian on device
[06-30 21:27:00][DEBUG] jax_fem: Function split_and_compute_cell took 0.0271 seconds
[06-30 21:27:00][DEBUG] jax_fem: Computing cell residual...
[06-30 21:27:01][DEBUG] jax_fem: Function split_and_compute_cell took 0.0629 seconds
[06-30 21:27:01][INFO] jax_fem: CuDSS backward: solving adjoint problem …
[06-30 21:27:01][DEBUG] jax_fem: DeviceProblem: computing Jacobian on device
[06-30 21:27:01][DEBUG] jax_fem: Function split_and_compute_cell took 0.0343 seconds
[06-30 21:27:01][DEBUG] jax_fem: Computing cell residual...
[06-30 21:27:01][DEBUG] jax_fem: Function split_and_compute_cell took 0.0594 seconds
[06-30 21:27:01][INFO] jax_fem: CuDSS backward: solving adjoint problem …
[06-30 21:27:01][DEBUG] jax_fem: DeviceProblem: computing Jacobian on device
[06-30 21:27:01][DEBUG] jax_fem: Function split_and_compute_cell took 0.0311 seconds
[06-30 21:27:01][DEBUG] jax_fem: Computing cell residual...
[06-30 21:27:01][DEBUG] jax_fem: Function split_and_compute_cell took 0.0635 seconds
[06-30 21:27:03][DEBUG] jax_fem: CuDSSNewtonSolver: starting Newton loop
[06-30 21:27:03][DEBUG] jax_fem: DeviceProblem: computing Jacobian on device
[06-30 21:27:03][DEBUG] jax_fem: Function split_and_compute_cell took 0.0298 seconds
[06-30 21:27:03][DEBUG] jax_fem: CuDSSNewtonSolver: initial residual = 2.427e+08
[06-30 21:27:03][DEBUG] jax_fem: DeviceProblem: computing Jacobian on device
[06-30 21:27:03][DEBUG] jax_fem: Function split_and_compute_cell took 0.0331 seconds
[06-30 21:27:03][DEBUG] jax_fem: CuDSSNewtonSolver: iter=1  res=1.638e-05  rel=6.749e-14
[06-30 21:27:03][INFO] jax_fem: CuDSSNewtonSolver: solve finished in 0.10s  res=1.638e-05
[06-30 21:27:03][DEBUG] jax_fem: CuDSSNewtonSolver: starting Newton loop
[06-30 21:27:03][DEBUG] jax_fem: DeviceProblem: computing Jacobian on device
[06-30 21:27:03][DEBUG] jax_fem: Function split_and_compute_cell took 0.0400 seconds
[06-30 21:27:03][DEBUG] jax_fem: CuDSSNewtonSolver: initial residual = 2.407e+08
[06-30 21:27:03][DEBUG] jax_fem: DeviceProblem: computing Jacobian on device
[06-30 21:27:03][DEBUG] jax_fem: Function split_and_compute_cell took 0.0386 seconds
[06-30 21:27:03][DEBUG] jax_fem: CuDSSNewtonSolver: iter=1  res=1.619e-05  rel=6.725e-14
[06-30 21:27:03][INFO] jax_fem: CuDSSNewtonSolver: solve finished in 0.12s  res=1.619e-05
[06-30 21:27:04][DEBUG] jax_fem: CuDSSNewtonSolver: starting Newton loop
[06-30 21:27:04][DEBUG] jax_fem: DeviceProblem: computing Jacobian on device
[06-30 21:27:04][DEBUG] jax_fem: Function split_and_compute_cell took 0.0401 seconds
[06-30 21:27:04][DEBUG] jax_fem: CuDSSNewtonSolver: initial residual = 2.401e+08
[06-30 21:27:04][DEBUG] jax_fem: DeviceProblem: computing Jacobian on device
[06-30 21:27:04][DEBUG] jax_fem: Function split_and_compute_cell took 0.0423 seconds
[06-30 21:27:04][DEBUG] jax_fem: CuDSSNewtonSolver: iter=1  res=1.807e-05  rel=7.528e-14
[06-30 21:27:04][INFO] jax_fem: CuDSSNewtonSolver: solve finished in 0.13s  res=1.807e-05
[06-30 21:27:04][DEBUG] jax_fem: CuDSSNewtonSolver: starting Newton loop
[06-30 21:27:04][DEBUG] jax_fem: DeviceProblem: computing Jacobian on device
[06-30 21:27:04][DEBUG] jax_fem: Function split_and_compute_cell took 0.0301 seconds
[06-30 21:27:04][DEBUG] jax_fem: CuDSSNewtonSolver: initial residual = 2.429e+08
[06-30 21:27:04][DEBUG] jax_fem: DeviceProblem: computing Jacobian on device
[06-30 21:27:04][DEBUG] jax_fem: Function split_and_compute_cell took 0.0516 seconds
[06-30 21:27:04][DEBUG] jax_fem: CuDSSNewtonSolver: iter=1  res=1.647e-05  rel=6.783e-14
[06-30 21:27:04][INFO] jax_fem: CuDSSNewtonSolver: solve finished in 0.12s  res=1.647e-05
[06-30 21:27:04][DEBUG] jax_fem: CuDSSNewtonSolver: starting Newton loop
[06-30 21:27:04][DEBUG] jax_fem: DeviceProblem: computing Jacobian on device
[06-30 21:27:04][DEBUG] jax_fem: Function split_and_compute_cell took 0.0286 seconds
[06-30 21:27:04][DEBUG] jax_fem: CuDSSNewtonSolver: initial residual = 2.414e+08
[06-30 21:27:04][DEBUG] jax_fem: DeviceProblem: computing Jacobian on device
[06-30 21:27:04][DEBUG] jax_fem: Function split_and_compute_cell took 0.0416 seconds
[06-30 21:27:04][DEBUG] jax_fem: CuDSSNewtonSolver: iter=1  res=1.173e-05  rel=4.856e-14
[06-30 21:27:04][INFO] jax_fem: CuDSSNewtonSolver: solve finished in 0.12s  res=1.173e-05
[06-30 21:27:06][DEBUG] jax_fem: CuDSSNewtonSolver: starting Newton loop
[06-30 21:27:06][DEBUG] jax_fem: DeviceProblem: computing Jacobian on device
[06-30 21:27:06][DEBUG] jax_fem: Function split_and_compute_cell took 0.0266 seconds
[06-30 21:27:06][DEBUG] jax_fem: CuDSSNewtonSolver: initial residual = 2.427e+08
[06-30 21:27:06][DEBUG] jax_fem: DeviceProblem: computing Jacobian on device
[06-30 21:27:06][DEBUG] jax_fem: Function split_and_compute_cell took 0.0258 seconds
[06-30 21:27:06][DEBUG] jax_fem: CuDSSNewtonSolver: iter=1  res=1.644e-05  rel=6.773e-14
[06-30 21:27:06][INFO] jax_fem: CuDSSNewtonSolver: solve finished in 0.09s  res=1.644e-05
[06-30 21:27:07][DEBUG] jax_fem: CuDSSNewtonSolver: starting Newton loop
[06-30 21:27:07][DEBUG] jax_fem: DeviceProblem: computing Jacobian on device
[06-30 21:27:07][DEBUG] jax_fem: Function split_and_compute_cell took 0.0265 seconds
[06-30 21:27:07][DEBUG] jax_fem: CuDSSNewtonSolver: initial residual = 2.407e+08
[06-30 21:27:07][DEBUG] jax_fem: DeviceProblem: computing Jacobian on device
[06-30 21:27:07][DEBUG] jax_fem: Function split_and_compute_cell took 0.0267 seconds
[06-30 21:27:07][DEBUG] jax_fem: CuDSSNewtonSolver: iter=1  res=1.615e-05  rel=6.710e-14
[06-30 21:27:07][INFO] jax_fem: CuDSSNewtonSolver: solve finished in 0.09s  res=1.615e-05
[06-30 21:27:07][DEBUG] jax_fem: CuDSSNewtonSolver: starting Newton loop
[06-30 21:27:07][DEBUG] jax_fem: DeviceProblem: computing Jacobian on device
[06-30 21:27:07][DEBUG] jax_fem: Function split_and_compute_cell took 0.0269 seconds
[06-30 21:27:07][DEBUG] jax_fem: CuDSSNewtonSolver: initial residual = 2.401e+08
[06-30 21:27:07][DEBUG] jax_fem: DeviceProblem: computing Jacobian on device
[06-30 21:27:07][DEBUG] jax_fem: Function split_and_compute_cell took 0.0261 seconds
[06-30 21:27:07][DEBUG] jax_fem: CuDSSNewtonSolver: iter=1  res=1.697e-05  rel=7.067e-14
[06-30 21:27:07][INFO] jax_fem: CuDSSNewtonSolver: solve finished in 0.09s  res=1.697e-05
[06-30 21:27:08][DEBUG] jax_fem: CuDSSNewtonSolver: starting Newton loop
[06-30 21:27:08][DEBUG] jax_fem: DeviceProblem: computing Jacobian on device
[06-30 21:27:08][DEBUG] jax_fem: Function split_and_compute_cell took 0.0271 seconds
[06-30 21:27:08][DEBUG] jax_fem: CuDSSNewtonSolver: initial residual = 2.429e+08
[06-30 21:27:08][DEBUG] jax_fem: DeviceProblem: computing Jacobian on device
[06-30 21:27:08][DEBUG] jax_fem: Function split_and_compute_cell took 0.0267 seconds
[06-30 21:27:08][DEBUG] jax_fem: CuDSSNewtonSolver: iter=1  res=1.600e-05  rel=6.586e-14
[06-30 21:27:08][INFO] jax_fem: CuDSSNewtonSolver: solve finished in 0.09s  res=1.600e-05
[06-30 21:27:08][DEBUG] jax_fem: CuDSSNewtonSolver: starting Newton loop
[06-30 21:27:08][DEBUG] jax_fem: DeviceProblem: computing Jacobian on device
[06-30 21:27:09][DEBUG] jax_fem: Function split_and_compute_cell took 0.0259 seconds
[06-30 21:27:09][DEBUG] jax_fem: CuDSSNewtonSolver: initial residual = 2.414e+08
[06-30 21:27:09][DEBUG] jax_fem: DeviceProblem: computing Jacobian on device
[06-30 21:27:09][DEBUG] jax_fem: Function split_and_compute_cell took 0.0263 seconds
[06-30 21:27:09][DEBUG] jax_fem: CuDSSNewtonSolver: iter=1  res=1.198e-05  rel=4.961e-14
[06-30 21:27:09][INFO] jax_fem: CuDSSNewtonSolver: solve finished in 0.26s  res=1.198e-05
[06-30 21:27:09][INFO] jax_fem: CuDSS backward: solving adjoint problem …
[06-30 21:27:09][DEBUG] jax_fem: DeviceProblem: computing Jacobian on device
[06-30 21:27:09][DEBUG] jax_fem: Function split_and_compute_cell took 0.0243 seconds
[06-30 21:27:09][DEBUG] jax_fem: Computing cell residual...
[06-30 21:27:09][DEBUG] jax_fem: Function split_and_compute_cell took 0.0742 seconds
[06-30 21:27:09][INFO] jax_fem: CuDSS backward: solving adjoint problem …
[06-30 21:27:09][DEBUG] jax_fem: DeviceProblem: computing Jacobian on device
[06-30 21:27:09][DEBUG] jax_fem: Function split_and_compute_cell took 0.0246 seconds
[06-30 21:27:09][DEBUG] jax_fem: Computing cell residual...
[06-30 21:27:09][DEBUG] jax_fem: Function split_and_compute_cell took 0.0712 seconds
[06-30 21:27:10][INFO] jax_fem: CuDSS backward: solving adjoint problem …
[06-30 21:27:10][DEBUG] jax_fem: DeviceProblem: computing Jacobian on device
[06-30 21:27:10][DEBUG] jax_fem: Function split_and_compute_cell took 0.0361 seconds
[06-30 21:27:10][DEBUG] jax_fem: Computing cell residual...
[06-30 21:27:10][DEBUG] jax_fem: Function split_and_compute_cell took 0.0732 seconds
[06-30 21:27:10][INFO] jax_fem: CuDSS backward: solving adjoint problem …
[06-30 21:27:10][DEBUG] jax_fem: DeviceProblem: computing Jacobian on device
[06-30 21:27:10][DEBUG] jax_fem: Function split_and_compute_cell took 0.0551 seconds
[06-30 21:27:10][DEBUG] jax_fem: Computing cell residual...
[06-30 21:27:10][DEBUG] jax_fem: Function split_and_compute_cell took 0.0781 seconds
[06-30 21:27:10][INFO] jax_fem: CuDSS backward: solving adjoint problem …
[06-30 21:27:10][DEBUG] jax_fem: DeviceProblem: computing Jacobian on device
[06-30 21:27:10][DEBUG] jax_fem: Function split_and_compute_cell took 0.0382 seconds
[06-30 21:27:10][DEBUG] jax_fem: Computing cell residual...
[06-30 21:27:11][DEBUG] jax_fem: Function split_and_compute_cell took 0.0621 seconds
[06-30 21:27:12][DEBUG] jax_fem: CuDSSNewtonSolver: starting Newton loop
[06-30 21:27:12][DEBUG] jax_fem: DeviceProblem: computing Jacobian on device
[06-30 21:27:12][DEBUG] jax_fem: Function split_and_compute_cell took 0.0457 seconds
[06-30 21:27:12][DEBUG] jax_fem: CuDSSNewtonSolver: initial residual = 2.424e+08
[06-30 21:27:12][DEBUG] jax_fem: DeviceProblem: computing Jacobian on device
[06-30 21:27:12][DEBUG] jax_fem: Function split_and_compute_cell took 0.0453 seconds
[06-30 21:27:12][DEBUG] jax_fem: CuDSSNewtonSolver: iter=1  res=1.574e-05  rel=6.493e-14
[06-30 21:27:12][INFO] jax_fem: CuDSSNewtonSolver: solve finished in 0.13s  res=1.574e-05
[06-30 21:27:12][DEBUG] jax_fem: CuDSSNewtonSolver: starting Newton loop
[06-30 21:27:12][DEBUG] jax_fem: DeviceProblem: computing Jacobian on device
[06-30 21:27:12][DEBUG] jax_fem: Function split_and_compute_cell took 0.0529 seconds
[06-30 21:27:12][DEBUG] jax_fem: CuDSSNewtonSolver: initial residual = 2.403e+08
[06-30 21:27:12][DEBUG] jax_fem: DeviceProblem: computing Jacobian on device
[06-30 21:27:12][DEBUG] jax_fem: Function split_and_compute_cell took 0.0332 seconds
[06-30 21:27:12][DEBUG] jax_fem: CuDSSNewtonSolver: iter=1  res=1.634e-05  rel=6.802e-14
[06-30 21:27:12][INFO] jax_fem: CuDSSNewtonSolver: solve finished in 0.13s  res=1.634e-05
[06-30 21:27:13][DEBUG] jax_fem: CuDSSNewtonSolver: starting Newton loop
[06-30 21:27:13][DEBUG] jax_fem: DeviceProblem: computing Jacobian on device
[06-30 21:27:13][DEBUG] jax_fem: Function split_and_compute_cell took 0.0420 seconds
[06-30 21:27:13][DEBUG] jax_fem: CuDSSNewtonSolver: initial residual = 2.397e+08
[06-30 21:27:13][DEBUG] jax_fem: DeviceProblem: computing Jacobian on device
[06-30 21:27:13][DEBUG] jax_fem: Function split_and_compute_cell took 0.0488 seconds
[06-30 21:27:13][DEBUG] jax_fem: CuDSSNewtonSolver: iter=1  res=1.750e-05  rel=7.301e-14
[06-30 21:27:13][INFO] jax_fem: CuDSSNewtonSolver: solve finished in 0.13s  res=1.750e-05
[06-30 21:27:13][DEBUG] jax_fem: CuDSSNewtonSolver: starting Newton loop
[06-30 21:27:13][DEBUG] jax_fem: DeviceProblem: computing Jacobian on device
[06-30 21:27:13][DEBUG] jax_fem: Function split_and_compute_cell took 0.0247 seconds
[06-30 21:27:13][DEBUG] jax_fem: CuDSSNewtonSolver: initial residual = 2.425e+08
[06-30 21:27:13][DEBUG] jax_fem: DeviceProblem: computing Jacobian on device
[06-30 21:27:13][DEBUG] jax_fem: Function split_and_compute_cell took 0.0295 seconds
[06-30 21:27:13][DEBUG] jax_fem: CuDSSNewtonSolver: iter=1  res=1.567e-05  rel=6.460e-14
[06-30 21:27:13][INFO] jax_fem: CuDSSNewtonSolver: solve finished in 0.09s  res=1.567e-05
[06-30 21:27:14][DEBUG] jax_fem: CuDSSNewtonSolver: starting Newton loop
[06-30 21:27:14][DEBUG] jax_fem: DeviceProblem: computing Jacobian on device
[06-30 21:27:14][DEBUG] jax_fem: Function split_and_compute_cell took 0.0417 seconds
[06-30 21:27:14][DEBUG] jax_fem: CuDSSNewtonSolver: initial residual = 2.413e+08
[06-30 21:27:14][DEBUG] jax_fem: DeviceProblem: computing Jacobian on device
[06-30 21:27:14][DEBUG] jax_fem: Function split_and_compute_cell took 0.0337 seconds
[06-30 21:27:14][DEBUG] jax_fem: CuDSSNewtonSolver: iter=1  res=1.174e-05  rel=4.866e-14
[06-30 21:27:14][INFO] jax_fem: CuDSSNewtonSolver: solve finished in 0.12s  res=1.174e-05
[06-30 21:27:15][DEBUG] jax_fem: CuDSSNewtonSolver: starting Newton loop
[06-30 21:27:15][DEBUG] jax_fem: DeviceProblem: computing Jacobian on device
[06-30 21:27:15][DEBUG] jax_fem: Function split_and_compute_cell took 0.0273 seconds
[06-30 21:27:15][DEBUG] jax_fem: CuDSSNewtonSolver: initial residual = 2.424e+08
[06-30 21:27:15][DEBUG] jax_fem: DeviceProblem: computing Jacobian on device
[06-30 21:27:15][DEBUG] jax_fem: Function split_and_compute_cell took 0.0269 seconds
[06-30 21:27:15][DEBUG] jax_fem: CuDSSNewtonSolver: iter=1  res=1.551e-05  rel=6.399e-14
[06-30 21:27:15][INFO] jax_fem: CuDSSNewtonSolver: solve finished in 0.09s  res=1.551e-05
[06-30 21:27:16][DEBUG] jax_fem: CuDSSNewtonSolver: starting Newton loop
[06-30 21:27:16][DEBUG] jax_fem: DeviceProblem: computing Jacobian on device
[06-30 21:27:16][DEBUG] jax_fem: Function split_and_compute_cell took 0.0258 seconds
[06-30 21:27:16][DEBUG] jax_fem: CuDSSNewtonSolver: initial residual = 2.403e+08
[06-30 21:27:16][DEBUG] jax_fem: DeviceProblem: computing Jacobian on device
[06-30 21:27:16][DEBUG] jax_fem: Function split_and_compute_cell took 0.0264 seconds
[06-30 21:27:16][DEBUG] jax_fem: CuDSSNewtonSolver: iter=1  res=1.595e-05  rel=6.639e-14
[06-30 21:27:16][INFO] jax_fem: CuDSSNewtonSolver: solve finished in 0.09s  res=1.595e-05
[06-30 21:27:16][DEBUG] jax_fem: CuDSSNewtonSolver: starting Newton loop
[06-30 21:27:16][DEBUG] jax_fem: DeviceProblem: computing Jacobian on device
[06-30 21:27:17][DEBUG] jax_fem: Function split_and_compute_cell took 0.0257 seconds
[06-30 21:27:17][DEBUG] jax_fem: CuDSSNewtonSolver: initial residual = 2.397e+08
[06-30 21:27:17][DEBUG] jax_fem: DeviceProblem: computing Jacobian on device
[06-30 21:27:17][DEBUG] jax_fem: Function split_and_compute_cell took 0.0273 seconds
[06-30 21:27:17][DEBUG] jax_fem: CuDSSNewtonSolver: iter=1  res=1.666e-05  rel=6.948e-14
[06-30 21:27:17][INFO] jax_fem: CuDSSNewtonSolver: solve finished in 0.09s  res=1.666e-05
[06-30 21:27:17][DEBUG] jax_fem: CuDSSNewtonSolver: starting Newton loop
[06-30 21:27:17][DEBUG] jax_fem: DeviceProblem: computing Jacobian on device
[06-30 21:27:17][DEBUG] jax_fem: Function split_and_compute_cell took 0.0261 seconds
[06-30 21:27:17][DEBUG] jax_fem: CuDSSNewtonSolver: initial residual = 2.425e+08
[06-30 21:27:17][DEBUG] jax_fem: DeviceProblem: computing Jacobian on device
[06-30 21:27:17][DEBUG] jax_fem: Function split_and_compute_cell took 0.0273 seconds
[06-30 21:27:17][DEBUG] jax_fem: CuDSSNewtonSolver: iter=1  res=1.693e-05  rel=6.980e-14
[06-30 21:27:17][INFO] jax_fem: CuDSSNewtonSolver: solve finished in 0.09s  res=1.693e-05
[06-30 21:27:18][DEBUG] jax_fem: CuDSSNewtonSolver: starting Newton loop
[06-30 21:27:18][DEBUG] jax_fem: DeviceProblem: computing Jacobian on device
[06-30 21:27:18][DEBUG] jax_fem: Function split_and_compute_cell took 0.0267 seconds
[06-30 21:27:18][DEBUG] jax_fem: CuDSSNewtonSolver: initial residual = 2.413e+08
[06-30 21:27:18][DEBUG] jax_fem: DeviceProblem: computing Jacobian on device
[06-30 21:27:18][DEBUG] jax_fem: Function split_and_compute_cell took 0.0274 seconds
[06-30 21:27:18][DEBUG] jax_fem: CuDSSNewtonSolver: iter=1  res=1.157e-05  rel=4.796e-14
[06-30 21:27:18][INFO] jax_fem: CuDSSNewtonSolver: solve finished in 0.09s  res=1.157e-05
[06-30 21:27:18][INFO] jax_fem: CuDSS backward: solving adjoint problem …
[06-30 21:27:18][DEBUG] jax_fem: DeviceProblem: computing Jacobian on device
[06-30 21:27:18][DEBUG] jax_fem: Function split_and_compute_cell took 0.0232 seconds
[06-30 21:27:18][DEBUG] jax_fem: Computing cell residual...
[06-30 21:27:18][DEBUG] jax_fem: Function split_and_compute_cell took 0.0707 seconds
[06-30 21:27:18][INFO] jax_fem: CuDSS backward: solving adjoint problem …
[06-30 21:27:18][DEBUG] jax_fem: DeviceProblem: computing Jacobian on device
[06-30 21:27:18][DEBUG] jax_fem: Function split_and_compute_cell took 0.0385 seconds
[06-30 21:27:18][DEBUG] jax_fem: Computing cell residual...
[06-30 21:27:18][DEBUG] jax_fem: Function split_and_compute_cell took 0.0600 seconds
[06-30 21:27:19][INFO] jax_fem: CuDSS backward: solving adjoint problem …
[06-30 21:27:19][DEBUG] jax_fem: DeviceProblem: computing Jacobian on device
[06-30 21:27:19][DEBUG] jax_fem: Function split_and_compute_cell took 0.0314 seconds
[06-30 21:27:19][DEBUG] jax_fem: Computing cell residual...
[06-30 21:27:19][DEBUG] jax_fem: Function split_and_compute_cell took 0.0680 seconds
[06-30 21:27:19][INFO] jax_fem: CuDSS backward: solving adjoint problem …
[06-30 21:27:19][DEBUG] jax_fem: DeviceProblem: computing Jacobian on device
[06-30 21:27:19][DEBUG] jax_fem: Function split_and_compute_cell took 0.0393 seconds
[06-30 21:27:19][DEBUG] jax_fem: Computing cell residual...
[06-30 21:27:19][DEBUG] jax_fem: Function split_and_compute_cell took 0.0670 seconds
[06-30 21:27:19][INFO] jax_fem: CuDSS backward: solving adjoint problem …
[06-30 21:27:19][DEBUG] jax_fem: DeviceProblem: computing Jacobian on device
[06-30 21:27:19][DEBUG] jax_fem: Function split_and_compute_cell took 0.0492 seconds
[06-30 21:27:19][DEBUG] jax_fem: Computing cell residual...
[06-30 21:27:20][DEBUG] jax_fem: Function split_and_compute_cell took 0.0773 seconds
[06-30 21:27:21][DEBUG] jax_fem: CuDSSNewtonSolver: starting Newton loop
[06-30 21:27:21][DEBUG] jax_fem: DeviceProblem: computing Jacobian on device
[06-30 21:27:21][DEBUG] jax_fem: Function split_and_compute_cell took 0.0249 seconds
[06-30 21:27:21][DEBUG] jax_fem: CuDSSNewtonSolver: initial residual = 2.426e+08
[06-30 21:27:21][DEBUG] jax_fem: DeviceProblem: computing Jacobian on device
[06-30 21:27:21][DEBUG] jax_fem: Function split_and_compute_cell took 0.0392 seconds
[06-30 21:27:21][DEBUG] jax_fem: CuDSSNewtonSolver: iter=1  res=1.537e-05  rel=6.334e-14
[06-30 21:27:21][INFO] jax_fem: CuDSSNewtonSolver: solve finished in 0.10s  res=1.537e-05
[06-30 21:27:21][DEBUG] jax_fem: CuDSSNewtonSolver: starting Newton loop
[06-30 21:27:21][DEBUG] jax_fem: DeviceProblem: computing Jacobian on device
[06-30 21:27:21][DEBUG] jax_fem: Function split_and_compute_cell took 0.0358 seconds
[06-30 21:27:21][DEBUG] jax_fem: CuDSSNewtonSolver: initial residual = 2.406e+08
[06-30 21:27:21][DEBUG] jax_fem: DeviceProblem: computing Jacobian on device
[06-30 21:27:21][DEBUG] jax_fem: Function split_and_compute_cell took 0.0308 seconds
[06-30 21:27:21][DEBUG] jax_fem: CuDSSNewtonSolver: iter=1  res=1.625e-05  rel=6.755e-14
[06-30 21:27:21][INFO] jax_fem: CuDSSNewtonSolver: solve finished in 0.11s  res=1.625e-05
[06-30 21:27:22][DEBUG] jax_fem: CuDSSNewtonSolver: starting Newton loop
[06-30 21:27:22][DEBUG] jax_fem: DeviceProblem: computing Jacobian on device
[06-30 21:27:22][DEBUG] jax_fem: Function split_and_compute_cell took 0.0341 seconds
[06-30 21:27:22][DEBUG] jax_fem: CuDSSNewtonSolver: initial residual = 2.400e+08
[06-30 21:27:22][DEBUG] jax_fem: DeviceProblem: computing Jacobian on device
[06-30 21:27:22][DEBUG] jax_fem: Function split_and_compute_cell took 0.0453 seconds
[06-30 21:27:22][DEBUG] jax_fem: CuDSSNewtonSolver: iter=1  res=1.713e-05  rel=7.140e-14
[06-30 21:27:22][INFO] jax_fem: CuDSSNewtonSolver: solve finished in 0.12s  res=1.713e-05
[06-30 21:27:22][DEBUG] jax_fem: CuDSSNewtonSolver: starting Newton loop
[06-30 21:27:22][DEBUG] jax_fem: DeviceProblem: computing Jacobian on device
[06-30 21:27:22][DEBUG] jax_fem: Function split_and_compute_cell took 0.0528 seconds
[06-30 21:27:22][DEBUG] jax_fem: CuDSSNewtonSolver: initial residual = 2.428e+08
[06-30 21:27:22][DEBUG] jax_fem: DeviceProblem: computing Jacobian on device
[06-30 21:27:22][DEBUG] jax_fem: Function split_and_compute_cell took 0.0416 seconds
[06-30 21:27:22][DEBUG] jax_fem: CuDSSNewtonSolver: iter=1  res=1.730e-05  rel=7.125e-14
[06-30 21:27:22][INFO] jax_fem: CuDSSNewtonSolver: solve finished in 0.14s  res=1.730e-05
[06-30 21:27:23][DEBUG] jax_fem: CuDSSNewtonSolver: starting Newton loop
[06-30 21:27:23][DEBUG] jax_fem: DeviceProblem: computing Jacobian on device
[06-30 21:27:23][DEBUG] jax_fem: Function split_and_compute_cell took 0.0330 seconds
[06-30 21:27:23][DEBUG] jax_fem: CuDSSNewtonSolver: initial residual = 2.414e+08
[06-30 21:27:23][DEBUG] jax_fem: DeviceProblem: computing Jacobian on device
[06-30 21:27:23][DEBUG] jax_fem: Function split_and_compute_cell took 0.0216 seconds
[06-30 21:27:23][DEBUG] jax_fem: CuDSSNewtonSolver: iter=1  res=1.200e-05  rel=4.971e-14
[06-30 21:27:23][INFO] jax_fem: CuDSSNewtonSolver: solve finished in 0.10s  res=1.200e-05
[06-30 21:27:24][DEBUG] jax_fem: CuDSSNewtonSolver: starting Newton loop
[06-30 21:27:24][DEBUG] jax_fem: DeviceProblem: computing Jacobian on device
[06-30 21:27:24][DEBUG] jax_fem: Function split_and_compute_cell took 0.0271 seconds
[06-30 21:27:24][DEBUG] jax_fem: CuDSSNewtonSolver: initial residual = 2.426e+08
[06-30 21:27:24][DEBUG] jax_fem: DeviceProblem: computing Jacobian on device
[06-30 21:27:24][DEBUG] jax_fem: Function split_and_compute_cell took 0.0277 seconds
[06-30 21:27:24][DEBUG] jax_fem: CuDSSNewtonSolver: iter=1  res=1.594e-05  rel=6.572e-14
[06-30 21:27:24][INFO] jax_fem: CuDSSNewtonSolver: solve finished in 0.09s  res=1.594e-05
[06-30 21:27:25][DEBUG] jax_fem: CuDSSNewtonSolver: starting Newton loop
[06-30 21:27:25][DEBUG] jax_fem: DeviceProblem: computing Jacobian on device
[06-30 21:27:25][DEBUG] jax_fem: Function split_and_compute_cell took 0.0266 seconds
[06-30 21:27:25][DEBUG] jax_fem: CuDSSNewtonSolver: initial residual = 2.406e+08
[06-30 21:27:25][DEBUG] jax_fem: DeviceProblem: computing Jacobian on device
[06-30 21:27:25][DEBUG] jax_fem: Function split_and_compute_cell took 0.0289 seconds
[06-30 21:27:25][DEBUG] jax_fem: CuDSSNewtonSolver: iter=1  res=1.574e-05  rel=6.541e-14
[06-30 21:27:25][INFO] jax_fem: CuDSSNewtonSolver: solve finished in 0.09s  res=1.574e-05
[06-30 21:27:26][DEBUG] jax_fem: CuDSSNewtonSolver: starting Newton loop
[06-30 21:27:26][DEBUG] jax_fem: DeviceProblem: computing Jacobian on device
[06-30 21:27:26][DEBUG] jax_fem: Function split_and_compute_cell took 0.0260 seconds
[06-30 21:27:26][DEBUG] jax_fem: CuDSSNewtonSolver: initial residual = 2.400e+08
[06-30 21:27:26][DEBUG] jax_fem: DeviceProblem: computing Jacobian on device
[06-30 21:27:26][DEBUG] jax_fem: Function split_and_compute_cell took 0.0272 seconds
[06-30 21:27:26][DEBUG] jax_fem: CuDSSNewtonSolver: iter=1  res=1.762e-05  rel=7.343e-14
[06-30 21:27:26][INFO] jax_fem: CuDSSNewtonSolver: solve finished in 0.09s  res=1.762e-05
[06-30 21:27:26][DEBUG] jax_fem: CuDSSNewtonSolver: starting Newton loop
[06-30 21:27:26][DEBUG] jax_fem: DeviceProblem: computing Jacobian on device
[06-30 21:27:26][DEBUG] jax_fem: Function split_and_compute_cell took 0.0281 seconds
[06-30 21:27:26][DEBUG] jax_fem: CuDSSNewtonSolver: initial residual = 2.428e+08
[06-30 21:27:26][DEBUG] jax_fem: DeviceProblem: computing Jacobian on device
[06-30 21:27:26][DEBUG] jax_fem: Function split_and_compute_cell took 0.0276 seconds
[06-30 21:27:26][DEBUG] jax_fem: CuDSSNewtonSolver: iter=1  res=1.767e-05  rel=7.280e-14
[06-30 21:27:26][INFO] jax_fem: CuDSSNewtonSolver: solve finished in 0.09s  res=1.767e-05
[06-30 21:27:27][DEBUG] jax_fem: CuDSSNewtonSolver: starting Newton loop
[06-30 21:27:27][DEBUG] jax_fem: DeviceProblem: computing Jacobian on device
[06-30 21:27:27][DEBUG] jax_fem: Function split_and_compute_cell took 0.0256 seconds
[06-30 21:27:27][DEBUG] jax_fem: CuDSSNewtonSolver: initial residual = 2.414e+08
[06-30 21:27:27][DEBUG] jax_fem: DeviceProblem: computing Jacobian on device
[06-30 21:27:27][DEBUG] jax_fem: Function split_and_compute_cell took 0.0256 seconds
[06-30 21:27:27][DEBUG] jax_fem: CuDSSNewtonSolver: iter=1  res=1.217e-05  rel=5.041e-14
[06-30 21:27:27][INFO] jax_fem: CuDSSNewtonSolver: solve finished in 0.09s  res=1.217e-05
[06-30 21:27:27][INFO] jax_fem: CuDSS backward: solving adjoint problem …
[06-30 21:27:27][DEBUG] jax_fem: DeviceProblem: computing Jacobian on device
[06-30 21:27:27][DEBUG] jax_fem: Function split_and_compute_cell took 0.0324 seconds
[06-30 21:27:27][DEBUG] jax_fem: Computing cell residual...
[06-30 21:27:27][DEBUG] jax_fem: Function split_and_compute_cell took 0.0652 seconds
[06-30 21:27:27][INFO] jax_fem: CuDSS backward: solving adjoint problem …
[06-30 21:27:27][DEBUG] jax_fem: DeviceProblem: computing Jacobian on device
[06-30 21:27:27][DEBUG] jax_fem: Function split_and_compute_cell took 0.0411 seconds
[06-30 21:27:27][DEBUG] jax_fem: Computing cell residual...
[06-30 21:27:28][DEBUG] jax_fem: Function split_and_compute_cell took 0.0708 seconds
[06-30 21:27:28][INFO] jax_fem: CuDSS backward: solving adjoint problem …
[06-30 21:27:28][DEBUG] jax_fem: DeviceProblem: computing Jacobian on device
[06-30 21:27:28][DEBUG] jax_fem: Function split_and_compute_cell took 0.0238 seconds
[06-30 21:27:28][DEBUG] jax_fem: Computing cell residual...
[06-30 21:27:28][DEBUG] jax_fem: Function split_and_compute_cell took 0.0735 seconds
[06-30 21:27:28][INFO] jax_fem: CuDSS backward: solving adjoint problem …
[06-30 21:27:28][DEBUG] jax_fem: DeviceProblem: computing Jacobian on device
[06-30 21:27:28][DEBUG] jax_fem: Function split_and_compute_cell took 0.0394 seconds
[06-30 21:27:28][DEBUG] jax_fem: Computing cell residual...
[06-30 21:27:28][DEBUG] jax_fem: Function split_and_compute_cell took 0.0622 seconds
[06-30 21:27:29][INFO] jax_fem: CuDSS backward: solving adjoint problem …
[06-30 21:27:29][DEBUG] jax_fem: DeviceProblem: computing Jacobian on device
[06-30 21:27:29][DEBUG] jax_fem: Function split_and_compute_cell took 0.0248 seconds
[06-30 21:27:29][DEBUG] jax_fem: Computing cell residual...
[06-30 21:27:29][DEBUG] jax_fem: Function split_and_compute_cell took 0.0735 seconds
[06-30 21:27:30][DEBUG] jax_fem: CuDSSNewtonSolver: starting Newton loop
[06-30 21:27:30][DEBUG] jax_fem: DeviceProblem: computing Jacobian on device
[06-30 21:27:30][DEBUG] jax_fem: Function split_and_compute_cell took 0.0653 seconds
[06-30 21:27:30][DEBUG] jax_fem: CuDSSNewtonSolver: initial residual = 2.427e+08
[06-30 21:27:30][DEBUG] jax_fem: DeviceProblem: computing Jacobian on device
[06-30 21:27:30][DEBUG] jax_fem: Function split_and_compute_cell took 0.0244 seconds
[06-30 21:27:30][DEBUG] jax_fem: CuDSSNewtonSolver: iter=1  res=1.648e-05  rel=6.789e-14
[06-30 21:27:30][INFO] jax_fem: CuDSSNewtonSolver: solve finished in 0.13s  res=1.648e-05
[06-30 21:27:31][DEBUG] jax_fem: CuDSSNewtonSolver: starting Newton loop
[06-30 21:27:31][DEBUG] jax_fem: DeviceProblem: computing Jacobian on device
[06-30 21:27:31][DEBUG] jax_fem: Function split_and_compute_cell took 0.0337 seconds
[06-30 21:27:31][DEBUG] jax_fem: CuDSSNewtonSolver: initial residual = 2.407e+08
[06-30 21:27:31][DEBUG] jax_fem: DeviceProblem: computing Jacobian on device
[06-30 21:27:31][DEBUG] jax_fem: Function split_and_compute_cell took 0.0536 seconds
[06-30 21:27:31][DEBUG] jax_fem: CuDSSNewtonSolver: iter=1  res=1.600e-05  rel=6.649e-14
[06-30 21:27:31][INFO] jax_fem: CuDSSNewtonSolver: solve finished in 0.13s  res=1.600e-05
[06-30 21:27:31][DEBUG] jax_fem: CuDSSNewtonSolver: starting Newton loop
[06-30 21:27:31][DEBUG] jax_fem: DeviceProblem: computing Jacobian on device
[06-30 21:27:31][DEBUG] jax_fem: Function split_and_compute_cell took 0.0294 seconds
[06-30 21:27:31][DEBUG] jax_fem: CuDSSNewtonSolver: initial residual = 2.401e+08
[06-30 21:27:31][DEBUG] jax_fem: DeviceProblem: computing Jacobian on device
[06-30 21:27:31][DEBUG] jax_fem: Function split_and_compute_cell took 0.0639 seconds
[06-30 21:27:31][DEBUG] jax_fem: CuDSSNewtonSolver: iter=1  res=1.782e-05  rel=7.422e-14
[06-30 21:27:31][INFO] jax_fem: CuDSSNewtonSolver: solve finished in 0.14s  res=1.782e-05
[06-30 21:27:31][DEBUG] jax_fem: CuDSSNewtonSolver: starting Newton loop
[06-30 21:27:31][DEBUG] jax_fem: DeviceProblem: computing Jacobian on device
[06-30 21:27:31][DEBUG] jax_fem: Function split_and_compute_cell took 0.0330 seconds
[06-30 21:27:31][DEBUG] jax_fem: CuDSSNewtonSolver: initial residual = 2.428e+08
[06-30 21:27:31][DEBUG] jax_fem: DeviceProblem: computing Jacobian on device
[06-30 21:27:31][DEBUG] jax_fem: Function split_and_compute_cell took 0.0370 seconds
[06-30 21:27:31][DEBUG] jax_fem: CuDSSNewtonSolver: iter=1  res=1.610e-05  rel=6.629e-14
[06-30 21:27:31][INFO] jax_fem: CuDSSNewtonSolver: solve finished in 0.11s  res=1.610e-05
[06-30 21:27:32][DEBUG] jax_fem: CuDSSNewtonSolver: starting Newton loop
[06-30 21:27:32][DEBUG] jax_fem: DeviceProblem: computing Jacobian on device
[06-30 21:27:32][DEBUG] jax_fem: Function split_and_compute_cell took 0.0281 seconds
[06-30 21:27:32][DEBUG] jax_fem: CuDSSNewtonSolver: initial residual = 2.414e+08
[06-30 21:27:32][DEBUG] jax_fem: DeviceProblem: computing Jacobian on device
[06-30 21:27:32][DEBUG] jax_fem: Function split_and_compute_cell took 0.0375 seconds
[06-30 21:27:32][DEBUG] jax_fem: CuDSSNewtonSolver: iter=1  res=1.176e-05  rel=4.871e-14
[06-30 21:27:32][INFO] jax_fem: CuDSSNewtonSolver: solve finished in 0.11s  res=1.176e-05
[06-30 21:27:33][DEBUG] jax_fem: CuDSSNewtonSolver: starting Newton loop
[06-30 21:27:33][DEBUG] jax_fem: DeviceProblem: computing Jacobian on device
[06-30 21:27:33][DEBUG] jax_fem: Function split_and_compute_cell took 0.0258 seconds
[06-30 21:27:33][DEBUG] jax_fem: CuDSSNewtonSolver: initial residual = 2.427e+08
[06-30 21:27:33][DEBUG] jax_fem: DeviceProblem: computing Jacobian on device
[06-30 21:27:33][DEBUG] jax_fem: Function split_and_compute_cell took 0.0259 seconds
[06-30 21:27:33][DEBUG] jax_fem: CuDSSNewtonSolver: iter=1  res=1.626e-05  rel=6.701e-14
[06-30 21:27:33][INFO] jax_fem: CuDSSNewtonSolver: solve finished in 0.09s  res=1.626e-05
[06-30 21:27:34][DEBUG] jax_fem: CuDSSNewtonSolver: starting Newton loop
[06-30 21:27:34][DEBUG] jax_fem: DeviceProblem: computing Jacobian on device
[06-30 21:27:34][DEBUG] jax_fem: Function split_and_compute_cell took 0.0263 seconds
[06-30 21:27:34][DEBUG] jax_fem: CuDSSNewtonSolver: initial residual = 2.407e+08
[06-30 21:27:34][DEBUG] jax_fem: DeviceProblem: computing Jacobian on device
[06-30 21:27:34][DEBUG] jax_fem: Function split_and_compute_cell took 0.0262 seconds
[06-30 21:27:34][DEBUG] jax_fem: CuDSSNewtonSolver: iter=1  res=1.649e-05  rel=6.852e-14
[06-30 21:27:34][INFO] jax_fem: CuDSSNewtonSolver: solve finished in 0.09s  res=1.649e-05
[06-30 21:27:35][DEBUG] jax_fem: CuDSSNewtonSolver: starting Newton loop
[06-30 21:27:35][DEBUG] jax_fem: DeviceProblem: computing Jacobian on device
[06-30 21:27:35][DEBUG] jax_fem: Function split_and_compute_cell took 0.0256 seconds
[06-30 21:27:35][DEBUG] jax_fem: CuDSSNewtonSolver: initial residual = 2.401e+08
[06-30 21:27:35][DEBUG] jax_fem: DeviceProblem: computing Jacobian on device
[06-30 21:27:35][DEBUG] jax_fem: Function split_and_compute_cell took 0.0268 seconds
[06-30 21:27:35][DEBUG] jax_fem: CuDSSNewtonSolver: iter=1  res=1.780e-05  rel=7.414e-14
[06-30 21:27:35][INFO] jax_fem: CuDSSNewtonSolver: solve finished in 0.09s  res=1.780e-05
[06-30 21:27:35][DEBUG] jax_fem: CuDSSNewtonSolver: starting Newton loop
[06-30 21:27:35][DEBUG] jax_fem: DeviceProblem: computing Jacobian on device
[06-30 21:27:35][DEBUG] jax_fem: Function split_and_compute_cell took 0.0266 seconds
[06-30 21:27:35][DEBUG] jax_fem: CuDSSNewtonSolver: initial residual = 2.428e+08
[06-30 21:27:35][DEBUG] jax_fem: DeviceProblem: computing Jacobian on device
[06-30 21:27:35][DEBUG] jax_fem: Function split_and_compute_cell took 0.0245 seconds
[06-30 21:27:35][DEBUG] jax_fem: CuDSSNewtonSolver: iter=1  res=1.702e-05  rel=7.009e-14
[06-30 21:27:35][INFO] jax_fem: CuDSSNewtonSolver: solve finished in 0.09s  res=1.702e-05
[06-30 21:27:36][DEBUG] jax_fem: CuDSSNewtonSolver: starting Newton loop
[06-30 21:27:36][DEBUG] jax_fem: DeviceProblem: computing Jacobian on device
[06-30 21:27:36][DEBUG] jax_fem: Function split_and_compute_cell took 0.0261 seconds
[06-30 21:27:36][DEBUG] jax_fem: CuDSSNewtonSolver: initial residual = 2.414e+08
[06-30 21:27:36][DEBUG] jax_fem: DeviceProblem: computing Jacobian on device
[06-30 21:27:36][DEBUG] jax_fem: Function split_and_compute_cell took 0.0264 seconds
[06-30 21:27:36][DEBUG] jax_fem: CuDSSNewtonSolver: iter=1  res=1.169e-05  rel=4.844e-14
[06-30 21:27:36][INFO] jax_fem: CuDSSNewtonSolver: solve finished in 0.09s  res=1.169e-05
[06-30 21:27:36][INFO] jax_fem: CuDSS backward: solving adjoint problem …
[06-30 21:27:36][DEBUG] jax_fem: DeviceProblem: computing Jacobian on device
[06-30 21:27:36][DEBUG] jax_fem: Function split_and_compute_cell took 0.0397 seconds
[06-30 21:27:36][DEBUG] jax_fem: Computing cell residual...
[06-30 21:27:36][DEBUG] jax_fem: Function split_and_compute_cell took 0.0715 seconds
[06-30 21:27:37][INFO] jax_fem: CuDSS backward: solving adjoint problem …
[06-30 21:27:37][DEBUG] jax_fem: DeviceProblem: computing Jacobian on device
[06-30 21:27:37][DEBUG] jax_fem: Function split_and_compute_cell took 0.0354 seconds
[06-30 21:27:37][DEBUG] jax_fem: Computing cell residual...
[06-30 21:27:37][DEBUG] jax_fem: Function split_and_compute_cell took 0.0653 seconds
[06-30 21:27:37][INFO] jax_fem: CuDSS backward: solving adjoint problem …
[06-30 21:27:37][DEBUG] jax_fem: DeviceProblem: computing Jacobian on device
[06-30 21:27:37][DEBUG] jax_fem: Function split_and_compute_cell took 0.0292 seconds
[06-30 21:27:37][DEBUG] jax_fem: Computing cell residual...
[06-30 21:27:37][DEBUG] jax_fem: Function split_and_compute_cell took 0.0634 seconds
[06-30 21:27:37][INFO] jax_fem: CuDSS backward: solving adjoint problem …
[06-30 21:27:37][DEBUG] jax_fem: DeviceProblem: computing Jacobian on device
[06-30 21:27:37][DEBUG] jax_fem: Function split_and_compute_cell took 0.0363 seconds
[06-30 21:27:37][DEBUG] jax_fem: Computing cell residual...
[06-30 21:27:37][DEBUG] jax_fem: Function split_and_compute_cell took 0.0634 seconds
[06-30 21:27:38][INFO] jax_fem: CuDSS backward: solving adjoint problem …
[06-30 21:27:38][DEBUG] jax_fem: DeviceProblem: computing Jacobian on device
[06-30 21:27:38][DEBUG] jax_fem: Function split_and_compute_cell took 0.0271 seconds
[06-30 21:27:38][DEBUG] jax_fem: Computing cell residual...
[06-30 21:27:38][DEBUG] jax_fem: Function split_and_compute_cell took 0.0616 seconds
[06-30 21:27:39][DEBUG] jax_fem: CuDSSNewtonSolver: starting Newton loop
[06-30 21:27:39][DEBUG] jax_fem: DeviceProblem: computing Jacobian on device
[06-30 21:27:39][DEBUG] jax_fem: Function split_and_compute_cell took 0.0308 seconds
[06-30 21:27:39][DEBUG] jax_fem: CuDSSNewtonSolver: initial residual = 2.427e+08
[06-30 21:27:39][DEBUG] jax_fem: DeviceProblem: computing Jacobian on device
[06-30 21:27:40][DEBUG] jax_fem: Function split_and_compute_cell took 0.0406 seconds
[06-30 21:27:40][DEBUG] jax_fem: CuDSSNewtonSolver: iter=1  res=1.626e-05  rel=6.700e-14
[06-30 21:27:40][INFO] jax_fem: CuDSSNewtonSolver: solve finished in 0.11s  res=1.626e-05
[06-30 21:27:40][DEBUG] jax_fem: CuDSSNewtonSolver: starting Newton loop
[06-30 21:27:40][DEBUG] jax_fem: DeviceProblem: computing Jacobian on device
[06-30 21:27:40][DEBUG] jax_fem: Function split_and_compute_cell took 0.0263 seconds
[06-30 21:27:40][DEBUG] jax_fem: CuDSSNewtonSolver: initial residual = 2.407e+08
[06-30 21:27:40][DEBUG] jax_fem: DeviceProblem: computing Jacobian on device
[06-30 21:27:40][DEBUG] jax_fem: Function split_and_compute_cell took 0.0453 seconds
[06-30 21:27:40][DEBUG] jax_fem: CuDSSNewtonSolver: iter=1  res=1.682e-05  rel=6.987e-14
[06-30 21:27:40][INFO] jax_fem: CuDSSNewtonSolver: solve finished in 0.11s  res=1.682e-05
[06-30 21:27:40][DEBUG] jax_fem: CuDSSNewtonSolver: starting Newton loop
[06-30 21:27:40][DEBUG] jax_fem: DeviceProblem: computing Jacobian on device
[06-30 21:27:40][DEBUG] jax_fem: Function split_and_compute_cell took 0.0326 seconds
[06-30 21:27:40][DEBUG] jax_fem: CuDSSNewtonSolver: initial residual = 2.401e+08
[06-30 21:27:40][DEBUG] jax_fem: DeviceProblem: computing Jacobian on device
[06-30 21:27:40][DEBUG] jax_fem: Function split_and_compute_cell took 0.0280 seconds
[06-30 21:27:40][DEBUG] jax_fem: CuDSSNewtonSolver: iter=1  res=1.726e-05  rel=7.189e-14
[06-30 21:27:40][INFO] jax_fem: CuDSSNewtonSolver: solve finished in 0.10s  res=1.726e-05
[06-30 21:27:40][DEBUG] jax_fem: CuDSSNewtonSolver: starting Newton loop
[06-30 21:27:40][DEBUG] jax_fem: DeviceProblem: computing Jacobian on device
[06-30 21:27:41][DEBUG] jax_fem: Function split_and_compute_cell took 0.0346 seconds
[06-30 21:27:41][DEBUG] jax_fem: CuDSSNewtonSolver: initial residual = 2.429e+08
[06-30 21:27:41][DEBUG] jax_fem: DeviceProblem: computing Jacobian on device
[06-30 21:27:41][DEBUG] jax_fem: Function split_and_compute_cell took 0.0465 seconds
[06-30 21:27:41][DEBUG] jax_fem: CuDSSNewtonSolver: iter=1  res=1.738e-05  rel=7.156e-14
[06-30 21:27:41][INFO] jax_fem: CuDSSNewtonSolver: solve finished in 0.12s  res=1.738e-05
[06-30 21:27:41][DEBUG] jax_fem: CuDSSNewtonSolver: starting Newton loop
[06-30 21:27:41][DEBUG] jax_fem: DeviceProblem: computing Jacobian on device
[06-30 21:27:41][DEBUG] jax_fem: Function split_and_compute_cell took 0.0439 seconds
[06-30 21:27:41][DEBUG] jax_fem: CuDSSNewtonSolver: initial residual = 2.414e+08
[06-30 21:27:41][DEBUG] jax_fem: DeviceProblem: computing Jacobian on device
[06-30 21:27:41][DEBUG] jax_fem: Function split_and_compute_cell took 0.0291 seconds
[06-30 21:27:41][DEBUG] jax_fem: CuDSSNewtonSolver: iter=1  res=1.250e-05  rel=5.175e-14
[06-30 21:27:41][INFO] jax_fem: CuDSSNewtonSolver: solve finished in 0.11s  res=1.250e-05
[06-30 21:27:43][DEBUG] jax_fem: CuDSSNewtonSolver: starting Newton loop
[06-30 21:27:43][DEBUG] jax_fem: DeviceProblem: computing Jacobian on device
[06-30 21:27:43][DEBUG] jax_fem: Function split_and_compute_cell took 0.0301 seconds
[06-30 21:27:43][DEBUG] jax_fem: CuDSSNewtonSolver: initial residual = 2.427e+08
[06-30 21:27:43][DEBUG] jax_fem: DeviceProblem: computing Jacobian on device
[06-30 21:27:43][DEBUG] jax_fem: Function split_and_compute_cell took 0.0264 seconds
[06-30 21:27:43][DEBUG] jax_fem: CuDSSNewtonSolver: iter=1  res=1.689e-05  rel=6.958e-14
[06-30 21:27:43][INFO] jax_fem: CuDSSNewtonSolver: solve finished in 0.09s  res=1.689e-05
[06-30 21:27:43][DEBUG] jax_fem: CuDSSNewtonSolver: starting Newton loop
[06-30 21:27:43][DEBUG] jax_fem: DeviceProblem: computing Jacobian on device
[06-30 21:27:43][DEBUG] jax_fem: Function split_and_compute_cell took 0.0274 seconds
[06-30 21:27:43][DEBUG] jax_fem: CuDSSNewtonSolver: initial residual = 2.407e+08
[06-30 21:27:43][DEBUG] jax_fem: DeviceProblem: computing Jacobian on device
[06-30 21:27:43][DEBUG] jax_fem: Function split_and_compute_cell took 0.0273 seconds
[06-30 21:27:43][DEBUG] jax_fem: CuDSSNewtonSolver: iter=1  res=1.612e-05  rel=6.699e-14
[06-30 21:27:43][INFO] jax_fem: CuDSSNewtonSolver: solve finished in 0.09s  res=1.612e-05
[06-30 21:27:44][DEBUG] jax_fem: CuDSSNewtonSolver: starting Newton loop
[06-30 21:27:44][DEBUG] jax_fem: DeviceProblem: computing Jacobian on device
[06-30 21:27:44][DEBUG] jax_fem: Function split_and_compute_cell took 0.0265 seconds
[06-30 21:27:44][DEBUG] jax_fem: CuDSSNewtonSolver: initial residual = 2.401e+08
[06-30 21:27:44][DEBUG] jax_fem: DeviceProblem: computing Jacobian on device
[06-30 21:27:44][DEBUG] jax_fem: Function split_and_compute_cell took 0.0284 seconds
[06-30 21:27:44][DEBUG] jax_fem: CuDSSNewtonSolver: iter=1  res=1.851e-05  rel=7.711e-14
[06-30 21:27:44][INFO] jax_fem: CuDSSNewtonSolver: solve finished in 0.09s  res=1.851e-05
[06-30 21:27:44][DEBUG] jax_fem: CuDSSNewtonSolver: starting Newton loop
[06-30 21:27:44][DEBUG] jax_fem: DeviceProblem: computing Jacobian on device
[06-30 21:27:45][DEBUG] jax_fem: Function split_and_compute_cell took 0.0274 seconds
[06-30 21:27:45][DEBUG] jax_fem: CuDSSNewtonSolver: initial residual = 2.429e+08
[06-30 21:27:45][DEBUG] jax_fem: DeviceProblem: computing Jacobian on device
[06-30 21:27:45][DEBUG] jax_fem: Function split_and_compute_cell took 0.0256 seconds
[06-30 21:27:45][DEBUG] jax_fem: CuDSSNewtonSolver: iter=1  res=1.679e-05  rel=6.915e-14
[06-30 21:27:45][INFO] jax_fem: CuDSSNewtonSolver: solve finished in 0.09s  res=1.679e-05
[06-30 21:27:45][DEBUG] jax_fem: CuDSSNewtonSolver: starting Newton loop
[06-30 21:27:45][DEBUG] jax_fem: DeviceProblem: computing Jacobian on device
[06-30 21:27:45][DEBUG] jax_fem: Function split_and_compute_cell took 0.0261 seconds
[06-30 21:27:45][DEBUG] jax_fem: CuDSSNewtonSolver: initial residual = 2.414e+08
[06-30 21:27:45][DEBUG] jax_fem: DeviceProblem: computing Jacobian on device
[06-30 21:27:45][DEBUG] jax_fem: Function split_and_compute_cell took 0.0268 seconds
[06-30 21:27:45][DEBUG] jax_fem: CuDSSNewtonSolver: iter=1  res=1.181e-05  rel=4.891e-14
[06-30 21:27:45][INFO] jax_fem: CuDSSNewtonSolver: solve finished in 0.09s  res=1.181e-05
[06-30 21:27:45][INFO] jax_fem: CuDSS backward: solving adjoint problem …
[06-30 21:27:45][DEBUG] jax_fem: DeviceProblem: computing Jacobian on device
[06-30 21:27:45][DEBUG] jax_fem: Function split_and_compute_cell took 0.0507 seconds
[06-30 21:27:45][DEBUG] jax_fem: Computing cell residual...
[06-30 21:27:45][DEBUG] jax_fem: Function split_and_compute_cell took 0.0701 seconds
[06-30 21:27:46][INFO] jax_fem: CuDSS backward: solving adjoint problem …
[06-30 21:27:46][DEBUG] jax_fem: DeviceProblem: computing Jacobian on device
[06-30 21:27:46][DEBUG] jax_fem: Function split_and_compute_cell took 0.0423 seconds
[06-30 21:27:46][DEBUG] jax_fem: Computing cell residual...
[06-30 21:27:46][DEBUG] jax_fem: Function split_and_compute_cell took 0.0656 seconds
[06-30 21:27:46][INFO] jax_fem: CuDSS backward: solving adjoint problem …
[06-30 21:27:46][DEBUG] jax_fem: DeviceProblem: computing Jacobian on device
[06-30 21:27:46][DEBUG] jax_fem: Function split_and_compute_cell took 0.0574 seconds
[06-30 21:27:46][DEBUG] jax_fem: Computing cell residual...
[06-30 21:27:46][DEBUG] jax_fem: Function split_and_compute_cell took 0.0553 seconds
[06-30 21:27:47][INFO] jax_fem: CuDSS backward: solving adjoint problem …
[06-30 21:27:47][DEBUG] jax_fem: DeviceProblem: computing Jacobian on device
[06-30 21:27:47][DEBUG] jax_fem: Function split_and_compute_cell took 0.0474 seconds
[06-30 21:27:47][DEBUG] jax_fem: Computing cell residual...
[06-30 21:27:47][DEBUG] jax_fem: Function split_and_compute_cell took 0.0701 seconds
[06-30 21:27:47][INFO] jax_fem: CuDSS backward: solving adjoint problem …
[06-30 21:27:47][DEBUG] jax_fem: DeviceProblem: computing Jacobian on device
[06-30 21:27:47][DEBUG] jax_fem: Function split_and_compute_cell took 0.0286 seconds
[06-30 21:27:47][DEBUG] jax_fem: Computing cell residual...
[06-30 21:27:47][DEBUG] jax_fem: Function split_and_compute_cell took 0.0594 seconds
[06-30 21:27:49][DEBUG] jax_fem: CuDSSNewtonSolver: starting Newton loop
[06-30 21:27:49][DEBUG] jax_fem: DeviceProblem: computing Jacobian on device
[06-30 21:27:49][DEBUG] jax_fem: Function split_and_compute_cell took 0.0345 seconds
[06-30 21:27:49][DEBUG] jax_fem: CuDSSNewtonSolver: initial residual = 2.427e+08
[06-30 21:27:49][DEBUG] jax_fem: DeviceProblem: computing Jacobian on device
[06-30 21:27:49][DEBUG] jax_fem: Function split_and_compute_cell took 0.0434 seconds
[06-30 21:27:49][DEBUG] jax_fem: CuDSSNewtonSolver: iter=1  res=1.615e-05  rel=6.653e-14
[06-30 21:27:49][INFO] jax_fem: CuDSSNewtonSolver: solve finished in 0.12s  res=1.615e-05
[06-30 21:27:49][DEBUG] jax_fem: CuDSSNewtonSolver: starting Newton loop
[06-30 21:27:49][DEBUG] jax_fem: DeviceProblem: computing Jacobian on device
[06-30 21:27:49][DEBUG] jax_fem: Function split_and_compute_cell took 0.0499 seconds
[06-30 21:27:49][DEBUG] jax_fem: CuDSSNewtonSolver: initial residual = 2.407e+08
[06-30 21:27:49][DEBUG] jax_fem: DeviceProblem: computing Jacobian on device
[06-30 21:27:49][DEBUG] jax_fem: Function split_and_compute_cell took 0.0400 seconds
[06-30 21:27:49][DEBUG] jax_fem: CuDSSNewtonSolver: iter=1  res=1.613e-05  rel=6.701e-14
[06-30 21:27:49][INFO] jax_fem: CuDSSNewtonSolver: solve finished in 0.13s  res=1.613e-05
[06-30 21:27:50][DEBUG] jax_fem: CuDSSNewtonSolver: starting Newton loop
[06-30 21:27:50][DEBUG] jax_fem: DeviceProblem: computing Jacobian on device
[06-30 21:27:50][DEBUG] jax_fem: Function split_and_compute_cell took 0.0273 seconds
[06-30 21:27:50][DEBUG] jax_fem: CuDSSNewtonSolver: initial residual = 2.401e+08
[06-30 21:27:50][DEBUG] jax_fem: DeviceProblem: computing Jacobian on device
[06-30 21:27:50][DEBUG] jax_fem: Function split_and_compute_cell took 0.0341 seconds
[06-30 21:27:50][DEBUG] jax_fem: CuDSSNewtonSolver: iter=1  res=1.810e-05  rel=7.541e-14
[06-30 21:27:50][INFO] jax_fem: CuDSSNewtonSolver: solve finished in 0.10s  res=1.810e-05
[06-30 21:27:50][DEBUG] jax_fem: CuDSSNewtonSolver: starting Newton loop
[06-30 21:27:50][DEBUG] jax_fem: DeviceProblem: computing Jacobian on device
[06-30 21:27:50][DEBUG] jax_fem: Function split_and_compute_cell took 0.0365 seconds
[06-30 21:27:50][DEBUG] jax_fem: CuDSSNewtonSolver: initial residual = 2.429e+08
[06-30 21:27:50][DEBUG] jax_fem: DeviceProblem: computing Jacobian on device
[06-30 21:27:50][DEBUG] jax_fem: Function split_and_compute_cell took 0.0482 seconds
[06-30 21:27:50][DEBUG] jax_fem: CuDSSNewtonSolver: iter=1  res=1.635e-05  rel=6.733e-14
[06-30 21:27:50][INFO] jax_fem: CuDSSNewtonSolver: solve finished in 0.13s  res=1.635e-05
[06-30 21:27:50][DEBUG] jax_fem: CuDSSNewtonSolver: starting Newton loop
[06-30 21:27:50][DEBUG] jax_fem: DeviceProblem: computing Jacobian on device
[06-30 21:27:50][DEBUG] jax_fem: Function split_and_compute_cell took 0.0437 seconds
[06-30 21:27:50][DEBUG] jax_fem: CuDSSNewtonSolver: initial residual = 2.414e+08
[06-30 21:27:50][DEBUG] jax_fem: DeviceProblem: computing Jacobian on device
[06-30 21:27:50][DEBUG] jax_fem: Function split_and_compute_cell took 0.0397 seconds
[06-30 21:27:50][DEBUG] jax_fem: CuDSSNewtonSolver: iter=1  res=1.180e-05  rel=4.888e-14
[06-30 21:27:50][INFO] jax_fem: CuDSSNewtonSolver: solve finished in 0.13s  res=1.180e-05
[06-30 21:27:52][DEBUG] jax_fem: CuDSSNewtonSolver: starting Newton loop
[06-30 21:27:52][DEBUG] jax_fem: DeviceProblem: computing Jacobian on device
[06-30 21:27:52][DEBUG] jax_fem: Function split_and_compute_cell took 0.0266 seconds
[06-30 21:27:52][DEBUG] jax_fem: CuDSSNewtonSolver: initial residual = 2.427e+08
[06-30 21:27:52][DEBUG] jax_fem: DeviceProblem: computing Jacobian on device
[06-30 21:27:52][DEBUG] jax_fem: Function split_and_compute_cell took 0.0264 seconds
[06-30 21:27:52][DEBUG] jax_fem: CuDSSNewtonSolver: iter=1  res=1.563e-05  rel=6.441e-14
[06-30 21:27:52][INFO] jax_fem: CuDSSNewtonSolver: solve finished in 0.09s  res=1.563e-05
[06-30 21:27:53][DEBUG] jax_fem: CuDSSNewtonSolver: starting Newton loop
[06-30 21:27:53][DEBUG] jax_fem: DeviceProblem: computing Jacobian on device
[06-30 21:27:53][DEBUG] jax_fem: Function split_and_compute_cell took 0.0270 seconds
[06-30 21:27:53][DEBUG] jax_fem: CuDSSNewtonSolver: initial residual = 2.407e+08
[06-30 21:27:53][DEBUG] jax_fem: DeviceProblem: computing Jacobian on device
[06-30 21:27:53][DEBUG] jax_fem: Function split_and_compute_cell took 0.0268 seconds
[06-30 21:27:53][DEBUG] jax_fem: CuDSSNewtonSolver: iter=1  res=1.590e-05  rel=6.607e-14
[06-30 21:27:53][INFO] jax_fem: CuDSSNewtonSolver: solve finished in 0.09s  res=1.590e-05
[06-30 21:27:53][DEBUG] jax_fem: CuDSSNewtonSolver: starting Newton loop
[06-30 21:27:53][DEBUG] jax_fem: DeviceProblem: computing Jacobian on device
[06-30 21:27:53][DEBUG] jax_fem: Function split_and_compute_cell took 0.0255 seconds
[06-30 21:27:53][DEBUG] jax_fem: CuDSSNewtonSolver: initial residual = 2.401e+08
[06-30 21:27:53][DEBUG] jax_fem: DeviceProblem: computing Jacobian on device
[06-30 21:27:53][DEBUG] jax_fem: Function split_and_compute_cell took 0.0278 seconds
[06-30 21:27:53][DEBUG] jax_fem: CuDSSNewtonSolver: iter=1  res=1.820e-05  rel=7.582e-14
[06-30 21:27:53][INFO] jax_fem: CuDSSNewtonSolver: solve finished in 0.09s  res=1.820e-05
[06-30 21:27:54][DEBUG] jax_fem: CuDSSNewtonSolver: starting Newton loop
[06-30 21:27:54][DEBUG] jax_fem: DeviceProblem: computing Jacobian on device
[06-30 21:27:54][DEBUG] jax_fem: Function split_and_compute_cell took 0.0278 seconds
[06-30 21:27:54][DEBUG] jax_fem: CuDSSNewtonSolver: initial residual = 2.429e+08
[06-30 21:27:54][DEBUG] jax_fem: DeviceProblem: computing Jacobian on device
[06-30 21:27:54][DEBUG] jax_fem: Function split_and_compute_cell took 0.0266 seconds
[06-30 21:27:54][DEBUG] jax_fem: CuDSSNewtonSolver: iter=1  res=1.499e-05  rel=6.172e-14
[06-30 21:27:54][INFO] jax_fem: CuDSSNewtonSolver: solve finished in 0.09s  res=1.499e-05
[06-30 21:27:54][DEBUG] jax_fem: CuDSSNewtonSolver: starting Newton loop
[06-30 21:27:54][DEBUG] jax_fem: DeviceProblem: computing Jacobian on device
[06-30 21:27:54][DEBUG] jax_fem: Function split_and_compute_cell took 0.0254 seconds
[06-30 21:27:54][DEBUG] jax_fem: CuDSSNewtonSolver: initial residual = 2.414e+08
[06-30 21:27:54][DEBUG] jax_fem: DeviceProblem: computing Jacobian on device
[06-30 21:27:55][DEBUG] jax_fem: Function split_and_compute_cell took 0.0267 seconds
[06-30 21:27:55][DEBUG] jax_fem: CuDSSNewtonSolver: iter=1  res=1.216e-05  rel=5.036e-14
[06-30 21:27:55][INFO] jax_fem: CuDSSNewtonSolver: solve finished in 0.09s  res=1.216e-05
[06-30 21:27:55][INFO] jax_fem: CuDSS backward: solving adjoint problem …
[06-30 21:27:55][DEBUG] jax_fem: DeviceProblem: computing Jacobian on device
[06-30 21:27:55][DEBUG] jax_fem: Function split_and_compute_cell took 0.0437 seconds
[06-30 21:27:55][DEBUG] jax_fem: Computing cell residual...
[06-30 21:27:55][DEBUG] jax_fem: Function split_and_compute_cell took 0.0768 seconds
[06-30 21:27:55][INFO] jax_fem: CuDSS backward: solving adjoint problem …
[06-30 21:27:55][DEBUG] jax_fem: DeviceProblem: computing Jacobian on device
[06-30 21:27:55][DEBUG] jax_fem: Function split_and_compute_cell took 0.0546 seconds
[06-30 21:27:55][DEBUG] jax_fem: Computing cell residual...
[06-30 21:27:55][DEBUG] jax_fem: Function split_and_compute_cell took 0.0659 seconds
[06-30 21:27:55][INFO] jax_fem: CuDSS backward: solving adjoint problem …
[06-30 21:27:55][DEBUG] jax_fem: DeviceProblem: computing Jacobian on device
[06-30 21:27:55][DEBUG] jax_fem: Function split_and_compute_cell took 0.0322 seconds
[06-30 21:27:55][DEBUG] jax_fem: Computing cell residual...
[06-30 21:27:56][DEBUG] jax_fem: Function split_and_compute_cell took 0.0631 seconds
[06-30 21:27:56][INFO] jax_fem: CuDSS backward: solving adjoint problem …
[06-30 21:27:56][DEBUG] jax_fem: DeviceProblem: computing Jacobian on device
[06-30 21:27:56][DEBUG] jax_fem: Function split_and_compute_cell took 0.0225 seconds
[06-30 21:27:56][DEBUG] jax_fem: Computing cell residual...
[06-30 21:27:56][DEBUG] jax_fem: Function split_and_compute_cell took 0.0711 seconds
[06-30 21:27:56][INFO] jax_fem: CuDSS backward: solving adjoint problem …
[06-30 21:27:56][DEBUG] jax_fem: DeviceProblem: computing Jacobian on device
[06-30 21:27:56][DEBUG] jax_fem: Function split_and_compute_cell took 0.0335 seconds
[06-30 21:27:56][DEBUG] jax_fem: Computing cell residual...
[06-30 21:27:56][DEBUG] jax_fem: Function split_and_compute_cell took 0.0714 seconds
[06-30 21:27:58][DEBUG] jax_fem: CuDSSNewtonSolver: starting Newton loop
[06-30 21:27:58][DEBUG] jax_fem: DeviceProblem: computing Jacobian on device
[06-30 21:27:58][DEBUG] jax_fem: Function split_and_compute_cell took 0.0549 seconds
[06-30 21:27:58][DEBUG] jax_fem: CuDSSNewtonSolver: initial residual = 2.427e+08
[06-30 21:27:58][DEBUG] jax_fem: DeviceProblem: computing Jacobian on device
[06-30 21:27:58][DEBUG] jax_fem: Function split_and_compute_cell took 0.0415 seconds
[06-30 21:27:58][DEBUG] jax_fem: CuDSSNewtonSolver: iter=1  res=1.580e-05  rel=6.508e-14
[06-30 21:27:58][INFO] jax_fem: CuDSSNewtonSolver: solve finished in 0.14s  res=1.580e-05
[06-30 21:27:58][DEBUG] jax_fem: CuDSSNewtonSolver: starting Newton loop
[06-30 21:27:58][DEBUG] jax_fem: DeviceProblem: computing Jacobian on device
[06-30 21:27:58][DEBUG] jax_fem: Function split_and_compute_cell took 0.0396 seconds
[06-30 21:27:58][DEBUG] jax_fem: CuDSSNewtonSolver: initial residual = 2.407e+08
[06-30 21:27:58][DEBUG] jax_fem: DeviceProblem: computing Jacobian on device
[06-30 21:27:58][DEBUG] jax_fem: Function split_and_compute_cell took 0.0528 seconds
[06-30 21:27:58][DEBUG] jax_fem: CuDSSNewtonSolver: iter=1  res=1.635e-05  rel=6.793e-14
[06-30 21:27:58][INFO] jax_fem: CuDSSNewtonSolver: solve finished in 0.13s  res=1.635e-05
[06-30 21:27:59][DEBUG] jax_fem: CuDSSNewtonSolver: starting Newton loop
[06-30 21:27:59][DEBUG] jax_fem: DeviceProblem: computing Jacobian on device
[06-30 21:27:59][DEBUG] jax_fem: Function split_and_compute_cell took 0.0397 seconds
[06-30 21:27:59][DEBUG] jax_fem: CuDSSNewtonSolver: initial residual = 2.401e+08
[06-30 21:27:59][DEBUG] jax_fem: DeviceProblem: computing Jacobian on device
[06-30 21:27:59][DEBUG] jax_fem: Function split_and_compute_cell took 0.0445 seconds
[06-30 21:27:59][DEBUG] jax_fem: CuDSSNewtonSolver: iter=1  res=1.718e-05  rel=7.157e-14
[06-30 21:27:59][INFO] jax_fem: CuDSSNewtonSolver: solve finished in 0.13s  res=1.718e-05
[06-30 21:27:59][DEBUG] jax_fem: CuDSSNewtonSolver: starting Newton loop
[06-30 21:27:59][DEBUG] jax_fem: DeviceProblem: computing Jacobian on device
[06-30 21:27:59][DEBUG] jax_fem: Function split_and_compute_cell took 0.0390 seconds
[06-30 21:27:59][DEBUG] jax_fem: CuDSSNewtonSolver: initial residual = 2.429e+08
[06-30 21:27:59][DEBUG] jax_fem: DeviceProblem: computing Jacobian on device
[06-30 21:27:59][DEBUG] jax_fem: Function split_and_compute_cell took 0.0313 seconds
[06-30 21:27:59][DEBUG] jax_fem: CuDSSNewtonSolver: iter=1  res=1.597e-05  rel=6.575e-14
[06-30 21:27:59][INFO] jax_fem: CuDSSNewtonSolver: solve finished in 0.11s  res=1.597e-05
[06-30 21:27:59][DEBUG] jax_fem: CuDSSNewtonSolver: starting Newton loop
[06-30 21:27:59][DEBUG] jax_fem: DeviceProblem: computing Jacobian on device
[06-30 21:27:59][DEBUG] jax_fem: Function split_and_compute_cell took 0.0362 seconds
[06-30 21:27:59][DEBUG] jax_fem: CuDSSNewtonSolver: initial residual = 2.414e+08
[06-30 21:27:59][DEBUG] jax_fem: DeviceProblem: computing Jacobian on device
[06-30 21:27:59][DEBUG] jax_fem: Function split_and_compute_cell took 0.0488 seconds
[06-30 21:27:59][DEBUG] jax_fem: CuDSSNewtonSolver: iter=1  res=1.165e-05  rel=4.825e-14
[06-30 21:27:59][INFO] jax_fem: CuDSSNewtonSolver: solve finished in 0.13s  res=1.165e-05
[06-30 21:28:01][DEBUG] jax_fem: CuDSSNewtonSolver: starting Newton loop
[06-30 21:28:01][DEBUG] jax_fem: DeviceProblem: computing Jacobian on device
[06-30 21:28:01][DEBUG] jax_fem: Function split_and_compute_cell took 0.0258 seconds
[06-30 21:28:01][DEBUG] jax_fem: CuDSSNewtonSolver: initial residual = 2.427e+08
[06-30 21:28:01][DEBUG] jax_fem: DeviceProblem: computing Jacobian on device
[06-30 21:28:01][DEBUG] jax_fem: Function split_and_compute_cell took 0.0258 seconds
[06-30 21:28:01][DEBUG] jax_fem: CuDSSNewtonSolver: iter=1  res=1.611e-05  rel=6.638e-14
[06-30 21:28:01][INFO] jax_fem: CuDSSNewtonSolver: solve finished in 0.09s  res=1.611e-05
[06-30 21:28:02][DEBUG] jax_fem: CuDSSNewtonSolver: starting Newton loop
[06-30 21:28:02][DEBUG] jax_fem: DeviceProblem: computing Jacobian on device
[06-30 21:28:02][DEBUG] jax_fem: Function split_and_compute_cell took 0.0260 seconds
[06-30 21:28:02][DEBUG] jax_fem: CuDSSNewtonSolver: initial residual = 2.407e+08
[06-30 21:28:02][DEBUG] jax_fem: DeviceProblem: computing Jacobian on device
[06-30 21:28:02][DEBUG] jax_fem: Function split_and_compute_cell took 0.0259 seconds
[06-30 21:28:02][DEBUG] jax_fem: CuDSSNewtonSolver: iter=1  res=1.636e-05  rel=6.798e-14
[06-30 21:28:02][INFO] jax_fem: CuDSSNewtonSolver: solve finished in 0.09s  res=1.636e-05
[06-30 21:28:03][DEBUG] jax_fem: CuDSSNewtonSolver: starting Newton loop
[06-30 21:28:03][DEBUG] jax_fem: DeviceProblem: computing Jacobian on device
[06-30 21:28:03][DEBUG] jax_fem: Function split_and_compute_cell took 0.0288 seconds
[06-30 21:28:03][DEBUG] jax_fem: CuDSSNewtonSolver: initial residual = 2.401e+08
[06-30 21:28:03][DEBUG] jax_fem: DeviceProblem: computing Jacobian on device
[06-30 21:28:03][DEBUG] jax_fem: Function split_and_compute_cell took 0.0273 seconds
[06-30 21:28:03][DEBUG] jax_fem: CuDSSNewtonSolver: iter=1  res=1.746e-05  rel=7.273e-14
[06-30 21:28:03][INFO] jax_fem: CuDSSNewtonSolver: solve finished in 0.09s  res=1.746e-05
[06-30 21:28:03][DEBUG] jax_fem: CuDSSNewtonSolver: starting Newton loop
[06-30 21:28:03][DEBUG] jax_fem: DeviceProblem: computing Jacobian on device
[06-30 21:28:03][DEBUG] jax_fem: Function split_and_compute_cell took 0.0264 seconds
[06-30 21:28:03][DEBUG] jax_fem: CuDSSNewtonSolver: initial residual = 2.429e+08
[06-30 21:28:03][DEBUG] jax_fem: DeviceProblem: computing Jacobian on device
[06-30 21:28:03][DEBUG] jax_fem: Function split_and_compute_cell took 0.0269 seconds
[06-30 21:28:03][DEBUG] jax_fem: CuDSSNewtonSolver: iter=1  res=1.655e-05  rel=6.813e-14
[06-30 21:28:03][INFO] jax_fem: CuDSSNewtonSolver: solve finished in 0.09s  res=1.655e-05
[06-30 21:28:04][DEBUG] jax_fem: CuDSSNewtonSolver: starting Newton loop
[06-30 21:28:04][DEBUG] jax_fem: DeviceProblem: computing Jacobian on device
[06-30 21:28:04][DEBUG] jax_fem: Function split_and_compute_cell took 0.0273 seconds
[06-30 21:28:04][DEBUG] jax_fem: CuDSSNewtonSolver: initial residual = 2.414e+08
[06-30 21:28:04][DEBUG] jax_fem: DeviceProblem: computing Jacobian on device
[06-30 21:28:04][DEBUG] jax_fem: Function split_and_compute_cell took 0.0253 seconds
[06-30 21:28:04][DEBUG] jax_fem: CuDSSNewtonSolver: iter=1  res=1.182e-05  rel=4.897e-14
[06-30 21:28:04][INFO] jax_fem: CuDSSNewtonSolver: solve finished in 0.09s  res=1.182e-05
[06-30 21:28:04][INFO] jax_fem: CuDSS backward: solving adjoint problem …
[06-30 21:28:04][DEBUG] jax_fem: DeviceProblem: computing Jacobian on device
[06-30 21:28:04][DEBUG] jax_fem: Function split_and_compute_cell took 0.0430 seconds
[06-30 21:28:04][DEBUG] jax_fem: Computing cell residual...
[06-30 21:28:04][DEBUG] jax_fem: Function split_and_compute_cell took 0.0571 seconds
[06-30 21:28:04][INFO] jax_fem: CuDSS backward: solving adjoint problem …
[06-30 21:28:04][DEBUG] jax_fem: DeviceProblem: computing Jacobian on device
[06-30 21:28:04][DEBUG] jax_fem: Function split_and_compute_cell took 0.0238 seconds
[06-30 21:28:04][DEBUG] jax_fem: Computing cell residual...
[06-30 21:28:05][DEBUG] jax_fem: Function split_and_compute_cell took 0.0612 seconds
[06-30 21:28:05][INFO] jax_fem: CuDSS backward: solving adjoint problem …
[06-30 21:28:05][DEBUG] jax_fem: DeviceProblem: computing Jacobian on device
[06-30 21:28:05][DEBUG] jax_fem: Function split_and_compute_cell took 0.0381 seconds
[06-30 21:28:05][DEBUG] jax_fem: Computing cell residual...
[06-30 21:28:05][DEBUG] jax_fem: Function split_and_compute_cell took 0.0602 seconds
[06-30 21:28:05][INFO] jax_fem: CuDSS backward: solving adjoint problem …
[06-30 21:28:05][DEBUG] jax_fem: DeviceProblem: computing Jacobian on device
[06-30 21:28:05][DEBUG] jax_fem: Function split_and_compute_cell took 0.0336 seconds
[06-30 21:28:05][DEBUG] jax_fem: Computing cell residual...
[06-30 21:28:05][DEBUG] jax_fem: Function split_and_compute_cell took 0.0611 seconds
[06-30 21:28:06][INFO] jax_fem: CuDSS backward: solving adjoint problem …
[06-30 21:28:06][DEBUG] jax_fem: DeviceProblem: computing Jacobian on device
[06-30 21:28:06][DEBUG] jax_fem: Function split_and_compute_cell took 0.0247 seconds
[06-30 21:28:06][DEBUG] jax_fem: Computing cell residual...
[06-30 21:28:06][DEBUG] jax_fem: Function split_and_compute_cell took 0.0630 seconds
[06-30 21:28:07][DEBUG] jax_fem: CuDSSNewtonSolver: starting Newton loop
[06-30 21:28:07][DEBUG] jax_fem: DeviceProblem: computing Jacobian on device
[06-30 21:28:07][DEBUG] jax_fem: Function split_and_compute_cell took 0.0335 seconds
[06-30 21:28:07][DEBUG] jax_fem: CuDSSNewtonSolver: initial residual = 2.427e+08
[06-30 21:28:07][DEBUG] jax_fem: DeviceProblem: computing Jacobian on device
[06-30 21:28:07][DEBUG] jax_fem: Function split_and_compute_cell took 0.0304 seconds
[06-30 21:28:07][DEBUG] jax_fem: CuDSSNewtonSolver: iter=1  res=1.597e-05  rel=6.578e-14
[06-30 21:28:07][INFO] jax_fem: CuDSSNewtonSolver: solve finished in 0.10s  res=1.597e-05
[06-30 21:28:07][DEBUG] jax_fem: CuDSSNewtonSolver: starting Newton loop
[06-30 21:28:07][DEBUG] jax_fem: DeviceProblem: computing Jacobian on device
[06-30 21:28:07][DEBUG] jax_fem: Function split_and_compute_cell took 0.0265 seconds
[06-30 21:28:07][DEBUG] jax_fem: CuDSSNewtonSolver: initial residual = 2.407e+08
[06-30 21:28:07][DEBUG] jax_fem: DeviceProblem: computing Jacobian on device
[06-30 21:28:07][DEBUG] jax_fem: Function split_and_compute_cell took 0.0369 seconds
[06-30 21:28:07][DEBUG] jax_fem: CuDSSNewtonSolver: iter=1  res=1.666e-05  rel=6.920e-14
[06-30 21:28:07][INFO] jax_fem: CuDSSNewtonSolver: solve finished in 0.11s  res=1.666e-05
[06-30 21:28:08][DEBUG] jax_fem: CuDSSNewtonSolver: starting Newton loop
[06-30 21:28:08][DEBUG] jax_fem: DeviceProblem: computing Jacobian on device
[06-30 21:28:08][DEBUG] jax_fem: Function split_and_compute_cell took 0.0238 seconds
[06-30 21:28:08][DEBUG] jax_fem: CuDSSNewtonSolver: initial residual = 2.401e+08
[06-30 21:28:08][DEBUG] jax_fem: DeviceProblem: computing Jacobian on device
[06-30 21:28:08][DEBUG] jax_fem: Function split_and_compute_cell took 0.0322 seconds
[06-30 21:28:08][DEBUG] jax_fem: CuDSSNewtonSolver: iter=1  res=1.714e-05  rel=7.141e-14
[06-30 21:28:08][INFO] jax_fem: CuDSSNewtonSolver: solve finished in 0.10s  res=1.714e-05
[06-30 21:28:08][DEBUG] jax_fem: CuDSSNewtonSolver: starting Newton loop
[06-30 21:28:08][DEBUG] jax_fem: DeviceProblem: computing Jacobian on device
[06-30 21:28:08][DEBUG] jax_fem: Function split_and_compute_cell took 0.0348 seconds
[06-30 21:28:08][DEBUG] jax_fem: CuDSSNewtonSolver: initial residual = 2.429e+08
[06-30 21:28:08][DEBUG] jax_fem: DeviceProblem: computing Jacobian on device
[06-30 21:28:08][DEBUG] jax_fem: Function split_and_compute_cell took 0.0484 seconds
[06-30 21:28:08][DEBUG] jax_fem: CuDSSNewtonSolver: iter=1  res=1.640e-05  rel=6.752e-14
[06-30 21:28:08][INFO] jax_fem: CuDSSNewtonSolver: solve finished in 0.12s  res=1.640e-05
[06-30 21:28:08][DEBUG] jax_fem: CuDSSNewtonSolver: starting Newton loop
[06-30 21:28:08][DEBUG] jax_fem: DeviceProblem: computing Jacobian on device
[06-30 21:28:08][DEBUG] jax_fem: Function split_and_compute_cell took 0.0271 seconds
[06-30 21:28:08][DEBUG] jax_fem: CuDSSNewtonSolver: initial residual = 2.414e+08
[06-30 21:28:08][DEBUG] jax_fem: DeviceProblem: computing Jacobian on device
[06-30 21:28:09][DEBUG] jax_fem: Function split_and_compute_cell took 0.0403 seconds
[06-30 21:28:09][DEBUG] jax_fem: CuDSSNewtonSolver: iter=1  res=1.158e-05  rel=4.796e-14
[06-30 21:28:09][INFO] jax_fem: CuDSSNewtonSolver: solve finished in 0.11s  res=1.158e-05
[06-30 21:28:10][DEBUG] jax_fem: CuDSSNewtonSolver: starting Newton loop
[06-30 21:28:10][DEBUG] jax_fem: DeviceProblem: computing Jacobian on device
[06-30 21:28:10][DEBUG] jax_fem: Function split_and_compute_cell took 0.0268 seconds
[06-30 21:28:10][DEBUG] jax_fem: CuDSSNewtonSolver: initial residual = 2.427e+08
[06-30 21:28:10][DEBUG] jax_fem: DeviceProblem: computing Jacobian on device
[06-30 21:28:10][DEBUG] jax_fem: Function split_and_compute_cell took 0.0273 seconds
[06-30 21:28:10][DEBUG] jax_fem: CuDSSNewtonSolver: iter=1  res=1.693e-05  rel=6.974e-14
[06-30 21:28:10][INFO] jax_fem: CuDSSNewtonSolver: solve finished in 0.09s  res=1.693e-05
[06-30 21:28:11][DEBUG] jax_fem: CuDSSNewtonSolver: starting Newton loop
[06-30 21:28:11][DEBUG] jax_fem: DeviceProblem: computing Jacobian on device
[06-30 21:28:11][DEBUG] jax_fem: Function split_and_compute_cell took 0.0252 seconds
[06-30 21:28:11][DEBUG] jax_fem: CuDSSNewtonSolver: initial residual = 2.407e+08
[06-30 21:28:11][DEBUG] jax_fem: DeviceProblem: computing Jacobian on device
[06-30 21:28:11][DEBUG] jax_fem: Function split_and_compute_cell took 0.0262 seconds
[06-30 21:28:11][DEBUG] jax_fem: CuDSSNewtonSolver: iter=1  res=1.592e-05  rel=6.615e-14
[06-30 21:28:11][INFO] jax_fem: CuDSSNewtonSolver: solve finished in 0.09s  res=1.592e-05
[06-30 21:28:11][DEBUG] jax_fem: CuDSSNewtonSolver: starting Newton loop
[06-30 21:28:11][DEBUG] jax_fem: DeviceProblem: computing Jacobian on device
[06-30 21:28:11][DEBUG] jax_fem: Function split_and_compute_cell took 0.0256 seconds
[06-30 21:28:11][DEBUG] jax_fem: CuDSSNewtonSolver: initial residual = 2.401e+08
[06-30 21:28:11][DEBUG] jax_fem: DeviceProblem: computing Jacobian on device
[06-30 21:28:12][DEBUG] jax_fem: Function split_and_compute_cell took 0.0261 seconds
[06-30 21:28:12][DEBUG] jax_fem: CuDSSNewtonSolver: iter=1  res=1.735e-05  rel=7.228e-14
[06-30 21:28:12][INFO] jax_fem: CuDSSNewtonSolver: solve finished in 0.09s  res=1.735e-05
[06-30 21:28:12][DEBUG] jax_fem: CuDSSNewtonSolver: starting Newton loop
[06-30 21:28:12][DEBUG] jax_fem: DeviceProblem: computing Jacobian on device
[06-30 21:28:12][DEBUG] jax_fem: Function split_and_compute_cell took 0.0267 seconds
[06-30 21:28:12][DEBUG] jax_fem: CuDSSNewtonSolver: initial residual = 2.429e+08
[06-30 21:28:12][DEBUG] jax_fem: DeviceProblem: computing Jacobian on device
[06-30 21:28:12][DEBUG] jax_fem: Function split_and_compute_cell took 0.0265 seconds
[06-30 21:28:12][DEBUG] jax_fem: CuDSSNewtonSolver: iter=1  res=1.654e-05  rel=6.811e-14
[06-30 21:28:12][INFO] jax_fem: CuDSSNewtonSolver: solve finished in 0.09s  res=1.654e-05
[06-30 21:28:13][DEBUG] jax_fem: CuDSSNewtonSolver: starting Newton loop
[06-30 21:28:13][DEBUG] jax_fem: DeviceProblem: computing Jacobian on device
[06-30 21:28:13][DEBUG] jax_fem: Function split_and_compute_cell took 0.0268 seconds
[06-30 21:28:13][DEBUG] jax_fem: CuDSSNewtonSolver: initial residual = 2.414e+08
[06-30 21:28:13][DEBUG] jax_fem: DeviceProblem: computing Jacobian on device
[06-30 21:28:13][DEBUG] jax_fem: Function split_and_compute_cell took 0.0259 seconds
[06-30 21:28:13][DEBUG] jax_fem: CuDSSNewtonSolver: iter=1  res=1.181e-05  rel=4.893e-14
[06-30 21:28:13][INFO] jax_fem: CuDSSNewtonSolver: solve finished in 0.09s  res=1.181e-05
[06-30 21:28:13][INFO] jax_fem: CuDSS backward: solving adjoint problem …
[06-30 21:28:13][DEBUG] jax_fem: DeviceProblem: computing Jacobian on device
[06-30 21:28:13][DEBUG] jax_fem: Function split_and_compute_cell took 0.0443 seconds
[06-30 21:28:13][DEBUG] jax_fem: Computing cell residual...
[06-30 21:28:13][DEBUG] jax_fem: Function split_and_compute_cell took 0.0717 seconds
[06-30 21:28:13][INFO] jax_fem: CuDSS backward: solving adjoint problem …
[06-30 21:28:13][DEBUG] jax_fem: DeviceProblem: computing Jacobian on device
[06-30 21:28:13][DEBUG] jax_fem: Function split_and_compute_cell took 0.0301 seconds
[06-30 21:28:13][DEBUG] jax_fem: Computing cell residual...
[06-30 21:28:14][DEBUG] jax_fem: Function split_and_compute_cell took 0.0677 seconds
[06-30 21:28:14][INFO] jax_fem: CuDSS backward: solving adjoint problem …
[06-30 21:28:14][DEBUG] jax_fem: DeviceProblem: computing Jacobian on device
[06-30 21:28:14][DEBUG] jax_fem: Function split_and_compute_cell took 0.0355 seconds
[06-30 21:28:14][DEBUG] jax_fem: Computing cell residual...
[06-30 21:28:14][DEBUG] jax_fem: Function split_and_compute_cell took 0.0637 seconds
[06-30 21:28:14][INFO] jax_fem: CuDSS backward: solving adjoint problem …
[06-30 21:28:14][DEBUG] jax_fem: DeviceProblem: computing Jacobian on device
[06-30 21:28:14][DEBUG] jax_fem: Function split_and_compute_cell took 0.0358 seconds
[06-30 21:28:14][DEBUG] jax_fem: Computing cell residual...
[06-30 21:28:14][DEBUG] jax_fem: Function split_and_compute_cell took 0.0635 seconds
[06-30 21:28:15][INFO] jax_fem: CuDSS backward: solving adjoint problem …
[06-30 21:28:15][DEBUG] jax_fem: DeviceProblem: computing Jacobian on device
[06-30 21:28:15][DEBUG] jax_fem: Function split_and_compute_cell took 0.0325 seconds
[06-30 21:28:15][DEBUG] jax_fem: Computing cell residual...
[06-30 21:28:15][DEBUG] jax_fem: Function split_and_compute_cell took 0.0568 seconds
[06-30 21:28:16][DEBUG] jax_fem: CuDSSNewtonSolver: starting Newton loop
[06-30 21:28:16][DEBUG] jax_fem: DeviceProblem: computing Jacobian on device
[06-30 21:28:16][DEBUG] jax_fem: Function split_and_compute_cell took 0.0440 seconds
[06-30 21:28:16][DEBUG] jax_fem: CuDSSNewtonSolver: initial residual = 2.427e+08
[06-30 21:28:16][DEBUG] jax_fem: DeviceProblem: computing Jacobian on device
[06-30 21:28:16][DEBUG] jax_fem: Function split_and_compute_cell took 0.0523 seconds
[06-30 21:28:16][DEBUG] jax_fem: CuDSSNewtonSolver: iter=1  res=1.617e-05  rel=6.663e-14
[06-30 21:28:16][INFO] jax_fem: CuDSSNewtonSolver: solve finished in 0.14s  res=1.617e-05
[06-30 21:28:17][DEBUG] jax_fem: CuDSSNewtonSolver: starting Newton loop
[06-30 21:28:17][DEBUG] jax_fem: DeviceProblem: computing Jacobian on device
[06-30 21:28:17][DEBUG] jax_fem: Function split_and_compute_cell took 0.0341 seconds
[06-30 21:28:17][DEBUG] jax_fem: CuDSSNewtonSolver: initial residual = 2.407e+08
[06-30 21:28:17][DEBUG] jax_fem: DeviceProblem: computing Jacobian on device
[06-30 21:28:17][DEBUG] jax_fem: Function split_and_compute_cell took 0.0649 seconds
[06-30 21:28:17][DEBUG] jax_fem: CuDSSNewtonSolver: iter=1  res=1.702e-05  rel=7.071e-14
[06-30 21:28:17][INFO] jax_fem: CuDSSNewtonSolver: solve finished in 0.15s  res=1.702e-05
[06-30 21:28:17][DEBUG] jax_fem: CuDSSNewtonSolver: starting Newton loop
[06-30 21:28:17][DEBUG] jax_fem: DeviceProblem: computing Jacobian on device
[06-30 21:28:17][DEBUG] jax_fem: Function split_and_compute_cell took 0.0477 seconds
[06-30 21:28:17][DEBUG] jax_fem: CuDSSNewtonSolver: initial residual = 2.401e+08
[06-30 21:28:17][DEBUG] jax_fem: DeviceProblem: computing Jacobian on device
[06-30 21:28:17][DEBUG] jax_fem: Function split_and_compute_cell took 0.0270 seconds
[06-30 21:28:17][DEBUG] jax_fem: CuDSSNewtonSolver: iter=1  res=1.816e-05  rel=7.564e-14
[06-30 21:28:17][INFO] jax_fem: CuDSSNewtonSolver: solve finished in 0.12s  res=1.816e-05
[06-30 21:28:17][DEBUG] jax_fem: CuDSSNewtonSolver: starting Newton loop
[06-30 21:28:17][DEBUG] jax_fem: DeviceProblem: computing Jacobian on device
[06-30 21:28:17][DEBUG] jax_fem: Function split_and_compute_cell took 0.0371 seconds
[06-30 21:28:17][DEBUG] jax_fem: CuDSSNewtonSolver: initial residual = 2.429e+08
[06-30 21:28:17][DEBUG] jax_fem: DeviceProblem: computing Jacobian on device
[06-30 21:28:17][DEBUG] jax_fem: Function split_and_compute_cell took 0.0300 seconds
[06-30 21:28:17][DEBUG] jax_fem: CuDSSNewtonSolver: iter=1  res=1.534e-05  rel=6.316e-14
[06-30 21:28:17][INFO] jax_fem: CuDSSNewtonSolver: solve finished in 0.11s  res=1.534e-05
[06-30 21:28:18][DEBUG] jax_fem: CuDSSNewtonSolver: starting Newton loop
[06-30 21:28:18][DEBUG] jax_fem: DeviceProblem: computing Jacobian on device
[06-30 21:28:18][DEBUG] jax_fem: Function split_and_compute_cell took 0.0402 seconds
[06-30 21:28:18][DEBUG] jax_fem: CuDSSNewtonSolver: initial residual = 2.414e+08
[06-30 21:28:18][DEBUG] jax_fem: DeviceProblem: computing Jacobian on device
[06-30 21:28:18][DEBUG] jax_fem: Function split_and_compute_cell took 0.0471 seconds
[06-30 21:28:18][DEBUG] jax_fem: CuDSSNewtonSolver: iter=1  res=1.145e-05  rel=4.742e-14
[06-30 21:28:18][INFO] jax_fem: CuDSSNewtonSolver: solve finished in 0.13s  res=1.145e-05
[06-30 21:28:19][DEBUG] jax_fem: CuDSSNewtonSolver: starting Newton loop
[06-30 21:28:19][DEBUG] jax_fem: DeviceProblem: computing Jacobian on device
[06-30 21:28:19][DEBUG] jax_fem: Function split_and_compute_cell took 0.0255 seconds
[06-30 21:28:19][DEBUG] jax_fem: CuDSSNewtonSolver: initial residual = 2.427e+08
[06-30 21:28:20][DEBUG] jax_fem: DeviceProblem: computing Jacobian on device
[06-30 21:28:20][DEBUG] jax_fem: Function split_and_compute_cell took 0.0264 seconds
[06-30 21:28:20][DEBUG] jax_fem: CuDSSNewtonSolver: iter=1  res=1.620e-05  rel=6.674e-14
[06-30 21:28:20][INFO] jax_fem: CuDSSNewtonSolver: solve finished in 0.09s  res=1.620e-05
[06-30 21:28:20][DEBUG] jax_fem: CuDSSNewtonSolver: starting Newton loop
[06-30 21:28:20][DEBUG] jax_fem: DeviceProblem: computing Jacobian on device
[06-30 21:28:20][DEBUG] jax_fem: Function split_and_compute_cell took 0.0251 seconds
[06-30 21:28:20][DEBUG] jax_fem: CuDSSNewtonSolver: initial residual = 2.407e+08
[06-30 21:28:20][DEBUG] jax_fem: DeviceProblem: computing Jacobian on device
[06-30 21:28:20][DEBUG] jax_fem: Function split_and_compute_cell took 0.0290 seconds
[06-30 21:28:20][DEBUG] jax_fem: CuDSSNewtonSolver: iter=1  res=1.677e-05  rel=6.968e-14
[06-30 21:28:20][INFO] jax_fem: CuDSSNewtonSolver: solve finished in 0.09s  res=1.677e-05
[06-30 21:28:21][DEBUG] jax_fem: CuDSSNewtonSolver: starting Newton loop
[06-30 21:28:21][DEBUG] jax_fem: DeviceProblem: computing Jacobian on device
[06-30 21:28:21][DEBUG] jax_fem: Function split_and_compute_cell took 0.0257 seconds
[06-30 21:28:21][DEBUG] jax_fem: CuDSSNewtonSolver: initial residual = 2.401e+08
[06-30 21:28:21][DEBUG] jax_fem: DeviceProblem: computing Jacobian on device
[06-30 21:28:21][DEBUG] jax_fem: Function split_and_compute_cell took 0.0251 seconds
[06-30 21:28:21][DEBUG] jax_fem: CuDSSNewtonSolver: iter=1  res=1.742e-05  rel=7.254e-14
[06-30 21:28:21][INFO] jax_fem: CuDSSNewtonSolver: solve finished in 0.09s  res=1.742e-05
[06-30 21:28:21][DEBUG] jax_fem: CuDSSNewtonSolver: starting Newton loop
[06-30 21:28:21][DEBUG] jax_fem: DeviceProblem: computing Jacobian on device
[06-30 21:28:21][DEBUG] jax_fem: Function split_and_compute_cell took 0.0281 seconds
[06-30 21:28:21][DEBUG] jax_fem: CuDSSNewtonSolver: initial residual = 2.429e+08
[06-30 21:28:21][DEBUG] jax_fem: DeviceProblem: computing Jacobian on device
[06-30 21:28:21][DEBUG] jax_fem: Function split_and_compute_cell took 0.0245 seconds
[06-30 21:28:21][DEBUG] jax_fem: CuDSSNewtonSolver: iter=1  res=1.638e-05  rel=6.743e-14
[06-30 21:28:21][INFO] jax_fem: CuDSSNewtonSolver: solve finished in 0.09s  res=1.638e-05
[06-30 21:28:22][DEBUG] jax_fem: CuDSSNewtonSolver: starting Newton loop
[06-30 21:28:22][DEBUG] jax_fem: DeviceProblem: computing Jacobian on device
[06-30 21:28:22][DEBUG] jax_fem: Function split_and_compute_cell took 0.0254 seconds
[06-30 21:28:22][DEBUG] jax_fem: CuDSSNewtonSolver: initial residual = 2.414e+08
[06-30 21:28:22][DEBUG] jax_fem: DeviceProblem: computing Jacobian on device
[06-30 21:28:22][DEBUG] jax_fem: Function split_and_compute_cell took 0.0248 seconds
[06-30 21:28:22][DEBUG] jax_fem: CuDSSNewtonSolver: iter=1  res=1.166e-05  rel=4.829e-14
[06-30 21:28:22][INFO] jax_fem: CuDSSNewtonSolver: solve finished in 0.09s  res=1.166e-05
[06-30 21:28:22][INFO] jax_fem: CuDSS backward: solving adjoint problem …
[06-30 21:28:22][DEBUG] jax_fem: DeviceProblem: computing Jacobian on device
[06-30 21:28:22][DEBUG] jax_fem: Function split_and_compute_cell took 0.0297 seconds
[06-30 21:28:22][DEBUG] jax_fem: Computing cell residual...
[06-30 21:28:22][DEBUG] jax_fem: Function split_and_compute_cell took 0.0624 seconds
[06-30 21:28:22][INFO] jax_fem: CuDSS backward: solving adjoint problem …
[06-30 21:28:22][DEBUG] jax_fem: DeviceProblem: computing Jacobian on device
[06-30 21:28:22][DEBUG] jax_fem: Function split_and_compute_cell took 0.0382 seconds
[06-30 21:28:23][DEBUG] jax_fem: Computing cell residual...
[06-30 21:28:23][DEBUG] jax_fem: Function split_and_compute_cell took 0.0711 seconds
[06-30 21:28:23][INFO] jax_fem: CuDSS backward: solving adjoint problem …
[06-30 21:28:23][DEBUG] jax_fem: DeviceProblem: computing Jacobian on device
[06-30 21:28:23][DEBUG] jax_fem: Function split_and_compute_cell took 0.0297 seconds
[06-30 21:28:23][DEBUG] jax_fem: Computing cell residual...
[06-30 21:28:23][DEBUG] jax_fem: Function split_and_compute_cell took 0.0858 seconds
[06-30 21:28:23][INFO] jax_fem: CuDSS backward: solving adjoint problem …
[06-30 21:28:23][DEBUG] jax_fem: DeviceProblem: computing Jacobian on device
[06-30 21:28:23][DEBUG] jax_fem: Function split_and_compute_cell took 0.0489 seconds
[06-30 21:28:23][DEBUG] jax_fem: Computing cell residual...
[06-30 21:28:23][DEBUG] jax_fem: Function split_and_compute_cell took 0.0716 seconds
[06-30 21:28:24][INFO] jax_fem: CuDSS backward: solving adjoint problem …
[06-30 21:28:24][DEBUG] jax_fem: DeviceProblem: computing Jacobian on device
[06-30 21:28:24][DEBUG] jax_fem: Function split_and_compute_cell took 0.0257 seconds
[06-30 21:28:24][DEBUG] jax_fem: Computing cell residual...
[06-30 21:28:24][DEBUG] jax_fem: Function split_and_compute_cell took 0.0583 seconds
[06-30 21:28:25][DEBUG] jax_fem: CuDSSNewtonSolver: starting Newton loop
[06-30 21:28:25][DEBUG] jax_fem: DeviceProblem: computing Jacobian on device
[06-30 21:28:25][DEBUG] jax_fem: Function split_and_compute_cell took 0.0460 seconds
[06-30 21:28:25][DEBUG] jax_fem: CuDSSNewtonSolver: initial residual = 2.427e+08
[06-30 21:28:25][DEBUG] jax_fem: DeviceProblem: computing Jacobian on device
[06-30 21:28:25][DEBUG] jax_fem: Function split_and_compute_cell took 0.0380 seconds
[06-30 21:28:25][DEBUG] jax_fem: CuDSSNewtonSolver: iter=1  res=1.606e-05  rel=6.616e-14
[06-30 21:28:25][INFO] jax_fem: CuDSSNewtonSolver: solve finished in 0.12s  res=1.606e-05
[06-30 21:28:26][DEBUG] jax_fem: CuDSSNewtonSolver: starting Newton loop
[06-30 21:28:26][DEBUG] jax_fem: DeviceProblem: computing Jacobian on device
[06-30 21:28:26][DEBUG] jax_fem: Function split_and_compute_cell took 0.0368 seconds
[06-30 21:28:26][DEBUG] jax_fem: CuDSSNewtonSolver: initial residual = 2.407e+08
[06-30 21:28:26][DEBUG] jax_fem: DeviceProblem: computing Jacobian on device
[06-30 21:28:26][DEBUG] jax_fem: Function split_and_compute_cell took 0.0401 seconds
[06-30 21:28:26][DEBUG] jax_fem: CuDSSNewtonSolver: iter=1  res=1.685e-05  rel=7.000e-14
[06-30 21:28:26][INFO] jax_fem: CuDSSNewtonSolver: solve finished in 0.12s  res=1.685e-05
[06-30 21:28:26][DEBUG] jax_fem: CuDSSNewtonSolver: starting Newton loop
[06-30 21:28:26][DEBUG] jax_fem: DeviceProblem: computing Jacobian on device
[06-30 21:28:26][DEBUG] jax_fem: Function split_and_compute_cell took 0.0520 seconds
[06-30 21:28:26][DEBUG] jax_fem: CuDSSNewtonSolver: initial residual = 2.401e+08
[06-30 21:28:26][DEBUG] jax_fem: DeviceProblem: computing Jacobian on device
[06-30 21:28:26][DEBUG] jax_fem: Function split_and_compute_cell took 0.0298 seconds
[06-30 21:28:26][DEBUG] jax_fem: CuDSSNewtonSolver: iter=1  res=1.750e-05  rel=7.290e-14
[06-30 21:28:26][INFO] jax_fem: CuDSSNewtonSolver: solve finished in 0.12s  res=1.750e-05
[06-30 21:28:26][DEBUG] jax_fem: CuDSSNewtonSolver: starting Newton loop
[06-30 21:28:26][DEBUG] jax_fem: DeviceProblem: computing Jacobian on device
[06-30 21:28:26][DEBUG] jax_fem: Function split_and_compute_cell took 0.0570 seconds
[06-30 21:28:26][DEBUG] jax_fem: CuDSSNewtonSolver: initial residual = 2.429e+08
[06-30 21:28:26][DEBUG] jax_fem: DeviceProblem: computing Jacobian on device
[06-30 21:28:27][DEBUG] jax_fem: Function split_and_compute_cell took 0.0414 seconds
[06-30 21:28:27][DEBUG] jax_fem: CuDSSNewtonSolver: iter=1  res=1.666e-05  rel=6.861e-14
[06-30 21:28:27][INFO] jax_fem: CuDSSNewtonSolver: solve finished in 0.14s  res=1.666e-05
[06-30 21:28:27][DEBUG] jax_fem: CuDSSNewtonSolver: starting Newton loop
[06-30 21:28:27][DEBUG] jax_fem: DeviceProblem: computing Jacobian on device
[06-30 21:28:27][DEBUG] jax_fem: Function split_and_compute_cell took 0.0403 seconds
[06-30 21:28:27][DEBUG] jax_fem: CuDSSNewtonSolver: initial residual = 2.414e+08
[06-30 21:28:27][DEBUG] jax_fem: DeviceProblem: computing Jacobian on device
[06-30 21:28:27][DEBUG] jax_fem: Function split_and_compute_cell took 0.0261 seconds
[06-30 21:28:27][DEBUG] jax_fem: CuDSSNewtonSolver: iter=1  res=1.200e-05  rel=4.972e-14
[06-30 21:28:27][INFO] jax_fem: CuDSSNewtonSolver: solve finished in 0.10s  res=1.200e-05
[06-30 21:28:29][DEBUG] jax_fem: CuDSSNewtonSolver: starting Newton loop
[06-30 21:28:29][DEBUG] jax_fem: DeviceProblem: computing Jacobian on device
[06-30 21:28:29][DEBUG] jax_fem: Function split_and_compute_cell took 0.0244 seconds
[06-30 21:28:29][DEBUG] jax_fem: CuDSSNewtonSolver: initial residual = 2.427e+08
[06-30 21:28:29][DEBUG] jax_fem: DeviceProblem: computing Jacobian on device
[06-30 21:28:29][DEBUG] jax_fem: Function split_and_compute_cell took 0.0252 seconds
[06-30 21:28:29][DEBUG] jax_fem: CuDSSNewtonSolver: iter=1  res=1.597e-05  rel=6.579e-14
[06-30 21:28:29][INFO] jax_fem: CuDSSNewtonSolver: solve finished in 0.09s  res=1.597e-05
[06-30 21:28:29][DEBUG] jax_fem: CuDSSNewtonSolver: starting Newton loop
[06-30 21:28:29][DEBUG] jax_fem: DeviceProblem: computing Jacobian on device
[06-30 21:28:29][DEBUG] jax_fem: Function split_and_compute_cell took 0.0269 seconds
[06-30 21:28:29][DEBUG] jax_fem: CuDSSNewtonSolver: initial residual = 2.407e+08
[06-30 21:28:29][DEBUG] jax_fem: DeviceProblem: computing Jacobian on device
[06-30 21:28:29][DEBUG] jax_fem: Function split_and_compute_cell took 0.0275 seconds
[06-30 21:28:29][DEBUG] jax_fem: CuDSSNewtonSolver: iter=1  res=1.598e-05  rel=6.641e-14
[06-30 21:28:29][INFO] jax_fem: CuDSSNewtonSolver: solve finished in 0.09s  res=1.598e-05
[06-30 21:28:30][DEBUG] jax_fem: CuDSSNewtonSolver: starting Newton loop
[06-30 21:28:30][DEBUG] jax_fem: DeviceProblem: computing Jacobian on device
[06-30 21:28:30][DEBUG] jax_fem: Function split_and_compute_cell took 0.0261 seconds
[06-30 21:28:30][DEBUG] jax_fem: CuDSSNewtonSolver: initial residual = 2.401e+08
[06-30 21:28:30][DEBUG] jax_fem: DeviceProblem: computing Jacobian on device
[06-30 21:28:30][DEBUG] jax_fem: Function split_and_compute_cell took 0.0277 seconds
[06-30 21:28:30][DEBUG] jax_fem: CuDSSNewtonSolver: iter=1  res=1.803e-05  rel=7.510e-14
[06-30 21:28:30][INFO] jax_fem: CuDSSNewtonSolver: solve finished in 0.09s  res=1.803e-05
[06-30 21:28:31][DEBUG] jax_fem: CuDSSNewtonSolver: starting Newton loop
[06-30 21:28:31][DEBUG] jax_fem: DeviceProblem: computing Jacobian on device
[06-30 21:28:31][DEBUG] jax_fem: Function split_and_compute_cell took 0.0259 seconds
[06-30 21:28:31][DEBUG] jax_fem: CuDSSNewtonSolver: initial residual = 2.429e+08
[06-30 21:28:31][DEBUG] jax_fem: DeviceProblem: computing Jacobian on device
[06-30 21:28:31][DEBUG] jax_fem: Function split_and_compute_cell took 0.0263 seconds
[06-30 21:28:31][DEBUG] jax_fem: CuDSSNewtonSolver: iter=1  res=1.650e-05  rel=6.794e-14
[06-30 21:28:31][INFO] jax_fem: CuDSSNewtonSolver: solve finished in 0.09s  res=1.650e-05
[06-30 21:28:31][DEBUG] jax_fem: CuDSSNewtonSolver: starting Newton loop
[06-30 21:28:31][DEBUG] jax_fem: DeviceProblem: computing Jacobian on device
[06-30 21:28:31][DEBUG] jax_fem: Function split_and_compute_cell took 0.0266 seconds
[06-30 21:28:31][DEBUG] jax_fem: CuDSSNewtonSolver: initial residual = 2.414e+08
[06-30 21:28:31][DEBUG] jax_fem: DeviceProblem: computing Jacobian on device
[06-30 21:28:31][DEBUG] jax_fem: Function split_and_compute_cell took 0.0260 seconds
[06-30 21:28:31][DEBUG] jax_fem: CuDSSNewtonSolver: iter=1  res=1.206e-05  rel=4.995e-14
[06-30 21:28:31][INFO] jax_fem: CuDSSNewtonSolver: solve finished in 0.09s  res=1.206e-05
[06-30 21:28:31][INFO] jax_fem: CuDSS backward: solving adjoint problem …
[06-30 21:28:31][DEBUG] jax_fem: DeviceProblem: computing Jacobian on device
[06-30 21:28:31][DEBUG] jax_fem: Function split_and_compute_cell took 0.0256 seconds
[06-30 21:28:31][DEBUG] jax_fem: Computing cell residual...
[06-30 21:28:31][DEBUG] jax_fem: Function split_and_compute_cell took 0.0705 seconds
[06-30 21:28:32][INFO] jax_fem: CuDSS backward: solving adjoint problem …
[06-30 21:28:32][DEBUG] jax_fem: DeviceProblem: computing Jacobian on device
[06-30 21:28:32][DEBUG] jax_fem: Function split_and_compute_cell took 0.0415 seconds
[06-30 21:28:32][DEBUG] jax_fem: Computing cell residual...
[06-30 21:28:32][DEBUG] jax_fem: Function split_and_compute_cell took 0.0739 seconds
[06-30 21:28:32][INFO] jax_fem: CuDSS backward: solving adjoint problem …
[06-30 21:28:32][DEBUG] jax_fem: DeviceProblem: computing Jacobian on device
[06-30 21:28:32][DEBUG] jax_fem: Function split_and_compute_cell took 0.0503 seconds
[06-30 21:28:32][DEBUG] jax_fem: Computing cell residual...
[06-30 21:28:32][DEBUG] jax_fem: Function split_and_compute_cell took 0.0701 seconds
[06-30 21:28:33][INFO] jax_fem: CuDSS backward: solving adjoint problem …
[06-30 21:28:33][DEBUG] jax_fem: DeviceProblem: computing Jacobian on device
[06-30 21:28:33][DEBUG] jax_fem: Function split_and_compute_cell took 0.0484 seconds
[06-30 21:28:33][DEBUG] jax_fem: Computing cell residual...
[06-30 21:28:33][DEBUG] jax_fem: Function split_and_compute_cell took 0.0627 seconds
[06-30 21:28:33][INFO] jax_fem: CuDSS backward: solving adjoint problem …
[06-30 21:28:33][DEBUG] jax_fem: DeviceProblem: computing Jacobian on device
[06-30 21:28:33][DEBUG] jax_fem: Function split_and_compute_cell took 0.0361 seconds
[06-30 21:28:33][DEBUG] jax_fem: Computing cell residual...
[06-30 21:28:33][DEBUG] jax_fem: Function split_and_compute_cell took 0.0720 seconds
[06-30 21:28:35][DEBUG] jax_fem: CuDSSNewtonSolver: starting Newton loop
[06-30 21:28:35][DEBUG] jax_fem: DeviceProblem: computing Jacobian on device
[06-30 21:28:35][DEBUG] jax_fem: Function split_and_compute_cell took 0.0231 seconds
[06-30 21:28:35][DEBUG] jax_fem: CuDSSNewtonSolver: initial residual = 2.427e+08
[06-30 21:28:35][DEBUG] jax_fem: DeviceProblem: computing Jacobian on device
[06-30 21:28:35][DEBUG] jax_fem: Function split_and_compute_cell took 0.0382 seconds
[06-30 21:28:35][DEBUG] jax_fem: CuDSSNewtonSolver: iter=1  res=1.617e-05  rel=6.662e-14
[06-30 21:28:35][INFO] jax_fem: CuDSSNewtonSolver: solve finished in 0.10s  res=1.617e-05
[06-30 21:28:35][DEBUG] jax_fem: CuDSSNewtonSolver: starting Newton loop
[06-30 21:28:35][DEBUG] jax_fem: DeviceProblem: computing Jacobian on device
[06-30 21:28:35][DEBUG] jax_fem: Function split_and_compute_cell took 0.0262 seconds
[06-30 21:28:35][DEBUG] jax_fem: CuDSSNewtonSolver: initial residual = 2.407e+08
[06-30 21:28:35][DEBUG] jax_fem: DeviceProblem: computing Jacobian on device
[06-30 21:28:35][DEBUG] jax_fem: Function split_and_compute_cell took 0.0358 seconds
[06-30 21:28:35][DEBUG] jax_fem: CuDSSNewtonSolver: iter=1  res=1.614e-05  rel=6.708e-14
[06-30 21:28:35][INFO] jax_fem: CuDSSNewtonSolver: solve finished in 0.10s  res=1.614e-05
[06-30 21:28:35][DEBUG] jax_fem: CuDSSNewtonSolver: starting Newton loop
[06-30 21:28:35][DEBUG] jax_fem: DeviceProblem: computing Jacobian on device
[06-30 21:28:35][DEBUG] jax_fem: Function split_and_compute_cell took 0.0328 seconds
[06-30 21:28:35][DEBUG] jax_fem: CuDSSNewtonSolver: initial residual = 2.401e+08
[06-30 21:28:35][DEBUG] jax_fem: DeviceProblem: computing Jacobian on device
[06-30 21:28:35][DEBUG] jax_fem: Function split_and_compute_cell took 0.0302 seconds
[06-30 21:28:35][DEBUG] jax_fem: CuDSSNewtonSolver: iter=1  res=1.752e-05  rel=7.296e-14
[06-30 21:28:35][INFO] jax_fem: CuDSSNewtonSolver: solve finished in 0.10s  res=1.752e-05
[06-30 21:28:36][DEBUG] jax_fem: CuDSSNewtonSolver: starting Newton loop
[06-30 21:28:36][DEBUG] jax_fem: DeviceProblem: computing Jacobian on device
[06-30 21:28:36][DEBUG] jax_fem: Function split_and_compute_cell took 0.0352 seconds
[06-30 21:28:36][DEBUG] jax_fem: CuDSSNewtonSolver: initial residual = 2.429e+08
[06-30 21:28:36][DEBUG] jax_fem: DeviceProblem: computing Jacobian on device
[06-30 21:28:36][DEBUG] jax_fem: Function split_and_compute_cell took 0.0329 seconds
[06-30 21:28:36][DEBUG] jax_fem: CuDSSNewtonSolver: iter=1  res=1.573e-05  rel=6.478e-14
[06-30 21:28:36][INFO] jax_fem: CuDSSNewtonSolver: solve finished in 0.11s  res=1.573e-05
[06-30 21:28:36][DEBUG] jax_fem: CuDSSNewtonSolver: starting Newton loop
[06-30 21:28:36][DEBUG] jax_fem: DeviceProblem: computing Jacobian on device
[06-30 21:28:36][DEBUG] jax_fem: Function split_and_compute_cell took 0.0400 seconds
[06-30 21:28:36][DEBUG] jax_fem: CuDSSNewtonSolver: initial residual = 2.414e+08
[06-30 21:28:36][DEBUG] jax_fem: DeviceProblem: computing Jacobian on device
[06-30 21:28:36][DEBUG] jax_fem: Function split_and_compute_cell took 0.0469 seconds
[06-30 21:28:36][DEBUG] jax_fem: CuDSSNewtonSolver: iter=1  res=1.221e-05  rel=5.057e-14
[06-30 21:28:36][INFO] jax_fem: CuDSSNewtonSolver: solve finished in 0.13s  res=1.221e-05
[06-30 21:28:38][DEBUG] jax_fem: CuDSSNewtonSolver: starting Newton loop
[06-30 21:28:38][DEBUG] jax_fem: DeviceProblem: computing Jacobian on device
[06-30 21:28:38][DEBUG] jax_fem: Function split_and_compute_cell took 0.0267 seconds
[06-30 21:28:38][DEBUG] jax_fem: CuDSSNewtonSolver: initial residual = 2.427e+08
[06-30 21:28:38][DEBUG] jax_fem: DeviceProblem: computing Jacobian on device
[06-30 21:28:38][DEBUG] jax_fem: Function split_and_compute_cell took 0.0276 seconds
[06-30 21:28:38][DEBUG] jax_fem: CuDSSNewtonSolver: iter=1  res=1.609e-05  rel=6.628e-14
[06-30 21:28:38][INFO] jax_fem: CuDSSNewtonSolver: solve finished in 0.09s  res=1.609e-05
[06-30 21:28:38][DEBUG] jax_fem: CuDSSNewtonSolver: starting Newton loop
[06-30 21:28:38][DEBUG] jax_fem: DeviceProblem: computing Jacobian on device
[06-30 21:28:38][DEBUG] jax_fem: Function split_and_compute_cell took 0.0275 seconds
[06-30 21:28:38][DEBUG] jax_fem: CuDSSNewtonSolver: initial residual = 2.407e+08
[06-30 21:28:38][DEBUG] jax_fem: DeviceProblem: computing Jacobian on device
[06-30 21:28:38][DEBUG] jax_fem: Function split_and_compute_cell took 0.0277 seconds
[06-30 21:28:38][DEBUG] jax_fem: CuDSSNewtonSolver: iter=1  res=1.692e-05  rel=7.030e-14
[06-30 21:28:38][INFO] jax_fem: CuDSSNewtonSolver: solve finished in 0.09s  res=1.692e-05
[06-30 21:28:39][DEBUG] jax_fem: CuDSSNewtonSolver: starting Newton loop
[06-30 21:28:39][DEBUG] jax_fem: DeviceProblem: computing Jacobian on device
[06-30 21:28:39][DEBUG] jax_fem: Function split_and_compute_cell took 0.0275 seconds
[06-30 21:28:39][DEBUG] jax_fem: CuDSSNewtonSolver: initial residual = 2.401e+08
[06-30 21:28:39][DEBUG] jax_fem: DeviceProblem: computing Jacobian on device
[06-30 21:28:39][DEBUG] jax_fem: Function split_and_compute_cell took 0.0256 seconds
[06-30 21:28:39][DEBUG] jax_fem: CuDSSNewtonSolver: iter=1  res=1.790e-05  rel=7.457e-14
[06-30 21:28:39][INFO] jax_fem: CuDSSNewtonSolver: solve finished in 0.09s  res=1.790e-05
[06-30 21:28:40][DEBUG] jax_fem: CuDSSNewtonSolver: starting Newton loop
[06-30 21:28:40][DEBUG] jax_fem: DeviceProblem: computing Jacobian on device
[06-30 21:28:40][DEBUG] jax_fem: Function split_and_compute_cell took 0.0259 seconds
[06-30 21:28:40][DEBUG] jax_fem: CuDSSNewtonSolver: initial residual = 2.429e+08
[06-30 21:28:40][DEBUG] jax_fem: DeviceProblem: computing Jacobian on device
[06-30 21:28:40][DEBUG] jax_fem: Function split_and_compute_cell took 0.0265 seconds
[06-30 21:28:40][DEBUG] jax_fem: CuDSSNewtonSolver: iter=1  res=1.611e-05  rel=6.634e-14
[06-30 21:28:40][INFO] jax_fem: CuDSSNewtonSolver: solve finished in 0.09s  res=1.611e-05
[06-30 21:28:40][DEBUG] jax_fem: CuDSSNewtonSolver: starting Newton loop
[06-30 21:28:40][DEBUG] jax_fem: DeviceProblem: computing Jacobian on device
[06-30 21:28:40][DEBUG] jax_fem: Function split_and_compute_cell took 0.0268 seconds
[06-30 21:28:40][DEBUG] jax_fem: CuDSSNewtonSolver: initial residual = 2.414e+08
[06-30 21:28:40][DEBUG] jax_fem: DeviceProblem: computing Jacobian on device
[06-30 21:28:40][DEBUG] jax_fem: Function split_and_compute_cell took 0.0262 seconds
[06-30 21:28:40][DEBUG] jax_fem: CuDSSNewtonSolver: iter=1  res=1.146e-05  rel=4.748e-14
[06-30 21:28:40][INFO] jax_fem: CuDSSNewtonSolver: solve finished in 0.25s  res=1.146e-05
[06-30 21:28:41][INFO] jax_fem: CuDSS backward: solving adjoint problem …
[06-30 21:28:41][DEBUG] jax_fem: DeviceProblem: computing Jacobian on device
[06-30 21:28:41][DEBUG] jax_fem: Function split_and_compute_cell took 0.0446 seconds
[06-30 21:28:41][DEBUG] jax_fem: Computing cell residual...
[06-30 21:28:41][DEBUG] jax_fem: Function split_and_compute_cell took 0.0824 seconds
[06-30 21:28:41][INFO] jax_fem: CuDSS backward: solving adjoint problem …
[06-30 21:28:41][DEBUG] jax_fem: DeviceProblem: computing Jacobian on device
[06-30 21:28:41][DEBUG] jax_fem: Function split_and_compute_cell took 0.0266 seconds
[06-30 21:28:41][DEBUG] jax_fem: Computing cell residual...
[06-30 21:28:41][DEBUG] jax_fem: Function split_and_compute_cell took 0.0562 seconds
[06-30 21:28:41][INFO] jax_fem: CuDSS backward: solving adjoint problem …
[06-30 21:28:41][DEBUG] jax_fem: DeviceProblem: computing Jacobian on device
[06-30 21:28:41][DEBUG] jax_fem: Function split_and_compute_cell took 0.0246 seconds
[06-30 21:28:41][DEBUG] jax_fem: Computing cell residual...
[06-30 21:28:41][DEBUG] jax_fem: Function split_and_compute_cell took 0.0689 seconds
[06-30 21:28:42][INFO] jax_fem: CuDSS backward: solving adjoint problem …
[06-30 21:28:42][DEBUG] jax_fem: DeviceProblem: computing Jacobian on device
[06-30 21:28:42][DEBUG] jax_fem: Function split_and_compute_cell took 0.0279 seconds
[06-30 21:28:42][DEBUG] jax_fem: Computing cell residual...
[06-30 21:28:42][DEBUG] jax_fem: Function split_and_compute_cell took 0.0629 seconds
[06-30 21:28:42][INFO] jax_fem: CuDSS backward: solving adjoint problem …
[06-30 21:28:42][DEBUG] jax_fem: DeviceProblem: computing Jacobian on device
[06-30 21:28:42][DEBUG] jax_fem: Function split_and_compute_cell took 0.0408 seconds
[06-30 21:28:42][DEBUG] jax_fem: Computing cell residual...
[06-30 21:28:42][DEBUG] jax_fem: Function split_and_compute_cell took 0.0757 seconds
[06-30 21:28:44][DEBUG] jax_fem: CuDSSNewtonSolver: starting Newton loop
[06-30 21:28:44][DEBUG] jax_fem: DeviceProblem: computing Jacobian on device
[06-30 21:28:44][DEBUG] jax_fem: Function split_and_compute_cell took 0.0383 seconds
[06-30 21:28:44][DEBUG] jax_fem: CuDSSNewtonSolver: initial residual = 2.427e+08
[06-30 21:28:44][DEBUG] jax_fem: DeviceProblem: computing Jacobian on device
[06-30 21:28:44][DEBUG] jax_fem: Function split_and_compute_cell took 0.0450 seconds
[06-30 21:28:44][DEBUG] jax_fem: CuDSSNewtonSolver: iter=1  res=1.573e-05  rel=6.481e-14
[06-30 21:28:44][INFO] jax_fem: CuDSSNewtonSolver: solve finished in 0.13s  res=1.573e-05
[06-30 21:28:44][DEBUG] jax_fem: CuDSSNewtonSolver: starting Newton loop
[06-30 21:28:44][DEBUG] jax_fem: DeviceProblem: computing Jacobian on device
[06-30 21:28:44][DEBUG] jax_fem: Function split_and_compute_cell took 0.0484 seconds
[06-30 21:28:44][DEBUG] jax_fem: CuDSSNewtonSolver: initial residual = 2.407e+08
[06-30 21:28:44][DEBUG] jax_fem: DeviceProblem: computing Jacobian on device
[06-30 21:28:44][DEBUG] jax_fem: Function split_and_compute_cell took 0.0469 seconds
[06-30 21:28:44][DEBUG] jax_fem: CuDSSNewtonSolver: iter=1  res=1.595e-05  rel=6.628e-14
[06-30 21:28:44][INFO] jax_fem: CuDSSNewtonSolver: solve finished in 0.14s  res=1.595e-05
[06-30 21:28:45][DEBUG] jax_fem: CuDSSNewtonSolver: starting Newton loop
[06-30 21:28:45][DEBUG] jax_fem: DeviceProblem: computing Jacobian on device
[06-30 21:28:45][DEBUG] jax_fem: Function split_and_compute_cell took 0.0434 seconds
[06-30 21:28:45][DEBUG] jax_fem: CuDSSNewtonSolver: initial residual = 2.401e+08
[06-30 21:28:45][DEBUG] jax_fem: DeviceProblem: computing Jacobian on device
[06-30 21:28:45][DEBUG] jax_fem: Function split_and_compute_cell took 0.0481 seconds
[06-30 21:28:45][DEBUG] jax_fem: CuDSSNewtonSolver: iter=1  res=1.646e-05  rel=6.858e-14
[06-30 21:28:45][INFO] jax_fem: CuDSSNewtonSolver: solve finished in 0.13s  res=1.646e-05
[06-30 21:28:45][DEBUG] jax_fem: CuDSSNewtonSolver: starting Newton loop
[06-30 21:28:45][DEBUG] jax_fem: DeviceProblem: computing Jacobian on device
[06-30 21:28:45][DEBUG] jax_fem: Function split_and_compute_cell took 0.0258 seconds
[06-30 21:28:45][DEBUG] jax_fem: CuDSSNewtonSolver: initial residual = 2.429e+08
[06-30 21:28:45][DEBUG] jax_fem: DeviceProblem: computing Jacobian on device
[06-30 21:28:45][DEBUG] jax_fem: Function split_and_compute_cell took 0.0238 seconds
[06-30 21:28:45][DEBUG] jax_fem: CuDSSNewtonSolver: iter=1  res=1.636e-05  rel=6.735e-14
[06-30 21:28:45][INFO] jax_fem: CuDSSNewtonSolver: solve finished in 0.09s  res=1.636e-05
[06-30 21:28:45][DEBUG] jax_fem: CuDSSNewtonSolver: starting Newton loop
[06-30 21:28:45][DEBUG] jax_fem: DeviceProblem: computing Jacobian on device
[06-30 21:28:45][DEBUG] jax_fem: Function split_and_compute_cell took 0.0519 seconds
[06-30 21:28:45][DEBUG] jax_fem: CuDSSNewtonSolver: initial residual = 2.414e+08
[06-30 21:28:45][DEBUG] jax_fem: DeviceProblem: computing Jacobian on device
[06-30 21:28:45][DEBUG] jax_fem: Function split_and_compute_cell took 0.0458 seconds
[06-30 21:28:45][DEBUG] jax_fem: CuDSSNewtonSolver: iter=1  res=1.164e-05  rel=4.821e-14
[06-30 21:28:45][INFO] jax_fem: CuDSSNewtonSolver: solve finished in 0.14s  res=1.164e-05
[06-30 21:28:47][DEBUG] jax_fem: CuDSSNewtonSolver: starting Newton loop
[06-30 21:28:47][DEBUG] jax_fem: DeviceProblem: computing Jacobian on device
[06-30 21:28:47][DEBUG] jax_fem: Function split_and_compute_cell took 0.0259 seconds
[06-30 21:28:47][DEBUG] jax_fem: CuDSSNewtonSolver: initial residual = 2.427e+08
[06-30 21:28:47][DEBUG] jax_fem: DeviceProblem: computing Jacobian on device
[06-30 21:28:47][DEBUG] jax_fem: Function split_and_compute_cell took 0.0266 seconds
[06-30 21:28:47][DEBUG] jax_fem: CuDSSNewtonSolver: iter=1  res=1.525e-05  rel=6.284e-14
[06-30 21:28:47][INFO] jax_fem: CuDSSNewtonSolver: solve finished in 0.09s  res=1.525e-05
[06-30 21:28:48][DEBUG] jax_fem: CuDSSNewtonSolver: starting Newton loop
[06-30 21:28:48][DEBUG] jax_fem: DeviceProblem: computing Jacobian on device
[06-30 21:28:48][DEBUG] jax_fem: Function split_and_compute_cell took 0.0268 seconds
[06-30 21:28:48][DEBUG] jax_fem: CuDSSNewtonSolver: initial residual = 2.407e+08
[06-30 21:28:48][DEBUG] jax_fem: DeviceProblem: computing Jacobian on device
[06-30 21:28:48][DEBUG] jax_fem: Function split_and_compute_cell took 0.0261 seconds
[06-30 21:28:48][DEBUG] jax_fem: CuDSSNewtonSolver: iter=1  res=1.679e-05  rel=6.977e-14
[06-30 21:28:48][INFO] jax_fem: CuDSSNewtonSolver: solve finished in 0.09s  res=1.679e-05
[06-30 21:28:48][DEBUG] jax_fem: CuDSSNewtonSolver: starting Newton loop
[06-30 21:28:48][DEBUG] jax_fem: DeviceProblem: computing Jacobian on device
[06-30 21:28:48][DEBUG] jax_fem: Function split_and_compute_cell took 0.0298 seconds
[06-30 21:28:48][DEBUG] jax_fem: CuDSSNewtonSolver: initial residual = 2.401e+08
[06-30 21:28:48][DEBUG] jax_fem: DeviceProblem: computing Jacobian on device
[06-30 21:28:48][DEBUG] jax_fem: Function split_and_compute_cell took 0.0262 seconds
[06-30 21:28:48][DEBUG] jax_fem: CuDSSNewtonSolver: iter=1  res=1.714e-05  rel=7.140e-14
[06-30 21:28:48][INFO] jax_fem: CuDSSNewtonSolver: solve finished in 0.09s  res=1.714e-05
[06-30 21:28:49][DEBUG] jax_fem: CuDSSNewtonSolver: starting Newton loop
[06-30 21:28:49][DEBUG] jax_fem: DeviceProblem: computing Jacobian on device
[06-30 21:28:49][DEBUG] jax_fem: Function split_and_compute_cell took 0.0256 seconds
[06-30 21:28:49][DEBUG] jax_fem: CuDSSNewtonSolver: initial residual = 2.429e+08
[06-30 21:28:49][DEBUG] jax_fem: DeviceProblem: computing Jacobian on device
[06-30 21:28:49][DEBUG] jax_fem: Function split_and_compute_cell took 0.0263 seconds
[06-30 21:28:49][DEBUG] jax_fem: CuDSSNewtonSolver: iter=1  res=1.616e-05  rel=6.653e-14
[06-30 21:28:49][INFO] jax_fem: CuDSSNewtonSolver: solve finished in 0.09s  res=1.616e-05
[06-30 21:28:50][DEBUG] jax_fem: CuDSSNewtonSolver: starting Newton loop
[06-30 21:28:50][DEBUG] jax_fem: DeviceProblem: computing Jacobian on device
[06-30 21:28:50][DEBUG] jax_fem: Function split_and_compute_cell took 0.0272 seconds
[06-30 21:28:50][DEBUG] jax_fem: CuDSSNewtonSolver: initial residual = 2.414e+08
[06-30 21:28:50][DEBUG] jax_fem: DeviceProblem: computing Jacobian on device
[06-30 21:28:50][DEBUG] jax_fem: Function split_and_compute_cell took 0.0265 seconds
[06-30 21:28:50][DEBUG] jax_fem: CuDSSNewtonSolver: iter=1  res=1.236e-05  rel=5.118e-14
[06-30 21:28:50][INFO] jax_fem: CuDSSNewtonSolver: solve finished in 0.09s  res=1.236e-05
[06-30 21:28:50][INFO] jax_fem: CuDSS backward: solving adjoint problem …
[06-30 21:28:50][DEBUG] jax_fem: DeviceProblem: computing Jacobian on device
[06-30 21:28:50][DEBUG] jax_fem: Function split_and_compute_cell took 0.0302 seconds
[06-30 21:28:50][DEBUG] jax_fem: Computing cell residual...
[06-30 21:28:50][DEBUG] jax_fem: Function split_and_compute_cell took 0.0626 seconds
[06-30 21:28:50][INFO] jax_fem: CuDSS backward: solving adjoint problem …
[06-30 21:28:50][DEBUG] jax_fem: DeviceProblem: computing Jacobian on device
[06-30 21:28:50][DEBUG] jax_fem: Function split_and_compute_cell took 0.0266 seconds
[06-30 21:28:50][DEBUG] jax_fem: Computing cell residual...
[06-30 21:28:50][DEBUG] jax_fem: Function split_and_compute_cell took 0.0715 seconds
[06-30 21:28:50][INFO] jax_fem: CuDSS backward: solving adjoint problem …
[06-30 21:28:50][DEBUG] jax_fem: DeviceProblem: computing Jacobian on device
[06-30 21:28:50][DEBUG] jax_fem: Function split_and_compute_cell took 0.0390 seconds
[06-30 21:28:51][DEBUG] jax_fem: Computing cell residual...
[06-30 21:28:51][DEBUG] jax_fem: Function split_and_compute_cell took 0.0706 seconds
[06-30 21:28:51][INFO] jax_fem: CuDSS backward: solving adjoint problem …
[06-30 21:28:51][DEBUG] jax_fem: DeviceProblem: computing Jacobian on device
[06-30 21:28:51][DEBUG] jax_fem: Function split_and_compute_cell took 0.0459 seconds
[06-30 21:28:51][DEBUG] jax_fem: Computing cell residual...
[06-30 21:28:51][DEBUG] jax_fem: Function split_and_compute_cell took 0.0779 seconds
[06-30 21:28:51][INFO] jax_fem: CuDSS backward: solving adjoint problem …
[06-30 21:28:51][DEBUG] jax_fem: DeviceProblem: computing Jacobian on device
[06-30 21:28:51][DEBUG] jax_fem: Function split_and_compute_cell took 0.0536 seconds
[06-30 21:28:51][DEBUG] jax_fem: Computing cell residual...
[06-30 21:28:51][DEBUG] jax_fem: Function split_and_compute_cell took 0.0548 seconds
[06-30 21:28:53][DEBUG] jax_fem: CuDSSNewtonSolver: starting Newton loop
[06-30 21:28:53][DEBUG] jax_fem: DeviceProblem: computing Jacobian on device
[06-30 21:28:53][DEBUG] jax_fem: Function split_and_compute_cell took 0.0376 seconds
[06-30 21:28:53][DEBUG] jax_fem: CuDSSNewtonSolver: initial residual = 2.427e+08
[06-30 21:28:53][DEBUG] jax_fem: DeviceProblem: computing Jacobian on device
[06-30 21:28:53][DEBUG] jax_fem: Function split_and_compute_cell took 0.0321 seconds
[06-30 21:28:53][DEBUG] jax_fem: CuDSSNewtonSolver: iter=1  res=1.645e-05  rel=6.777e-14
[06-30 21:28:53][INFO] jax_fem: CuDSSNewtonSolver: solve finished in 0.11s  res=1.645e-05
[06-30 21:28:53][DEBUG] jax_fem: CuDSSNewtonSolver: starting Newton loop
[06-30 21:28:53][DEBUG] jax_fem: DeviceProblem: computing Jacobian on device
[06-30 21:28:53][DEBUG] jax_fem: Function split_and_compute_cell took 0.0421 seconds
[06-30 21:28:53][DEBUG] jax_fem: CuDSSNewtonSolver: initial residual = 2.407e+08
[06-30 21:28:53][DEBUG] jax_fem: DeviceProblem: computing Jacobian on device
[06-30 21:28:53][DEBUG] jax_fem: Function split_and_compute_cell took 0.0256 seconds
[06-30 21:28:53][DEBUG] jax_fem: CuDSSNewtonSolver: iter=1  res=1.609e-05  rel=6.687e-14
[06-30 21:28:53][INFO] jax_fem: CuDSSNewtonSolver: solve finished in 0.11s  res=1.609e-05
[06-30 21:28:54][DEBUG] jax_fem: CuDSSNewtonSolver: starting Newton loop
[06-30 21:28:54][DEBUG] jax_fem: DeviceProblem: computing Jacobian on device
[06-30 21:28:54][DEBUG] jax_fem: Function split_and_compute_cell took 0.0440 seconds
[06-30 21:28:54][DEBUG] jax_fem: CuDSSNewtonSolver: initial residual = 2.401e+08
[06-30 21:28:54][DEBUG] jax_fem: DeviceProblem: computing Jacobian on device
[06-30 21:28:54][DEBUG] jax_fem: Function split_and_compute_cell took 0.0316 seconds
[06-30 21:28:54][DEBUG] jax_fem: CuDSSNewtonSolver: iter=1  res=1.825e-05  rel=7.603e-14
[06-30 21:28:54][INFO] jax_fem: CuDSSNewtonSolver: solve finished in 0.12s  res=1.825e-05
[06-30 21:28:54][DEBUG] jax_fem: CuDSSNewtonSolver: starting Newton loop
[06-30 21:28:54][DEBUG] jax_fem: DeviceProblem: computing Jacobian on device
[06-30 21:28:54][DEBUG] jax_fem: Function split_and_compute_cell took 0.0554 seconds
[06-30 21:28:54][DEBUG] jax_fem: CuDSSNewtonSolver: initial residual = 2.429e+08
[06-30 21:28:54][DEBUG] jax_fem: DeviceProblem: computing Jacobian on device
[06-30 21:28:54][DEBUG] jax_fem: Function split_and_compute_cell took 0.0398 seconds
[06-30 21:28:54][DEBUG] jax_fem: CuDSSNewtonSolver: iter=1  res=1.697e-05  rel=6.989e-14
[06-30 21:28:54][INFO] jax_fem: CuDSSNewtonSolver: solve finished in 0.14s  res=1.697e-05
[06-30 21:28:54][DEBUG] jax_fem: CuDSSNewtonSolver: starting Newton loop
[06-30 21:28:55][DEBUG] jax_fem: DeviceProblem: computing Jacobian on device
[06-30 21:28:55][DEBUG] jax_fem: Function split_and_compute_cell took 0.0343 seconds
[06-30 21:28:55][DEBUG] jax_fem: CuDSSNewtonSolver: initial residual = 2.414e+08
[06-30 21:28:55][DEBUG] jax_fem: DeviceProblem: computing Jacobian on device
[06-30 21:28:55][DEBUG] jax_fem: Function split_and_compute_cell took 0.0253 seconds
[06-30 21:28:55][DEBUG] jax_fem: CuDSSNewtonSolver: iter=1  res=1.201e-05  rel=4.976e-14
[06-30 21:28:55][INFO] jax_fem: CuDSSNewtonSolver: solve finished in 0.10s  res=1.201e-05
[06-30 21:28:56][DEBUG] jax_fem: CuDSSNewtonSolver: starting Newton loop
[06-30 21:28:56][DEBUG] jax_fem: DeviceProblem: computing Jacobian on device
[06-30 21:28:56][DEBUG] jax_fem: Function split_and_compute_cell took 0.0254 seconds
[06-30 21:28:56][DEBUG] jax_fem: CuDSSNewtonSolver: initial residual = 2.427e+08
[06-30 21:28:56][DEBUG] jax_fem: DeviceProblem: computing Jacobian on device
[06-30 21:28:56][DEBUG] jax_fem: Function split_and_compute_cell took 0.0283 seconds
[06-30 21:28:56][DEBUG] jax_fem: CuDSSNewtonSolver: iter=1  res=1.634e-05  rel=6.732e-14
[06-30 21:28:56][INFO] jax_fem: CuDSSNewtonSolver: solve finished in 0.09s  res=1.634e-05
[06-30 21:28:57][DEBUG] jax_fem: CuDSSNewtonSolver: starting Newton loop
[06-30 21:28:57][DEBUG] jax_fem: DeviceProblem: computing Jacobian on device
[06-30 21:28:57][DEBUG] jax_fem: Function split_and_compute_cell took 0.0271 seconds
[06-30 21:28:57][DEBUG] jax_fem: CuDSSNewtonSolver: initial residual = 2.407e+08
[06-30 21:28:57][DEBUG] jax_fem: DeviceProblem: computing Jacobian on device
[06-30 21:28:57][DEBUG] jax_fem: Function split_and_compute_cell took 0.0270 seconds
[06-30 21:28:57][DEBUG] jax_fem: CuDSSNewtonSolver: iter=1  res=1.617e-05  rel=6.719e-14
[06-30 21:28:57][INFO] jax_fem: CuDSSNewtonSolver: solve finished in 0.09s  res=1.617e-05
[06-30 21:28:58][DEBUG] jax_fem: CuDSSNewtonSolver: starting Newton loop
[06-30 21:28:58][DEBUG] jax_fem: DeviceProblem: computing Jacobian on device
[06-30 21:28:58][DEBUG] jax_fem: Function split_and_compute_cell took 0.0277 seconds
[06-30 21:28:58][DEBUG] jax_fem: CuDSSNewtonSolver: initial residual = 2.401e+08
[06-30 21:28:58][DEBUG] jax_fem: DeviceProblem: computing Jacobian on device
[06-30 21:28:58][DEBUG] jax_fem: Function split_and_compute_cell took 0.0269 seconds
[06-30 21:28:58][DEBUG] jax_fem: CuDSSNewtonSolver: iter=1  res=1.842e-05  rel=7.675e-14
[06-30 21:28:58][INFO] jax_fem: CuDSSNewtonSolver: solve finished in 0.09s  res=1.842e-05
[06-30 21:28:58][DEBUG] jax_fem: CuDSSNewtonSolver: starting Newton loop
[06-30 21:28:58][DEBUG] jax_fem: DeviceProblem: computing Jacobian on device
[06-30 21:28:58][DEBUG] jax_fem: Function split_and_compute_cell took 0.0381 seconds
[06-30 21:28:58][DEBUG] jax_fem: CuDSSNewtonSolver: initial residual = 2.429e+08
[06-30 21:28:58][DEBUG] jax_fem: DeviceProblem: computing Jacobian on device
[06-30 21:28:58][DEBUG] jax_fem: Function split_and_compute_cell took 0.0347 seconds
[06-30 21:28:58][DEBUG] jax_fem: CuDSSNewtonSolver: iter=1  res=1.792e-05  rel=7.377e-14
[06-30 21:28:58][INFO] jax_fem: CuDSSNewtonSolver: solve finished in 0.11s  res=1.792e-05
[06-30 21:28:59][DEBUG] jax_fem: CuDSSNewtonSolver: starting Newton loop
[06-30 21:28:59][DEBUG] jax_fem: DeviceProblem: computing Jacobian on device
[06-30 21:28:59][DEBUG] jax_fem: Function split_and_compute_cell took 0.0270 seconds
[06-30 21:28:59][DEBUG] jax_fem: CuDSSNewtonSolver: initial residual = 2.414e+08
[06-30 21:28:59][DEBUG] jax_fem: DeviceProblem: computing Jacobian on device
[06-30 21:28:59][DEBUG] jax_fem: Function split_and_compute_cell took 0.0266 seconds
[06-30 21:28:59][DEBUG] jax_fem: CuDSSNewtonSolver: iter=1  res=1.134e-05  rel=4.695e-14
[06-30 21:28:59][INFO] jax_fem: CuDSSNewtonSolver: solve finished in 0.09s  res=1.134e-05
[06-30 21:28:59][INFO] jax_fem: CuDSS backward: solving adjoint problem …
[06-30 21:28:59][DEBUG] jax_fem: DeviceProblem: computing Jacobian on device
[06-30 21:28:59][DEBUG] jax_fem: Function split_and_compute_cell took 0.0299 seconds
[06-30 21:28:59][DEBUG] jax_fem: Computing cell residual...
[06-30 21:28:59][DEBUG] jax_fem: Function split_and_compute_cell took 0.0617 seconds
[06-30 21:28:59][INFO] jax_fem: CuDSS backward: solving adjoint problem …
[06-30 21:28:59][DEBUG] jax_fem: DeviceProblem: computing Jacobian on device
[06-30 21:28:59][DEBUG] jax_fem: Function split_and_compute_cell took 0.0294 seconds
[06-30 21:28:59][DEBUG] jax_fem: Computing cell residual...
[06-30 21:29:00][DEBUG] jax_fem: Function split_and_compute_cell took 0.0617 seconds
[06-30 21:29:00][INFO] jax_fem: CuDSS backward: solving adjoint problem …
[06-30 21:29:00][DEBUG] jax_fem: DeviceProblem: computing Jacobian on device
[06-30 21:29:00][DEBUG] jax_fem: Function split_and_compute_cell took 0.0256 seconds
[06-30 21:29:00][DEBUG] jax_fem: Computing cell residual...
[06-30 21:29:00][DEBUG] jax_fem: Function split_and_compute_cell took 0.0639 seconds
[06-30 21:29:00][INFO] jax_fem: CuDSS backward: solving adjoint problem …
[06-30 21:29:00][DEBUG] jax_fem: DeviceProblem: computing Jacobian on device
[06-30 21:29:00][DEBUG] jax_fem: Function split_and_compute_cell took 0.0492 seconds
[06-30 21:29:00][DEBUG] jax_fem: Computing cell residual...
[06-30 21:29:00][DEBUG] jax_fem: Function split_and_compute_cell took 0.0663 seconds
[06-30 21:29:01][INFO] jax_fem: CuDSS backward: solving adjoint problem …
[06-30 21:29:01][DEBUG] jax_fem: DeviceProblem: computing Jacobian on device
[06-30 21:29:01][DEBUG] jax_fem: Function split_and_compute_cell took 0.0467 seconds
[06-30 21:29:01][DEBUG] jax_fem: Computing cell residual...
[06-30 21:29:01][DEBUG] jax_fem: Function split_and_compute_cell took 0.0703 seconds
[06-30 21:29:02][DEBUG] jax_fem: CuDSSNewtonSolver: starting Newton loop
[06-30 21:29:02][DEBUG] jax_fem: DeviceProblem: computing Jacobian on device
[06-30 21:29:02][DEBUG] jax_fem: Function split_and_compute_cell took 0.0388 seconds
[06-30 21:29:02][DEBUG] jax_fem: CuDSSNewtonSolver: initial residual = 2.427e+08
[06-30 21:29:02][DEBUG] jax_fem: DeviceProblem: computing Jacobian on device
[06-30 21:29:03][DEBUG] jax_fem: Function split_and_compute_cell took 0.0475 seconds
[06-30 21:29:03][DEBUG] jax_fem: CuDSSNewtonSolver: iter=1  res=1.568e-05  rel=6.462e-14
[06-30 21:29:03][INFO] jax_fem: CuDSSNewtonSolver: solve finished in 0.13s  res=1.568e-05
[06-30 21:29:03][DEBUG] jax_fem: CuDSSNewtonSolver: starting Newton loop
[06-30 21:29:03][DEBUG] jax_fem: DeviceProblem: computing Jacobian on device
[06-30 21:29:03][DEBUG] jax_fem: Function split_and_compute_cell took 0.0275 seconds
[06-30 21:29:03][DEBUG] jax_fem: CuDSSNewtonSolver: initial residual = 2.407e+08
[06-30 21:29:03][DEBUG] jax_fem: DeviceProblem: computing Jacobian on device
[06-30 21:29:03][DEBUG] jax_fem: Function split_and_compute_cell took 0.0442 seconds
[06-30 21:29:03][DEBUG] jax_fem: CuDSSNewtonSolver: iter=1  res=1.590e-05  rel=6.608e-14
[06-30 21:29:03][INFO] jax_fem: CuDSSNewtonSolver: solve finished in 0.11s  res=1.590e-05
[06-30 21:29:03][DEBUG] jax_fem: CuDSSNewtonSolver: starting Newton loop
[06-30 21:29:03][DEBUG] jax_fem: DeviceProblem: computing Jacobian on device
[06-30 21:29:03][DEBUG] jax_fem: Function split_and_compute_cell took 0.0366 seconds
[06-30 21:29:03][DEBUG] jax_fem: CuDSSNewtonSolver: initial residual = 2.401e+08
[06-30 21:29:03][DEBUG] jax_fem: DeviceProblem: computing Jacobian on device
[06-30 21:29:03][DEBUG] jax_fem: Function split_and_compute_cell took 0.0323 seconds
[06-30 21:29:03][DEBUG] jax_fem: CuDSSNewtonSolver: iter=1  res=1.782e-05  rel=7.425e-14
[06-30 21:29:03][INFO] jax_fem: CuDSSNewtonSolver: solve finished in 0.11s  res=1.782e-05
[06-30 21:29:04][DEBUG] jax_fem: CuDSSNewtonSolver: starting Newton loop
[06-30 21:29:04][DEBUG] jax_fem: DeviceProblem: computing Jacobian on device
[06-30 21:29:04][DEBUG] jax_fem: Function split_and_compute_cell took 0.0362 seconds
[06-30 21:29:04][DEBUG] jax_fem: CuDSSNewtonSolver: initial residual = 2.429e+08
[06-30 21:29:04][DEBUG] jax_fem: DeviceProblem: computing Jacobian on device
[06-30 21:29:04][DEBUG] jax_fem: Function split_and_compute_cell took 0.0312 seconds
[06-30 21:29:04][DEBUG] jax_fem: CuDSSNewtonSolver: iter=1  res=1.573e-05  rel=6.476e-14
[06-30 21:29:04][INFO] jax_fem: CuDSSNewtonSolver: solve finished in 0.11s  res=1.573e-05
[06-30 21:29:04][DEBUG] jax_fem: CuDSSNewtonSolver: starting Newton loop
[06-30 21:29:04][DEBUG] jax_fem: DeviceProblem: computing Jacobian on device
[06-30 21:29:04][DEBUG] jax_fem: Function split_and_compute_cell took 0.0524 seconds
[06-30 21:29:04][DEBUG] jax_fem: CuDSSNewtonSolver: initial residual = 2.414e+08
[06-30 21:29:04][DEBUG] jax_fem: DeviceProblem: computing Jacobian on device
[06-30 21:29:04][DEBUG] jax_fem: Function split_and_compute_cell took 0.0531 seconds
[06-30 21:29:04][DEBUG] jax_fem: CuDSSNewtonSolver: iter=1  res=1.216e-05  rel=5.037e-14
[06-30 21:29:04][INFO] jax_fem: CuDSSNewtonSolver: solve finished in 0.15s  res=1.216e-05
[06-30 21:29:06][DEBUG] jax_fem: CuDSSNewtonSolver: starting Newton loop
[06-30 21:29:06][DEBUG] jax_fem: DeviceProblem: computing Jacobian on device
[06-30 21:29:06][DEBUG] jax_fem: Function split_and_compute_cell took 0.0271 seconds
[06-30 21:29:06][DEBUG] jax_fem: CuDSSNewtonSolver: initial residual = 2.427e+08
[06-30 21:29:06][DEBUG] jax_fem: DeviceProblem: computing Jacobian on device
[06-30 21:29:06][DEBUG] jax_fem: Function split_and_compute_cell took 0.0247 seconds
[06-30 21:29:06][DEBUG] jax_fem: CuDSSNewtonSolver: iter=1  res=1.622e-05  rel=6.683e-14
[06-30 21:29:06][INFO] jax_fem: CuDSSNewtonSolver: solve finished in 0.09s  res=1.622e-05
[06-30 21:29:06][DEBUG] jax_fem: CuDSSNewtonSolver: starting Newton loop
[06-30 21:29:06][DEBUG] jax_fem: DeviceProblem: computing Jacobian on device
[06-30 21:29:06][DEBUG] jax_fem: Function split_and_compute_cell took 0.0255 seconds
[06-30 21:29:06][DEBUG] jax_fem: CuDSSNewtonSolver: initial residual = 2.407e+08
[06-30 21:29:06][DEBUG] jax_fem: DeviceProblem: computing Jacobian on device
[06-30 21:29:06][DEBUG] jax_fem: Function split_and_compute_cell took 0.0265 seconds
[06-30 21:29:06][DEBUG] jax_fem: CuDSSNewtonSolver: iter=1  res=1.662e-05  rel=6.903e-14
[06-30 21:29:06][INFO] jax_fem: CuDSSNewtonSolver: solve finished in 0.09s  res=1.662e-05
[06-30 21:29:07][DEBUG] jax_fem: CuDSSNewtonSolver: starting Newton loop
[06-30 21:29:07][DEBUG] jax_fem: DeviceProblem: computing Jacobian on device
[06-30 21:29:07][DEBUG] jax_fem: Function split_and_compute_cell took 0.0246 seconds
[06-30 21:29:07][DEBUG] jax_fem: CuDSSNewtonSolver: initial residual = 2.401e+08
[06-30 21:29:07][DEBUG] jax_fem: DeviceProblem: computing Jacobian on device
[06-30 21:29:07][DEBUG] jax_fem: Function split_and_compute_cell took 0.0271 seconds
[06-30 21:29:07][DEBUG] jax_fem: CuDSSNewtonSolver: iter=1  res=1.707e-05  rel=7.109e-14
[06-30 21:29:07][INFO] jax_fem: CuDSSNewtonSolver: solve finished in 0.09s  res=1.707e-05
[06-30 21:29:08][DEBUG] jax_fem: CuDSSNewtonSolver: starting Newton loop
[06-30 21:29:08][DEBUG] jax_fem: DeviceProblem: computing Jacobian on device
[06-30 21:29:08][DEBUG] jax_fem: Function split_and_compute_cell took 0.0264 seconds
[06-30 21:29:08][DEBUG] jax_fem: CuDSSNewtonSolver: initial residual = 2.429e+08
[06-30 21:29:08][DEBUG] jax_fem: DeviceProblem: computing Jacobian on device
[06-30 21:29:08][DEBUG] jax_fem: Function split_and_compute_cell took 0.0268 seconds
[06-30 21:29:08][DEBUG] jax_fem: CuDSSNewtonSolver: iter=1  res=1.534e-05  rel=6.315e-14
[06-30 21:29:08][INFO] jax_fem: CuDSSNewtonSolver: solve finished in 0.09s  res=1.534e-05
[06-30 21:29:08][DEBUG] jax_fem: CuDSSNewtonSolver: starting Newton loop
[06-30 21:29:08][DEBUG] jax_fem: DeviceProblem: computing Jacobian on device
[06-30 21:29:08][DEBUG] jax_fem: Function split_and_compute_cell took 0.0281 seconds
[06-30 21:29:08][DEBUG] jax_fem: CuDSSNewtonSolver: initial residual = 2.414e+08
[06-30 21:29:08][DEBUG] jax_fem: DeviceProblem: computing Jacobian on device
[06-30 21:29:08][DEBUG] jax_fem: Function split_and_compute_cell took 0.0271 seconds
[06-30 21:29:08][DEBUG] jax_fem: CuDSSNewtonSolver: iter=1  res=1.192e-05  rel=4.938e-14
[06-30 21:29:08][INFO] jax_fem: CuDSSNewtonSolver: solve finished in 0.09s  res=1.192e-05
[06-30 21:29:08][INFO] jax_fem: CuDSS backward: solving adjoint problem …
[06-30 21:29:08][DEBUG] jax_fem: DeviceProblem: computing Jacobian on device
[06-30 21:29:08][DEBUG] jax_fem: Function split_and_compute_cell took 0.0240 seconds
[06-30 21:29:08][DEBUG] jax_fem: Computing cell residual...
[06-30 21:29:09][DEBUG] jax_fem: Function split_and_compute_cell took 0.0676 seconds
[06-30 21:29:09][INFO] jax_fem: CuDSS backward: solving adjoint problem …
[06-30 21:29:09][DEBUG] jax_fem: DeviceProblem: computing Jacobian on device
[06-30 21:29:09][DEBUG] jax_fem: Function split_and_compute_cell took 0.0421 seconds
[06-30 21:29:09][DEBUG] jax_fem: Computing cell residual...
[06-30 21:29:09][DEBUG] jax_fem: Function split_and_compute_cell took 0.0717 seconds
[06-30 21:29:09][INFO] jax_fem: CuDSS backward: solving adjoint problem …
[06-30 21:29:09][DEBUG] jax_fem: DeviceProblem: computing Jacobian on device
[06-30 21:29:09][DEBUG] jax_fem: Function split_and_compute_cell took 0.0326 seconds
[06-30 21:29:09][DEBUG] jax_fem: Computing cell residual...
[06-30 21:29:09][DEBUG] jax_fem: Function split_and_compute_cell took 0.0719 seconds
[06-30 21:29:10][INFO] jax_fem: CuDSS backward: solving adjoint problem …
[06-30 21:29:10][DEBUG] jax_fem: DeviceProblem: computing Jacobian on device
[06-30 21:29:10][DEBUG] jax_fem: Function split_and_compute_cell took 0.0429 seconds
[06-30 21:29:10][DEBUG] jax_fem: Computing cell residual...
[06-30 21:29:10][DEBUG] jax_fem: Function split_and_compute_cell took 0.0694 seconds
[06-30 21:29:10][INFO] jax_fem: CuDSS backward: solving adjoint problem …
[06-30 21:29:10][DEBUG] jax_fem: DeviceProblem: computing Jacobian on device
[06-30 21:29:10][DEBUG] jax_fem: Function split_and_compute_cell took 0.0563 seconds
[06-30 21:29:10][DEBUG] jax_fem: Computing cell residual...
[06-30 21:29:10][DEBUG] jax_fem: Function split_and_compute_cell took 0.0654 seconds
[06-30 21:29:12][DEBUG] jax_fem: CuDSSNewtonSolver: starting Newton loop
[06-30 21:29:12][DEBUG] jax_fem: DeviceProblem: computing Jacobian on device
[06-30 21:29:12][DEBUG] jax_fem: Function split_and_compute_cell took 0.0270 seconds
[06-30 21:29:12][DEBUG] jax_fem: CuDSSNewtonSolver: initial residual = 2.427e+08
[06-30 21:29:12][DEBUG] jax_fem: DeviceProblem: computing Jacobian on device
[06-30 21:29:12][DEBUG] jax_fem: Function split_and_compute_cell took 0.0251 seconds
[06-30 21:29:12][DEBUG] jax_fem: CuDSSNewtonSolver: iter=1  res=1.598e-05  rel=6.586e-14
[06-30 21:29:12][INFO] jax_fem: CuDSSNewtonSolver: solve finished in 0.09s  res=1.598e-05
[06-30 21:29:12][DEBUG] jax_fem: CuDSSNewtonSolver: starting Newton loop
[06-30 21:29:12][DEBUG] jax_fem: DeviceProblem: computing Jacobian on device
[06-30 21:29:12][DEBUG] jax_fem: Function split_and_compute_cell took 0.0378 seconds
[06-30 21:29:12][DEBUG] jax_fem: CuDSSNewtonSolver: initial residual = 2.407e+08
[06-30 21:29:12][DEBUG] jax_fem: DeviceProblem: computing Jacobian on device
[06-30 21:29:12][DEBUG] jax_fem: Function split_and_compute_cell took 0.0271 seconds
[06-30 21:29:12][DEBUG] jax_fem: CuDSSNewtonSolver: iter=1  res=1.672e-05  rel=6.946e-14
[06-30 21:29:12][INFO] jax_fem: CuDSSNewtonSolver: solve finished in 0.11s  res=1.672e-05
[06-30 21:29:12][DEBUG] jax_fem: CuDSSNewtonSolver: starting Newton loop
[06-30 21:29:12][DEBUG] jax_fem: DeviceProblem: computing Jacobian on device
[06-30 21:29:12][DEBUG] jax_fem: Function split_and_compute_cell took 0.0432 seconds
[06-30 21:29:12][DEBUG] jax_fem: CuDSSNewtonSolver: initial residual = 2.401e+08
[06-30 21:29:12][DEBUG] jax_fem: DeviceProblem: computing Jacobian on device
[06-30 21:29:13][DEBUG] jax_fem: Function split_and_compute_cell took 0.0383 seconds
[06-30 21:29:13][DEBUG] jax_fem: CuDSSNewtonSolver: iter=1  res=1.756e-05  rel=7.315e-14
[06-30 21:29:13][INFO] jax_fem: CuDSSNewtonSolver: solve finished in 0.12s  res=1.756e-05
[06-30 21:29:13][DEBUG] jax_fem: CuDSSNewtonSolver: starting Newton loop
[06-30 21:29:13][DEBUG] jax_fem: DeviceProblem: computing Jacobian on device
[06-30 21:29:13][DEBUG] jax_fem: Function split_and_compute_cell took 0.0504 seconds
[06-30 21:29:13][DEBUG] jax_fem: CuDSSNewtonSolver: initial residual = 2.429e+08
[06-30 21:29:13][DEBUG] jax_fem: DeviceProblem: computing Jacobian on device
[06-30 21:29:13][DEBUG] jax_fem: Function split_and_compute_cell took 0.0466 seconds
[06-30 21:29:13][DEBUG] jax_fem: CuDSSNewtonSolver: iter=1  res=1.703e-05  rel=7.011e-14
[06-30 21:29:13][INFO] jax_fem: CuDSSNewtonSolver: solve finished in 0.14s  res=1.703e-05
[06-30 21:29:13][DEBUG] jax_fem: CuDSSNewtonSolver: starting Newton loop
[06-30 21:29:13][DEBUG] jax_fem: DeviceProblem: computing Jacobian on device
[06-30 21:29:13][DEBUG] jax_fem: Function split_and_compute_cell took 0.0286 seconds
[06-30 21:29:13][DEBUG] jax_fem: CuDSSNewtonSolver: initial residual = 2.414e+08
[06-30 21:29:13][DEBUG] jax_fem: DeviceProblem: computing Jacobian on device
[06-30 21:29:13][DEBUG] jax_fem: Function split_and_compute_cell took 0.0328 seconds
[06-30 21:29:13][DEBUG] jax_fem: CuDSSNewtonSolver: iter=1  res=1.181e-05  rel=4.890e-14
[06-30 21:29:13][INFO] jax_fem: CuDSSNewtonSolver: solve finished in 0.10s  res=1.181e-05
[06-30 21:29:15][DEBUG] jax_fem: CuDSSNewtonSolver: starting Newton loop
[06-30 21:29:15][DEBUG] jax_fem: DeviceProblem: computing Jacobian on device
[06-30 21:29:15][DEBUG] jax_fem: Function split_and_compute_cell took 0.0261 seconds
[06-30 21:29:15][DEBUG] jax_fem: CuDSSNewtonSolver: initial residual = 2.427e+08
[06-30 21:29:15][DEBUG] jax_fem: DeviceProblem: computing Jacobian on device
[06-30 21:29:15][DEBUG] jax_fem: Function split_and_compute_cell took 0.0265 seconds
[06-30 21:29:15][DEBUG] jax_fem: CuDSSNewtonSolver: iter=1  res=1.548e-05  rel=6.376e-14
[06-30 21:29:15][INFO] jax_fem: CuDSSNewtonSolver: solve finished in 0.09s  res=1.548e-05
[06-30 21:29:15][DEBUG] jax_fem: CuDSSNewtonSolver: starting Newton loop
[06-30 21:29:16][DEBUG] jax_fem: DeviceProblem: computing Jacobian on device
[06-30 21:29:16][DEBUG] jax_fem: Function split_and_compute_cell took 0.0263 seconds
[06-30 21:29:16][DEBUG] jax_fem: CuDSSNewtonSolver: initial residual = 2.407e+08
[06-30 21:29:16][DEBUG] jax_fem: DeviceProblem: computing Jacobian on device
[06-30 21:29:16][DEBUG] jax_fem: Function split_and_compute_cell took 0.0269 seconds
[06-30 21:29:16][DEBUG] jax_fem: CuDSSNewtonSolver: iter=1  res=1.610e-05  rel=6.689e-14
[06-30 21:29:16][INFO] jax_fem: CuDSSNewtonSolver: solve finished in 0.09s  res=1.610e-05
[06-30 21:29:16][DEBUG] jax_fem: CuDSSNewtonSolver: starting Newton loop
[06-30 21:29:16][DEBUG] jax_fem: DeviceProblem: computing Jacobian on device
[06-30 21:29:16][DEBUG] jax_fem: Function split_and_compute_cell took 0.0265 seconds
[06-30 21:29:16][DEBUG] jax_fem: CuDSSNewtonSolver: initial residual = 2.401e+08
[06-30 21:29:16][DEBUG] jax_fem: DeviceProblem: computing Jacobian on device
[06-30 21:29:16][DEBUG] jax_fem: Function split_and_compute_cell took 0.0258 seconds
[06-30 21:29:16][DEBUG] jax_fem: CuDSSNewtonSolver: iter=1  res=1.772e-05  rel=7.383e-14
[06-30 21:29:16][INFO] jax_fem: CuDSSNewtonSolver: solve finished in 0.09s  res=1.772e-05
[06-30 21:29:17][DEBUG] jax_fem: CuDSSNewtonSolver: starting Newton loop
[06-30 21:29:17][DEBUG] jax_fem: DeviceProblem: computing Jacobian on device
[06-30 21:29:17][DEBUG] jax_fem: Function split_and_compute_cell took 0.0268 seconds
[06-30 21:29:17][DEBUG] jax_fem: CuDSSNewtonSolver: initial residual = 2.429e+08
[06-30 21:29:17][DEBUG] jax_fem: DeviceProblem: computing Jacobian on device
[06-30 21:29:17][DEBUG] jax_fem: Function split_and_compute_cell took 0.0259 seconds
[06-30 21:29:17][DEBUG] jax_fem: CuDSSNewtonSolver: iter=1  res=1.690e-05  rel=6.959e-14
[06-30 21:29:17][INFO] jax_fem: CuDSSNewtonSolver: solve finished in 0.09s  res=1.690e-05
[06-30 21:29:17][DEBUG] jax_fem: CuDSSNewtonSolver: starting Newton loop
[06-30 21:29:17][DEBUG] jax_fem: DeviceProblem: computing Jacobian on device
[06-30 21:29:17][DEBUG] jax_fem: Function split_and_compute_cell took 0.0273 seconds
[06-30 21:29:17][DEBUG] jax_fem: CuDSSNewtonSolver: initial residual = 2.414e+08
[06-30 21:29:17][DEBUG] jax_fem: DeviceProblem: computing Jacobian on device
[06-30 21:29:17][DEBUG] jax_fem: Function split_and_compute_cell took 0.0247 seconds
[06-30 21:29:17][DEBUG] jax_fem: CuDSSNewtonSolver: iter=1  res=1.201e-05  rel=4.976e-14
[06-30 21:29:17][INFO] jax_fem: CuDSSNewtonSolver: solve finished in 0.09s  res=1.201e-05
[06-30 21:29:17][INFO] jax_fem: CuDSS backward: solving adjoint problem …
[06-30 21:29:17][DEBUG] jax_fem: DeviceProblem: computing Jacobian on device
[06-30 21:29:18][DEBUG] jax_fem: Function split_and_compute_cell took 0.0248 seconds
[06-30 21:29:18][DEBUG] jax_fem: Computing cell residual...
[06-30 21:29:18][DEBUG] jax_fem: Function split_and_compute_cell took 0.0653 seconds
[06-30 21:29:18][INFO] jax_fem: CuDSS backward: solving adjoint problem …
[06-30 21:29:18][DEBUG] jax_fem: DeviceProblem: computing Jacobian on device
[06-30 21:29:18][DEBUG] jax_fem: Function split_and_compute_cell took 0.0563 seconds
[06-30 21:29:18][DEBUG] jax_fem: Computing cell residual...
[06-30 21:29:18][DEBUG] jax_fem: Function split_and_compute_cell took 0.0679 seconds
[06-30 21:29:18][INFO] jax_fem: CuDSS backward: solving adjoint problem …
[06-30 21:29:18][DEBUG] jax_fem: DeviceProblem: computing Jacobian on device
[06-30 21:29:18][DEBUG] jax_fem: Function split_and_compute_cell took 0.0272 seconds
[06-30 21:29:19][DEBUG] jax_fem: Computing cell residual...
[06-30 21:29:19][DEBUG] jax_fem: Function split_and_compute_cell took 0.0664 seconds
[06-30 21:29:19][INFO] jax_fem: CuDSS backward: solving adjoint problem …
[06-30 21:29:19][DEBUG] jax_fem: DeviceProblem: computing Jacobian on device
[06-30 21:29:19][DEBUG] jax_fem: Function split_and_compute_cell took 0.0289 seconds
[06-30 21:29:19][DEBUG] jax_fem: Computing cell residual...
[06-30 21:29:19][DEBUG] jax_fem: Function split_and_compute_cell took 0.0614 seconds
[06-30 21:29:19][INFO] jax_fem: CuDSS backward: solving adjoint problem …
[06-30 21:29:19][DEBUG] jax_fem: DeviceProblem: computing Jacobian on device
[06-30 21:29:19][DEBUG] jax_fem: Function split_and_compute_cell took 0.0263 seconds
[06-30 21:29:19][DEBUG] jax_fem: Computing cell residual...
[06-30 21:29:19][DEBUG] jax_fem: Function split_and_compute_cell took 0.0594 seconds
[06-30 21:29:21][DEBUG] jax_fem: CuDSSNewtonSolver: starting Newton loop
[06-30 21:29:21][DEBUG] jax_fem: DeviceProblem: computing Jacobian on device
[06-30 21:29:21][DEBUG] jax_fem: Function split_and_compute_cell took 0.0316 seconds
[06-30 21:29:21][DEBUG] jax_fem: CuDSSNewtonSolver: initial residual = 2.427e+08
[06-30 21:29:21][DEBUG] jax_fem: DeviceProblem: computing Jacobian on device
[06-30 21:29:21][DEBUG] jax_fem: Function split_and_compute_cell took 0.0386 seconds
[06-30 21:29:21][DEBUG] jax_fem: CuDSSNewtonSolver: iter=1  res=1.687e-05  rel=6.951e-14
[06-30 21:29:21][INFO] jax_fem: CuDSSNewtonSolver: solve finished in 0.11s  res=1.687e-05
[06-30 21:29:21][DEBUG] jax_fem: CuDSSNewtonSolver: starting Newton loop
[06-30 21:29:21][DEBUG] jax_fem: DeviceProblem: computing Jacobian on device
[06-30 21:29:21][DEBUG] jax_fem: Function split_and_compute_cell took 0.0360 seconds
[06-30 21:29:21][DEBUG] jax_fem: CuDSSNewtonSolver: initial residual = 2.407e+08
[06-30 21:29:21][DEBUG] jax_fem: DeviceProblem: computing Jacobian on device
[06-30 21:29:21][DEBUG] jax_fem: Function split_and_compute_cell took 0.0427 seconds
[06-30 21:29:21][DEBUG] jax_fem: CuDSSNewtonSolver: iter=1  res=1.614e-05  rel=6.706e-14
[06-30 21:29:21][INFO] jax_fem: CuDSSNewtonSolver: solve finished in 0.12s  res=1.614e-05
[06-30 21:29:22][DEBUG] jax_fem: CuDSSNewtonSolver: starting Newton loop
[06-30 21:29:22][DEBUG] jax_fem: DeviceProblem: computing Jacobian on device
[06-30 21:29:22][DEBUG] jax_fem: Function split_and_compute_cell took 0.0375 seconds
[06-30 21:29:22][DEBUG] jax_fem: CuDSSNewtonSolver: initial residual = 2.401e+08
[06-30 21:29:22][DEBUG] jax_fem: DeviceProblem: computing Jacobian on device
[06-30 21:29:22][DEBUG] jax_fem: Function split_and_compute_cell took 0.0466 seconds
[06-30 21:29:22][DEBUG] jax_fem: CuDSSNewtonSolver: iter=1  res=1.733e-05  rel=7.217e-14
[06-30 21:29:22][INFO] jax_fem: CuDSSNewtonSolver: solve finished in 0.13s  res=1.733e-05
[06-30 21:29:22][DEBUG] jax_fem: CuDSSNewtonSolver: starting Newton loop
[06-30 21:29:22][DEBUG] jax_fem: DeviceProblem: computing Jacobian on device
[06-30 21:29:22][DEBUG] jax_fem: Function split_and_compute_cell took 0.0453 seconds
[06-30 21:29:22][DEBUG] jax_fem: CuDSSNewtonSolver: initial residual = 2.429e+08
[06-30 21:29:22][DEBUG] jax_fem: DeviceProblem: computing Jacobian on device
[06-30 21:29:22][DEBUG] jax_fem: Function split_and_compute_cell took 0.0272 seconds
[06-30 21:29:22][DEBUG] jax_fem: CuDSSNewtonSolver: iter=1  res=1.574e-05  rel=6.479e-14
[06-30 21:29:22][INFO] jax_fem: CuDSSNewtonSolver: solve finished in 0.12s  res=1.574e-05
[06-30 21:29:22][DEBUG] jax_fem: CuDSSNewtonSolver: starting Newton loop
[06-30 21:29:22][DEBUG] jax_fem: DeviceProblem: computing Jacobian on device
[06-30 21:29:22][DEBUG] jax_fem: Function split_and_compute_cell took 0.0460 seconds
[06-30 21:29:22][DEBUG] jax_fem: CuDSSNewtonSolver: initial residual = 2.414e+08
[06-30 21:29:22][DEBUG] jax_fem: DeviceProblem: computing Jacobian on device
[06-30 21:29:22][DEBUG] jax_fem: Function split_and_compute_cell took 0.0360 seconds
[06-30 21:29:22][DEBUG] jax_fem: CuDSSNewtonSolver: iter=1  res=1.217e-05  rel=5.041e-14
[06-30 21:29:22][INFO] jax_fem: CuDSSNewtonSolver: solve finished in 0.13s  res=1.217e-05
[06-30 21:29:24][DEBUG] jax_fem: CuDSSNewtonSolver: starting Newton loop
[06-30 21:29:24][DEBUG] jax_fem: DeviceProblem: computing Jacobian on device
[06-30 21:29:24][DEBUG] jax_fem: Function split_and_compute_cell took 0.0268 seconds
[06-30 21:29:24][DEBUG] jax_fem: CuDSSNewtonSolver: initial residual = 2.427e+08
[06-30 21:29:24][DEBUG] jax_fem: DeviceProblem: computing Jacobian on device
[06-30 21:29:24][DEBUG] jax_fem: Function split_and_compute_cell took 0.0276 seconds
[06-30 21:29:24][DEBUG] jax_fem: CuDSSNewtonSolver: iter=1  res=1.625e-05  rel=6.695e-14
[06-30 21:29:24][INFO] jax_fem: CuDSSNewtonSolver: solve finished in 0.09s  res=1.625e-05
[06-30 21:29:25][DEBUG] jax_fem: CuDSSNewtonSolver: starting Newton loop
[06-30 21:29:25][DEBUG] jax_fem: DeviceProblem: computing Jacobian on device
[06-30 21:29:25][DEBUG] jax_fem: Function split_and_compute_cell took 0.0269 seconds
[06-30 21:29:25][DEBUG] jax_fem: CuDSSNewtonSolver: initial residual = 2.407e+08
[06-30 21:29:25][DEBUG] jax_fem: DeviceProblem: computing Jacobian on device
[06-30 21:29:25][DEBUG] jax_fem: Function split_and_compute_cell took 0.0297 seconds
[06-30 21:29:25][DEBUG] jax_fem: CuDSSNewtonSolver: iter=1  res=1.660e-05  rel=6.898e-14
[06-30 21:29:25][INFO] jax_fem: CuDSSNewtonSolver: solve finished in 0.09s  res=1.660e-05
[06-30 21:29:25][DEBUG] jax_fem: CuDSSNewtonSolver: starting Newton loop
[06-30 21:29:25][DEBUG] jax_fem: DeviceProblem: computing Jacobian on device
[06-30 21:29:25][DEBUG] jax_fem: Function split_and_compute_cell took 0.0263 seconds
[06-30 21:29:25][DEBUG] jax_fem: CuDSSNewtonSolver: initial residual = 2.401e+08
[06-30 21:29:25][DEBUG] jax_fem: DeviceProblem: computing Jacobian on device
[06-30 21:29:25][DEBUG] jax_fem: Function split_and_compute_cell took 0.0265 seconds
[06-30 21:29:25][DEBUG] jax_fem: CuDSSNewtonSolver: iter=1  res=1.766e-05  rel=7.358e-14
[06-30 21:29:25][INFO] jax_fem: CuDSSNewtonSolver: solve finished in 0.09s  res=1.766e-05
[06-30 21:29:26][DEBUG] jax_fem: CuDSSNewtonSolver: starting Newton loop
[06-30 21:29:26][DEBUG] jax_fem: DeviceProblem: computing Jacobian on device
[06-30 21:29:26][DEBUG] jax_fem: Function split_and_compute_cell took 0.0261 seconds
[06-30 21:29:26][DEBUG] jax_fem: CuDSSNewtonSolver: initial residual = 2.429e+08
[06-30 21:29:26][DEBUG] jax_fem: DeviceProblem: computing Jacobian on device
[06-30 21:29:26][DEBUG] jax_fem: Function split_and_compute_cell took 0.0253 seconds
[06-30 21:29:26][DEBUG] jax_fem: CuDSSNewtonSolver: iter=1  res=1.618e-05  rel=6.662e-14
[06-30 21:29:26][INFO] jax_fem: CuDSSNewtonSolver: solve finished in 0.09s  res=1.618e-05
[06-30 21:29:26][DEBUG] jax_fem: CuDSSNewtonSolver: starting Newton loop
[06-30 21:29:27][DEBUG] jax_fem: DeviceProblem: computing Jacobian on device
[06-30 21:29:27][DEBUG] jax_fem: Function split_and_compute_cell took 0.0263 seconds
[06-30 21:29:27][DEBUG] jax_fem: CuDSSNewtonSolver: initial residual = 2.414e+08
[06-30 21:29:27][DEBUG] jax_fem: DeviceProblem: computing Jacobian on device
[06-30 21:29:27][DEBUG] jax_fem: Function split_and_compute_cell took 0.0254 seconds
[06-30 21:29:27][DEBUG] jax_fem: CuDSSNewtonSolver: iter=1  res=1.253e-05  rel=5.191e-14
[06-30 21:29:27][INFO] jax_fem: CuDSSNewtonSolver: solve finished in 0.09s  res=1.253e-05
[06-30 21:29:27][INFO] jax_fem: CuDSS backward: solving adjoint problem …
[06-30 21:29:27][DEBUG] jax_fem: DeviceProblem: computing Jacobian on device
[06-30 21:29:27][DEBUG] jax_fem: Function split_and_compute_cell took 0.0308 seconds
[06-30 21:29:27][DEBUG] jax_fem: Computing cell residual...
[06-30 21:29:27][DEBUG] jax_fem: Function split_and_compute_cell took 0.0736 seconds
[06-30 21:29:27][INFO] jax_fem: CuDSS backward: solving adjoint problem …
[06-30 21:29:27][DEBUG] jax_fem: DeviceProblem: computing Jacobian on device
[06-30 21:29:27][DEBUG] jax_fem: Function split_and_compute_cell took 0.0363 seconds
[06-30 21:29:27][DEBUG] jax_fem: Computing cell residual...
[06-30 21:29:27][DEBUG] jax_fem: Function split_and_compute_cell took 0.0599 seconds
[06-30 21:29:27][INFO] jax_fem: CuDSS backward: solving adjoint problem …
[06-30 21:29:27][DEBUG] jax_fem: DeviceProblem: computing Jacobian on device
[06-30 21:29:27][DEBUG] jax_fem: Function split_and_compute_cell took 0.0234 seconds
[06-30 21:29:28][DEBUG] jax_fem: Computing cell residual...
[06-30 21:29:28][DEBUG] jax_fem: Function split_and_compute_cell took 0.0693 seconds
[06-30 21:29:28][INFO] jax_fem: CuDSS backward: solving adjoint problem …
[06-30 21:29:28][DEBUG] jax_fem: DeviceProblem: computing Jacobian on device
[06-30 21:29:28][DEBUG] jax_fem: Function split_and_compute_cell took 0.0365 seconds
[06-30 21:29:28][DEBUG] jax_fem: Computing cell residual...
[06-30 21:29:28][DEBUG] jax_fem: Function split_and_compute_cell took 0.0734 seconds
[06-30 21:29:28][INFO] jax_fem: CuDSS backward: solving adjoint problem …
[06-30 21:29:28][DEBUG] jax_fem: DeviceProblem: computing Jacobian on device
[06-30 21:29:28][DEBUG] jax_fem: Function split_and_compute_cell took 0.0283 seconds
[06-30 21:29:28][DEBUG] jax_fem: Computing cell residual...
[06-30 21:29:28][DEBUG] jax_fem: Function split_and_compute_cell took 0.0682 seconds
[06-30 21:29:30][DEBUG] jax_fem: CuDSSNewtonSolver: starting Newton loop
[06-30 21:29:30][DEBUG] jax_fem: DeviceProblem: computing Jacobian on device
[06-30 21:29:30][DEBUG] jax_fem: Function split_and_compute_cell took 0.0428 seconds
[06-30 21:29:30][DEBUG] jax_fem: CuDSSNewtonSolver: initial residual = 2.427e+08
[06-30 21:29:30][DEBUG] jax_fem: DeviceProblem: computing Jacobian on device
[06-30 21:29:30][DEBUG] jax_fem: Function split_and_compute_cell took 0.0361 seconds
[06-30 21:29:30][DEBUG] jax_fem: CuDSSNewtonSolver: iter=1  res=1.569e-05  rel=6.463e-14
[06-30 21:29:30][INFO] jax_fem: CuDSSNewtonSolver: solve finished in 0.12s  res=1.569e-05
[06-30 21:29:30][DEBUG] jax_fem: CuDSSNewtonSolver: starting Newton loop
[06-30 21:29:30][DEBUG] jax_fem: DeviceProblem: computing Jacobian on device
[06-30 21:29:30][DEBUG] jax_fem: Function split_and_compute_cell took 0.0411 seconds
[06-30 21:29:30][DEBUG] jax_fem: CuDSSNewtonSolver: initial residual = 2.407e+08
[06-30 21:29:30][DEBUG] jax_fem: DeviceProblem: computing Jacobian on device
[06-30 21:29:30][DEBUG] jax_fem: Function split_and_compute_cell took 0.0414 seconds
[06-30 21:29:30][DEBUG] jax_fem: CuDSSNewtonSolver: iter=1  res=1.631e-05  rel=6.775e-14
[06-30 21:29:30][INFO] jax_fem: CuDSSNewtonSolver: solve finished in 0.13s  res=1.631e-05
[06-30 21:29:31][DEBUG] jax_fem: CuDSSNewtonSolver: starting Newton loop
[06-30 21:29:31][DEBUG] jax_fem: DeviceProblem: computing Jacobian on device
[06-30 21:29:31][DEBUG] jax_fem: Function split_and_compute_cell took 0.0324 seconds
[06-30 21:29:31][DEBUG] jax_fem: CuDSSNewtonSolver: initial residual = 2.401e+08
[06-30 21:29:31][DEBUG] jax_fem: DeviceProblem: computing Jacobian on device
[06-30 21:29:31][DEBUG] jax_fem: Function split_and_compute_cell took 0.0315 seconds
[06-30 21:29:31][DEBUG] jax_fem: CuDSSNewtonSolver: iter=1  res=1.724e-05  rel=7.183e-14
[06-30 21:29:31][INFO] jax_fem: CuDSSNewtonSolver: solve finished in 0.11s  res=1.724e-05
[06-30 21:29:31][DEBUG] jax_fem: CuDSSNewtonSolver: starting Newton loop
[06-30 21:29:31][DEBUG] jax_fem: DeviceProblem: computing Jacobian on device
[06-30 21:29:31][DEBUG] jax_fem: Function split_and_compute_cell took 0.0229 seconds
[06-30 21:29:31][DEBUG] jax_fem: CuDSSNewtonSolver: initial residual = 2.429e+08
[06-30 21:29:31][DEBUG] jax_fem: DeviceProblem: computing Jacobian on device
[06-30 21:29:31][DEBUG] jax_fem: Function split_and_compute_cell took 0.0261 seconds
[06-30 21:29:31][DEBUG] jax_fem: CuDSSNewtonSolver: iter=1  res=1.640e-05  rel=6.752e-14
[06-30 21:29:31][INFO] jax_fem: CuDSSNewtonSolver: solve finished in 0.09s  res=1.640e-05
[06-30 21:29:31][DEBUG] jax_fem: CuDSSNewtonSolver: starting Newton loop
[06-30 21:29:31][DEBUG] jax_fem: DeviceProblem: computing Jacobian on device
[06-30 21:29:31][DEBUG] jax_fem: Function split_and_compute_cell took 0.0276 seconds
[06-30 21:29:31][DEBUG] jax_fem: CuDSSNewtonSolver: initial residual = 2.414e+08
[06-30 21:29:31][DEBUG] jax_fem: DeviceProblem: computing Jacobian on device
[06-30 21:29:31][DEBUG] jax_fem: Function split_and_compute_cell took 0.0246 seconds
[06-30 21:29:31][DEBUG] jax_fem: CuDSSNewtonSolver: iter=1  res=1.165e-05  rel=4.825e-14
[06-30 21:29:31][INFO] jax_fem: CuDSSNewtonSolver: solve finished in 0.09s  res=1.165e-05
[06-30 21:29:33][DEBUG] jax_fem: CuDSSNewtonSolver: starting Newton loop
[06-30 21:29:33][DEBUG] jax_fem: DeviceProblem: computing Jacobian on device
[06-30 21:29:33][DEBUG] jax_fem: Function split_and_compute_cell took 0.0258 seconds
[06-30 21:29:33][DEBUG] jax_fem: CuDSSNewtonSolver: initial residual = 2.427e+08
[06-30 21:29:33][DEBUG] jax_fem: DeviceProblem: computing Jacobian on device
[06-30 21:29:33][DEBUG] jax_fem: Function split_and_compute_cell took 0.0272 seconds
[06-30 21:29:33][DEBUG] jax_fem: CuDSSNewtonSolver: iter=1  res=1.595e-05  rel=6.573e-14
[06-30 21:29:33][INFO] jax_fem: CuDSSNewtonSolver: solve finished in 0.09s  res=1.595e-05
[06-30 21:29:34][DEBUG] jax_fem: CuDSSNewtonSolver: starting Newton loop
[06-30 21:29:34][DEBUG] jax_fem: DeviceProblem: computing Jacobian on device
[06-30 21:29:34][DEBUG] jax_fem: Function split_and_compute_cell took 0.0272 seconds
[06-30 21:29:34][DEBUG] jax_fem: CuDSSNewtonSolver: initial residual = 2.407e+08
[06-30 21:29:34][DEBUG] jax_fem: DeviceProblem: computing Jacobian on device
[06-30 21:29:34][DEBUG] jax_fem: Function split_and_compute_cell took 0.0270 seconds
[06-30 21:29:34][DEBUG] jax_fem: CuDSSNewtonSolver: iter=1  res=1.629e-05  rel=6.768e-14
[06-30 21:29:34][INFO] jax_fem: CuDSSNewtonSolver: solve finished in 0.09s  res=1.629e-05
[06-30 21:29:34][DEBUG] jax_fem: CuDSSNewtonSolver: starting Newton loop
[06-30 21:29:34][DEBUG] jax_fem: DeviceProblem: computing Jacobian on device
[06-30 21:29:34][DEBUG] jax_fem: Function split_and_compute_cell took 0.0276 seconds
[06-30 21:29:34][DEBUG] jax_fem: CuDSSNewtonSolver: initial residual = 2.401e+08
[06-30 21:29:34][DEBUG] jax_fem: DeviceProblem: computing Jacobian on device
[06-30 21:29:34][DEBUG] jax_fem: Function split_and_compute_cell took 0.0269 seconds
[06-30 21:29:34][DEBUG] jax_fem: CuDSSNewtonSolver: iter=1  res=1.718e-05  rel=7.157e-14
[06-30 21:29:34][INFO] jax_fem: CuDSSNewtonSolver: solve finished in 0.09s  res=1.718e-05
[06-30 21:29:35][DEBUG] jax_fem: CuDSSNewtonSolver: starting Newton loop
[06-30 21:29:35][DEBUG] jax_fem: DeviceProblem: computing Jacobian on device
[06-30 21:29:35][DEBUG] jax_fem: Function split_and_compute_cell took 0.0270 seconds
[06-30 21:29:35][DEBUG] jax_fem: CuDSSNewtonSolver: initial residual = 2.429e+08
[06-30 21:29:35][DEBUG] jax_fem: DeviceProblem: computing Jacobian on device
[06-30 21:29:35][DEBUG] jax_fem: Function split_and_compute_cell took 0.0269 seconds
[06-30 21:29:35][DEBUG] jax_fem: CuDSSNewtonSolver: iter=1  res=1.611e-05  rel=6.635e-14
[06-30 21:29:35][INFO] jax_fem: CuDSSNewtonSolver: solve finished in 0.09s  res=1.611e-05
[06-30 21:29:36][DEBUG] jax_fem: CuDSSNewtonSolver: starting Newton loop
[06-30 21:29:36][DEBUG] jax_fem: DeviceProblem: computing Jacobian on device
[06-30 21:29:36][DEBUG] jax_fem: Function split_and_compute_cell took 0.0259 seconds
[06-30 21:29:36][DEBUG] jax_fem: CuDSSNewtonSolver: initial residual = 2.414e+08
[06-30 21:29:36][DEBUG] jax_fem: DeviceProblem: computing Jacobian on device
[06-30 21:29:36][DEBUG] jax_fem: Function split_and_compute_cell took 0.0268 seconds
[06-30 21:29:36][DEBUG] jax_fem: CuDSSNewtonSolver: iter=1  res=1.190e-05  rel=4.928e-14
[06-30 21:29:36][INFO] jax_fem: CuDSSNewtonSolver: solve finished in 0.09s  res=1.190e-05
[06-30 21:29:36][INFO] jax_fem: CuDSS backward: solving adjoint problem …
[06-30 21:29:36][DEBUG] jax_fem: DeviceProblem: computing Jacobian on device
[06-30 21:29:36][DEBUG] jax_fem: Function split_and_compute_cell took 0.0259 seconds
[06-30 21:29:36][DEBUG] jax_fem: Computing cell residual...
[06-30 21:29:36][DEBUG] jax_fem: Function split_and_compute_cell took 0.0659 seconds
[06-30 21:29:36][INFO] jax_fem: CuDSS backward: solving adjoint problem …
[06-30 21:29:36][DEBUG] jax_fem: DeviceProblem: computing Jacobian on device
[06-30 21:29:36][DEBUG] jax_fem: Function split_and_compute_cell took 0.0318 seconds
[06-30 21:29:36][DEBUG] jax_fem: Computing cell residual...
[06-30 21:29:36][DEBUG] jax_fem: Function split_and_compute_cell took 0.0756 seconds
[06-30 21:29:37][INFO] jax_fem: CuDSS backward: solving adjoint problem …
[06-30 21:29:37][DEBUG] jax_fem: DeviceProblem: computing Jacobian on device
[06-30 21:29:37][DEBUG] jax_fem: Function split_and_compute_cell took 0.0292 seconds
[06-30 21:29:37][DEBUG] jax_fem: Computing cell residual...
[06-30 21:29:37][DEBUG] jax_fem: Function split_and_compute_cell took 0.0626 seconds
[06-30 21:29:37][INFO] jax_fem: CuDSS backward: solving adjoint problem …
[06-30 21:29:37][DEBUG] jax_fem: DeviceProblem: computing Jacobian on device
[06-30 21:29:37][DEBUG] jax_fem: Function split_and_compute_cell took 0.0324 seconds
[06-30 21:29:37][DEBUG] jax_fem: Computing cell residual...
[06-30 21:29:37][DEBUG] jax_fem: Function split_and_compute_cell took 0.0669 seconds
[06-30 21:29:37][INFO] jax_fem: CuDSS backward: solving adjoint problem …
[06-30 21:29:37][DEBUG] jax_fem: DeviceProblem: computing Jacobian on device
[06-30 21:29:37][DEBUG] jax_fem: Function split_and_compute_cell took 0.0331 seconds
[06-30 21:29:37][DEBUG] jax_fem: Computing cell residual...
[06-30 21:29:37][DEBUG] jax_fem: Function split_and_compute_cell took 0.0644 seconds
[06-30 21:29:39][DEBUG] jax_fem: CuDSSNewtonSolver: starting Newton loop
[06-30 21:29:39][DEBUG] jax_fem: DeviceProblem: computing Jacobian on device
[06-30 21:29:39][DEBUG] jax_fem: Function split_and_compute_cell took 0.0276 seconds
[06-30 21:29:39][DEBUG] jax_fem: CuDSSNewtonSolver: initial residual = 2.427e+08
[06-30 21:29:39][DEBUG] jax_fem: DeviceProblem: computing Jacobian on device
[06-30 21:29:39][DEBUG] jax_fem: Function split_and_compute_cell took 0.0401 seconds
[06-30 21:29:39][DEBUG] jax_fem: CuDSSNewtonSolver: iter=1  res=1.707e-05  rel=7.032e-14
[06-30 21:29:39][INFO] jax_fem: CuDSSNewtonSolver: solve finished in 0.11s  res=1.707e-05
[06-30 21:29:39][DEBUG] jax_fem: CuDSSNewtonSolver: starting Newton loop
[06-30 21:29:39][DEBUG] jax_fem: DeviceProblem: computing Jacobian on device
[06-30 21:29:39][DEBUG] jax_fem: Function split_and_compute_cell took 0.0224 seconds
[06-30 21:29:39][DEBUG] jax_fem: CuDSSNewtonSolver: initial residual = 2.407e+08
[06-30 21:29:39][DEBUG] jax_fem: DeviceProblem: computing Jacobian on device
[06-30 21:29:39][DEBUG] jax_fem: Function split_and_compute_cell took 0.0276 seconds
[06-30 21:29:39][DEBUG] jax_fem: CuDSSNewtonSolver: iter=1  res=1.761e-05  rel=7.316e-14
[06-30 21:29:39][INFO] jax_fem: CuDSSNewtonSolver: solve finished in 0.09s  res=1.761e-05
[06-30 21:29:40][DEBUG] jax_fem: CuDSSNewtonSolver: starting Newton loop
[06-30 21:29:40][DEBUG] jax_fem: DeviceProblem: computing Jacobian on device
[06-30 21:29:40][DEBUG] jax_fem: Function split_and_compute_cell took 0.0457 seconds
[06-30 21:29:40][DEBUG] jax_fem: CuDSSNewtonSolver: initial residual = 2.401e+08
[06-30 21:29:40][DEBUG] jax_fem: DeviceProblem: computing Jacobian on device
[06-30 21:29:40][DEBUG] jax_fem: Function split_and_compute_cell took 0.0298 seconds
[06-30 21:29:40][DEBUG] jax_fem: CuDSSNewtonSolver: iter=1  res=1.782e-05  rel=7.425e-14
[06-30 21:29:40][INFO] jax_fem: CuDSSNewtonSolver: solve finished in 0.11s  res=1.782e-05
[06-30 21:29:40][DEBUG] jax_fem: CuDSSNewtonSolver: starting Newton loop
[06-30 21:29:40][DEBUG] jax_fem: DeviceProblem: computing Jacobian on device
[06-30 21:29:40][DEBUG] jax_fem: Function split_and_compute_cell took 0.0345 seconds
[06-30 21:29:40][DEBUG] jax_fem: CuDSSNewtonSolver: initial residual = 2.429e+08
[06-30 21:29:40][DEBUG] jax_fem: DeviceProblem: computing Jacobian on device
[06-30 21:29:40][DEBUG] jax_fem: Function split_and_compute_cell took 0.0373 seconds
[06-30 21:29:40][DEBUG] jax_fem: CuDSSNewtonSolver: iter=1  res=1.570e-05  rel=6.466e-14
[06-30 21:29:40][INFO] jax_fem: CuDSSNewtonSolver: solve finished in 0.12s  res=1.570e-05
[06-30 21:29:40][DEBUG] jax_fem: CuDSSNewtonSolver: starting Newton loop
[06-30 21:29:40][DEBUG] jax_fem: DeviceProblem: computing Jacobian on device
[06-30 21:29:40][DEBUG] jax_fem: Function split_and_compute_cell took 0.0403 seconds
[06-30 21:29:40][DEBUG] jax_fem: CuDSSNewtonSolver: initial residual = 2.414e+08
[06-30 21:29:40][DEBUG] jax_fem: DeviceProblem: computing Jacobian on device
[06-30 21:29:41][DEBUG] jax_fem: Function split_and_compute_cell took 0.0417 seconds
[06-30 21:29:41][DEBUG] jax_fem: CuDSSNewtonSolver: iter=1  res=1.164e-05  rel=4.821e-14
[06-30 21:29:41][INFO] jax_fem: CuDSSNewtonSolver: solve finished in 0.12s  res=1.164e-05
[06-30 21:29:42][DEBUG] jax_fem: CuDSSNewtonSolver: starting Newton loop
[06-30 21:29:42][DEBUG] jax_fem: DeviceProblem: computing Jacobian on device
[06-30 21:29:42][DEBUG] jax_fem: Function split_and_compute_cell took 0.0269 seconds
[06-30 21:29:42][DEBUG] jax_fem: CuDSSNewtonSolver: initial residual = 2.427e+08
[06-30 21:29:42][DEBUG] jax_fem: DeviceProblem: computing Jacobian on device
[06-30 21:29:42][DEBUG] jax_fem: Function split_and_compute_cell took 0.0261 seconds
[06-30 21:29:42][DEBUG] jax_fem: CuDSSNewtonSolver: iter=1  res=1.580e-05  rel=6.510e-14
[06-30 21:29:42][INFO] jax_fem: CuDSSNewtonSolver: solve finished in 0.09s  res=1.580e-05
[06-30 21:29:43][DEBUG] jax_fem: CuDSSNewtonSolver: starting Newton loop
[06-30 21:29:43][DEBUG] jax_fem: DeviceProblem: computing Jacobian on device
[06-30 21:29:43][DEBUG] jax_fem: Function split_and_compute_cell took 0.0245 seconds
[06-30 21:29:43][DEBUG] jax_fem: CuDSSNewtonSolver: initial residual = 2.407e+08
[06-30 21:29:43][DEBUG] jax_fem: DeviceProblem: computing Jacobian on device
[06-30 21:29:43][DEBUG] jax_fem: Function split_and_compute_cell took 0.0263 seconds
[06-30 21:29:43][DEBUG] jax_fem: CuDSSNewtonSolver: iter=1  res=1.645e-05  rel=6.834e-14
[06-30 21:29:43][INFO] jax_fem: CuDSSNewtonSolver: solve finished in 0.09s  res=1.645e-05
[06-30 21:29:43][DEBUG] jax_fem: CuDSSNewtonSolver: starting Newton loop
[06-30 21:29:43][DEBUG] jax_fem: DeviceProblem: computing Jacobian on device
[06-30 21:29:43][DEBUG] jax_fem: Function split_and_compute_cell took 0.0262 seconds
[06-30 21:29:43][DEBUG] jax_fem: CuDSSNewtonSolver: initial residual = 2.401e+08
[06-30 21:29:43][DEBUG] jax_fem: DeviceProblem: computing Jacobian on device
[06-30 21:29:43][DEBUG] jax_fem: Function split_and_compute_cell took 0.0278 seconds
[06-30 21:29:43][DEBUG] jax_fem: CuDSSNewtonSolver: iter=1  res=1.753e-05  rel=7.301e-14
[06-30 21:29:43][INFO] jax_fem: CuDSSNewtonSolver: solve finished in 0.09s  res=1.753e-05
[06-30 21:29:44][DEBUG] jax_fem: CuDSSNewtonSolver: starting Newton loop
[06-30 21:29:44][DEBUG] jax_fem: DeviceProblem: computing Jacobian on device
[06-30 21:29:44][DEBUG] jax_fem: Function split_and_compute_cell took 0.0274 seconds
[06-30 21:29:44][DEBUG] jax_fem: CuDSSNewtonSolver: initial residual = 2.429e+08
[06-30 21:29:44][DEBUG] jax_fem: DeviceProblem: computing Jacobian on device
[06-30 21:29:44][DEBUG] jax_fem: Function split_and_compute_cell took 0.0253 seconds
[06-30 21:29:44][DEBUG] jax_fem: CuDSSNewtonSolver: iter=1  res=1.541e-05  rel=6.347e-14
[06-30 21:29:44][INFO] jax_fem: CuDSSNewtonSolver: solve finished in 0.09s  res=1.541e-05
[06-30 21:29:45][DEBUG] jax_fem: CuDSSNewtonSolver: starting Newton loop
[06-30 21:29:45][DEBUG] jax_fem: DeviceProblem: computing Jacobian on device
[06-30 21:29:45][DEBUG] jax_fem: Function split_and_compute_cell took 0.0255 seconds
[06-30 21:29:45][DEBUG] jax_fem: CuDSSNewtonSolver: initial residual = 2.414e+08
[06-30 21:29:45][DEBUG] jax_fem: DeviceProblem: computing Jacobian on device
[06-30 21:29:45][DEBUG] jax_fem: Function split_and_compute_cell took 0.0260 seconds
[06-30 21:29:45][DEBUG] jax_fem: CuDSSNewtonSolver: iter=1  res=1.195e-05  rel=4.949e-14
[06-30 21:29:45][INFO] jax_fem: CuDSSNewtonSolver: solve finished in 0.09s  res=1.195e-05
[06-30 21:29:45][INFO] jax_fem: CuDSS backward: solving adjoint problem …
[06-30 21:29:45][DEBUG] jax_fem: DeviceProblem: computing Jacobian on device
[06-30 21:29:45][DEBUG] jax_fem: Function split_and_compute_cell took 0.0336 seconds
[06-30 21:29:45][DEBUG] jax_fem: Computing cell residual...
[06-30 21:29:45][DEBUG] jax_fem: Function split_and_compute_cell took 0.0590 seconds
[06-30 21:29:45][INFO] jax_fem: CuDSS backward: solving adjoint problem …
[06-30 21:29:45][DEBUG] jax_fem: DeviceProblem: computing Jacobian on device
[06-30 21:29:45][DEBUG] jax_fem: Function split_and_compute_cell took 0.0376 seconds
[06-30 21:29:45][DEBUG] jax_fem: Computing cell residual...
[06-30 21:29:45][DEBUG] jax_fem: Function split_and_compute_cell took 0.0606 seconds
[06-30 21:29:46][INFO] jax_fem: CuDSS backward: solving adjoint problem …
[06-30 21:29:46][DEBUG] jax_fem: DeviceProblem: computing Jacobian on device
[06-30 21:29:46][DEBUG] jax_fem: Function split_and_compute_cell took 0.0286 seconds
[06-30 21:29:46][DEBUG] jax_fem: Computing cell residual...
[06-30 21:29:46][DEBUG] jax_fem: Function split_and_compute_cell took 0.0545 seconds
[06-30 21:29:46][INFO] jax_fem: CuDSS backward: solving adjoint problem …
[06-30 21:29:46][DEBUG] jax_fem: DeviceProblem: computing Jacobian on device
[06-30 21:29:46][DEBUG] jax_fem: Function split_and_compute_cell took 0.0552 seconds
[06-30 21:29:46][DEBUG] jax_fem: Computing cell residual...
[06-30 21:29:46][DEBUG] jax_fem: Function split_and_compute_cell took 0.0663 seconds
[06-30 21:29:46][INFO] jax_fem: CuDSS backward: solving adjoint problem …
[06-30 21:29:46][DEBUG] jax_fem: DeviceProblem: computing Jacobian on device
[06-30 21:29:47][DEBUG] jax_fem: Function split_and_compute_cell took 0.0296 seconds
[06-30 21:29:47][DEBUG] jax_fem: Computing cell residual...
[06-30 21:29:47][DEBUG] jax_fem: Function split_and_compute_cell took 0.0613 seconds
[06-30 21:29:48][DEBUG] jax_fem: CuDSSNewtonSolver: starting Newton loop
[06-30 21:29:48][DEBUG] jax_fem: DeviceProblem: computing Jacobian on device
[06-30 21:29:48][DEBUG] jax_fem: Function split_and_compute_cell took 0.0243 seconds
[06-30 21:29:48][DEBUG] jax_fem: CuDSSNewtonSolver: initial residual = 2.427e+08
[06-30 21:29:48][DEBUG] jax_fem: DeviceProblem: computing Jacobian on device
[06-30 21:29:48][DEBUG] jax_fem: Function split_and_compute_cell took 0.0440 seconds
[06-30 21:29:48][DEBUG] jax_fem: CuDSSNewtonSolver: iter=1  res=1.668e-05  rel=6.872e-14
[06-30 21:29:48][INFO] jax_fem: CuDSSNewtonSolver: solve finished in 0.11s  res=1.668e-05
[06-30 21:29:48][DEBUG] jax_fem: CuDSSNewtonSolver: starting Newton loop
[06-30 21:29:48][DEBUG] jax_fem: DeviceProblem: computing Jacobian on device
[06-30 21:29:48][DEBUG] jax_fem: Function split_and_compute_cell took 0.0529 seconds
[06-30 21:29:48][DEBUG] jax_fem: CuDSSNewtonSolver: initial residual = 2.407e+08
[06-30 21:29:48][DEBUG] jax_fem: DeviceProblem: computing Jacobian on device
[06-30 21:29:48][DEBUG] jax_fem: Function split_and_compute_cell took 0.0250 seconds
[06-30 21:29:48][DEBUG] jax_fem: CuDSSNewtonSolver: iter=1  res=1.692e-05  rel=7.030e-14
[06-30 21:29:48][INFO] jax_fem: CuDSSNewtonSolver: solve finished in 0.12s  res=1.692e-05
[06-30 21:29:49][DEBUG] jax_fem: CuDSSNewtonSolver: starting Newton loop
[06-30 21:29:49][DEBUG] jax_fem: DeviceProblem: computing Jacobian on device
[06-30 21:29:49][DEBUG] jax_fem: Function split_and_compute_cell took 0.0297 seconds
[06-30 21:29:49][DEBUG] jax_fem: CuDSSNewtonSolver: initial residual = 2.401e+08
[06-30 21:29:49][DEBUG] jax_fem: DeviceProblem: computing Jacobian on device
[06-30 21:29:49][DEBUG] jax_fem: Function split_and_compute_cell took 0.0315 seconds
[06-30 21:29:49][DEBUG] jax_fem: CuDSSNewtonSolver: iter=1  res=1.703e-05  rel=7.092e-14
[06-30 21:29:49][INFO] jax_fem: CuDSSNewtonSolver: solve finished in 0.10s  res=1.703e-05
[06-30 21:29:49][DEBUG] jax_fem: CuDSSNewtonSolver: starting Newton loop
[06-30 21:29:49][DEBUG] jax_fem: DeviceProblem: computing Jacobian on device
[06-30 21:29:49][DEBUG] jax_fem: Function split_and_compute_cell took 0.0400 seconds
[06-30 21:29:49][DEBUG] jax_fem: CuDSSNewtonSolver: initial residual = 2.429e+08
[06-30 21:29:49][DEBUG] jax_fem: DeviceProblem: computing Jacobian on device
[06-30 21:29:49][DEBUG] jax_fem: Function split_and_compute_cell took 0.0449 seconds
[06-30 21:29:49][DEBUG] jax_fem: CuDSSNewtonSolver: iter=1  res=1.636e-05  rel=6.737e-14
[06-30 21:29:49][INFO] jax_fem: CuDSSNewtonSolver: solve finished in 0.12s  res=1.636e-05
[06-30 21:29:49][DEBUG] jax_fem: CuDSSNewtonSolver: starting Newton loop
[06-30 21:29:49][DEBUG] jax_fem: DeviceProblem: computing Jacobian on device
[06-30 21:29:50][DEBUG] jax_fem: Function split_and_compute_cell took 0.0372 seconds
[06-30 21:29:50][DEBUG] jax_fem: CuDSSNewtonSolver: initial residual = 2.414e+08
[06-30 21:29:50][DEBUG] jax_fem: DeviceProblem: computing Jacobian on device
[06-30 21:29:50][DEBUG] jax_fem: Function split_and_compute_cell took 0.0325 seconds
[06-30 21:29:50][DEBUG] jax_fem: CuDSSNewtonSolver: iter=1  res=1.193e-05  rel=4.941e-14
[06-30 21:29:50][INFO] jax_fem: CuDSSNewtonSolver: solve finished in 0.11s  res=1.193e-05
[06-30 21:29:51][DEBUG] jax_fem: CuDSSNewtonSolver: starting Newton loop
[06-30 21:29:51][DEBUG] jax_fem: DeviceProblem: computing Jacobian on device
[06-30 21:29:51][DEBUG] jax_fem: Function split_and_compute_cell took 0.0264 seconds
[06-30 21:29:51][DEBUG] jax_fem: CuDSSNewtonSolver: initial residual = 2.427e+08
[06-30 21:29:51][DEBUG] jax_fem: DeviceProblem: computing Jacobian on device
[06-30 21:29:51][DEBUG] jax_fem: Function split_and_compute_cell took 0.0267 seconds
[06-30 21:29:51][DEBUG] jax_fem: CuDSSNewtonSolver: iter=1  res=1.601e-05  rel=6.597e-14
[06-30 21:29:51][INFO] jax_fem: CuDSSNewtonSolver: solve finished in 0.09s  res=1.601e-05
[06-30 21:29:52][DEBUG] jax_fem: CuDSSNewtonSolver: starting Newton loop
[06-30 21:29:52][DEBUG] jax_fem: DeviceProblem: computing Jacobian on device
[06-30 21:29:52][DEBUG] jax_fem: Function split_and_compute_cell took 0.0251 seconds
[06-30 21:29:52][DEBUG] jax_fem: CuDSSNewtonSolver: initial residual = 2.407e+08
[06-30 21:29:52][DEBUG] jax_fem: DeviceProblem: computing Jacobian on device
[06-30 21:29:52][DEBUG] jax_fem: Function split_and_compute_cell took 0.0268 seconds
[06-30 21:29:52][DEBUG] jax_fem: CuDSSNewtonSolver: iter=1  res=1.651e-05  rel=6.860e-14
[06-30 21:29:52][INFO] jax_fem: CuDSSNewtonSolver: solve finished in 0.09s  res=1.651e-05
[06-30 21:29:52][DEBUG] jax_fem: CuDSSNewtonSolver: starting Newton loop
[06-30 21:29:52][DEBUG] jax_fem: DeviceProblem: computing Jacobian on device
[06-30 21:29:53][DEBUG] jax_fem: Function split_and_compute_cell took 0.0254 seconds
[06-30 21:29:53][DEBUG] jax_fem: CuDSSNewtonSolver: initial residual = 2.401e+08
[06-30 21:29:53][DEBUG] jax_fem: DeviceProblem: computing Jacobian on device
[06-30 21:29:53][DEBUG] jax_fem: Function split_and_compute_cell took 0.0267 seconds
[06-30 21:29:53][DEBUG] jax_fem: CuDSSNewtonSolver: iter=1  res=1.743e-05  rel=7.260e-14
[06-30 21:29:53][INFO] jax_fem: CuDSSNewtonSolver: solve finished in 0.09s  res=1.743e-05
[06-30 21:29:53][DEBUG] jax_fem: CuDSSNewtonSolver: starting Newton loop
[06-30 21:29:53][DEBUG] jax_fem: DeviceProblem: computing Jacobian on device
[06-30 21:29:53][DEBUG] jax_fem: Function split_and_compute_cell took 0.0281 seconds
[06-30 21:29:53][DEBUG] jax_fem: CuDSSNewtonSolver: initial residual = 2.429e+08
[06-30 21:29:53][DEBUG] jax_fem: DeviceProblem: computing Jacobian on device
[06-30 21:29:53][DEBUG] jax_fem: Function split_and_compute_cell took 0.0260 seconds
[06-30 21:29:53][DEBUG] jax_fem: CuDSSNewtonSolver: iter=1  res=1.606e-05  rel=6.612e-14
[06-30 21:29:53][INFO] jax_fem: CuDSSNewtonSolver: solve finished in 0.09s  res=1.606e-05
[06-30 21:29:54][DEBUG] jax_fem: CuDSSNewtonSolver: starting Newton loop
[06-30 21:29:54][DEBUG] jax_fem: DeviceProblem: computing Jacobian on device
[06-30 21:29:54][DEBUG] jax_fem: Function split_and_compute_cell took 0.0272 seconds
[06-30 21:29:54][DEBUG] jax_fem: CuDSSNewtonSolver: initial residual = 2.414e+08
[06-30 21:29:54][DEBUG] jax_fem: DeviceProblem: computing Jacobian on device
[06-30 21:29:54][DEBUG] jax_fem: Function split_and_compute_cell took 0.0258 seconds
[06-30 21:29:54][DEBUG] jax_fem: CuDSSNewtonSolver: iter=1  res=1.198e-05  rel=4.962e-14
[06-30 21:29:54][INFO] jax_fem: CuDSSNewtonSolver: solve finished in 0.09s  res=1.198e-05
[06-30 21:29:54][INFO] jax_fem: CuDSS backward: solving adjoint problem …
[06-30 21:29:54][DEBUG] jax_fem: DeviceProblem: computing Jacobian on device
[06-30 21:29:54][DEBUG] jax_fem: Function split_and_compute_cell took 0.0508 seconds
[06-30 21:29:54][DEBUG] jax_fem: Computing cell residual...
[06-30 21:29:54][DEBUG] jax_fem: Function split_and_compute_cell took 0.0738 seconds
[06-30 21:29:54][INFO] jax_fem: CuDSS backward: solving adjoint problem …
[06-30 21:29:54][DEBUG] jax_fem: DeviceProblem: computing Jacobian on device
[06-30 21:29:54][DEBUG] jax_fem: Function split_and_compute_cell took 0.0395 seconds
[06-30 21:29:54][DEBUG] jax_fem: Computing cell residual...
[06-30 21:29:54][DEBUG] jax_fem: Function split_and_compute_cell took 0.0707 seconds
[06-30 21:29:55][INFO] jax_fem: CuDSS backward: solving adjoint problem …
[06-30 21:29:55][DEBUG] jax_fem: DeviceProblem: computing Jacobian on device
[06-30 21:29:55][DEBUG] jax_fem: Function split_and_compute_cell took 0.0509 seconds
[06-30 21:29:55][DEBUG] jax_fem: Computing cell residual...
[06-30 21:29:55][DEBUG] jax_fem: Function split_and_compute_cell took 0.0680 seconds
[06-30 21:29:55][INFO] jax_fem: CuDSS backward: solving adjoint problem …
[06-30 21:29:55][DEBUG] jax_fem: DeviceProblem: computing Jacobian on device
[06-30 21:29:55][DEBUG] jax_fem: Function split_and_compute_cell took 0.0285 seconds
[06-30 21:29:55][DEBUG] jax_fem: Computing cell residual...
[06-30 21:29:55][DEBUG] jax_fem: Function split_and_compute_cell took 0.0615 seconds
[06-30 21:29:55][INFO] jax_fem: CuDSS backward: solving adjoint problem …
[06-30 21:29:56][DEBUG] jax_fem: DeviceProblem: computing Jacobian on device
[06-30 21:29:56][DEBUG] jax_fem: Function split_and_compute_cell took 0.0244 seconds
[06-30 21:29:56][DEBUG] jax_fem: Computing cell residual...
[06-30 21:29:56][DEBUG] jax_fem: Function split_and_compute_cell took 0.0615 seconds
[06-30 21:29:57][DEBUG] jax_fem: CuDSSNewtonSolver: starting Newton loop
[06-30 21:29:57][DEBUG] jax_fem: DeviceProblem: computing Jacobian on device
[06-30 21:29:57][DEBUG] jax_fem: Function split_and_compute_cell took 0.0264 seconds
[06-30 21:29:57][DEBUG] jax_fem: CuDSSNewtonSolver: initial residual = 2.427e+08
[06-30 21:29:57][DEBUG] jax_fem: DeviceProblem: computing Jacobian on device
[06-30 21:29:57][DEBUG] jax_fem: Function split_and_compute_cell took 0.0439 seconds
[06-30 21:29:57][DEBUG] jax_fem: CuDSSNewtonSolver: iter=1  res=1.727e-05  rel=7.114e-14
[06-30 21:29:57][INFO] jax_fem: CuDSSNewtonSolver: solve finished in 0.11s  res=1.727e-05
[06-30 21:29:58][DEBUG] jax_fem: CuDSSNewtonSolver: starting Newton loop
[06-30 21:29:58][DEBUG] jax_fem: DeviceProblem: computing Jacobian on device
[06-30 21:29:58][DEBUG] jax_fem: Function split_and_compute_cell took 0.0261 seconds
[06-30 21:29:58][DEBUG] jax_fem: CuDSSNewtonSolver: initial residual = 2.407e+08
[06-30 21:29:58][DEBUG] jax_fem: DeviceProblem: computing Jacobian on device
[06-30 21:29:58][DEBUG] jax_fem: Function split_and_compute_cell took 0.0383 seconds
[06-30 21:29:58][DEBUG] jax_fem: CuDSSNewtonSolver: iter=1  res=1.600e-05  rel=6.649e-14
[06-30 21:29:58][INFO] jax_fem: CuDSSNewtonSolver: solve finished in 0.11s  res=1.600e-05
[06-30 21:29:58][DEBUG] jax_fem: CuDSSNewtonSolver: starting Newton loop
[06-30 21:29:58][DEBUG] jax_fem: DeviceProblem: computing Jacobian on device
[06-30 21:29:58][DEBUG] jax_fem: Function split_and_compute_cell took 0.0637 seconds
[06-30 21:29:58][DEBUG] jax_fem: CuDSSNewtonSolver: initial residual = 2.401e+08
[06-30 21:29:58][DEBUG] jax_fem: DeviceProblem: computing Jacobian on device
[06-30 21:29:58][DEBUG] jax_fem: Function split_and_compute_cell took 0.0354 seconds
[06-30 21:29:58][DEBUG] jax_fem: CuDSSNewtonSolver: iter=1  res=1.791e-05  rel=7.461e-14
[06-30 21:29:58][INFO] jax_fem: CuDSSNewtonSolver: solve finished in 0.14s  res=1.791e-05
[06-30 21:29:58][DEBUG] jax_fem: CuDSSNewtonSolver: starting Newton loop
[06-30 21:29:58][DEBUG] jax_fem: DeviceProblem: computing Jacobian on device
[06-30 21:29:58][DEBUG] jax_fem: Function split_and_compute_cell took 0.0491 seconds
[06-30 21:29:58][DEBUG] jax_fem: CuDSSNewtonSolver: initial residual = 2.429e+08
[06-30 21:29:58][DEBUG] jax_fem: DeviceProblem: computing Jacobian on device
[06-30 21:29:58][DEBUG] jax_fem: Function split_and_compute_cell took 0.0520 seconds
[06-30 21:29:58][DEBUG] jax_fem: CuDSSNewtonSolver: iter=1  res=1.625e-05  rel=6.690e-14
[06-30 21:29:58][INFO] jax_fem: CuDSSNewtonSolver: solve finished in 0.14s  res=1.625e-05
[06-30 21:29:59][DEBUG] jax_fem: CuDSSNewtonSolver: starting Newton loop
[06-30 21:29:59][DEBUG] jax_fem: DeviceProblem: computing Jacobian on device
[06-30 21:29:59][DEBUG] jax_fem: Function split_and_compute_cell took 0.0381 seconds
[06-30 21:29:59][DEBUG] jax_fem: CuDSSNewtonSolver: initial residual = 2.414e+08
[06-30 21:29:59][DEBUG] jax_fem: DeviceProblem: computing Jacobian on device
[06-30 21:29:59][DEBUG] jax_fem: Function split_and_compute_cell took 0.0295 seconds
[06-30 21:29:59][DEBUG] jax_fem: CuDSSNewtonSolver: iter=1  res=1.169e-05  rel=4.840e-14
[06-30 21:29:59][INFO] jax_fem: CuDSSNewtonSolver: solve finished in 0.11s  res=1.169e-05
[06-30 21:30:01][DEBUG] jax_fem: CuDSSNewtonSolver: starting Newton loop
[06-30 21:30:01][DEBUG] jax_fem: DeviceProblem: computing Jacobian on device
[06-30 21:30:01][DEBUG] jax_fem: Function split_and_compute_cell took 0.0265 seconds
[06-30 21:30:01][DEBUG] jax_fem: CuDSSNewtonSolver: initial residual = 2.427e+08
[06-30 21:30:01][DEBUG] jax_fem: DeviceProblem: computing Jacobian on device
[06-30 21:30:01][DEBUG] jax_fem: Function split_and_compute_cell took 0.0267 seconds
[06-30 21:30:01][DEBUG] jax_fem: CuDSSNewtonSolver: iter=1  res=1.600e-05  rel=6.593e-14
[06-30 21:30:01][INFO] jax_fem: CuDSSNewtonSolver: solve finished in 0.09s  res=1.600e-05
[06-30 21:30:01][DEBUG] jax_fem: CuDSSNewtonSolver: starting Newton loop
[06-30 21:30:01][DEBUG] jax_fem: DeviceProblem: computing Jacobian on device
[06-30 21:30:01][DEBUG] jax_fem: Function split_and_compute_cell took 0.0268 seconds
[06-30 21:30:01][DEBUG] jax_fem: CuDSSNewtonSolver: initial residual = 2.407e+08
[06-30 21:30:01][DEBUG] jax_fem: DeviceProblem: computing Jacobian on device
[06-30 21:30:01][DEBUG] jax_fem: Function split_and_compute_cell took 0.0273 seconds
[06-30 21:30:01][DEBUG] jax_fem: CuDSSNewtonSolver: iter=1  res=1.639e-05  rel=6.810e-14
[06-30 21:30:01][INFO] jax_fem: CuDSSNewtonSolver: solve finished in 0.09s  res=1.639e-05
[06-30 21:30:02][DEBUG] jax_fem: CuDSSNewtonSolver: starting Newton loop
[06-30 21:30:02][DEBUG] jax_fem: DeviceProblem: computing Jacobian on device
[06-30 21:30:02][DEBUG] jax_fem: Function split_and_compute_cell took 0.0264 seconds
[06-30 21:30:02][DEBUG] jax_fem: CuDSSNewtonSolver: initial residual = 2.401e+08
[06-30 21:30:02][DEBUG] jax_fem: DeviceProblem: computing Jacobian on device
[06-30 21:30:02][DEBUG] jax_fem: Function split_and_compute_cell took 0.0261 seconds
[06-30 21:30:02][DEBUG] jax_fem: CuDSSNewtonSolver: iter=1  res=1.839e-05  rel=7.661e-14
[06-30 21:30:02][INFO] jax_fem: CuDSSNewtonSolver: solve finished in 0.09s  res=1.839e-05
[06-30 21:30:03][DEBUG] jax_fem: CuDSSNewtonSolver: starting Newton loop
[06-30 21:30:03][DEBUG] jax_fem: DeviceProblem: computing Jacobian on device
[06-30 21:30:03][DEBUG] jax_fem: Function split_and_compute_cell took 0.0279 seconds
[06-30 21:30:03][DEBUG] jax_fem: CuDSSNewtonSolver: initial residual = 2.429e+08
[06-30 21:30:03][DEBUG] jax_fem: DeviceProblem: computing Jacobian on device
[06-30 21:30:03][DEBUG] jax_fem: Function split_and_compute_cell took 0.0262 seconds
[06-30 21:30:03][DEBUG] jax_fem: CuDSSNewtonSolver: iter=1  res=1.641e-05  rel=6.756e-14
[06-30 21:30:03][INFO] jax_fem: CuDSSNewtonSolver: solve finished in 0.09s  res=1.641e-05
[06-30 21:30:03][DEBUG] jax_fem: CuDSSNewtonSolver: starting Newton loop
[06-30 21:30:03][DEBUG] jax_fem: DeviceProblem: computing Jacobian on device
[06-30 21:30:03][DEBUG] jax_fem: Function split_and_compute_cell took 0.0254 seconds
[06-30 21:30:03][DEBUG] jax_fem: CuDSSNewtonSolver: initial residual = 2.414e+08
[06-30 21:30:03][DEBUG] jax_fem: DeviceProblem: computing Jacobian on device
[06-30 21:30:03][DEBUG] jax_fem: Function split_and_compute_cell took 0.0261 seconds
[06-30 21:30:03][DEBUG] jax_fem: CuDSSNewtonSolver: iter=1  res=1.209e-05  rel=5.006e-14
[06-30 21:30:03][INFO] jax_fem: CuDSSNewtonSolver: solve finished in 0.09s  res=1.209e-05
[06-30 21:30:03][INFO] jax_fem: CuDSS backward: solving adjoint problem …
[06-30 21:30:03][DEBUG] jax_fem: DeviceProblem: computing Jacobian on device
[06-30 21:30:03][DEBUG] jax_fem: Function split_and_compute_cell took 0.0312 seconds
[06-30 21:30:03][DEBUG] jax_fem: Computing cell residual...
[06-30 21:30:03][DEBUG] jax_fem: Function split_and_compute_cell took 0.0628 seconds
[06-30 21:30:04][INFO] jax_fem: CuDSS backward: solving adjoint problem …
[06-30 21:30:04][DEBUG] jax_fem: DeviceProblem: computing Jacobian on device
[06-30 21:30:04][DEBUG] jax_fem: Function split_and_compute_cell took 0.0307 seconds
[06-30 21:30:04][DEBUG] jax_fem: Computing cell residual...
[06-30 21:30:04][DEBUG] jax_fem: Function split_and_compute_cell took 0.0539 seconds
[06-30 21:30:04][INFO] jax_fem: CuDSS backward: solving adjoint problem …
[06-30 21:30:04][DEBUG] jax_fem: DeviceProblem: computing Jacobian on device
[06-30 21:30:04][DEBUG] jax_fem: Function split_and_compute_cell took 0.0303 seconds
[06-30 21:30:04][DEBUG] jax_fem: Computing cell residual...
[06-30 21:30:04][DEBUG] jax_fem: Function split_and_compute_cell took 0.0698 seconds
[06-30 21:30:04][INFO] jax_fem: CuDSS backward: solving adjoint problem …
[06-30 21:30:04][DEBUG] jax_fem: DeviceProblem: computing Jacobian on device
[06-30 21:30:05][DEBUG] jax_fem: Function split_and_compute_cell took 0.0265 seconds
[06-30 21:30:05][DEBUG] jax_fem: Computing cell residual...
[06-30 21:30:05][DEBUG] jax_fem: Function split_and_compute_cell took 0.0651 seconds
[06-30 21:30:05][INFO] jax_fem: CuDSS backward: solving adjoint problem …
[06-30 21:30:05][DEBUG] jax_fem: DeviceProblem: computing Jacobian on device
[06-30 21:30:05][DEBUG] jax_fem: Function split_and_compute_cell took 0.0396 seconds
[06-30 21:30:05][DEBUG] jax_fem: Computing cell residual...
[06-30 21:30:05][DEBUG] jax_fem: Function split_and_compute_cell took 0.0742 seconds
[06-30 21:30:06][DEBUG] jax_fem: CuDSSNewtonSolver: starting Newton loop
[06-30 21:30:06][DEBUG] jax_fem: DeviceProblem: computing Jacobian on device
[06-30 21:30:06][DEBUG] jax_fem: Function split_and_compute_cell took 0.0385 seconds
[06-30 21:30:07][DEBUG] jax_fem: CuDSSNewtonSolver: initial residual = 2.427e+08
[06-30 21:30:07][DEBUG] jax_fem: DeviceProblem: computing Jacobian on device
[06-30 21:30:07][DEBUG] jax_fem: Function split_and_compute_cell took 0.0309 seconds
[06-30 21:30:07][DEBUG] jax_fem: CuDSSNewtonSolver: iter=1  res=1.499e-05  rel=6.176e-14
[06-30 21:30:07][INFO] jax_fem: CuDSSNewtonSolver: solve finished in 0.11s  res=1.499e-05
[06-30 21:30:07][DEBUG] jax_fem: CuDSSNewtonSolver: starting Newton loop
[06-30 21:30:07][DEBUG] jax_fem: DeviceProblem: computing Jacobian on device
[06-30 21:30:07][DEBUG] jax_fem: Function split_and_compute_cell took 0.0346 seconds
[06-30 21:30:07][DEBUG] jax_fem: CuDSSNewtonSolver: initial residual = 2.407e+08
[06-30 21:30:07][DEBUG] jax_fem: DeviceProblem: computing Jacobian on device
[06-30 21:30:07][DEBUG] jax_fem: Function split_and_compute_cell took 0.0266 seconds
[06-30 21:30:07][DEBUG] jax_fem: CuDSSNewtonSolver: iter=1  res=1.657e-05  rel=6.886e-14
[06-30 21:30:07][INFO] jax_fem: CuDSSNewtonSolver: solve finished in 0.10s  res=1.657e-05
[06-30 21:30:07][DEBUG] jax_fem: CuDSSNewtonSolver: starting Newton loop
[06-30 21:30:07][DEBUG] jax_fem: DeviceProblem: computing Jacobian on device
[06-30 21:30:07][DEBUG] jax_fem: Function split_and_compute_cell took 0.0238 seconds
[06-30 21:30:07][DEBUG] jax_fem: CuDSSNewtonSolver: initial residual = 2.401e+08
[06-30 21:30:07][DEBUG] jax_fem: DeviceProblem: computing Jacobian on device
[06-30 21:30:07][DEBUG] jax_fem: Function split_and_compute_cell took 0.0462 seconds
[06-30 21:30:07][DEBUG] jax_fem: CuDSSNewtonSolver: iter=1  res=1.812e-05  rel=7.549e-14
[06-30 21:30:07][INFO] jax_fem: CuDSSNewtonSolver: solve finished in 0.11s  res=1.812e-05
[06-30 21:30:07][DEBUG] jax_fem: CuDSSNewtonSolver: starting Newton loop
[06-30 21:30:07][DEBUG] jax_fem: DeviceProblem: computing Jacobian on device
[06-30 21:30:08][DEBUG] jax_fem: Function split_and_compute_cell took 0.0440 seconds
[06-30 21:30:08][DEBUG] jax_fem: CuDSSNewtonSolver: initial residual = 2.429e+08
[06-30 21:30:08][DEBUG] jax_fem: DeviceProblem: computing Jacobian on device
[06-30 21:30:08][DEBUG] jax_fem: Function split_and_compute_cell took 0.0286 seconds
[06-30 21:30:08][DEBUG] jax_fem: CuDSSNewtonSolver: iter=1  res=1.671e-05  rel=6.880e-14
[06-30 21:30:08][INFO] jax_fem: CuDSSNewtonSolver: solve finished in 0.11s  res=1.671e-05
[06-30 21:30:08][DEBUG] jax_fem: CuDSSNewtonSolver: starting Newton loop
[06-30 21:30:08][DEBUG] jax_fem: DeviceProblem: computing Jacobian on device
[06-30 21:30:08][DEBUG] jax_fem: Function split_and_compute_cell took 0.0335 seconds
[06-30 21:30:08][DEBUG] jax_fem: CuDSSNewtonSolver: initial residual = 2.414e+08
[06-30 21:30:08][DEBUG] jax_fem: DeviceProblem: computing Jacobian on device
[06-30 21:30:08][DEBUG] jax_fem: Function split_and_compute_cell took 0.0287 seconds
[06-30 21:30:08][DEBUG] jax_fem: CuDSSNewtonSolver: iter=1  res=1.253e-05  rel=5.188e-14
[06-30 21:30:08][INFO] jax_fem: CuDSSNewtonSolver: solve finished in 0.10s  res=1.253e-05
[06-30 21:30:10][DEBUG] jax_fem: CuDSSNewtonSolver: starting Newton loop
[06-30 21:30:10][DEBUG] jax_fem: DeviceProblem: computing Jacobian on device
[06-30 21:30:10][DEBUG] jax_fem: Function split_and_compute_cell took 0.0268 seconds
[06-30 21:30:10][DEBUG] jax_fem: CuDSSNewtonSolver: initial residual = 2.427e+08
[06-30 21:30:10][DEBUG] jax_fem: DeviceProblem: computing Jacobian on device
[06-30 21:30:10][DEBUG] jax_fem: Function split_and_compute_cell took 0.0267 seconds
[06-30 21:30:10][DEBUG] jax_fem: CuDSSNewtonSolver: iter=1  res=1.604e-05  rel=6.610e-14
[06-30 21:30:10][INFO] jax_fem: CuDSSNewtonSolver: solve finished in 0.09s  res=1.604e-05
[06-30 21:30:10][DEBUG] jax_fem: CuDSSNewtonSolver: starting Newton loop
[06-30 21:30:10][DEBUG] jax_fem: DeviceProblem: computing Jacobian on device
[06-30 21:30:10][DEBUG] jax_fem: Function split_and_compute_cell took 0.0281 seconds
[06-30 21:30:10][DEBUG] jax_fem: CuDSSNewtonSolver: initial residual = 2.407e+08
[06-30 21:30:10][DEBUG] jax_fem: DeviceProblem: computing Jacobian on device
[06-30 21:30:10][DEBUG] jax_fem: Function split_and_compute_cell took 0.0263 seconds
[06-30 21:30:10][DEBUG] jax_fem: CuDSSNewtonSolver: iter=1  res=1.683e-05  rel=6.991e-14
[06-30 21:30:10][INFO] jax_fem: CuDSSNewtonSolver: solve finished in 0.09s  res=1.683e-05
[06-30 21:30:11][DEBUG] jax_fem: CuDSSNewtonSolver: starting Newton loop
[06-30 21:30:11][DEBUG] jax_fem: DeviceProblem: computing Jacobian on device
[06-30 21:30:11][DEBUG] jax_fem: Function split_and_compute_cell took 0.0281 seconds
[06-30 21:30:11][DEBUG] jax_fem: CuDSSNewtonSolver: initial residual = 2.401e+08
[06-30 21:30:11][DEBUG] jax_fem: DeviceProblem: computing Jacobian on device
[06-30 21:30:11][DEBUG] jax_fem: Function split_and_compute_cell took 0.0269 seconds
[06-30 21:30:11][DEBUG] jax_fem: CuDSSNewtonSolver: iter=1  res=1.738e-05  rel=7.240e-14
[06-30 21:30:11][INFO] jax_fem: CuDSSNewtonSolver: solve finished in 0.09s  res=1.738e-05
[06-30 21:30:12][DEBUG] jax_fem: CuDSSNewtonSolver: starting Newton loop
[06-30 21:30:12][DEBUG] jax_fem: DeviceProblem: computing Jacobian on device
[06-30 21:30:12][DEBUG] jax_fem: Function split_and_compute_cell took 0.0268 seconds
[06-30 21:30:12][DEBUG] jax_fem: CuDSSNewtonSolver: initial residual = 2.429e+08
[06-30 21:30:12][DEBUG] jax_fem: DeviceProblem: computing Jacobian on device
[06-30 21:30:12][DEBUG] jax_fem: Function split_and_compute_cell took 0.0261 seconds
[06-30 21:30:12][DEBUG] jax_fem: CuDSSNewtonSolver: iter=1  res=1.535e-05  rel=6.321e-14
[06-30 21:30:12][INFO] jax_fem: CuDSSNewtonSolver: solve finished in 0.09s  res=1.535e-05
[06-30 21:30:12][DEBUG] jax_fem: CuDSSNewtonSolver: starting Newton loop
[06-30 21:30:12][DEBUG] jax_fem: DeviceProblem: computing Jacobian on device
[06-30 21:30:12][DEBUG] jax_fem: Function split_and_compute_cell took 0.0263 seconds
[06-30 21:30:12][DEBUG] jax_fem: CuDSSNewtonSolver: initial residual = 2.414e+08
[06-30 21:30:12][DEBUG] jax_fem: DeviceProblem: computing Jacobian on device
[06-30 21:30:12][DEBUG] jax_fem: Function split_and_compute_cell took 0.0270 seconds
[06-30 21:30:12][DEBUG] jax_fem: CuDSSNewtonSolver: iter=1  res=1.191e-05  rel=4.932e-14
[06-30 21:30:12][INFO] jax_fem: CuDSSNewtonSolver: solve finished in 0.27s  res=1.191e-05
[06-30 21:30:12][INFO] jax_fem: CuDSS backward: solving adjoint problem …
[06-30 21:30:12][DEBUG] jax_fem: DeviceProblem: computing Jacobian on device
[06-30 21:30:13][DEBUG] jax_fem: Function split_and_compute_cell took 0.0471 seconds
[06-30 21:30:13][DEBUG] jax_fem: Computing cell residual...
[06-30 21:30:13][DEBUG] jax_fem: Function split_and_compute_cell took 0.0644 seconds
[06-30 21:30:13][INFO] jax_fem: CuDSS backward: solving adjoint problem …
[06-30 21:30:13][DEBUG] jax_fem: DeviceProblem: computing Jacobian on device
[06-30 21:30:13][DEBUG] jax_fem: Function split_and_compute_cell took 0.0304 seconds
[06-30 21:30:13][DEBUG] jax_fem: Computing cell residual...
[06-30 21:30:13][DEBUG] jax_fem: Function split_and_compute_cell took 0.0691 seconds
[06-30 21:30:13][INFO] jax_fem: CuDSS backward: solving adjoint problem …
[06-30 21:30:13][DEBUG] jax_fem: DeviceProblem: computing Jacobian on device
[06-30 21:30:13][DEBUG] jax_fem: Function split_and_compute_cell took 0.0502 seconds
[06-30 21:30:13][DEBUG] jax_fem: Computing cell residual...
[06-30 21:30:13][DEBUG] jax_fem: Function split_and_compute_cell took 0.0740 seconds
[06-30 21:30:14][INFO] jax_fem: CuDSS backward: solving adjoint problem …
[06-30 21:30:14][DEBUG] jax_fem: DeviceProblem: computing Jacobian on device
[06-30 21:30:14][DEBUG] jax_fem: Function split_and_compute_cell took 0.0389 seconds
[06-30 21:30:14][DEBUG] jax_fem: Computing cell residual...
[06-30 21:30:14][DEBUG] jax_fem: Function split_and_compute_cell took 0.0805 seconds
[06-30 21:30:14][INFO] jax_fem: CuDSS backward: solving adjoint problem …
[06-30 21:30:14][DEBUG] jax_fem: DeviceProblem: computing Jacobian on device
[06-30 21:30:14][DEBUG] jax_fem: Function split_and_compute_cell took 0.0651 seconds
[06-30 21:30:14][DEBUG] jax_fem: Computing cell residual...
[06-30 21:30:14][DEBUG] jax_fem: Function split_and_compute_cell took 0.0692 seconds
[06-30 21:30:16][DEBUG] jax_fem: CuDSSNewtonSolver: starting Newton loop
[06-30 21:30:16][DEBUG] jax_fem: DeviceProblem: computing Jacobian on device
[06-30 21:30:16][DEBUG] jax_fem: Function split_and_compute_cell took 0.0370 seconds
[06-30 21:30:16][DEBUG] jax_fem: CuDSSNewtonSolver: initial residual = 2.427e+08
[06-30 21:30:16][DEBUG] jax_fem: DeviceProblem: computing Jacobian on device
[06-30 21:30:16][DEBUG] jax_fem: Function split_and_compute_cell took 0.0321 seconds
[06-30 21:30:16][DEBUG] jax_fem: CuDSSNewtonSolver: iter=1  res=1.524e-05  rel=6.279e-14
[06-30 21:30:16][INFO] jax_fem: CuDSSNewtonSolver: solve finished in 0.12s  res=1.524e-05
[06-30 21:30:16][DEBUG] jax_fem: CuDSSNewtonSolver: starting Newton loop
[06-30 21:30:16][DEBUG] jax_fem: DeviceProblem: computing Jacobian on device
[06-30 21:30:16][DEBUG] jax_fem: Function split_and_compute_cell took 0.0526 seconds
[06-30 21:30:16][DEBUG] jax_fem: CuDSSNewtonSolver: initial residual = 2.407e+08
[06-30 21:30:16][DEBUG] jax_fem: DeviceProblem: computing Jacobian on device
[06-30 21:30:16][DEBUG] jax_fem: Function split_and_compute_cell took 0.0349 seconds
[06-30 21:30:16][DEBUG] jax_fem: CuDSSNewtonSolver: iter=1  res=1.660e-05  rel=6.897e-14
[06-30 21:30:16][INFO] jax_fem: CuDSSNewtonSolver: solve finished in 0.13s  res=1.660e-05
[06-30 21:30:17][DEBUG] jax_fem: CuDSSNewtonSolver: starting Newton loop
[06-30 21:30:17][DEBUG] jax_fem: DeviceProblem: computing Jacobian on device
[06-30 21:30:17][DEBUG] jax_fem: Function split_and_compute_cell took 0.0403 seconds
[06-30 21:30:17][DEBUG] jax_fem: CuDSSNewtonSolver: initial residual = 2.401e+08
[06-30 21:30:17][DEBUG] jax_fem: DeviceProblem: computing Jacobian on device
[06-30 21:30:17][DEBUG] jax_fem: Function split_and_compute_cell took 0.0454 seconds
[06-30 21:30:17][DEBUG] jax_fem: CuDSSNewtonSolver: iter=1  res=1.786e-05  rel=7.440e-14
[06-30 21:30:17][INFO] jax_fem: CuDSSNewtonSolver: solve finished in 0.13s  res=1.786e-05
[06-30 21:30:17][DEBUG] jax_fem: CuDSSNewtonSolver: starting Newton loop
[06-30 21:30:17][DEBUG] jax_fem: DeviceProblem: computing Jacobian on device
[06-30 21:30:17][DEBUG] jax_fem: Function split_and_compute_cell took 0.0397 seconds
[06-30 21:30:17][DEBUG] jax_fem: CuDSSNewtonSolver: initial residual = 2.429e+08
[06-30 21:30:17][DEBUG] jax_fem: DeviceProblem: computing Jacobian on device
[06-30 21:30:17][DEBUG] jax_fem: Function split_and_compute_cell took 0.0354 seconds
[06-30 21:30:17][DEBUG] jax_fem: CuDSSNewtonSolver: iter=1  res=1.649e-05  rel=6.791e-14
[06-30 21:30:17][INFO] jax_fem: CuDSSNewtonSolver: solve finished in 0.11s  res=1.649e-05
[06-30 21:30:17][DEBUG] jax_fem: CuDSSNewtonSolver: starting Newton loop
[06-30 21:30:17][DEBUG] jax_fem: DeviceProblem: computing Jacobian on device
[06-30 21:30:17][DEBUG] jax_fem: Function split_and_compute_cell took 0.0536 seconds
[06-30 21:30:17][DEBUG] jax_fem: CuDSSNewtonSolver: initial residual = 2.414e+08
[06-30 21:30:17][DEBUG] jax_fem: DeviceProblem: computing Jacobian on device
[06-30 21:30:18][DEBUG] jax_fem: Function split_and_compute_cell took 0.0367 seconds
[06-30 21:30:18][DEBUG] jax_fem: CuDSSNewtonSolver: iter=1  res=1.173e-05  rel=4.860e-14
[06-30 21:30:18][INFO] jax_fem: CuDSSNewtonSolver: solve finished in 0.13s  res=1.173e-05
[06-30 21:30:19][DEBUG] jax_fem: CuDSSNewtonSolver: starting Newton loop
[06-30 21:30:19][DEBUG] jax_fem: DeviceProblem: computing Jacobian on device
[06-30 21:30:19][DEBUG] jax_fem: Function split_and_compute_cell took 0.0283 seconds
[06-30 21:30:19][DEBUG] jax_fem: CuDSSNewtonSolver: initial residual = 2.427e+08
[06-30 21:30:19][DEBUG] jax_fem: DeviceProblem: computing Jacobian on device
[06-30 21:30:19][DEBUG] jax_fem: Function split_and_compute_cell took 0.0269 seconds
[06-30 21:30:19][DEBUG] jax_fem: CuDSSNewtonSolver: iter=1  res=1.676e-05  rel=6.906e-14
[06-30 21:30:19][INFO] jax_fem: CuDSSNewtonSolver: solve finished in 0.10s  res=1.676e-05
[06-30 21:30:20][DEBUG] jax_fem: CuDSSNewtonSolver: starting Newton loop
[06-30 21:30:20][DEBUG] jax_fem: DeviceProblem: computing Jacobian on device
[06-30 21:30:20][DEBUG] jax_fem: Function split_and_compute_cell took 0.0266 seconds
[06-30 21:30:20][DEBUG] jax_fem: CuDSSNewtonSolver: initial residual = 2.407e+08
[06-30 21:30:20][DEBUG] jax_fem: DeviceProblem: computing Jacobian on device
[06-30 21:30:20][DEBUG] jax_fem: Function split_and_compute_cell took 0.0264 seconds
[06-30 21:30:20][DEBUG] jax_fem: CuDSSNewtonSolver: iter=1  res=1.671e-05  rel=6.942e-14
[06-30 21:30:20][INFO] jax_fem: CuDSSNewtonSolver: solve finished in 0.09s  res=1.671e-05
[06-30 21:30:20][DEBUG] jax_fem: CuDSSNewtonSolver: starting Newton loop
[06-30 21:30:20][DEBUG] jax_fem: DeviceProblem: computing Jacobian on device
[06-30 21:30:20][DEBUG] jax_fem: Function split_and_compute_cell took 0.0251 seconds
[06-30 21:30:20][DEBUG] jax_fem: CuDSSNewtonSolver: initial residual = 2.401e+08
[06-30 21:30:20][DEBUG] jax_fem: DeviceProblem: computing Jacobian on device
[06-30 21:30:21][DEBUG] jax_fem: Function split_and_compute_cell took 0.0278 seconds
[06-30 21:30:21][DEBUG] jax_fem: CuDSSNewtonSolver: iter=1  res=1.731e-05  rel=7.211e-14
[06-30 21:30:21][INFO] jax_fem: CuDSSNewtonSolver: solve finished in 0.09s  res=1.731e-05
[06-30 21:30:21][DEBUG] jax_fem: CuDSSNewtonSolver: starting Newton loop
[06-30 21:30:21][DEBUG] jax_fem: DeviceProblem: computing Jacobian on device
[06-30 21:30:21][DEBUG] jax_fem: Function split_and_compute_cell took 0.0266 seconds
[06-30 21:30:21][DEBUG] jax_fem: CuDSSNewtonSolver: initial residual = 2.429e+08
[06-30 21:30:21][DEBUG] jax_fem: DeviceProblem: computing Jacobian on device
[06-30 21:30:21][DEBUG] jax_fem: Function split_and_compute_cell took 0.0259 seconds
[06-30 21:30:21][DEBUG] jax_fem: CuDSSNewtonSolver: iter=1  res=1.742e-05  rel=7.171e-14
[06-30 21:30:21][INFO] jax_fem: CuDSSNewtonSolver: solve finished in 0.09s  res=1.742e-05
[06-30 21:30:22][DEBUG] jax_fem: CuDSSNewtonSolver: starting Newton loop
[06-30 21:30:22][DEBUG] jax_fem: DeviceProblem: computing Jacobian on device
[06-30 21:30:22][DEBUG] jax_fem: Function split_and_compute_cell took 0.0262 seconds
[06-30 21:30:22][DEBUG] jax_fem: CuDSSNewtonSolver: initial residual = 2.414e+08
[06-30 21:30:22][DEBUG] jax_fem: DeviceProblem: computing Jacobian on device
[06-30 21:30:22][DEBUG] jax_fem: Function split_and_compute_cell took 0.0272 seconds
[06-30 21:30:22][DEBUG] jax_fem: CuDSSNewtonSolver: iter=1  res=1.194e-05  rel=4.944e-14
[06-30 21:30:22][INFO] jax_fem: CuDSSNewtonSolver: solve finished in 0.09s  res=1.194e-05
[06-30 21:30:22][INFO] jax_fem: CuDSS backward: solving adjoint problem …
[06-30 21:30:22][DEBUG] jax_fem: DeviceProblem: computing Jacobian on device
[06-30 21:30:22][DEBUG] jax_fem: Function split_and_compute_cell took 0.0409 seconds
[06-30 21:30:22][DEBUG] jax_fem: Computing cell residual...
[06-30 21:30:22][DEBUG] jax_fem: Function split_and_compute_cell took 0.0697 seconds
[06-30 21:30:22][INFO] jax_fem: CuDSS backward: solving adjoint problem …
[06-30 21:30:22][DEBUG] jax_fem: DeviceProblem: computing Jacobian on device
[06-30 21:30:22][DEBUG] jax_fem: Function split_and_compute_cell took 0.0423 seconds
[06-30 21:30:22][DEBUG] jax_fem: Computing cell residual...
[06-30 21:30:22][DEBUG] jax_fem: Function split_and_compute_cell took 0.0631 seconds
[06-30 21:30:23][INFO] jax_fem: CuDSS backward: solving adjoint problem …
[06-30 21:30:23][DEBUG] jax_fem: DeviceProblem: computing Jacobian on device
[06-30 21:30:23][DEBUG] jax_fem: Function split_and_compute_cell took 0.0375 seconds
[06-30 21:30:23][DEBUG] jax_fem: Computing cell residual...
[06-30 21:30:23][DEBUG] jax_fem: Function split_and_compute_cell took 0.0600 seconds
[06-30 21:30:23][INFO] jax_fem: CuDSS backward: solving adjoint problem …
[06-30 21:30:23][DEBUG] jax_fem: DeviceProblem: computing Jacobian on device
[06-30 21:30:23][DEBUG] jax_fem: Function split_and_compute_cell took 0.0281 seconds
[06-30 21:30:23][DEBUG] jax_fem: Computing cell residual...
[06-30 21:30:23][DEBUG] jax_fem: Function split_and_compute_cell took 0.0584 seconds
[06-30 21:30:23][INFO] jax_fem: CuDSS backward: solving adjoint problem …
[06-30 21:30:23][DEBUG] jax_fem: DeviceProblem: computing Jacobian on device
[06-30 21:30:23][DEBUG] jax_fem: Function split_and_compute_cell took 0.0360 seconds
[06-30 21:30:24][DEBUG] jax_fem: Computing cell residual...
[06-30 21:30:24][DEBUG] jax_fem: Function split_and_compute_cell took 0.0754 seconds
[06-30 21:30:25][DEBUG] jax_fem: CuDSSNewtonSolver: starting Newton loop
[06-30 21:30:25][DEBUG] jax_fem: DeviceProblem: computing Jacobian on device
[06-30 21:30:25][DEBUG] jax_fem: Function split_and_compute_cell took 0.0385 seconds
[06-30 21:30:25][DEBUG] jax_fem: CuDSSNewtonSolver: initial residual = 2.427e+08
[06-30 21:30:25][DEBUG] jax_fem: DeviceProblem: computing Jacobian on device
[06-30 21:30:25][DEBUG] jax_fem: Function split_and_compute_cell took 0.0286 seconds
[06-30 21:30:25][DEBUG] jax_fem: CuDSSNewtonSolver: iter=1  res=1.593e-05  rel=6.563e-14
[06-30 21:30:25][INFO] jax_fem: CuDSSNewtonSolver: solve finished in 0.11s  res=1.593e-05
[06-30 21:30:26][DEBUG] jax_fem: CuDSSNewtonSolver: starting Newton loop
[06-30 21:30:26][DEBUG] jax_fem: DeviceProblem: computing Jacobian on device
[06-30 21:30:26][DEBUG] jax_fem: Function split_and_compute_cell took 0.0257 seconds
[06-30 21:30:26][DEBUG] jax_fem: CuDSSNewtonSolver: initial residual = 2.407e+08
[06-30 21:30:26][DEBUG] jax_fem: DeviceProblem: computing Jacobian on device
[06-30 21:30:26][DEBUG] jax_fem: Function split_and_compute_cell took 0.0293 seconds
[06-30 21:30:26][DEBUG] jax_fem: CuDSSNewtonSolver: iter=1  res=1.668e-05  rel=6.930e-14
[06-30 21:30:26][INFO] jax_fem: CuDSSNewtonSolver: solve finished in 0.10s  res=1.668e-05
[06-30 21:30:26][DEBUG] jax_fem: CuDSSNewtonSolver: starting Newton loop
[06-30 21:30:26][DEBUG] jax_fem: DeviceProblem: computing Jacobian on device
[06-30 21:30:26][DEBUG] jax_fem: Function split_and_compute_cell took 0.0392 seconds
[06-30 21:30:26][DEBUG] jax_fem: CuDSSNewtonSolver: initial residual = 2.401e+08
[06-30 21:30:26][DEBUG] jax_fem: DeviceProblem: computing Jacobian on device
[06-30 21:30:26][DEBUG] jax_fem: Function split_and_compute_cell took 0.0302 seconds
[06-30 21:30:26][DEBUG] jax_fem: CuDSSNewtonSolver: iter=1  res=1.796e-05  rel=7.480e-14
[06-30 21:30:26][INFO] jax_fem: CuDSSNewtonSolver: solve finished in 0.11s  res=1.796e-05
[06-30 21:30:26][DEBUG] jax_fem: CuDSSNewtonSolver: starting Newton loop
[06-30 21:30:26][DEBUG] jax_fem: DeviceProblem: computing Jacobian on device
[06-30 21:30:26][DEBUG] jax_fem: Function split_and_compute_cell took 0.0379 seconds
[06-30 21:30:26][DEBUG] jax_fem: CuDSSNewtonSolver: initial residual = 2.429e+08
[06-30 21:30:26][DEBUG] jax_fem: DeviceProblem: computing Jacobian on device
[06-30 21:30:26][DEBUG] jax_fem: Function split_and_compute_cell took 0.0303 seconds
[06-30 21:30:26][DEBUG] jax_fem: CuDSSNewtonSolver: iter=1  res=1.602e-05  rel=6.596e-14
[06-30 21:30:26][INFO] jax_fem: CuDSSNewtonSolver: solve finished in 0.11s  res=1.602e-05
[06-30 21:30:27][DEBUG] jax_fem: CuDSSNewtonSolver: starting Newton loop
[06-30 21:30:27][DEBUG] jax_fem: DeviceProblem: computing Jacobian on device
[06-30 21:30:27][DEBUG] jax_fem: Function split_and_compute_cell took 0.0267 seconds
[06-30 21:30:27][DEBUG] jax_fem: CuDSSNewtonSolver: initial residual = 2.414e+08
[06-30 21:30:27][DEBUG] jax_fem: DeviceProblem: computing Jacobian on device
[06-30 21:30:27][DEBUG] jax_fem: Function split_and_compute_cell took 0.0451 seconds
[06-30 21:30:27][DEBUG] jax_fem: CuDSSNewtonSolver: iter=1  res=1.162e-05  rel=4.812e-14
[06-30 21:30:27][INFO] jax_fem: CuDSSNewtonSolver: solve finished in 0.11s  res=1.162e-05
[06-30 21:30:29][DEBUG] jax_fem: CuDSSNewtonSolver: starting Newton loop
[06-30 21:30:29][DEBUG] jax_fem: DeviceProblem: computing Jacobian on device
[06-30 21:30:29][DEBUG] jax_fem: Function split_and_compute_cell took 0.0283 seconds
[06-30 21:30:29][DEBUG] jax_fem: CuDSSNewtonSolver: initial residual = 2.427e+08
[06-30 21:30:29][DEBUG] jax_fem: DeviceProblem: computing Jacobian on device
[06-30 21:30:29][DEBUG] jax_fem: Function split_and_compute_cell took 0.0271 seconds
[06-30 21:30:29][DEBUG] jax_fem: CuDSSNewtonSolver: iter=1  res=1.648e-05  rel=6.789e-14
[06-30 21:30:29][INFO] jax_fem: CuDSSNewtonSolver: solve finished in 0.09s  res=1.648e-05
[06-30 21:30:29][DEBUG] jax_fem: CuDSSNewtonSolver: starting Newton loop
[06-30 21:30:29][DEBUG] jax_fem: DeviceProblem: computing Jacobian on device
[06-30 21:30:29][DEBUG] jax_fem: Function split_and_compute_cell took 0.0269 seconds
[06-30 21:30:29][DEBUG] jax_fem: CuDSSNewtonSolver: initial residual = 2.407e+08
[06-30 21:30:29][DEBUG] jax_fem: DeviceProblem: computing Jacobian on device
[06-30 21:30:29][DEBUG] jax_fem: Function split_and_compute_cell took 0.0276 seconds
[06-30 21:30:29][DEBUG] jax_fem: CuDSSNewtonSolver: iter=1  res=1.634e-05  rel=6.790e-14
[06-30 21:30:29][INFO] jax_fem: CuDSSNewtonSolver: solve finished in 0.09s  res=1.634e-05
[06-30 21:30:30][DEBUG] jax_fem: CuDSSNewtonSolver: starting Newton loop
[06-30 21:30:30][DEBUG] jax_fem: DeviceProblem: computing Jacobian on device
[06-30 21:30:30][DEBUG] jax_fem: Function split_and_compute_cell took 0.0294 seconds
[06-30 21:30:30][DEBUG] jax_fem: CuDSSNewtonSolver: initial residual = 2.401e+08
[06-30 21:30:30][DEBUG] jax_fem: DeviceProblem: computing Jacobian on device
[06-30 21:30:30][DEBUG] jax_fem: Function split_and_compute_cell took 0.0281 seconds
[06-30 21:30:30][DEBUG] jax_fem: CuDSSNewtonSolver: iter=1  res=1.710e-05  rel=7.121e-14
[06-30 21:30:30][INFO] jax_fem: CuDSSNewtonSolver: solve finished in 0.10s  res=1.710e-05
[06-30 21:30:30][DEBUG] jax_fem: CuDSSNewtonSolver: starting Newton loop
[06-30 21:30:30][DEBUG] jax_fem: DeviceProblem: computing Jacobian on device
[06-30 21:30:30][DEBUG] jax_fem: Function split_and_compute_cell took 0.0297 seconds
[06-30 21:30:31][DEBUG] jax_fem: CuDSSNewtonSolver: initial residual = 2.429e+08
[06-30 21:30:31][DEBUG] jax_fem: DeviceProblem: computing Jacobian on device
[06-30 21:30:31][DEBUG] jax_fem: Function split_and_compute_cell took 0.0323 seconds
[06-30 21:30:31][DEBUG] jax_fem: CuDSSNewtonSolver: iter=1  res=1.670e-05  rel=6.877e-14
[06-30 21:30:31][INFO] jax_fem: CuDSSNewtonSolver: solve finished in 0.10s  res=1.670e-05
[06-30 21:30:31][DEBUG] jax_fem: CuDSSNewtonSolver: starting Newton loop
[06-30 21:30:31][DEBUG] jax_fem: DeviceProblem: computing Jacobian on device
[06-30 21:30:31][DEBUG] jax_fem: Function split_and_compute_cell took 0.0308 seconds
[06-30 21:30:31][DEBUG] jax_fem: CuDSSNewtonSolver: initial residual = 2.414e+08
[06-30 21:30:31][DEBUG] jax_fem: DeviceProblem: computing Jacobian on device
[06-30 21:30:31][DEBUG] jax_fem: Function split_and_compute_cell took 0.0276 seconds
[06-30 21:30:31][DEBUG] jax_fem: CuDSSNewtonSolver: iter=1  res=1.238e-05  rel=5.126e-14
[06-30 21:30:31][INFO] jax_fem: CuDSSNewtonSolver: solve finished in 0.10s  res=1.238e-05
[06-30 21:30:31][INFO] jax_fem: CuDSS backward: solving adjoint problem …
[06-30 21:30:31][DEBUG] jax_fem: DeviceProblem: computing Jacobian on device
[06-30 21:30:31][DEBUG] jax_fem: Function split_and_compute_cell took 0.0299 seconds
[06-30 21:30:31][DEBUG] jax_fem: Computing cell residual...
[06-30 21:30:31][DEBUG] jax_fem: Function split_and_compute_cell took 0.0636 seconds
[06-30 21:30:32][INFO] jax_fem: CuDSS backward: solving adjoint problem …
[06-30 21:30:32][DEBUG] jax_fem: DeviceProblem: computing Jacobian on device
[06-30 21:30:32][DEBUG] jax_fem: Function split_and_compute_cell took 0.0339 seconds
[06-30 21:30:32][DEBUG] jax_fem: Computing cell residual...
[06-30 21:30:32][DEBUG] jax_fem: Function split_and_compute_cell took 0.0620 seconds
[06-30 21:30:32][INFO] jax_fem: CuDSS backward: solving adjoint problem …
[06-30 21:30:32][DEBUG] jax_fem: DeviceProblem: computing Jacobian on device
[06-30 21:30:32][DEBUG] jax_fem: Function split_and_compute_cell took 0.0440 seconds
[06-30 21:30:32][DEBUG] jax_fem: Computing cell residual...
[06-30 21:30:32][DEBUG] jax_fem: Function split_and_compute_cell took 0.0542 seconds
[06-30 21:30:32][INFO] jax_fem: CuDSS backward: solving adjoint problem …
[06-30 21:30:32][DEBUG] jax_fem: DeviceProblem: computing Jacobian on device
[06-30 21:30:33][DEBUG] jax_fem: Function split_and_compute_cell took 0.0266 seconds
[06-30 21:30:33][DEBUG] jax_fem: Computing cell residual...
[06-30 21:30:33][DEBUG] jax_fem: Function split_and_compute_cell took 0.0545 seconds
[06-30 21:30:33][INFO] jax_fem: CuDSS backward: solving adjoint problem …
[06-30 21:30:33][DEBUG] jax_fem: DeviceProblem: computing Jacobian on device
[06-30 21:30:33][DEBUG] jax_fem: Function split_and_compute_cell took 0.0256 seconds
[06-30 21:30:33][DEBUG] jax_fem: Computing cell residual...
[06-30 21:30:33][DEBUG] jax_fem: Function split_and_compute_cell took 0.0696 seconds
[06-30 21:30:35][DEBUG] jax_fem: CuDSSNewtonSolver: starting Newton loop
[06-30 21:30:35][DEBUG] jax_fem: DeviceProblem: computing Jacobian on device
[06-30 21:30:35][DEBUG] jax_fem: Function split_and_compute_cell took 0.0296 seconds
[06-30 21:30:35][DEBUG] jax_fem: CuDSSNewtonSolver: initial residual = 2.427e+08
[06-30 21:30:35][DEBUG] jax_fem: DeviceProblem: computing Jacobian on device
[06-30 21:30:35][DEBUG] jax_fem: Function split_and_compute_cell took 0.0341 seconds
[06-30 21:30:35][DEBUG] jax_fem: CuDSSNewtonSolver: iter=1  res=1.661e-05  rel=6.845e-14
[06-30 21:30:35][INFO] jax_fem: CuDSSNewtonSolver: solve finished in 0.11s  res=1.661e-05
[06-30 21:30:35][DEBUG] jax_fem: CuDSSNewtonSolver: starting Newton loop
[06-30 21:30:35][DEBUG] jax_fem: DeviceProblem: computing Jacobian on device
[06-30 21:30:35][DEBUG] jax_fem: Function split_and_compute_cell took 0.0440 seconds
[06-30 21:30:35][DEBUG] jax_fem: CuDSSNewtonSolver: initial residual = 2.407e+08
[06-30 21:30:35][DEBUG] jax_fem: DeviceProblem: computing Jacobian on device
[06-30 21:30:35][DEBUG] jax_fem: Function split_and_compute_cell took 0.0394 seconds
[06-30 21:30:35][DEBUG] jax_fem: CuDSSNewtonSolver: iter=1  res=1.583e-05  rel=6.578e-14
[06-30 21:30:35][INFO] jax_fem: CuDSSNewtonSolver: solve finished in 0.13s  res=1.583e-05
[06-30 21:30:35][DEBUG] jax_fem: CuDSSNewtonSolver: starting Newton loop
[06-30 21:30:35][DEBUG] jax_fem: DeviceProblem: computing Jacobian on device
[06-30 21:30:35][DEBUG] jax_fem: Function split_and_compute_cell took 0.0321 seconds
[06-30 21:30:35][DEBUG] jax_fem: CuDSSNewtonSolver: initial residual = 2.401e+08
[06-30 21:30:35][DEBUG] jax_fem: DeviceProblem: computing Jacobian on device
[06-30 21:30:35][DEBUG] jax_fem: Function split_and_compute_cell took 0.0272 seconds
[06-30 21:30:35][DEBUG] jax_fem: CuDSSNewtonSolver: iter=1  res=1.754e-05  rel=7.307e-14
[06-30 21:30:35][INFO] jax_fem: CuDSSNewtonSolver: solve finished in 0.11s  res=1.754e-05
[06-30 21:30:36][DEBUG] jax_fem: CuDSSNewtonSolver: starting Newton loop
[06-30 21:30:36][DEBUG] jax_fem: DeviceProblem: computing Jacobian on device
[06-30 21:30:36][DEBUG] jax_fem: Function split_and_compute_cell took 0.0336 seconds
[06-30 21:30:36][DEBUG] jax_fem: CuDSSNewtonSolver: initial residual = 2.429e+08
[06-30 21:30:36][DEBUG] jax_fem: DeviceProblem: computing Jacobian on device
[06-30 21:30:36][DEBUG] jax_fem: Function split_and_compute_cell took 0.0298 seconds
[06-30 21:30:36][DEBUG] jax_fem: CuDSSNewtonSolver: iter=1  res=1.566e-05  rel=6.450e-14
[06-30 21:30:36][INFO] jax_fem: CuDSSNewtonSolver: solve finished in 0.10s  res=1.566e-05
[06-30 21:30:36][DEBUG] jax_fem: CuDSSNewtonSolver: starting Newton loop
[06-30 21:30:36][DEBUG] jax_fem: DeviceProblem: computing Jacobian on device
[06-30 21:30:36][DEBUG] jax_fem: Function split_and_compute_cell took 0.0398 seconds
[06-30 21:30:36][DEBUG] jax_fem: CuDSSNewtonSolver: initial residual = 2.414e+08
[06-30 21:30:36][DEBUG] jax_fem: DeviceProblem: computing Jacobian on device
[06-30 21:30:36][DEBUG] jax_fem: Function split_and_compute_cell took 0.0374 seconds
[06-30 21:30:36][DEBUG] jax_fem: CuDSSNewtonSolver: iter=1  res=1.163e-05  rel=4.815e-14
[06-30 21:30:36][INFO] jax_fem: CuDSSNewtonSolver: solve finished in 0.12s  res=1.163e-05
[06-30 21:30:38][DEBUG] jax_fem: CuDSSNewtonSolver: starting Newton loop
[06-30 21:30:38][DEBUG] jax_fem: DeviceProblem: computing Jacobian on device
[06-30 21:30:38][DEBUG] jax_fem: Function split_and_compute_cell took 0.0311 seconds
[06-30 21:30:38][DEBUG] jax_fem: CuDSSNewtonSolver: initial residual = 2.427e+08
[06-30 21:30:38][DEBUG] jax_fem: DeviceProblem: computing Jacobian on device
[06-30 21:30:38][DEBUG] jax_fem: Function split_and_compute_cell took 0.0289 seconds
[06-30 21:30:38][DEBUG] jax_fem: CuDSSNewtonSolver: iter=1  res=1.637e-05  rel=6.745e-14
[06-30 21:30:38][INFO] jax_fem: CuDSSNewtonSolver: solve finished in 0.10s  res=1.637e-05
[06-30 21:30:39][DEBUG] jax_fem: CuDSSNewtonSolver: starting Newton loop
[06-30 21:30:39][DEBUG] jax_fem: DeviceProblem: computing Jacobian on device
[06-30 21:30:39][DEBUG] jax_fem: Function split_and_compute_cell took 0.0293 seconds
[06-30 21:30:39][DEBUG] jax_fem: CuDSSNewtonSolver: initial residual = 2.407e+08
[06-30 21:30:39][DEBUG] jax_fem: DeviceProblem: computing Jacobian on device
[06-30 21:30:39][DEBUG] jax_fem: Function split_and_compute_cell took 0.0290 seconds
[06-30 21:30:39][DEBUG] jax_fem: CuDSSNewtonSolver: iter=1  res=1.612e-05  rel=6.696e-14
[06-30 21:30:39][INFO] jax_fem: CuDSSNewtonSolver: solve finished in 0.10s  res=1.612e-05
[06-30 21:30:39][DEBUG] jax_fem: CuDSSNewtonSolver: starting Newton loop
[06-30 21:30:39][DEBUG] jax_fem: DeviceProblem: computing Jacobian on device
[06-30 21:30:39][DEBUG] jax_fem: Function split_and_compute_cell took 0.0274 seconds
[06-30 21:30:39][DEBUG] jax_fem: CuDSSNewtonSolver: initial residual = 2.401e+08
[06-30 21:30:39][DEBUG] jax_fem: DeviceProblem: computing Jacobian on device
[06-30 21:30:39][DEBUG] jax_fem: Function split_and_compute_cell took 0.0292 seconds
[06-30 21:30:39][DEBUG] jax_fem: CuDSSNewtonSolver: iter=1  res=1.764e-05  rel=7.348e-14
[06-30 21:30:39][INFO] jax_fem: CuDSSNewtonSolver: solve finished in 0.10s  res=1.764e-05
[06-30 21:30:40][DEBUG] jax_fem: CuDSSNewtonSolver: starting Newton loop
[06-30 21:30:40][DEBUG] jax_fem: DeviceProblem: computing Jacobian on device
[06-30 21:30:40][DEBUG] jax_fem: Function split_and_compute_cell took 0.0289 seconds
[06-30 21:30:40][DEBUG] jax_fem: CuDSSNewtonSolver: initial residual = 2.429e+08
[06-30 21:30:40][DEBUG] jax_fem: DeviceProblem: computing Jacobian on device
[06-30 21:30:40][DEBUG] jax_fem: Function split_and_compute_cell took 0.0262 seconds
[06-30 21:30:40][DEBUG] jax_fem: CuDSSNewtonSolver: iter=1  res=1.571e-05  rel=6.470e-14
[06-30 21:30:40][INFO] jax_fem: CuDSSNewtonSolver: solve finished in 0.09s  res=1.571e-05
[06-30 21:30:41][DEBUG] jax_fem: CuDSSNewtonSolver: starting Newton loop
[06-30 21:30:41][DEBUG] jax_fem: DeviceProblem: computing Jacobian on device
[06-30 21:30:41][DEBUG] jax_fem: Function split_and_compute_cell took 0.0275 seconds
[06-30 21:30:41][DEBUG] jax_fem: CuDSSNewtonSolver: initial residual = 2.414e+08
[06-30 21:30:41][DEBUG] jax_fem: DeviceProblem: computing Jacobian on device
[06-30 21:30:41][DEBUG] jax_fem: Function split_and_compute_cell took 0.0276 seconds
[06-30 21:30:41][DEBUG] jax_fem: CuDSSNewtonSolver: iter=1  res=1.165e-05  rel=4.824e-14
[06-30 21:30:41][INFO] jax_fem: CuDSSNewtonSolver: solve finished in 0.09s  res=1.165e-05
[06-30 21:30:41][INFO] jax_fem: CuDSS backward: solving adjoint problem …
[06-30 21:30:41][DEBUG] jax_fem: DeviceProblem: computing Jacobian on device
[06-30 21:30:41][DEBUG] jax_fem: Function split_and_compute_cell took 0.0271 seconds
[06-30 21:30:41][DEBUG] jax_fem: Computing cell residual...
[06-30 21:30:41][DEBUG] jax_fem: Function split_and_compute_cell took 0.0524 seconds
[06-30 21:30:41][INFO] jax_fem: CuDSS backward: solving adjoint problem …
[06-30 21:30:41][DEBUG] jax_fem: DeviceProblem: computing Jacobian on device
[06-30 21:30:41][DEBUG] jax_fem: Function split_and_compute_cell took 0.0251 seconds
[06-30 21:30:41][DEBUG] jax_fem: Computing cell residual...
[06-30 21:30:41][DEBUG] jax_fem: Function split_and_compute_cell took 0.0539 seconds
[06-30 21:30:42][INFO] jax_fem: CuDSS backward: solving adjoint problem …
[06-30 21:30:42][DEBUG] jax_fem: DeviceProblem: computing Jacobian on device
[06-30 21:30:42][DEBUG] jax_fem: Function split_and_compute_cell took 0.0251 seconds
[06-30 21:30:42][DEBUG] jax_fem: Computing cell residual...
[06-30 21:30:42][DEBUG] jax_fem: Function split_and_compute_cell took 0.0521 seconds
[06-30 21:30:42][INFO] jax_fem: CuDSS backward: solving adjoint problem …
[06-30 21:30:42][DEBUG] jax_fem: DeviceProblem: computing Jacobian on device
[06-30 21:30:42][DEBUG] jax_fem: Function split_and_compute_cell took 0.0263 seconds
[06-30 21:30:42][DEBUG] jax_fem: Computing cell residual...
[06-30 21:30:42][DEBUG] jax_fem: Function split_and_compute_cell took 0.0553 seconds
[06-30 21:30:42][INFO] jax_fem: CuDSS backward: solving adjoint problem …
[06-30 21:30:42][DEBUG] jax_fem: DeviceProblem: computing Jacobian on device
[06-30 21:30:42][DEBUG] jax_fem: Function split_and_compute_cell took 0.0250 seconds
[06-30 21:30:42][DEBUG] jax_fem: Computing cell residual...
[06-30 21:30:42][DEBUG] jax_fem: Function split_and_compute_cell took 0.0503 seconds
[06-30 21:30:43][DEBUG] jax_fem: CuDSSNewtonSolver: starting Newton loop
[06-30 21:30:43][DEBUG] jax_fem: DeviceProblem: computing Jacobian on device
[06-30 21:30:43][DEBUG] jax_fem: Function split_and_compute_cell took 0.0248 seconds
[06-30 21:30:43][DEBUG] jax_fem: CuDSSNewtonSolver: initial residual = 2.422e+08
[06-30 21:30:43][DEBUG] jax_fem: DeviceProblem: computing Jacobian on device
[06-30 21:30:44][DEBUG] jax_fem: Function split_and_compute_cell took 0.0249 seconds
[06-30 21:30:44][DEBUG] jax_fem: CuDSSNewtonSolver: iter=1  res=1.591e-05  rel=6.569e-14
[06-30 21:30:44][INFO] jax_fem: CuDSSNewtonSolver: solve finished in 0.09s  res=1.591e-05
[06-30 21:30:44][DEBUG] jax_fem: CuDSSNewtonSolver: starting Newton loop
[06-30 21:30:44][DEBUG] jax_fem: DeviceProblem: computing Jacobian on device
[06-30 21:30:44][DEBUG] jax_fem: Function split_and_compute_cell took 0.0264 seconds
[06-30 21:30:44][DEBUG] jax_fem: CuDSSNewtonSolver: initial residual = 2.401e+08
[06-30 21:30:44][DEBUG] jax_fem: DeviceProblem: computing Jacobian on device
[06-30 21:30:44][DEBUG] jax_fem: Function split_and_compute_cell took 0.0258 seconds
[06-30 21:30:44][DEBUG] jax_fem: CuDSSNewtonSolver: iter=1  res=1.506e-05  rel=6.271e-14
[06-30 21:30:44][INFO] jax_fem: CuDSSNewtonSolver: solve finished in 0.09s  res=1.506e-05
[06-30 21:30:44][DEBUG] jax_fem: CuDSSNewtonSolver: starting Newton loop
[06-30 21:30:44][DEBUG] jax_fem: DeviceProblem: computing Jacobian on device
[06-30 21:30:44][DEBUG] jax_fem: Function split_and_compute_cell took 0.0274 seconds
[06-30 21:30:44][DEBUG] jax_fem: CuDSSNewtonSolver: initial residual = 2.395e+08
[06-30 21:30:44][DEBUG] jax_fem: DeviceProblem: computing Jacobian on device
[06-30 21:30:44][DEBUG] jax_fem: Function split_and_compute_cell took 0.0337 seconds
[06-30 21:30:44][DEBUG] jax_fem: CuDSSNewtonSolver: iter=1  res=1.611e-05  rel=6.724e-14
[06-30 21:30:44][INFO] jax_fem: CuDSSNewtonSolver: solve finished in 0.10s  res=1.611e-05
[06-30 21:30:44][DEBUG] jax_fem: CuDSSNewtonSolver: starting Newton loop
[06-30 21:30:44][DEBUG] jax_fem: DeviceProblem: computing Jacobian on device
[06-30 21:30:44][DEBUG] jax_fem: Function split_and_compute_cell took 0.0242 seconds
[06-30 21:30:44][DEBUG] jax_fem: CuDSSNewtonSolver: initial residual = 2.424e+08
[06-30 21:30:44][DEBUG] jax_fem: DeviceProblem: computing Jacobian on device
[06-30 21:30:44][DEBUG] jax_fem: Function split_and_compute_cell took 0.0342 seconds
[06-30 21:30:44][DEBUG] jax_fem: CuDSSNewtonSolver: iter=1  res=1.584e-05  rel=6.533e-14
[06-30 21:30:44][INFO] jax_fem: CuDSSNewtonSolver: solve finished in 0.10s  res=1.584e-05
[06-30 21:30:44][DEBUG] jax_fem: CuDSSNewtonSolver: starting Newton loop
[06-30 21:30:45][DEBUG] jax_fem: DeviceProblem: computing Jacobian on device
[06-30 21:30:45][DEBUG] jax_fem: Function split_and_compute_cell took 0.0245 seconds
[06-30 21:30:45][DEBUG] jax_fem: CuDSSNewtonSolver: initial residual = 2.412e+08
[06-30 21:30:45][DEBUG] jax_fem: DeviceProblem: computing Jacobian on device
[06-30 21:30:45][DEBUG] jax_fem: Function split_and_compute_cell took 0.0261 seconds
[06-30 21:30:45][DEBUG] jax_fem: CuDSSNewtonSolver: iter=1  res=1.159e-05  rel=4.805e-14
[06-30 21:30:45][INFO] jax_fem: CuDSSNewtonSolver: solve finished in 0.09s  res=1.159e-05
[06-30 21:30:46][DEBUG] jax_fem: CuDSSNewtonSolver: starting Newton loop
[06-30 21:30:46][DEBUG] jax_fem: DeviceProblem: computing Jacobian on device
[06-30 21:30:46][DEBUG] jax_fem: Function split_and_compute_cell took 0.0273 seconds
[06-30 21:30:46][DEBUG] jax_fem: CuDSSNewtonSolver: initial residual = 2.422e+08
[06-30 21:30:46][DEBUG] jax_fem: DeviceProblem: computing Jacobian on device
[06-30 21:30:46][DEBUG] jax_fem: Function split_and_compute_cell took 0.0286 seconds
[06-30 21:30:46][DEBUG] jax_fem: CuDSSNewtonSolver: iter=1  res=1.600e-05  rel=6.607e-14
[06-30 21:30:46][INFO] jax_fem: CuDSSNewtonSolver: solve finished in 0.09s  res=1.600e-05
[06-30 21:30:47][DEBUG] jax_fem: CuDSSNewtonSolver: starting Newton loop
[06-30 21:30:47][DEBUG] jax_fem: DeviceProblem: computing Jacobian on device
[06-30 21:30:47][DEBUG] jax_fem: Function split_and_compute_cell took 0.0299 seconds
[06-30 21:30:47][DEBUG] jax_fem: CuDSSNewtonSolver: initial residual = 2.401e+08
[06-30 21:30:47][DEBUG] jax_fem: DeviceProblem: computing Jacobian on device
[06-30 21:30:47][DEBUG] jax_fem: Function split_and_compute_cell took 0.0271 seconds
[06-30 21:30:47][DEBUG] jax_fem: CuDSSNewtonSolver: iter=1  res=1.562e-05  rel=6.506e-14
[06-30 21:30:47][INFO] jax_fem: CuDSSNewtonSolver: solve finished in 0.10s  res=1.562e-05
[06-30 21:30:48][DEBUG] jax_fem: CuDSSNewtonSolver: starting Newton loop
[06-30 21:30:48][DEBUG] jax_fem: DeviceProblem: computing Jacobian on device
[06-30 21:30:48][DEBUG] jax_fem: Function split_and_compute_cell took 0.0287 seconds
[06-30 21:30:48][DEBUG] jax_fem: CuDSSNewtonSolver: initial residual = 2.395e+08
[06-30 21:30:48][DEBUG] jax_fem: DeviceProblem: computing Jacobian on device
[06-30 21:30:48][DEBUG] jax_fem: Function split_and_compute_cell took 0.0306 seconds
[06-30 21:30:48][DEBUG] jax_fem: CuDSSNewtonSolver: iter=1  res=1.663e-05  rel=6.943e-14
[06-30 21:30:48][INFO] jax_fem: CuDSSNewtonSolver: solve finished in 0.10s  res=1.663e-05
[06-30 21:30:48][DEBUG] jax_fem: CuDSSNewtonSolver: starting Newton loop
[06-30 21:30:48][DEBUG] jax_fem: DeviceProblem: computing Jacobian on device
[06-30 21:30:48][DEBUG] jax_fem: Function split_and_compute_cell took 0.0313 seconds
[06-30 21:30:48][DEBUG] jax_fem: CuDSSNewtonSolver: initial residual = 2.424e+08
[06-30 21:30:48][DEBUG] jax_fem: DeviceProblem: computing Jacobian on device
[06-30 21:30:48][DEBUG] jax_fem: Function split_and_compute_cell took 0.0287 seconds
[06-30 21:30:48][DEBUG] jax_fem: CuDSSNewtonSolver: iter=1  res=1.604e-05  rel=6.615e-14
[06-30 21:30:48][INFO] jax_fem: CuDSSNewtonSolver: solve finished in 0.11s  res=1.604e-05
[06-30 21:30:49][DEBUG] jax_fem: CuDSSNewtonSolver: starting Newton loop
[06-30 21:30:49][DEBUG] jax_fem: DeviceProblem: computing Jacobian on device
[06-30 21:30:49][DEBUG] jax_fem: Function split_and_compute_cell took 0.0320 seconds
[06-30 21:30:49][DEBUG] jax_fem: CuDSSNewtonSolver: initial residual = 2.412e+08
[06-30 21:30:49][DEBUG] jax_fem: DeviceProblem: computing Jacobian on device
[06-30 21:30:49][DEBUG] jax_fem: Function split_and_compute_cell took 0.0298 seconds
[06-30 21:30:49][DEBUG] jax_fem: CuDSSNewtonSolver: iter=1  res=1.152e-05  rel=4.778e-14
[06-30 21:30:49][INFO] jax_fem: CuDSSNewtonSolver: solve finished in 0.11s  res=1.152e-05
[06-30 21:30:49][INFO] jax_fem: CuDSS backward: solving adjoint problem …
[06-30 21:30:49][DEBUG] jax_fem: DeviceProblem: computing Jacobian on device
[06-30 21:30:49][DEBUG] jax_fem: Function split_and_compute_cell took 0.0281 seconds
[06-30 21:30:49][DEBUG] jax_fem: Computing cell residual...
[06-30 21:30:49][DEBUG] jax_fem: Function split_and_compute_cell took 0.0725 seconds
[06-30 21:30:50][INFO] jax_fem: CuDSS backward: solving adjoint problem …
[06-30 21:30:50][DEBUG] jax_fem: DeviceProblem: computing Jacobian on device
[06-30 21:30:50][DEBUG] jax_fem: Function split_and_compute_cell took 0.0320 seconds
[06-30 21:30:50][DEBUG] jax_fem: Computing cell residual...
[06-30 21:30:50][DEBUG] jax_fem: Function split_and_compute_cell took 0.0807 seconds
[06-30 21:30:50][INFO] jax_fem: CuDSS backward: solving adjoint problem …
[06-30 21:30:50][DEBUG] jax_fem: DeviceProblem: computing Jacobian on device
[06-30 21:30:50][DEBUG] jax_fem: Function split_and_compute_cell took 0.0463 seconds
[06-30 21:30:50][DEBUG] jax_fem: Computing cell residual...
[06-30 21:30:50][DEBUG] jax_fem: Function split_and_compute_cell took 0.0609 seconds
[06-30 21:30:50][INFO] jax_fem: CuDSS backward: solving adjoint problem …
[06-30 21:30:50][DEBUG] jax_fem: DeviceProblem: computing Jacobian on device
[06-30 21:30:51][DEBUG] jax_fem: Function split_and_compute_cell took 0.0501 seconds
[06-30 21:30:51][DEBUG] jax_fem: Computing cell residual...
[06-30 21:30:51][DEBUG] jax_fem: Function split_and_compute_cell took 0.3956 seconds
[06-30 21:30:51][INFO] jax_fem: CuDSS backward: solving adjoint problem …
[06-30 21:30:51][DEBUG] jax_fem: DeviceProblem: computing Jacobian on device
[06-30 21:30:51][DEBUG] jax_fem: Function split_and_compute_cell took 0.0437 seconds
[06-30 21:30:51][DEBUG] jax_fem: Computing cell residual...
[06-30 21:30:51][DEBUG] jax_fem: Function split_and_compute_cell took 0.0567 seconds
[06-30 21:30:53][DEBUG] jax_fem: CuDSSNewtonSolver: starting Newton loop
[06-30 21:30:53][DEBUG] jax_fem: DeviceProblem: computing Jacobian on device
[06-30 21:30:53][DEBUG] jax_fem: Function split_and_compute_cell took 0.0425 seconds
[06-30 21:30:53][DEBUG] jax_fem: CuDSSNewtonSolver: initial residual = 2.426e+08
[06-30 21:30:53][DEBUG] jax_fem: DeviceProblem: computing Jacobian on device
[06-30 21:30:53][DEBUG] jax_fem: Function split_and_compute_cell took 0.0352 seconds
[06-30 21:30:53][DEBUG] jax_fem: CuDSSNewtonSolver: iter=1  res=1.633e-05  rel=6.731e-14
[06-30 21:30:53][INFO] jax_fem: CuDSSNewtonSolver: solve finished in 0.13s  res=1.633e-05
[06-30 21:30:53][DEBUG] jax_fem: CuDSSNewtonSolver: starting Newton loop
[06-30 21:30:53][DEBUG] jax_fem: DeviceProblem: computing Jacobian on device
[06-30 21:30:53][DEBUG] jax_fem: Function split_and_compute_cell took 0.0500 seconds
[06-30 21:30:53][DEBUG] jax_fem: CuDSSNewtonSolver: initial residual = 2.406e+08
[06-30 21:30:53][DEBUG] jax_fem: DeviceProblem: computing Jacobian on device
[06-30 21:30:53][DEBUG] jax_fem: Function split_and_compute_cell took 0.0524 seconds
[06-30 21:30:54][DEBUG] jax_fem: CuDSSNewtonSolver: iter=1  res=1.604e-05  rel=6.669e-14
[06-30 21:30:54][INFO] jax_fem: CuDSSNewtonSolver: solve finished in 0.15s  res=1.604e-05
[06-30 21:30:54][DEBUG] jax_fem: CuDSSNewtonSolver: starting Newton loop
[06-30 21:30:54][DEBUG] jax_fem: DeviceProblem: computing Jacobian on device
[06-30 21:30:54][DEBUG] jax_fem: Function split_and_compute_cell took 0.0461 seconds
[06-30 21:30:54][DEBUG] jax_fem: CuDSSNewtonSolver: initial residual = 2.399e+08
[06-30 21:30:54][DEBUG] jax_fem: DeviceProblem: computing Jacobian on device
[06-30 21:30:54][DEBUG] jax_fem: Function split_and_compute_cell took 0.0424 seconds
[06-30 21:30:54][DEBUG] jax_fem: CuDSSNewtonSolver: iter=1  res=1.762e-05  rel=7.342e-14
[06-30 21:30:54][INFO] jax_fem: CuDSSNewtonSolver: solve finished in 0.14s  res=1.762e-05
[06-30 21:30:54][DEBUG] jax_fem: CuDSSNewtonSolver: starting Newton loop
[06-30 21:30:54][DEBUG] jax_fem: DeviceProblem: computing Jacobian on device
[06-30 21:30:54][DEBUG] jax_fem: Function split_and_compute_cell took 0.0350 seconds
[06-30 21:30:54][DEBUG] jax_fem: CuDSSNewtonSolver: initial residual = 2.428e+08
[06-30 21:30:54][DEBUG] jax_fem: DeviceProblem: computing Jacobian on device
[06-30 21:30:54][DEBUG] jax_fem: Function split_and_compute_cell took 0.0302 seconds
[06-30 21:30:54][DEBUG] jax_fem: CuDSSNewtonSolver: iter=1  res=1.694e-05  rel=6.977e-14
[06-30 21:30:54][INFO] jax_fem: CuDSSNewtonSolver: solve finished in 0.11s  res=1.694e-05
[06-30 21:30:54][DEBUG] jax_fem: CuDSSNewtonSolver: starting Newton loop
[06-30 21:30:55][DEBUG] jax_fem: DeviceProblem: computing Jacobian on device
[06-30 21:30:55][DEBUG] jax_fem: Function split_and_compute_cell took 0.0385 seconds
[06-30 21:30:55][DEBUG] jax_fem: CuDSSNewtonSolver: initial residual = 2.414e+08
[06-30 21:30:55][DEBUG] jax_fem: DeviceProblem: computing Jacobian on device
[06-30 21:30:55][DEBUG] jax_fem: Function split_and_compute_cell took 0.0349 seconds
[06-30 21:30:55][DEBUG] jax_fem: CuDSSNewtonSolver: iter=1  res=1.171e-05  rel=4.850e-14
[06-30 21:30:55][INFO] jax_fem: CuDSSNewtonSolver: solve finished in 0.12s  res=1.171e-05
[06-30 21:30:56][DEBUG] jax_fem: CuDSSNewtonSolver: starting Newton loop
[06-30 21:30:56][DEBUG] jax_fem: DeviceProblem: computing Jacobian on device
[06-30 21:30:56][DEBUG] jax_fem: Function split_and_compute_cell took 0.0323 seconds
[06-30 21:30:56][DEBUG] jax_fem: CuDSSNewtonSolver: initial residual = 2.426e+08
[06-30 21:30:56][DEBUG] jax_fem: DeviceProblem: computing Jacobian on device
[06-30 21:30:57][DEBUG] jax_fem: Function split_and_compute_cell took 0.0313 seconds
[06-30 21:30:57][DEBUG] jax_fem: CuDSSNewtonSolver: iter=1  res=1.582e-05  rel=6.523e-14
[06-30 21:30:57][INFO] jax_fem: CuDSSNewtonSolver: solve finished in 0.11s  res=1.582e-05
[06-30 21:30:57][DEBUG] jax_fem: CuDSSNewtonSolver: starting Newton loop
[06-30 21:30:57][DEBUG] jax_fem: DeviceProblem: computing Jacobian on device
[06-30 21:30:57][DEBUG] jax_fem: Function split_and_compute_cell took 0.0304 seconds
[06-30 21:30:57][DEBUG] jax_fem: CuDSSNewtonSolver: initial residual = 2.406e+08
[06-30 21:30:57][DEBUG] jax_fem: DeviceProblem: computing Jacobian on device
[06-30 21:30:57][DEBUG] jax_fem: Function split_and_compute_cell took 0.0315 seconds
[06-30 21:30:57][DEBUG] jax_fem: CuDSSNewtonSolver: iter=1  res=1.671e-05  rel=6.946e-14
[06-30 21:30:57][INFO] jax_fem: CuDSSNewtonSolver: solve finished in 0.11s  res=1.671e-05
[06-30 21:30:58][DEBUG] jax_fem: CuDSSNewtonSolver: starting Newton loop
[06-30 21:30:58][DEBUG] jax_fem: DeviceProblem: computing Jacobian on device
[06-30 21:30:58][DEBUG] jax_fem: Function split_and_compute_cell took 0.0316 seconds
[06-30 21:30:58][DEBUG] jax_fem: CuDSSNewtonSolver: initial residual = 2.399e+08
[06-30 21:30:58][DEBUG] jax_fem: DeviceProblem: computing Jacobian on device
[06-30 21:30:58][DEBUG] jax_fem: Function split_and_compute_cell took 0.0310 seconds
[06-30 21:30:58][DEBUG] jax_fem: CuDSSNewtonSolver: iter=1  res=1.750e-05  rel=7.294e-14
[06-30 21:30:58][INFO] jax_fem: CuDSSNewtonSolver: solve finished in 0.11s  res=1.750e-05
[06-30 21:30:58][DEBUG] jax_fem: CuDSSNewtonSolver: starting Newton loop
[06-30 21:30:59][DEBUG] jax_fem: DeviceProblem: computing Jacobian on device
[06-30 21:30:59][DEBUG] jax_fem: Function split_and_compute_cell took 0.0300 seconds
[06-30 21:30:59][DEBUG] jax_fem: CuDSSNewtonSolver: initial residual = 2.428e+08
[06-30 21:30:59][DEBUG] jax_fem: DeviceProblem: computing Jacobian on device
[06-30 21:30:59][DEBUG] jax_fem: Function split_and_compute_cell took 0.0329 seconds
[06-30 21:30:59][DEBUG] jax_fem: CuDSSNewtonSolver: iter=1  res=1.626e-05  rel=6.697e-14
[06-30 21:30:59][INFO] jax_fem: CuDSSNewtonSolver: solve finished in 0.11s  res=1.626e-05
[06-30 21:30:59][DEBUG] jax_fem: CuDSSNewtonSolver: starting Newton loop
[06-30 21:30:59][DEBUG] jax_fem: DeviceProblem: computing Jacobian on device
[06-30 21:30:59][DEBUG] jax_fem: Function split_and_compute_cell took 0.0305 seconds
[06-30 21:30:59][DEBUG] jax_fem: CuDSSNewtonSolver: initial residual = 2.414e+08
[06-30 21:30:59][DEBUG] jax_fem: DeviceProblem: computing Jacobian on device
[06-30 21:30:59][DEBUG] jax_fem: Function split_and_compute_cell took 0.0317 seconds
[06-30 21:30:59][DEBUG] jax_fem: CuDSSNewtonSolver: iter=1  res=1.160e-05  rel=4.807e-14
[06-30 21:30:59][INFO] jax_fem: CuDSSNewtonSolver: solve finished in 0.11s  res=1.160e-05
[06-30 21:30:59][INFO] jax_fem: CuDSS backward: solving adjoint problem …
[06-30 21:30:59][DEBUG] jax_fem: DeviceProblem: computing Jacobian on device
[06-30 21:30:59][DEBUG] jax_fem: Function split_and_compute_cell took 0.0322 seconds
[06-30 21:30:59][DEBUG] jax_fem: Computing cell residual...
[06-30 21:31:00][DEBUG] jax_fem: Function split_and_compute_cell took 0.0659 seconds
[06-30 21:31:00][INFO] jax_fem: CuDSS backward: solving adjoint problem …
[06-30 21:31:00][DEBUG] jax_fem: DeviceProblem: computing Jacobian on device
[06-30 21:31:00][DEBUG] jax_fem: Function split_and_compute_cell took 0.0372 seconds
[06-30 21:31:00][DEBUG] jax_fem: Computing cell residual...
[06-30 21:31:00][DEBUG] jax_fem: Function split_and_compute_cell took 0.0723 seconds
[06-30 21:31:00][INFO] jax_fem: CuDSS backward: solving adjoint problem …
[06-30 21:31:00][DEBUG] jax_fem: DeviceProblem: computing Jacobian on device
[06-30 21:31:00][DEBUG] jax_fem: Function split_and_compute_cell took 0.0558 seconds
[06-30 21:31:00][DEBUG] jax_fem: Computing cell residual...
[06-30 21:31:00][DEBUG] jax_fem: Function split_and_compute_cell took 0.0717 seconds
[06-30 21:31:01][INFO] jax_fem: CuDSS backward: solving adjoint problem …
[06-30 21:31:01][DEBUG] jax_fem: DeviceProblem: computing Jacobian on device
[06-30 21:31:01][DEBUG] jax_fem: Function split_and_compute_cell took 0.0322 seconds
[06-30 21:31:01][DEBUG] jax_fem: Computing cell residual...
[06-30 21:31:01][DEBUG] jax_fem: Function split_and_compute_cell took 0.0716 seconds
[06-30 21:31:01][INFO] jax_fem: CuDSS backward: solving adjoint problem …
[06-30 21:31:01][DEBUG] jax_fem: DeviceProblem: computing Jacobian on device
[06-30 21:31:01][DEBUG] jax_fem: Function split_and_compute_cell took 0.0283 seconds
[06-30 21:31:01][DEBUG] jax_fem: Computing cell residual...
[06-30 21:31:01][DEBUG] jax_fem: Function split_and_compute_cell took 0.0614 seconds
[06-30 21:31:03][DEBUG] jax_fem: CuDSSNewtonSolver: starting Newton loop
[06-30 21:31:03][DEBUG] jax_fem: DeviceProblem: computing Jacobian on device
[06-30 21:31:03][DEBUG] jax_fem: Function split_and_compute_cell took 0.0447 seconds
[06-30 21:31:03][DEBUG] jax_fem: CuDSSNewtonSolver: initial residual = 2.427e+08
[06-30 21:31:03][DEBUG] jax_fem: DeviceProblem: computing Jacobian on device
[06-30 21:31:03][DEBUG] jax_fem: Function split_and_compute_cell took 0.0274 seconds
[06-30 21:31:03][DEBUG] jax_fem: CuDSSNewtonSolver: iter=1  res=1.588e-05  rel=6.544e-14
[06-30 21:31:03][INFO] jax_fem: CuDSSNewtonSolver: solve finished in 0.12s  res=1.588e-05
[06-30 21:31:03][DEBUG] jax_fem: CuDSSNewtonSolver: starting Newton loop
[06-30 21:31:03][DEBUG] jax_fem: DeviceProblem: computing Jacobian on device
[06-30 21:31:03][DEBUG] jax_fem: Function split_and_compute_cell took 0.0308 seconds
[06-30 21:31:03][DEBUG] jax_fem: CuDSSNewtonSolver: initial residual = 2.407e+08
[06-30 21:31:03][DEBUG] jax_fem: DeviceProblem: computing Jacobian on device
[06-30 21:31:03][DEBUG] jax_fem: Function split_and_compute_cell took 0.0338 seconds
[06-30 21:31:03][DEBUG] jax_fem: CuDSSNewtonSolver: iter=1  res=1.636e-05  rel=6.798e-14
[06-30 21:31:03][INFO] jax_fem: CuDSSNewtonSolver: solve finished in 0.11s  res=1.636e-05
[06-30 21:31:04][DEBUG] jax_fem: CuDSSNewtonSolver: starting Newton loop
[06-30 21:31:04][DEBUG] jax_fem: DeviceProblem: computing Jacobian on device
[06-30 21:31:04][DEBUG] jax_fem: Function split_and_compute_cell took 0.0313 seconds
[06-30 21:31:04][DEBUG] jax_fem: CuDSSNewtonSolver: initial residual = 2.401e+08
[06-30 21:31:04][DEBUG] jax_fem: DeviceProblem: computing Jacobian on device
[06-30 21:31:04][DEBUG] jax_fem: Function split_and_compute_cell took 0.0332 seconds
[06-30 21:31:04][DEBUG] jax_fem: CuDSSNewtonSolver: iter=1  res=1.692e-05  rel=7.048e-14
[06-30 21:31:04][INFO] jax_fem: CuDSSNewtonSolver: solve finished in 0.11s  res=1.692e-05
[06-30 21:31:04][DEBUG] jax_fem: CuDSSNewtonSolver: starting Newton loop
[06-30 21:31:04][DEBUG] jax_fem: DeviceProblem: computing Jacobian on device
[06-30 21:31:04][DEBUG] jax_fem: Function split_and_compute_cell took 0.0307 seconds
[06-30 21:31:04][DEBUG] jax_fem: CuDSSNewtonSolver: initial residual = 2.428e+08
[06-30 21:31:04][DEBUG] jax_fem: DeviceProblem: computing Jacobian on device
[06-30 21:31:04][DEBUG] jax_fem: Function split_and_compute_cell took 0.0324 seconds
[06-30 21:31:04][DEBUG] jax_fem: CuDSSNewtonSolver: iter=1  res=1.730e-05  rel=7.126e-14
[06-30 21:31:04][INFO] jax_fem: CuDSSNewtonSolver: solve finished in 0.11s  res=1.730e-05
[06-30 21:31:04][DEBUG] jax_fem: CuDSSNewtonSolver: starting Newton loop
[06-30 21:31:04][DEBUG] jax_fem: DeviceProblem: computing Jacobian on device
[06-30 21:31:04][DEBUG] jax_fem: Function split_and_compute_cell took 0.0376 seconds
[06-30 21:31:04][DEBUG] jax_fem: CuDSSNewtonSolver: initial residual = 2.414e+08
[06-30 21:31:04][DEBUG] jax_fem: DeviceProblem: computing Jacobian on device
[06-30 21:31:04][DEBUG] jax_fem: Function split_and_compute_cell took 0.0384 seconds
[06-30 21:31:04][DEBUG] jax_fem: CuDSSNewtonSolver: iter=1  res=1.184e-05  rel=4.905e-14
[06-30 21:31:04][INFO] jax_fem: CuDSSNewtonSolver: solve finished in 0.12s  res=1.184e-05
[06-30 21:31:06][DEBUG] jax_fem: CuDSSNewtonSolver: starting Newton loop
[06-30 21:31:06][DEBUG] jax_fem: DeviceProblem: computing Jacobian on device
[06-30 21:31:06][DEBUG] jax_fem: Function split_and_compute_cell took 0.0324 seconds
[06-30 21:31:06][DEBUG] jax_fem: CuDSSNewtonSolver: initial residual = 2.427e+08
[06-30 21:31:06][DEBUG] jax_fem: DeviceProblem: computing Jacobian on device
[06-30 21:31:06][DEBUG] jax_fem: Function split_and_compute_cell took 0.0311 seconds
[06-30 21:31:06][DEBUG] jax_fem: CuDSSNewtonSolver: iter=1  res=1.518e-05  rel=6.254e-14
[06-30 21:31:06][INFO] jax_fem: CuDSSNewtonSolver: solve finished in 0.11s  res=1.518e-05
[06-30 21:31:07][DEBUG] jax_fem: CuDSSNewtonSolver: starting Newton loop
[06-30 21:31:07][DEBUG] jax_fem: DeviceProblem: computing Jacobian on device
[06-30 21:31:07][DEBUG] jax_fem: Function split_and_compute_cell took 0.0309 seconds
[06-30 21:31:07][DEBUG] jax_fem: CuDSSNewtonSolver: initial residual = 2.407e+08
[06-30 21:31:07][DEBUG] jax_fem: DeviceProblem: computing Jacobian on device
[06-30 21:31:07][DEBUG] jax_fem: Function split_and_compute_cell took 0.0317 seconds
[06-30 21:31:07][DEBUG] jax_fem: CuDSSNewtonSolver: iter=1  res=1.614e-05  rel=6.707e-14
[06-30 21:31:07][INFO] jax_fem: CuDSSNewtonSolver: solve finished in 0.11s  res=1.614e-05
[06-30 21:31:08][DEBUG] jax_fem: CuDSSNewtonSolver: starting Newton loop
[06-30 21:31:08][DEBUG] jax_fem: DeviceProblem: computing Jacobian on device
[06-30 21:31:08][DEBUG] jax_fem: Function split_and_compute_cell took 0.0305 seconds
[06-30 21:31:08][DEBUG] jax_fem: CuDSSNewtonSolver: initial residual = 2.401e+08
[06-30 21:31:08][DEBUG] jax_fem: DeviceProblem: computing Jacobian on device
[06-30 21:31:08][DEBUG] jax_fem: Function split_and_compute_cell took 0.0309 seconds
[06-30 21:31:08][DEBUG] jax_fem: CuDSSNewtonSolver: iter=1  res=1.784e-05  rel=7.432e-14
[06-30 21:31:08][INFO] jax_fem: CuDSSNewtonSolver: solve finished in 0.11s  res=1.784e-05
[06-30 21:31:09][DEBUG] jax_fem: CuDSSNewtonSolver: starting Newton loop
[06-30 21:31:09][DEBUG] jax_fem: DeviceProblem: computing Jacobian on device
[06-30 21:31:09][DEBUG] jax_fem: Function split_and_compute_cell took 0.0325 seconds
[06-30 21:31:09][DEBUG] jax_fem: CuDSSNewtonSolver: initial residual = 2.428e+08
[06-30 21:31:09][DEBUG] jax_fem: DeviceProblem: computing Jacobian on device
[06-30 21:31:09][DEBUG] jax_fem: Function split_and_compute_cell took 0.0302 seconds
[06-30 21:31:09][DEBUG] jax_fem: CuDSSNewtonSolver: iter=1  res=1.694e-05  rel=6.977e-14
[06-30 21:31:09][INFO] jax_fem: CuDSSNewtonSolver: solve finished in 0.11s  res=1.694e-05
[06-30 21:31:09][DEBUG] jax_fem: CuDSSNewtonSolver: starting Newton loop
[06-30 21:31:09][DEBUG] jax_fem: DeviceProblem: computing Jacobian on device
[06-30 21:31:09][DEBUG] jax_fem: Function split_and_compute_cell took 0.0320 seconds
[06-30 21:31:09][DEBUG] jax_fem: CuDSSNewtonSolver: initial residual = 2.414e+08
[06-30 21:31:09][DEBUG] jax_fem: DeviceProblem: computing Jacobian on device
[06-30 21:31:09][DEBUG] jax_fem: Function split_and_compute_cell took 0.0324 seconds
[06-30 21:31:10][DEBUG] jax_fem: CuDSSNewtonSolver: iter=1  res=1.192e-05  rel=4.939e-14
[06-30 21:31:10][INFO] jax_fem: CuDSSNewtonSolver: solve finished in 0.11s  res=1.192e-05
[06-30 21:31:10][INFO] jax_fem: CuDSS backward: solving adjoint problem …
[06-30 21:31:10][DEBUG] jax_fem: DeviceProblem: computing Jacobian on device
[06-30 21:31:10][DEBUG] jax_fem: Function split_and_compute_cell took 0.0308 seconds
[06-30 21:31:10][DEBUG] jax_fem: Computing cell residual...
[06-30 21:31:10][DEBUG] jax_fem: Function split_and_compute_cell took 0.0721 seconds
[06-30 21:31:10][INFO] jax_fem: CuDSS backward: solving adjoint problem …
[06-30 21:31:10][DEBUG] jax_fem: DeviceProblem: computing Jacobian on device
[06-30 21:31:10][DEBUG] jax_fem: Function split_and_compute_cell took 0.0445 seconds
[06-30 21:31:10][DEBUG] jax_fem: Computing cell residual...
[06-30 21:31:10][DEBUG] jax_fem: Function split_and_compute_cell took 0.0689 seconds
[06-30 21:31:10][INFO] jax_fem: CuDSS backward: solving adjoint problem …
[06-30 21:31:11][DEBUG] jax_fem: DeviceProblem: computing Jacobian on device
[06-30 21:31:11][DEBUG] jax_fem: Function split_and_compute_cell took 0.0386 seconds
[06-30 21:31:11][DEBUG] jax_fem: Computing cell residual...
[06-30 21:31:11][DEBUG] jax_fem: Function split_and_compute_cell took 0.0716 seconds
[06-30 21:31:11][INFO] jax_fem: CuDSS backward: solving adjoint problem …
[06-30 21:31:11][DEBUG] jax_fem: DeviceProblem: computing Jacobian on device
[06-30 21:31:11][DEBUG] jax_fem: Function split_and_compute_cell took 0.0306 seconds
[06-30 21:31:11][DEBUG] jax_fem: Computing cell residual...
[06-30 21:31:11][DEBUG] jax_fem: Function split_and_compute_cell took 0.0665 seconds
[06-30 21:31:11][INFO] jax_fem: CuDSS backward: solving adjoint problem …
[06-30 21:31:11][DEBUG] jax_fem: DeviceProblem: computing Jacobian on device
[06-30 21:31:11][DEBUG] jax_fem: Function split_and_compute_cell took 0.0465 seconds
[06-30 21:31:11][DEBUG] jax_fem: Computing cell residual...
[06-30 21:31:12][DEBUG] jax_fem: Function split_and_compute_cell took 0.0684 seconds
[06-30 21:31:13][DEBUG] jax_fem: CuDSSNewtonSolver: starting Newton loop
[06-30 21:31:13][DEBUG] jax_fem: DeviceProblem: computing Jacobian on device
[06-30 21:31:13][DEBUG] jax_fem: Function split_and_compute_cell took 0.0403 seconds
[06-30 21:31:13][DEBUG] jax_fem: CuDSSNewtonSolver: initial residual = 2.427e+08
[06-30 21:31:13][DEBUG] jax_fem: DeviceProblem: computing Jacobian on device
[06-30 21:31:13][DEBUG] jax_fem: Function split_and_compute_cell took 0.0330 seconds
[06-30 21:31:13][DEBUG] jax_fem: CuDSSNewtonSolver: iter=1  res=1.568e-05  rel=6.462e-14
[06-30 21:31:13][INFO] jax_fem: CuDSSNewtonSolver: solve finished in 0.12s  res=1.568e-05
[06-30 21:31:14][DEBUG] jax_fem: CuDSSNewtonSolver: starting Newton loop
[06-30 21:31:14][DEBUG] jax_fem: DeviceProblem: computing Jacobian on device
[06-30 21:31:14][DEBUG] jax_fem: Function split_and_compute_cell took 0.0423 seconds
[06-30 21:31:14][DEBUG] jax_fem: CuDSSNewtonSolver: initial residual = 2.407e+08
[06-30 21:31:14][DEBUG] jax_fem: DeviceProblem: computing Jacobian on device
[06-30 21:31:14][DEBUG] jax_fem: Function split_and_compute_cell took 0.0336 seconds
[06-30 21:31:14][DEBUG] jax_fem: CuDSSNewtonSolver: iter=1  res=1.634e-05  rel=6.788e-14
[06-30 21:31:14][INFO] jax_fem: CuDSSNewtonSolver: solve finished in 0.13s  res=1.634e-05
[06-30 21:31:14][DEBUG] jax_fem: CuDSSNewtonSolver: starting Newton loop
[06-30 21:31:14][DEBUG] jax_fem: DeviceProblem: computing Jacobian on device
[06-30 21:31:14][DEBUG] jax_fem: Function split_and_compute_cell took 0.0405 seconds
[06-30 21:31:14][DEBUG] jax_fem: CuDSSNewtonSolver: initial residual = 2.401e+08
[06-30 21:31:14][DEBUG] jax_fem: DeviceProblem: computing Jacobian on device
[06-30 21:31:14][DEBUG] jax_fem: Function split_and_compute_cell took 0.0430 seconds
[06-30 21:31:14][DEBUG] jax_fem: CuDSSNewtonSolver: iter=1  res=1.716e-05  rel=7.148e-14
[06-30 21:31:14][INFO] jax_fem: CuDSSNewtonSolver: solve finished in 0.13s  res=1.716e-05
[06-30 21:31:14][DEBUG] jax_fem: CuDSSNewtonSolver: starting Newton loop
[06-30 21:31:14][DEBUG] jax_fem: DeviceProblem: computing Jacobian on device
[06-30 21:31:14][DEBUG] jax_fem: Function split_and_compute_cell took 0.0291 seconds
[06-30 21:31:14][DEBUG] jax_fem: CuDSSNewtonSolver: initial residual = 2.429e+08
[06-30 21:31:14][DEBUG] jax_fem: DeviceProblem: computing Jacobian on device
[06-30 21:31:14][DEBUG] jax_fem: Function split_and_compute_cell took 0.0375 seconds
[06-30 21:31:14][DEBUG] jax_fem: CuDSSNewtonSolver: iter=1  res=1.620e-05  rel=6.673e-14
[06-30 21:31:14][INFO] jax_fem: CuDSSNewtonSolver: solve finished in 0.12s  res=1.620e-05
[06-30 21:31:15][DEBUG] jax_fem: CuDSSNewtonSolver: starting Newton loop
[06-30 21:31:15][DEBUG] jax_fem: DeviceProblem: computing Jacobian on device
[06-30 21:31:15][DEBUG] jax_fem: Function split_and_compute_cell took 0.0353 seconds
[06-30 21:31:15][DEBUG] jax_fem: CuDSSNewtonSolver: initial residual = 2.414e+08
[06-30 21:31:15][DEBUG] jax_fem: DeviceProblem: computing Jacobian on device
[06-30 21:31:15][DEBUG] jax_fem: Function split_and_compute_cell took 0.0359 seconds
[06-30 21:31:15][DEBUG] jax_fem: CuDSSNewtonSolver: iter=1  res=1.193e-05  rel=4.943e-14
[06-30 21:31:15][INFO] jax_fem: CuDSSNewtonSolver: solve finished in 0.12s  res=1.193e-05
[06-30 21:31:17][DEBUG] jax_fem: CuDSSNewtonSolver: starting Newton loop
[06-30 21:31:17][DEBUG] jax_fem: DeviceProblem: computing Jacobian on device
[06-30 21:31:17][DEBUG] jax_fem: Function split_and_compute_cell took 0.0314 seconds
[06-30 21:31:17][DEBUG] jax_fem: CuDSSNewtonSolver: initial residual = 2.427e+08
[06-30 21:31:17][DEBUG] jax_fem: DeviceProblem: computing Jacobian on device
[06-30 21:31:17][DEBUG] jax_fem: Function split_and_compute_cell took 0.0310 seconds
[06-30 21:31:17][DEBUG] jax_fem: CuDSSNewtonSolver: iter=1  res=1.584e-05  rel=6.526e-14
[06-30 21:31:17][INFO] jax_fem: CuDSSNewtonSolver: solve finished in 0.11s  res=1.584e-05
[06-30 21:31:17][DEBUG] jax_fem: CuDSSNewtonSolver: starting Newton loop
[06-30 21:31:17][DEBUG] jax_fem: DeviceProblem: computing Jacobian on device
[06-30 21:31:18][DEBUG] jax_fem: Function split_and_compute_cell took 0.0298 seconds
[06-30 21:31:18][DEBUG] jax_fem: CuDSSNewtonSolver: initial residual = 2.407e+08
[06-30 21:31:18][DEBUG] jax_fem: DeviceProblem: computing Jacobian on device
[06-30 21:31:18][DEBUG] jax_fem: Function split_and_compute_cell took 0.0333 seconds
[06-30 21:31:18][DEBUG] jax_fem: CuDSSNewtonSolver: iter=1  res=1.574e-05  rel=6.540e-14
[06-30 21:31:18][INFO] jax_fem: CuDSSNewtonSolver: solve finished in 0.11s  res=1.574e-05
[06-30 21:31:18][DEBUG] jax_fem: CuDSSNewtonSolver: starting Newton loop
[06-30 21:31:18][DEBUG] jax_fem: DeviceProblem: computing Jacobian on device
[06-30 21:31:18][DEBUG] jax_fem: Function split_and_compute_cell took 0.0317 seconds
[06-30 21:31:18][DEBUG] jax_fem: CuDSSNewtonSolver: initial residual = 2.401e+08
[06-30 21:31:18][DEBUG] jax_fem: DeviceProblem: computing Jacobian on device
[06-30 21:31:18][DEBUG] jax_fem: Function split_and_compute_cell took 0.0351 seconds
[06-30 21:31:18][DEBUG] jax_fem: CuDSSNewtonSolver: iter=1  res=1.709e-05  rel=7.121e-14
[06-30 21:31:18][INFO] jax_fem: CuDSSNewtonSolver: solve finished in 0.11s  res=1.709e-05
[06-30 21:31:19][DEBUG] jax_fem: CuDSSNewtonSolver: starting Newton loop
[06-30 21:31:19][DEBUG] jax_fem: DeviceProblem: computing Jacobian on device
[06-30 21:31:19][DEBUG] jax_fem: Function split_and_compute_cell took 0.0312 seconds
[06-30 21:31:19][DEBUG] jax_fem: CuDSSNewtonSolver: initial residual = 2.429e+08
[06-30 21:31:19][DEBUG] jax_fem: DeviceProblem: computing Jacobian on device
[06-30 21:31:19][DEBUG] jax_fem: Function split_and_compute_cell took 0.0324 seconds
[06-30 21:31:19][DEBUG] jax_fem: CuDSSNewtonSolver: iter=1  res=1.704e-05  rel=7.015e-14
[06-30 21:31:19][INFO] jax_fem: CuDSSNewtonSolver: solve finished in 0.11s  res=1.704e-05
[06-30 21:31:20][DEBUG] jax_fem: CuDSSNewtonSolver: starting Newton loop
[06-30 21:31:20][DEBUG] jax_fem: DeviceProblem: computing Jacobian on device
[06-30 21:31:20][DEBUG] jax_fem: Function split_and_compute_cell took 0.0306 seconds
[06-30 21:31:20][DEBUG] jax_fem: CuDSSNewtonSolver: initial residual = 2.414e+08
[06-30 21:31:20][DEBUG] jax_fem: DeviceProblem: computing Jacobian on device
[06-30 21:31:20][DEBUG] jax_fem: Function split_and_compute_cell took 0.0309 seconds
[06-30 21:31:20][DEBUG] jax_fem: CuDSSNewtonSolver: iter=1  res=1.207e-05  rel=5.000e-14
[06-30 21:31:20][INFO] jax_fem: CuDSSNewtonSolver: solve finished in 0.11s  res=1.207e-05
[06-30 21:31:20][INFO] jax_fem: CuDSS backward: solving adjoint problem …
[06-30 21:31:20][DEBUG] jax_fem: DeviceProblem: computing Jacobian on device
[06-30 21:31:20][DEBUG] jax_fem: Function split_and_compute_cell took 0.0367 seconds
[06-30 21:31:20][DEBUG] jax_fem: Computing cell residual...
[06-30 21:31:20][DEBUG] jax_fem: Function split_and_compute_cell took 0.0687 seconds
[06-30 21:31:21][INFO] jax_fem: CuDSS backward: solving adjoint problem …
[06-30 21:31:21][DEBUG] jax_fem: DeviceProblem: computing Jacobian on device
[06-30 21:31:21][DEBUG] jax_fem: Function split_and_compute_cell took 0.0409 seconds
[06-30 21:31:21][DEBUG] jax_fem: Computing cell residual...
[06-30 21:31:21][DEBUG] jax_fem: Function split_and_compute_cell took 0.0691 seconds
[06-30 21:31:21][INFO] jax_fem: CuDSS backward: solving adjoint problem …
[06-30 21:31:21][DEBUG] jax_fem: DeviceProblem: computing Jacobian on device
[06-30 21:31:21][DEBUG] jax_fem: Function split_and_compute_cell took 0.0297 seconds
[06-30 21:31:21][DEBUG] jax_fem: Computing cell residual...
[06-30 21:31:21][DEBUG] jax_fem: Function split_and_compute_cell took 0.0738 seconds
[06-30 21:31:22][INFO] jax_fem: CuDSS backward: solving adjoint problem …
[06-30 21:31:22][DEBUG] jax_fem: DeviceProblem: computing Jacobian on device
[06-30 21:31:22][DEBUG] jax_fem: Function split_and_compute_cell took 0.0400 seconds
[06-30 21:31:22][DEBUG] jax_fem: Computing cell residual...
[06-30 21:31:22][DEBUG] jax_fem: Function split_and_compute_cell took 0.0702 seconds
[06-30 21:31:22][INFO] jax_fem: CuDSS backward: solving adjoint problem …
[06-30 21:31:22][DEBUG] jax_fem: DeviceProblem: computing Jacobian on device
[06-30 21:31:22][DEBUG] jax_fem: Function split_and_compute_cell took 0.0421 seconds
[06-30 21:31:22][DEBUG] jax_fem: Computing cell residual...
[06-30 21:31:22][DEBUG] jax_fem: Function split_and_compute_cell took 0.0684 seconds
[06-30 21:31:24][DEBUG] jax_fem: CuDSSNewtonSolver: starting Newton loop
[06-30 21:31:24][DEBUG] jax_fem: DeviceProblem: computing Jacobian on device
[06-30 21:31:24][DEBUG] jax_fem: Function split_and_compute_cell took 0.0351 seconds
[06-30 21:31:24][DEBUG] jax_fem: CuDSSNewtonSolver: initial residual = 2.427e+08
[06-30 21:31:24][DEBUG] jax_fem: DeviceProblem: computing Jacobian on device
[06-30 21:31:24][DEBUG] jax_fem: Function split_and_compute_cell took 0.0463 seconds
[06-30 21:31:24][DEBUG] jax_fem: CuDSSNewtonSolver: iter=1  res=1.634e-05  rel=6.734e-14
[06-30 21:31:24][INFO] jax_fem: CuDSSNewtonSolver: solve finished in 0.13s  res=1.634e-05
[06-30 21:31:24][DEBUG] jax_fem: CuDSSNewtonSolver: starting Newton loop
[06-30 21:31:24][DEBUG] jax_fem: DeviceProblem: computing Jacobian on device
[06-30 21:31:24][DEBUG] jax_fem: Function split_and_compute_cell took 0.0353 seconds
[06-30 21:31:24][DEBUG] jax_fem: CuDSSNewtonSolver: initial residual = 2.407e+08
[06-30 21:31:24][DEBUG] jax_fem: DeviceProblem: computing Jacobian on device
[06-30 21:31:24][DEBUG] jax_fem: Function split_and_compute_cell took 0.0417 seconds
[06-30 21:31:24][DEBUG] jax_fem: CuDSSNewtonSolver: iter=1  res=1.561e-05  rel=6.485e-14
[06-30 21:31:24][INFO] jax_fem: CuDSSNewtonSolver: solve finished in 0.13s  res=1.561e-05
[06-30 21:31:25][DEBUG] jax_fem: CuDSSNewtonSolver: starting Newton loop
[06-30 21:31:25][DEBUG] jax_fem: DeviceProblem: computing Jacobian on device
[06-30 21:31:25][DEBUG] jax_fem: Function split_and_compute_cell took 0.0356 seconds
[06-30 21:31:25][DEBUG] jax_fem: CuDSSNewtonSolver: initial residual = 2.401e+08
[06-30 21:31:25][DEBUG] jax_fem: DeviceProblem: computing Jacobian on device
[06-30 21:31:25][DEBUG] jax_fem: Function split_and_compute_cell took 0.0374 seconds
[06-30 21:31:25][DEBUG] jax_fem: CuDSSNewtonSolver: iter=1  res=1.736e-05  rel=7.233e-14
[06-30 21:31:25][INFO] jax_fem: CuDSSNewtonSolver: solve finished in 0.13s  res=1.736e-05
[06-30 21:31:25][DEBUG] jax_fem: CuDSSNewtonSolver: starting Newton loop
[06-30 21:31:25][DEBUG] jax_fem: DeviceProblem: computing Jacobian on device
[06-30 21:31:25][DEBUG] jax_fem: Function split_and_compute_cell took 0.0404 seconds
[06-30 21:31:25][DEBUG] jax_fem: CuDSSNewtonSolver: initial residual = 2.429e+08
[06-30 21:31:25][DEBUG] jax_fem: DeviceProblem: computing Jacobian on device
[06-30 21:31:25][DEBUG] jax_fem: Function split_and_compute_cell took 0.0306 seconds
[06-30 21:31:25][DEBUG] jax_fem: CuDSSNewtonSolver: iter=1  res=1.546e-05  rel=6.366e-14
[06-30 21:31:25][INFO] jax_fem: CuDSSNewtonSolver: solve finished in 0.12s  res=1.546e-05
[06-30 21:31:25][DEBUG] jax_fem: CuDSSNewtonSolver: starting Newton loop
[06-30 21:31:26][DEBUG] jax_fem: DeviceProblem: computing Jacobian on device
[06-30 21:31:26][DEBUG] jax_fem: Function split_and_compute_cell took 0.0469 seconds
[06-30 21:31:26][DEBUG] jax_fem: CuDSSNewtonSolver: initial residual = 2.414e+08
[06-30 21:31:26][DEBUG] jax_fem: DeviceProblem: computing Jacobian on device
[06-30 21:31:26][DEBUG] jax_fem: Function split_and_compute_cell took 0.0409 seconds
[06-30 21:31:26][DEBUG] jax_fem: CuDSSNewtonSolver: iter=1  res=1.190e-05  rel=4.930e-14
[06-30 21:31:26][INFO] jax_fem: CuDSSNewtonSolver: solve finished in 0.14s  res=1.190e-05
[06-30 21:31:28][DEBUG] jax_fem: CuDSSNewtonSolver: starting Newton loop
[06-30 21:31:28][DEBUG] jax_fem: DeviceProblem: computing Jacobian on device
[06-30 21:31:28][DEBUG] jax_fem: Function split_and_compute_cell took 0.0299 seconds
[06-30 21:31:28][DEBUG] jax_fem: CuDSSNewtonSolver: initial residual = 2.427e+08
[06-30 21:31:28][DEBUG] jax_fem: DeviceProblem: computing Jacobian on device
[06-30 21:31:28][DEBUG] jax_fem: Function split_and_compute_cell took 0.0328 seconds
[06-30 21:31:28][DEBUG] jax_fem: CuDSSNewtonSolver: iter=1  res=1.589e-05  rel=6.546e-14
[06-30 21:31:28][INFO] jax_fem: CuDSSNewtonSolver: solve finished in 0.11s  res=1.589e-05
[06-30 21:31:28][DEBUG] jax_fem: CuDSSNewtonSolver: starting Newton loop
[06-30 21:31:28][DEBUG] jax_fem: DeviceProblem: computing Jacobian on device
[06-30 21:31:28][DEBUG] jax_fem: Function split_and_compute_cell took 0.0321 seconds
[06-30 21:31:28][DEBUG] jax_fem: CuDSSNewtonSolver: initial residual = 2.407e+08
[06-30 21:31:28][DEBUG] jax_fem: DeviceProblem: computing Jacobian on device
[06-30 21:31:28][DEBUG] jax_fem: Function split_and_compute_cell took 0.0317 seconds
[06-30 21:31:28][DEBUG] jax_fem: CuDSSNewtonSolver: iter=1  res=1.626e-05  rel=6.756e-14
[06-30 21:31:28][INFO] jax_fem: CuDSSNewtonSolver: solve finished in 0.11s  res=1.626e-05
[06-30 21:31:29][DEBUG] jax_fem: CuDSSNewtonSolver: starting Newton loop
[06-30 21:31:29][DEBUG] jax_fem: DeviceProblem: computing Jacobian on device
[06-30 21:31:29][DEBUG] jax_fem: Function split_and_compute_cell took 0.0335 seconds
[06-30 21:31:29][DEBUG] jax_fem: CuDSSNewtonSolver: initial residual = 2.401e+08
[06-30 21:31:29][DEBUG] jax_fem: DeviceProblem: computing Jacobian on device
[06-30 21:31:29][DEBUG] jax_fem: Function split_and_compute_cell took 0.0320 seconds
[06-30 21:31:29][DEBUG] jax_fem: CuDSSNewtonSolver: iter=1  res=1.849e-05  rel=7.701e-14
[06-30 21:31:29][INFO] jax_fem: CuDSSNewtonSolver: solve finished in 0.11s  res=1.849e-05
[06-30 21:31:30][DEBUG] jax_fem: CuDSSNewtonSolver: starting Newton loop
[06-30 21:31:30][DEBUG] jax_fem: DeviceProblem: computing Jacobian on device
[06-30 21:31:30][DEBUG] jax_fem: Function split_and_compute_cell took 0.0319 seconds
[06-30 21:31:30][DEBUG] jax_fem: CuDSSNewtonSolver: initial residual = 2.429e+08
[06-30 21:31:30][DEBUG] jax_fem: DeviceProblem: computing Jacobian on device
[06-30 21:31:30][DEBUG] jax_fem: Function split_and_compute_cell took 0.0307 seconds
[06-30 21:31:30][DEBUG] jax_fem: CuDSSNewtonSolver: iter=1  res=1.610e-05  rel=6.628e-14
[06-30 21:31:30][INFO] jax_fem: CuDSSNewtonSolver: solve finished in 0.11s  res=1.610e-05
[06-30 21:31:30][DEBUG] jax_fem: CuDSSNewtonSolver: starting Newton loop
[06-30 21:31:30][DEBUG] jax_fem: DeviceProblem: computing Jacobian on device
[06-30 21:31:31][DEBUG] jax_fem: Function split_and_compute_cell took 0.0319 seconds
[06-30 21:31:31][DEBUG] jax_fem: CuDSSNewtonSolver: initial residual = 2.414e+08
[06-30 21:31:31][DEBUG] jax_fem: DeviceProblem: computing Jacobian on device
[06-30 21:31:31][DEBUG] jax_fem: Function split_and_compute_cell took 0.0318 seconds
[06-30 21:31:31][DEBUG] jax_fem: CuDSSNewtonSolver: iter=1  res=1.191e-05  rel=4.933e-14
[06-30 21:31:31][INFO] jax_fem: CuDSSNewtonSolver: solve finished in 0.11s  res=1.191e-05
[06-30 21:31:31][INFO] jax_fem: CuDSS backward: solving adjoint problem …
[06-30 21:31:31][DEBUG] jax_fem: DeviceProblem: computing Jacobian on device
[06-30 21:31:31][DEBUG] jax_fem: Function split_and_compute_cell took 0.0427 seconds
[06-30 21:31:31][DEBUG] jax_fem: Computing cell residual...
[06-30 21:31:31][DEBUG] jax_fem: Function split_and_compute_cell took 0.0694 seconds
[06-30 21:31:31][INFO] jax_fem: CuDSS backward: solving adjoint problem …
[06-30 21:31:31][DEBUG] jax_fem: DeviceProblem: computing Jacobian on device
[06-30 21:31:31][DEBUG] jax_fem: Function split_and_compute_cell took 0.0484 seconds
[06-30 21:31:31][DEBUG] jax_fem: Computing cell residual...
[06-30 21:31:31][DEBUG] jax_fem: Function split_and_compute_cell took 0.0624 seconds
[06-30 21:31:32][INFO] jax_fem: CuDSS backward: solving adjoint problem …
[06-30 21:31:32][DEBUG] jax_fem: DeviceProblem: computing Jacobian on device
[06-30 21:31:32][DEBUG] jax_fem: Function split_and_compute_cell took 0.0369 seconds
[06-30 21:31:32][DEBUG] jax_fem: Computing cell residual...
[06-30 21:31:32][DEBUG] jax_fem: Function split_and_compute_cell took 0.0630 seconds
[06-30 21:31:32][INFO] jax_fem: CuDSS backward: solving adjoint problem …
[06-30 21:31:32][DEBUG] jax_fem: DeviceProblem: computing Jacobian on device
[06-30 21:31:32][DEBUG] jax_fem: Function split_and_compute_cell took 0.0444 seconds
[06-30 21:31:32][DEBUG] jax_fem: Computing cell residual...
[06-30 21:31:32][DEBUG] jax_fem: Function split_and_compute_cell took 0.0707 seconds
[06-30 21:31:32][INFO] jax_fem: CuDSS backward: solving adjoint problem …
[06-30 21:31:32][DEBUG] jax_fem: DeviceProblem: computing Jacobian on device
[06-30 21:31:32][DEBUG] jax_fem: Function split_and_compute_cell took 0.0442 seconds
[06-30 21:31:33][DEBUG] jax_fem: Computing cell residual...
[06-30 21:31:33][DEBUG] jax_fem: Function split_and_compute_cell took 0.0774 seconds
[06-30 21:31:34][DEBUG] jax_fem: CuDSSNewtonSolver: starting Newton loop
[06-30 21:31:34][DEBUG] jax_fem: DeviceProblem: computing Jacobian on device
[06-30 21:31:34][DEBUG] jax_fem: Function split_and_compute_cell took 0.0512 seconds
[06-30 21:31:34][DEBUG] jax_fem: CuDSSNewtonSolver: initial residual = 2.427e+08
[06-30 21:31:34][DEBUG] jax_fem: DeviceProblem: computing Jacobian on device
[06-30 21:31:34][DEBUG] jax_fem: Function split_and_compute_cell took 0.0461 seconds
[06-30 21:31:34][DEBUG] jax_fem: CuDSSNewtonSolver: iter=1  res=1.596e-05  rel=6.574e-14
[06-30 21:31:34][INFO] jax_fem: CuDSSNewtonSolver: solve finished in 0.15s  res=1.596e-05
[06-30 21:31:35][DEBUG] jax_fem: CuDSSNewtonSolver: starting Newton loop
[06-30 21:31:35][DEBUG] jax_fem: DeviceProblem: computing Jacobian on device
[06-30 21:31:35][DEBUG] jax_fem: Function split_and_compute_cell took 0.0429 seconds
[06-30 21:31:35][DEBUG] jax_fem: CuDSSNewtonSolver: initial residual = 2.407e+08
[06-30 21:31:35][DEBUG] jax_fem: DeviceProblem: computing Jacobian on device
[06-30 21:31:35][DEBUG] jax_fem: Function split_and_compute_cell took 0.0468 seconds
[06-30 21:31:35][DEBUG] jax_fem: CuDSSNewtonSolver: iter=1  res=1.579e-05  rel=6.562e-14
[06-30 21:31:35][INFO] jax_fem: CuDSSNewtonSolver: solve finished in 0.14s  res=1.579e-05
[06-30 21:31:35][DEBUG] jax_fem: CuDSSNewtonSolver: starting Newton loop
[06-30 21:31:35][DEBUG] jax_fem: DeviceProblem: computing Jacobian on device
[06-30 21:31:35][DEBUG] jax_fem: Function split_and_compute_cell took 0.0440 seconds
[06-30 21:31:35][DEBUG] jax_fem: CuDSSNewtonSolver: initial residual = 2.401e+08
[06-30 21:31:35][DEBUG] jax_fem: DeviceProblem: computing Jacobian on device
[06-30 21:31:35][DEBUG] jax_fem: Function split_and_compute_cell took 0.0334 seconds
[06-30 21:31:35][DEBUG] jax_fem: CuDSSNewtonSolver: iter=1  res=1.814e-05  rel=7.554e-14
[06-30 21:31:35][INFO] jax_fem: CuDSSNewtonSolver: solve finished in 0.12s  res=1.814e-05
[06-30 21:31:36][DEBUG] jax_fem: CuDSSNewtonSolver: starting Newton loop
[06-30 21:31:36][DEBUG] jax_fem: DeviceProblem: computing Jacobian on device
[06-30 21:31:36][DEBUG] jax_fem: Function split_and_compute_cell took 0.0334 seconds
[06-30 21:31:36][DEBUG] jax_fem: CuDSSNewtonSolver: initial residual = 2.429e+08
[06-30 21:31:36][DEBUG] jax_fem: DeviceProblem: computing Jacobian on device
[06-30 21:31:36][DEBUG] jax_fem: Function split_and_compute_cell took 0.0350 seconds
[06-30 21:31:36][DEBUG] jax_fem: CuDSSNewtonSolver: iter=1  res=1.687e-05  rel=6.945e-14
[06-30 21:31:36][INFO] jax_fem: CuDSSNewtonSolver: solve finished in 0.13s  res=1.687e-05
[06-30 21:31:36][DEBUG] jax_fem: CuDSSNewtonSolver: starting Newton loop
[06-30 21:31:36][DEBUG] jax_fem: DeviceProblem: computing Jacobian on device
[06-30 21:31:36][DEBUG] jax_fem: Function split_and_compute_cell took 0.0359 seconds
[06-30 21:31:36][DEBUG] jax_fem: CuDSSNewtonSolver: initial residual = 2.414e+08
[06-30 21:31:36][DEBUG] jax_fem: DeviceProblem: computing Jacobian on device
[06-30 21:31:36][DEBUG] jax_fem: Function split_and_compute_cell took 0.0482 seconds
[06-30 21:31:36][DEBUG] jax_fem: CuDSSNewtonSolver: iter=1  res=1.164e-05  rel=4.821e-14
[06-30 21:31:36][INFO] jax_fem: CuDSSNewtonSolver: solve finished in 0.14s  res=1.164e-05
[06-30 21:31:38][DEBUG] jax_fem: CuDSSNewtonSolver: starting Newton loop
[06-30 21:31:38][DEBUG] jax_fem: DeviceProblem: computing Jacobian on device
[06-30 21:31:38][DEBUG] jax_fem: Function split_and_compute_cell took 0.0319 seconds
[06-30 21:31:38][DEBUG] jax_fem: CuDSSNewtonSolver: initial residual = 2.427e+08
[06-30 21:31:38][DEBUG] jax_fem: DeviceProblem: computing Jacobian on device
[06-30 21:31:38][DEBUG] jax_fem: Function split_and_compute_cell took 0.0289 seconds
[06-30 21:31:38][DEBUG] jax_fem: CuDSSNewtonSolver: iter=1  res=1.580e-05  rel=6.511e-14
[06-30 21:31:38][INFO] jax_fem: CuDSSNewtonSolver: solve finished in 0.11s  res=1.580e-05
[06-30 21:31:39][DEBUG] jax_fem: CuDSSNewtonSolver: starting Newton loop
[06-30 21:31:39][DEBUG] jax_fem: DeviceProblem: computing Jacobian on device
[06-30 21:31:39][DEBUG] jax_fem: Function split_and_compute_cell took 0.0317 seconds
[06-30 21:31:39][DEBUG] jax_fem: CuDSSNewtonSolver: initial residual = 2.407e+08
[06-30 21:31:39][DEBUG] jax_fem: DeviceProblem: computing Jacobian on device
[06-30 21:31:39][DEBUG] jax_fem: Function split_and_compute_cell took 0.0335 seconds
[06-30 21:31:39][DEBUG] jax_fem: CuDSSNewtonSolver: iter=1  res=1.659e-05  rel=6.891e-14
[06-30 21:31:39][INFO] jax_fem: CuDSSNewtonSolver: solve finished in 0.11s  res=1.659e-05
[06-30 21:31:40][DEBUG] jax_fem: CuDSSNewtonSolver: starting Newton loop
[06-30 21:31:40][DEBUG] jax_fem: DeviceProblem: computing Jacobian on device
[06-30 21:31:40][DEBUG] jax_fem: Function split_and_compute_cell took 0.0321 seconds
[06-30 21:31:40][DEBUG] jax_fem: CuDSSNewtonSolver: initial residual = 2.401e+08
[06-30 21:31:40][DEBUG] jax_fem: DeviceProblem: computing Jacobian on device
[06-30 21:31:40][DEBUG] jax_fem: Function split_and_compute_cell took 0.0313 seconds
[06-30 21:31:40][DEBUG] jax_fem: CuDSSNewtonSolver: iter=1  res=1.750e-05  rel=7.289e-14
[06-30 21:31:40][INFO] jax_fem: CuDSSNewtonSolver: solve finished in 0.11s  res=1.750e-05
[06-30 21:31:41][DEBUG] jax_fem: CuDSSNewtonSolver: starting Newton loop
[06-30 21:31:41][DEBUG] jax_fem: DeviceProblem: computing Jacobian on device
[06-30 21:31:41][DEBUG] jax_fem: Function split_and_compute_cell took 0.0313 seconds
[06-30 21:31:41][DEBUG] jax_fem: CuDSSNewtonSolver: initial residual = 2.429e+08
[06-30 21:31:41][DEBUG] jax_fem: DeviceProblem: computing Jacobian on device
[06-30 21:31:41][DEBUG] jax_fem: Function split_and_compute_cell took 0.0332 seconds
[06-30 21:31:41][DEBUG] jax_fem: CuDSSNewtonSolver: iter=1  res=1.664e-05  rel=6.852e-14
[06-30 21:31:41][INFO] jax_fem: CuDSSNewtonSolver: solve finished in 0.11s  res=1.664e-05
[06-30 21:31:41][DEBUG] jax_fem: CuDSSNewtonSolver: starting Newton loop
[06-30 21:31:41][DEBUG] jax_fem: DeviceProblem: computing Jacobian on device
[06-30 21:31:41][DEBUG] jax_fem: Function split_and_compute_cell took 0.0314 seconds
[06-30 21:31:41][DEBUG] jax_fem: CuDSSNewtonSolver: initial residual = 2.414e+08
[06-30 21:31:41][DEBUG] jax_fem: DeviceProblem: computing Jacobian on device
[06-30 21:31:41][DEBUG] jax_fem: Function split_and_compute_cell took 0.0300 seconds
[06-30 21:31:41][DEBUG] jax_fem: CuDSSNewtonSolver: iter=1  res=1.238e-05  rel=5.128e-14
[06-30 21:31:41][INFO] jax_fem: CuDSSNewtonSolver: solve finished in 0.11s  res=1.238e-05
[06-30 21:31:42][INFO] jax_fem: CuDSS backward: solving adjoint problem …
[06-30 21:31:42][DEBUG] jax_fem: DeviceProblem: computing Jacobian on device
[06-30 21:31:42][DEBUG] jax_fem: Function split_and_compute_cell took 0.0523 seconds
[06-30 21:31:42][DEBUG] jax_fem: Computing cell residual...
[06-30 21:31:42][DEBUG] jax_fem: Function split_and_compute_cell took 0.0809 seconds
[06-30 21:31:42][INFO] jax_fem: CuDSS backward: solving adjoint problem …
[06-30 21:31:42][DEBUG] jax_fem: DeviceProblem: computing Jacobian on device
[06-30 21:31:42][DEBUG] jax_fem: Function split_and_compute_cell took 0.0503 seconds
[06-30 21:31:42][DEBUG] jax_fem: Computing cell residual...
[06-30 21:31:42][DEBUG] jax_fem: Function split_and_compute_cell took 0.0678 seconds
[06-30 21:31:42][INFO] jax_fem: CuDSS backward: solving adjoint problem …
[06-30 21:31:42][DEBUG] jax_fem: DeviceProblem: computing Jacobian on device
[06-30 21:31:42][DEBUG] jax_fem: Function split_and_compute_cell took 0.0360 seconds
[06-30 21:31:43][DEBUG] jax_fem: Computing cell residual...
[06-30 21:31:43][DEBUG] jax_fem: Function split_and_compute_cell took 0.0763 seconds
[06-30 21:31:43][INFO] jax_fem: CuDSS backward: solving adjoint problem …
[06-30 21:31:43][DEBUG] jax_fem: DeviceProblem: computing Jacobian on device
[06-30 21:31:43][DEBUG] jax_fem: Function split_and_compute_cell took 0.0392 seconds
[06-30 21:31:43][DEBUG] jax_fem: Computing cell residual...
[06-30 21:31:43][DEBUG] jax_fem: Function split_and_compute_cell took 0.0641 seconds
[06-30 21:31:43][INFO] jax_fem: CuDSS backward: solving adjoint problem …
[06-30 21:31:43][DEBUG] jax_fem: DeviceProblem: computing Jacobian on device
[06-30 21:31:43][DEBUG] jax_fem: Function split_and_compute_cell took 0.0277 seconds
[06-30 21:31:43][DEBUG] jax_fem: Computing cell residual...
[06-30 21:31:43][DEBUG] jax_fem: Function split_and_compute_cell took 0.0645 seconds
[06-30 21:31:45][DEBUG] jax_fem: CuDSSNewtonSolver: starting Newton loop
[06-30 21:31:45][DEBUG] jax_fem: DeviceProblem: computing Jacobian on device
[06-30 21:31:45][DEBUG] jax_fem: Function split_and_compute_cell took 0.0462 seconds
[06-30 21:31:45][DEBUG] jax_fem: CuDSSNewtonSolver: initial residual = 2.427e+08
[06-30 21:31:45][DEBUG] jax_fem: DeviceProblem: computing Jacobian on device
[06-30 21:31:45][DEBUG] jax_fem: Function split_and_compute_cell took 0.0388 seconds
[06-30 21:31:45][DEBUG] jax_fem: CuDSSNewtonSolver: iter=1  res=1.606e-05  rel=6.618e-14
[06-30 21:31:45][INFO] jax_fem: CuDSSNewtonSolver: solve finished in 0.14s  res=1.606e-05
[06-30 21:31:46][DEBUG] jax_fem: CuDSSNewtonSolver: starting Newton loop
[06-30 21:31:46][DEBUG] jax_fem: DeviceProblem: computing Jacobian on device
[06-30 21:31:46][DEBUG] jax_fem: Function split_and_compute_cell took 0.0400 seconds
[06-30 21:31:46][DEBUG] jax_fem: CuDSSNewtonSolver: initial residual = 2.407e+08
[06-30 21:31:46][DEBUG] jax_fem: DeviceProblem: computing Jacobian on device
[06-30 21:31:46][DEBUG] jax_fem: Function split_and_compute_cell took 0.0362 seconds
[06-30 21:31:46][DEBUG] jax_fem: CuDSSNewtonSolver: iter=1  res=1.705e-05  rel=7.085e-14
[06-30 21:31:46][INFO] jax_fem: CuDSSNewtonSolver: solve finished in 0.14s  res=1.705e-05
[06-30 21:31:46][DEBUG] jax_fem: CuDSSNewtonSolver: starting Newton loop
[06-30 21:31:46][DEBUG] jax_fem: DeviceProblem: computing Jacobian on device
[06-30 21:31:46][DEBUG] jax_fem: Function split_and_compute_cell took 0.0454 seconds
[06-30 21:31:46][DEBUG] jax_fem: CuDSSNewtonSolver: initial residual = 2.401e+08
[06-30 21:31:46][DEBUG] jax_fem: DeviceProblem: computing Jacobian on device
[06-30 21:31:46][DEBUG] jax_fem: Function split_and_compute_cell took 0.0612 seconds
[06-30 21:31:46][DEBUG] jax_fem: CuDSSNewtonSolver: iter=1  res=1.772e-05  rel=7.383e-14
[06-30 21:31:46][INFO] jax_fem: CuDSSNewtonSolver: solve finished in 0.16s  res=1.772e-05
[06-30 21:31:47][DEBUG] jax_fem: CuDSSNewtonSolver: starting Newton loop
[06-30 21:31:47][DEBUG] jax_fem: DeviceProblem: computing Jacobian on device
[06-30 21:31:47][DEBUG] jax_fem: Function split_and_compute_cell took 0.0542 seconds
[06-30 21:31:47][DEBUG] jax_fem: CuDSSNewtonSolver: initial residual = 2.429e+08
[06-30 21:31:47][DEBUG] jax_fem: DeviceProblem: computing Jacobian on device
[06-30 21:31:47][DEBUG] jax_fem: Function split_and_compute_cell took 0.0454 seconds
[06-30 21:31:47][DEBUG] jax_fem: CuDSSNewtonSolver: iter=1  res=1.650e-05  rel=6.794e-14
[06-30 21:31:47][INFO] jax_fem: CuDSSNewtonSolver: solve finished in 0.15s  res=1.650e-05
[06-30 21:31:47][DEBUG] jax_fem: CuDSSNewtonSolver: starting Newton loop
[06-30 21:31:47][DEBUG] jax_fem: DeviceProblem: computing Jacobian on device
[06-30 21:31:47][DEBUG] jax_fem: Function split_and_compute_cell took 0.0491 seconds
[06-30 21:31:47][DEBUG] jax_fem: CuDSSNewtonSolver: initial residual = 2.414e+08
[06-30 21:31:47][DEBUG] jax_fem: DeviceProblem: computing Jacobian on device
[06-30 21:31:47][DEBUG] jax_fem: Function split_and_compute_cell took 0.0401 seconds
[06-30 21:31:47][DEBUG] jax_fem: CuDSSNewtonSolver: iter=1  res=1.155e-05  rel=4.785e-14
[06-30 21:31:47][INFO] jax_fem: CuDSSNewtonSolver: solve finished in 0.14s  res=1.155e-05
[06-30 21:31:49][DEBUG] jax_fem: CuDSSNewtonSolver: starting Newton loop
[06-30 21:31:49][DEBUG] jax_fem: DeviceProblem: computing Jacobian on device
[06-30 21:31:49][DEBUG] jax_fem: Function split_and_compute_cell took 0.0309 seconds
[06-30 21:31:49][DEBUG] jax_fem: CuDSSNewtonSolver: initial residual = 2.427e+08
[06-30 21:31:49][DEBUG] jax_fem: DeviceProblem: computing Jacobian on device
[06-30 21:31:49][DEBUG] jax_fem: Function split_and_compute_cell took 0.0326 seconds
[06-30 21:31:49][DEBUG] jax_fem: CuDSSNewtonSolver: iter=1  res=1.547e-05  rel=6.375e-14
[06-30 21:31:49][INFO] jax_fem: CuDSSNewtonSolver: solve finished in 0.11s  res=1.547e-05
[06-30 21:31:50][DEBUG] jax_fem: CuDSSNewtonSolver: starting Newton loop
[06-30 21:31:50][DEBUG] jax_fem: DeviceProblem: computing Jacobian on device
[06-30 21:31:50][DEBUG] jax_fem: Function split_and_compute_cell took 0.0337 seconds
[06-30 21:31:50][DEBUG] jax_fem: CuDSSNewtonSolver: initial residual = 2.407e+08
[06-30 21:31:50][DEBUG] jax_fem: DeviceProblem: computing Jacobian on device
[06-30 21:31:50][DEBUG] jax_fem: Function split_and_compute_cell took 0.0322 seconds
[06-30 21:31:50][DEBUG] jax_fem: CuDSSNewtonSolver: iter=1  res=1.568e-05  rel=6.514e-14
[06-30 21:31:50][INFO] jax_fem: CuDSSNewtonSolver: solve finished in 0.12s  res=1.568e-05
[06-30 21:31:51][DEBUG] jax_fem: CuDSSNewtonSolver: starting Newton loop
[06-30 21:31:51][DEBUG] jax_fem: DeviceProblem: computing Jacobian on device
[06-30 21:31:51][DEBUG] jax_fem: Function split_and_compute_cell took 0.0317 seconds
[06-30 21:31:51][DEBUG] jax_fem: CuDSSNewtonSolver: initial residual = 2.401e+08
[06-30 21:31:51][DEBUG] jax_fem: DeviceProblem: computing Jacobian on device
[06-30 21:31:51][DEBUG] jax_fem: Function split_and_compute_cell took 0.0333 seconds
[06-30 21:31:51][DEBUG] jax_fem: CuDSSNewtonSolver: iter=1  res=1.762e-05  rel=7.338e-14
[06-30 21:31:51][INFO] jax_fem: CuDSSNewtonSolver: solve finished in 0.11s  res=1.762e-05
[06-30 21:31:52][DEBUG] jax_fem: CuDSSNewtonSolver: starting Newton loop
[06-30 21:31:52][DEBUG] jax_fem: DeviceProblem: computing Jacobian on device
[06-30 21:31:52][DEBUG] jax_fem: Function split_and_compute_cell took 0.0326 seconds
[06-30 21:31:52][DEBUG] jax_fem: CuDSSNewtonSolver: initial residual = 2.429e+08
[06-30 21:31:52][DEBUG] jax_fem: DeviceProblem: computing Jacobian on device
[06-30 21:31:52][DEBUG] jax_fem: Function split_and_compute_cell took 0.0318 seconds
[06-30 21:31:52][DEBUG] jax_fem: CuDSSNewtonSolver: iter=1  res=1.576e-05  rel=6.489e-14
[06-30 21:31:52][INFO] jax_fem: CuDSSNewtonSolver: solve finished in 0.11s  res=1.576e-05
[06-30 21:31:52][DEBUG] jax_fem: CuDSSNewtonSolver: starting Newton loop
[06-30 21:31:52][DEBUG] jax_fem: DeviceProblem: computing Jacobian on device
[06-30 21:31:52][DEBUG] jax_fem: Function split_and_compute_cell took 0.0335 seconds
[06-30 21:31:52][DEBUG] jax_fem: CuDSSNewtonSolver: initial residual = 2.414e+08
[06-30 21:31:52][DEBUG] jax_fem: DeviceProblem: computing Jacobian on device
[06-30 21:31:52][DEBUG] jax_fem: Function split_and_compute_cell took 0.0341 seconds
[06-30 21:31:52][DEBUG] jax_fem: CuDSSNewtonSolver: iter=1  res=1.227e-05  rel=5.081e-14
[06-30 21:31:52][INFO] jax_fem: CuDSSNewtonSolver: solve finished in 0.12s  res=1.227e-05
[06-30 21:31:53][INFO] jax_fem: CuDSS backward: solving adjoint problem …
[06-30 21:31:53][DEBUG] jax_fem: DeviceProblem: computing Jacobian on device
[06-30 21:31:53][DEBUG] jax_fem: Function split_and_compute_cell took 0.0323 seconds
[06-30 21:31:53][DEBUG] jax_fem: Computing cell residual...
[06-30 21:31:53][DEBUG] jax_fem: Function split_and_compute_cell took 0.0798 seconds
[06-30 21:31:53][INFO] jax_fem: CuDSS backward: solving adjoint problem …
[06-30 21:31:53][DEBUG] jax_fem: DeviceProblem: computing Jacobian on device
[06-30 21:31:53][DEBUG] jax_fem: Function split_and_compute_cell took 0.0420 seconds
[06-30 21:31:53][DEBUG] jax_fem: Computing cell residual...
[06-30 21:31:54][DEBUG] jax_fem: Function split_and_compute_cell took 0.0754 seconds
[06-30 21:31:54][INFO] jax_fem: CuDSS backward: solving adjoint problem …
[06-30 21:31:54][DEBUG] jax_fem: DeviceProblem: computing Jacobian on device
[06-30 21:31:54][DEBUG] jax_fem: Function split_and_compute_cell took 0.0332 seconds
[06-30 21:31:54][DEBUG] jax_fem: Computing cell residual...
[06-30 21:31:54][DEBUG] jax_fem: Function split_and_compute_cell took 0.0785 seconds
[06-30 21:31:54][INFO] jax_fem: CuDSS backward: solving adjoint problem …
[06-30 21:31:54][DEBUG] jax_fem: DeviceProblem: computing Jacobian on device
[06-30 21:31:54][DEBUG] jax_fem: Function split_and_compute_cell took 0.0618 seconds
[06-30 21:31:54][DEBUG] jax_fem: Computing cell residual...
[06-30 21:31:54][DEBUG] jax_fem: Function split_and_compute_cell took 0.0690 seconds
[06-30 21:31:55][INFO] jax_fem: CuDSS backward: solving adjoint problem …
[06-30 21:31:55][DEBUG] jax_fem: DeviceProblem: computing Jacobian on device
[06-30 21:31:55][DEBUG] jax_fem: Function split_and_compute_cell took 0.0458 seconds
[06-30 21:31:55][DEBUG] jax_fem: Computing cell residual...
[06-30 21:31:55][DEBUG] jax_fem: Function split_and_compute_cell took 0.0788 seconds
[06-30 21:31:57][DEBUG] jax_fem: CuDSSNewtonSolver: starting Newton loop
[06-30 21:31:57][DEBUG] jax_fem: DeviceProblem: computing Jacobian on device
[06-30 21:31:57][DEBUG] jax_fem: Function split_and_compute_cell took 0.0456 seconds
[06-30 21:31:57][DEBUG] jax_fem: CuDSSNewtonSolver: initial residual = 2.427e+08
[06-30 21:31:57][DEBUG] jax_fem: DeviceProblem: computing Jacobian on device
[06-30 21:31:57][DEBUG] jax_fem: Function split_and_compute_cell took 0.0416 seconds
[06-30 21:31:57][DEBUG] jax_fem: CuDSSNewtonSolver: iter=1  res=1.605e-05  rel=6.615e-14
[06-30 21:31:57][INFO] jax_fem: CuDSSNewtonSolver: solve finished in 0.14s  res=1.605e-05
[06-30 21:31:57][DEBUG] jax_fem: CuDSSNewtonSolver: starting Newton loop
[06-30 21:31:57][DEBUG] jax_fem: DeviceProblem: computing Jacobian on device
[06-30 21:31:57][DEBUG] jax_fem: Function split_and_compute_cell took 0.0315 seconds
[06-30 21:31:57][DEBUG] jax_fem: CuDSSNewtonSolver: initial residual = 2.407e+08
[06-30 21:31:57][DEBUG] jax_fem: DeviceProblem: computing Jacobian on device
[06-30 21:31:57][DEBUG] jax_fem: Function split_and_compute_cell took 0.0319 seconds
[06-30 21:31:57][DEBUG] jax_fem: CuDSSNewtonSolver: iter=1  res=1.613e-05  rel=6.701e-14
[06-30 21:31:57][INFO] jax_fem: CuDSSNewtonSolver: solve finished in 0.12s  res=1.613e-05
[06-30 21:31:58][DEBUG] jax_fem: CuDSSNewtonSolver: starting Newton loop
[06-30 21:31:58][DEBUG] jax_fem: DeviceProblem: computing Jacobian on device
[06-30 21:31:58][DEBUG] jax_fem: Function split_and_compute_cell took 0.0423 seconds
[06-30 21:31:58][DEBUG] jax_fem: CuDSSNewtonSolver: initial residual = 2.401e+08
[06-30 21:31:58][DEBUG] jax_fem: DeviceProblem: computing Jacobian on device
[06-30 21:31:58][DEBUG] jax_fem: Function split_and_compute_cell took 0.0473 seconds
[06-30 21:31:58][DEBUG] jax_fem: CuDSSNewtonSolver: iter=1  res=1.806e-05  rel=7.525e-14
[06-30 21:31:58][INFO] jax_fem: CuDSSNewtonSolver: solve finished in 0.14s  res=1.806e-05
[06-30 21:31:58][DEBUG] jax_fem: CuDSSNewtonSolver: starting Newton loop
[06-30 21:31:58][DEBUG] jax_fem: DeviceProblem: computing Jacobian on device
[06-30 21:31:58][DEBUG] jax_fem: Function split_and_compute_cell took 0.0292 seconds
[06-30 21:31:58][DEBUG] jax_fem: CuDSSNewtonSolver: initial residual = 2.429e+08
[06-30 21:31:58][DEBUG] jax_fem: DeviceProblem: computing Jacobian on device
[06-30 21:31:58][DEBUG] jax_fem: Function split_and_compute_cell took 0.0347 seconds
[06-30 21:31:58][DEBUG] jax_fem: CuDSSNewtonSolver: iter=1  res=1.634e-05  rel=6.729e-14
[06-30 21:31:58][INFO] jax_fem: CuDSSNewtonSolver: solve finished in 0.12s  res=1.634e-05
[06-30 21:31:58][DEBUG] jax_fem: CuDSSNewtonSolver: starting Newton loop
[06-30 21:31:58][DEBUG] jax_fem: DeviceProblem: computing Jacobian on device
[06-30 21:31:59][DEBUG] jax_fem: Function split_and_compute_cell took 0.0455 seconds
[06-30 21:31:59][DEBUG] jax_fem: CuDSSNewtonSolver: initial residual = 2.414e+08
[06-30 21:31:59][DEBUG] jax_fem: DeviceProblem: computing Jacobian on device
[06-30 21:31:59][DEBUG] jax_fem: Function split_and_compute_cell took 0.0419 seconds
[06-30 21:31:59][DEBUG] jax_fem: CuDSSNewtonSolver: iter=1  res=1.213e-05  rel=5.024e-14
[06-30 21:31:59][INFO] jax_fem: CuDSSNewtonSolver: solve finished in 0.14s  res=1.213e-05
[06-30 21:32:01][DEBUG] jax_fem: CuDSSNewtonSolver: starting Newton loop
[06-30 21:32:01][DEBUG] jax_fem: DeviceProblem: computing Jacobian on device
[06-30 21:32:01][DEBUG] jax_fem: Function split_and_compute_cell took 0.0338 seconds
[06-30 21:32:01][DEBUG] jax_fem: CuDSSNewtonSolver: initial residual = 2.427e+08
[06-30 21:32:01][DEBUG] jax_fem: DeviceProblem: computing Jacobian on device
[06-30 21:32:01][DEBUG] jax_fem: Function split_and_compute_cell took 0.0301 seconds
[06-30 21:32:01][DEBUG] jax_fem: CuDSSNewtonSolver: iter=1  res=1.579e-05  rel=6.504e-14
[06-30 21:32:01][INFO] jax_fem: CuDSSNewtonSolver: solve finished in 0.11s  res=1.579e-05
[06-30 21:32:01][DEBUG] jax_fem: CuDSSNewtonSolver: starting Newton loop
[06-30 21:32:01][DEBUG] jax_fem: DeviceProblem: computing Jacobian on device
[06-30 21:32:01][DEBUG] jax_fem: Function split_and_compute_cell took 0.0312 seconds
[06-30 21:32:01][DEBUG] jax_fem: CuDSSNewtonSolver: initial residual = 2.407e+08
[06-30 21:32:01][DEBUG] jax_fem: DeviceProblem: computing Jacobian on device
[06-30 21:32:01][DEBUG] jax_fem: Function split_and_compute_cell took 0.0298 seconds
[06-30 21:32:01][DEBUG] jax_fem: CuDSSNewtonSolver: iter=1  res=1.661e-05  rel=6.901e-14
[06-30 21:32:01][INFO] jax_fem: CuDSSNewtonSolver: solve finished in 0.11s  res=1.661e-05
[06-30 21:32:02][DEBUG] jax_fem: CuDSSNewtonSolver: starting Newton loop
[06-30 21:32:02][DEBUG] jax_fem: DeviceProblem: computing Jacobian on device
[06-30 21:32:02][DEBUG] jax_fem: Function split_and_compute_cell took 0.0335 seconds
[06-30 21:32:02][DEBUG] jax_fem: CuDSSNewtonSolver: initial residual = 2.401e+08
[06-30 21:32:02][DEBUG] jax_fem: DeviceProblem: computing Jacobian on device
[06-30 21:32:02][DEBUG] jax_fem: Function split_and_compute_cell took 0.0313 seconds
[06-30 21:32:02][DEBUG] jax_fem: CuDSSNewtonSolver: iter=1  res=1.758e-05  rel=7.324e-14
[06-30 21:32:02][INFO] jax_fem: CuDSSNewtonSolver: solve finished in 0.11s  res=1.758e-05
[06-30 21:32:03][DEBUG] jax_fem: CuDSSNewtonSolver: starting Newton loop
[06-30 21:32:03][DEBUG] jax_fem: DeviceProblem: computing Jacobian on device
[06-30 21:32:03][DEBUG] jax_fem: Function split_and_compute_cell took 0.0324 seconds
[06-30 21:32:03][DEBUG] jax_fem: CuDSSNewtonSolver: initial residual = 2.429e+08
[06-30 21:32:03][DEBUG] jax_fem: DeviceProblem: computing Jacobian on device
[06-30 21:32:03][DEBUG] jax_fem: Function split_and_compute_cell took 0.0320 seconds
[06-30 21:32:03][DEBUG] jax_fem: CuDSSNewtonSolver: iter=1  res=1.606e-05  rel=6.614e-14
[06-30 21:32:03][INFO] jax_fem: CuDSSNewtonSolver: solve finished in 0.11s  res=1.606e-05
[06-30 21:32:04][DEBUG] jax_fem: CuDSSNewtonSolver: starting Newton loop
[06-30 21:32:04][DEBUG] jax_fem: DeviceProblem: computing Jacobian on device
[06-30 21:32:04][DEBUG] jax_fem: Function split_and_compute_cell took 0.0329 seconds
[06-30 21:32:04][DEBUG] jax_fem: CuDSSNewtonSolver: initial residual = 2.414e+08
[06-30 21:32:04][DEBUG] jax_fem: DeviceProblem: computing Jacobian on device
[06-30 21:32:04][DEBUG] jax_fem: Function split_and_compute_cell took 0.0316 seconds
[06-30 21:32:04][DEBUG] jax_fem: CuDSSNewtonSolver: iter=1  res=1.211e-05  rel=5.018e-14
[06-30 21:32:04][INFO] jax_fem: CuDSSNewtonSolver: solve finished in 0.11s  res=1.211e-05
[06-30 21:32:04][INFO] jax_fem: CuDSS backward: solving adjoint problem …
[06-30 21:32:04][DEBUG] jax_fem: DeviceProblem: computing Jacobian on device
[06-30 21:32:04][DEBUG] jax_fem: Function split_and_compute_cell took 0.0309 seconds
[06-30 21:32:04][DEBUG] jax_fem: Computing cell residual...
[06-30 21:32:04][DEBUG] jax_fem: Function split_and_compute_cell took 0.0687 seconds
[06-30 21:32:04][INFO] jax_fem: CuDSS backward: solving adjoint problem …
[06-30 21:32:04][DEBUG] jax_fem: DeviceProblem: computing Jacobian on device
[06-30 21:32:04][DEBUG] jax_fem: Function split_and_compute_cell took 0.0511 seconds
[06-30 21:32:04][DEBUG] jax_fem: Computing cell residual...
[06-30 21:32:04][DEBUG] jax_fem: Function split_and_compute_cell took 0.0645 seconds
[06-30 21:32:05][INFO] jax_fem: CuDSS backward: solving adjoint problem …
[06-30 21:32:05][DEBUG] jax_fem: DeviceProblem: computing Jacobian on device
[06-30 21:32:05][DEBUG] jax_fem: Function split_and_compute_cell took 0.0383 seconds
[06-30 21:32:05][DEBUG] jax_fem: Computing cell residual...
[06-30 21:32:05][DEBUG] jax_fem: Function split_and_compute_cell took 0.0715 seconds
[06-30 21:32:05][INFO] jax_fem: CuDSS backward: solving adjoint problem …
[06-30 21:32:05][DEBUG] jax_fem: DeviceProblem: computing Jacobian on device
[06-30 21:32:05][DEBUG] jax_fem: Function split_and_compute_cell took 0.0391 seconds
[06-30 21:32:05][DEBUG] jax_fem: Computing cell residual...
[06-30 21:32:05][DEBUG] jax_fem: Function split_and_compute_cell took 0.0729 seconds
[06-30 21:32:06][INFO] jax_fem: CuDSS backward: solving adjoint problem …
[06-30 21:32:06][DEBUG] jax_fem: DeviceProblem: computing Jacobian on device
[06-30 21:32:06][DEBUG] jax_fem: Function split_and_compute_cell took 0.0471 seconds
[06-30 21:32:06][DEBUG] jax_fem: Computing cell residual...
[06-30 21:32:06][DEBUG] jax_fem: Function split_and_compute_cell took 0.0677 seconds
[06-30 21:32:08][DEBUG] jax_fem: CuDSSNewtonSolver: starting Newton loop
[06-30 21:32:08][DEBUG] jax_fem: DeviceProblem: computing Jacobian on device
[06-30 21:32:08][DEBUG] jax_fem: Function split_and_compute_cell took 0.0512 seconds
[06-30 21:32:08][DEBUG] jax_fem: CuDSSNewtonSolver: initial residual = 2.427e+08
[06-30 21:32:08][DEBUG] jax_fem: DeviceProblem: computing Jacobian on device
[06-30 21:32:08][DEBUG] jax_fem: Function split_and_compute_cell took 0.0343 seconds
[06-30 21:32:08][DEBUG] jax_fem: CuDSSNewtonSolver: iter=1  res=1.649e-05  rel=6.793e-14
[06-30 21:32:08][INFO] jax_fem: CuDSSNewtonSolver: solve finished in 0.14s  res=1.649e-05
[06-30 21:32:08][DEBUG] jax_fem: CuDSSNewtonSolver: starting Newton loop
[06-30 21:32:08][DEBUG] jax_fem: DeviceProblem: computing Jacobian on device
[06-30 21:32:08][DEBUG] jax_fem: Function split_and_compute_cell took 0.0492 seconds
[06-30 21:32:08][DEBUG] jax_fem: CuDSSNewtonSolver: initial residual = 2.407e+08
[06-30 21:32:08][DEBUG] jax_fem: DeviceProblem: computing Jacobian on device
[06-30 21:32:08][DEBUG] jax_fem: Function split_and_compute_cell took 0.0434 seconds
[06-30 21:32:08][DEBUG] jax_fem: CuDSSNewtonSolver: iter=1  res=1.625e-05  rel=6.751e-14
[06-30 21:32:08][INFO] jax_fem: CuDSSNewtonSolver: solve finished in 0.15s  res=1.625e-05
[06-30 21:32:08][DEBUG] jax_fem: CuDSSNewtonSolver: starting Newton loop
[06-30 21:32:08][DEBUG] jax_fem: DeviceProblem: computing Jacobian on device
[06-30 21:32:08][DEBUG] jax_fem: Function split_and_compute_cell took 0.0455 seconds
[06-30 21:32:08][DEBUG] jax_fem: CuDSSNewtonSolver: initial residual = 2.401e+08
[06-30 21:32:08][DEBUG] jax_fem: DeviceProblem: computing Jacobian on device
[06-30 21:32:08][DEBUG] jax_fem: Function split_and_compute_cell took 0.0396 seconds
[06-30 21:32:08][DEBUG] jax_fem: CuDSSNewtonSolver: iter=1  res=1.807e-05  rel=7.527e-14
[06-30 21:32:08][INFO] jax_fem: CuDSSNewtonSolver: solve finished in 0.14s  res=1.807e-05
[06-30 21:32:09][DEBUG] jax_fem: CuDSSNewtonSolver: starting Newton loop
[06-30 21:32:09][DEBUG] jax_fem: DeviceProblem: computing Jacobian on device
[06-30 21:32:09][DEBUG] jax_fem: Function split_and_compute_cell took 0.0436 seconds
[06-30 21:32:09][DEBUG] jax_fem: CuDSSNewtonSolver: initial residual = 2.429e+08
[06-30 21:32:09][DEBUG] jax_fem: DeviceProblem: computing Jacobian on device
[06-30 21:32:09][DEBUG] jax_fem: Function split_and_compute_cell took 0.0353 seconds
[06-30 21:32:09][DEBUG] jax_fem: CuDSSNewtonSolver: iter=1  res=1.661e-05  rel=6.841e-14
[06-30 21:32:09][INFO] jax_fem: CuDSSNewtonSolver: solve finished in 0.13s  res=1.661e-05
[06-30 21:32:09][DEBUG] jax_fem: CuDSSNewtonSolver: starting Newton loop
[06-30 21:32:09][DEBUG] jax_fem: DeviceProblem: computing Jacobian on device
[06-30 21:32:09][DEBUG] jax_fem: Function split_and_compute_cell took 0.0337 seconds
[06-30 21:32:09][DEBUG] jax_fem: CuDSSNewtonSolver: initial residual = 2.414e+08
[06-30 21:32:09][DEBUG] jax_fem: DeviceProblem: computing Jacobian on device
[06-30 21:32:09][DEBUG] jax_fem: Function split_and_compute_cell took 0.0320 seconds
[06-30 21:32:09][DEBUG] jax_fem: CuDSSNewtonSolver: iter=1  res=1.179e-05  rel=4.883e-14
[06-30 21:32:09][INFO] jax_fem: CuDSSNewtonSolver: solve finished in 0.11s  res=1.179e-05
[06-30 21:32:12][DEBUG] jax_fem: CuDSSNewtonSolver: starting Newton loop
[06-30 21:32:12][DEBUG] jax_fem: DeviceProblem: computing Jacobian on device
[06-30 21:32:12][DEBUG] jax_fem: Function split_and_compute_cell took 0.0330 seconds
[06-30 21:32:12][DEBUG] jax_fem: CuDSSNewtonSolver: initial residual = 2.427e+08
[06-30 21:32:12][DEBUG] jax_fem: DeviceProblem: computing Jacobian on device
[06-30 21:32:12][DEBUG] jax_fem: Function split_and_compute_cell took 0.0312 seconds
[06-30 21:32:12][DEBUG] jax_fem: CuDSSNewtonSolver: iter=1  res=1.613e-05  rel=6.646e-14
[06-30 21:32:12][INFO] jax_fem: CuDSSNewtonSolver: solve finished in 0.11s  res=1.613e-05
[06-30 21:32:12][DEBUG] jax_fem: CuDSSNewtonSolver: starting Newton loop
[06-30 21:32:12][DEBUG] jax_fem: DeviceProblem: computing Jacobian on device
[06-30 21:32:12][DEBUG] jax_fem: Function split_and_compute_cell took 0.0313 seconds
[06-30 21:32:12][DEBUG] jax_fem: CuDSSNewtonSolver: initial residual = 2.407e+08
[06-30 21:32:12][DEBUG] jax_fem: DeviceProblem: computing Jacobian on device
[06-30 21:32:12][DEBUG] jax_fem: Function split_and_compute_cell took 0.0307 seconds
[06-30 21:32:12][DEBUG] jax_fem: CuDSSNewtonSolver: iter=1  res=1.625e-05  rel=6.751e-14
[06-30 21:32:12][INFO] jax_fem: CuDSSNewtonSolver: solve finished in 0.11s  res=1.625e-05
[06-30 21:32:13][DEBUG] jax_fem: CuDSSNewtonSolver: starting Newton loop
[06-30 21:32:13][DEBUG] jax_fem: DeviceProblem: computing Jacobian on device
[06-30 21:32:13][DEBUG] jax_fem: Function split_and_compute_cell took 0.0294 seconds
[06-30 21:32:13][DEBUG] jax_fem: CuDSSNewtonSolver: initial residual = 2.401e+08
[06-30 21:32:13][DEBUG] jax_fem: DeviceProblem: computing Jacobian on device
[06-30 21:32:13][DEBUG] jax_fem: Function split_and_compute_cell took 0.0346 seconds
[06-30 21:32:13][DEBUG] jax_fem: CuDSSNewtonSolver: iter=1  res=1.727e-05  rel=7.195e-14
[06-30 21:32:13][INFO] jax_fem: CuDSSNewtonSolver: solve finished in 0.11s  res=1.727e-05
[06-30 21:32:14][DEBUG] jax_fem: CuDSSNewtonSolver: starting Newton loop
[06-30 21:32:14][DEBUG] jax_fem: DeviceProblem: computing Jacobian on device
[06-30 21:32:14][DEBUG] jax_fem: Function split_and_compute_cell took 0.0314 seconds
[06-30 21:32:14][DEBUG] jax_fem: CuDSSNewtonSolver: initial residual = 2.429e+08
[06-30 21:32:14][DEBUG] jax_fem: DeviceProblem: computing Jacobian on device
[06-30 21:32:14][DEBUG] jax_fem: Function split_and_compute_cell took 0.0317 seconds
[06-30 21:32:14][DEBUG] jax_fem: CuDSSNewtonSolver: iter=1  res=1.701e-05  rel=7.004e-14
[06-30 21:32:14][INFO] jax_fem: CuDSSNewtonSolver: solve finished in 0.11s  res=1.701e-05
[06-30 21:32:14][DEBUG] jax_fem: CuDSSNewtonSolver: starting Newton loop
[06-30 21:32:14][DEBUG] jax_fem: DeviceProblem: computing Jacobian on device
[06-30 21:32:14][DEBUG] jax_fem: Function split_and_compute_cell took 0.0334 seconds
[06-30 21:32:14][DEBUG] jax_fem: CuDSSNewtonSolver: initial residual = 2.414e+08
[06-30 21:32:14][DEBUG] jax_fem: DeviceProblem: computing Jacobian on device
[06-30 21:32:15][DEBUG] jax_fem: Function split_and_compute_cell took 0.0311 seconds
[06-30 21:32:15][DEBUG] jax_fem: CuDSSNewtonSolver: iter=1  res=1.148e-05  rel=4.755e-14
[06-30 21:32:15][INFO] jax_fem: CuDSSNewtonSolver: solve finished in 0.11s  res=1.148e-05
[06-30 21:32:15][INFO] jax_fem: CuDSS backward: solving adjoint problem …
[06-30 21:32:15][DEBUG] jax_fem: DeviceProblem: computing Jacobian on device
[06-30 21:32:15][DEBUG] jax_fem: Function split_and_compute_cell took 0.0525 seconds
[06-30 21:32:15][DEBUG] jax_fem: Computing cell residual...
[06-30 21:32:15][DEBUG] jax_fem: Function split_and_compute_cell took 0.0724 seconds
[06-30 21:32:15][INFO] jax_fem: CuDSS backward: solving adjoint problem …
[06-30 21:32:15][DEBUG] jax_fem: DeviceProblem: computing Jacobian on device
[06-30 21:32:15][DEBUG] jax_fem: Function split_and_compute_cell took 0.0326 seconds
[06-30 21:32:15][DEBUG] jax_fem: Computing cell residual...
[06-30 21:32:15][DEBUG] jax_fem: Function split_and_compute_cell took 0.0827 seconds
[06-30 21:32:16][INFO] jax_fem: CuDSS backward: solving adjoint problem …
[06-30 21:32:16][DEBUG] jax_fem: DeviceProblem: computing Jacobian on device
[06-30 21:32:16][DEBUG] jax_fem: Function split_and_compute_cell took 0.0581 seconds
[06-30 21:32:16][DEBUG] jax_fem: Computing cell residual...
[06-30 21:32:16][DEBUG] jax_fem: Function split_and_compute_cell took 0.0662 seconds
[06-30 21:32:16][INFO] jax_fem: CuDSS backward: solving adjoint problem …
[06-30 21:32:16][DEBUG] jax_fem: DeviceProblem: computing Jacobian on device
[06-30 21:32:16][DEBUG] jax_fem: Function split_and_compute_cell took 0.0474 seconds
[06-30 21:32:16][DEBUG] jax_fem: Computing cell residual...
[06-30 21:32:16][DEBUG] jax_fem: Function split_and_compute_cell took 0.0735 seconds
[06-30 21:32:16][INFO] jax_fem: CuDSS backward: solving adjoint problem …
[06-30 21:32:16][DEBUG] jax_fem: DeviceProblem: computing Jacobian on device
[06-30 21:32:17][DEBUG] jax_fem: Function split_and_compute_cell took 0.0441 seconds
[06-30 21:32:17][DEBUG] jax_fem: Computing cell residual...
[06-30 21:32:17][DEBUG] jax_fem: Function split_and_compute_cell took 0.0693 seconds
[06-30 21:32:18][DEBUG] jax_fem: CuDSSNewtonSolver: starting Newton loop
[06-30 21:32:18][DEBUG] jax_fem: DeviceProblem: computing Jacobian on device
[06-30 21:32:18][DEBUG] jax_fem: Function split_and_compute_cell took 0.0482 seconds
[06-30 21:32:18][DEBUG] jax_fem: CuDSSNewtonSolver: initial residual = 2.427e+08
[06-30 21:32:18][DEBUG] jax_fem: DeviceProblem: computing Jacobian on device
[06-30 21:32:18][DEBUG] jax_fem: Function split_and_compute_cell took 0.0311 seconds
[06-30 21:32:18][DEBUG] jax_fem: CuDSSNewtonSolver: iter=1  res=1.597e-05  rel=6.582e-14
[06-30 21:32:18][INFO] jax_fem: CuDSSNewtonSolver: solve finished in 0.13s  res=1.597e-05
[06-30 21:32:19][DEBUG] jax_fem: CuDSSNewtonSolver: starting Newton loop
[06-30 21:32:19][DEBUG] jax_fem: DeviceProblem: computing Jacobian on device
[06-30 21:32:19][DEBUG] jax_fem: Function split_and_compute_cell took 0.0342 seconds
[06-30 21:32:19][DEBUG] jax_fem: CuDSSNewtonSolver: initial residual = 2.407e+08
[06-30 21:32:19][DEBUG] jax_fem: DeviceProblem: computing Jacobian on device
[06-30 21:32:19][DEBUG] jax_fem: Function split_and_compute_cell took 0.0475 seconds
[06-30 21:32:19][DEBUG] jax_fem: CuDSSNewtonSolver: iter=1  res=1.574e-05  rel=6.538e-14
[06-30 21:32:19][INFO] jax_fem: CuDSSNewtonSolver: solve finished in 0.14s  res=1.574e-05
[06-30 21:32:19][DEBUG] jax_fem: CuDSSNewtonSolver: starting Newton loop
[06-30 21:32:19][DEBUG] jax_fem: DeviceProblem: computing Jacobian on device
[06-30 21:32:19][DEBUG] jax_fem: Function split_and_compute_cell took 0.0388 seconds
[06-30 21:32:19][DEBUG] jax_fem: CuDSSNewtonSolver: initial residual = 2.401e+08
[06-30 21:32:19][DEBUG] jax_fem: DeviceProblem: computing Jacobian on device
[06-30 21:32:19][DEBUG] jax_fem: Function split_and_compute_cell took 0.0330 seconds
[06-30 21:32:19][DEBUG] jax_fem: CuDSSNewtonSolver: iter=1  res=1.769e-05  rel=7.370e-14
[06-30 21:32:19][INFO] jax_fem: CuDSSNewtonSolver: solve finished in 0.12s  res=1.769e-05
[06-30 21:32:20][DEBUG] jax_fem: CuDSSNewtonSolver: starting Newton loop
[06-30 21:32:20][DEBUG] jax_fem: DeviceProblem: computing Jacobian on device
[06-30 21:32:20][DEBUG] jax_fem: Function split_and_compute_cell took 0.0288 seconds
[06-30 21:32:20][DEBUG] jax_fem: CuDSSNewtonSolver: initial residual = 2.429e+08
[06-30 21:32:20][DEBUG] jax_fem: DeviceProblem: computing Jacobian on device
[06-30 21:32:20][DEBUG] jax_fem: Function split_and_compute_cell took 0.0332 seconds
[06-30 21:32:20][DEBUG] jax_fem: CuDSSNewtonSolver: iter=1  res=1.631e-05  rel=6.717e-14
[06-30 21:32:20][INFO] jax_fem: CuDSSNewtonSolver: solve finished in 0.11s  res=1.631e-05
[06-30 21:32:20][DEBUG] jax_fem: CuDSSNewtonSolver: starting Newton loop
[06-30 21:32:20][DEBUG] jax_fem: DeviceProblem: computing Jacobian on device
[06-30 21:32:20][DEBUG] jax_fem: Function split_and_compute_cell took 0.0405 seconds
[06-30 21:32:20][DEBUG] jax_fem: CuDSSNewtonSolver: initial residual = 2.414e+08
[06-30 21:32:20][DEBUG] jax_fem: DeviceProblem: computing Jacobian on device
[06-30 21:32:20][DEBUG] jax_fem: Function split_and_compute_cell took 0.0372 seconds
[06-30 21:32:20][DEBUG] jax_fem: CuDSSNewtonSolver: iter=1  res=1.217e-05  rel=5.039e-14
[06-30 21:32:20][INFO] jax_fem: CuDSSNewtonSolver: solve finished in 0.13s  res=1.217e-05
[06-30 21:32:22][DEBUG] jax_fem: CuDSSNewtonSolver: starting Newton loop
[06-30 21:32:22][DEBUG] jax_fem: DeviceProblem: computing Jacobian on device
[06-30 21:32:22][DEBUG] jax_fem: Function split_and_compute_cell took 0.0320 seconds
[06-30 21:32:22][DEBUG] jax_fem: CuDSSNewtonSolver: initial residual = 2.427e+08
[06-30 21:32:22][DEBUG] jax_fem: DeviceProblem: computing Jacobian on device
[06-30 21:32:22][DEBUG] jax_fem: Function split_and_compute_cell took 0.0303 seconds
[06-30 21:32:22][DEBUG] jax_fem: CuDSSNewtonSolver: iter=1  res=1.634e-05  rel=6.733e-14
[06-30 21:32:22][INFO] jax_fem: CuDSSNewtonSolver: solve finished in 0.11s  res=1.634e-05
[06-30 21:32:23][DEBUG] jax_fem: CuDSSNewtonSolver: starting Newton loop
[06-30 21:32:23][DEBUG] jax_fem: DeviceProblem: computing Jacobian on device
[06-30 21:32:23][DEBUG] jax_fem: Function split_and_compute_cell took 0.0321 seconds
[06-30 21:32:23][DEBUG] jax_fem: CuDSSNewtonSolver: initial residual = 2.407e+08
[06-30 21:32:23][DEBUG] jax_fem: DeviceProblem: computing Jacobian on device
[06-30 21:32:23][DEBUG] jax_fem: Function split_and_compute_cell took 0.0330 seconds
[06-30 21:32:23][DEBUG] jax_fem: CuDSSNewtonSolver: iter=1  res=1.625e-05  rel=6.753e-14
[06-30 21:32:23][INFO] jax_fem: CuDSSNewtonSolver: solve finished in 0.11s  res=1.625e-05
[06-30 21:32:24][DEBUG] jax_fem: CuDSSNewtonSolver: starting Newton loop
[06-30 21:32:24][DEBUG] jax_fem: DeviceProblem: computing Jacobian on device
[06-30 21:32:24][DEBUG] jax_fem: Function split_and_compute_cell took 0.0322 seconds
[06-30 21:32:24][DEBUG] jax_fem: CuDSSNewtonSolver: initial residual = 2.401e+08
[06-30 21:32:24][DEBUG] jax_fem: DeviceProblem: computing Jacobian on device
[06-30 21:32:24][DEBUG] jax_fem: Function split_and_compute_cell took 0.0326 seconds
[06-30 21:32:24][DEBUG] jax_fem: CuDSSNewtonSolver: iter=1  res=1.744e-05  rel=7.266e-14
[06-30 21:32:24][INFO] jax_fem: CuDSSNewtonSolver: solve finished in 0.11s  res=1.744e-05
[06-30 21:32:24][DEBUG] jax_fem: CuDSSNewtonSolver: starting Newton loop
[06-30 21:32:24][DEBUG] jax_fem: DeviceProblem: computing Jacobian on device
[06-30 21:32:24][DEBUG] jax_fem: Function split_and_compute_cell took 0.0317 seconds
[06-30 21:32:24][DEBUG] jax_fem: CuDSSNewtonSolver: initial residual = 2.429e+08
[06-30 21:32:24][DEBUG] jax_fem: DeviceProblem: computing Jacobian on device
[06-30 21:32:24][DEBUG] jax_fem: Function split_and_compute_cell took 0.0326 seconds
[06-30 21:32:24][DEBUG] jax_fem: CuDSSNewtonSolver: iter=1  res=1.651e-05  rel=6.797e-14
[06-30 21:32:24][INFO] jax_fem: CuDSSNewtonSolver: solve finished in 0.11s  res=1.651e-05
[06-30 21:32:25][DEBUG] jax_fem: CuDSSNewtonSolver: starting Newton loop
[06-30 21:32:25][DEBUG] jax_fem: DeviceProblem: computing Jacobian on device
[06-30 21:32:26][DEBUG] jax_fem: Function split_and_compute_cell took 0.0311 seconds
[06-30 21:32:26][DEBUG] jax_fem: CuDSSNewtonSolver: initial residual = 2.414e+08
[06-30 21:32:26][DEBUG] jax_fem: DeviceProblem: computing Jacobian on device
[06-30 21:32:26][DEBUG] jax_fem: Function split_and_compute_cell took 0.0330 seconds
[06-30 21:32:26][DEBUG] jax_fem: CuDSSNewtonSolver: iter=1  res=1.236e-05  rel=5.118e-14
[06-30 21:32:26][INFO] jax_fem: CuDSSNewtonSolver: solve finished in 0.11s  res=1.236e-05
[06-30 21:32:26][INFO] jax_fem: CuDSS backward: solving adjoint problem …
[06-30 21:32:26][DEBUG] jax_fem: DeviceProblem: computing Jacobian on device
[06-30 21:32:26][DEBUG] jax_fem: Function split_and_compute_cell took 0.0308 seconds
[06-30 21:32:26][DEBUG] jax_fem: Computing cell residual...
[06-30 21:32:26][DEBUG] jax_fem: Function split_and_compute_cell took 0.0672 seconds
[06-30 21:32:26][INFO] jax_fem: CuDSS backward: solving adjoint problem …
[06-30 21:32:26][DEBUG] jax_fem: DeviceProblem: computing Jacobian on device
[06-30 21:32:26][DEBUG] jax_fem: Function split_and_compute_cell took 0.0345 seconds
[06-30 21:32:26][DEBUG] jax_fem: Computing cell residual...
[06-30 21:32:26][DEBUG] jax_fem: Function split_and_compute_cell took 0.0781 seconds
[06-30 21:32:27][INFO] jax_fem: CuDSS backward: solving adjoint problem …
[06-30 21:32:27][DEBUG] jax_fem: DeviceProblem: computing Jacobian on device
[06-30 21:32:27][DEBUG] jax_fem: Function split_and_compute_cell took 0.0378 seconds
[06-30 21:32:27][DEBUG] jax_fem: Computing cell residual...
[06-30 21:32:27][DEBUG] jax_fem: Function split_and_compute_cell took 0.0619 seconds
[06-30 21:32:27][INFO] jax_fem: CuDSS backward: solving adjoint problem …
[06-30 21:32:27][DEBUG] jax_fem: DeviceProblem: computing Jacobian on device
[06-30 21:32:27][DEBUG] jax_fem: Function split_and_compute_cell took 0.0375 seconds
[06-30 21:32:27][DEBUG] jax_fem: Computing cell residual...
[06-30 21:32:27][DEBUG] jax_fem: Function split_and_compute_cell took 0.0666 seconds
[06-30 21:32:27][INFO] jax_fem: CuDSS backward: solving adjoint problem …
[06-30 21:32:27][DEBUG] jax_fem: DeviceProblem: computing Jacobian on device
[06-30 21:32:27][DEBUG] jax_fem: Function split_and_compute_cell took 0.0343 seconds
[06-30 21:32:28][DEBUG] jax_fem: Computing cell residual...
[06-30 21:32:28][DEBUG] jax_fem: Function split_and_compute_cell took 0.0709 seconds
[06-30 21:32:29][DEBUG] jax_fem: CuDSSNewtonSolver: starting Newton loop
[06-30 21:32:30][DEBUG] jax_fem: DeviceProblem: computing Jacobian on device
[06-30 21:32:30][DEBUG] jax_fem: Function split_and_compute_cell took 0.0556 seconds
[06-30 21:32:30][DEBUG] jax_fem: CuDSSNewtonSolver: initial residual = 2.427e+08
[06-30 21:32:30][DEBUG] jax_fem: DeviceProblem: computing Jacobian on device
[06-30 21:32:30][DEBUG] jax_fem: Function split_and_compute_cell took 0.0406 seconds
[06-30 21:32:30][DEBUG] jax_fem: CuDSSNewtonSolver: iter=1  res=1.647e-05  rel=6.787e-14
[06-30 21:32:30][INFO] jax_fem: CuDSSNewtonSolver: solve finished in 0.15s  res=1.647e-05
[06-30 21:32:30][DEBUG] jax_fem: CuDSSNewtonSolver: starting Newton loop
[06-30 21:32:30][DEBUG] jax_fem: DeviceProblem: computing Jacobian on device
[06-30 21:32:30][DEBUG] jax_fem: Function split_and_compute_cell took 0.0471 seconds
[06-30 21:32:30][DEBUG] jax_fem: CuDSSNewtonSolver: initial residual = 2.407e+08
[06-30 21:32:30][DEBUG] jax_fem: DeviceProblem: computing Jacobian on device
[06-30 21:32:30][DEBUG] jax_fem: Function split_and_compute_cell took 0.0544 seconds
[06-30 21:32:30][DEBUG] jax_fem: CuDSSNewtonSolver: iter=1  res=1.650e-05  rel=6.854e-14
[06-30 21:32:30][INFO] jax_fem: CuDSSNewtonSolver: solve finished in 0.16s  res=1.650e-05
[06-30 21:32:30][DEBUG] jax_fem: CuDSSNewtonSolver: starting Newton loop
[06-30 21:32:30][DEBUG] jax_fem: DeviceProblem: computing Jacobian on device
[06-30 21:32:30][DEBUG] jax_fem: Function split_and_compute_cell took 0.0334 seconds
[06-30 21:32:30][DEBUG] jax_fem: CuDSSNewtonSolver: initial residual = 2.401e+08
[06-30 21:32:30][DEBUG] jax_fem: DeviceProblem: computing Jacobian on device
[06-30 21:32:31][DEBUG] jax_fem: Function split_and_compute_cell took 0.0497 seconds
[06-30 21:32:31][DEBUG] jax_fem: CuDSSNewtonSolver: iter=1  res=1.767e-05  rel=7.360e-14
[06-30 21:32:31][INFO] jax_fem: CuDSSNewtonSolver: solve finished in 0.14s  res=1.767e-05
[06-30 21:32:31][DEBUG] jax_fem: CuDSSNewtonSolver: starting Newton loop
[06-30 21:32:31][DEBUG] jax_fem: DeviceProblem: computing Jacobian on device
[06-30 21:32:31][DEBUG] jax_fem: Function split_and_compute_cell took 0.0467 seconds
[06-30 21:32:31][DEBUG] jax_fem: CuDSSNewtonSolver: initial residual = 2.429e+08
[06-30 21:32:31][DEBUG] jax_fem: DeviceProblem: computing Jacobian on device
[06-30 21:32:31][DEBUG] jax_fem: Function split_and_compute_cell took 0.0416 seconds
[06-30 21:32:31][DEBUG] jax_fem: CuDSSNewtonSolver: iter=1  res=1.558e-05  rel=6.414e-14
[06-30 21:32:31][INFO] jax_fem: CuDSSNewtonSolver: solve finished in 0.14s  res=1.558e-05
[06-30 21:32:31][DEBUG] jax_fem: CuDSSNewtonSolver: starting Newton loop
[06-30 21:32:31][DEBUG] jax_fem: DeviceProblem: computing Jacobian on device
[06-30 21:32:31][DEBUG] jax_fem: Function split_and_compute_cell took 0.0348 seconds
[06-30 21:32:31][DEBUG] jax_fem: CuDSSNewtonSolver: initial residual = 2.414e+08
[06-30 21:32:31][DEBUG] jax_fem: DeviceProblem: computing Jacobian on device
[06-30 21:32:31][DEBUG] jax_fem: Function split_and_compute_cell took 0.0420 seconds
[06-30 21:32:31][DEBUG] jax_fem: CuDSSNewtonSolver: iter=1  res=1.168e-05  rel=4.839e-14
[06-30 21:32:31][INFO] jax_fem: CuDSSNewtonSolver: solve finished in 0.13s  res=1.168e-05
[06-30 21:32:33][DEBUG] jax_fem: CuDSSNewtonSolver: starting Newton loop
[06-30 21:32:33][DEBUG] jax_fem: DeviceProblem: computing Jacobian on device
[06-30 21:32:33][DEBUG] jax_fem: Function split_and_compute_cell took 0.0333 seconds
[06-30 21:32:33][DEBUG] jax_fem: CuDSSNewtonSolver: initial residual = 2.427e+08
[06-30 21:32:33][DEBUG] jax_fem: DeviceProblem: computing Jacobian on device
[06-30 21:32:33][DEBUG] jax_fem: Function split_and_compute_cell took 0.0316 seconds
[06-30 21:32:33][DEBUG] jax_fem: CuDSSNewtonSolver: iter=1  res=1.588e-05  rel=6.542e-14
[06-30 21:32:33][INFO] jax_fem: CuDSSNewtonSolver: solve finished in 0.11s  res=1.588e-05
[06-30 21:32:34][DEBUG] jax_fem: CuDSSNewtonSolver: starting Newton loop
[06-30 21:32:34][DEBUG] jax_fem: DeviceProblem: computing Jacobian on device
[06-30 21:32:34][DEBUG] jax_fem: Function split_and_compute_cell took 0.0322 seconds
[06-30 21:32:34][DEBUG] jax_fem: CuDSSNewtonSolver: initial residual = 2.407e+08
[06-30 21:32:34][DEBUG] jax_fem: DeviceProblem: computing Jacobian on device
[06-30 21:32:34][DEBUG] jax_fem: Function split_and_compute_cell took 0.0314 seconds
[06-30 21:32:34][DEBUG] jax_fem: CuDSSNewtonSolver: iter=1  res=1.620e-05  rel=6.730e-14
[06-30 21:32:34][INFO] jax_fem: CuDSSNewtonSolver: solve finished in 0.12s  res=1.620e-05
[06-30 21:32:35][DEBUG] jax_fem: CuDSSNewtonSolver: starting Newton loop
[06-30 21:32:35][DEBUG] jax_fem: DeviceProblem: computing Jacobian on device
[06-30 21:32:35][DEBUG] jax_fem: Function split_and_compute_cell took 0.0318 seconds
[06-30 21:32:35][DEBUG] jax_fem: CuDSSNewtonSolver: initial residual = 2.401e+08
[06-30 21:32:35][DEBUG] jax_fem: DeviceProblem: computing Jacobian on device
[06-30 21:32:35][DEBUG] jax_fem: Function split_and_compute_cell took 0.0309 seconds
[06-30 21:32:35][DEBUG] jax_fem: CuDSSNewtonSolver: iter=1  res=1.716e-05  rel=7.147e-14
[06-30 21:32:35][INFO] jax_fem: CuDSSNewtonSolver: solve finished in 0.11s  res=1.716e-05
[06-30 21:32:36][DEBUG] jax_fem: CuDSSNewtonSolver: starting Newton loop
[06-30 21:32:36][DEBUG] jax_fem: DeviceProblem: computing Jacobian on device
[06-30 21:32:36][DEBUG] jax_fem: Function split_and_compute_cell took 0.0336 seconds
[06-30 21:32:36][DEBUG] jax_fem: CuDSSNewtonSolver: initial residual = 2.429e+08
[06-30 21:32:36][DEBUG] jax_fem: DeviceProblem: computing Jacobian on device
[06-30 21:32:36][DEBUG] jax_fem: Function split_and_compute_cell took 0.0320 seconds
[06-30 21:32:36][DEBUG] jax_fem: CuDSSNewtonSolver: iter=1  res=1.563e-05  rel=6.437e-14
[06-30 21:32:36][INFO] jax_fem: CuDSSNewtonSolver: solve finished in 0.11s  res=1.563e-05
[06-30 21:32:36][DEBUG] jax_fem: CuDSSNewtonSolver: starting Newton loop
[06-30 21:32:36][DEBUG] jax_fem: DeviceProblem: computing Jacobian on device
[06-30 21:32:36][DEBUG] jax_fem: Function split_and_compute_cell took 0.0294 seconds
[06-30 21:32:36][DEBUG] jax_fem: CuDSSNewtonSolver: initial residual = 2.414e+08
[06-30 21:32:36][DEBUG] jax_fem: DeviceProblem: computing Jacobian on device
[06-30 21:32:36][DEBUG] jax_fem: Function split_and_compute_cell took 0.0318 seconds
[06-30 21:32:36][DEBUG] jax_fem: CuDSSNewtonSolver: iter=1  res=1.173e-05  rel=4.858e-14
[06-30 21:32:36][INFO] jax_fem: CuDSSNewtonSolver: solve finished in 0.11s  res=1.173e-05
[06-30 21:32:36][INFO] jax_fem: CuDSS backward: solving adjoint problem …
[06-30 21:32:36][DEBUG] jax_fem: DeviceProblem: computing Jacobian on device
[06-30 21:32:36][DEBUG] jax_fem: Function split_and_compute_cell took 0.0424 seconds
[06-30 21:32:37][DEBUG] jax_fem: Computing cell residual...
[06-30 21:32:37][DEBUG] jax_fem: Function split_and_compute_cell took 0.0810 seconds
[06-30 21:32:37][INFO] jax_fem: CuDSS backward: solving adjoint problem …
[06-30 21:32:37][DEBUG] jax_fem: DeviceProblem: computing Jacobian on device
[06-30 21:32:37][DEBUG] jax_fem: Function split_and_compute_cell took 0.0471 seconds
[06-30 21:32:37][DEBUG] jax_fem: Computing cell residual...
[06-30 21:32:37][DEBUG] jax_fem: Function split_and_compute_cell took 0.0738 seconds
[06-30 21:32:37][INFO] jax_fem: CuDSS backward: solving adjoint problem …
[06-30 21:32:37][DEBUG] jax_fem: DeviceProblem: computing Jacobian on device
[06-30 21:32:37][DEBUG] jax_fem: Function split_and_compute_cell took 0.0479 seconds
[06-30 21:32:38][DEBUG] jax_fem: Computing cell residual...
[06-30 21:32:38][DEBUG] jax_fem: Function split_and_compute_cell took 0.0773 seconds
[06-30 21:32:38][INFO] jax_fem: CuDSS backward: solving adjoint problem …
[06-30 21:32:38][DEBUG] jax_fem: DeviceProblem: computing Jacobian on device
[06-30 21:32:38][DEBUG] jax_fem: Function split_and_compute_cell took 0.0325 seconds
[06-30 21:32:38][DEBUG] jax_fem: Computing cell residual...
[06-30 21:32:38][DEBUG] jax_fem: Function split_and_compute_cell took 0.0743 seconds
[06-30 21:32:38][INFO] jax_fem: CuDSS backward: solving adjoint problem …
[06-30 21:32:38][DEBUG] jax_fem: DeviceProblem: computing Jacobian on device
[06-30 21:32:38][DEBUG] jax_fem: Function split_and_compute_cell took 0.0606 seconds
[06-30 21:32:38][DEBUG] jax_fem: Computing cell residual...
[06-30 21:32:39][DEBUG] jax_fem: Function split_and_compute_cell took 0.0725 seconds
[06-30 21:32:40][DEBUG] jax_fem: CuDSSNewtonSolver: starting Newton loop
[06-30 21:32:40][DEBUG] jax_fem: DeviceProblem: computing Jacobian on device
[06-30 21:32:40][DEBUG] jax_fem: Function split_and_compute_cell took 0.0311 seconds
[06-30 21:32:40][DEBUG] jax_fem: CuDSSNewtonSolver: initial residual = 2.427e+08
[06-30 21:32:40][DEBUG] jax_fem: DeviceProblem: computing Jacobian on device
[06-30 21:32:40][DEBUG] jax_fem: Function split_and_compute_cell took 0.0554 seconds
[06-30 21:32:40][DEBUG] jax_fem: CuDSSNewtonSolver: iter=1  res=1.693e-05  rel=6.977e-14
[06-30 21:32:40][INFO] jax_fem: CuDSSNewtonSolver: solve finished in 0.13s  res=1.693e-05
[06-30 21:32:41][DEBUG] jax_fem: CuDSSNewtonSolver: starting Newton loop
[06-30 21:32:41][DEBUG] jax_fem: DeviceProblem: computing Jacobian on device
[06-30 21:32:41][DEBUG] jax_fem: Function split_and_compute_cell took 0.0396 seconds
[06-30 21:32:41][DEBUG] jax_fem: CuDSSNewtonSolver: initial residual = 2.407e+08
[06-30 21:32:41][DEBUG] jax_fem: DeviceProblem: computing Jacobian on device
[06-30 21:32:41][DEBUG] jax_fem: Function split_and_compute_cell took 0.0460 seconds
[06-30 21:32:41][DEBUG] jax_fem: CuDSSNewtonSolver: iter=1  res=1.669e-05  rel=6.935e-14
[06-30 21:32:41][INFO] jax_fem: CuDSSNewtonSolver: solve finished in 0.14s  res=1.669e-05
[06-30 21:32:41][DEBUG] jax_fem: CuDSSNewtonSolver: starting Newton loop
[06-30 21:32:41][DEBUG] jax_fem: DeviceProblem: computing Jacobian on device
[06-30 21:32:41][DEBUG] jax_fem: Function split_and_compute_cell took 0.0543 seconds
[06-30 21:32:41][DEBUG] jax_fem: CuDSSNewtonSolver: initial residual = 2.401e+08
[06-30 21:32:41][DEBUG] jax_fem: DeviceProblem: computing Jacobian on device
[06-30 21:32:41][DEBUG] jax_fem: Function split_and_compute_cell took 0.0494 seconds
[06-30 21:32:41][DEBUG] jax_fem: CuDSSNewtonSolver: iter=1  res=1.754e-05  rel=7.305e-14
[06-30 21:32:41][INFO] jax_fem: CuDSSNewtonSolver: solve finished in 0.16s  res=1.754e-05
[06-30 21:32:42][DEBUG] jax_fem: CuDSSNewtonSolver: starting Newton loop
[06-30 21:32:42][DEBUG] jax_fem: DeviceProblem: computing Jacobian on device
[06-30 21:32:42][DEBUG] jax_fem: Function split_and_compute_cell took 0.0558 seconds
[06-30 21:32:42][DEBUG] jax_fem: CuDSSNewtonSolver: initial residual = 2.429e+08
[06-30 21:32:42][DEBUG] jax_fem: DeviceProblem: computing Jacobian on device
[06-30 21:32:42][DEBUG] jax_fem: Function split_and_compute_cell took 0.0559 seconds
[06-30 21:32:42][DEBUG] jax_fem: CuDSSNewtonSolver: iter=1  res=1.608e-05  rel=6.619e-14
[06-30 21:32:42][INFO] jax_fem: CuDSSNewtonSolver: solve finished in 0.17s  res=1.608e-05
[06-30 21:32:42][DEBUG] jax_fem: CuDSSNewtonSolver: starting Newton loop
[06-30 21:32:42][DEBUG] jax_fem: DeviceProblem: computing Jacobian on device
[06-30 21:32:42][DEBUG] jax_fem: Function split_and_compute_cell took 0.0451 seconds
[06-30 21:32:42][DEBUG] jax_fem: CuDSSNewtonSolver: initial residual = 2.414e+08
[06-30 21:32:42][DEBUG] jax_fem: DeviceProblem: computing Jacobian on device
[06-30 21:32:42][DEBUG] jax_fem: Function split_and_compute_cell took 0.0372 seconds
[06-30 21:32:42][DEBUG] jax_fem: CuDSSNewtonSolver: iter=1  res=1.182e-05  rel=4.894e-14
[06-30 21:32:42][INFO] jax_fem: CuDSSNewtonSolver: solve finished in 0.14s  res=1.182e-05
[06-30 21:32:44][DEBUG] jax_fem: CuDSSNewtonSolver: starting Newton loop
[06-30 21:32:44][DEBUG] jax_fem: DeviceProblem: computing Jacobian on device
[06-30 21:32:44][DEBUG] jax_fem: Function split_and_compute_cell took 0.0302 seconds
[06-30 21:32:44][DEBUG] jax_fem: CuDSSNewtonSolver: initial residual = 2.427e+08
[06-30 21:32:44][DEBUG] jax_fem: DeviceProblem: computing Jacobian on device
[06-30 21:32:44][DEBUG] jax_fem: Function split_and_compute_cell took 0.0321 seconds
[06-30 21:32:44][DEBUG] jax_fem: CuDSSNewtonSolver: iter=1  res=1.588e-05  rel=6.542e-14
[06-30 21:32:44][INFO] jax_fem: CuDSSNewtonSolver: solve finished in 0.11s  res=1.588e-05
[06-30 21:32:45][DEBUG] jax_fem: CuDSSNewtonSolver: starting Newton loop
[06-30 21:32:45][DEBUG] jax_fem: DeviceProblem: computing Jacobian on device
[06-30 21:32:45][DEBUG] jax_fem: Function split_and_compute_cell took 0.0326 seconds
[06-30 21:32:45][DEBUG] jax_fem: CuDSSNewtonSolver: initial residual = 2.407e+08
[06-30 21:32:45][DEBUG] jax_fem: DeviceProblem: computing Jacobian on device
[06-30 21:32:45][DEBUG] jax_fem: Function split_and_compute_cell took 0.0313 seconds
[06-30 21:32:45][DEBUG] jax_fem: CuDSSNewtonSolver: iter=1  res=1.645e-05  rel=6.833e-14
[06-30 21:32:45][INFO] jax_fem: CuDSSNewtonSolver: solve finished in 0.11s  res=1.645e-05
[06-30 21:32:46][DEBUG] jax_fem: CuDSSNewtonSolver: starting Newton loop
[06-30 21:32:46][DEBUG] jax_fem: DeviceProblem: computing Jacobian on device
[06-30 21:32:46][DEBUG] jax_fem: Function split_and_compute_cell took 0.0308 seconds
[06-30 21:32:46][DEBUG] jax_fem: CuDSSNewtonSolver: initial residual = 2.401e+08
[06-30 21:32:46][DEBUG] jax_fem: DeviceProblem: computing Jacobian on device
[06-30 21:32:46][DEBUG] jax_fem: Function split_and_compute_cell took 0.0312 seconds
[06-30 21:32:46][DEBUG] jax_fem: CuDSSNewtonSolver: iter=1  res=1.685e-05  rel=7.020e-14
[06-30 21:32:46][INFO] jax_fem: CuDSSNewtonSolver: solve finished in 0.11s  res=1.685e-05
[06-30 21:32:47][DEBUG] jax_fem: CuDSSNewtonSolver: starting Newton loop
[06-30 21:32:47][DEBUG] jax_fem: DeviceProblem: computing Jacobian on device
[06-30 21:32:47][DEBUG] jax_fem: Function split_and_compute_cell took 0.0305 seconds
[06-30 21:32:47][DEBUG] jax_fem: CuDSSNewtonSolver: initial residual = 2.429e+08
[06-30 21:32:47][DEBUG] jax_fem: DeviceProblem: computing Jacobian on device
[06-30 21:32:47][DEBUG] jax_fem: Function split_and_compute_cell took 0.0328 seconds
[06-30 21:32:47][DEBUG] jax_fem: CuDSSNewtonSolver: iter=1  res=1.665e-05  rel=6.858e-14
[06-30 21:32:47][INFO] jax_fem: CuDSSNewtonSolver: solve finished in 0.11s  res=1.665e-05
[06-30 21:32:47][DEBUG] jax_fem: CuDSSNewtonSolver: starting Newton loop
[06-30 21:32:47][DEBUG] jax_fem: DeviceProblem: computing Jacobian on device
[06-30 21:32:47][DEBUG] jax_fem: Function split_and_compute_cell took 0.0323 seconds
[06-30 21:32:47][DEBUG] jax_fem: CuDSSNewtonSolver: initial residual = 2.414e+08
[06-30 21:32:47][DEBUG] jax_fem: DeviceProblem: computing Jacobian on device
[06-30 21:32:47][DEBUG] jax_fem: Function split_and_compute_cell took 0.0317 seconds
[06-30 21:32:47][DEBUG] jax_fem: CuDSSNewtonSolver: iter=1  res=1.156e-05  rel=4.789e-14
[06-30 21:32:47][INFO] jax_fem: CuDSSNewtonSolver: solve finished in 0.11s  res=1.156e-05
[06-30 21:32:48][INFO] jax_fem: CuDSS backward: solving adjoint problem …
[06-30 21:32:48][DEBUG] jax_fem: DeviceProblem: computing Jacobian on device
[06-30 21:32:48][DEBUG] jax_fem: Function split_and_compute_cell took 0.0426 seconds
[06-30 21:32:48][DEBUG] jax_fem: Computing cell residual...
[06-30 21:32:48][DEBUG] jax_fem: Function split_and_compute_cell took 0.0787 seconds
[06-30 21:32:48][INFO] jax_fem: CuDSS backward: solving adjoint problem …
[06-30 21:32:48][DEBUG] jax_fem: DeviceProblem: computing Jacobian on device
[06-30 21:32:48][DEBUG] jax_fem: Function split_and_compute_cell took 0.0292 seconds
[06-30 21:32:48][DEBUG] jax_fem: Computing cell residual...
[06-30 21:32:48][DEBUG] jax_fem: Function split_and_compute_cell took 0.0777 seconds
[06-30 21:32:48][INFO] jax_fem: CuDSS backward: solving adjoint problem …
[06-30 21:32:48][DEBUG] jax_fem: DeviceProblem: computing Jacobian on device
[06-30 21:32:49][DEBUG] jax_fem: Function split_and_compute_cell took 0.0378 seconds
[06-30 21:32:49][DEBUG] jax_fem: Computing cell residual...
[06-30 21:32:49][DEBUG] jax_fem: Function split_and_compute_cell took 0.0803 seconds
[06-30 21:32:49][INFO] jax_fem: CuDSS backward: solving adjoint problem …
[06-30 21:32:49][DEBUG] jax_fem: DeviceProblem: computing Jacobian on device
[06-30 21:32:49][DEBUG] jax_fem: Function split_and_compute_cell took 0.0447 seconds
[06-30 21:32:49][DEBUG] jax_fem: Computing cell residual...
[06-30 21:32:49][DEBUG] jax_fem: Function split_and_compute_cell took 0.0635 seconds
[06-30 21:32:49][INFO] jax_fem: CuDSS backward: solving adjoint problem …
[06-30 21:32:49][DEBUG] jax_fem: DeviceProblem: computing Jacobian on device
[06-30 21:32:49][DEBUG] jax_fem: Function split_and_compute_cell took 0.0385 seconds
[06-30 21:32:49][DEBUG] jax_fem: Computing cell residual...
[06-30 21:32:50][DEBUG] jax_fem: Function split_and_compute_cell took 0.0792 seconds
[06-30 21:32:51][DEBUG] jax_fem: CuDSSNewtonSolver: starting Newton loop
[06-30 21:32:51][DEBUG] jax_fem: DeviceProblem: computing Jacobian on device
[06-30 21:32:51][DEBUG] jax_fem: Function split_and_compute_cell took 0.0324 seconds
[06-30 21:32:51][DEBUG] jax_fem: CuDSSNewtonSolver: initial residual = 2.427e+08
[06-30 21:32:51][DEBUG] jax_fem: DeviceProblem: computing Jacobian on device
[06-30 21:32:52][DEBUG] jax_fem: Function split_and_compute_cell took 0.0417 seconds
[06-30 21:32:52][DEBUG] jax_fem: CuDSSNewtonSolver: iter=1  res=1.605e-05  rel=6.614e-14
[06-30 21:32:52][INFO] jax_fem: CuDSSNewtonSolver: solve finished in 0.13s  res=1.605e-05
[06-30 21:32:52][DEBUG] jax_fem: CuDSSNewtonSolver: starting Newton loop
[06-30 21:32:52][DEBUG] jax_fem: DeviceProblem: computing Jacobian on device
[06-30 21:32:52][DEBUG] jax_fem: Function split_and_compute_cell took 0.0348 seconds
[06-30 21:32:52][DEBUG] jax_fem: CuDSSNewtonSolver: initial residual = 2.407e+08
[06-30 21:32:52][DEBUG] jax_fem: DeviceProblem: computing Jacobian on device
[06-30 21:32:52][DEBUG] jax_fem: Function split_and_compute_cell took 0.0496 seconds
[06-30 21:32:52][DEBUG] jax_fem: CuDSSNewtonSolver: iter=1  res=1.618e-05  rel=6.723e-14
[06-30 21:32:52][INFO] jax_fem: CuDSSNewtonSolver: solve finished in 0.13s  res=1.618e-05
[06-30 21:32:52][DEBUG] jax_fem: CuDSSNewtonSolver: starting Newton loop
[06-30 21:32:52][DEBUG] jax_fem: DeviceProblem: computing Jacobian on device
[06-30 21:32:52][DEBUG] jax_fem: Function split_and_compute_cell took 0.0489 seconds
[06-30 21:32:52][DEBUG] jax_fem: CuDSSNewtonSolver: initial residual = 2.401e+08
[06-30 21:32:52][DEBUG] jax_fem: DeviceProblem: computing Jacobian on device
[06-30 21:32:52][DEBUG] jax_fem: Function split_and_compute_cell took 0.0394 seconds
[06-30 21:32:52][DEBUG] jax_fem: CuDSSNewtonSolver: iter=1  res=1.714e-05  rel=7.140e-14
[06-30 21:32:52][INFO] jax_fem: CuDSSNewtonSolver: solve finished in 0.14s  res=1.714e-05
[06-30 21:32:53][DEBUG] jax_fem: CuDSSNewtonSolver: starting Newton loop
[06-30 21:32:53][DEBUG] jax_fem: DeviceProblem: computing Jacobian on device
[06-30 21:32:53][DEBUG] jax_fem: Function split_and_compute_cell took 0.0338 seconds
[06-30 21:32:53][DEBUG] jax_fem: CuDSSNewtonSolver: initial residual = 2.429e+08
[06-30 21:32:53][DEBUG] jax_fem: DeviceProblem: computing Jacobian on device
[06-30 21:32:53][DEBUG] jax_fem: Function split_and_compute_cell took 0.0359 seconds
[06-30 21:32:53][DEBUG] jax_fem: CuDSSNewtonSolver: iter=1  res=1.567e-05  rel=6.454e-14
[06-30 21:32:53][INFO] jax_fem: CuDSSNewtonSolver: solve finished in 0.12s  res=1.567e-05
[06-30 21:32:53][DEBUG] jax_fem: CuDSSNewtonSolver: starting Newton loop
[06-30 21:32:53][DEBUG] jax_fem: DeviceProblem: computing Jacobian on device
[06-30 21:32:53][DEBUG] jax_fem: Function split_and_compute_cell took 0.0349 seconds
[06-30 21:32:53][DEBUG] jax_fem: CuDSSNewtonSolver: initial residual = 2.414e+08
[06-30 21:32:53][DEBUG] jax_fem: DeviceProblem: computing Jacobian on device
[06-30 21:32:53][DEBUG] jax_fem: Function split_and_compute_cell took 0.0396 seconds
[06-30 21:32:53][DEBUG] jax_fem: CuDSSNewtonSolver: iter=1  res=1.167e-05  rel=4.832e-14
[06-30 21:32:53][INFO] jax_fem: CuDSSNewtonSolver: solve finished in 0.13s  res=1.167e-05
[06-30 21:32:55][DEBUG] jax_fem: CuDSSNewtonSolver: starting Newton loop
[06-30 21:32:55][DEBUG] jax_fem: DeviceProblem: computing Jacobian on device
[06-30 21:32:55][DEBUG] jax_fem: Function split_and_compute_cell took 0.0319 seconds
[06-30 21:32:55][DEBUG] jax_fem: CuDSSNewtonSolver: initial residual = 2.427e+08
[06-30 21:32:55][DEBUG] jax_fem: DeviceProblem: computing Jacobian on device
[06-30 21:32:55][DEBUG] jax_fem: Function split_and_compute_cell took 0.0293 seconds
[06-30 21:32:55][DEBUG] jax_fem: CuDSSNewtonSolver: iter=1  res=1.606e-05  rel=6.617e-14
[06-30 21:32:55][INFO] jax_fem: CuDSSNewtonSolver: solve finished in 0.11s  res=1.606e-05
[06-30 21:32:56][DEBUG] jax_fem: CuDSSNewtonSolver: starting Newton loop
[06-30 21:32:56][DEBUG] jax_fem: DeviceProblem: computing Jacobian on device
[06-30 21:32:56][DEBUG] jax_fem: Function split_and_compute_cell took 0.0302 seconds
[06-30 21:32:56][DEBUG] jax_fem: CuDSSNewtonSolver: initial residual = 2.407e+08
[06-30 21:32:56][DEBUG] jax_fem: DeviceProblem: computing Jacobian on device
[06-30 21:32:56][DEBUG] jax_fem: Function split_and_compute_cell took 0.0322 seconds
[06-30 21:32:56][DEBUG] jax_fem: CuDSSNewtonSolver: iter=1  res=1.714e-05  rel=7.119e-14
[06-30 21:32:56][INFO] jax_fem: CuDSSNewtonSolver: solve finished in 0.11s  res=1.714e-05
[06-30 21:32:57][DEBUG] jax_fem: CuDSSNewtonSolver: starting Newton loop
[06-30 21:32:57][DEBUG] jax_fem: DeviceProblem: computing Jacobian on device
[06-30 21:32:57][DEBUG] jax_fem: Function split_and_compute_cell took 0.0321 seconds
[06-30 21:32:57][DEBUG] jax_fem: CuDSSNewtonSolver: initial residual = 2.401e+08
[06-30 21:32:57][DEBUG] jax_fem: DeviceProblem: computing Jacobian on device
[06-30 21:32:57][DEBUG] jax_fem: Function split_and_compute_cell took 0.0347 seconds
[06-30 21:32:57][DEBUG] jax_fem: CuDSSNewtonSolver: iter=1  res=1.731e-05  rel=7.212e-14
[06-30 21:32:57][INFO] jax_fem: CuDSSNewtonSolver: solve finished in 0.12s  res=1.731e-05
[06-30 21:32:58][DEBUG] jax_fem: CuDSSNewtonSolver: starting Newton loop
[06-30 21:32:58][DEBUG] jax_fem: DeviceProblem: computing Jacobian on device
[06-30 21:32:58][DEBUG] jax_fem: Function split_and_compute_cell took 0.0278 seconds
[06-30 21:32:58][DEBUG] jax_fem: CuDSSNewtonSolver: initial residual = 2.429e+08
[06-30 21:32:58][DEBUG] jax_fem: DeviceProblem: computing Jacobian on device
[06-30 21:32:58][DEBUG] jax_fem: Function split_and_compute_cell took 0.0309 seconds
[06-30 21:32:58][DEBUG] jax_fem: CuDSSNewtonSolver: iter=1  res=1.622e-05  rel=6.677e-14
[06-30 21:32:58][INFO] jax_fem: CuDSSNewtonSolver: solve finished in 0.11s  res=1.622e-05
[06-30 21:32:59][DEBUG] jax_fem: CuDSSNewtonSolver: starting Newton loop
[06-30 21:32:59][DEBUG] jax_fem: DeviceProblem: computing Jacobian on device
[06-30 21:32:59][DEBUG] jax_fem: Function split_and_compute_cell took 0.0328 seconds
[06-30 21:32:59][DEBUG] jax_fem: CuDSSNewtonSolver: initial residual = 2.414e+08
[06-30 21:32:59][DEBUG] jax_fem: DeviceProblem: computing Jacobian on device
[06-30 21:32:59][DEBUG] jax_fem: Function split_and_compute_cell took 0.0329 seconds
[06-30 21:32:59][DEBUG] jax_fem: CuDSSNewtonSolver: iter=1  res=1.177e-05  rel=4.874e-14
[06-30 21:32:59][INFO] jax_fem: CuDSSNewtonSolver: solve finished in 0.11s  res=1.177e-05
[06-30 21:32:59][INFO] jax_fem: CuDSS backward: solving adjoint problem …
[06-30 21:32:59][DEBUG] jax_fem: DeviceProblem: computing Jacobian on device
[06-30 21:32:59][DEBUG] jax_fem: Function split_and_compute_cell took 0.0304 seconds
[06-30 21:32:59][DEBUG] jax_fem: Computing cell residual...
[06-30 21:32:59][DEBUG] jax_fem: Function split_and_compute_cell took 0.0739 seconds
[06-30 21:32:59][INFO] jax_fem: CuDSS backward: solving adjoint problem …
[06-30 21:32:59][DEBUG] jax_fem: DeviceProblem: computing Jacobian on device
[06-30 21:32:59][DEBUG] jax_fem: Function split_and_compute_cell took 0.0346 seconds
[06-30 21:32:59][DEBUG] jax_fem: Computing cell residual...
[06-30 21:32:59][DEBUG] jax_fem: Function split_and_compute_cell took 0.0690 seconds
[06-30 21:33:00][INFO] jax_fem: CuDSS backward: solving adjoint problem …
[06-30 21:33:00][DEBUG] jax_fem: DeviceProblem: computing Jacobian on device
[06-30 21:33:00][DEBUG] jax_fem: Function split_and_compute_cell took 0.0277 seconds
[06-30 21:33:00][DEBUG] jax_fem: Computing cell residual...
[06-30 21:33:00][DEBUG] jax_fem: Function split_and_compute_cell took 0.0696 seconds
[06-30 21:33:00][INFO] jax_fem: CuDSS backward: solving adjoint problem …
[06-30 21:33:00][DEBUG] jax_fem: DeviceProblem: computing Jacobian on device
[06-30 21:33:00][DEBUG] jax_fem: Function split_and_compute_cell took 0.0522 seconds
[06-30 21:33:00][DEBUG] jax_fem: Computing cell residual...
[06-30 21:33:00][DEBUG] jax_fem: Function split_and_compute_cell took 0.0798 seconds
[06-30 21:33:01][INFO] jax_fem: CuDSS backward: solving adjoint problem …
[06-30 21:33:01][DEBUG] jax_fem: DeviceProblem: computing Jacobian on device
[06-30 21:33:01][DEBUG] jax_fem: Function split_and_compute_cell took 0.0312 seconds
[06-30 21:33:01][DEBUG] jax_fem: Computing cell residual...
[06-30 21:33:01][DEBUG] jax_fem: Function split_and_compute_cell took 0.0673 seconds
[06-30 21:33:03][DEBUG] jax_fem: CuDSSNewtonSolver: starting Newton loop
[06-30 21:33:03][DEBUG] jax_fem: DeviceProblem: computing Jacobian on device
[06-30 21:33:03][DEBUG] jax_fem: Function split_and_compute_cell took 0.0483 seconds
[06-30 21:33:03][DEBUG] jax_fem: CuDSSNewtonSolver: initial residual = 2.427e+08
[06-30 21:33:03][DEBUG] jax_fem: DeviceProblem: computing Jacobian on device
[06-30 21:33:03][DEBUG] jax_fem: Function split_and_compute_cell took 0.0513 seconds
[06-30 21:33:03][DEBUG] jax_fem: CuDSSNewtonSolver: iter=1  res=1.651e-05  rel=6.802e-14
[06-30 21:33:03][INFO] jax_fem: CuDSSNewtonSolver: solve finished in 0.15s  res=1.651e-05
[06-30 21:33:03][DEBUG] jax_fem: CuDSSNewtonSolver: starting Newton loop
[06-30 21:33:03][DEBUG] jax_fem: DeviceProblem: computing Jacobian on device
[06-30 21:33:03][DEBUG] jax_fem: Function split_and_compute_cell took 0.0351 seconds
[06-30 21:33:03][DEBUG] jax_fem: CuDSSNewtonSolver: initial residual = 2.407e+08
[06-30 21:33:03][DEBUG] jax_fem: DeviceProblem: computing Jacobian on device
[06-30 21:33:03][DEBUG] jax_fem: Function split_and_compute_cell took 0.0464 seconds
[06-30 21:33:03][DEBUG] jax_fem: CuDSSNewtonSolver: iter=1  res=1.622e-05  rel=6.738e-14
[06-30 21:33:03][INFO] jax_fem: CuDSSNewtonSolver: solve finished in 0.13s  res=1.622e-05
[06-30 21:33:04][DEBUG] jax_fem: CuDSSNewtonSolver: starting Newton loop
[06-30 21:33:04][DEBUG] jax_fem: DeviceProblem: computing Jacobian on device
[06-30 21:33:04][DEBUG] jax_fem: Function split_and_compute_cell took 0.0361 seconds
[06-30 21:33:04][DEBUG] jax_fem: CuDSSNewtonSolver: initial residual = 2.401e+08
[06-30 21:33:04][DEBUG] jax_fem: DeviceProblem: computing Jacobian on device
[06-30 21:33:04][DEBUG] jax_fem: Function split_and_compute_cell took 0.0454 seconds
[06-30 21:33:04][DEBUG] jax_fem: CuDSSNewtonSolver: iter=1  res=1.753e-05  rel=7.300e-14
[06-30 21:33:04][INFO] jax_fem: CuDSSNewtonSolver: solve finished in 0.14s  res=1.753e-05
[06-30 21:33:04][DEBUG] jax_fem: CuDSSNewtonSolver: starting Newton loop
[06-30 21:33:04][DEBUG] jax_fem: DeviceProblem: computing Jacobian on device
[06-30 21:33:04][DEBUG] jax_fem: Function split_and_compute_cell took 0.0581 seconds
[06-30 21:33:04][DEBUG] jax_fem: CuDSSNewtonSolver: initial residual = 2.429e+08
[06-30 21:33:04][DEBUG] jax_fem: DeviceProblem: computing Jacobian on device
[06-30 21:33:04][DEBUG] jax_fem: Function split_and_compute_cell took 0.0441 seconds
[06-30 21:33:04][DEBUG] jax_fem: CuDSSNewtonSolver: iter=1  res=1.673e-05  rel=6.887e-14
[06-30 21:33:04][INFO] jax_fem: CuDSSNewtonSolver: solve finished in 0.16s  res=1.673e-05
[06-30 21:33:04][DEBUG] jax_fem: CuDSSNewtonSolver: starting Newton loop
[06-30 21:33:04][DEBUG] jax_fem: DeviceProblem: computing Jacobian on device
[06-30 21:33:04][DEBUG] jax_fem: Function split_and_compute_cell took 0.0460 seconds
[06-30 21:33:04][DEBUG] jax_fem: CuDSSNewtonSolver: initial residual = 2.414e+08
[06-30 21:33:04][DEBUG] jax_fem: DeviceProblem: computing Jacobian on device
[06-30 21:33:05][DEBUG] jax_fem: Function split_and_compute_cell took 0.0535 seconds
[06-30 21:33:05][DEBUG] jax_fem: CuDSSNewtonSolver: iter=1  res=1.130e-05  rel=4.681e-14
[06-30 21:33:05][INFO] jax_fem: CuDSSNewtonSolver: solve finished in 0.15s  res=1.130e-05
[06-30 21:33:07][DEBUG] jax_fem: CuDSSNewtonSolver: starting Newton loop
[06-30 21:33:07][DEBUG] jax_fem: DeviceProblem: computing Jacobian on device
[06-30 21:33:07][DEBUG] jax_fem: Function split_and_compute_cell took 0.0337 seconds
[06-30 21:33:07][DEBUG] jax_fem: CuDSSNewtonSolver: initial residual = 2.427e+08
[06-30 21:33:07][DEBUG] jax_fem: DeviceProblem: computing Jacobian on device
[06-30 21:33:07][DEBUG] jax_fem: Function split_and_compute_cell took 0.0324 seconds
[06-30 21:33:07][DEBUG] jax_fem: CuDSSNewtonSolver: iter=1  res=1.607e-05  rel=6.622e-14
[06-30 21:33:07][INFO] jax_fem: CuDSSNewtonSolver: solve finished in 0.12s  res=1.607e-05
[06-30 21:33:07][DEBUG] jax_fem: CuDSSNewtonSolver: starting Newton loop
[06-30 21:33:07][DEBUG] jax_fem: DeviceProblem: computing Jacobian on device
[06-30 21:33:07][DEBUG] jax_fem: Function split_and_compute_cell took 0.0303 seconds
[06-30 21:33:07][DEBUG] jax_fem: CuDSSNewtonSolver: initial residual = 2.407e+08
[06-30 21:33:07][DEBUG] jax_fem: DeviceProblem: computing Jacobian on device
[06-30 21:33:07][DEBUG] jax_fem: Function split_and_compute_cell took 0.0345 seconds
[06-30 21:33:07][DEBUG] jax_fem: CuDSSNewtonSolver: iter=1  res=1.730e-05  rel=7.187e-14
[06-30 21:33:07][INFO] jax_fem: CuDSSNewtonSolver: solve finished in 0.11s  res=1.730e-05
[06-30 21:33:08][DEBUG] jax_fem: CuDSSNewtonSolver: starting Newton loop
[06-30 21:33:08][DEBUG] jax_fem: DeviceProblem: computing Jacobian on device
[06-30 21:33:08][DEBUG] jax_fem: Function split_and_compute_cell took 0.0331 seconds
[06-30 21:33:08][DEBUG] jax_fem: CuDSSNewtonSolver: initial residual = 2.401e+08
[06-30 21:33:08][DEBUG] jax_fem: DeviceProblem: computing Jacobian on device
[06-30 21:33:08][DEBUG] jax_fem: Function split_and_compute_cell took 0.0349 seconds
[06-30 21:33:08][DEBUG] jax_fem: CuDSSNewtonSolver: iter=1  res=1.654e-05  rel=6.889e-14
[06-30 21:33:08][INFO] jax_fem: CuDSSNewtonSolver: solve finished in 0.12s  res=1.654e-05
[06-30 21:33:09][DEBUG] jax_fem: CuDSSNewtonSolver: starting Newton loop
[06-30 21:33:09][DEBUG] jax_fem: DeviceProblem: computing Jacobian on device
[06-30 21:33:09][DEBUG] jax_fem: Function split_and_compute_cell took 0.0315 seconds
[06-30 21:33:09][DEBUG] jax_fem: CuDSSNewtonSolver: initial residual = 2.429e+08
[06-30 21:33:09][DEBUG] jax_fem: DeviceProblem: computing Jacobian on device
[06-30 21:33:09][DEBUG] jax_fem: Function split_and_compute_cell took 0.0312 seconds
[06-30 21:33:09][DEBUG] jax_fem: CuDSSNewtonSolver: iter=1  res=1.585e-05  rel=6.525e-14
[06-30 21:33:09][INFO] jax_fem: CuDSSNewtonSolver: solve finished in 0.11s  res=1.585e-05
[06-30 21:33:10][DEBUG] jax_fem: CuDSSNewtonSolver: starting Newton loop
[06-30 21:33:10][DEBUG] jax_fem: DeviceProblem: computing Jacobian on device
[06-30 21:33:10][DEBUG] jax_fem: Function split_and_compute_cell took 0.0305 seconds
[06-30 21:33:10][DEBUG] jax_fem: CuDSSNewtonSolver: initial residual = 2.414e+08
[06-30 21:33:10][DEBUG] jax_fem: DeviceProblem: computing Jacobian on device
[06-30 21:33:10][DEBUG] jax_fem: Function split_and_compute_cell took 0.0311 seconds
[06-30 21:33:10][DEBUG] jax_fem: CuDSSNewtonSolver: iter=1  res=1.223e-05  rel=5.066e-14
[06-30 21:33:10][INFO] jax_fem: CuDSSNewtonSolver: solve finished in 0.11s  res=1.223e-05
[06-30 21:33:10][INFO] jax_fem: CuDSS backward: solving adjoint problem …
[06-30 21:33:10][DEBUG] jax_fem: DeviceProblem: computing Jacobian on device
[06-30 21:33:10][DEBUG] jax_fem: Function split_and_compute_cell took 0.0467 seconds
[06-30 21:33:10][DEBUG] jax_fem: Computing cell residual...
[06-30 21:33:10][DEBUG] jax_fem: Function split_and_compute_cell took 0.0838 seconds
[06-30 21:33:11][INFO] jax_fem: CuDSS backward: solving adjoint problem …
[06-30 21:33:11][DEBUG] jax_fem: DeviceProblem: computing Jacobian on device
[06-30 21:33:11][DEBUG] jax_fem: Function split_and_compute_cell took 0.0385 seconds
[06-30 21:33:11][DEBUG] jax_fem: Computing cell residual...
[06-30 21:33:11][DEBUG] jax_fem: Function split_and_compute_cell took 0.0565 seconds
[06-30 21:33:11][INFO] jax_fem: CuDSS backward: solving adjoint problem …
[06-30 21:33:11][DEBUG] jax_fem: DeviceProblem: computing Jacobian on device
[06-30 21:33:11][DEBUG] jax_fem: Function split_and_compute_cell took 0.0373 seconds
[06-30 21:33:11][DEBUG] jax_fem: Computing cell residual...
[06-30 21:33:11][DEBUG] jax_fem: Function split_and_compute_cell took 0.0660 seconds
[06-30 21:33:12][INFO] jax_fem: CuDSS backward: solving adjoint problem …
[06-30 21:33:12][DEBUG] jax_fem: DeviceProblem: computing Jacobian on device
[06-30 21:33:12][DEBUG] jax_fem: Function split_and_compute_cell took 0.0459 seconds
[06-30 21:33:12][DEBUG] jax_fem: Computing cell residual...
[06-30 21:33:12][DEBUG] jax_fem: Function split_and_compute_cell took 0.0751 seconds
[06-30 21:33:12][INFO] jax_fem: CuDSS backward: solving adjoint problem …
[06-30 21:33:12][DEBUG] jax_fem: DeviceProblem: computing Jacobian on device
[06-30 21:33:12][DEBUG] jax_fem: Function split_and_compute_cell took 0.0527 seconds
[06-30 21:33:12][DEBUG] jax_fem: Computing cell residual...
[06-30 21:33:12][DEBUG] jax_fem: Function split_and_compute_cell took 0.0747 seconds
[06-30 21:33:14][DEBUG] jax_fem: CuDSSNewtonSolver: starting Newton loop
[06-30 21:33:14][DEBUG] jax_fem: DeviceProblem: computing Jacobian on device
[06-30 21:33:14][DEBUG] jax_fem: Function split_and_compute_cell took 0.0583 seconds
[06-30 21:33:14][DEBUG] jax_fem: CuDSSNewtonSolver: initial residual = 2.427e+08
[06-30 21:33:14][DEBUG] jax_fem: DeviceProblem: computing Jacobian on device
[06-30 21:33:14][DEBUG] jax_fem: Function split_and_compute_cell took 0.0388 seconds
[06-30 21:33:14][DEBUG] jax_fem: CuDSSNewtonSolver: iter=1  res=1.594e-05  rel=6.569e-14
[06-30 21:33:14][INFO] jax_fem: CuDSSNewtonSolver: solve finished in 0.15s  res=1.594e-05
[06-30 21:33:14][DEBUG] jax_fem: CuDSSNewtonSolver: starting Newton loop
[06-30 21:33:14][DEBUG] jax_fem: DeviceProblem: computing Jacobian on device
[06-30 21:33:15][DEBUG] jax_fem: Function split_and_compute_cell took 0.0434 seconds
[06-30 21:33:15][DEBUG] jax_fem: CuDSSNewtonSolver: initial residual = 2.407e+08
[06-30 21:33:15][DEBUG] jax_fem: DeviceProblem: computing Jacobian on device
[06-30 21:33:15][DEBUG] jax_fem: Function split_and_compute_cell took 0.0516 seconds
[06-30 21:33:15][DEBUG] jax_fem: CuDSSNewtonSolver: iter=1  res=1.664e-05  rel=6.914e-14
[06-30 21:33:15][INFO] jax_fem: CuDSSNewtonSolver: solve finished in 0.15s  res=1.664e-05
[06-30 21:33:15][DEBUG] jax_fem: CuDSSNewtonSolver: starting Newton loop
[06-30 21:33:15][DEBUG] jax_fem: DeviceProblem: computing Jacobian on device
[06-30 21:33:15][DEBUG] jax_fem: Function split_and_compute_cell took 0.0336 seconds
[06-30 21:33:15][DEBUG] jax_fem: CuDSSNewtonSolver: initial residual = 2.401e+08
[06-30 21:33:15][DEBUG] jax_fem: DeviceProblem: computing Jacobian on device
[06-30 21:33:15][DEBUG] jax_fem: Function split_and_compute_cell took 0.0450 seconds
[06-30 21:33:15][DEBUG] jax_fem: CuDSSNewtonSolver: iter=1  res=1.779e-05  rel=7.411e-14
[06-30 21:33:15][INFO] jax_fem: CuDSSNewtonSolver: solve finished in 0.13s  res=1.779e-05
[06-30 21:33:15][DEBUG] jax_fem: CuDSSNewtonSolver: starting Newton loop
[06-30 21:33:15][DEBUG] jax_fem: DeviceProblem: computing Jacobian on device
[06-30 21:33:15][DEBUG] jax_fem: Function split_and_compute_cell took 0.0489 seconds
[06-30 21:33:15][DEBUG] jax_fem: CuDSSNewtonSolver: initial residual = 2.429e+08
[06-30 21:33:15][DEBUG] jax_fem: DeviceProblem: computing Jacobian on device
[06-30 21:33:15][DEBUG] jax_fem: Function split_and_compute_cell took 0.0431 seconds
[06-30 21:33:15][DEBUG] jax_fem: CuDSSNewtonSolver: iter=1  res=1.719e-05  rel=7.079e-14
[06-30 21:33:15][INFO] jax_fem: CuDSSNewtonSolver: solve finished in 0.14s  res=1.719e-05
[06-30 21:33:16][DEBUG] jax_fem: CuDSSNewtonSolver: starting Newton loop
[06-30 21:33:16][DEBUG] jax_fem: DeviceProblem: computing Jacobian on device
[06-30 21:33:16][DEBUG] jax_fem: Function split_and_compute_cell took 0.0374 seconds
[06-30 21:33:16][DEBUG] jax_fem: CuDSSNewtonSolver: initial residual = 2.414e+08
[06-30 21:33:16][DEBUG] jax_fem: DeviceProblem: computing Jacobian on device
[06-30 21:33:16][DEBUG] jax_fem: Function split_and_compute_cell took 0.0332 seconds
[06-30 21:33:16][DEBUG] jax_fem: CuDSSNewtonSolver: iter=1  res=1.212e-05  rel=5.018e-14
[06-30 21:33:16][INFO] jax_fem: CuDSSNewtonSolver: solve finished in 0.12s  res=1.212e-05
[06-30 21:33:18][DEBUG] jax_fem: CuDSSNewtonSolver: starting Newton loop
[06-30 21:33:18][DEBUG] jax_fem: DeviceProblem: computing Jacobian on device
[06-30 21:33:18][DEBUG] jax_fem: Function split_and_compute_cell took 0.0348 seconds
[06-30 21:33:18][DEBUG] jax_fem: CuDSSNewtonSolver: initial residual = 2.427e+08
[06-30 21:33:18][DEBUG] jax_fem: DeviceProblem: computing Jacobian on device
[06-30 21:33:18][DEBUG] jax_fem: Function split_and_compute_cell took 0.0325 seconds
[06-30 21:33:18][DEBUG] jax_fem: CuDSSNewtonSolver: iter=1  res=1.577e-05  rel=6.500e-14
[06-30 21:33:18][INFO] jax_fem: CuDSSNewtonSolver: solve finished in 0.12s  res=1.577e-05
[06-30 21:33:19][DEBUG] jax_fem: CuDSSNewtonSolver: starting Newton loop
[06-30 21:33:19][DEBUG] jax_fem: DeviceProblem: computing Jacobian on device
[06-30 21:33:19][DEBUG] jax_fem: Function split_and_compute_cell took 0.0317 seconds
[06-30 21:33:19][DEBUG] jax_fem: CuDSSNewtonSolver: initial residual = 2.407e+08
[06-30 21:33:19][DEBUG] jax_fem: DeviceProblem: computing Jacobian on device
[06-30 21:33:19][DEBUG] jax_fem: Function split_and_compute_cell took 0.0322 seconds
[06-30 21:33:19][DEBUG] jax_fem: CuDSSNewtonSolver: iter=1  res=1.608e-05  rel=6.681e-14
[06-30 21:33:19][INFO] jax_fem: CuDSSNewtonSolver: solve finished in 0.11s  res=1.608e-05
[06-30 21:33:19][DEBUG] jax_fem: CuDSSNewtonSolver: starting Newton loop
[06-30 21:33:19][DEBUG] jax_fem: DeviceProblem: computing Jacobian on device
[06-30 21:33:19][DEBUG] jax_fem: Function split_and_compute_cell took 0.0311 seconds
[06-30 21:33:19][DEBUG] jax_fem: CuDSSNewtonSolver: initial residual = 2.401e+08
[06-30 21:33:19][DEBUG] jax_fem: DeviceProblem: computing Jacobian on device
[06-30 21:33:20][DEBUG] jax_fem: Function split_and_compute_cell took 0.0551 seconds
[06-30 21:33:20][DEBUG] jax_fem: CuDSSNewtonSolver: iter=1  res=1.831e-05  rel=7.628e-14
[06-30 21:33:20][INFO] jax_fem: CuDSSNewtonSolver: solve finished in 0.13s  res=1.831e-05
[06-30 21:33:20][DEBUG] jax_fem: CuDSSNewtonSolver: starting Newton loop
[06-30 21:33:20][DEBUG] jax_fem: DeviceProblem: computing Jacobian on device
[06-30 21:33:20][DEBUG] jax_fem: Function split_and_compute_cell took 0.0307 seconds
[06-30 21:33:20][DEBUG] jax_fem: CuDSSNewtonSolver: initial residual = 2.429e+08
[06-30 21:33:20][DEBUG] jax_fem: DeviceProblem: computing Jacobian on device
[06-30 21:33:20][DEBUG] jax_fem: Function split_and_compute_cell took 0.0311 seconds
[06-30 21:33:20][DEBUG] jax_fem: CuDSSNewtonSolver: iter=1  res=1.699e-05  rel=6.997e-14
[06-30 21:33:20][INFO] jax_fem: CuDSSNewtonSolver: solve finished in 0.11s  res=1.699e-05
[06-30 21:33:21][DEBUG] jax_fem: CuDSSNewtonSolver: starting Newton loop
[06-30 21:33:21][DEBUG] jax_fem: DeviceProblem: computing Jacobian on device
[06-30 21:33:21][DEBUG] jax_fem: Function split_and_compute_cell took 0.0309 seconds
[06-30 21:33:21][DEBUG] jax_fem: CuDSSNewtonSolver: initial residual = 2.414e+08
[06-30 21:33:21][DEBUG] jax_fem: DeviceProblem: computing Jacobian on device
[06-30 21:33:21][DEBUG] jax_fem: Function split_and_compute_cell took 0.0319 seconds
[06-30 21:33:21][DEBUG] jax_fem: CuDSSNewtonSolver: iter=1  res=1.177e-05  rel=4.874e-14
[06-30 21:33:21][INFO] jax_fem: CuDSSNewtonSolver: solve finished in 0.11s  res=1.177e-05
[06-30 21:33:21][INFO] jax_fem: CuDSS backward: solving adjoint problem …
[06-30 21:33:21][DEBUG] jax_fem: DeviceProblem: computing Jacobian on device
[06-30 21:33:21][DEBUG] jax_fem: Function split_and_compute_cell took 0.0335 seconds
[06-30 21:33:21][DEBUG] jax_fem: Computing cell residual...
[06-30 21:33:21][DEBUG] jax_fem: Function split_and_compute_cell took 0.0718 seconds
[06-30 21:33:22][INFO] jax_fem: CuDSS backward: solving adjoint problem …
[06-30 21:33:22][DEBUG] jax_fem: DeviceProblem: computing Jacobian on device
[06-30 21:33:22][DEBUG] jax_fem: Function split_and_compute_cell took 0.0473 seconds
[06-30 21:33:22][DEBUG] jax_fem: Computing cell residual...
[06-30 21:33:22][DEBUG] jax_fem: Function split_and_compute_cell took 0.0776 seconds
[06-30 21:33:22][INFO] jax_fem: CuDSS backward: solving adjoint problem …
[06-30 21:33:22][DEBUG] jax_fem: DeviceProblem: computing Jacobian on device
[06-30 21:33:22][DEBUG] jax_fem: Function split_and_compute_cell took 0.0310 seconds
[06-30 21:33:22][DEBUG] jax_fem: Computing cell residual...
[06-30 21:33:22][DEBUG] jax_fem: Function split_and_compute_cell took 0.0745 seconds
[06-30 21:33:22][INFO] jax_fem: CuDSS backward: solving adjoint problem …
[06-30 21:33:22][DEBUG] jax_fem: DeviceProblem: computing Jacobian on device
[06-30 21:33:23][DEBUG] jax_fem: Function split_and_compute_cell took 0.0729 seconds
[06-30 21:33:23][DEBUG] jax_fem: Computing cell residual...
[06-30 21:33:23][DEBUG] jax_fem: Function split_and_compute_cell took 0.0763 seconds
[06-30 21:33:23][INFO] jax_fem: CuDSS backward: solving adjoint problem …
[06-30 21:33:23][DEBUG] jax_fem: DeviceProblem: computing Jacobian on device
[06-30 21:33:23][DEBUG] jax_fem: Function split_and_compute_cell took 0.0417 seconds
[06-30 21:33:23][DEBUG] jax_fem: Computing cell residual...
[06-30 21:33:23][DEBUG] jax_fem: Function split_and_compute_cell took 0.0794 seconds
[06-30 21:33:25][DEBUG] jax_fem: CuDSSNewtonSolver: starting Newton loop
[06-30 21:33:25][DEBUG] jax_fem: DeviceProblem: computing Jacobian on device
[06-30 21:33:25][DEBUG] jax_fem: Function split_and_compute_cell took 0.0499 seconds
[06-30 21:33:25][DEBUG] jax_fem: CuDSSNewtonSolver: initial residual = 2.427e+08
[06-30 21:33:25][DEBUG] jax_fem: DeviceProblem: computing Jacobian on device
[06-30 21:33:25][DEBUG] jax_fem: Function split_and_compute_cell took 0.0399 seconds
[06-30 21:33:25][DEBUG] jax_fem: CuDSSNewtonSolver: iter=1  res=1.711e-05  rel=7.048e-14
[06-30 21:33:25][INFO] jax_fem: CuDSSNewtonSolver: solve finished in 0.15s  res=1.711e-05
[06-30 21:33:25][DEBUG] jax_fem: CuDSSNewtonSolver: starting Newton loop
[06-30 21:33:25][DEBUG] jax_fem: DeviceProblem: computing Jacobian on device
[06-30 21:33:25][DEBUG] jax_fem: Function split_and_compute_cell took 0.0334 seconds
[06-30 21:33:25][DEBUG] jax_fem: CuDSSNewtonSolver: initial residual = 2.407e+08
[06-30 21:33:25][DEBUG] jax_fem: DeviceProblem: computing Jacobian on device
[06-30 21:33:25][DEBUG] jax_fem: Function split_and_compute_cell took 0.0319 seconds
[06-30 21:33:25][DEBUG] jax_fem: CuDSSNewtonSolver: iter=1  res=1.634e-05  rel=6.790e-14
[06-30 21:33:25][INFO] jax_fem: CuDSSNewtonSolver: solve finished in 0.12s  res=1.634e-05
[06-30 21:33:26][DEBUG] jax_fem: CuDSSNewtonSolver: starting Newton loop
[06-30 21:33:26][DEBUG] jax_fem: DeviceProblem: computing Jacobian on device
[06-30 21:33:26][DEBUG] jax_fem: Function split_and_compute_cell took 0.0369 seconds
[06-30 21:33:26][DEBUG] jax_fem: CuDSSNewtonSolver: initial residual = 2.401e+08
[06-30 21:33:26][DEBUG] jax_fem: DeviceProblem: computing Jacobian on device
[06-30 21:33:26][DEBUG] jax_fem: Function split_and_compute_cell took 0.0497 seconds
[06-30 21:33:26][DEBUG] jax_fem: CuDSSNewtonSolver: iter=1  res=1.732e-05  rel=7.215e-14
[06-30 21:33:26][INFO] jax_fem: CuDSSNewtonSolver: solve finished in 0.14s  res=1.732e-05
[06-30 21:33:26][DEBUG] jax_fem: CuDSSNewtonSolver: starting Newton loop
[06-30 21:33:26][DEBUG] jax_fem: DeviceProblem: computing Jacobian on device
[06-30 21:33:26][DEBUG] jax_fem: Function split_and_compute_cell took 0.0410 seconds
[06-30 21:33:26][DEBUG] jax_fem: CuDSSNewtonSolver: initial residual = 2.429e+08
[06-30 21:33:26][DEBUG] jax_fem: DeviceProblem: computing Jacobian on device
[06-30 21:33:26][DEBUG] jax_fem: Function split_and_compute_cell took 0.0434 seconds
[06-30 21:33:26][DEBUG] jax_fem: CuDSSNewtonSolver: iter=1  res=1.643e-05  rel=6.767e-14
[06-30 21:33:26][INFO] jax_fem: CuDSSNewtonSolver: solve finished in 0.14s  res=1.643e-05
[06-30 21:33:27][DEBUG] jax_fem: CuDSSNewtonSolver: starting Newton loop
[06-30 21:33:27][DEBUG] jax_fem: DeviceProblem: computing Jacobian on device
[06-30 21:33:27][DEBUG] jax_fem: Function split_and_compute_cell took 0.0455 seconds
[06-30 21:33:27][DEBUG] jax_fem: CuDSSNewtonSolver: initial residual = 2.414e+08
[06-30 21:33:27][DEBUG] jax_fem: DeviceProblem: computing Jacobian on device
[06-30 21:33:27][DEBUG] jax_fem: Function split_and_compute_cell took 0.0398 seconds
[06-30 21:33:27][DEBUG] jax_fem: CuDSSNewtonSolver: iter=1  res=1.166e-05  rel=4.828e-14
[06-30 21:33:27][INFO] jax_fem: CuDSSNewtonSolver: solve finished in 0.14s  res=1.166e-05
[06-30 21:33:29][DEBUG] jax_fem: CuDSSNewtonSolver: starting Newton loop
[06-30 21:33:29][DEBUG] jax_fem: DeviceProblem: computing Jacobian on device
[06-30 21:33:29][DEBUG] jax_fem: Function split_and_compute_cell took 0.0327 seconds
[06-30 21:33:29][DEBUG] jax_fem: CuDSSNewtonSolver: initial residual = 2.427e+08
[06-30 21:33:29][DEBUG] jax_fem: DeviceProblem: computing Jacobian on device
[06-30 21:33:29][DEBUG] jax_fem: Function split_and_compute_cell took 0.0324 seconds
[06-30 21:33:29][DEBUG] jax_fem: CuDSSNewtonSolver: iter=1  res=1.638e-05  rel=6.750e-14
[06-30 21:33:29][INFO] jax_fem: CuDSSNewtonSolver: solve finished in 0.11s  res=1.638e-05
[06-30 21:33:30][DEBUG] jax_fem: CuDSSNewtonSolver: starting Newton loop
[06-30 21:33:30][DEBUG] jax_fem: DeviceProblem: computing Jacobian on device
[06-30 21:33:30][DEBUG] jax_fem: Function split_and_compute_cell took 0.0321 seconds
[06-30 21:33:30][DEBUG] jax_fem: CuDSSNewtonSolver: initial residual = 2.407e+08
[06-30 21:33:30][DEBUG] jax_fem: DeviceProblem: computing Jacobian on device
[06-30 21:33:30][DEBUG] jax_fem: Function split_and_compute_cell took 0.0306 seconds
[06-30 21:33:30][DEBUG] jax_fem: CuDSSNewtonSolver: iter=1  res=1.611e-05  rel=6.692e-14
[06-30 21:33:30][INFO] jax_fem: CuDSSNewtonSolver: solve finished in 0.11s  res=1.611e-05
[06-30 21:33:31][DEBUG] jax_fem: CuDSSNewtonSolver: starting Newton loop
[06-30 21:33:31][DEBUG] jax_fem: DeviceProblem: computing Jacobian on device
[06-30 21:33:31][DEBUG] jax_fem: Function split_and_compute_cell took 0.0317 seconds
[06-30 21:33:31][DEBUG] jax_fem: CuDSSNewtonSolver: initial residual = 2.401e+08
[06-30 21:33:31][DEBUG] jax_fem: DeviceProblem: computing Jacobian on device
[06-30 21:33:31][DEBUG] jax_fem: Function split_and_compute_cell took 0.0327 seconds
[06-30 21:33:31][DEBUG] jax_fem: CuDSSNewtonSolver: iter=1  res=1.720e-05  rel=7.164e-14
[06-30 21:33:31][INFO] jax_fem: CuDSSNewtonSolver: solve finished in 0.11s  res=1.720e-05
[06-30 21:33:31][DEBUG] jax_fem: CuDSSNewtonSolver: starting Newton loop
[06-30 21:33:31][DEBUG] jax_fem: DeviceProblem: computing Jacobian on device
[06-30 21:33:31][DEBUG] jax_fem: Function split_and_compute_cell took 0.0319 seconds
[06-30 21:33:31][DEBUG] jax_fem: CuDSSNewtonSolver: initial residual = 2.429e+08
[06-30 21:33:31][DEBUG] jax_fem: DeviceProblem: computing Jacobian on device
[06-30 21:33:31][DEBUG] jax_fem: Function split_and_compute_cell took 0.0311 seconds
[06-30 21:33:31][DEBUG] jax_fem: CuDSSNewtonSolver: iter=1  res=1.613e-05  rel=6.640e-14
[06-30 21:33:31][INFO] jax_fem: CuDSSNewtonSolver: solve finished in 0.11s  res=1.613e-05
[06-30 21:33:32][DEBUG] jax_fem: CuDSSNewtonSolver: starting Newton loop
[06-30 21:33:32][DEBUG] jax_fem: DeviceProblem: computing Jacobian on device
[06-30 21:33:32][DEBUG] jax_fem: Function split_and_compute_cell took 0.0321 seconds
[06-30 21:33:32][DEBUG] jax_fem: CuDSSNewtonSolver: initial residual = 2.414e+08
[06-30 21:33:32][DEBUG] jax_fem: DeviceProblem: computing Jacobian on device
[06-30 21:33:32][DEBUG] jax_fem: Function split_and_compute_cell took 0.0311 seconds
[06-30 21:33:32][DEBUG] jax_fem: CuDSSNewtonSolver: iter=1  res=1.219e-05  rel=5.047e-14
[06-30 21:33:32][INFO] jax_fem: CuDSSNewtonSolver: solve finished in 0.11s  res=1.219e-05
[06-30 21:33:32][INFO] jax_fem: CuDSS backward: solving adjoint problem …
[06-30 21:33:32][DEBUG] jax_fem: DeviceProblem: computing Jacobian on device
[06-30 21:33:32][DEBUG] jax_fem: Function split_and_compute_cell took 0.0390 seconds
[06-30 21:33:32][DEBUG] jax_fem: Computing cell residual...
[06-30 21:33:32][DEBUG] jax_fem: Function split_and_compute_cell took 0.0625 seconds
[06-30 21:33:33][INFO] jax_fem: CuDSS backward: solving adjoint problem …
[06-30 21:33:33][DEBUG] jax_fem: DeviceProblem: computing Jacobian on device
[06-30 21:33:33][DEBUG] jax_fem: Function split_and_compute_cell took 0.0400 seconds
[06-30 21:33:33][DEBUG] jax_fem: Computing cell residual...
[06-30 21:33:33][DEBUG] jax_fem: Function split_and_compute_cell took 0.0751 seconds
[06-30 21:33:33][INFO] jax_fem: CuDSS backward: solving adjoint problem …
[06-30 21:33:33][DEBUG] jax_fem: DeviceProblem: computing Jacobian on device
[06-30 21:33:33][DEBUG] jax_fem: Function split_and_compute_cell took 0.0426 seconds
[06-30 21:33:33][DEBUG] jax_fem: Computing cell residual...
[06-30 21:33:33][DEBUG] jax_fem: Function split_and_compute_cell took 0.0784 seconds
[06-30 21:33:34][INFO] jax_fem: CuDSS backward: solving adjoint problem …
[06-30 21:33:34][DEBUG] jax_fem: DeviceProblem: computing Jacobian on device
[06-30 21:33:34][DEBUG] jax_fem: Function split_and_compute_cell took 0.0324 seconds
[06-30 21:33:34][DEBUG] jax_fem: Computing cell residual...
[06-30 21:33:34][DEBUG] jax_fem: Function split_and_compute_cell took 0.0723 seconds
[06-30 21:33:34][INFO] jax_fem: CuDSS backward: solving adjoint problem …
[06-30 21:33:34][DEBUG] jax_fem: DeviceProblem: computing Jacobian on device
[06-30 21:33:34][DEBUG] jax_fem: Function split_and_compute_cell took 0.0508 seconds
[06-30 21:33:34][DEBUG] jax_fem: Computing cell residual...
[06-30 21:33:34][DEBUG] jax_fem: Function split_and_compute_cell took 0.0598 seconds
[06-30 21:33:36][DEBUG] jax_fem: CuDSSNewtonSolver: starting Newton loop
[06-30 21:33:36][DEBUG] jax_fem: DeviceProblem: computing Jacobian on device
[06-30 21:33:36][DEBUG] jax_fem: Function split_and_compute_cell took 0.0428 seconds
[06-30 21:33:36][DEBUG] jax_fem: CuDSSNewtonSolver: initial residual = 2.427e+08
[06-30 21:33:36][DEBUG] jax_fem: DeviceProblem: computing Jacobian on device
[06-30 21:33:36][DEBUG] jax_fem: Function split_and_compute_cell took 0.0532 seconds
[06-30 21:33:36][DEBUG] jax_fem: CuDSSNewtonSolver: iter=1  res=1.600e-05  rel=6.594e-14
[06-30 21:33:36][INFO] jax_fem: CuDSSNewtonSolver: solve finished in 0.15s  res=1.600e-05
[06-30 21:33:36][DEBUG] jax_fem: CuDSSNewtonSolver: starting Newton loop
[06-30 21:33:36][DEBUG] jax_fem: DeviceProblem: computing Jacobian on device
[06-30 21:33:36][DEBUG] jax_fem: Function split_and_compute_cell took 0.0400 seconds
[06-30 21:33:36][DEBUG] jax_fem: CuDSSNewtonSolver: initial residual = 2.407e+08
[06-30 21:33:36][DEBUG] jax_fem: DeviceProblem: computing Jacobian on device
[06-30 21:33:37][DEBUG] jax_fem: Function split_and_compute_cell took 0.0529 seconds
[06-30 21:33:37][DEBUG] jax_fem: CuDSSNewtonSolver: iter=1  res=1.652e-05  rel=6.862e-14
[06-30 21:33:37][INFO] jax_fem: CuDSSNewtonSolver: solve finished in 0.15s  res=1.652e-05
[06-30 21:33:37][DEBUG] jax_fem: CuDSSNewtonSolver: starting Newton loop
[06-30 21:33:37][DEBUG] jax_fem: DeviceProblem: computing Jacobian on device
[06-30 21:33:37][DEBUG] jax_fem: Function split_and_compute_cell took 0.0549 seconds
[06-30 21:33:37][DEBUG] jax_fem: CuDSSNewtonSolver: initial residual = 2.401e+08
[06-30 21:33:37][DEBUG] jax_fem: DeviceProblem: computing Jacobian on device
[06-30 21:33:37][DEBUG] jax_fem: Function split_and_compute_cell took 0.0445 seconds
[06-30 21:33:37][DEBUG] jax_fem: CuDSSNewtonSolver: iter=1  res=1.783e-05  rel=7.428e-14
[06-30 21:33:37][INFO] jax_fem: CuDSSNewtonSolver: solve finished in 0.15s  res=1.783e-05
[06-30 21:33:37][DEBUG] jax_fem: CuDSSNewtonSolver: starting Newton loop
[06-30 21:33:37][DEBUG] jax_fem: DeviceProblem: computing Jacobian on device
[06-30 21:33:37][DEBUG] jax_fem: Function split_and_compute_cell took 0.0415 seconds
[06-30 21:33:37][DEBUG] jax_fem: CuDSSNewtonSolver: initial residual = 2.429e+08
[06-30 21:33:37][DEBUG] jax_fem: DeviceProblem: computing Jacobian on device
[06-30 21:33:37][DEBUG] jax_fem: Function split_and_compute_cell took 0.0343 seconds
[06-30 21:33:37][DEBUG] jax_fem: CuDSSNewtonSolver: iter=1  res=1.705e-05  rel=7.022e-14
[06-30 21:33:37][INFO] jax_fem: CuDSSNewtonSolver: solve finished in 0.13s  res=1.705e-05
[06-30 21:33:38][DEBUG] jax_fem: CuDSSNewtonSolver: starting Newton loop
[06-30 21:33:38][DEBUG] jax_fem: DeviceProblem: computing Jacobian on device
[06-30 21:33:38][DEBUG] jax_fem: Function split_and_compute_cell took 0.0370 seconds
[06-30 21:33:38][DEBUG] jax_fem: CuDSSNewtonSolver: initial residual = 2.414e+08
[06-30 21:33:38][DEBUG] jax_fem: DeviceProblem: computing Jacobian on device
[06-30 21:33:38][DEBUG] jax_fem: Function split_and_compute_cell took 0.0388 seconds
[06-30 21:33:38][DEBUG] jax_fem: CuDSSNewtonSolver: iter=1  res=1.145e-05  rel=4.742e-14
[06-30 21:33:38][INFO] jax_fem: CuDSSNewtonSolver: solve finished in 0.13s  res=1.145e-05
[06-30 21:33:40][DEBUG] jax_fem: CuDSSNewtonSolver: starting Newton loop
[06-30 21:33:40][DEBUG] jax_fem: DeviceProblem: computing Jacobian on device
[06-30 21:33:40][DEBUG] jax_fem: Function split_and_compute_cell took 0.0332 seconds
[06-30 21:33:40][DEBUG] jax_fem: CuDSSNewtonSolver: initial residual = 2.427e+08
[06-30 21:33:40][DEBUG] jax_fem: DeviceProblem: computing Jacobian on device
[06-30 21:33:40][DEBUG] jax_fem: Function split_and_compute_cell took 0.0329 seconds
[06-30 21:33:40][DEBUG] jax_fem: CuDSSNewtonSolver: iter=1  res=1.635e-05  rel=6.737e-14
[06-30 21:33:40][INFO] jax_fem: CuDSSNewtonSolver: solve finished in 0.12s  res=1.635e-05
[06-30 21:33:41][DEBUG] jax_fem: CuDSSNewtonSolver: starting Newton loop
[06-30 21:33:41][DEBUG] jax_fem: DeviceProblem: computing Jacobian on device
[06-30 21:33:41][DEBUG] jax_fem: Function split_and_compute_cell took 0.0312 seconds
[06-30 21:33:41][DEBUG] jax_fem: CuDSSNewtonSolver: initial residual = 2.407e+08
[06-30 21:33:41][DEBUG] jax_fem: DeviceProblem: computing Jacobian on device
[06-30 21:33:41][DEBUG] jax_fem: Function split_and_compute_cell took 0.0317 seconds
[06-30 21:33:41][DEBUG] jax_fem: CuDSSNewtonSolver: iter=1  res=1.650e-05  rel=6.857e-14
[06-30 21:33:41][INFO] jax_fem: CuDSSNewtonSolver: solve finished in 0.11s  res=1.650e-05
[06-30 21:33:41][DEBUG] jax_fem: CuDSSNewtonSolver: starting Newton loop
[06-30 21:33:41][DEBUG] jax_fem: DeviceProblem: computing Jacobian on device
[06-30 21:33:41][DEBUG] jax_fem: Function split_and_compute_cell took 0.0310 seconds
[06-30 21:33:41][DEBUG] jax_fem: CuDSSNewtonSolver: initial residual = 2.401e+08
[06-30 21:33:41][DEBUG] jax_fem: DeviceProblem: computing Jacobian on device
[06-30 21:33:41][DEBUG] jax_fem: Function split_and_compute_cell took 0.0341 seconds
[06-30 21:33:41][DEBUG] jax_fem: CuDSSNewtonSolver: iter=1  res=1.767e-05  rel=7.362e-14
[06-30 21:33:41][INFO] jax_fem: CuDSSNewtonSolver: solve finished in 0.11s  res=1.767e-05
[06-30 21:33:42][DEBUG] jax_fem: CuDSSNewtonSolver: starting Newton loop
[06-30 21:33:42][DEBUG] jax_fem: DeviceProblem: computing Jacobian on device
[06-30 21:33:42][DEBUG] jax_fem: Function split_and_compute_cell took 0.0324 seconds
[06-30 21:33:42][DEBUG] jax_fem: CuDSSNewtonSolver: initial residual = 2.429e+08
[06-30 21:33:42][DEBUG] jax_fem: DeviceProblem: computing Jacobian on device
[06-30 21:33:42][DEBUG] jax_fem: Function split_and_compute_cell took 0.0331 seconds
[06-30 21:33:42][DEBUG] jax_fem: CuDSSNewtonSolver: iter=1  res=1.623e-05  rel=6.683e-14
[06-30 21:33:42][INFO] jax_fem: CuDSSNewtonSolver: solve finished in 0.12s  res=1.623e-05
[06-30 21:33:43][DEBUG] jax_fem: CuDSSNewtonSolver: starting Newton loop
[06-30 21:33:43][DEBUG] jax_fem: DeviceProblem: computing Jacobian on device
[06-30 21:33:43][DEBUG] jax_fem: Function split_and_compute_cell took 0.0315 seconds
[06-30 21:33:43][DEBUG] jax_fem: CuDSSNewtonSolver: initial residual = 2.414e+08
[06-30 21:33:43][DEBUG] jax_fem: DeviceProblem: computing Jacobian on device
[06-30 21:33:43][DEBUG] jax_fem: Function split_and_compute_cell took 0.0312 seconds
[06-30 21:33:43][DEBUG] jax_fem: CuDSSNewtonSolver: iter=1  res=1.166e-05  rel=4.830e-14
[06-30 21:33:43][INFO] jax_fem: CuDSSNewtonSolver: solve finished in 0.11s  res=1.166e-05
[06-30 21:33:43][INFO] jax_fem: CuDSS backward: solving adjoint problem …
[06-30 21:33:43][DEBUG] jax_fem: DeviceProblem: computing Jacobian on device
[06-30 21:33:43][DEBUG] jax_fem: Function split_and_compute_cell took 0.0367 seconds
[06-30 21:33:43][DEBUG] jax_fem: Computing cell residual...
[06-30 21:33:44][DEBUG] jax_fem: Function split_and_compute_cell took 0.0740 seconds
[06-30 21:33:44][INFO] jax_fem: CuDSS backward: solving adjoint problem …
[06-30 21:33:44][DEBUG] jax_fem: DeviceProblem: computing Jacobian on device
[06-30 21:33:44][DEBUG] jax_fem: Function split_and_compute_cell took 0.0361 seconds
[06-30 21:33:44][DEBUG] jax_fem: Computing cell residual...
[06-30 21:33:44][DEBUG] jax_fem: Function split_and_compute_cell took 0.0752 seconds
[06-30 21:33:44][INFO] jax_fem: CuDSS backward: solving adjoint problem …
[06-30 21:33:44][DEBUG] jax_fem: DeviceProblem: computing Jacobian on device
[06-30 21:33:44][DEBUG] jax_fem: Function split_and_compute_cell took 0.0451 seconds
[06-30 21:33:44][DEBUG] jax_fem: Computing cell residual...
[06-30 21:33:44][DEBUG] jax_fem: Function split_and_compute_cell took 0.0756 seconds
[06-30 21:33:45][INFO] jax_fem: CuDSS backward: solving adjoint problem …
[06-30 21:33:45][DEBUG] jax_fem: DeviceProblem: computing Jacobian on device
[06-30 21:33:45][DEBUG] jax_fem: Function split_and_compute_cell took 0.0496 seconds
[06-30 21:33:45][DEBUG] jax_fem: Computing cell residual...
[06-30 21:33:45][DEBUG] jax_fem: Function split_and_compute_cell took 0.0830 seconds
[06-30 21:33:45][INFO] jax_fem: CuDSS backward: solving adjoint problem …
[06-30 21:33:45][DEBUG] jax_fem: DeviceProblem: computing Jacobian on device
[06-30 21:33:45][DEBUG] jax_fem: Function split_and_compute_cell took 0.0382 seconds
[06-30 21:33:45][DEBUG] jax_fem: Computing cell residual...
[06-30 21:33:45][DEBUG] jax_fem: Function split_and_compute_cell took 0.0800 seconds
[06-30 21:33:47][DEBUG] jax_fem: CuDSSNewtonSolver: starting Newton loop
[06-30 21:33:47][DEBUG] jax_fem: DeviceProblem: computing Jacobian on device
[06-30 21:33:47][DEBUG] jax_fem: Function split_and_compute_cell took 0.0305 seconds
[06-30 21:33:47][DEBUG] jax_fem: CuDSSNewtonSolver: initial residual = 2.427e+08
[06-30 21:33:47][DEBUG] jax_fem: DeviceProblem: computing Jacobian on device
[06-30 21:33:47][DEBUG] jax_fem: Function split_and_compute_cell took 0.0475 seconds
[06-30 21:33:47][DEBUG] jax_fem: CuDSSNewtonSolver: iter=1  res=1.620e-05  rel=6.676e-14
[06-30 21:33:47][INFO] jax_fem: CuDSSNewtonSolver: solve finished in 0.13s  res=1.620e-05
[06-30 21:33:48][DEBUG] jax_fem: CuDSSNewtonSolver: starting Newton loop
[06-30 21:33:48][DEBUG] jax_fem: DeviceProblem: computing Jacobian on device
[06-30 21:33:48][DEBUG] jax_fem: Function split_and_compute_cell took 0.0406 seconds
[06-30 21:33:48][DEBUG] jax_fem: CuDSSNewtonSolver: initial residual = 2.407e+08
[06-30 21:33:48][DEBUG] jax_fem: DeviceProblem: computing Jacobian on device
[06-30 21:33:48][DEBUG] jax_fem: Function split_and_compute_cell took 0.0365 seconds
[06-30 21:33:48][DEBUG] jax_fem: CuDSSNewtonSolver: iter=1  res=1.616e-05  rel=6.716e-14
[06-30 21:33:48][INFO] jax_fem: CuDSSNewtonSolver: solve finished in 0.13s  res=1.616e-05
[06-30 21:33:48][DEBUG] jax_fem: CuDSSNewtonSolver: starting Newton loop
[06-30 21:33:48][DEBUG] jax_fem: DeviceProblem: computing Jacobian on device
[06-30 21:33:48][DEBUG] jax_fem: Function split_and_compute_cell took 0.0470 seconds
[06-30 21:33:48][DEBUG] jax_fem: CuDSSNewtonSolver: initial residual = 2.401e+08
[06-30 21:33:48][DEBUG] jax_fem: DeviceProblem: computing Jacobian on device
[06-30 21:33:48][DEBUG] jax_fem: Function split_and_compute_cell took 0.0378 seconds
[06-30 21:33:48][DEBUG] jax_fem: CuDSSNewtonSolver: iter=1  res=1.705e-05  rel=7.102e-14
[06-30 21:33:48][INFO] jax_fem: CuDSSNewtonSolver: solve finished in 0.14s  res=1.705e-05
[06-30 21:33:48][DEBUG] jax_fem: CuDSSNewtonSolver: starting Newton loop
[06-30 21:33:48][DEBUG] jax_fem: DeviceProblem: computing Jacobian on device
[06-30 21:33:48][DEBUG] jax_fem: Function split_and_compute_cell took 0.0326 seconds
[06-30 21:33:48][DEBUG] jax_fem: CuDSSNewtonSolver: initial residual = 2.429e+08
[06-30 21:33:48][DEBUG] jax_fem: DeviceProblem: computing Jacobian on device
[06-30 21:33:49][DEBUG] jax_fem: Function split_and_compute_cell took 0.0376 seconds
[06-30 21:33:49][DEBUG] jax_fem: CuDSSNewtonSolver: iter=1  res=1.583e-05  rel=6.519e-14
[06-30 21:33:49][INFO] jax_fem: CuDSSNewtonSolver: solve finished in 0.12s  res=1.583e-05
[06-30 21:33:49][DEBUG] jax_fem: CuDSSNewtonSolver: starting Newton loop
[06-30 21:33:49][DEBUG] jax_fem: DeviceProblem: computing Jacobian on device
[06-30 21:33:49][DEBUG] jax_fem: Function split_and_compute_cell took 0.0377 seconds
[06-30 21:33:49][DEBUG] jax_fem: CuDSSNewtonSolver: initial residual = 2.414e+08
[06-30 21:33:49][DEBUG] jax_fem: DeviceProblem: computing Jacobian on device
[06-30 21:33:49][DEBUG] jax_fem: Function split_and_compute_cell took 0.0520 seconds
[06-30 21:33:49][DEBUG] jax_fem: CuDSSNewtonSolver: iter=1  res=1.212e-05  rel=5.018e-14
[06-30 21:33:49][INFO] jax_fem: CuDSSNewtonSolver: solve finished in 0.14s  res=1.212e-05
[06-30 21:33:51][DEBUG] jax_fem: CuDSSNewtonSolver: starting Newton loop
[06-30 21:33:51][DEBUG] jax_fem: DeviceProblem: computing Jacobian on device
[06-30 21:33:51][DEBUG] jax_fem: Function split_and_compute_cell took 0.0304 seconds
[06-30 21:33:51][DEBUG] jax_fem: CuDSSNewtonSolver: initial residual = 2.427e+08
[06-30 21:33:51][DEBUG] jax_fem: DeviceProblem: computing Jacobian on device
[06-30 21:33:51][DEBUG] jax_fem: Function split_and_compute_cell took 0.0326 seconds
[06-30 21:33:51][DEBUG] jax_fem: CuDSSNewtonSolver: iter=1  res=1.648e-05  rel=6.792e-14
[06-30 21:33:51][INFO] jax_fem: CuDSSNewtonSolver: solve finished in 0.11s  res=1.648e-05
[06-30 21:33:52][DEBUG] jax_fem: CuDSSNewtonSolver: starting Newton loop
[06-30 21:33:52][DEBUG] jax_fem: DeviceProblem: computing Jacobian on device
[06-30 21:33:52][DEBUG] jax_fem: Function split_and_compute_cell took 0.0325 seconds
[06-30 21:33:52][DEBUG] jax_fem: CuDSSNewtonSolver: initial residual = 2.407e+08
[06-30 21:33:52][DEBUG] jax_fem: DeviceProblem: computing Jacobian on device
[06-30 21:33:52][DEBUG] jax_fem: Function split_and_compute_cell took 0.0324 seconds
[06-30 21:33:52][DEBUG] jax_fem: CuDSSNewtonSolver: iter=1  res=1.620e-05  rel=6.730e-14
[06-30 21:33:52][INFO] jax_fem: CuDSSNewtonSolver: solve finished in 0.12s  res=1.620e-05
[06-30 21:33:52][DEBUG] jax_fem: CuDSSNewtonSolver: starting Newton loop
[06-30 21:33:52][DEBUG] jax_fem: DeviceProblem: computing Jacobian on device
[06-30 21:33:53][DEBUG] jax_fem: Function split_and_compute_cell took 0.0297 seconds
[06-30 21:33:53][DEBUG] jax_fem: CuDSSNewtonSolver: initial residual = 2.401e+08
[06-30 21:33:53][DEBUG] jax_fem: DeviceProblem: computing Jacobian on device
[06-30 21:33:53][DEBUG] jax_fem: Function split_and_compute_cell took 0.0341 seconds
[06-30 21:33:53][DEBUG] jax_fem: CuDSSNewtonSolver: iter=1  res=1.649e-05  rel=6.870e-14
[06-30 21:33:53][INFO] jax_fem: CuDSSNewtonSolver: solve finished in 0.11s  res=1.649e-05
[06-30 21:33:53][DEBUG] jax_fem: CuDSSNewtonSolver: starting Newton loop
[06-30 21:33:53][DEBUG] jax_fem: DeviceProblem: computing Jacobian on device
[06-30 21:33:53][DEBUG] jax_fem: Function split_and_compute_cell took 0.0326 seconds
[06-30 21:33:53][DEBUG] jax_fem: CuDSSNewtonSolver: initial residual = 2.429e+08
[06-30 21:33:53][DEBUG] jax_fem: DeviceProblem: computing Jacobian on device
[06-30 21:33:53][DEBUG] jax_fem: Function split_and_compute_cell took 0.0331 seconds
[06-30 21:33:53][DEBUG] jax_fem: CuDSSNewtonSolver: iter=1  res=1.568e-05  rel=6.456e-14
[06-30 21:33:53][INFO] jax_fem: CuDSSNewtonSolver: solve finished in 0.11s  res=1.568e-05
[06-30 21:33:54][DEBUG] jax_fem: CuDSSNewtonSolver: starting Newton loop
[06-30 21:33:54][DEBUG] jax_fem: DeviceProblem: computing Jacobian on device
[06-30 21:33:54][DEBUG] jax_fem: Function split_and_compute_cell took 0.0355 seconds
[06-30 21:33:54][DEBUG] jax_fem: CuDSSNewtonSolver: initial residual = 2.414e+08
[06-30 21:33:54][DEBUG] jax_fem: DeviceProblem: computing Jacobian on device
[06-30 21:33:54][DEBUG] jax_fem: Function split_and_compute_cell took 0.0334 seconds
[06-30 21:33:54][DEBUG] jax_fem: CuDSSNewtonSolver: iter=1  res=1.192e-05  rel=4.936e-14
[06-30 21:33:54][INFO] jax_fem: CuDSSNewtonSolver: solve finished in 0.12s  res=1.192e-05
[06-30 21:33:54][INFO] jax_fem: CuDSS backward: solving adjoint problem …
[06-30 21:33:54][DEBUG] jax_fem: DeviceProblem: computing Jacobian on device
[06-30 21:33:54][DEBUG] jax_fem: Function split_and_compute_cell took 0.0505 seconds
[06-30 21:33:54][DEBUG] jax_fem: Computing cell residual...
[06-30 21:33:54][DEBUG] jax_fem: Function split_and_compute_cell took 0.0713 seconds
[06-30 21:33:55][INFO] jax_fem: CuDSS backward: solving adjoint problem …
[06-30 21:33:55][DEBUG] jax_fem: DeviceProblem: computing Jacobian on device
[06-30 21:33:55][DEBUG] jax_fem: Function split_and_compute_cell took 0.0373 seconds
[06-30 21:33:55][DEBUG] jax_fem: Computing cell residual...
[06-30 21:33:55][DEBUG] jax_fem: Function split_and_compute_cell took 0.0760 seconds
[06-30 21:33:55][INFO] jax_fem: CuDSS backward: solving adjoint problem …
[06-30 21:33:55][DEBUG] jax_fem: DeviceProblem: computing Jacobian on device
[06-30 21:33:55][DEBUG] jax_fem: Function split_and_compute_cell took 0.0474 seconds
[06-30 21:33:55][DEBUG] jax_fem: Computing cell residual...
[06-30 21:33:55][DEBUG] jax_fem: Function split_and_compute_cell took 0.0660 seconds
[06-30 21:33:56][INFO] jax_fem: CuDSS backward: solving adjoint problem …
[06-30 21:33:56][DEBUG] jax_fem: DeviceProblem: computing Jacobian on device
[06-30 21:33:56][DEBUG] jax_fem: Function split_and_compute_cell took 0.0484 seconds
[06-30 21:33:56][DEBUG] jax_fem: Computing cell residual...
[06-30 21:33:56][DEBUG] jax_fem: Function split_and_compute_cell took 0.0732 seconds
[06-30 21:33:56][INFO] jax_fem: CuDSS backward: solving adjoint problem …
[06-30 21:33:56][DEBUG] jax_fem: DeviceProblem: computing Jacobian on device
[06-30 21:33:56][DEBUG] jax_fem: Function split_and_compute_cell took 0.0550 seconds
[06-30 21:33:56][DEBUG] jax_fem: Computing cell residual...
[06-30 21:33:56][DEBUG] jax_fem: Function split_and_compute_cell took 0.0653 seconds
[06-30 21:33:58][DEBUG] jax_fem: CuDSSNewtonSolver: starting Newton loop
[06-30 21:33:58][DEBUG] jax_fem: DeviceProblem: computing Jacobian on device
[06-30 21:33:58][DEBUG] jax_fem: Function split_and_compute_cell took 0.0430 seconds
[06-30 21:33:58][DEBUG] jax_fem: CuDSSNewtonSolver: initial residual = 2.427e+08
[06-30 21:33:58][DEBUG] jax_fem: DeviceProblem: computing Jacobian on device
[06-30 21:33:58][DEBUG] jax_fem: Function split_and_compute_cell took 0.0447 seconds
[06-30 21:33:58][DEBUG] jax_fem: CuDSSNewtonSolver: iter=1  res=1.606e-05  rel=6.619e-14
[06-30 21:33:58][INFO] jax_fem: CuDSSNewtonSolver: solve finished in 0.14s  res=1.606e-05
[06-30 21:33:59][DEBUG] jax_fem: CuDSSNewtonSolver: starting Newton loop
[06-30 21:33:59][DEBUG] jax_fem: DeviceProblem: computing Jacobian on device
[06-30 21:33:59][DEBUG] jax_fem: Function split_and_compute_cell took 0.0492 seconds
[06-30 21:33:59][DEBUG] jax_fem: CuDSSNewtonSolver: initial residual = 2.407e+08
[06-30 21:33:59][DEBUG] jax_fem: DeviceProblem: computing Jacobian on device
[06-30 21:33:59][DEBUG] jax_fem: Function split_and_compute_cell took 0.0419 seconds
[06-30 21:33:59][DEBUG] jax_fem: CuDSSNewtonSolver: iter=1  res=1.600e-05  rel=6.647e-14
[06-30 21:33:59][INFO] jax_fem: CuDSSNewtonSolver: solve finished in 0.15s  res=1.600e-05
[06-30 21:33:59][DEBUG] jax_fem: CuDSSNewtonSolver: starting Newton loop
[06-30 21:33:59][DEBUG] jax_fem: DeviceProblem: computing Jacobian on device
[06-30 21:33:59][DEBUG] jax_fem: Function split_and_compute_cell took 0.0354 seconds
[06-30 21:33:59][DEBUG] jax_fem: CuDSSNewtonSolver: initial residual = 2.401e+08
[06-30 21:33:59][DEBUG] jax_fem: DeviceProblem: computing Jacobian on device
[06-30 21:33:59][DEBUG] jax_fem: Function split_and_compute_cell took 0.0406 seconds
[06-30 21:33:59][DEBUG] jax_fem: CuDSSNewtonSolver: iter=1  res=1.754e-05  rel=7.307e-14
[06-30 21:33:59][INFO] jax_fem: CuDSSNewtonSolver: solve finished in 0.13s  res=1.754e-05
[06-30 21:33:59][DEBUG] jax_fem: CuDSSNewtonSolver: starting Newton loop
[06-30 21:33:59][DEBUG] jax_fem: DeviceProblem: computing Jacobian on device
[06-30 21:34:00][DEBUG] jax_fem: Function split_and_compute_cell took 0.0474 seconds
[06-30 21:34:00][DEBUG] jax_fem: CuDSSNewtonSolver: initial residual = 2.429e+08
[06-30 21:34:00][DEBUG] jax_fem: DeviceProblem: computing Jacobian on device
[06-30 21:34:00][DEBUG] jax_fem: Function split_and_compute_cell took 0.0539 seconds
[06-30 21:34:00][DEBUG] jax_fem: CuDSSNewtonSolver: iter=1  res=1.649e-05  rel=6.788e-14
[06-30 21:34:00][INFO] jax_fem: CuDSSNewtonSolver: solve finished in 0.15s  res=1.649e-05
[06-30 21:34:00][DEBUG] jax_fem: CuDSSNewtonSolver: starting Newton loop
[06-30 21:34:00][DEBUG] jax_fem: DeviceProblem: computing Jacobian on device
[06-30 21:34:00][DEBUG] jax_fem: Function split_and_compute_cell took 0.0462 seconds
[06-30 21:34:00][DEBUG] jax_fem: CuDSSNewtonSolver: initial residual = 2.414e+08
[06-30 21:34:00][DEBUG] jax_fem: DeviceProblem: computing Jacobian on device
[06-30 21:34:00][DEBUG] jax_fem: Function split_and_compute_cell took 0.0406 seconds
[06-30 21:34:00][DEBUG] jax_fem: CuDSSNewtonSolver: iter=1  res=1.160e-05  rel=4.805e-14
[06-30 21:34:00][INFO] jax_fem: CuDSSNewtonSolver: solve finished in 0.14s  res=1.160e-05
[06-30 21:34:02][DEBUG] jax_fem: CuDSSNewtonSolver: starting Newton loop
[06-30 21:34:02][DEBUG] jax_fem: DeviceProblem: computing Jacobian on device
[06-30 21:34:02][DEBUG] jax_fem: Function split_and_compute_cell took 0.0325 seconds
[06-30 21:34:02][DEBUG] jax_fem: CuDSSNewtonSolver: initial residual = 2.427e+08
[06-30 21:34:02][DEBUG] jax_fem: DeviceProblem: computing Jacobian on device
[06-30 21:34:02][DEBUG] jax_fem: Function split_and_compute_cell took 0.0352 seconds
[06-30 21:34:02][DEBUG] jax_fem: CuDSSNewtonSolver: iter=1  res=1.683e-05  rel=6.933e-14
[06-30 21:34:02][INFO] jax_fem: CuDSSNewtonSolver: solve finished in 0.12s  res=1.683e-05
[06-30 21:34:03][DEBUG] jax_fem: CuDSSNewtonSolver: starting Newton loop
[06-30 21:34:03][DEBUG] jax_fem: DeviceProblem: computing Jacobian on device
[06-30 21:34:03][DEBUG] jax_fem: Function split_and_compute_cell took 0.0323 seconds
[06-30 21:34:03][DEBUG] jax_fem: CuDSSNewtonSolver: initial residual = 2.407e+08
[06-30 21:34:03][DEBUG] jax_fem: DeviceProblem: computing Jacobian on device
[06-30 21:34:03][DEBUG] jax_fem: Function split_and_compute_cell took 0.0332 seconds
[06-30 21:34:03][DEBUG] jax_fem: CuDSSNewtonSolver: iter=1  res=1.600e-05  rel=6.648e-14
[06-30 21:34:03][INFO] jax_fem: CuDSSNewtonSolver: solve finished in 0.11s  res=1.600e-05
[06-30 21:34:04][DEBUG] jax_fem: CuDSSNewtonSolver: starting Newton loop
[06-30 21:34:04][DEBUG] jax_fem: DeviceProblem: computing Jacobian on device
[06-30 21:34:04][DEBUG] jax_fem: Function split_and_compute_cell took 0.0331 seconds
[06-30 21:34:04][DEBUG] jax_fem: CuDSSNewtonSolver: initial residual = 2.401e+08
[06-30 21:34:04][DEBUG] jax_fem: DeviceProblem: computing Jacobian on device
[06-30 21:34:04][DEBUG] jax_fem: Function split_and_compute_cell took 0.0335 seconds
[06-30 21:34:04][DEBUG] jax_fem: CuDSSNewtonSolver: iter=1  res=1.738e-05  rel=7.239e-14
[06-30 21:34:04][INFO] jax_fem: CuDSSNewtonSolver: solve finished in 0.12s  res=1.738e-05
[06-30 21:34:05][DEBUG] jax_fem: CuDSSNewtonSolver: starting Newton loop
[06-30 21:34:05][DEBUG] jax_fem: DeviceProblem: computing Jacobian on device
[06-30 21:34:05][DEBUG] jax_fem: Function split_and_compute_cell took 0.0311 seconds
[06-30 21:34:05][DEBUG] jax_fem: CuDSSNewtonSolver: initial residual = 2.429e+08
[06-30 21:34:05][DEBUG] jax_fem: DeviceProblem: computing Jacobian on device
[06-30 21:34:05][DEBUG] jax_fem: Function split_and_compute_cell took 0.0329 seconds
[06-30 21:34:05][DEBUG] jax_fem: CuDSSNewtonSolver: iter=1  res=1.576e-05  rel=6.488e-14
[06-30 21:34:05][INFO] jax_fem: CuDSSNewtonSolver: solve finished in 0.11s  res=1.576e-05
[06-30 21:34:05][DEBUG] jax_fem: CuDSSNewtonSolver: starting Newton loop
[06-30 21:34:05][DEBUG] jax_fem: DeviceProblem: computing Jacobian on device
[06-30 21:34:06][DEBUG] jax_fem: Function split_and_compute_cell took 0.0310 seconds
[06-30 21:34:06][DEBUG] jax_fem: CuDSSNewtonSolver: initial residual = 2.414e+08
[06-30 21:34:06][DEBUG] jax_fem: DeviceProblem: computing Jacobian on device
[06-30 21:34:06][DEBUG] jax_fem: Function split_and_compute_cell took 0.0351 seconds
[06-30 21:34:06][DEBUG] jax_fem: CuDSSNewtonSolver: iter=1  res=1.205e-05  rel=4.990e-14
[06-30 21:34:06][INFO] jax_fem: CuDSSNewtonSolver: solve finished in 0.12s  res=1.205e-05
[06-30 21:34:06][INFO] jax_fem: CuDSS backward: solving adjoint problem …
[06-30 21:34:06][DEBUG] jax_fem: DeviceProblem: computing Jacobian on device
[06-30 21:34:06][DEBUG] jax_fem: Function split_and_compute_cell took 0.0341 seconds
[06-30 21:34:06][DEBUG] jax_fem: Computing cell residual...
[06-30 21:34:06][DEBUG] jax_fem: Function split_and_compute_cell took 0.0676 seconds
[06-30 21:34:06][INFO] jax_fem: CuDSS backward: solving adjoint problem …
[06-30 21:34:06][DEBUG] jax_fem: DeviceProblem: computing Jacobian on device
[06-30 21:34:06][DEBUG] jax_fem: Function split_and_compute_cell took 0.0400 seconds
[06-30 21:34:06][DEBUG] jax_fem: Computing cell residual...
[06-30 21:34:06][DEBUG] jax_fem: Function split_and_compute_cell took 0.0715 seconds
[06-30 21:34:07][INFO] jax_fem: CuDSS backward: solving adjoint problem …
[06-30 21:34:07][DEBUG] jax_fem: DeviceProblem: computing Jacobian on device
[06-30 21:34:07][DEBUG] jax_fem: Function split_and_compute_cell took 0.0445 seconds
[06-30 21:34:07][DEBUG] jax_fem: Computing cell residual...
[06-30 21:34:07][DEBUG] jax_fem: Function split_and_compute_cell took 0.0773 seconds
[06-30 21:34:07][INFO] jax_fem: CuDSS backward: solving adjoint problem …
[06-30 21:34:07][DEBUG] jax_fem: DeviceProblem: computing Jacobian on device
[06-30 21:34:07][DEBUG] jax_fem: Function split_and_compute_cell took 0.0450 seconds
[06-30 21:34:07][DEBUG] jax_fem: Computing cell residual...
[06-30 21:34:07][DEBUG] jax_fem: Function split_and_compute_cell took 0.0690 seconds
[06-30 21:34:08][INFO] jax_fem: CuDSS backward: solving adjoint problem …
[06-30 21:34:08][DEBUG] jax_fem: DeviceProblem: computing Jacobian on device
[06-30 21:34:08][DEBUG] jax_fem: Function split_and_compute_cell took 0.0528 seconds
[06-30 21:34:08][DEBUG] jax_fem: Computing cell residual...
[06-30 21:34:08][DEBUG] jax_fem: Function split_and_compute_cell took 0.0857 seconds
[06-30 21:34:10][DEBUG] jax_fem: CuDSSNewtonSolver: starting Newton loop
[06-30 21:34:10][DEBUG] jax_fem: DeviceProblem: computing Jacobian on device
[06-30 21:34:10][DEBUG] jax_fem: Function split_and_compute_cell took 0.0489 seconds
[06-30 21:34:10][DEBUG] jax_fem: CuDSSNewtonSolver: initial residual = 2.427e+08
[06-30 21:34:10][DEBUG] jax_fem: DeviceProblem: computing Jacobian on device
[06-30 21:34:10][DEBUG] jax_fem: Function split_and_compute_cell took 0.0389 seconds
[06-30 21:34:10][DEBUG] jax_fem: CuDSSNewtonSolver: iter=1  res=1.572e-05  rel=6.476e-14
[06-30 21:34:10][INFO] jax_fem: CuDSSNewtonSolver: solve finished in 0.14s  res=1.572e-05
[06-30 21:34:10][DEBUG] jax_fem: CuDSSNewtonSolver: starting Newton loop
[06-30 21:34:10][DEBUG] jax_fem: DeviceProblem: computing Jacobian on device
[06-30 21:34:10][DEBUG] jax_fem: Function split_and_compute_cell took 0.0508 seconds
[06-30 21:34:10][DEBUG] jax_fem: CuDSSNewtonSolver: initial residual = 2.407e+08
[06-30 21:34:10][DEBUG] jax_fem: DeviceProblem: computing Jacobian on device
[06-30 21:34:10][DEBUG] jax_fem: Function split_and_compute_cell took 0.0515 seconds
[06-30 21:34:10][DEBUG] jax_fem: CuDSSNewtonSolver: iter=1  res=1.632e-05  rel=6.782e-14
[06-30 21:34:10][INFO] jax_fem: CuDSSNewtonSolver: solve finished in 0.15s  res=1.632e-05
[06-30 21:34:11][DEBUG] jax_fem: CuDSSNewtonSolver: starting Newton loop
[06-30 21:34:11][DEBUG] jax_fem: DeviceProblem: computing Jacobian on device
[06-30 21:34:11][DEBUG] jax_fem: Function split_and_compute_cell took 0.0379 seconds
[06-30 21:34:11][DEBUG] jax_fem: CuDSSNewtonSolver: initial residual = 2.401e+08
[06-30 21:34:11][DEBUG] jax_fem: DeviceProblem: computing Jacobian on device
[06-30 21:34:11][DEBUG] jax_fem: Function split_and_compute_cell took 0.0507 seconds
[06-30 21:34:11][DEBUG] jax_fem: CuDSSNewtonSolver: iter=1  res=1.642e-05  rel=6.840e-14
[06-30 21:34:11][INFO] jax_fem: CuDSSNewtonSolver: solve finished in 0.14s  res=1.642e-05
[06-30 21:34:11][DEBUG] jax_fem: CuDSSNewtonSolver: starting Newton loop
[06-30 21:34:11][DEBUG] jax_fem: DeviceProblem: computing Jacobian on device
[06-30 21:34:11][DEBUG] jax_fem: Function split_and_compute_cell took 0.0369 seconds
[06-30 21:34:11][DEBUG] jax_fem: CuDSSNewtonSolver: initial residual = 2.429e+08
[06-30 21:34:11][DEBUG] jax_fem: DeviceProblem: computing Jacobian on device
[06-30 21:34:11][DEBUG] jax_fem: Function split_and_compute_cell took 0.0379 seconds
[06-30 21:34:11][DEBUG] jax_fem: CuDSSNewtonSolver: iter=1  res=1.607e-05  rel=6.619e-14
[06-30 21:34:11][INFO] jax_fem: CuDSSNewtonSolver: solve finished in 0.12s  res=1.607e-05
[06-30 21:34:12][DEBUG] jax_fem: CuDSSNewtonSolver: starting Newton loop
[06-30 21:34:12][DEBUG] jax_fem: DeviceProblem: computing Jacobian on device
[06-30 21:34:12][DEBUG] jax_fem: Function split_and_compute_cell took 0.0393 seconds
[06-30 21:34:12][DEBUG] jax_fem: CuDSSNewtonSolver: initial residual = 2.414e+08
[06-30 21:34:12][DEBUG] jax_fem: DeviceProblem: computing Jacobian on device
[06-30 21:34:12][DEBUG] jax_fem: Function split_and_compute_cell took 0.0410 seconds
[06-30 21:34:12][DEBUG] jax_fem: CuDSSNewtonSolver: iter=1  res=1.176e-05  rel=4.872e-14
[06-30 21:34:12][INFO] jax_fem: CuDSSNewtonSolver: solve finished in 0.13s  res=1.176e-05
[06-30 21:34:14][DEBUG] jax_fem: CuDSSNewtonSolver: starting Newton loop
[06-30 21:34:14][DEBUG] jax_fem: DeviceProblem: computing Jacobian on device
[06-30 21:34:14][DEBUG] jax_fem: Function split_and_compute_cell took 0.0313 seconds
[06-30 21:34:14][DEBUG] jax_fem: CuDSSNewtonSolver: initial residual = 2.427e+08
[06-30 21:34:14][DEBUG] jax_fem: DeviceProblem: computing Jacobian on device
[06-30 21:34:14][DEBUG] jax_fem: Function split_and_compute_cell took 0.0331 seconds
[06-30 21:34:14][DEBUG] jax_fem: CuDSSNewtonSolver: iter=1  res=1.590e-05  rel=6.550e-14
[06-30 21:34:14][INFO] jax_fem: CuDSSNewtonSolver: solve finished in 0.12s  res=1.590e-05
[06-30 21:34:14][DEBUG] jax_fem: CuDSSNewtonSolver: starting Newton loop
[06-30 21:34:14][DEBUG] jax_fem: DeviceProblem: computing Jacobian on device
[06-30 21:34:14][DEBUG] jax_fem: Function split_and_compute_cell took 0.0324 seconds
[06-30 21:34:14][DEBUG] jax_fem: CuDSSNewtonSolver: initial residual = 2.407e+08
[06-30 21:34:14][DEBUG] jax_fem: DeviceProblem: computing Jacobian on device
[06-30 21:34:15][DEBUG] jax_fem: Function split_and_compute_cell took 0.0315 seconds
[06-30 21:34:15][DEBUG] jax_fem: CuDSSNewtonSolver: iter=1  res=1.599e-05  rel=6.643e-14
[06-30 21:34:15][INFO] jax_fem: CuDSSNewtonSolver: solve finished in 0.11s  res=1.599e-05
[06-30 21:34:15][DEBUG] jax_fem: CuDSSNewtonSolver: starting Newton loop
[06-30 21:34:15][DEBUG] jax_fem: DeviceProblem: computing Jacobian on device
[06-30 21:34:15][DEBUG] jax_fem: Function split_and_compute_cell took 0.0324 seconds
[06-30 21:34:15][DEBUG] jax_fem: CuDSSNewtonSolver: initial residual = 2.401e+08
[06-30 21:34:15][DEBUG] jax_fem: DeviceProblem: computing Jacobian on device
[06-30 21:34:15][DEBUG] jax_fem: Function split_and_compute_cell took 0.0317 seconds
[06-30 21:34:15][DEBUG] jax_fem: CuDSSNewtonSolver: iter=1  res=1.742e-05  rel=7.257e-14
[06-30 21:34:15][INFO] jax_fem: CuDSSNewtonSolver: solve finished in 0.11s  res=1.742e-05
[06-30 21:34:16][DEBUG] jax_fem: CuDSSNewtonSolver: starting Newton loop
[06-30 21:34:16][DEBUG] jax_fem: DeviceProblem: computing Jacobian on device
[06-30 21:34:16][DEBUG] jax_fem: Function split_and_compute_cell took 0.0344 seconds
[06-30 21:34:16][DEBUG] jax_fem: CuDSSNewtonSolver: initial residual = 2.429e+08
[06-30 21:34:16][DEBUG] jax_fem: DeviceProblem: computing Jacobian on device
[06-30 21:34:16][DEBUG] jax_fem: Function split_and_compute_cell took 0.0297 seconds
[06-30 21:34:16][DEBUG] jax_fem: CuDSSNewtonSolver: iter=1  res=1.622e-05  rel=6.677e-14
[06-30 21:34:16][INFO] jax_fem: CuDSSNewtonSolver: solve finished in 0.11s  res=1.622e-05
[06-30 21:34:17][DEBUG] jax_fem: CuDSSNewtonSolver: starting Newton loop
[06-30 21:34:17][DEBUG] jax_fem: DeviceProblem: computing Jacobian on device
[06-30 21:34:17][DEBUG] jax_fem: Function split_and_compute_cell took 0.0314 seconds
[06-30 21:34:17][DEBUG] jax_fem: CuDSSNewtonSolver: initial residual = 2.414e+08
[06-30 21:34:17][DEBUG] jax_fem: DeviceProblem: computing Jacobian on device
[06-30 21:34:17][DEBUG] jax_fem: Function split_and_compute_cell took 0.0342 seconds
[06-30 21:34:17][DEBUG] jax_fem: CuDSSNewtonSolver: iter=1  res=1.170e-05  rel=4.844e-14
[06-30 21:34:17][INFO] jax_fem: CuDSSNewtonSolver: solve finished in 0.11s  res=1.170e-05
[06-30 21:34:17][INFO] jax_fem: CuDSS backward: solving adjoint problem …
[06-30 21:34:17][DEBUG] jax_fem: DeviceProblem: computing Jacobian on device
[06-30 21:34:17][DEBUG] jax_fem: Function split_and_compute_cell took 0.0336 seconds
[06-30 21:34:17][DEBUG] jax_fem: Computing cell residual...
[06-30 21:34:17][DEBUG] jax_fem: Function split_and_compute_cell took 0.0789 seconds
[06-30 21:34:18][INFO] jax_fem: CuDSS backward: solving adjoint problem …
[06-30 21:34:18][DEBUG] jax_fem: DeviceProblem: computing Jacobian on device
[06-30 21:34:18][DEBUG] jax_fem: Function split_and_compute_cell took 0.0406 seconds
[06-30 21:34:18][DEBUG] jax_fem: Computing cell residual...
[06-30 21:34:18][DEBUG] jax_fem: Function split_and_compute_cell took 0.0760 seconds
[06-30 21:34:18][INFO] jax_fem: CuDSS backward: solving adjoint problem …
[06-30 21:34:18][DEBUG] jax_fem: DeviceProblem: computing Jacobian on device
[06-30 21:34:18][DEBUG] jax_fem: Function split_and_compute_cell took 0.0508 seconds
[06-30 21:34:18][DEBUG] jax_fem: Computing cell residual...
[06-30 21:34:18][DEBUG] jax_fem: Function split_and_compute_cell took 0.0812 seconds
[06-30 21:34:19][INFO] jax_fem: CuDSS backward: solving adjoint problem …
[06-30 21:34:19][DEBUG] jax_fem: DeviceProblem: computing Jacobian on device
[06-30 21:34:19][DEBUG] jax_fem: Function split_and_compute_cell took 0.0470 seconds
[06-30 21:34:19][DEBUG] jax_fem: Computing cell residual...
[06-30 21:34:19][DEBUG] jax_fem: Function split_and_compute_cell took 0.0740 seconds
[06-30 21:34:19][INFO] jax_fem: CuDSS backward: solving adjoint problem …
[06-30 21:34:19][DEBUG] jax_fem: DeviceProblem: computing Jacobian on device
[06-30 21:34:19][DEBUG] jax_fem: Function split_and_compute_cell took 0.0528 seconds
[06-30 21:34:19][DEBUG] jax_fem: Computing cell residual...
[06-30 21:34:19][DEBUG] jax_fem: Function split_and_compute_cell took 0.0810 seconds
[06-30 21:34:21][DEBUG] jax_fem: CuDSSNewtonSolver: starting Newton loop
[06-30 21:34:21][DEBUG] jax_fem: DeviceProblem: computing Jacobian on device
[06-30 21:34:21][DEBUG] jax_fem: Function split_and_compute_cell took 0.0641 seconds
[06-30 21:34:21][DEBUG] jax_fem: CuDSSNewtonSolver: initial residual = 2.427e+08
[06-30 21:34:21][DEBUG] jax_fem: DeviceProblem: computing Jacobian on device
[06-30 21:34:21][DEBUG] jax_fem: Function split_and_compute_cell took 0.0380 seconds
[06-30 21:34:21][DEBUG] jax_fem: CuDSSNewtonSolver: iter=1  res=1.569e-05  rel=6.465e-14
[06-30 21:34:21][INFO] jax_fem: CuDSSNewtonSolver: solve finished in 0.16s  res=1.569e-05
[06-30 21:34:22][DEBUG] jax_fem: CuDSSNewtonSolver: starting Newton loop
[06-30 21:34:22][DEBUG] jax_fem: DeviceProblem: computing Jacobian on device
[06-30 21:34:22][DEBUG] jax_fem: Function split_and_compute_cell took 0.0409 seconds
[06-30 21:34:22][DEBUG] jax_fem: CuDSSNewtonSolver: initial residual = 2.407e+08
[06-30 21:34:22][DEBUG] jax_fem: DeviceProblem: computing Jacobian on device
[06-30 21:34:22][DEBUG] jax_fem: Function split_and_compute_cell took 0.0425 seconds
[06-30 21:34:22][DEBUG] jax_fem: CuDSSNewtonSolver: iter=1  res=1.747e-05  rel=7.260e-14
[06-30 21:34:22][INFO] jax_fem: CuDSSNewtonSolver: solve finished in 0.14s  res=1.747e-05
[06-30 21:34:22][DEBUG] jax_fem: CuDSSNewtonSolver: starting Newton loop
[06-30 21:34:22][DEBUG] jax_fem: DeviceProblem: computing Jacobian on device
[06-30 21:34:22][DEBUG] jax_fem: Function split_and_compute_cell took 0.0266 seconds
[06-30 21:34:22][DEBUG] jax_fem: CuDSSNewtonSolver: initial residual = 2.401e+08
[06-30 21:34:22][DEBUG] jax_fem: DeviceProblem: computing Jacobian on device
[06-30 21:34:22][DEBUG] jax_fem: Function split_and_compute_cell took 0.0310 seconds
[06-30 21:34:22][DEBUG] jax_fem: CuDSSNewtonSolver: iter=1  res=1.760e-05  rel=7.333e-14
[06-30 21:34:22][INFO] jax_fem: CuDSSNewtonSolver: solve finished in 0.11s  res=1.760e-05
[06-30 21:34:22][DEBUG] jax_fem: CuDSSNewtonSolver: starting Newton loop
[06-30 21:34:22][DEBUG] jax_fem: DeviceProblem: computing Jacobian on device
[06-30 21:34:22][DEBUG] jax_fem: Function split_and_compute_cell took 0.0570 seconds
[06-30 21:34:22][DEBUG] jax_fem: CuDSSNewtonSolver: initial residual = 2.429e+08
[06-30 21:34:22][DEBUG] jax_fem: DeviceProblem: computing Jacobian on device
[06-30 21:34:23][DEBUG] jax_fem: Function split_and_compute_cell took 0.0573 seconds
[06-30 21:34:23][DEBUG] jax_fem: CuDSSNewtonSolver: iter=1  res=1.631e-05  rel=6.717e-14
[06-30 21:34:23][INFO] jax_fem: CuDSSNewtonSolver: solve finished in 0.17s  res=1.631e-05
[06-30 21:34:23][DEBUG] jax_fem: CuDSSNewtonSolver: starting Newton loop
[06-30 21:34:23][DEBUG] jax_fem: DeviceProblem: computing Jacobian on device
[06-30 21:34:23][DEBUG] jax_fem: Function split_and_compute_cell took 0.0465 seconds
[06-30 21:34:23][DEBUG] jax_fem: CuDSSNewtonSolver: initial residual = 2.414e+08
[06-30 21:34:23][DEBUG] jax_fem: DeviceProblem: computing Jacobian on device
[06-30 21:34:23][DEBUG] jax_fem: Function split_and_compute_cell took 0.0413 seconds
[06-30 21:34:23][DEBUG] jax_fem: CuDSSNewtonSolver: iter=1  res=1.162e-05  rel=4.813e-14
[06-30 21:34:23][INFO] jax_fem: CuDSSNewtonSolver: solve finished in 0.14s  res=1.162e-05
[06-30 21:34:25][DEBUG] jax_fem: CuDSSNewtonSolver: starting Newton loop
[06-30 21:34:25][DEBUG] jax_fem: DeviceProblem: computing Jacobian on device
[06-30 21:34:25][DEBUG] jax_fem: Function split_and_compute_cell took 0.0325 seconds
[06-30 21:34:25][DEBUG] jax_fem: CuDSSNewtonSolver: initial residual = 2.427e+08
[06-30 21:34:25][DEBUG] jax_fem: DeviceProblem: computing Jacobian on device
[06-30 21:34:25][DEBUG] jax_fem: Function split_and_compute_cell took 0.0324 seconds
[06-30 21:34:25][DEBUG] jax_fem: CuDSSNewtonSolver: iter=1  res=1.573e-05  rel=6.482e-14
[06-30 21:34:25][INFO] jax_fem: CuDSSNewtonSolver: solve finished in 0.11s  res=1.573e-05
[06-30 21:34:26][DEBUG] jax_fem: CuDSSNewtonSolver: starting Newton loop
[06-30 21:34:26][DEBUG] jax_fem: DeviceProblem: computing Jacobian on device
[06-30 21:34:26][DEBUG] jax_fem: Function split_and_compute_cell took 0.0334 seconds
[06-30 21:34:26][DEBUG] jax_fem: CuDSSNewtonSolver: initial residual = 2.407e+08
[06-30 21:34:26][DEBUG] jax_fem: DeviceProblem: computing Jacobian on device
[06-30 21:34:26][DEBUG] jax_fem: Function split_and_compute_cell took 0.0306 seconds
[06-30 21:34:26][DEBUG] jax_fem: CuDSSNewtonSolver: iter=1  res=1.578e-05  rel=6.555e-14
[06-30 21:34:26][INFO] jax_fem: CuDSSNewtonSolver: solve finished in 0.11s  res=1.578e-05
[06-30 21:34:26][DEBUG] jax_fem: CuDSSNewtonSolver: starting Newton loop
[06-30 21:34:26][DEBUG] jax_fem: DeviceProblem: computing Jacobian on device
[06-30 21:34:26][DEBUG] jax_fem: Function split_and_compute_cell took 0.0336 seconds
[06-30 21:34:26][DEBUG] jax_fem: CuDSSNewtonSolver: initial residual = 2.401e+08
[06-30 21:34:26][DEBUG] jax_fem: DeviceProblem: computing Jacobian on device
[06-30 21:34:26][DEBUG] jax_fem: Function split_and_compute_cell took 0.0311 seconds
[06-30 21:34:26][DEBUG] jax_fem: CuDSSNewtonSolver: iter=1  res=1.803e-05  rel=7.511e-14
[06-30 21:34:26][INFO] jax_fem: CuDSSNewtonSolver: solve finished in 0.11s  res=1.803e-05
[06-30 21:34:27][DEBUG] jax_fem: CuDSSNewtonSolver: starting Newton loop
[06-30 21:34:27][DEBUG] jax_fem: DeviceProblem: computing Jacobian on device
[06-30 21:34:27][DEBUG] jax_fem: Function split_and_compute_cell took 0.0319 seconds
[06-30 21:34:27][DEBUG] jax_fem: CuDSSNewtonSolver: initial residual = 2.429e+08
[06-30 21:34:27][DEBUG] jax_fem: DeviceProblem: computing Jacobian on device
[06-30 21:34:27][DEBUG] jax_fem: Function split_and_compute_cell took 0.0329 seconds
[06-30 21:34:27][DEBUG] jax_fem: CuDSSNewtonSolver: iter=1  res=1.557e-05  rel=6.412e-14
[06-30 21:34:27][INFO] jax_fem: CuDSSNewtonSolver: solve finished in 0.11s  res=1.557e-05
[06-30 21:34:28][DEBUG] jax_fem: CuDSSNewtonSolver: starting Newton loop
[06-30 21:34:28][DEBUG] jax_fem: DeviceProblem: computing Jacobian on device
[06-30 21:34:28][DEBUG] jax_fem: Function split_and_compute_cell took 0.0327 seconds
[06-30 21:34:28][DEBUG] jax_fem: CuDSSNewtonSolver: initial residual = 2.414e+08
[06-30 21:34:28][DEBUG] jax_fem: DeviceProblem: computing Jacobian on device
[06-30 21:34:28][DEBUG] jax_fem: Function split_and_compute_cell took 0.0309 seconds
[06-30 21:34:28][DEBUG] jax_fem: CuDSSNewtonSolver: iter=1  res=1.180e-05  rel=4.889e-14
[06-30 21:34:28][INFO] jax_fem: CuDSSNewtonSolver: solve finished in 0.11s  res=1.180e-05
[06-30 21:34:28][INFO] jax_fem: CuDSS backward: solving adjoint problem …
[06-30 21:34:28][DEBUG] jax_fem: DeviceProblem: computing Jacobian on device
[06-30 21:34:28][DEBUG] jax_fem: Function split_and_compute_cell took 0.0373 seconds
[06-30 21:34:28][DEBUG] jax_fem: Computing cell residual...
[06-30 21:34:28][DEBUG] jax_fem: Function split_and_compute_cell took 0.0676 seconds
[06-30 21:34:28][INFO] jax_fem: CuDSS backward: solving adjoint problem …
[06-30 21:34:29][DEBUG] jax_fem: DeviceProblem: computing Jacobian on device
[06-30 21:34:29][DEBUG] jax_fem: Function split_and_compute_cell took 0.0529 seconds
[06-30 21:34:29][DEBUG] jax_fem: Computing cell residual...
[06-30 21:34:29][DEBUG] jax_fem: Function split_and_compute_cell took 0.0799 seconds
[06-30 21:34:29][INFO] jax_fem: CuDSS backward: solving adjoint problem …
[06-30 21:34:29][DEBUG] jax_fem: DeviceProblem: computing Jacobian on device
[06-30 21:34:29][DEBUG] jax_fem: Function split_and_compute_cell took 0.0343 seconds
[06-30 21:34:29][DEBUG] jax_fem: Computing cell residual...
[06-30 21:34:29][DEBUG] jax_fem: Function split_and_compute_cell took 0.0766 seconds
[06-30 21:34:29][INFO] jax_fem: CuDSS backward: solving adjoint problem …
[06-30 21:34:29][DEBUG] jax_fem: DeviceProblem: computing Jacobian on device
[06-30 21:34:29][DEBUG] jax_fem: Function split_and_compute_cell took 0.0459 seconds
[06-30 21:34:30][DEBUG] jax_fem: Computing cell residual...
[06-30 21:34:30][DEBUG] jax_fem: Function split_and_compute_cell took 0.0721 seconds
[06-30 21:34:30][INFO] jax_fem: CuDSS backward: solving adjoint problem …
[06-30 21:34:30][DEBUG] jax_fem: DeviceProblem: computing Jacobian on device
[06-30 21:34:30][DEBUG] jax_fem: Function split_and_compute_cell took 0.0409 seconds
[06-30 21:34:30][DEBUG] jax_fem: Computing cell residual...
[06-30 21:34:30][DEBUG] jax_fem: Function split_and_compute_cell took 0.0799 seconds
[06-30 21:34:32][DEBUG] jax_fem: CuDSSNewtonSolver: starting Newton loop
[06-30 21:34:32][DEBUG] jax_fem: DeviceProblem: computing Jacobian on device
[06-30 21:34:32][DEBUG] jax_fem: Function split_and_compute_cell took 0.0309 seconds
[06-30 21:34:32][DEBUG] jax_fem: CuDSSNewtonSolver: initial residual = 2.427e+08
[06-30 21:34:32][DEBUG] jax_fem: DeviceProblem: computing Jacobian on device
[06-30 21:34:32][DEBUG] jax_fem: Function split_and_compute_cell took 0.0445 seconds
[06-30 21:34:32][DEBUG] jax_fem: CuDSSNewtonSolver: iter=1  res=1.594e-05  rel=6.566e-14
[06-30 21:34:32][INFO] jax_fem: CuDSSNewtonSolver: solve finished in 0.13s  res=1.594e-05
[06-30 21:34:32][DEBUG] jax_fem: CuDSSNewtonSolver: starting Newton loop
[06-30 21:34:32][DEBUG] jax_fem: DeviceProblem: computing Jacobian on device
[06-30 21:34:32][DEBUG] jax_fem: Function split_and_compute_cell took 0.0441 seconds
[06-30 21:34:32][DEBUG] jax_fem: CuDSSNewtonSolver: initial residual = 2.407e+08
[06-30 21:34:32][DEBUG] jax_fem: DeviceProblem: computing Jacobian on device
[06-30 21:34:32][DEBUG] jax_fem: Function split_and_compute_cell took 0.0502 seconds
[06-30 21:34:32][DEBUG] jax_fem: CuDSSNewtonSolver: iter=1  res=1.587e-05  rel=6.595e-14
[06-30 21:34:32][INFO] jax_fem: CuDSSNewtonSolver: solve finished in 0.15s  res=1.587e-05
[06-30 21:34:33][DEBUG] jax_fem: CuDSSNewtonSolver: starting Newton loop
[06-30 21:34:33][DEBUG] jax_fem: DeviceProblem: computing Jacobian on device
[06-30 21:34:33][DEBUG] jax_fem: Function split_and_compute_cell took 0.0458 seconds
[06-30 21:34:33][DEBUG] jax_fem: CuDSSNewtonSolver: initial residual = 2.401e+08
[06-30 21:34:33][DEBUG] jax_fem: DeviceProblem: computing Jacobian on device
[06-30 21:34:33][DEBUG] jax_fem: Function split_and_compute_cell took 0.0413 seconds
[06-30 21:34:33][DEBUG] jax_fem: CuDSSNewtonSolver: iter=1  res=1.761e-05  rel=7.337e-14
[06-30 21:34:33][INFO] jax_fem: CuDSSNewtonSolver: solve finished in 0.14s  res=1.761e-05
[06-30 21:34:33][DEBUG] jax_fem: CuDSSNewtonSolver: starting Newton loop
[06-30 21:34:33][DEBUG] jax_fem: DeviceProblem: computing Jacobian on device
[06-30 21:34:33][DEBUG] jax_fem: Function split_and_compute_cell took 0.0364 seconds
[06-30 21:34:33][DEBUG] jax_fem: CuDSSNewtonSolver: initial residual = 2.429e+08
[06-30 21:34:33][DEBUG] jax_fem: DeviceProblem: computing Jacobian on device
[06-30 21:34:33][DEBUG] jax_fem: Function split_and_compute_cell took 0.0407 seconds
[06-30 21:34:33][DEBUG] jax_fem: CuDSSNewtonSolver: iter=1  res=1.653e-05  rel=6.808e-14
[06-30 21:34:33][INFO] jax_fem: CuDSSNewtonSolver: solve finished in 0.13s  res=1.653e-05
[06-30 21:34:34][DEBUG] jax_fem: CuDSSNewtonSolver: starting Newton loop
[06-30 21:34:34][DEBUG] jax_fem: DeviceProblem: computing Jacobian on device
[06-30 21:34:34][DEBUG] jax_fem: Function split_and_compute_cell took 0.0295 seconds
[06-30 21:34:34][DEBUG] jax_fem: CuDSSNewtonSolver: initial residual = 2.414e+08
[06-30 21:34:34][DEBUG] jax_fem: DeviceProblem: computing Jacobian on device
[06-30 21:34:34][DEBUG] jax_fem: Function split_and_compute_cell took 0.0380 seconds
[06-30 21:34:34][DEBUG] jax_fem: CuDSSNewtonSolver: iter=1  res=1.246e-05  rel=5.160e-14
[06-30 21:34:34][INFO] jax_fem: CuDSSNewtonSolver: solve finished in 0.12s  res=1.246e-05
[06-30 21:34:36][DEBUG] jax_fem: CuDSSNewtonSolver: starting Newton loop
[06-30 21:34:36][DEBUG] jax_fem: DeviceProblem: computing Jacobian on device
[06-30 21:34:36][DEBUG] jax_fem: Function split_and_compute_cell took 0.0338 seconds
[06-30 21:34:36][DEBUG] jax_fem: CuDSSNewtonSolver: initial residual = 2.427e+08
[06-30 21:34:36][DEBUG] jax_fem: DeviceProblem: computing Jacobian on device
[06-30 21:34:36][DEBUG] jax_fem: Function split_and_compute_cell took 0.0328 seconds
[06-30 21:34:36][DEBUG] jax_fem: CuDSSNewtonSolver: iter=1  res=1.540e-05  rel=6.347e-14
[06-30 21:34:36][INFO] jax_fem: CuDSSNewtonSolver: solve finished in 0.12s  res=1.540e-05
[06-30 21:34:37][DEBUG] jax_fem: CuDSSNewtonSolver: starting Newton loop
[06-30 21:34:37][DEBUG] jax_fem: DeviceProblem: computing Jacobian on device
[06-30 21:34:37][DEBUG] jax_fem: Function split_and_compute_cell took 0.0291 seconds
[06-30 21:34:37][DEBUG] jax_fem: CuDSSNewtonSolver: initial residual = 2.407e+08
[06-30 21:34:37][DEBUG] jax_fem: DeviceProblem: computing Jacobian on device
[06-30 21:34:37][DEBUG] jax_fem: Function split_and_compute_cell took 0.0338 seconds
[06-30 21:34:37][DEBUG] jax_fem: CuDSSNewtonSolver: iter=1  res=1.651e-05  rel=6.858e-14
[06-30 21:34:37][INFO] jax_fem: CuDSSNewtonSolver: solve finished in 0.11s  res=1.651e-05
[06-30 21:34:38][DEBUG] jax_fem: CuDSSNewtonSolver: starting Newton loop
[06-30 21:34:38][DEBUG] jax_fem: DeviceProblem: computing Jacobian on device
[06-30 21:34:38][DEBUG] jax_fem: Function split_and_compute_cell took 0.0313 seconds
[06-30 21:34:38][DEBUG] jax_fem: CuDSSNewtonSolver: initial residual = 2.401e+08
[06-30 21:34:38][DEBUG] jax_fem: DeviceProblem: computing Jacobian on device
[06-30 21:34:38][DEBUG] jax_fem: Function split_and_compute_cell took 0.0328 seconds
[06-30 21:34:38][DEBUG] jax_fem: CuDSSNewtonSolver: iter=1  res=1.757e-05  rel=7.317e-14
[06-30 21:34:38][INFO] jax_fem: CuDSSNewtonSolver: solve finished in 0.11s  res=1.757e-05
[06-30 21:34:38][DEBUG] jax_fem: CuDSSNewtonSolver: starting Newton loop
[06-30 21:34:38][DEBUG] jax_fem: DeviceProblem: computing Jacobian on device
[06-30 21:34:38][DEBUG] jax_fem: Function split_and_compute_cell took 0.0338 seconds
[06-30 21:34:38][DEBUG] jax_fem: CuDSSNewtonSolver: initial residual = 2.429e+08
[06-30 21:34:38][DEBUG] jax_fem: DeviceProblem: computing Jacobian on device
[06-30 21:34:38][DEBUG] jax_fem: Function split_and_compute_cell took 0.0322 seconds
[06-30 21:34:38][DEBUG] jax_fem: CuDSSNewtonSolver: iter=1  res=1.724e-05  rel=7.100e-14
[06-30 21:34:38][INFO] jax_fem: CuDSSNewtonSolver: solve finished in 0.12s  res=1.724e-05
[06-30 21:34:39][DEBUG] jax_fem: CuDSSNewtonSolver: starting Newton loop
[06-30 21:34:39][DEBUG] jax_fem: DeviceProblem: computing Jacobian on device
[06-30 21:34:39][DEBUG] jax_fem: Function split_and_compute_cell took 0.0312 seconds
[06-30 21:34:39][DEBUG] jax_fem: CuDSSNewtonSolver: initial residual = 2.414e+08
[06-30 21:34:39][DEBUG] jax_fem: DeviceProblem: computing Jacobian on device
[06-30 21:34:39][DEBUG] jax_fem: Function split_and_compute_cell took 0.0316 seconds
[06-30 21:34:39][DEBUG] jax_fem: CuDSSNewtonSolver: iter=1  res=1.218e-05  rel=5.046e-14
[06-30 21:34:39][INFO] jax_fem: CuDSSNewtonSolver: solve finished in 0.11s  res=1.218e-05
[06-30 21:34:39][INFO] jax_fem: CuDSS backward: solving adjoint problem …
[06-30 21:34:39][DEBUG] jax_fem: DeviceProblem: computing Jacobian on device
[06-30 21:34:39][DEBUG] jax_fem: Function split_and_compute_cell took 0.0515 seconds
[06-30 21:34:39][DEBUG] jax_fem: Computing cell residual...
[06-30 21:34:39][DEBUG] jax_fem: Function split_and_compute_cell took 0.0773 seconds
[06-30 21:34:40][INFO] jax_fem: CuDSS backward: solving adjoint problem …
[06-30 21:34:40][DEBUG] jax_fem: DeviceProblem: computing Jacobian on device
[06-30 21:34:40][DEBUG] jax_fem: Function split_and_compute_cell took 0.0519 seconds
[06-30 21:34:40][DEBUG] jax_fem: Computing cell residual...
[06-30 21:34:40][DEBUG] jax_fem: Function split_and_compute_cell took 0.0699 seconds
[06-30 21:34:40][INFO] jax_fem: CuDSS backward: solving adjoint problem …
[06-30 21:34:40][DEBUG] jax_fem: DeviceProblem: computing Jacobian on device
[06-30 21:34:40][DEBUG] jax_fem: Function split_and_compute_cell took 0.0520 seconds
[06-30 21:34:40][DEBUG] jax_fem: Computing cell residual...
[06-30 21:34:40][DEBUG] jax_fem: Function split_and_compute_cell took 0.0748 seconds
[06-30 21:34:41][INFO] jax_fem: CuDSS backward: solving adjoint problem …
[06-30 21:34:41][DEBUG] jax_fem: DeviceProblem: computing Jacobian on device
[06-30 21:34:41][DEBUG] jax_fem: Function split_and_compute_cell took 0.0467 seconds
[06-30 21:34:41][DEBUG] jax_fem: Computing cell residual...
[06-30 21:34:41][DEBUG] jax_fem: Function split_and_compute_cell took 0.0716 seconds
[06-30 21:34:41][INFO] jax_fem: CuDSS backward: solving adjoint problem …
[06-30 21:34:41][DEBUG] jax_fem: DeviceProblem: computing Jacobian on device
[06-30 21:34:41][DEBUG] jax_fem: Function split_and_compute_cell took 0.0529 seconds
[06-30 21:34:41][DEBUG] jax_fem: Computing cell residual...
[06-30 21:34:41][DEBUG] jax_fem: Function split_and_compute_cell took 0.0708 seconds
[06-30 21:34:43][DEBUG] jax_fem: CuDSSNewtonSolver: starting Newton loop
[06-30 21:34:43][DEBUG] jax_fem: DeviceProblem: computing Jacobian on device
[06-30 21:34:43][DEBUG] jax_fem: Function split_and_compute_cell took 0.0371 seconds
[06-30 21:34:43][DEBUG] jax_fem: CuDSSNewtonSolver: initial residual = 2.427e+08
[06-30 21:34:43][DEBUG] jax_fem: DeviceProblem: computing Jacobian on device
[06-30 21:34:43][DEBUG] jax_fem: Function split_and_compute_cell took 0.0363 seconds
[06-30 21:34:43][DEBUG] jax_fem: CuDSSNewtonSolver: iter=1  res=1.599e-05  rel=6.589e-14
[06-30 21:34:43][INFO] jax_fem: CuDSSNewtonSolver: solve finished in 0.13s  res=1.599e-05
[06-30 21:34:43][DEBUG] jax_fem: CuDSSNewtonSolver: starting Newton loop
[06-30 21:34:43][DEBUG] jax_fem: DeviceProblem: computing Jacobian on device
[06-30 21:34:44][DEBUG] jax_fem: Function split_and_compute_cell took 0.0284 seconds
[06-30 21:34:44][DEBUG] jax_fem: CuDSSNewtonSolver: initial residual = 2.407e+08
[06-30 21:34:44][DEBUG] jax_fem: DeviceProblem: computing Jacobian on device
[06-30 21:34:44][DEBUG] jax_fem: Function split_and_compute_cell took 0.0327 seconds
[06-30 21:34:44][DEBUG] jax_fem: CuDSSNewtonSolver: iter=1  res=1.627e-05  rel=6.758e-14
[06-30 21:34:44][INFO] jax_fem: CuDSSNewtonSolver: solve finished in 0.11s  res=1.627e-05
[06-30 21:34:44][DEBUG] jax_fem: CuDSSNewtonSolver: starting Newton loop
[06-30 21:34:44][DEBUG] jax_fem: DeviceProblem: computing Jacobian on device
[06-30 21:34:44][DEBUG] jax_fem: Function split_and_compute_cell took 0.0521 seconds
[06-30 21:34:44][DEBUG] jax_fem: CuDSSNewtonSolver: initial residual = 2.401e+08
[06-30 21:34:44][DEBUG] jax_fem: DeviceProblem: computing Jacobian on device
[06-30 21:34:44][DEBUG] jax_fem: Function split_and_compute_cell took 0.0531 seconds
[06-30 21:34:44][DEBUG] jax_fem: CuDSSNewtonSolver: iter=1  res=1.736e-05  rel=7.230e-14
[06-30 21:34:44][INFO] jax_fem: CuDSSNewtonSolver: solve finished in 0.17s  res=1.736e-05
[06-30 21:34:44][DEBUG] jax_fem: CuDSSNewtonSolver: starting Newton loop
[06-30 21:34:44][DEBUG] jax_fem: DeviceProblem: computing Jacobian on device
[06-30 21:34:44][DEBUG] jax_fem: Function split_and_compute_cell took 0.0421 seconds
[06-30 21:34:44][DEBUG] jax_fem: CuDSSNewtonSolver: initial residual = 2.429e+08
[06-30 21:34:44][DEBUG] jax_fem: DeviceProblem: computing Jacobian on device
[06-30 21:34:44][DEBUG] jax_fem: Function split_and_compute_cell took 0.0541 seconds
[06-30 21:34:44][DEBUG] jax_fem: CuDSSNewtonSolver: iter=1  res=1.570e-05  rel=6.466e-14
[06-30 21:34:44][INFO] jax_fem: CuDSSNewtonSolver: solve finished in 0.15s  res=1.570e-05
[06-30 21:34:45][DEBUG] jax_fem: CuDSSNewtonSolver: starting Newton loop
[06-30 21:34:45][DEBUG] jax_fem: DeviceProblem: computing Jacobian on device
[06-30 21:34:45][DEBUG] jax_fem: Function split_and_compute_cell took 0.0538 seconds
[06-30 21:34:45][DEBUG] jax_fem: CuDSSNewtonSolver: initial residual = 2.414e+08
[06-30 21:34:45][DEBUG] jax_fem: DeviceProblem: computing Jacobian on device
[06-30 21:34:45][DEBUG] jax_fem: Function split_and_compute_cell took 0.0536 seconds
[06-30 21:34:45][DEBUG] jax_fem: CuDSSNewtonSolver: iter=1  res=1.136e-05  rel=4.706e-14
[06-30 21:34:45][INFO] jax_fem: CuDSSNewtonSolver: solve finished in 0.16s  res=1.136e-05
[06-30 21:34:47][DEBUG] jax_fem: CuDSSNewtonSolver: starting Newton loop
[06-30 21:34:47][DEBUG] jax_fem: DeviceProblem: computing Jacobian on device
[06-30 21:34:47][DEBUG] jax_fem: Function split_and_compute_cell took 0.0323 seconds
[06-30 21:34:47][DEBUG] jax_fem: CuDSSNewtonSolver: initial residual = 2.427e+08
[06-30 21:34:47][DEBUG] jax_fem: DeviceProblem: computing Jacobian on device
[06-30 21:34:47][DEBUG] jax_fem: Function split_and_compute_cell took 0.0326 seconds
[06-30 21:34:47][DEBUG] jax_fem: CuDSSNewtonSolver: iter=1  res=1.544e-05  rel=6.362e-14
[06-30 21:34:47][INFO] jax_fem: CuDSSNewtonSolver: solve finished in 0.11s  res=1.544e-05
[06-30 21:34:48][DEBUG] jax_fem: CuDSSNewtonSolver: starting Newton loop
[06-30 21:34:48][DEBUG] jax_fem: DeviceProblem: computing Jacobian on device
[06-30 21:34:48][DEBUG] jax_fem: Function split_and_compute_cell took 0.0345 seconds
[06-30 21:34:48][DEBUG] jax_fem: CuDSSNewtonSolver: initial residual = 2.407e+08
[06-30 21:34:48][DEBUG] jax_fem: DeviceProblem: computing Jacobian on device
[06-30 21:34:48][DEBUG] jax_fem: Function split_and_compute_cell took 0.0305 seconds
[06-30 21:34:48][DEBUG] jax_fem: CuDSSNewtonSolver: iter=1  res=1.596e-05  rel=6.631e-14
[06-30 21:34:48][INFO] jax_fem: CuDSSNewtonSolver: solve finished in 0.11s  res=1.596e-05
[06-30 21:34:48][DEBUG] jax_fem: CuDSSNewtonSolver: starting Newton loop
[06-30 21:34:48][DEBUG] jax_fem: DeviceProblem: computing Jacobian on device
[06-30 21:34:48][DEBUG] jax_fem: Function split_and_compute_cell took 0.0325 seconds
[06-30 21:34:49][DEBUG] jax_fem: CuDSSNewtonSolver: initial residual = 2.401e+08
[06-30 21:34:49][DEBUG] jax_fem: DeviceProblem: computing Jacobian on device
[06-30 21:34:49][DEBUG] jax_fem: Function split_and_compute_cell took 0.0307 seconds
[06-30 21:34:49][DEBUG] jax_fem: CuDSSNewtonSolver: iter=1  res=1.737e-05  rel=7.235e-14
[06-30 21:34:49][INFO] jax_fem: CuDSSNewtonSolver: solve finished in 0.11s  res=1.737e-05
[06-30 21:34:49][DEBUG] jax_fem: CuDSSNewtonSolver: starting Newton loop
[06-30 21:34:49][DEBUG] jax_fem: DeviceProblem: computing Jacobian on device
[06-30 21:34:49][DEBUG] jax_fem: Function split_and_compute_cell took 0.0315 seconds
[06-30 21:34:49][DEBUG] jax_fem: CuDSSNewtonSolver: initial residual = 2.429e+08
[06-30 21:34:49][DEBUG] jax_fem: DeviceProblem: computing Jacobian on device
[06-30 21:34:49][DEBUG] jax_fem: Function split_and_compute_cell took 0.0323 seconds
[06-30 21:34:49][DEBUG] jax_fem: CuDSSNewtonSolver: iter=1  res=1.665e-05  rel=6.854e-14
[06-30 21:34:49][INFO] jax_fem: CuDSSNewtonSolver: solve finished in 0.12s  res=1.665e-05
[06-30 21:34:50][DEBUG] jax_fem: CuDSSNewtonSolver: starting Newton loop
[06-30 21:34:50][DEBUG] jax_fem: DeviceProblem: computing Jacobian on device
[06-30 21:34:50][DEBUG] jax_fem: Function split_and_compute_cell took 0.0329 seconds
[06-30 21:34:50][DEBUG] jax_fem: CuDSSNewtonSolver: initial residual = 2.414e+08
[06-30 21:34:50][DEBUG] jax_fem: DeviceProblem: computing Jacobian on device
[06-30 21:34:50][DEBUG] jax_fem: Function split_and_compute_cell took 0.0304 seconds
[06-30 21:34:50][DEBUG] jax_fem: CuDSSNewtonSolver: iter=1  res=1.207e-05  rel=5.000e-14
[06-30 21:34:50][INFO] jax_fem: CuDSSNewtonSolver: solve finished in 0.11s  res=1.207e-05
[06-30 21:34:50][INFO] jax_fem: CuDSS backward: solving adjoint problem …
[06-30 21:34:51][DEBUG] jax_fem: DeviceProblem: computing Jacobian on device
[06-30 21:34:51][DEBUG] jax_fem: Function split_and_compute_cell took 0.0538 seconds
[06-30 21:34:51][DEBUG] jax_fem: Computing cell residual...
[06-30 21:34:51][DEBUG] jax_fem: Function split_and_compute_cell took 0.0701 seconds
[06-30 21:34:51][INFO] jax_fem: CuDSS backward: solving adjoint problem …
[06-30 21:34:51][DEBUG] jax_fem: DeviceProblem: computing Jacobian on device
[06-30 21:34:51][DEBUG] jax_fem: Function split_and_compute_cell took 0.0388 seconds
[06-30 21:34:51][DEBUG] jax_fem: Computing cell residual...
[06-30 21:34:51][DEBUG] jax_fem: Function split_and_compute_cell took 0.0746 seconds
[06-30 21:34:51][INFO] jax_fem: CuDSS backward: solving adjoint problem …
[06-30 21:34:51][DEBUG] jax_fem: DeviceProblem: computing Jacobian on device
[06-30 21:34:51][DEBUG] jax_fem: Function split_and_compute_cell took 0.0398 seconds
[06-30 21:34:52][DEBUG] jax_fem: Computing cell residual...
[06-30 21:34:52][DEBUG] jax_fem: Function split_and_compute_cell took 0.0660 seconds
[06-30 21:34:52][INFO] jax_fem: CuDSS backward: solving adjoint problem …
[06-30 21:34:52][DEBUG] jax_fem: DeviceProblem: computing Jacobian on device
[06-30 21:34:52][DEBUG] jax_fem: Function split_and_compute_cell took 0.0432 seconds
[06-30 21:34:52][DEBUG] jax_fem: Computing cell residual...
[06-30 21:34:52][DEBUG] jax_fem: Function split_and_compute_cell took 0.0802 seconds
[06-30 21:34:52][INFO] jax_fem: CuDSS backward: solving adjoint problem …
[06-30 21:34:52][DEBUG] jax_fem: DeviceProblem: computing Jacobian on device
[06-30 21:34:52][DEBUG] jax_fem: Function split_and_compute_cell took 0.0534 seconds
[06-30 21:34:52][DEBUG] jax_fem: Computing cell residual...
[06-30 21:34:53][DEBUG] jax_fem: Function split_and_compute_cell took 0.0673 seconds
[06-30 21:34:54][DEBUG] jax_fem: CuDSSNewtonSolver: starting Newton loop
[06-30 21:34:54][DEBUG] jax_fem: DeviceProblem: computing Jacobian on device
[06-30 21:34:54][DEBUG] jax_fem: Function split_and_compute_cell took 0.0349 seconds
[06-30 21:34:54][DEBUG] jax_fem: CuDSSNewtonSolver: initial residual = 2.427e+08
[06-30 21:34:54][DEBUG] jax_fem: DeviceProblem: computing Jacobian on device
[06-30 21:34:54][DEBUG] jax_fem: Function split_and_compute_cell took 0.0458 seconds
[06-30 21:34:54][DEBUG] jax_fem: CuDSSNewtonSolver: iter=1  res=1.711e-05  rel=7.048e-14
[06-30 21:34:54][INFO] jax_fem: CuDSSNewtonSolver: solve finished in 0.14s  res=1.711e-05
[06-30 21:34:55][DEBUG] jax_fem: CuDSSNewtonSolver: starting Newton loop
[06-30 21:34:55][DEBUG] jax_fem: DeviceProblem: computing Jacobian on device
[06-30 21:34:55][DEBUG] jax_fem: Function split_and_compute_cell took 0.0497 seconds
[06-30 21:34:55][DEBUG] jax_fem: CuDSSNewtonSolver: initial residual = 2.407e+08
[06-30 21:34:55][DEBUG] jax_fem: DeviceProblem: computing Jacobian on device
[06-30 21:34:55][DEBUG] jax_fem: Function split_and_compute_cell took 0.0361 seconds
[06-30 21:34:55][DEBUG] jax_fem: CuDSSNewtonSolver: iter=1  res=1.641e-05  rel=6.816e-14
[06-30 21:34:55][INFO] jax_fem: CuDSSNewtonSolver: solve finished in 0.14s  res=1.641e-05
[06-30 21:34:55][DEBUG] jax_fem: CuDSSNewtonSolver: starting Newton loop
[06-30 21:34:55][DEBUG] jax_fem: DeviceProblem: computing Jacobian on device
[06-30 21:34:55][DEBUG] jax_fem: Function split_and_compute_cell took 0.0393 seconds
[06-30 21:34:55][DEBUG] jax_fem: CuDSSNewtonSolver: initial residual = 2.401e+08
[06-30 21:34:55][DEBUG] jax_fem: DeviceProblem: computing Jacobian on device
[06-30 21:34:55][DEBUG] jax_fem: Function split_and_compute_cell took 0.0428 seconds
[06-30 21:34:55][DEBUG] jax_fem: CuDSSNewtonSolver: iter=1  res=1.799e-05  rel=7.495e-14
[06-30 21:34:55][INFO] jax_fem: CuDSSNewtonSolver: solve finished in 0.13s  res=1.799e-05
[06-30 21:34:56][DEBUG] jax_fem: CuDSSNewtonSolver: starting Newton loop
[06-30 21:34:56][DEBUG] jax_fem: DeviceProblem: computing Jacobian on device
[06-30 21:34:56][DEBUG] jax_fem: Function split_and_compute_cell took 0.0449 seconds
[06-30 21:34:56][DEBUG] jax_fem: CuDSSNewtonSolver: initial residual = 2.429e+08
[06-30 21:34:56][DEBUG] jax_fem: DeviceProblem: computing Jacobian on device
[06-30 21:34:56][DEBUG] jax_fem: Function split_and_compute_cell took 0.0370 seconds
[06-30 21:34:56][DEBUG] jax_fem: CuDSSNewtonSolver: iter=1  res=1.580e-05  rel=6.506e-14
[06-30 21:34:56][INFO] jax_fem: CuDSSNewtonSolver: solve finished in 0.13s  res=1.580e-05
[06-30 21:34:56][DEBUG] jax_fem: CuDSSNewtonSolver: starting Newton loop
[06-30 21:34:56][DEBUG] jax_fem: DeviceProblem: computing Jacobian on device
[06-30 21:34:56][DEBUG] jax_fem: Function split_and_compute_cell took 0.0439 seconds
[06-30 21:34:56][DEBUG] jax_fem: CuDSSNewtonSolver: initial residual = 2.414e+08
[06-30 21:34:56][DEBUG] jax_fem: DeviceProblem: computing Jacobian on device
[06-30 21:34:56][DEBUG] jax_fem: Function split_and_compute_cell took 0.0394 seconds
[06-30 21:34:56][DEBUG] jax_fem: CuDSSNewtonSolver: iter=1  res=1.243e-05  rel=5.146e-14
[06-30 21:34:56][INFO] jax_fem: CuDSSNewtonSolver: solve finished in 0.14s  res=1.243e-05
[06-30 21:34:58][DEBUG] jax_fem: CuDSSNewtonSolver: starting Newton loop
[06-30 21:34:58][DEBUG] jax_fem: DeviceProblem: computing Jacobian on device
[06-30 21:34:58][DEBUG] jax_fem: Function split_and_compute_cell took 0.0329 seconds
[06-30 21:34:58][DEBUG] jax_fem: CuDSSNewtonSolver: initial residual = 2.427e+08
[06-30 21:34:58][DEBUG] jax_fem: DeviceProblem: computing Jacobian on device
[06-30 21:34:58][DEBUG] jax_fem: Function split_and_compute_cell took 0.0353 seconds
[06-30 21:34:58][DEBUG] jax_fem: CuDSSNewtonSolver: iter=1  res=1.587e-05  rel=6.538e-14
[06-30 21:34:58][INFO] jax_fem: CuDSSNewtonSolver: solve finished in 0.12s  res=1.587e-05
[06-30 21:34:59][DEBUG] jax_fem: CuDSSNewtonSolver: starting Newton loop
[06-30 21:34:59][DEBUG] jax_fem: DeviceProblem: computing Jacobian on device
[06-30 21:34:59][DEBUG] jax_fem: Function split_and_compute_cell took 0.0327 seconds
[06-30 21:34:59][DEBUG] jax_fem: CuDSSNewtonSolver: initial residual = 2.407e+08
[06-30 21:34:59][DEBUG] jax_fem: DeviceProblem: computing Jacobian on device
[06-30 21:34:59][DEBUG] jax_fem: Function split_and_compute_cell took 0.0337 seconds
[06-30 21:34:59][DEBUG] jax_fem: CuDSSNewtonSolver: iter=1  res=1.717e-05  rel=7.132e-14
[06-30 21:34:59][INFO] jax_fem: CuDSSNewtonSolver: solve finished in 0.11s  res=1.717e-05
[06-30 21:35:00][DEBUG] jax_fem: CuDSSNewtonSolver: starting Newton loop
[06-30 21:35:00][DEBUG] jax_fem: DeviceProblem: computing Jacobian on device
[06-30 21:35:00][DEBUG] jax_fem: Function split_and_compute_cell took 0.0326 seconds
[06-30 21:35:00][DEBUG] jax_fem: CuDSSNewtonSolver: initial residual = 2.401e+08
[06-30 21:35:00][DEBUG] jax_fem: DeviceProblem: computing Jacobian on device
[06-30 21:35:00][DEBUG] jax_fem: Function split_and_compute_cell took 0.0315 seconds
[06-30 21:35:00][DEBUG] jax_fem: CuDSSNewtonSolver: iter=1  res=1.753e-05  rel=7.304e-14
[06-30 21:35:00][INFO] jax_fem: CuDSSNewtonSolver: solve finished in 0.11s  res=1.753e-05
[06-30 21:35:01][DEBUG] jax_fem: CuDSSNewtonSolver: starting Newton loop
[06-30 21:35:01][DEBUG] jax_fem: DeviceProblem: computing Jacobian on device
[06-30 21:35:01][DEBUG] jax_fem: Function split_and_compute_cell took 0.0312 seconds
[06-30 21:35:01][DEBUG] jax_fem: CuDSSNewtonSolver: initial residual = 2.429e+08
[06-30 21:35:01][DEBUG] jax_fem: DeviceProblem: computing Jacobian on device
[06-30 21:35:01][DEBUG] jax_fem: Function split_and_compute_cell took 0.0338 seconds
[06-30 21:35:01][DEBUG] jax_fem: CuDSSNewtonSolver: iter=1  res=1.603e-05  rel=6.602e-14
[06-30 21:35:01][INFO] jax_fem: CuDSSNewtonSolver: solve finished in 0.11s  res=1.603e-05
[06-30 21:35:01][DEBUG] jax_fem: CuDSSNewtonSolver: starting Newton loop
[06-30 21:35:01][DEBUG] jax_fem: DeviceProblem: computing Jacobian on device
[06-30 21:35:01][DEBUG] jax_fem: Function split_and_compute_cell took 0.0312 seconds
[06-30 21:35:01][DEBUG] jax_fem: CuDSSNewtonSolver: initial residual = 2.414e+08
[06-30 21:35:01][DEBUG] jax_fem: DeviceProblem: computing Jacobian on device
[06-30 21:35:01][DEBUG] jax_fem: Function split_and_compute_cell took 0.0331 seconds
[06-30 21:35:01][DEBUG] jax_fem: CuDSSNewtonSolver: iter=1  res=1.179e-05  rel=4.881e-14
[06-30 21:35:01][INFO] jax_fem: CuDSSNewtonSolver: solve finished in 0.11s  res=1.179e-05
[06-30 21:35:01][INFO] jax_fem: CuDSS backward: solving adjoint problem …
[06-30 21:35:01][DEBUG] jax_fem: DeviceProblem: computing Jacobian on device
[06-30 21:35:02][DEBUG] jax_fem: Function split_and_compute_cell took 0.0465 seconds
[06-30 21:35:02][DEBUG] jax_fem: Computing cell residual...
[06-30 21:35:02][DEBUG] jax_fem: Function split_and_compute_cell took 0.0742 seconds
[06-30 21:35:02][INFO] jax_fem: CuDSS backward: solving adjoint problem …
[06-30 21:35:02][DEBUG] jax_fem: DeviceProblem: computing Jacobian on device
[06-30 21:35:02][DEBUG] jax_fem: Function split_and_compute_cell took 0.0425 seconds
[06-30 21:35:02][DEBUG] jax_fem: Computing cell residual...
[06-30 21:35:02][DEBUG] jax_fem: Function split_and_compute_cell took 0.0762 seconds
[06-30 21:35:02][INFO] jax_fem: CuDSS backward: solving adjoint problem …
[06-30 21:35:02][DEBUG] jax_fem: DeviceProblem: computing Jacobian on device
[06-30 21:35:02][DEBUG] jax_fem: Function split_and_compute_cell took 0.0558 seconds
[06-30 21:35:03][DEBUG] jax_fem: Computing cell residual...
[06-30 21:35:03][DEBUG] jax_fem: Function split_and_compute_cell took 0.0770 seconds
[06-30 21:35:03][INFO] jax_fem: CuDSS backward: solving adjoint problem …
[06-30 21:35:03][DEBUG] jax_fem: DeviceProblem: computing Jacobian on device
[06-30 21:35:03][DEBUG] jax_fem: Function split_and_compute_cell took 0.0502 seconds
[06-30 21:35:03][DEBUG] jax_fem: Computing cell residual...
[06-30 21:35:03][DEBUG] jax_fem: Function split_and_compute_cell took 0.0749 seconds
[06-30 21:35:03][INFO] jax_fem: CuDSS backward: solving adjoint problem …
[06-30 21:35:03][DEBUG] jax_fem: DeviceProblem: computing Jacobian on device
[06-30 21:35:03][DEBUG] jax_fem: Function split_and_compute_cell took 0.0407 seconds
[06-30 21:35:03][DEBUG] jax_fem: Computing cell residual...
[06-30 21:35:04][DEBUG] jax_fem: Function split_and_compute_cell took 0.0663 seconds
[06-30 21:35:05][DEBUG] jax_fem: CuDSSNewtonSolver: starting Newton loop
[06-30 21:35:05][DEBUG] jax_fem: DeviceProblem: computing Jacobian on device
[06-30 21:35:05][DEBUG] jax_fem: Function split_and_compute_cell took 0.0614 seconds
[06-30 21:35:05][DEBUG] jax_fem: CuDSSNewtonSolver: initial residual = 2.427e+08
[06-30 21:35:05][DEBUG] jax_fem: DeviceProblem: computing Jacobian on device
[06-30 21:35:05][DEBUG] jax_fem: Function split_and_compute_cell took 0.0324 seconds
[06-30 21:35:05][DEBUG] jax_fem: CuDSSNewtonSolver: iter=1  res=1.534e-05  rel=6.319e-14
[06-30 21:35:05][INFO] jax_fem: CuDSSNewtonSolver: solve finished in 0.16s  res=1.534e-05
[06-30 21:35:06][DEBUG] jax_fem: CuDSSNewtonSolver: starting Newton loop
[06-30 21:35:06][DEBUG] jax_fem: DeviceProblem: computing Jacobian on device
[06-30 21:35:06][DEBUG] jax_fem: Function split_and_compute_cell took 0.0389 seconds
[06-30 21:35:06][DEBUG] jax_fem: CuDSSNewtonSolver: initial residual = 2.407e+08
[06-30 21:35:06][DEBUG] jax_fem: DeviceProblem: computing Jacobian on device
[06-30 21:35:06][DEBUG] jax_fem: Function split_and_compute_cell took 0.0388 seconds
[06-30 21:35:06][DEBUG] jax_fem: CuDSSNewtonSolver: iter=1  res=1.599e-05  rel=6.643e-14
[06-30 21:35:06][INFO] jax_fem: CuDSSNewtonSolver: solve finished in 0.13s  res=1.599e-05
[06-30 21:35:06][DEBUG] jax_fem: CuDSSNewtonSolver: starting Newton loop
[06-30 21:35:06][DEBUG] jax_fem: DeviceProblem: computing Jacobian on device
[06-30 21:35:06][DEBUG] jax_fem: Function split_and_compute_cell took 0.0550 seconds
[06-30 21:35:06][DEBUG] jax_fem: CuDSSNewtonSolver: initial residual = 2.401e+08
[06-30 21:35:06][DEBUG] jax_fem: DeviceProblem: computing Jacobian on device
[06-30 21:35:06][DEBUG] jax_fem: Function split_and_compute_cell took 0.0543 seconds
[06-30 21:35:06][DEBUG] jax_fem: CuDSSNewtonSolver: iter=1  res=1.750e-05  rel=7.290e-14
[06-30 21:35:06][INFO] jax_fem: CuDSSNewtonSolver: solve finished in 0.16s  res=1.750e-05
[06-30 21:35:07][DEBUG] jax_fem: CuDSSNewtonSolver: starting Newton loop
[06-30 21:35:07][DEBUG] jax_fem: DeviceProblem: computing Jacobian on device
[06-30 21:35:07][DEBUG] jax_fem: Function split_and_compute_cell took 0.0402 seconds
[06-30 21:35:07][DEBUG] jax_fem: CuDSSNewtonSolver: initial residual = 2.429e+08
[06-30 21:35:07][DEBUG] jax_fem: DeviceProblem: computing Jacobian on device
[06-30 21:35:07][DEBUG] jax_fem: Function split_and_compute_cell took 0.0328 seconds
[06-30 21:35:07][DEBUG] jax_fem: CuDSSNewtonSolver: iter=1  res=1.690e-05  rel=6.959e-14
[06-30 21:35:07][INFO] jax_fem: CuDSSNewtonSolver: solve finished in 0.13s  res=1.690e-05
[06-30 21:35:07][DEBUG] jax_fem: CuDSSNewtonSolver: starting Newton loop
[06-30 21:35:07][DEBUG] jax_fem: DeviceProblem: computing Jacobian on device
[06-30 21:35:07][DEBUG] jax_fem: Function split_and_compute_cell took 0.0335 seconds
[06-30 21:35:07][DEBUG] jax_fem: CuDSSNewtonSolver: initial residual = 2.414e+08
[06-30 21:35:07][DEBUG] jax_fem: DeviceProblem: computing Jacobian on device
[06-30 21:35:07][DEBUG] jax_fem: Function split_and_compute_cell took 0.0376 seconds
[06-30 21:35:07][DEBUG] jax_fem: CuDSSNewtonSolver: iter=1  res=1.226e-05  rel=5.077e-14
[06-30 21:35:07][INFO] jax_fem: CuDSSNewtonSolver: solve finished in 0.12s  res=1.226e-05
[06-30 21:35:09][DEBUG] jax_fem: CuDSSNewtonSolver: starting Newton loop
[06-30 21:35:09][DEBUG] jax_fem: DeviceProblem: computing Jacobian on device
[06-30 21:35:09][DEBUG] jax_fem: Function split_and_compute_cell took 0.0323 seconds
[06-30 21:35:09][DEBUG] jax_fem: CuDSSNewtonSolver: initial residual = 2.427e+08
[06-30 21:35:09][DEBUG] jax_fem: DeviceProblem: computing Jacobian on device
[06-30 21:35:09][DEBUG] jax_fem: Function split_and_compute_cell took 0.0327 seconds
[06-30 21:35:09][DEBUG] jax_fem: CuDSSNewtonSolver: iter=1  res=1.625e-05  rel=6.693e-14
[06-30 21:35:09][INFO] jax_fem: CuDSSNewtonSolver: solve finished in 0.11s  res=1.625e-05
[06-30 21:35:10][DEBUG] jax_fem: CuDSSNewtonSolver: starting Newton loop
[06-30 21:35:10][DEBUG] jax_fem: DeviceProblem: computing Jacobian on device
[06-30 21:35:10][DEBUG] jax_fem: Function split_and_compute_cell took 0.0277 seconds
[06-30 21:35:10][DEBUG] jax_fem: CuDSSNewtonSolver: initial residual = 2.407e+08
[06-30 21:35:10][DEBUG] jax_fem: DeviceProblem: computing Jacobian on device
[06-30 21:35:10][DEBUG] jax_fem: Function split_and_compute_cell took 0.0329 seconds
[06-30 21:35:10][DEBUG] jax_fem: CuDSSNewtonSolver: iter=1  res=1.694e-05  rel=7.037e-14
[06-30 21:35:10][INFO] jax_fem: CuDSSNewtonSolver: solve finished in 0.11s  res=1.694e-05
[06-30 21:35:11][DEBUG] jax_fem: CuDSSNewtonSolver: starting Newton loop
[06-30 21:35:11][DEBUG] jax_fem: DeviceProblem: computing Jacobian on device
[06-30 21:35:11][DEBUG] jax_fem: Function split_and_compute_cell took 0.0321 seconds
[06-30 21:35:11][DEBUG] jax_fem: CuDSSNewtonSolver: initial residual = 2.401e+08
[06-30 21:35:11][DEBUG] jax_fem: DeviceProblem: computing Jacobian on device
[06-30 21:35:11][DEBUG] jax_fem: Function split_and_compute_cell took 0.0323 seconds
[06-30 21:35:11][DEBUG] jax_fem: CuDSSNewtonSolver: iter=1  res=1.755e-05  rel=7.311e-14
[06-30 21:35:11][INFO] jax_fem: CuDSSNewtonSolver: solve finished in 0.11s  res=1.755e-05
[06-30 21:35:12][DEBUG] jax_fem: CuDSSNewtonSolver: starting Newton loop
[06-30 21:35:12][DEBUG] jax_fem: DeviceProblem: computing Jacobian on device
[06-30 21:35:12][DEBUG] jax_fem: Function split_and_compute_cell took 0.0332 seconds
[06-30 21:35:12][DEBUG] jax_fem: CuDSSNewtonSolver: initial residual = 2.429e+08
[06-30 21:35:12][DEBUG] jax_fem: DeviceProblem: computing Jacobian on device
[06-30 21:35:12][DEBUG] jax_fem: Function split_and_compute_cell took 0.0335 seconds
[06-30 21:35:12][DEBUG] jax_fem: CuDSSNewtonSolver: iter=1  res=1.624e-05  rel=6.689e-14
[06-30 21:35:12][INFO] jax_fem: CuDSSNewtonSolver: solve finished in 0.12s  res=1.624e-05
[06-30 21:35:13][DEBUG] jax_fem: CuDSSNewtonSolver: starting Newton loop
[06-30 21:35:13][DEBUG] jax_fem: DeviceProblem: computing Jacobian on device
[06-30 21:35:13][DEBUG] jax_fem: Function split_and_compute_cell took 0.0319 seconds
[06-30 21:35:13][DEBUG] jax_fem: CuDSSNewtonSolver: initial residual = 2.414e+08
[06-30 21:35:13][DEBUG] jax_fem: DeviceProblem: computing Jacobian on device
[06-30 21:35:13][DEBUG] jax_fem: Function split_and_compute_cell took 0.0302 seconds
[06-30 21:35:13][DEBUG] jax_fem: CuDSSNewtonSolver: iter=1  res=1.178e-05  rel=4.879e-14
[06-30 21:35:13][INFO] jax_fem: CuDSSNewtonSolver: solve finished in 0.11s  res=1.178e-05
[06-30 21:35:13][INFO] jax_fem: CuDSS backward: solving adjoint problem …
[06-30 21:35:13][DEBUG] jax_fem: DeviceProblem: computing Jacobian on device
[06-30 21:35:13][DEBUG] jax_fem: Function split_and_compute_cell took 0.0384 seconds
[06-30 21:35:13][DEBUG] jax_fem: Computing cell residual...
[06-30 21:35:13][DEBUG] jax_fem: Function split_and_compute_cell took 0.0747 seconds
[06-30 21:35:13][INFO] jax_fem: CuDSS backward: solving adjoint problem …
[06-30 21:35:13][DEBUG] jax_fem: DeviceProblem: computing Jacobian on device
[06-30 21:35:13][DEBUG] jax_fem: Function split_and_compute_cell took 0.0453 seconds
[06-30 21:35:13][DEBUG] jax_fem: Computing cell residual...
[06-30 21:35:13][DEBUG] jax_fem: Function split_and_compute_cell took 0.0805 seconds
[06-30 21:35:14][INFO] jax_fem: CuDSS backward: solving adjoint problem …
[06-30 21:35:14][DEBUG] jax_fem: DeviceProblem: computing Jacobian on device
[06-30 21:35:14][DEBUG] jax_fem: Function split_and_compute_cell took 0.0400 seconds
[06-30 21:35:14][DEBUG] jax_fem: Computing cell residual...
[06-30 21:35:14][DEBUG] jax_fem: Function split_and_compute_cell took 0.0794 seconds
[06-30 21:35:14][INFO] jax_fem: CuDSS backward: solving adjoint problem …
[06-30 21:35:14][DEBUG] jax_fem: DeviceProblem: computing Jacobian on device
[06-30 21:35:14][DEBUG] jax_fem: Function split_and_compute_cell took 0.0479 seconds
[06-30 21:35:14][DEBUG] jax_fem: Computing cell residual...
[06-30 21:35:14][DEBUG] jax_fem: Function split_and_compute_cell took 0.0845 seconds
[06-30 21:35:15][INFO] jax_fem: CuDSS backward: solving adjoint problem …
[06-30 21:35:15][DEBUG] jax_fem: DeviceProblem: computing Jacobian on device
[06-30 21:35:15][DEBUG] jax_fem: Function split_and_compute_cell took 0.0384 seconds
[06-30 21:35:15][DEBUG] jax_fem: Computing cell residual...
[06-30 21:35:15][DEBUG] jax_fem: Function split_and_compute_cell took 0.0782 seconds
[06-30 21:35:17][DEBUG] jax_fem: CuDSSNewtonSolver: starting Newton loop
[06-30 21:35:17][DEBUG] jax_fem: DeviceProblem: computing Jacobian on device
[06-30 21:35:17][DEBUG] jax_fem: Function split_and_compute_cell took 0.0608 seconds
[06-30 21:35:17][DEBUG] jax_fem: CuDSSNewtonSolver: initial residual = 2.427e+08
[06-30 21:35:17][DEBUG] jax_fem: DeviceProblem: computing Jacobian on device
[06-30 21:35:17][DEBUG] jax_fem: Function split_and_compute_cell took 0.0456 seconds
[06-30 21:35:17][DEBUG] jax_fem: CuDSSNewtonSolver: iter=1  res=1.692e-05  rel=6.970e-14
[06-30 21:35:17][INFO] jax_fem: CuDSSNewtonSolver: solve finished in 0.16s  res=1.692e-05
[06-30 21:35:17][DEBUG] jax_fem: CuDSSNewtonSolver: starting Newton loop
[06-30 21:35:17][DEBUG] jax_fem: DeviceProblem: computing Jacobian on device
[06-30 21:35:17][DEBUG] jax_fem: Function split_and_compute_cell took 0.0426 seconds
[06-30 21:35:17][DEBUG] jax_fem: CuDSSNewtonSolver: initial residual = 2.407e+08
[06-30 21:35:17][DEBUG] jax_fem: DeviceProblem: computing Jacobian on device
[06-30 21:35:17][DEBUG] jax_fem: Function split_and_compute_cell took 0.0573 seconds
[06-30 21:35:17][DEBUG] jax_fem: CuDSSNewtonSolver: iter=1  res=1.673e-05  rel=6.950e-14
[06-30 21:35:17][INFO] jax_fem: CuDSSNewtonSolver: solve finished in 0.15s  res=1.673e-05
[06-30 21:35:18][DEBUG] jax_fem: CuDSSNewtonSolver: starting Newton loop
[06-30 21:35:18][DEBUG] jax_fem: DeviceProblem: computing Jacobian on device
[06-30 21:35:18][DEBUG] jax_fem: Function split_and_compute_cell took 0.0533 seconds
[06-30 21:35:18][DEBUG] jax_fem: CuDSSNewtonSolver: initial residual = 2.401e+08
[06-30 21:35:18][DEBUG] jax_fem: DeviceProblem: computing Jacobian on device
[06-30 21:35:18][DEBUG] jax_fem: Function split_and_compute_cell took 0.0350 seconds
[06-30 21:35:18][DEBUG] jax_fem: CuDSSNewtonSolver: iter=1  res=1.751e-05  rel=7.292e-14
[06-30 21:35:18][INFO] jax_fem: CuDSSNewtonSolver: solve finished in 0.14s  res=1.751e-05
[06-30 21:35:18][DEBUG] jax_fem: CuDSSNewtonSolver: starting Newton loop
[06-30 21:35:18][DEBUG] jax_fem: DeviceProblem: computing Jacobian on device
[06-30 21:35:18][DEBUG] jax_fem: Function split_and_compute_cell took 0.0469 seconds
[06-30 21:35:18][DEBUG] jax_fem: CuDSSNewtonSolver: initial residual = 2.429e+08
[06-30 21:35:18][DEBUG] jax_fem: DeviceProblem: computing Jacobian on device
[06-30 21:35:18][DEBUG] jax_fem: Function split_and_compute_cell took 0.0404 seconds
[06-30 21:35:18][DEBUG] jax_fem: CuDSSNewtonSolver: iter=1  res=1.659e-05  rel=6.829e-14
[06-30 21:35:18][INFO] jax_fem: CuDSSNewtonSolver: solve finished in 0.14s  res=1.659e-05
[06-30 21:35:19][DEBUG] jax_fem: CuDSSNewtonSolver: starting Newton loop
[06-30 21:35:19][DEBUG] jax_fem: DeviceProblem: computing Jacobian on device
[06-30 21:35:19][DEBUG] jax_fem: Function split_and_compute_cell took 0.0525 seconds
[06-30 21:35:19][DEBUG] jax_fem: CuDSSNewtonSolver: initial residual = 2.414e+08
[06-30 21:35:19][DEBUG] jax_fem: DeviceProblem: computing Jacobian on device
[06-30 21:35:19][DEBUG] jax_fem: Function split_and_compute_cell took 0.0446 seconds
[06-30 21:35:19][DEBUG] jax_fem: CuDSSNewtonSolver: iter=1  res=1.184e-05  rel=4.905e-14
[06-30 21:35:19][INFO] jax_fem: CuDSSNewtonSolver: solve finished in 0.15s  res=1.184e-05
[06-30 21:35:21][DEBUG] jax_fem: CuDSSNewtonSolver: starting Newton loop
[06-30 21:35:21][DEBUG] jax_fem: DeviceProblem: computing Jacobian on device
[06-30 21:35:21][DEBUG] jax_fem: Function split_and_compute_cell took 0.0333 seconds
[06-30 21:35:21][DEBUG] jax_fem: CuDSSNewtonSolver: initial residual = 2.427e+08
[06-30 21:35:21][DEBUG] jax_fem: DeviceProblem: computing Jacobian on device
[06-30 21:35:21][DEBUG] jax_fem: Function split_and_compute_cell took 0.0312 seconds
[06-30 21:35:21][DEBUG] jax_fem: CuDSSNewtonSolver: iter=1  res=1.585e-05  rel=6.532e-14
[06-30 21:35:21][INFO] jax_fem: CuDSSNewtonSolver: solve finished in 0.11s  res=1.585e-05
[06-30 21:35:21][DEBUG] jax_fem: CuDSSNewtonSolver: starting Newton loop
[06-30 21:35:21][DEBUG] jax_fem: DeviceProblem: computing Jacobian on device
[06-30 21:35:22][DEBUG] jax_fem: Function split_and_compute_cell took 0.0316 seconds
[06-30 21:35:22][DEBUG] jax_fem: CuDSSNewtonSolver: initial residual = 2.407e+08
[06-30 21:35:22][DEBUG] jax_fem: DeviceProblem: computing Jacobian on device
[06-30 21:35:22][DEBUG] jax_fem: Function split_and_compute_cell took 0.0303 seconds
[06-30 21:35:22][DEBUG] jax_fem: CuDSSNewtonSolver: iter=1  res=1.684e-05  rel=6.995e-14
[06-30 21:35:22][INFO] jax_fem: CuDSSNewtonSolver: solve finished in 0.11s  res=1.684e-05
[06-30 21:35:22][DEBUG] jax_fem: CuDSSNewtonSolver: starting Newton loop
[06-30 21:35:22][DEBUG] jax_fem: DeviceProblem: computing Jacobian on device
[06-30 21:35:22][DEBUG] jax_fem: Function split_and_compute_cell took 0.0311 seconds
[06-30 21:35:22][DEBUG] jax_fem: CuDSSNewtonSolver: initial residual = 2.401e+08
[06-30 21:35:22][DEBUG] jax_fem: DeviceProblem: computing Jacobian on device
[06-30 21:35:22][DEBUG] jax_fem: Function split_and_compute_cell took 0.0315 seconds
[06-30 21:35:22][DEBUG] jax_fem: CuDSSNewtonSolver: iter=1  res=1.788e-05  rel=7.450e-14
[06-30 21:35:22][INFO] jax_fem: CuDSSNewtonSolver: solve finished in 0.11s  res=1.788e-05
[06-30 21:35:23][DEBUG] jax_fem: CuDSSNewtonSolver: starting Newton loop
[06-30 21:35:23][DEBUG] jax_fem: DeviceProblem: computing Jacobian on device
[06-30 21:35:23][DEBUG] jax_fem: Function split_and_compute_cell took 0.0330 seconds
[06-30 21:35:23][DEBUG] jax_fem: CuDSSNewtonSolver: initial residual = 2.429e+08
[06-30 21:35:23][DEBUG] jax_fem: DeviceProblem: computing Jacobian on device
[06-30 21:35:23][DEBUG] jax_fem: Function split_and_compute_cell took 0.0335 seconds
[06-30 21:35:23][DEBUG] jax_fem: CuDSSNewtonSolver: iter=1  res=1.569e-05  rel=6.461e-14
[06-30 21:35:23][INFO] jax_fem: CuDSSNewtonSolver: solve finished in 0.12s  res=1.569e-05
[06-30 21:35:24][DEBUG] jax_fem: CuDSSNewtonSolver: starting Newton loop
[06-30 21:35:24][DEBUG] jax_fem: DeviceProblem: computing Jacobian on device
[06-30 21:35:24][DEBUG] jax_fem: Function split_and_compute_cell took 0.0330 seconds
[06-30 21:35:24][DEBUG] jax_fem: CuDSSNewtonSolver: initial residual = 2.414e+08
[06-30 21:35:24][DEBUG] jax_fem: DeviceProblem: computing Jacobian on device
[06-30 21:35:24][DEBUG] jax_fem: Function split_and_compute_cell took 0.0313 seconds
[06-30 21:35:24][DEBUG] jax_fem: CuDSSNewtonSolver: iter=1  res=1.191e-05  rel=4.933e-14
[06-30 21:35:24][INFO] jax_fem: CuDSSNewtonSolver: solve finished in 0.12s  res=1.191e-05
[06-30 21:35:24][INFO] jax_fem: CuDSS backward: solving adjoint problem …
[06-30 21:35:24][DEBUG] jax_fem: DeviceProblem: computing Jacobian on device
[06-30 21:35:24][DEBUG] jax_fem: Function split_and_compute_cell took 0.0333 seconds
[06-30 21:35:24][DEBUG] jax_fem: Computing cell residual...
[06-30 21:35:24][DEBUG] jax_fem: Function split_and_compute_cell took 0.0730 seconds
[06-30 21:35:25][INFO] jax_fem: CuDSS backward: solving adjoint problem …
[06-30 21:35:25][DEBUG] jax_fem: DeviceProblem: computing Jacobian on device
[06-30 21:35:25][DEBUG] jax_fem: Function split_and_compute_cell took 0.0468 seconds
[06-30 21:35:25][DEBUG] jax_fem: Computing cell residual...
[06-30 21:35:25][DEBUG] jax_fem: Function split_and_compute_cell took 0.0769 seconds
[06-30 21:35:25][INFO] jax_fem: CuDSS backward: solving adjoint problem …
[06-30 21:35:25][DEBUG] jax_fem: DeviceProblem: computing Jacobian on device
[06-30 21:35:25][DEBUG] jax_fem: Function split_and_compute_cell took 0.0407 seconds
[06-30 21:35:25][DEBUG] jax_fem: Computing cell residual...
[06-30 21:35:25][DEBUG] jax_fem: Function split_and_compute_cell took 0.0610 seconds
[06-30 21:35:26][INFO] jax_fem: CuDSS backward: solving adjoint problem …
[06-30 21:35:26][DEBUG] jax_fem: DeviceProblem: computing Jacobian on device
[06-30 21:35:26][DEBUG] jax_fem: Function split_and_compute_cell took 0.0341 seconds
[06-30 21:35:26][DEBUG] jax_fem: Computing cell residual...
[06-30 21:35:26][DEBUG] jax_fem: Function split_and_compute_cell took 0.0679 seconds
[06-30 21:35:26][INFO] jax_fem: CuDSS backward: solving adjoint problem …
[06-30 21:35:26][DEBUG] jax_fem: DeviceProblem: computing Jacobian on device
[06-30 21:35:26][DEBUG] jax_fem: Function split_and_compute_cell took 0.0489 seconds
[06-30 21:35:26][DEBUG] jax_fem: Computing cell residual...
[06-30 21:35:26][DEBUG] jax_fem: Function split_and_compute_cell took 0.0812 seconds
[06-30 21:35:28][DEBUG] jax_fem: CuDSSNewtonSolver: starting Newton loop
[06-30 21:35:28][DEBUG] jax_fem: DeviceProblem: computing Jacobian on device
[06-30 21:35:28][DEBUG] jax_fem: Function split_and_compute_cell took 0.0480 seconds
[06-30 21:35:28][DEBUG] jax_fem: CuDSSNewtonSolver: initial residual = 2.427e+08
[06-30 21:35:28][DEBUG] jax_fem: DeviceProblem: computing Jacobian on device
[06-30 21:35:28][DEBUG] jax_fem: Function split_and_compute_cell took 0.0548 seconds
[06-30 21:35:28][DEBUG] jax_fem: CuDSSNewtonSolver: iter=1  res=1.632e-05  rel=6.722e-14
[06-30 21:35:28][INFO] jax_fem: CuDSSNewtonSolver: solve finished in 0.16s  res=1.632e-05
[06-30 21:35:29][DEBUG] jax_fem: CuDSSNewtonSolver: starting Newton loop
[06-30 21:35:29][DEBUG] jax_fem: DeviceProblem: computing Jacobian on device
[06-30 21:35:29][DEBUG] jax_fem: Function split_and_compute_cell took 0.0568 seconds
[06-30 21:35:29][DEBUG] jax_fem: CuDSSNewtonSolver: initial residual = 2.407e+08
[06-30 21:35:29][DEBUG] jax_fem: DeviceProblem: computing Jacobian on device
[06-30 21:35:29][DEBUG] jax_fem: Function split_and_compute_cell took 0.0542 seconds
[06-30 21:35:29][DEBUG] jax_fem: CuDSSNewtonSolver: iter=1  res=1.658e-05  rel=6.888e-14
[06-30 21:35:29][INFO] jax_fem: CuDSSNewtonSolver: solve finished in 0.17s  res=1.658e-05
[06-30 21:35:29][DEBUG] jax_fem: CuDSSNewtonSolver: starting Newton loop
[06-30 21:35:29][DEBUG] jax_fem: DeviceProblem: computing Jacobian on device
[06-30 21:35:29][DEBUG] jax_fem: Function split_and_compute_cell took 0.0416 seconds
[06-30 21:35:29][DEBUG] jax_fem: CuDSSNewtonSolver: initial residual = 2.401e+08
[06-30 21:35:29][DEBUG] jax_fem: DeviceProblem: computing Jacobian on device
[06-30 21:35:29][DEBUG] jax_fem: Function split_and_compute_cell took 0.0395 seconds
[06-30 21:35:29][DEBUG] jax_fem: CuDSSNewtonSolver: iter=1  res=1.705e-05  rel=7.102e-14
[06-30 21:35:29][INFO] jax_fem: CuDSSNewtonSolver: solve finished in 0.14s  res=1.705e-05
[06-30 21:35:30][DEBUG] jax_fem: CuDSSNewtonSolver: starting Newton loop
[06-30 21:35:30][DEBUG] jax_fem: DeviceProblem: computing Jacobian on device
[06-30 21:35:30][DEBUG] jax_fem: Function split_and_compute_cell took 0.0390 seconds
[06-30 21:35:30][DEBUG] jax_fem: CuDSSNewtonSolver: initial residual = 2.429e+08
[06-30 21:35:30][DEBUG] jax_fem: DeviceProblem: computing Jacobian on device
[06-30 21:35:30][DEBUG] jax_fem: Function split_and_compute_cell took 0.0504 seconds
[06-30 21:35:30][DEBUG] jax_fem: CuDSSNewtonSolver: iter=1  res=1.578e-05  rel=6.500e-14
[06-30 21:35:30][INFO] jax_fem: CuDSSNewtonSolver: solve finished in 0.15s  res=1.578e-05
[06-30 21:35:30][DEBUG] jax_fem: CuDSSNewtonSolver: starting Newton loop
[06-30 21:35:30][DEBUG] jax_fem: DeviceProblem: computing Jacobian on device
[06-30 21:35:30][DEBUG] jax_fem: Function split_and_compute_cell took 0.0382 seconds
[06-30 21:35:30][DEBUG] jax_fem: CuDSSNewtonSolver: initial residual = 2.414e+08
[06-30 21:35:30][DEBUG] jax_fem: DeviceProblem: computing Jacobian on device
[06-30 21:35:30][DEBUG] jax_fem: Function split_and_compute_cell took 0.0487 seconds
[06-30 21:35:30][DEBUG] jax_fem: CuDSSNewtonSolver: iter=1  res=1.195e-05  rel=4.950e-14
[06-30 21:35:30][INFO] jax_fem: CuDSSNewtonSolver: solve finished in 0.14s  res=1.195e-05
[06-30 21:35:32][DEBUG] jax_fem: CuDSSNewtonSolver: starting Newton loop
[06-30 21:35:32][DEBUG] jax_fem: DeviceProblem: computing Jacobian on device
[06-30 21:35:32][DEBUG] jax_fem: Function split_and_compute_cell took 0.0320 seconds
[06-30 21:35:32][DEBUG] jax_fem: CuDSSNewtonSolver: initial residual = 2.427e+08
[06-30 21:35:32][DEBUG] jax_fem: DeviceProblem: computing Jacobian on device
[06-30 21:35:32][DEBUG] jax_fem: Function split_and_compute_cell took 0.0316 seconds
[06-30 21:35:32][DEBUG] jax_fem: CuDSSNewtonSolver: iter=1  res=1.575e-05  rel=6.489e-14
[06-30 21:35:32][INFO] jax_fem: CuDSSNewtonSolver: solve finished in 0.11s  res=1.575e-05
[06-30 21:35:33][DEBUG] jax_fem: CuDSSNewtonSolver: starting Newton loop
[06-30 21:35:33][DEBUG] jax_fem: DeviceProblem: computing Jacobian on device
[06-30 21:35:33][DEBUG] jax_fem: Function split_and_compute_cell took 0.0277 seconds
[06-30 21:35:33][DEBUG] jax_fem: CuDSSNewtonSolver: initial residual = 2.407e+08
[06-30 21:35:33][DEBUG] jax_fem: DeviceProblem: computing Jacobian on device
[06-30 21:35:33][DEBUG] jax_fem: Function split_and_compute_cell took 0.0269 seconds
[06-30 21:35:33][DEBUG] jax_fem: CuDSSNewtonSolver: iter=1  res=1.623e-05  rel=6.745e-14
[06-30 21:35:33][INFO] jax_fem: CuDSSNewtonSolver: solve finished in 0.10s  res=1.623e-05
[06-30 21:35:33][DEBUG] jax_fem: CuDSSNewtonSolver: starting Newton loop
[06-30 21:35:34][DEBUG] jax_fem: DeviceProblem: computing Jacobian on device
[06-30 21:35:34][DEBUG] jax_fem: Function split_and_compute_cell took 0.0273 seconds
[06-30 21:35:34][DEBUG] jax_fem: CuDSSNewtonSolver: initial residual = 2.401e+08
[06-30 21:35:34][DEBUG] jax_fem: DeviceProblem: computing Jacobian on device
[06-30 21:35:34][DEBUG] jax_fem: Function split_and_compute_cell took 0.0264 seconds
[06-30 21:35:34][DEBUG] jax_fem: CuDSSNewtonSolver: iter=1  res=1.700e-05  rel=7.082e-14
[06-30 21:35:34][INFO] jax_fem: CuDSSNewtonSolver: solve finished in 0.10s  res=1.700e-05
[06-30 21:35:34][DEBUG] jax_fem: CuDSSNewtonSolver: starting Newton loop
[06-30 21:35:34][DEBUG] jax_fem: DeviceProblem: computing Jacobian on device
[06-30 21:35:34][DEBUG] jax_fem: Function split_and_compute_cell took 0.0296 seconds
[06-30 21:35:34][DEBUG] jax_fem: CuDSSNewtonSolver: initial residual = 2.429e+08
[06-30 21:35:34][DEBUG] jax_fem: DeviceProblem: computing Jacobian on device
[06-30 21:35:34][DEBUG] jax_fem: Function split_and_compute_cell took 0.0279 seconds
[06-30 21:35:34][DEBUG] jax_fem: CuDSSNewtonSolver: iter=1  res=1.670e-05  rel=6.877e-14
[06-30 21:35:34][INFO] jax_fem: CuDSSNewtonSolver: solve finished in 0.10s  res=1.670e-05
[06-30 21:35:35][DEBUG] jax_fem: CuDSSNewtonSolver: starting Newton loop
[06-30 21:35:35][DEBUG] jax_fem: DeviceProblem: computing Jacobian on device
[06-30 21:35:35][DEBUG] jax_fem: Function split_and_compute_cell took 0.0300 seconds
[06-30 21:35:35][DEBUG] jax_fem: CuDSSNewtonSolver: initial residual = 2.414e+08
[06-30 21:35:35][DEBUG] jax_fem: DeviceProblem: computing Jacobian on device
[06-30 21:35:35][DEBUG] jax_fem: Function split_and_compute_cell took 0.0267 seconds
[06-30 21:35:35][DEBUG] jax_fem: CuDSSNewtonSolver: iter=1  res=1.142e-05  rel=4.728e-14
[06-30 21:35:35][INFO] jax_fem: CuDSSNewtonSolver: solve finished in 0.10s  res=1.142e-05
[06-30 21:35:35][INFO] jax_fem: CuDSS backward: solving adjoint problem …
[06-30 21:35:35][DEBUG] jax_fem: DeviceProblem: computing Jacobian on device
[06-30 21:35:35][DEBUG] jax_fem: Function split_and_compute_cell took 0.0302 seconds
[06-30 21:35:35][DEBUG] jax_fem: Computing cell residual...
[06-30 21:35:35][DEBUG] jax_fem: Function split_and_compute_cell took 0.0591 seconds
[06-30 21:35:35][INFO] jax_fem: CuDSS backward: solving adjoint problem …
[06-30 21:35:35][DEBUG] jax_fem: DeviceProblem: computing Jacobian on device
[06-30 21:35:35][DEBUG] jax_fem: Function split_and_compute_cell took 0.0334 seconds
[06-30 21:35:35][DEBUG] jax_fem: Computing cell residual...
[06-30 21:35:35][DEBUG] jax_fem: Function split_and_compute_cell took 0.0667 seconds
[06-30 21:35:36][INFO] jax_fem: CuDSS backward: solving adjoint problem …
[06-30 21:35:36][DEBUG] jax_fem: DeviceProblem: computing Jacobian on device
[06-30 21:35:36][DEBUG] jax_fem: Function split_and_compute_cell took 0.0305 seconds
[06-30 21:35:36][DEBUG] jax_fem: Computing cell residual...
[06-30 21:35:36][DEBUG] jax_fem: Function split_and_compute_cell took 0.0671 seconds
[06-30 21:35:36][INFO] jax_fem: CuDSS backward: solving adjoint problem …
[06-30 21:35:36][DEBUG] jax_fem: DeviceProblem: computing Jacobian on device
[06-30 21:35:36][DEBUG] jax_fem: Function split_and_compute_cell took 0.0524 seconds
[06-30 21:35:36][DEBUG] jax_fem: Computing cell residual...
[06-30 21:35:36][DEBUG] jax_fem: Function split_and_compute_cell took 0.0616 seconds
[06-30 21:35:36][INFO] jax_fem: CuDSS backward: solving adjoint problem …
[06-30 21:35:37][DEBUG] jax_fem: DeviceProblem: computing Jacobian on device
[06-30 21:35:37][DEBUG] jax_fem: Function split_and_compute_cell took 0.0250 seconds
[06-30 21:35:37][DEBUG] jax_fem: Computing cell residual...
[06-30 21:35:37][DEBUG] jax_fem: Function split_and_compute_cell took 0.0633 seconds
[06-30 21:35:38][DEBUG] jax_fem: CuDSSNewtonSolver: starting Newton loop
[06-30 21:35:38][DEBUG] jax_fem: DeviceProblem: computing Jacobian on device
[06-30 21:35:38][DEBUG] jax_fem: Function split_and_compute_cell took 0.0440 seconds
[06-30 21:35:38][DEBUG] jax_fem: CuDSSNewtonSolver: initial residual = 2.427e+08
[06-30 21:35:38][DEBUG] jax_fem: DeviceProblem: computing Jacobian on device
[06-30 21:35:38][DEBUG] jax_fem: Function split_and_compute_cell took 0.0308 seconds
[06-30 21:35:38][DEBUG] jax_fem: CuDSSNewtonSolver: iter=1  res=1.546e-05  rel=6.371e-14
[06-30 21:35:38][INFO] jax_fem: CuDSSNewtonSolver: solve finished in 0.12s  res=1.546e-05
[06-30 21:35:39][DEBUG] jax_fem: CuDSSNewtonSolver: starting Newton loop
[06-30 21:35:39][DEBUG] jax_fem: DeviceProblem: computing Jacobian on device
[06-30 21:35:39][DEBUG] jax_fem: Function split_and_compute_cell took 0.0399 seconds
[06-30 21:35:39][DEBUG] jax_fem: CuDSSNewtonSolver: initial residual = 2.407e+08
[06-30 21:35:39][DEBUG] jax_fem: DeviceProblem: computing Jacobian on device
[06-30 21:35:39][DEBUG] jax_fem: Function split_and_compute_cell took 0.0414 seconds
[06-30 21:35:39][DEBUG] jax_fem: CuDSSNewtonSolver: iter=1  res=1.658e-05  rel=6.888e-14
[06-30 21:35:39][INFO] jax_fem: CuDSSNewtonSolver: solve finished in 0.13s  res=1.658e-05
[06-30 21:35:39][DEBUG] jax_fem: CuDSSNewtonSolver: starting Newton loop
[06-30 21:35:39][DEBUG] jax_fem: DeviceProblem: computing Jacobian on device
[06-30 21:35:39][DEBUG] jax_fem: Function split_and_compute_cell took 0.0259 seconds
[06-30 21:35:39][DEBUG] jax_fem: CuDSSNewtonSolver: initial residual = 2.401e+08
[06-30 21:35:39][DEBUG] jax_fem: DeviceProblem: computing Jacobian on device
[06-30 21:35:39][DEBUG] jax_fem: Function split_and_compute_cell took 0.0277 seconds
[06-30 21:35:39][DEBUG] jax_fem: CuDSSNewtonSolver: iter=1  res=1.767e-05  rel=7.362e-14
[06-30 21:35:39][INFO] jax_fem: CuDSSNewtonSolver: solve finished in 0.09s  res=1.767e-05
[06-30 21:35:39][DEBUG] jax_fem: CuDSSNewtonSolver: starting Newton loop
[06-30 21:35:39][DEBUG] jax_fem: DeviceProblem: computing Jacobian on device
[06-30 21:35:39][DEBUG] jax_fem: Function split_and_compute_cell took 0.0250 seconds
[06-30 21:35:39][DEBUG] jax_fem: CuDSSNewtonSolver: initial residual = 2.429e+08
[06-30 21:35:39][DEBUG] jax_fem: DeviceProblem: computing Jacobian on device
[06-30 21:35:39][DEBUG] jax_fem: Function split_and_compute_cell took 0.0298 seconds
[06-30 21:35:39][DEBUG] jax_fem: CuDSSNewtonSolver: iter=1  res=1.563e-05  rel=6.435e-14
[06-30 21:35:39][INFO] jax_fem: CuDSSNewtonSolver: solve finished in 0.10s  res=1.563e-05
[06-30 21:35:40][DEBUG] jax_fem: CuDSSNewtonSolver: starting Newton loop
[06-30 21:35:40][DEBUG] jax_fem: DeviceProblem: computing Jacobian on device
[06-30 21:35:40][DEBUG] jax_fem: Function split_and_compute_cell took 0.0316 seconds
[06-30 21:35:40][DEBUG] jax_fem: CuDSSNewtonSolver: initial residual = 2.414e+08
[06-30 21:35:40][DEBUG] jax_fem: DeviceProblem: computing Jacobian on device
[06-30 21:35:40][DEBUG] jax_fem: Function split_and_compute_cell took 0.0357 seconds
[06-30 21:35:40][DEBUG] jax_fem: CuDSSNewtonSolver: iter=1  res=1.130e-05  rel=4.680e-14
[06-30 21:35:40][INFO] jax_fem: CuDSSNewtonSolver: solve finished in 0.11s  res=1.130e-05
[06-30 21:35:42][DEBUG] jax_fem: CuDSSNewtonSolver: starting Newton loop
[06-30 21:35:42][DEBUG] jax_fem: DeviceProblem: computing Jacobian on device
[06-30 21:35:42][DEBUG] jax_fem: Function split_and_compute_cell took 0.0264 seconds
[06-30 21:35:42][DEBUG] jax_fem: CuDSSNewtonSolver: initial residual = 2.427e+08
[06-30 21:35:42][DEBUG] jax_fem: DeviceProblem: computing Jacobian on device
[06-30 21:35:42][DEBUG] jax_fem: Function split_and_compute_cell took 0.0276 seconds
[06-30 21:35:42][DEBUG] jax_fem: CuDSSNewtonSolver: iter=1  res=1.608e-05  rel=6.626e-14
[06-30 21:35:42][INFO] jax_fem: CuDSSNewtonSolver: solve finished in 0.09s  res=1.608e-05
[06-30 21:35:42][DEBUG] jax_fem: CuDSSNewtonSolver: starting Newton loop
[06-30 21:35:42][DEBUG] jax_fem: DeviceProblem: computing Jacobian on device
[06-30 21:35:42][DEBUG] jax_fem: Function split_and_compute_cell took 0.0268 seconds
[06-30 21:35:42][DEBUG] jax_fem: CuDSSNewtonSolver: initial residual = 2.407e+08
[06-30 21:35:42][DEBUG] jax_fem: DeviceProblem: computing Jacobian on device
[06-30 21:35:42][DEBUG] jax_fem: Function split_and_compute_cell took 0.0258 seconds
[06-30 21:35:42][DEBUG] jax_fem: CuDSSNewtonSolver: iter=1  res=1.668e-05  rel=6.929e-14
[06-30 21:35:42][INFO] jax_fem: CuDSSNewtonSolver: solve finished in 0.09s  res=1.668e-05
[06-30 21:35:43][DEBUG] jax_fem: CuDSSNewtonSolver: starting Newton loop
[06-30 21:35:43][DEBUG] jax_fem: DeviceProblem: computing Jacobian on device
[06-30 21:35:43][DEBUG] jax_fem: Function split_and_compute_cell took 0.0272 seconds
[06-30 21:35:43][DEBUG] jax_fem: CuDSSNewtonSolver: initial residual = 2.401e+08
[06-30 21:35:43][DEBUG] jax_fem: DeviceProblem: computing Jacobian on device
[06-30 21:35:43][DEBUG] jax_fem: Function split_and_compute_cell took 0.0269 seconds
[06-30 21:35:43][DEBUG] jax_fem: CuDSSNewtonSolver: iter=1  res=1.769e-05  rel=7.369e-14
[06-30 21:35:43][INFO] jax_fem: CuDSSNewtonSolver: solve finished in 0.09s  res=1.769e-05
[06-30 21:35:43][DEBUG] jax_fem: CuDSSNewtonSolver: starting Newton loop
[06-30 21:35:43][DEBUG] jax_fem: DeviceProblem: computing Jacobian on device
[06-30 21:35:43][DEBUG] jax_fem: Function split_and_compute_cell took 0.0276 seconds
[06-30 21:35:43][DEBUG] jax_fem: CuDSSNewtonSolver: initial residual = 2.429e+08
[06-30 21:35:43][DEBUG] jax_fem: DeviceProblem: computing Jacobian on device
[06-30 21:35:44][DEBUG] jax_fem: Function split_and_compute_cell took 0.0268 seconds
[06-30 21:35:44][DEBUG] jax_fem: CuDSSNewtonSolver: iter=1  res=1.586e-05  rel=6.532e-14
[06-30 21:35:44][INFO] jax_fem: CuDSSNewtonSolver: solve finished in 0.10s  res=1.586e-05
[06-30 21:35:44][DEBUG] jax_fem: CuDSSNewtonSolver: starting Newton loop
[06-30 21:35:44][DEBUG] jax_fem: DeviceProblem: computing Jacobian on device
[06-30 21:35:44][DEBUG] jax_fem: Function split_and_compute_cell took 0.0273 seconds
[06-30 21:35:44][DEBUG] jax_fem: CuDSSNewtonSolver: initial residual = 2.414e+08
[06-30 21:35:44][DEBUG] jax_fem: DeviceProblem: computing Jacobian on device
[06-30 21:35:44][DEBUG] jax_fem: Function split_and_compute_cell took 0.0275 seconds
[06-30 21:35:44][DEBUG] jax_fem: CuDSSNewtonSolver: iter=1  res=1.173e-05  rel=4.858e-14
[06-30 21:35:44][INFO] jax_fem: CuDSSNewtonSolver: solve finished in 0.10s  res=1.173e-05
[06-30 21:35:44][INFO] jax_fem: CuDSS backward: solving adjoint problem …
[06-30 21:35:44][DEBUG] jax_fem: DeviceProblem: computing Jacobian on device
[06-30 21:35:44][DEBUG] jax_fem: Function split_and_compute_cell took 0.0377 seconds
[06-30 21:35:44][DEBUG] jax_fem: Computing cell residual...
[06-30 21:35:44][DEBUG] jax_fem: Function split_and_compute_cell took 0.0661 seconds
[06-30 21:35:45][INFO] jax_fem: CuDSS backward: solving adjoint problem …
[06-30 21:35:45][DEBUG] jax_fem: DeviceProblem: computing Jacobian on device
[06-30 21:35:45][DEBUG] jax_fem: Function split_and_compute_cell took 0.0458 seconds
[06-30 21:35:45][DEBUG] jax_fem: Computing cell residual...
[06-30 21:35:45][DEBUG] jax_fem: Function split_and_compute_cell took 0.0682 seconds
[06-30 21:35:45][INFO] jax_fem: CuDSS backward: solving adjoint problem …
[06-30 21:35:45][DEBUG] jax_fem: DeviceProblem: computing Jacobian on device
[06-30 21:35:45][DEBUG] jax_fem: Function split_and_compute_cell took 0.0361 seconds
[06-30 21:35:45][DEBUG] jax_fem: Computing cell residual...
[06-30 21:35:45][DEBUG] jax_fem: Function split_and_compute_cell took 0.0524 seconds
[06-30 21:35:45][INFO] jax_fem: CuDSS backward: solving adjoint problem …
[06-30 21:35:45][DEBUG] jax_fem: DeviceProblem: computing Jacobian on device
[06-30 21:35:45][DEBUG] jax_fem: Function split_and_compute_cell took 0.0404 seconds
[06-30 21:35:46][DEBUG] jax_fem: Computing cell residual...
[06-30 21:35:46][DEBUG] jax_fem: Function split_and_compute_cell took 0.0597 seconds
[06-30 21:35:46][INFO] jax_fem: CuDSS backward: solving adjoint problem …
[06-30 21:35:46][DEBUG] jax_fem: DeviceProblem: computing Jacobian on device
[06-30 21:35:46][DEBUG] jax_fem: Function split_and_compute_cell took 0.0331 seconds
[06-30 21:35:46][DEBUG] jax_fem: Computing cell residual...
[06-30 21:35:46][DEBUG] jax_fem: Function split_and_compute_cell took 0.0640 seconds
[06-30 21:35:48][DEBUG] jax_fem: CuDSSNewtonSolver: starting Newton loop
[06-30 21:35:48][DEBUG] jax_fem: DeviceProblem: computing Jacobian on device
[06-30 21:35:48][DEBUG] jax_fem: Function split_and_compute_cell took 0.0423 seconds
[06-30 21:35:48][DEBUG] jax_fem: CuDSSNewtonSolver: initial residual = 2.420e+08
[06-30 21:35:48][DEBUG] jax_fem: DeviceProblem: computing Jacobian on device
[06-30 21:35:48][DEBUG] jax_fem: Function split_and_compute_cell took 0.0481 seconds
[06-30 21:35:48][DEBUG] jax_fem: CuDSSNewtonSolver: iter=1  res=1.484e-05  rel=6.131e-14
[06-30 21:35:48][INFO] jax_fem: CuDSSNewtonSolver: solve finished in 0.14s  res=1.484e-05
[06-30 21:35:48][DEBUG] jax_fem: CuDSSNewtonSolver: starting Newton loop
[06-30 21:35:48][DEBUG] jax_fem: DeviceProblem: computing Jacobian on device
[06-30 21:35:48][DEBUG] jax_fem: Function split_and_compute_cell took 0.0337 seconds
[06-30 21:35:48][DEBUG] jax_fem: CuDSSNewtonSolver: initial residual = 2.399e+08
[06-30 21:35:48][DEBUG] jax_fem: DeviceProblem: computing Jacobian on device
[06-30 21:35:48][DEBUG] jax_fem: Function split_and_compute_cell took 0.0346 seconds
[06-30 21:35:48][DEBUG] jax_fem: CuDSSNewtonSolver: iter=1  res=1.567e-05  rel=6.532e-14
[06-30 21:35:48][INFO] jax_fem: CuDSSNewtonSolver: solve finished in 0.12s  res=1.567e-05
[06-30 21:35:48][DEBUG] jax_fem: CuDSSNewtonSolver: starting Newton loop
[06-30 21:35:48][DEBUG] jax_fem: DeviceProblem: computing Jacobian on device
[06-30 21:35:48][DEBUG] jax_fem: Function split_and_compute_cell took 0.0368 seconds
[06-30 21:35:48][DEBUG] jax_fem: CuDSSNewtonSolver: initial residual = 2.393e+08
[06-30 21:35:48][DEBUG] jax_fem: DeviceProblem: computing Jacobian on device
[06-30 21:35:48][DEBUG] jax_fem: Function split_and_compute_cell took 0.0251 seconds
[06-30 21:35:48][DEBUG] jax_fem: CuDSSNewtonSolver: iter=1  res=1.638e-05  rel=6.845e-14
[06-30 21:35:48][INFO] jax_fem: CuDSSNewtonSolver: solve finished in 0.11s  res=1.638e-05
[06-30 21:35:49][DEBUG] jax_fem: CuDSSNewtonSolver: starting Newton loop
[06-30 21:35:49][DEBUG] jax_fem: DeviceProblem: computing Jacobian on device
[06-30 21:35:49][DEBUG] jax_fem: Function split_and_compute_cell took 0.0391 seconds
[06-30 21:35:49][DEBUG] jax_fem: CuDSSNewtonSolver: initial residual = 2.422e+08
[06-30 21:35:49][DEBUG] jax_fem: DeviceProblem: computing Jacobian on device
[06-30 21:35:49][DEBUG] jax_fem: Function split_and_compute_cell took 0.0455 seconds
[06-30 21:35:49][DEBUG] jax_fem: CuDSSNewtonSolver: iter=1  res=1.612e-05  rel=6.654e-14
[06-30 21:35:49][INFO] jax_fem: CuDSSNewtonSolver: solve finished in 0.13s  res=1.612e-05
[06-30 21:35:49][DEBUG] jax_fem: CuDSSNewtonSolver: starting Newton loop
[06-30 21:35:49][DEBUG] jax_fem: DeviceProblem: computing Jacobian on device
[06-30 21:35:49][DEBUG] jax_fem: Function split_and_compute_cell took 0.0401 seconds
[06-30 21:35:49][DEBUG] jax_fem: CuDSSNewtonSolver: initial residual = 2.411e+08
[06-30 21:35:49][DEBUG] jax_fem: DeviceProblem: computing Jacobian on device
[06-30 21:35:49][DEBUG] jax_fem: Function split_and_compute_cell took 0.0281 seconds
[06-30 21:35:49][DEBUG] jax_fem: CuDSSNewtonSolver: iter=1  res=1.154e-05  rel=4.785e-14
[06-30 21:35:49][INFO] jax_fem: CuDSSNewtonSolver: solve finished in 0.11s  res=1.154e-05
[06-30 21:35:51][DEBUG] jax_fem: CuDSSNewtonSolver: starting Newton loop
[06-30 21:35:51][DEBUG] jax_fem: DeviceProblem: computing Jacobian on device
[06-30 21:35:51][DEBUG] jax_fem: Function split_and_compute_cell took 0.0283 seconds
[06-30 21:35:51][DEBUG] jax_fem: CuDSSNewtonSolver: initial residual = 2.420e+08
[06-30 21:35:51][DEBUG] jax_fem: DeviceProblem: computing Jacobian on device
[06-30 21:35:51][DEBUG] jax_fem: Function split_and_compute_cell took 0.0268 seconds
[06-30 21:35:51][DEBUG] jax_fem: CuDSSNewtonSolver: iter=1  res=1.542e-05  rel=6.373e-14
[06-30 21:35:51][INFO] jax_fem: CuDSSNewtonSolver: solve finished in 0.10s  res=1.542e-05
[06-30 21:35:51][DEBUG] jax_fem: CuDSSNewtonSolver: starting Newton loop
[06-30 21:35:51][DEBUG] jax_fem: DeviceProblem: computing Jacobian on device
[06-30 21:35:51][DEBUG] jax_fem: Function split_and_compute_cell took 0.0288 seconds
[06-30 21:35:51][DEBUG] jax_fem: CuDSSNewtonSolver: initial residual = 2.399e+08
[06-30 21:35:51][DEBUG] jax_fem: DeviceProblem: computing Jacobian on device
[06-30 21:35:51][DEBUG] jax_fem: Function split_and_compute_cell took 0.0278 seconds
[06-30 21:35:52][DEBUG] jax_fem: CuDSSNewtonSolver: iter=1  res=1.592e-05  rel=6.637e-14
[06-30 21:35:52][INFO] jax_fem: CuDSSNewtonSolver: solve finished in 0.10s  res=1.592e-05
[06-30 21:35:52][DEBUG] jax_fem: CuDSSNewtonSolver: starting Newton loop
[06-30 21:35:52][DEBUG] jax_fem: DeviceProblem: computing Jacobian on device
[06-30 21:35:52][DEBUG] jax_fem: Function split_and_compute_cell took 0.0277 seconds
[06-30 21:35:52][DEBUG] jax_fem: CuDSSNewtonSolver: initial residual = 2.393e+08
[06-30 21:35:52][DEBUG] jax_fem: DeviceProblem: computing Jacobian on device
[06-30 21:35:52][DEBUG] jax_fem: Function split_and_compute_cell took 0.0393 seconds
[06-30 21:35:52][DEBUG] jax_fem: CuDSSNewtonSolver: iter=1  res=1.687e-05  rel=7.047e-14
[06-30 21:35:52][INFO] jax_fem: CuDSSNewtonSolver: solve finished in 0.11s  res=1.687e-05
[06-30 21:35:53][DEBUG] jax_fem: CuDSSNewtonSolver: starting Newton loop
[06-30 21:35:53][DEBUG] jax_fem: DeviceProblem: computing Jacobian on device
[06-30 21:35:53][DEBUG] jax_fem: Function split_and_compute_cell took 0.0275 seconds
[06-30 21:35:53][DEBUG] jax_fem: CuDSSNewtonSolver: initial residual = 2.422e+08
[06-30 21:35:53][DEBUG] jax_fem: DeviceProblem: computing Jacobian on device
[06-30 21:35:53][DEBUG] jax_fem: Function split_and_compute_cell took 0.0273 seconds
[06-30 21:35:53][DEBUG] jax_fem: CuDSSNewtonSolver: iter=1  res=1.531e-05  rel=6.320e-14
[06-30 21:35:53][INFO] jax_fem: CuDSSNewtonSolver: solve finished in 0.10s  res=1.531e-05
[06-30 21:35:53][DEBUG] jax_fem: CuDSSNewtonSolver: starting Newton loop
[06-30 21:35:53][DEBUG] jax_fem: DeviceProblem: computing Jacobian on device
[06-30 21:35:53][DEBUG] jax_fem: Function split_and_compute_cell took 0.0273 seconds
[06-30 21:35:53][DEBUG] jax_fem: CuDSSNewtonSolver: initial residual = 2.411e+08
[06-30 21:35:53][DEBUG] jax_fem: DeviceProblem: computing Jacobian on device
[06-30 21:35:53][DEBUG] jax_fem: Function split_and_compute_cell took 0.0280 seconds
[06-30 21:35:53][DEBUG] jax_fem: CuDSSNewtonSolver: iter=1  res=1.154e-05  rel=4.787e-14
[06-30 21:35:53][INFO] jax_fem: CuDSSNewtonSolver: solve finished in 0.10s  res=1.154e-05
[06-30 21:35:54][INFO] jax_fem: CuDSS backward: solving adjoint problem …
[06-30 21:35:54][DEBUG] jax_fem: DeviceProblem: computing Jacobian on device
[06-30 21:35:54][DEBUG] jax_fem: Function split_and_compute_cell took 0.0402 seconds
[06-30 21:35:54][DEBUG] jax_fem: Computing cell residual...
[06-30 21:35:54][DEBUG] jax_fem: Function split_and_compute_cell took 0.0682 seconds
[06-30 21:35:54][INFO] jax_fem: CuDSS backward: solving adjoint problem …
[06-30 21:35:54][DEBUG] jax_fem: DeviceProblem: computing Jacobian on device
[06-30 21:35:54][DEBUG] jax_fem: Function split_and_compute_cell took 0.0327 seconds
[06-30 21:35:54][DEBUG] jax_fem: Computing cell residual...
[06-30 21:35:54][DEBUG] jax_fem: Function split_and_compute_cell took 0.0662 seconds
[06-30 21:35:55][INFO] jax_fem: CuDSS backward: solving adjoint problem …
[06-30 21:35:55][DEBUG] jax_fem: DeviceProblem: computing Jacobian on device
[06-30 21:35:55][DEBUG] jax_fem: Function split_and_compute_cell took 0.0410 seconds
[06-30 21:35:55][DEBUG] jax_fem: Computing cell residual...
[06-30 21:35:55][DEBUG] jax_fem: Function split_and_compute_cell took 0.0630 seconds
[06-30 21:35:55][INFO] jax_fem: CuDSS backward: solving adjoint problem …
[06-30 21:35:55][DEBUG] jax_fem: DeviceProblem: computing Jacobian on device
[06-30 21:35:55][DEBUG] jax_fem: Function split_and_compute_cell took 0.0308 seconds
[06-30 21:35:55][DEBUG] jax_fem: Computing cell residual...
[06-30 21:35:55][DEBUG] jax_fem: Function split_and_compute_cell took 0.0664 seconds
[06-30 21:35:55][INFO] jax_fem: CuDSS backward: solving adjoint problem …
[06-30 21:35:55][DEBUG] jax_fem: DeviceProblem: computing Jacobian on device
[06-30 21:35:55][DEBUG] jax_fem: Function split_and_compute_cell took 0.0265 seconds
[06-30 21:35:55][DEBUG] jax_fem: Computing cell residual...
[06-30 21:35:55][DEBUG] jax_fem: Function split_and_compute_cell took 0.0623 seconds
[06-30 21:35:57][DEBUG] jax_fem: CuDSSNewtonSolver: starting Newton loop
[06-30 21:35:57][DEBUG] jax_fem: DeviceProblem: computing Jacobian on device
[06-30 21:35:57][DEBUG] jax_fem: Function split_and_compute_cell took 0.0374 seconds
[06-30 21:35:57][DEBUG] jax_fem: CuDSSNewtonSolver: initial residual = 2.426e+08
[06-30 21:35:57][DEBUG] jax_fem: DeviceProblem: computing Jacobian on device
[06-30 21:35:57][DEBUG] jax_fem: Function split_and_compute_cell took 0.0259 seconds
[06-30 21:35:57][DEBUG] jax_fem: CuDSSNewtonSolver: iter=1  res=1.615e-05  rel=6.658e-14
[06-30 21:35:57][INFO] jax_fem: CuDSSNewtonSolver: solve finished in 0.11s  res=1.615e-05
[06-30 21:35:57][DEBUG] jax_fem: CuDSSNewtonSolver: starting Newton loop
[06-30 21:35:57][DEBUG] jax_fem: DeviceProblem: computing Jacobian on device
[06-30 21:35:57][DEBUG] jax_fem: Function split_and_compute_cell took 0.0250 seconds
[06-30 21:35:57][DEBUG] jax_fem: CuDSSNewtonSolver: initial residual = 2.405e+08
[06-30 21:35:57][DEBUG] jax_fem: DeviceProblem: computing Jacobian on device
[06-30 21:35:57][DEBUG] jax_fem: Function split_and_compute_cell took 0.0414 seconds
[06-30 21:35:57][DEBUG] jax_fem: CuDSSNewtonSolver: iter=1  res=1.574e-05  rel=6.542e-14
[06-30 21:35:57][INFO] jax_fem: CuDSSNewtonSolver: solve finished in 0.11s  res=1.574e-05
[06-30 21:35:58][DEBUG] jax_fem: CuDSSNewtonSolver: starting Newton loop
[06-30 21:35:58][DEBUG] jax_fem: DeviceProblem: computing Jacobian on device
[06-30 21:35:58][DEBUG] jax_fem: Function split_and_compute_cell took 0.0289 seconds
[06-30 21:35:58][DEBUG] jax_fem: CuDSSNewtonSolver: initial residual = 2.399e+08
[06-30 21:35:58][DEBUG] jax_fem: DeviceProblem: computing Jacobian on device
[06-30 21:35:58][DEBUG] jax_fem: Function split_and_compute_cell took 0.0357 seconds
[06-30 21:35:58][DEBUG] jax_fem: CuDSSNewtonSolver: iter=1  res=1.746e-05  rel=7.276e-14
[06-30 21:35:58][INFO] jax_fem: CuDSSNewtonSolver: solve finished in 0.11s  res=1.746e-05
[06-30 21:35:58][DEBUG] jax_fem: CuDSSNewtonSolver: starting Newton loop
[06-30 21:35:58][DEBUG] jax_fem: DeviceProblem: computing Jacobian on device
[06-30 21:35:58][DEBUG] jax_fem: Function split_and_compute_cell took 0.0309 seconds
[06-30 21:35:58][DEBUG] jax_fem: CuDSSNewtonSolver: initial residual = 2.427e+08
[06-30 21:35:58][DEBUG] jax_fem: DeviceProblem: computing Jacobian on device
[06-30 21:35:58][DEBUG] jax_fem: Function split_and_compute_cell took 0.0325 seconds
[06-30 21:35:58][DEBUG] jax_fem: CuDSSNewtonSolver: iter=1  res=1.647e-05  rel=6.784e-14
[06-30 21:35:58][INFO] jax_fem: CuDSSNewtonSolver: solve finished in 0.11s  res=1.647e-05
[06-30 21:35:58][DEBUG] jax_fem: CuDSSNewtonSolver: starting Newton loop
[06-30 21:35:58][DEBUG] jax_fem: DeviceProblem: computing Jacobian on device
[06-30 21:35:59][DEBUG] jax_fem: Function split_and_compute_cell took 0.0313 seconds
[06-30 21:35:59][DEBUG] jax_fem: CuDSSNewtonSolver: initial residual = 2.414e+08
[06-30 21:35:59][DEBUG] jax_fem: DeviceProblem: computing Jacobian on device
[06-30 21:35:59][DEBUG] jax_fem: Function split_and_compute_cell took 0.0293 seconds
[06-30 21:35:59][DEBUG] jax_fem: CuDSSNewtonSolver: iter=1  res=1.158e-05  rel=4.798e-14
[06-30 21:35:59][INFO] jax_fem: CuDSSNewtonSolver: solve finished in 0.11s  res=1.158e-05
[06-30 21:36:00][DEBUG] jax_fem: CuDSSNewtonSolver: starting Newton loop
[06-30 21:36:00][DEBUG] jax_fem: DeviceProblem: computing Jacobian on device
[06-30 21:36:00][DEBUG] jax_fem: Function split_and_compute_cell took 0.0279 seconds
[06-30 21:36:00][DEBUG] jax_fem: CuDSSNewtonSolver: initial residual = 2.426e+08
[06-30 21:36:00][DEBUG] jax_fem: DeviceProblem: computing Jacobian on device
[06-30 21:36:00][DEBUG] jax_fem: Function split_and_compute_cell took 0.0272 seconds
[06-30 21:36:00][DEBUG] jax_fem: CuDSSNewtonSolver: iter=1  res=1.642e-05  rel=6.770e-14
[06-30 21:36:00][INFO] jax_fem: CuDSSNewtonSolver: solve finished in 0.10s  res=1.642e-05
[06-30 21:36:01][DEBUG] jax_fem: CuDSSNewtonSolver: starting Newton loop
[06-30 21:36:01][DEBUG] jax_fem: DeviceProblem: computing Jacobian on device
[06-30 21:36:01][DEBUG] jax_fem: Function split_and_compute_cell took 0.0267 seconds
[06-30 21:36:01][DEBUG] jax_fem: CuDSSNewtonSolver: initial residual = 2.405e+08
[06-30 21:36:01][DEBUG] jax_fem: DeviceProblem: computing Jacobian on device
[06-30 21:36:01][DEBUG] jax_fem: Function split_and_compute_cell took 0.0260 seconds
[06-30 21:36:01][DEBUG] jax_fem: CuDSSNewtonSolver: iter=1  res=1.643e-05  rel=6.832e-14
[06-30 21:36:01][INFO] jax_fem: CuDSSNewtonSolver: solve finished in 0.09s  res=1.643e-05
[06-30 21:36:01][DEBUG] jax_fem: CuDSSNewtonSolver: starting Newton loop
[06-30 21:36:01][DEBUG] jax_fem: DeviceProblem: computing Jacobian on device
[06-30 21:36:02][DEBUG] jax_fem: Function split_and_compute_cell took 0.0293 seconds
[06-30 21:36:02][DEBUG] jax_fem: CuDSSNewtonSolver: initial residual = 2.399e+08
[06-30 21:36:02][DEBUG] jax_fem: DeviceProblem: computing Jacobian on device
[06-30 21:36:02][DEBUG] jax_fem: Function split_and_compute_cell took 0.0273 seconds
[06-30 21:36:02][DEBUG] jax_fem: CuDSSNewtonSolver: iter=1  res=1.740e-05  rel=7.250e-14
[06-30 21:36:02][INFO] jax_fem: CuDSSNewtonSolver: solve finished in 0.10s  res=1.740e-05
[06-30 21:36:02][DEBUG] jax_fem: CuDSSNewtonSolver: starting Newton loop
[06-30 21:36:02][DEBUG] jax_fem: DeviceProblem: computing Jacobian on device
[06-30 21:36:02][DEBUG] jax_fem: Function split_and_compute_cell took 0.0278 seconds
[06-30 21:36:02][DEBUG] jax_fem: CuDSSNewtonSolver: initial residual = 2.427e+08
[06-30 21:36:02][DEBUG] jax_fem: DeviceProblem: computing Jacobian on device
[06-30 21:36:02][DEBUG] jax_fem: Function split_and_compute_cell took 0.0272 seconds
[06-30 21:36:02][DEBUG] jax_fem: CuDSSNewtonSolver: iter=1  res=1.753e-05  rel=7.221e-14
[06-30 21:36:02][INFO] jax_fem: CuDSSNewtonSolver: solve finished in 0.10s  res=1.753e-05
[06-30 21:36:03][DEBUG] jax_fem: CuDSSNewtonSolver: starting Newton loop
[06-30 21:36:03][DEBUG] jax_fem: DeviceProblem: computing Jacobian on device
[06-30 21:36:03][DEBUG] jax_fem: Function split_and_compute_cell took 0.0276 seconds
[06-30 21:36:03][DEBUG] jax_fem: CuDSSNewtonSolver: initial residual = 2.414e+08
[06-30 21:36:03][DEBUG] jax_fem: DeviceProblem: computing Jacobian on device
[06-30 21:36:03][DEBUG] jax_fem: Function split_and_compute_cell took 0.0273 seconds
[06-30 21:36:03][DEBUG] jax_fem: CuDSSNewtonSolver: iter=1  res=1.162e-05  rel=4.815e-14
[06-30 21:36:03][INFO] jax_fem: CuDSSNewtonSolver: solve finished in 0.10s  res=1.162e-05
[06-30 21:36:03][INFO] jax_fem: CuDSS backward: solving adjoint problem …
[06-30 21:36:03][DEBUG] jax_fem: DeviceProblem: computing Jacobian on device
[06-30 21:36:03][DEBUG] jax_fem: Function split_and_compute_cell took 0.0258 seconds
[06-30 21:36:03][DEBUG] jax_fem: Computing cell residual...
[06-30 21:36:03][DEBUG] jax_fem: Function split_and_compute_cell took 0.0596 seconds
[06-30 21:36:03][INFO] jax_fem: CuDSS backward: solving adjoint problem …
[06-30 21:36:03][DEBUG] jax_fem: DeviceProblem: computing Jacobian on device
[06-30 21:36:03][DEBUG] jax_fem: Function split_and_compute_cell took 0.0268 seconds
[06-30 21:36:03][DEBUG] jax_fem: Computing cell residual...
[06-30 21:36:03][DEBUG] jax_fem: Function split_and_compute_cell took 0.0660 seconds
[06-30 21:36:04][INFO] jax_fem: CuDSS backward: solving adjoint problem …
[06-30 21:36:04][DEBUG] jax_fem: DeviceProblem: computing Jacobian on device
[06-30 21:36:04][DEBUG] jax_fem: Function split_and_compute_cell took 0.0281 seconds
[06-30 21:36:04][DEBUG] jax_fem: Computing cell residual...
[06-30 21:36:04][DEBUG] jax_fem: Function split_and_compute_cell took 0.0639 seconds
[06-30 21:36:04][INFO] jax_fem: CuDSS backward: solving adjoint problem …
[06-30 21:36:04][DEBUG] jax_fem: DeviceProblem: computing Jacobian on device
[06-30 21:36:04][DEBUG] jax_fem: Function split_and_compute_cell took 0.0416 seconds
[06-30 21:36:04][DEBUG] jax_fem: Computing cell residual...
[06-30 21:36:04][DEBUG] jax_fem: Function split_and_compute_cell took 0.0614 seconds
[06-30 21:36:04][INFO] jax_fem: CuDSS backward: solving adjoint problem …
[06-30 21:36:04][DEBUG] jax_fem: DeviceProblem: computing Jacobian on device
[06-30 21:36:04][DEBUG] jax_fem: Function split_and_compute_cell took 0.0260 seconds
[06-30 21:36:05][DEBUG] jax_fem: Computing cell residual...
[06-30 21:36:05][DEBUG] jax_fem: Function split_and_compute_cell took 0.0630 seconds
[06-30 21:36:06][DEBUG] jax_fem: CuDSSNewtonSolver: starting Newton loop
[06-30 21:36:06][DEBUG] jax_fem: DeviceProblem: computing Jacobian on device
[06-30 21:36:06][DEBUG] jax_fem: Function split_and_compute_cell took 0.0404 seconds
[06-30 21:36:06][DEBUG] jax_fem: CuDSSNewtonSolver: initial residual = 2.427e+08
[06-30 21:36:06][DEBUG] jax_fem: DeviceProblem: computing Jacobian on device
[06-30 21:36:06][DEBUG] jax_fem: Function split_and_compute_cell took 0.0309 seconds
[06-30 21:36:06][DEBUG] jax_fem: CuDSSNewtonSolver: iter=1  res=1.638e-05  rel=6.751e-14
[06-30 21:36:06][INFO] jax_fem: CuDSSNewtonSolver: solve finished in 0.12s  res=1.638e-05
[06-30 21:36:06][DEBUG] jax_fem: CuDSSNewtonSolver: starting Newton loop
[06-30 21:36:06][DEBUG] jax_fem: DeviceProblem: computing Jacobian on device
[06-30 21:36:06][DEBUG] jax_fem: Function split_and_compute_cell took 0.0406 seconds
[06-30 21:36:06][DEBUG] jax_fem: CuDSSNewtonSolver: initial residual = 2.407e+08
[06-30 21:36:06][DEBUG] jax_fem: DeviceProblem: computing Jacobian on device
[06-30 21:36:07][DEBUG] jax_fem: Function split_and_compute_cell took 0.0247 seconds
[06-30 21:36:07][DEBUG] jax_fem: CuDSSNewtonSolver: iter=1  res=1.614e-05  rel=6.706e-14
[06-30 21:36:07][INFO] jax_fem: CuDSSNewtonSolver: solve finished in 0.11s  res=1.614e-05
[06-30 21:36:07][DEBUG] jax_fem: CuDSSNewtonSolver: starting Newton loop
[06-30 21:36:07][DEBUG] jax_fem: DeviceProblem: computing Jacobian on device
[06-30 21:36:07][DEBUG] jax_fem: Function split_and_compute_cell took 0.0257 seconds
[06-30 21:36:07][DEBUG] jax_fem: CuDSSNewtonSolver: initial residual = 2.400e+08
[06-30 21:36:07][DEBUG] jax_fem: DeviceProblem: computing Jacobian on device
[06-30 21:36:07][DEBUG] jax_fem: Function split_and_compute_cell took 0.0391 seconds
[06-30 21:36:07][DEBUG] jax_fem: CuDSSNewtonSolver: iter=1  res=1.718e-05  rel=7.158e-14
[06-30 21:36:07][INFO] jax_fem: CuDSSNewtonSolver: solve finished in 0.11s  res=1.718e-05
[06-30 21:36:07][DEBUG] jax_fem: CuDSSNewtonSolver: starting Newton loop
[06-30 21:36:07][DEBUG] jax_fem: DeviceProblem: computing Jacobian on device
[06-30 21:36:07][DEBUG] jax_fem: Function split_and_compute_cell took 0.0306 seconds
[06-30 21:36:07][DEBUG] jax_fem: CuDSSNewtonSolver: initial residual = 2.428e+08
[06-30 21:36:07][DEBUG] jax_fem: DeviceProblem: computing Jacobian on device
[06-30 21:36:07][DEBUG] jax_fem: Function split_and_compute_cell took 0.0383 seconds
[06-30 21:36:07][DEBUG] jax_fem: CuDSSNewtonSolver: iter=1  res=1.650e-05  rel=6.796e-14
[06-30 21:36:07][INFO] jax_fem: CuDSSNewtonSolver: solve finished in 0.12s  res=1.650e-05
[06-30 21:36:08][DEBUG] jax_fem: CuDSSNewtonSolver: starting Newton loop
[06-30 21:36:08][DEBUG] jax_fem: DeviceProblem: computing Jacobian on device
[06-30 21:36:08][DEBUG] jax_fem: Function split_and_compute_cell took 0.0273 seconds
[06-30 21:36:08][DEBUG] jax_fem: CuDSSNewtonSolver: initial residual = 2.414e+08
[06-30 21:36:08][DEBUG] jax_fem: DeviceProblem: computing Jacobian on device
[06-30 21:36:08][DEBUG] jax_fem: Function split_and_compute_cell took 0.0345 seconds
[06-30 21:36:08][DEBUG] jax_fem: CuDSSNewtonSolver: iter=1  res=1.166e-05  rel=4.828e-14
[06-30 21:36:08][INFO] jax_fem: CuDSSNewtonSolver: solve finished in 0.11s  res=1.166e-05
[06-30 21:36:10][DEBUG] jax_fem: CuDSSNewtonSolver: starting Newton loop
[06-30 21:36:10][DEBUG] jax_fem: DeviceProblem: computing Jacobian on device
[06-30 21:36:10][DEBUG] jax_fem: Function split_and_compute_cell took 0.0267 seconds
[06-30 21:36:10][DEBUG] jax_fem: CuDSSNewtonSolver: initial residual = 2.427e+08
[06-30 21:36:10][DEBUG] jax_fem: DeviceProblem: computing Jacobian on device
[06-30 21:36:10][DEBUG] jax_fem: Function split_and_compute_cell took 0.0268 seconds
[06-30 21:36:10][DEBUG] jax_fem: CuDSSNewtonSolver: iter=1  res=1.535e-05  rel=6.325e-14
[06-30 21:36:10][INFO] jax_fem: CuDSSNewtonSolver: solve finished in 0.09s  res=1.535e-05
[06-30 21:36:10][DEBUG] jax_fem: CuDSSNewtonSolver: starting Newton loop
[06-30 21:36:10][DEBUG] jax_fem: DeviceProblem: computing Jacobian on device
[06-30 21:36:10][DEBUG] jax_fem: Function split_and_compute_cell took 0.0432 seconds
[06-30 21:36:10][DEBUG] jax_fem: CuDSSNewtonSolver: initial residual = 2.407e+08
[06-30 21:36:10][DEBUG] jax_fem: DeviceProblem: computing Jacobian on device
[06-30 21:36:10][DEBUG] jax_fem: Function split_and_compute_cell took 0.0262 seconds
[06-30 21:36:10][DEBUG] jax_fem: CuDSSNewtonSolver: iter=1  res=1.671e-05  rel=6.945e-14
[06-30 21:36:10][INFO] jax_fem: CuDSSNewtonSolver: solve finished in 0.11s  res=1.671e-05
[06-30 21:36:11][DEBUG] jax_fem: CuDSSNewtonSolver: starting Newton loop
[06-30 21:36:11][DEBUG] jax_fem: DeviceProblem: computing Jacobian on device
[06-30 21:36:11][DEBUG] jax_fem: Function split_and_compute_cell took 0.0270 seconds
[06-30 21:36:11][DEBUG] jax_fem: CuDSSNewtonSolver: initial residual = 2.400e+08
[06-30 21:36:11][DEBUG] jax_fem: DeviceProblem: computing Jacobian on device
[06-30 21:36:11][DEBUG] jax_fem: Function split_and_compute_cell took 0.0277 seconds
[06-30 21:36:11][DEBUG] jax_fem: CuDSSNewtonSolver: iter=1  res=1.720e-05  rel=7.164e-14
[06-30 21:36:11][INFO] jax_fem: CuDSSNewtonSolver: solve finished in 0.10s  res=1.720e-05
[06-30 21:36:11][DEBUG] jax_fem: CuDSSNewtonSolver: starting Newton loop
[06-30 21:36:11][DEBUG] jax_fem: DeviceProblem: computing Jacobian on device
[06-30 21:36:11][DEBUG] jax_fem: Function split_and_compute_cell took 0.0264 seconds
[06-30 21:36:11][DEBUG] jax_fem: CuDSSNewtonSolver: initial residual = 2.428e+08
[06-30 21:36:11][DEBUG] jax_fem: DeviceProblem: computing Jacobian on device
[06-30 21:36:12][DEBUG] jax_fem: Function split_and_compute_cell took 0.0275 seconds
[06-30 21:36:12][DEBUG] jax_fem: CuDSSNewtonSolver: iter=1  res=1.642e-05  rel=6.762e-14
[06-30 21:36:12][INFO] jax_fem: CuDSSNewtonSolver: solve finished in 0.09s  res=1.642e-05
[06-30 21:36:12][DEBUG] jax_fem: CuDSSNewtonSolver: starting Newton loop
[06-30 21:36:12][DEBUG] jax_fem: DeviceProblem: computing Jacobian on device
[06-30 21:36:12][DEBUG] jax_fem: Function split_and_compute_cell took 0.0261 seconds
[06-30 21:36:12][DEBUG] jax_fem: CuDSSNewtonSolver: initial residual = 2.414e+08
[06-30 21:36:12][DEBUG] jax_fem: DeviceProblem: computing Jacobian on device
[06-30 21:36:12][DEBUG] jax_fem: Function split_and_compute_cell took 0.0270 seconds
[06-30 21:36:12][DEBUG] jax_fem: CuDSSNewtonSolver: iter=1  res=1.199e-05  rel=4.968e-14
[06-30 21:36:12][INFO] jax_fem: CuDSSNewtonSolver: solve finished in 0.09s  res=1.199e-05
[06-30 21:36:12][INFO] jax_fem: CuDSS backward: solving adjoint problem …
[06-30 21:36:12][DEBUG] jax_fem: DeviceProblem: computing Jacobian on device
[06-30 21:36:12][DEBUG] jax_fem: Function split_and_compute_cell took 0.0411 seconds
[06-30 21:36:12][DEBUG] jax_fem: Computing cell residual...
[06-30 21:36:12][DEBUG] jax_fem: Function split_and_compute_cell took 0.0654 seconds
[06-30 21:36:13][INFO] jax_fem: CuDSS backward: solving adjoint problem …
[06-30 21:36:13][DEBUG] jax_fem: DeviceProblem: computing Jacobian on device
[06-30 21:36:13][DEBUG] jax_fem: Function split_and_compute_cell took 0.0512 seconds
[06-30 21:36:13][DEBUG] jax_fem: Computing cell residual...
[06-30 21:36:13][DEBUG] jax_fem: Function split_and_compute_cell took 0.0643 seconds
[06-30 21:36:13][INFO] jax_fem: CuDSS backward: solving adjoint problem …
[06-30 21:36:13][DEBUG] jax_fem: DeviceProblem: computing Jacobian on device
[06-30 21:36:13][DEBUG] jax_fem: Function split_and_compute_cell took 0.0385 seconds
[06-30 21:36:13][DEBUG] jax_fem: Computing cell residual...
[06-30 21:36:13][DEBUG] jax_fem: Function split_and_compute_cell took 0.0625 seconds
[06-30 21:36:13][INFO] jax_fem: CuDSS backward: solving adjoint problem …
[06-30 21:36:13][DEBUG] jax_fem: DeviceProblem: computing Jacobian on device
[06-30 21:36:14][DEBUG] jax_fem: Function split_and_compute_cell took 0.0323 seconds
[06-30 21:36:14][DEBUG] jax_fem: Computing cell residual...
[06-30 21:36:14][DEBUG] jax_fem: Function split_and_compute_cell took 0.0771 seconds
[06-30 21:36:14][INFO] jax_fem: CuDSS backward: solving adjoint problem …
[06-30 21:36:14][DEBUG] jax_fem: DeviceProblem: computing Jacobian on device
[06-30 21:36:14][DEBUG] jax_fem: Function split_and_compute_cell took 0.0323 seconds
[06-30 21:36:14][DEBUG] jax_fem: Computing cell residual...
[06-30 21:36:14][DEBUG] jax_fem: Function split_and_compute_cell took 0.0659 seconds
[06-30 21:36:16][DEBUG] jax_fem: CuDSSNewtonSolver: starting Newton loop
[06-30 21:36:16][DEBUG] jax_fem: DeviceProblem: computing Jacobian on device
[06-30 21:36:16][DEBUG] jax_fem: Function split_and_compute_cell took 0.0335 seconds
[06-30 21:36:16][DEBUG] jax_fem: CuDSSNewtonSolver: initial residual = 2.427e+08
[06-30 21:36:16][DEBUG] jax_fem: DeviceProblem: computing Jacobian on device
[06-30 21:36:16][DEBUG] jax_fem: Function split_and_compute_cell took 0.0334 seconds
[06-30 21:36:16][DEBUG] jax_fem: CuDSSNewtonSolver: iter=1  res=1.614e-05  rel=6.651e-14
[06-30 21:36:16][INFO] jax_fem: CuDSSNewtonSolver: solve finished in 0.11s  res=1.614e-05
[06-30 21:36:16][DEBUG] jax_fem: CuDSSNewtonSolver: starting Newton loop
[06-30 21:36:16][DEBUG] jax_fem: DeviceProblem: computing Jacobian on device
[06-30 21:36:16][DEBUG] jax_fem: Function split_and_compute_cell took 0.0372 seconds
[06-30 21:36:16][DEBUG] jax_fem: CuDSSNewtonSolver: initial residual = 2.407e+08
[06-30 21:36:16][DEBUG] jax_fem: DeviceProblem: computing Jacobian on device
[06-30 21:36:16][DEBUG] jax_fem: Function split_and_compute_cell took 0.0277 seconds
[06-30 21:36:16][DEBUG] jax_fem: CuDSSNewtonSolver: iter=1  res=1.638e-05  rel=6.804e-14
[06-30 21:36:16][INFO] jax_fem: CuDSSNewtonSolver: solve finished in 0.11s  res=1.638e-05
[06-30 21:36:16][DEBUG] jax_fem: CuDSSNewtonSolver: starting Newton loop
[06-30 21:36:16][DEBUG] jax_fem: DeviceProblem: computing Jacobian on device
[06-30 21:36:16][DEBUG] jax_fem: Function split_and_compute_cell took 0.0249 seconds
[06-30 21:36:16][DEBUG] jax_fem: CuDSSNewtonSolver: initial residual = 2.401e+08
[06-30 21:36:16][DEBUG] jax_fem: DeviceProblem: computing Jacobian on device
[06-30 21:36:16][DEBUG] jax_fem: Function split_and_compute_cell took 0.0296 seconds
[06-30 21:36:16][DEBUG] jax_fem: CuDSSNewtonSolver: iter=1  res=1.790e-05  rel=7.454e-14
[06-30 21:36:16][INFO] jax_fem: CuDSSNewtonSolver: solve finished in 0.10s  res=1.790e-05
[06-30 21:36:17][DEBUG] jax_fem: CuDSSNewtonSolver: starting Newton loop
[06-30 21:36:17][DEBUG] jax_fem: DeviceProblem: computing Jacobian on device
[06-30 21:36:17][DEBUG] jax_fem: Function split_and_compute_cell took 0.0356 seconds
[06-30 21:36:17][DEBUG] jax_fem: CuDSSNewtonSolver: initial residual = 2.429e+08
[06-30 21:36:17][DEBUG] jax_fem: DeviceProblem: computing Jacobian on device
[06-30 21:36:17][DEBUG] jax_fem: Function split_and_compute_cell took 0.0349 seconds
[06-30 21:36:17][DEBUG] jax_fem: CuDSSNewtonSolver: iter=1  res=1.652e-05  rel=6.804e-14
[06-30 21:36:17][INFO] jax_fem: CuDSSNewtonSolver: solve finished in 0.11s  res=1.652e-05
[06-30 21:36:17][DEBUG] jax_fem: CuDSSNewtonSolver: starting Newton loop
[06-30 21:36:17][DEBUG] jax_fem: DeviceProblem: computing Jacobian on device
[06-30 21:36:17][DEBUG] jax_fem: Function split_and_compute_cell took 0.0362 seconds
[06-30 21:36:17][DEBUG] jax_fem: CuDSSNewtonSolver: initial residual = 2.414e+08
[06-30 21:36:17][DEBUG] jax_fem: DeviceProblem: computing Jacobian on device
[06-30 21:36:17][DEBUG] jax_fem: Function split_and_compute_cell took 0.0448 seconds
[06-30 21:36:17][DEBUG] jax_fem: CuDSSNewtonSolver: iter=1  res=1.168e-05  rel=4.836e-14
[06-30 21:36:17][INFO] jax_fem: CuDSSNewtonSolver: solve finished in 0.13s  res=1.168e-05
[06-30 21:36:19][DEBUG] jax_fem: CuDSSNewtonSolver: starting Newton loop
[06-30 21:36:19][DEBUG] jax_fem: DeviceProblem: computing Jacobian on device
[06-30 21:36:19][DEBUG] jax_fem: Function split_and_compute_cell took 0.0277 seconds
[06-30 21:36:19][DEBUG] jax_fem: CuDSSNewtonSolver: initial residual = 2.427e+08
[06-30 21:36:19][DEBUG] jax_fem: DeviceProblem: computing Jacobian on device
[06-30 21:36:19][DEBUG] jax_fem: Function split_and_compute_cell took 0.0281 seconds
[06-30 21:36:19][DEBUG] jax_fem: CuDSSNewtonSolver: iter=1  res=1.601e-05  rel=6.595e-14
[06-30 21:36:19][INFO] jax_fem: CuDSSNewtonSolver: solve finished in 0.10s  res=1.601e-05
[06-30 21:36:19][DEBUG] jax_fem: CuDSSNewtonSolver: starting Newton loop
[06-30 21:36:19][DEBUG] jax_fem: DeviceProblem: computing Jacobian on device
[06-30 21:36:20][DEBUG] jax_fem: Function split_and_compute_cell took 0.0264 seconds
[06-30 21:36:20][DEBUG] jax_fem: CuDSSNewtonSolver: initial residual = 2.407e+08
[06-30 21:36:20][DEBUG] jax_fem: DeviceProblem: computing Jacobian on device
[06-30 21:36:20][DEBUG] jax_fem: Function split_and_compute_cell took 0.0261 seconds
[06-30 21:36:20][DEBUG] jax_fem: CuDSSNewtonSolver: iter=1  res=1.693e-05  rel=7.033e-14
[06-30 21:36:20][INFO] jax_fem: CuDSSNewtonSolver: solve finished in 0.09s  res=1.693e-05
[06-30 21:36:20][DEBUG] jax_fem: CuDSSNewtonSolver: starting Newton loop
[06-30 21:36:20][DEBUG] jax_fem: DeviceProblem: computing Jacobian on device
[06-30 21:36:20][DEBUG] jax_fem: Function split_and_compute_cell took 0.0281 seconds
[06-30 21:36:20][DEBUG] jax_fem: CuDSSNewtonSolver: initial residual = 2.401e+08
[06-30 21:36:20][DEBUG] jax_fem: DeviceProblem: computing Jacobian on device
[06-30 21:36:20][DEBUG] jax_fem: Function split_and_compute_cell took 0.0272 seconds
[06-30 21:36:20][DEBUG] jax_fem: CuDSSNewtonSolver: iter=1  res=1.820e-05  rel=7.580e-14
[06-30 21:36:20][INFO] jax_fem: CuDSSNewtonSolver: solve finished in 0.10s  res=1.820e-05
[06-30 21:36:21][DEBUG] jax_fem: CuDSSNewtonSolver: starting Newton loop
[06-30 21:36:21][DEBUG] jax_fem: DeviceProblem: computing Jacobian on device
[06-30 21:36:21][DEBUG] jax_fem: Function split_and_compute_cell took 0.0265 seconds
[06-30 21:36:21][DEBUG] jax_fem: CuDSSNewtonSolver: initial residual = 2.429e+08
[06-30 21:36:21][DEBUG] jax_fem: DeviceProblem: computing Jacobian on device
[06-30 21:36:21][DEBUG] jax_fem: Function split_and_compute_cell took 0.0266 seconds
[06-30 21:36:21][DEBUG] jax_fem: CuDSSNewtonSolver: iter=1  res=1.674e-05  rel=6.892e-14
[06-30 21:36:21][INFO] jax_fem: CuDSSNewtonSolver: solve finished in 0.09s  res=1.674e-05
[06-30 21:36:22][DEBUG] jax_fem: CuDSSNewtonSolver: starting Newton loop
[06-30 21:36:22][DEBUG] jax_fem: DeviceProblem: computing Jacobian on device
[06-30 21:36:22][DEBUG] jax_fem: Function split_and_compute_cell took 0.0248 seconds
[06-30 21:36:22][DEBUG] jax_fem: CuDSSNewtonSolver: initial residual = 2.414e+08
[06-30 21:36:22][DEBUG] jax_fem: DeviceProblem: computing Jacobian on device
[06-30 21:36:22][DEBUG] jax_fem: Function split_and_compute_cell took 0.0274 seconds
[06-30 21:36:22][DEBUG] jax_fem: CuDSSNewtonSolver: iter=1  res=1.228e-05  rel=5.087e-14
[06-30 21:36:22][INFO] jax_fem: CuDSSNewtonSolver: solve finished in 0.09s  res=1.228e-05
[06-30 21:36:22][INFO] jax_fem: CuDSS backward: solving adjoint problem …
[06-30 21:36:22][DEBUG] jax_fem: DeviceProblem: computing Jacobian on device
[06-30 21:36:22][DEBUG] jax_fem: Function split_and_compute_cell took 0.0280 seconds
[06-30 21:36:22][DEBUG] jax_fem: Computing cell residual...
[06-30 21:36:22][DEBUG] jax_fem: Function split_and_compute_cell took 0.0608 seconds
[06-30 21:36:22][INFO] jax_fem: CuDSS backward: solving adjoint problem …
[06-30 21:36:22][DEBUG] jax_fem: DeviceProblem: computing Jacobian on device
[06-30 21:36:22][DEBUG] jax_fem: Function split_and_compute_cell took 0.0364 seconds
[06-30 21:36:22][DEBUG] jax_fem: Computing cell residual...
[06-30 21:36:22][DEBUG] jax_fem: Function split_and_compute_cell took 0.0611 seconds
[06-30 21:36:23][INFO] jax_fem: CuDSS backward: solving adjoint problem …
[06-30 21:36:23][DEBUG] jax_fem: DeviceProblem: computing Jacobian on device
[06-30 21:36:23][DEBUG] jax_fem: Function split_and_compute_cell took 0.0432 seconds
[06-30 21:36:23][DEBUG] jax_fem: Computing cell residual...
[06-30 21:36:23][DEBUG] jax_fem: Function split_and_compute_cell took 0.0640 seconds
[06-30 21:36:23][INFO] jax_fem: CuDSS backward: solving adjoint problem …
[06-30 21:36:23][DEBUG] jax_fem: DeviceProblem: computing Jacobian on device
[06-30 21:36:23][DEBUG] jax_fem: Function split_and_compute_cell took 0.0299 seconds
[06-30 21:36:23][DEBUG] jax_fem: Computing cell residual...
[06-30 21:36:23][DEBUG] jax_fem: Function split_and_compute_cell took 0.0543 seconds
[06-30 21:36:23][INFO] jax_fem: CuDSS backward: solving adjoint problem …
[06-30 21:36:23][DEBUG] jax_fem: DeviceProblem: computing Jacobian on device
[06-30 21:36:23][DEBUG] jax_fem: Function split_and_compute_cell took 0.0411 seconds
[06-30 21:36:23][DEBUG] jax_fem: Computing cell residual...
[06-30 21:36:23][DEBUG] jax_fem: Function split_and_compute_cell took 0.0582 seconds
[06-30 21:36:25][DEBUG] jax_fem: CuDSSNewtonSolver: starting Newton loop
[06-30 21:36:25][DEBUG] jax_fem: DeviceProblem: computing Jacobian on device
[06-30 21:36:25][DEBUG] jax_fem: Function split_and_compute_cell took 0.0343 seconds
[06-30 21:36:25][DEBUG] jax_fem: CuDSSNewtonSolver: initial residual = 2.427e+08
[06-30 21:36:25][DEBUG] jax_fem: DeviceProblem: computing Jacobian on device
[06-30 21:36:25][DEBUG] jax_fem: Function split_and_compute_cell took 0.0385 seconds
[06-30 21:36:25][DEBUG] jax_fem: CuDSSNewtonSolver: iter=1  res=1.656e-05  rel=6.825e-14
[06-30 21:36:25][INFO] jax_fem: CuDSSNewtonSolver: solve finished in 0.12s  res=1.656e-05
[06-30 21:36:25][DEBUG] jax_fem: CuDSSNewtonSolver: starting Newton loop
[06-30 21:36:25][DEBUG] jax_fem: DeviceProblem: computing Jacobian on device
[06-30 21:36:25][DEBUG] jax_fem: Function split_and_compute_cell took 0.0279 seconds
[06-30 21:36:25][DEBUG] jax_fem: CuDSSNewtonSolver: initial residual = 2.407e+08
[06-30 21:36:25][DEBUG] jax_fem: DeviceProblem: computing Jacobian on device
[06-30 21:36:25][DEBUG] jax_fem: Function split_and_compute_cell took 0.0328 seconds
[06-30 21:36:25][DEBUG] jax_fem: CuDSSNewtonSolver: iter=1  res=1.574e-05  rel=6.541e-14
[06-30 21:36:25][INFO] jax_fem: CuDSSNewtonSolver: solve finished in 0.10s  res=1.574e-05
[06-30 21:36:26][DEBUG] jax_fem: CuDSSNewtonSolver: starting Newton loop
[06-30 21:36:26][DEBUG] jax_fem: DeviceProblem: computing Jacobian on device
[06-30 21:36:26][DEBUG] jax_fem: Function split_and_compute_cell took 0.0315 seconds
[06-30 21:36:26][DEBUG] jax_fem: CuDSSNewtonSolver: initial residual = 2.401e+08
[06-30 21:36:26][DEBUG] jax_fem: DeviceProblem: computing Jacobian on device
[06-30 21:36:26][DEBUG] jax_fem: Function split_and_compute_cell took 0.0304 seconds
[06-30 21:36:26][DEBUG] jax_fem: CuDSSNewtonSolver: iter=1  res=1.763e-05  rel=7.346e-14
[06-30 21:36:26][INFO] jax_fem: CuDSSNewtonSolver: solve finished in 0.11s  res=1.763e-05
[06-30 21:36:26][DEBUG] jax_fem: CuDSSNewtonSolver: starting Newton loop
[06-30 21:36:26][DEBUG] jax_fem: DeviceProblem: computing Jacobian on device
[06-30 21:36:26][DEBUG] jax_fem: Function split_and_compute_cell took 0.0489 seconds
[06-30 21:36:26][DEBUG] jax_fem: CuDSSNewtonSolver: initial residual = 2.429e+08
[06-30 21:36:26][DEBUG] jax_fem: DeviceProblem: computing Jacobian on device
[06-30 21:36:26][DEBUG] jax_fem: Function split_and_compute_cell took 0.0319 seconds
[06-30 21:36:26][DEBUG] jax_fem: CuDSSNewtonSolver: iter=1  res=1.702e-05  rel=7.008e-14
[06-30 21:36:26][INFO] jax_fem: CuDSSNewtonSolver: solve finished in 0.13s  res=1.702e-05
[06-30 21:36:26][DEBUG] jax_fem: CuDSSNewtonSolver: starting Newton loop
[06-30 21:36:26][DEBUG] jax_fem: DeviceProblem: computing Jacobian on device
[06-30 21:36:26][DEBUG] jax_fem: Function split_and_compute_cell took 0.0297 seconds
[06-30 21:36:26][DEBUG] jax_fem: CuDSSNewtonSolver: initial residual = 2.414e+08
[06-30 21:36:26][DEBUG] jax_fem: DeviceProblem: computing Jacobian on device
[06-30 21:36:27][DEBUG] jax_fem: Function split_and_compute_cell took 0.0430 seconds
[06-30 21:36:27][DEBUG] jax_fem: CuDSSNewtonSolver: iter=1  res=1.156e-05  rel=4.789e-14
[06-30 21:36:27][INFO] jax_fem: CuDSSNewtonSolver: solve finished in 0.12s  res=1.156e-05
[06-30 21:36:28][DEBUG] jax_fem: CuDSSNewtonSolver: starting Newton loop
[06-30 21:36:28][DEBUG] jax_fem: DeviceProblem: computing Jacobian on device
[06-30 21:36:28][DEBUG] jax_fem: Function split_and_compute_cell took 0.0260 seconds
[06-30 21:36:28][DEBUG] jax_fem: CuDSSNewtonSolver: initial residual = 2.427e+08
[06-30 21:36:28][DEBUG] jax_fem: DeviceProblem: computing Jacobian on device
[06-30 21:36:28][DEBUG] jax_fem: Function split_and_compute_cell took 0.0263 seconds
[06-30 21:36:28][DEBUG] jax_fem: CuDSSNewtonSolver: iter=1  res=1.634e-05  rel=6.733e-14
[06-30 21:36:28][INFO] jax_fem: CuDSSNewtonSolver: solve finished in 0.09s  res=1.634e-05
[06-30 21:36:29][DEBUG] jax_fem: CuDSSNewtonSolver: starting Newton loop
[06-30 21:36:29][DEBUG] jax_fem: DeviceProblem: computing Jacobian on device
[06-30 21:36:29][DEBUG] jax_fem: Function split_and_compute_cell took 0.0285 seconds
[06-30 21:36:29][DEBUG] jax_fem: CuDSSNewtonSolver: initial residual = 2.407e+08
[06-30 21:36:29][DEBUG] jax_fem: DeviceProblem: computing Jacobian on device
[06-30 21:36:29][DEBUG] jax_fem: Function split_and_compute_cell took 0.0264 seconds
[06-30 21:36:29][DEBUG] jax_fem: CuDSSNewtonSolver: iter=1  res=1.618e-05  rel=6.721e-14
[06-30 21:36:29][INFO] jax_fem: CuDSSNewtonSolver: solve finished in 0.10s  res=1.618e-05
[06-30 21:36:30][DEBUG] jax_fem: CuDSSNewtonSolver: starting Newton loop
[06-30 21:36:30][DEBUG] jax_fem: DeviceProblem: computing Jacobian on device
[06-30 21:36:30][DEBUG] jax_fem: Function split_and_compute_cell took 0.0282 seconds
[06-30 21:36:30][DEBUG] jax_fem: CuDSSNewtonSolver: initial residual = 2.401e+08
[06-30 21:36:30][DEBUG] jax_fem: DeviceProblem: computing Jacobian on device
[06-30 21:36:30][DEBUG] jax_fem: Function split_and_compute_cell took 0.0291 seconds
[06-30 21:36:30][DEBUG] jax_fem: CuDSSNewtonSolver: iter=1  res=1.744e-05  rel=7.266e-14
[06-30 21:36:30][INFO] jax_fem: CuDSSNewtonSolver: solve finished in 0.10s  res=1.744e-05
[06-30 21:36:30][DEBUG] jax_fem: CuDSSNewtonSolver: starting Newton loop
[06-30 21:36:30][DEBUG] jax_fem: DeviceProblem: computing Jacobian on device
[06-30 21:36:30][DEBUG] jax_fem: Function split_and_compute_cell took 0.0267 seconds
[06-30 21:36:30][DEBUG] jax_fem: CuDSSNewtonSolver: initial residual = 2.429e+08
[06-30 21:36:30][DEBUG] jax_fem: DeviceProblem: computing Jacobian on device
[06-30 21:36:30][DEBUG] jax_fem: Function split_and_compute_cell took 0.0277 seconds
[06-30 21:36:30][DEBUG] jax_fem: CuDSSNewtonSolver: iter=1  res=1.689e-05  rel=6.956e-14
[06-30 21:36:30][INFO] jax_fem: CuDSSNewtonSolver: solve finished in 0.09s  res=1.689e-05
[06-30 21:36:31][DEBUG] jax_fem: CuDSSNewtonSolver: starting Newton loop
[06-30 21:36:31][DEBUG] jax_fem: DeviceProblem: computing Jacobian on device
[06-30 21:36:31][DEBUG] jax_fem: Function split_and_compute_cell took 0.0262 seconds
[06-30 21:36:31][DEBUG] jax_fem: CuDSSNewtonSolver: initial residual = 2.414e+08
[06-30 21:36:31][DEBUG] jax_fem: DeviceProblem: computing Jacobian on device
[06-30 21:36:31][DEBUG] jax_fem: Function split_and_compute_cell took 0.0279 seconds
[06-30 21:36:31][DEBUG] jax_fem: CuDSSNewtonSolver: iter=1  res=1.179e-05  rel=4.881e-14
[06-30 21:36:31][INFO] jax_fem: CuDSSNewtonSolver: solve finished in 0.09s  res=1.179e-05
[06-30 21:36:31][INFO] jax_fem: CuDSS backward: solving adjoint problem …
[06-30 21:36:31][DEBUG] jax_fem: DeviceProblem: computing Jacobian on device
[06-30 21:36:31][DEBUG] jax_fem: Function split_and_compute_cell took 0.0260 seconds
[06-30 21:36:31][DEBUG] jax_fem: Computing cell residual...
[06-30 21:36:31][DEBUG] jax_fem: Function split_and_compute_cell took 0.0619 seconds
[06-30 21:36:31][INFO] jax_fem: CuDSS backward: solving adjoint problem …
[06-30 21:36:31][DEBUG] jax_fem: DeviceProblem: computing Jacobian on device
[06-30 21:36:31][DEBUG] jax_fem: Function split_and_compute_cell took 0.0360 seconds
[06-30 21:36:31][DEBUG] jax_fem: Computing cell residual...
[06-30 21:36:32][DEBUG] jax_fem: Function split_and_compute_cell took 0.0708 seconds
[06-30 21:36:32][INFO] jax_fem: CuDSS backward: solving adjoint problem …
[06-30 21:36:32][DEBUG] jax_fem: DeviceProblem: computing Jacobian on device
[06-30 21:36:32][DEBUG] jax_fem: Function split_and_compute_cell took 0.0310 seconds
[06-30 21:36:32][DEBUG] jax_fem: Computing cell residual...
[06-30 21:36:32][DEBUG] jax_fem: Function split_and_compute_cell took 0.0526 seconds
[06-30 21:36:32][INFO] jax_fem: CuDSS backward: solving adjoint problem …
[06-30 21:36:32][DEBUG] jax_fem: DeviceProblem: computing Jacobian on device
[06-30 21:36:32][DEBUG] jax_fem: Function split_and_compute_cell took 0.0289 seconds
[06-30 21:36:32][DEBUG] jax_fem: Computing cell residual...
[06-30 21:36:32][DEBUG] jax_fem: Function split_and_compute_cell took 0.0637 seconds
[06-30 21:36:33][INFO] jax_fem: CuDSS backward: solving adjoint problem …
[06-30 21:36:33][DEBUG] jax_fem: DeviceProblem: computing Jacobian on device
[06-30 21:36:33][DEBUG] jax_fem: Function split_and_compute_cell took 0.0430 seconds
[06-30 21:36:33][DEBUG] jax_fem: Computing cell residual...
[06-30 21:36:33][DEBUG] jax_fem: Function split_and_compute_cell took 0.0649 seconds
[06-30 21:36:34][DEBUG] jax_fem: CuDSSNewtonSolver: starting Newton loop
[06-30 21:36:34][DEBUG] jax_fem: DeviceProblem: computing Jacobian on device
[06-30 21:36:34][DEBUG] jax_fem: Function split_and_compute_cell took 0.0381 seconds
[06-30 21:36:34][DEBUG] jax_fem: CuDSSNewtonSolver: initial residual = 2.427e+08
[06-30 21:36:34][DEBUG] jax_fem: DeviceProblem: computing Jacobian on device
[06-30 21:36:34][DEBUG] jax_fem: Function split_and_compute_cell took 0.0376 seconds
[06-30 21:36:34][DEBUG] jax_fem: CuDSSNewtonSolver: iter=1  res=1.638e-05  rel=6.750e-14
[06-30 21:36:34][INFO] jax_fem: CuDSSNewtonSolver: solve finished in 0.12s  res=1.638e-05
[06-30 21:36:35][DEBUG] jax_fem: CuDSSNewtonSolver: starting Newton loop
[06-30 21:36:35][DEBUG] jax_fem: DeviceProblem: computing Jacobian on device
[06-30 21:36:35][DEBUG] jax_fem: Function split_and_compute_cell took 0.0292 seconds
[06-30 21:36:35][DEBUG] jax_fem: CuDSSNewtonSolver: initial residual = 2.407e+08
[06-30 21:36:35][DEBUG] jax_fem: DeviceProblem: computing Jacobian on device
[06-30 21:36:35][DEBUG] jax_fem: Function split_and_compute_cell took 0.0424 seconds
[06-30 21:36:35][DEBUG] jax_fem: CuDSSNewtonSolver: iter=1  res=1.669e-05  rel=6.933e-14
[06-30 21:36:35][INFO] jax_fem: CuDSSNewtonSolver: solve finished in 0.12s  res=1.669e-05
[06-30 21:36:35][DEBUG] jax_fem: CuDSSNewtonSolver: starting Newton loop
[06-30 21:36:35][DEBUG] jax_fem: DeviceProblem: computing Jacobian on device
[06-30 21:36:35][DEBUG] jax_fem: Function split_and_compute_cell took 0.0370 seconds
[06-30 21:36:35][DEBUG] jax_fem: CuDSSNewtonSolver: initial residual = 2.401e+08
[06-30 21:36:35][DEBUG] jax_fem: DeviceProblem: computing Jacobian on device
[06-30 21:36:35][DEBUG] jax_fem: Function split_and_compute_cell took 0.0300 seconds
[06-30 21:36:35][DEBUG] jax_fem: CuDSSNewtonSolver: iter=1  res=1.755e-05  rel=7.309e-14
[06-30 21:36:35][INFO] jax_fem: CuDSSNewtonSolver: solve finished in 0.11s  res=1.755e-05
[06-30 21:36:35][DEBUG] jax_fem: CuDSSNewtonSolver: starting Newton loop
[06-30 21:36:35][DEBUG] jax_fem: DeviceProblem: computing Jacobian on device
[06-30 21:36:35][DEBUG] jax_fem: Function split_and_compute_cell took 0.0307 seconds
[06-30 21:36:35][DEBUG] jax_fem: CuDSSNewtonSolver: initial residual = 2.429e+08
[06-30 21:36:35][DEBUG] jax_fem: DeviceProblem: computing Jacobian on device
[06-30 21:36:35][DEBUG] jax_fem: Function split_and_compute_cell took 0.0418 seconds
[06-30 21:36:35][DEBUG] jax_fem: CuDSSNewtonSolver: iter=1  res=1.585e-05  rel=6.527e-14
[06-30 21:36:35][INFO] jax_fem: CuDSSNewtonSolver: solve finished in 0.12s  res=1.585e-05
[06-30 21:36:36][DEBUG] jax_fem: CuDSSNewtonSolver: starting Newton loop
[06-30 21:36:36][DEBUG] jax_fem: DeviceProblem: computing Jacobian on device
[06-30 21:36:36][DEBUG] jax_fem: Function split_and_compute_cell took 0.0282 seconds
[06-30 21:36:36][DEBUG] jax_fem: CuDSSNewtonSolver: initial residual = 2.414e+08
[06-30 21:36:36][DEBUG] jax_fem: DeviceProblem: computing Jacobian on device
[06-30 21:36:36][DEBUG] jax_fem: Function split_and_compute_cell took 0.0273 seconds
[06-30 21:36:36][DEBUG] jax_fem: CuDSSNewtonSolver: iter=1  res=1.156e-05  rel=4.789e-14
[06-30 21:36:36][INFO] jax_fem: CuDSSNewtonSolver: solve finished in 0.09s  res=1.156e-05
[06-30 21:36:38][DEBUG] jax_fem: CuDSSNewtonSolver: starting Newton loop
[06-30 21:36:38][DEBUG] jax_fem: DeviceProblem: computing Jacobian on device
[06-30 21:36:38][DEBUG] jax_fem: Function split_and_compute_cell took 0.0274 seconds
[06-30 21:36:38][DEBUG] jax_fem: CuDSSNewtonSolver: initial residual = 2.427e+08
[06-30 21:36:38][DEBUG] jax_fem: DeviceProblem: computing Jacobian on device
[06-30 21:36:38][DEBUG] jax_fem: Function split_and_compute_cell took 0.0270 seconds
[06-30 21:36:38][DEBUG] jax_fem: CuDSSNewtonSolver: iter=1  res=1.663e-05  rel=6.854e-14
[06-30 21:36:38][INFO] jax_fem: CuDSSNewtonSolver: solve finished in 0.10s  res=1.663e-05
[06-30 21:36:38][DEBUG] jax_fem: CuDSSNewtonSolver: starting Newton loop
[06-30 21:36:38][DEBUG] jax_fem: DeviceProblem: computing Jacobian on device
[06-30 21:36:38][DEBUG] jax_fem: Function split_and_compute_cell took 0.0595 seconds
[06-30 21:36:38][DEBUG] jax_fem: CuDSSNewtonSolver: initial residual = 2.407e+08
[06-30 21:36:38][DEBUG] jax_fem: DeviceProblem: computing Jacobian on device
[06-30 21:36:38][DEBUG] jax_fem: Function split_and_compute_cell took 0.0282 seconds
[06-30 21:36:38][DEBUG] jax_fem: CuDSSNewtonSolver: iter=1  res=1.686e-05  rel=7.005e-14
[06-30 21:36:38][INFO] jax_fem: CuDSSNewtonSolver: solve finished in 0.13s  res=1.686e-05
[06-30 21:36:39][DEBUG] jax_fem: CuDSSNewtonSolver: starting Newton loop
[06-30 21:36:39][DEBUG] jax_fem: DeviceProblem: computing Jacobian on device
[06-30 21:36:39][DEBUG] jax_fem: Function split_and_compute_cell took 0.0275 seconds
[06-30 21:36:39][DEBUG] jax_fem: CuDSSNewtonSolver: initial residual = 2.401e+08
[06-30 21:36:39][DEBUG] jax_fem: DeviceProblem: computing Jacobian on device
[06-30 21:36:39][DEBUG] jax_fem: Function split_and_compute_cell took 0.0270 seconds
[06-30 21:36:39][DEBUG] jax_fem: CuDSSNewtonSolver: iter=1  res=1.670e-05  rel=6.956e-14
[06-30 21:36:39][INFO] jax_fem: CuDSSNewtonSolver: solve finished in 0.10s  res=1.670e-05
[06-30 21:36:40][DEBUG] jax_fem: CuDSSNewtonSolver: starting Newton loop
[06-30 21:36:40][DEBUG] jax_fem: DeviceProblem: computing Jacobian on device
[06-30 21:36:40][DEBUG] jax_fem: Function split_and_compute_cell took 0.0267 seconds
[06-30 21:36:40][DEBUG] jax_fem: CuDSSNewtonSolver: initial residual = 2.429e+08
[06-30 21:36:40][DEBUG] jax_fem: DeviceProblem: computing Jacobian on device
[06-30 21:36:40][DEBUG] jax_fem: Function split_and_compute_cell took 0.0256 seconds
[06-30 21:36:40][DEBUG] jax_fem: CuDSSNewtonSolver: iter=1  res=1.698e-05  rel=6.991e-14
[06-30 21:36:40][INFO] jax_fem: CuDSSNewtonSolver: solve finished in 0.09s  res=1.698e-05
[06-30 21:36:40][DEBUG] jax_fem: CuDSSNewtonSolver: starting Newton loop
[06-30 21:36:40][DEBUG] jax_fem: DeviceProblem: computing Jacobian on device
[06-30 21:36:40][DEBUG] jax_fem: Function split_and_compute_cell took 0.0273 seconds
[06-30 21:36:40][DEBUG] jax_fem: CuDSSNewtonSolver: initial residual = 2.414e+08
[06-30 21:36:40][DEBUG] jax_fem: DeviceProblem: computing Jacobian on device
[06-30 21:36:40][DEBUG] jax_fem: Function split_and_compute_cell took 0.0278 seconds
[06-30 21:36:40][DEBUG] jax_fem: CuDSSNewtonSolver: iter=1  res=1.156e-05  rel=4.789e-14
[06-30 21:36:40][INFO] jax_fem: CuDSSNewtonSolver: solve finished in 0.09s  res=1.156e-05
[06-30 21:36:40][INFO] jax_fem: CuDSS backward: solving adjoint problem …
[06-30 21:36:40][DEBUG] jax_fem: DeviceProblem: computing Jacobian on device
[06-30 21:36:40][DEBUG] jax_fem: Function split_and_compute_cell took 0.0625 seconds
[06-30 21:36:41][DEBUG] jax_fem: Computing cell residual...
[06-30 21:36:41][DEBUG] jax_fem: Function split_and_compute_cell took 0.0582 seconds
[06-30 21:36:41][INFO] jax_fem: CuDSS backward: solving adjoint problem …
[06-30 21:36:41][DEBUG] jax_fem: DeviceProblem: computing Jacobian on device
[06-30 21:36:41][DEBUG] jax_fem: Function split_and_compute_cell took 0.0283 seconds
[06-30 21:36:41][DEBUG] jax_fem: Computing cell residual...
[06-30 21:36:41][DEBUG] jax_fem: Function split_and_compute_cell took 0.0578 seconds
[06-30 21:36:41][INFO] jax_fem: CuDSS backward: solving adjoint problem …
[06-30 21:36:41][DEBUG] jax_fem: DeviceProblem: computing Jacobian on device
[06-30 21:36:41][DEBUG] jax_fem: Function split_and_compute_cell took 0.0338 seconds
[06-30 21:36:41][DEBUG] jax_fem: Computing cell residual...
[06-30 21:36:41][DEBUG] jax_fem: Function split_and_compute_cell took 0.0529 seconds
[06-30 21:36:42][INFO] jax_fem: CuDSS backward: solving adjoint problem …
[06-30 21:36:42][DEBUG] jax_fem: DeviceProblem: computing Jacobian on device
[06-30 21:36:42][DEBUG] jax_fem: Function split_and_compute_cell took 0.0406 seconds
[06-30 21:36:42][DEBUG] jax_fem: Computing cell residual...
[06-30 21:36:42][DEBUG] jax_fem: Function split_and_compute_cell took 0.0582 seconds
[06-30 21:36:42][INFO] jax_fem: CuDSS backward: solving adjoint problem …
[06-30 21:36:42][DEBUG] jax_fem: DeviceProblem: computing Jacobian on device
[06-30 21:36:42][DEBUG] jax_fem: Function split_and_compute_cell took 0.0392 seconds
[06-30 21:36:42][DEBUG] jax_fem: Computing cell residual...
[06-30 21:36:42][DEBUG] jax_fem: Function split_and_compute_cell took 0.0577 seconds
[06-30 21:36:44][DEBUG] jax_fem: CuDSSNewtonSolver: starting Newton loop
[06-30 21:36:44][DEBUG] jax_fem: DeviceProblem: computing Jacobian on device
[06-30 21:36:44][DEBUG] jax_fem: Function split_and_compute_cell took 0.0408 seconds
[06-30 21:36:44][DEBUG] jax_fem: CuDSSNewtonSolver: initial residual = 2.427e+08
[06-30 21:36:44][DEBUG] jax_fem: DeviceProblem: computing Jacobian on device
[06-30 21:36:44][DEBUG] jax_fem: Function split_and_compute_cell took 0.0335 seconds
[06-30 21:36:44][DEBUG] jax_fem: CuDSSNewtonSolver: iter=1  res=1.634e-05  rel=6.731e-14
[06-30 21:36:44][INFO] jax_fem: CuDSSNewtonSolver: solve finished in 0.12s  res=1.634e-05
[06-30 21:36:44][DEBUG] jax_fem: CuDSSNewtonSolver: starting Newton loop
[06-30 21:36:44][DEBUG] jax_fem: DeviceProblem: computing Jacobian on device
[06-30 21:36:44][DEBUG] jax_fem: Function split_and_compute_cell took 0.0239 seconds
[06-30 21:36:44][DEBUG] jax_fem: CuDSSNewtonSolver: initial residual = 2.407e+08
[06-30 21:36:44][DEBUG] jax_fem: DeviceProblem: computing Jacobian on device
[06-30 21:36:44][DEBUG] jax_fem: Function split_and_compute_cell took 0.0451 seconds
[06-30 21:36:44][DEBUG] jax_fem: CuDSSNewtonSolver: iter=1  res=1.686e-05  rel=7.006e-14
[06-30 21:36:44][INFO] jax_fem: CuDSSNewtonSolver: solve finished in 0.12s  res=1.686e-05
[06-30 21:36:44][DEBUG] jax_fem: CuDSSNewtonSolver: starting Newton loop
[06-30 21:36:44][DEBUG] jax_fem: DeviceProblem: computing Jacobian on device
[06-30 21:36:45][DEBUG] jax_fem: Function split_and_compute_cell took 0.0300 seconds
[06-30 21:36:45][DEBUG] jax_fem: CuDSSNewtonSolver: initial residual = 2.401e+08
[06-30 21:36:45][DEBUG] jax_fem: DeviceProblem: computing Jacobian on device
[06-30 21:36:45][DEBUG] jax_fem: Function split_and_compute_cell took 0.0484 seconds
[06-30 21:36:45][DEBUG] jax_fem: CuDSSNewtonSolver: iter=1  res=1.814e-05  rel=7.557e-14
[06-30 21:36:45][INFO] jax_fem: CuDSSNewtonSolver: solve finished in 0.13s  res=1.814e-05
[06-30 21:36:45][DEBUG] jax_fem: CuDSSNewtonSolver: starting Newton loop
[06-30 21:36:45][DEBUG] jax_fem: DeviceProblem: computing Jacobian on device
[06-30 21:36:45][DEBUG] jax_fem: Function split_and_compute_cell took 0.0279 seconds
[06-30 21:36:45][DEBUG] jax_fem: CuDSSNewtonSolver: initial residual = 2.429e+08
[06-30 21:36:45][DEBUG] jax_fem: DeviceProblem: computing Jacobian on device
[06-30 21:36:45][DEBUG] jax_fem: Function split_and_compute_cell took 0.0495 seconds
[06-30 21:36:45][DEBUG] jax_fem: CuDSSNewtonSolver: iter=1  res=1.480e-05  rel=6.095e-14
[06-30 21:36:45][INFO] jax_fem: CuDSSNewtonSolver: solve finished in 0.12s  res=1.480e-05
[06-30 21:36:45][DEBUG] jax_fem: CuDSSNewtonSolver: starting Newton loop
[06-30 21:36:45][DEBUG] jax_fem: DeviceProblem: computing Jacobian on device
[06-30 21:36:45][DEBUG] jax_fem: Function split_and_compute_cell took 0.0453 seconds
[06-30 21:36:45][DEBUG] jax_fem: CuDSSNewtonSolver: initial residual = 2.414e+08
[06-30 21:36:45][DEBUG] jax_fem: DeviceProblem: computing Jacobian on device
[06-30 21:36:45][DEBUG] jax_fem: Function split_and_compute_cell took 0.0390 seconds
[06-30 21:36:45][DEBUG] jax_fem: CuDSSNewtonSolver: iter=1  res=1.181e-05  rel=4.891e-14
[06-30 21:36:45][INFO] jax_fem: CuDSSNewtonSolver: solve finished in 0.13s  res=1.181e-05
[06-30 21:36:47][DEBUG] jax_fem: CuDSSNewtonSolver: starting Newton loop
[06-30 21:36:47][DEBUG] jax_fem: DeviceProblem: computing Jacobian on device
[06-30 21:36:47][DEBUG] jax_fem: Function split_and_compute_cell took 0.0273 seconds
[06-30 21:36:47][DEBUG] jax_fem: CuDSSNewtonSolver: initial residual = 2.427e+08
[06-30 21:36:47][DEBUG] jax_fem: DeviceProblem: computing Jacobian on device
[06-30 21:36:47][DEBUG] jax_fem: Function split_and_compute_cell took 0.0254 seconds
[06-30 21:36:47][DEBUG] jax_fem: CuDSSNewtonSolver: iter=1  res=1.598e-05  rel=6.583e-14
[06-30 21:36:47][INFO] jax_fem: CuDSSNewtonSolver: solve finished in 0.10s  res=1.598e-05
[06-30 21:36:48][DEBUG] jax_fem: CuDSSNewtonSolver: starting Newton loop
[06-30 21:36:48][DEBUG] jax_fem: DeviceProblem: computing Jacobian on device
[06-30 21:36:48][DEBUG] jax_fem: Function split_and_compute_cell took 0.0280 seconds
[06-30 21:36:48][DEBUG] jax_fem: CuDSSNewtonSolver: initial residual = 2.407e+08
[06-30 21:36:48][DEBUG] jax_fem: DeviceProblem: computing Jacobian on device
[06-30 21:36:48][DEBUG] jax_fem: Function split_and_compute_cell took 0.0254 seconds
[06-30 21:36:48][DEBUG] jax_fem: CuDSSNewtonSolver: iter=1  res=1.594e-05  rel=6.621e-14
[06-30 21:36:48][INFO] jax_fem: CuDSSNewtonSolver: solve finished in 0.09s  res=1.594e-05
[06-30 21:36:49][DEBUG] jax_fem: CuDSSNewtonSolver: starting Newton loop
[06-30 21:36:49][DEBUG] jax_fem: DeviceProblem: computing Jacobian on device
[06-30 21:36:49][DEBUG] jax_fem: Function split_and_compute_cell took 0.0231 seconds
[06-30 21:36:49][DEBUG] jax_fem: CuDSSNewtonSolver: initial residual = 2.401e+08
[06-30 21:36:49][DEBUG] jax_fem: DeviceProblem: computing Jacobian on device
[06-30 21:36:49][DEBUG] jax_fem: Function split_and_compute_cell took 0.0277 seconds
[06-30 21:36:49][DEBUG] jax_fem: CuDSSNewtonSolver: iter=1  res=1.779e-05  rel=7.412e-14
[06-30 21:36:49][INFO] jax_fem: CuDSSNewtonSolver: solve finished in 0.09s  res=1.779e-05
[06-30 21:36:49][DEBUG] jax_fem: CuDSSNewtonSolver: starting Newton loop
[06-30 21:36:49][DEBUG] jax_fem: DeviceProblem: computing Jacobian on device
[06-30 21:36:49][DEBUG] jax_fem: Function split_and_compute_cell took 0.0294 seconds
[06-30 21:36:49][DEBUG] jax_fem: CuDSSNewtonSolver: initial residual = 2.429e+08
[06-30 21:36:49][DEBUG] jax_fem: DeviceProblem: computing Jacobian on device
[06-30 21:36:49][DEBUG] jax_fem: Function split_and_compute_cell took 0.0269 seconds
[06-30 21:36:49][DEBUG] jax_fem: CuDSSNewtonSolver: iter=1  res=1.617e-05  rel=6.659e-14
[06-30 21:36:49][INFO] jax_fem: CuDSSNewtonSolver: solve finished in 0.10s  res=1.617e-05
[06-30 21:36:50][DEBUG] jax_fem: CuDSSNewtonSolver: starting Newton loop
[06-30 21:36:50][DEBUG] jax_fem: DeviceProblem: computing Jacobian on device
[06-30 21:36:50][DEBUG] jax_fem: Function split_and_compute_cell took 0.0279 seconds
[06-30 21:36:50][DEBUG] jax_fem: CuDSSNewtonSolver: initial residual = 2.414e+08
[06-30 21:36:50][DEBUG] jax_fem: DeviceProblem: computing Jacobian on device
[06-30 21:36:50][DEBUG] jax_fem: Function split_and_compute_cell took 0.0264 seconds
[06-30 21:36:50][DEBUG] jax_fem: CuDSSNewtonSolver: iter=1  res=1.156e-05  rel=4.789e-14
[06-30 21:36:50][INFO] jax_fem: CuDSSNewtonSolver: solve finished in 0.10s  res=1.156e-05
[06-30 21:36:50][INFO] jax_fem: CuDSS backward: solving adjoint problem …
[06-30 21:36:50][DEBUG] jax_fem: DeviceProblem: computing Jacobian on device
[06-30 21:36:50][DEBUG] jax_fem: Function split_and_compute_cell took 0.0345 seconds
[06-30 21:36:50][DEBUG] jax_fem: Computing cell residual...
[06-30 21:36:50][DEBUG] jax_fem: Function split_and_compute_cell took 0.0670 seconds
[06-30 21:36:50][INFO] jax_fem: CuDSS backward: solving adjoint problem …
[06-30 21:36:50][DEBUG] jax_fem: DeviceProblem: computing Jacobian on device
[06-30 21:36:50][DEBUG] jax_fem: Function split_and_compute_cell took 0.0317 seconds
[06-30 21:36:50][DEBUG] jax_fem: Computing cell residual...
[06-30 21:36:51][DEBUG] jax_fem: Function split_and_compute_cell took 0.0673 seconds
[06-30 21:36:51][INFO] jax_fem: CuDSS backward: solving adjoint problem …
[06-30 21:36:51][DEBUG] jax_fem: DeviceProblem: computing Jacobian on device
[06-30 21:36:51][DEBUG] jax_fem: Function split_and_compute_cell took 0.0319 seconds
[06-30 21:36:51][DEBUG] jax_fem: Computing cell residual...
[06-30 21:36:51][DEBUG] jax_fem: Function split_and_compute_cell took 0.0675 seconds
[06-30 21:36:51][INFO] jax_fem: CuDSS backward: solving adjoint problem …
[06-30 21:36:51][DEBUG] jax_fem: DeviceProblem: computing Jacobian on device
[06-30 21:36:51][DEBUG] jax_fem: Function split_and_compute_cell took 0.0288 seconds
[06-30 21:36:51][DEBUG] jax_fem: Computing cell residual...
[06-30 21:36:51][DEBUG] jax_fem: Function split_and_compute_cell took 0.0652 seconds
[06-30 21:36:52][INFO] jax_fem: CuDSS backward: solving adjoint problem …
[06-30 21:36:52][DEBUG] jax_fem: DeviceProblem: computing Jacobian on device
[06-30 21:36:52][DEBUG] jax_fem: Function split_and_compute_cell took 0.0307 seconds
[06-30 21:36:52][DEBUG] jax_fem: Computing cell residual...
[06-30 21:36:52][DEBUG] jax_fem: Function split_and_compute_cell took 0.0688 seconds
[06-30 21:36:53][DEBUG] jax_fem: CuDSSNewtonSolver: starting Newton loop
[06-30 21:36:53][DEBUG] jax_fem: DeviceProblem: computing Jacobian on device
[06-30 21:36:53][DEBUG] jax_fem: Function split_and_compute_cell took 0.0350 seconds
[06-30 21:36:53][DEBUG] jax_fem: CuDSSNewtonSolver: initial residual = 2.427e+08
[06-30 21:36:53][DEBUG] jax_fem: DeviceProblem: computing Jacobian on device
[06-30 21:36:53][DEBUG] jax_fem: Function split_and_compute_cell took 0.0359 seconds
[06-30 21:36:53][DEBUG] jax_fem: CuDSSNewtonSolver: iter=1  res=1.692e-05  rel=6.969e-14
[06-30 21:36:53][INFO] jax_fem: CuDSSNewtonSolver: solve finished in 0.12s  res=1.692e-05
[06-30 21:36:54][DEBUG] jax_fem: CuDSSNewtonSolver: starting Newton loop
[06-30 21:36:54][DEBUG] jax_fem: DeviceProblem: computing Jacobian on device
[06-30 21:36:54][DEBUG] jax_fem: Function split_and_compute_cell took 0.0432 seconds
[06-30 21:36:54][DEBUG] jax_fem: CuDSSNewtonSolver: initial residual = 2.407e+08
[06-30 21:36:54][DEBUG] jax_fem: DeviceProblem: computing Jacobian on device
[06-30 21:36:54][DEBUG] jax_fem: Function split_and_compute_cell took 0.0564 seconds
[06-30 21:36:54][DEBUG] jax_fem: CuDSSNewtonSolver: iter=1  res=1.594e-05  rel=6.622e-14
[06-30 21:36:54][INFO] jax_fem: CuDSSNewtonSolver: solve finished in 0.14s  res=1.594e-05
[06-30 21:36:54][DEBUG] jax_fem: CuDSSNewtonSolver: starting Newton loop
[06-30 21:36:54][DEBUG] jax_fem: DeviceProblem: computing Jacobian on device
[06-30 21:36:54][DEBUG] jax_fem: Function split_and_compute_cell took 0.0343 seconds
[06-30 21:36:54][DEBUG] jax_fem: CuDSSNewtonSolver: initial residual = 2.401e+08
[06-30 21:36:54][DEBUG] jax_fem: DeviceProblem: computing Jacobian on device
[06-30 21:36:54][DEBUG] jax_fem: Function split_and_compute_cell took 0.0535 seconds
[06-30 21:36:54][DEBUG] jax_fem: CuDSSNewtonSolver: iter=1  res=1.805e-05  rel=7.519e-14
[06-30 21:36:54][INFO] jax_fem: CuDSSNewtonSolver: solve finished in 0.13s  res=1.805e-05
[06-30 21:36:55][DEBUG] jax_fem: CuDSSNewtonSolver: starting Newton loop
[06-30 21:36:55][DEBUG] jax_fem: DeviceProblem: computing Jacobian on device
[06-30 21:36:55][DEBUG] jax_fem: Function split_and_compute_cell took 0.0361 seconds
[06-30 21:36:55][DEBUG] jax_fem: CuDSSNewtonSolver: initial residual = 2.429e+08
[06-30 21:36:55][DEBUG] jax_fem: DeviceProblem: computing Jacobian on device
[06-30 21:36:55][DEBUG] jax_fem: Function split_and_compute_cell took 0.0356 seconds
[06-30 21:36:55][DEBUG] jax_fem: CuDSSNewtonSolver: iter=1  res=1.591e-05  rel=6.553e-14
[06-30 21:36:55][INFO] jax_fem: CuDSSNewtonSolver: solve finished in 0.12s  res=1.591e-05
[06-30 21:36:55][DEBUG] jax_fem: CuDSSNewtonSolver: starting Newton loop
[06-30 21:36:55][DEBUG] jax_fem: DeviceProblem: computing Jacobian on device
[06-30 21:36:55][DEBUG] jax_fem: Function split_and_compute_cell took 0.0285 seconds
[06-30 21:36:55][DEBUG] jax_fem: CuDSSNewtonSolver: initial residual = 2.414e+08
[06-30 21:36:55][DEBUG] jax_fem: DeviceProblem: computing Jacobian on device
[06-30 21:36:55][DEBUG] jax_fem: Function split_and_compute_cell took 0.0461 seconds
[06-30 21:36:55][DEBUG] jax_fem: CuDSSNewtonSolver: iter=1  res=1.158e-05  rel=4.798e-14
[06-30 21:36:55][INFO] jax_fem: CuDSSNewtonSolver: solve finished in 0.12s  res=1.158e-05
[06-30 21:36:57][DEBUG] jax_fem: CuDSSNewtonSolver: starting Newton loop
[06-30 21:36:57][DEBUG] jax_fem: DeviceProblem: computing Jacobian on device
[06-30 21:36:57][DEBUG] jax_fem: Function split_and_compute_cell took 0.0286 seconds
[06-30 21:36:57][DEBUG] jax_fem: CuDSSNewtonSolver: initial residual = 2.427e+08
[06-30 21:36:57][DEBUG] jax_fem: DeviceProblem: computing Jacobian on device
[06-30 21:36:57][DEBUG] jax_fem: Function split_and_compute_cell took 0.0285 seconds
[06-30 21:36:57][DEBUG] jax_fem: CuDSSNewtonSolver: iter=1  res=1.603e-05  rel=6.604e-14
[06-30 21:36:57][INFO] jax_fem: CuDSSNewtonSolver: solve finished in 0.10s  res=1.603e-05
[06-30 21:36:57][DEBUG] jax_fem: CuDSSNewtonSolver: starting Newton loop
[06-30 21:36:57][DEBUG] jax_fem: DeviceProblem: computing Jacobian on device
[06-30 21:36:57][DEBUG] jax_fem: Function split_and_compute_cell took 0.0266 seconds
[06-30 21:36:57][DEBUG] jax_fem: CuDSSNewtonSolver: initial residual = 2.407e+08
[06-30 21:36:57][DEBUG] jax_fem: DeviceProblem: computing Jacobian on device
[06-30 21:36:57][DEBUG] jax_fem: Function split_and_compute_cell took 0.0250 seconds
[06-30 21:36:57][DEBUG] jax_fem: CuDSSNewtonSolver: iter=1  res=1.591e-05  rel=6.610e-14
[06-30 21:36:57][INFO] jax_fem: CuDSSNewtonSolver: solve finished in 0.09s  res=1.591e-05
[06-30 21:36:58][DEBUG] jax_fem: CuDSSNewtonSolver: starting Newton loop
[06-30 21:36:58][DEBUG] jax_fem: DeviceProblem: computing Jacobian on device
[06-30 21:36:58][DEBUG] jax_fem: Function split_and_compute_cell took 0.0268 seconds
[06-30 21:36:58][DEBUG] jax_fem: CuDSSNewtonSolver: initial residual = 2.401e+08
[06-30 21:36:58][DEBUG] jax_fem: DeviceProblem: computing Jacobian on device
[06-30 21:36:58][DEBUG] jax_fem: Function split_and_compute_cell took 0.0271 seconds
[06-30 21:36:58][DEBUG] jax_fem: CuDSSNewtonSolver: iter=1  res=1.776e-05  rel=7.396e-14
[06-30 21:36:58][INFO] jax_fem: CuDSSNewtonSolver: solve finished in 0.10s  res=1.776e-05
[06-30 21:36:59][DEBUG] jax_fem: CuDSSNewtonSolver: starting Newton loop
[06-30 21:36:59][DEBUG] jax_fem: DeviceProblem: computing Jacobian on device
[06-30 21:36:59][DEBUG] jax_fem: Function split_and_compute_cell took 0.0269 seconds
[06-30 21:36:59][DEBUG] jax_fem: CuDSSNewtonSolver: initial residual = 2.429e+08
[06-30 21:36:59][DEBUG] jax_fem: DeviceProblem: computing Jacobian on device
[06-30 21:36:59][DEBUG] jax_fem: Function split_and_compute_cell took 0.0266 seconds
[06-30 21:36:59][DEBUG] jax_fem: CuDSSNewtonSolver: iter=1  res=1.667e-05  rel=6.863e-14
[06-30 21:36:59][INFO] jax_fem: CuDSSNewtonSolver: solve finished in 0.09s  res=1.667e-05
[06-30 21:36:59][DEBUG] jax_fem: CuDSSNewtonSolver: starting Newton loop
[06-30 21:36:59][DEBUG] jax_fem: DeviceProblem: computing Jacobian on device
[06-30 21:36:59][DEBUG] jax_fem: Function split_and_compute_cell took 0.0276 seconds
[06-30 21:36:59][DEBUG] jax_fem: CuDSSNewtonSolver: initial residual = 2.414e+08
[06-30 21:36:59][DEBUG] jax_fem: DeviceProblem: computing Jacobian on device
[06-30 21:36:59][DEBUG] jax_fem: Function split_and_compute_cell took 0.0260 seconds
[06-30 21:36:59][DEBUG] jax_fem: CuDSSNewtonSolver: iter=1  res=1.184e-05  rel=4.904e-14
[06-30 21:36:59][INFO] jax_fem: CuDSSNewtonSolver: solve finished in 0.09s  res=1.184e-05
[06-30 21:37:00][INFO] jax_fem: CuDSS backward: solving adjoint problem …
[06-30 21:37:00][DEBUG] jax_fem: DeviceProblem: computing Jacobian on device
[06-30 21:37:00][DEBUG] jax_fem: Function split_and_compute_cell took 0.0347 seconds
[06-30 21:37:00][DEBUG] jax_fem: Computing cell residual...
[06-30 21:37:00][DEBUG] jax_fem: Function split_and_compute_cell took 0.0541 seconds
[06-30 21:37:00][INFO] jax_fem: CuDSS backward: solving adjoint problem …
[06-30 21:37:00][DEBUG] jax_fem: DeviceProblem: computing Jacobian on device
[06-30 21:37:00][DEBUG] jax_fem: Function split_and_compute_cell took 0.0322 seconds
[06-30 21:37:00][DEBUG] jax_fem: Computing cell residual...
[06-30 21:37:00][DEBUG] jax_fem: Function split_and_compute_cell took 0.0571 seconds
[06-30 21:37:00][INFO] jax_fem: CuDSS backward: solving adjoint problem …
[06-30 21:37:00][DEBUG] jax_fem: DeviceProblem: computing Jacobian on device
[06-30 21:37:00][DEBUG] jax_fem: Function split_and_compute_cell took 0.0324 seconds
[06-30 21:37:01][DEBUG] jax_fem: Computing cell residual...
[06-30 21:37:01][DEBUG] jax_fem: Function split_and_compute_cell took 0.0621 seconds
[06-30 21:37:01][INFO] jax_fem: CuDSS backward: solving adjoint problem …
[06-30 21:37:01][DEBUG] jax_fem: DeviceProblem: computing Jacobian on device
[06-30 21:37:01][DEBUG] jax_fem: Function split_and_compute_cell took 0.0539 seconds
[06-30 21:37:01][DEBUG] jax_fem: Computing cell residual...
[06-30 21:37:01][DEBUG] jax_fem: Function split_and_compute_cell took 0.0676 seconds
[06-30 21:37:01][INFO] jax_fem: CuDSS backward: solving adjoint problem …
[06-30 21:37:01][DEBUG] jax_fem: DeviceProblem: computing Jacobian on device
[06-30 21:37:01][DEBUG] jax_fem: Function split_and_compute_cell took 0.0283 seconds
[06-30 21:37:01][DEBUG] jax_fem: Computing cell residual...
[06-30 21:37:01][DEBUG] jax_fem: Function split_and_compute_cell took 0.0591 seconds
