[gl020.hpc.nyu.edu:3593492] pmix_mca_base_component_repository_open: unable to open /scratch/lf2869/conda_envs/desc/lib/pmix/pmix_mca_pcompress_zlib.so: File /scratch/lf2869/conda_envs/desc/lib/pmix/pmix_mca_pcompress_zlib.so.sl not found (ignored)
[06-24 14:02:42][INFO] jax_fem: pyamgx not installed. AMGX solver disabled.
[06-24 14:02:48][DEBUG] jax_fem: Computing shape function values, gradients, etc.
[06-24 14:02:48][DEBUG] jax_fem: ele_type = TET10, quad_points.shape = (num_quads, dim) = (4, 3)
[06-24 14:02:48][DEBUG] jax_fem: face_quad_points.shape = (num_faces, num_face_quads, dim) = (4, 3, 3)
[06-24 14:02:48][DEBUG] jax_fem: Done pre-computations, took 0.06244850158691406 [s]
[06-24 14:02:48][INFO] jax_fem: Solving a problem with 1920 cells, 4160x3 = 12480 dofs.
[06-24 14:02:48][INFO] jax_fem: Element type is TET10, using 4 quad points per element.
[06-24 14:02:48][DEBUG] jax_fem: face_quad_points.shape = (num_faces, num_face_quads, dim) = (4, 3, 3)
[06-24 14:02:48][DEBUG] jax_fem: face_quad_points.shape = (num_faces, num_face_quads, dim) = (4, 6, 3)
[06-24 14:02:48][INFO] jax_fem: CuDSSNewtonSolver: building CSR pattern …
[06-24 14:02:48][INFO] jax_fem: CuDSSNewtonSolver: CSR pattern built in 0.32s  n=12480  nnz_csr=845280
[06-24 14:02:48][INFO] jax_fem: CuDSSNewtonSolver: building BC metadata …
[06-24 14:02:48][INFO] jax_fem: CuDSSNewtonSolver: instantiating cuDSS solver …
/scratch/lf2869/code/coilforce/src/coilforce/cudss_solver.py:384: UserWarning: A JAX array is being set as static! This can result in unexpected behavior and is usually a mistake to do.
  self.cudss = CuDSSSolver(
[06-24 14:02:48][DEBUG] jax_fem: Computing shape function values, gradients, etc.
[06-24 14:02:48][DEBUG] jax_fem: ele_type = TET10, quad_points.shape = (num_quads, dim) = (4, 3)
[06-24 14:02:48][DEBUG] jax_fem: face_quad_points.shape = (num_faces, num_face_quads, dim) = (4, 3, 3)
[06-24 14:02:48][DEBUG] jax_fem: Done pre-computations, took 0.008111238479614258 [s]
[06-24 14:02:48][INFO] jax_fem: Solving a problem with 1920 cells, 4160x3 = 12480 dofs.
[06-24 14:02:48][INFO] jax_fem: Element type is TET10, using 4 quad points per element.
[06-24 14:02:48][DEBUG] jax_fem: face_quad_points.shape = (num_faces, num_face_quads, dim) = (4, 3, 3)
[06-24 14:02:48][DEBUG] jax_fem: face_quad_points.shape = (num_faces, num_face_quads, dim) = (4, 6, 3)
[06-24 14:02:48][INFO] jax_fem: CuDSSNewtonSolver: building CSR pattern …
[06-24 14:02:49][INFO] jax_fem: CuDSSNewtonSolver: CSR pattern built in 0.31s  n=12480  nnz_csr=845280
[06-24 14:02:49][INFO] jax_fem: CuDSSNewtonSolver: building BC metadata …
[06-24 14:02:49][INFO] jax_fem: CuDSSNewtonSolver: instantiating cuDSS solver …
[06-24 14:02:49][DEBUG] jax_fem: Computing shape function values, gradients, etc.
[06-24 14:02:49][DEBUG] jax_fem: ele_type = TET10, quad_points.shape = (num_quads, dim) = (4, 3)
[06-24 14:02:49][DEBUG] jax_fem: face_quad_points.shape = (num_faces, num_face_quads, dim) = (4, 3, 3)
[06-24 14:02:49][DEBUG] jax_fem: Done pre-computations, took 0.008254766464233398 [s]
[06-24 14:02:49][INFO] jax_fem: Solving a problem with 1920 cells, 4160x3 = 12480 dofs.
[06-24 14:02:49][INFO] jax_fem: Element type is TET10, using 4 quad points per element.
[06-24 14:02:49][DEBUG] jax_fem: face_quad_points.shape = (num_faces, num_face_quads, dim) = (4, 3, 3)
[06-24 14:02:49][DEBUG] jax_fem: face_quad_points.shape = (num_faces, num_face_quads, dim) = (4, 6, 3)
[06-24 14:02:49][INFO] jax_fem: CuDSSNewtonSolver: building CSR pattern …
[06-24 14:02:49][INFO] jax_fem: CuDSSNewtonSolver: CSR pattern built in 0.31s  n=12480  nnz_csr=845280
[06-24 14:02:49][INFO] jax_fem: CuDSSNewtonSolver: building BC metadata …
[06-24 14:02:49][INFO] jax_fem: CuDSSNewtonSolver: instantiating cuDSS solver …
[06-24 14:02:49][DEBUG] jax_fem: Computing shape function values, gradients, etc.
[06-24 14:02:49][DEBUG] jax_fem: ele_type = TET10, quad_points.shape = (num_quads, dim) = (4, 3)
[06-24 14:02:49][DEBUG] jax_fem: face_quad_points.shape = (num_faces, num_face_quads, dim) = (4, 3, 3)
[06-24 14:02:49][DEBUG] jax_fem: Done pre-computations, took 0.008388996124267578 [s]
[06-24 14:02:49][INFO] jax_fem: Solving a problem with 1920 cells, 4160x3 = 12480 dofs.
[06-24 14:02:49][INFO] jax_fem: Element type is TET10, using 4 quad points per element.
[06-24 14:02:49][DEBUG] jax_fem: face_quad_points.shape = (num_faces, num_face_quads, dim) = (4, 3, 3)
[06-24 14:02:49][DEBUG] jax_fem: face_quad_points.shape = (num_faces, num_face_quads, dim) = (4, 6, 3)
[06-24 14:02:49][INFO] jax_fem: CuDSSNewtonSolver: building CSR pattern …
[06-24 14:02:49][INFO] jax_fem: CuDSSNewtonSolver: CSR pattern built in 0.30s  n=12480  nnz_csr=845280
[06-24 14:02:49][INFO] jax_fem: CuDSSNewtonSolver: building BC metadata …
[06-24 14:02:49][INFO] jax_fem: CuDSSNewtonSolver: instantiating cuDSS solver …
[06-24 14:02:49][DEBUG] jax_fem: Computing shape function values, gradients, etc.
[06-24 14:02:49][DEBUG] jax_fem: ele_type = TET10, quad_points.shape = (num_quads, dim) = (4, 3)
[06-24 14:02:49][DEBUG] jax_fem: face_quad_points.shape = (num_faces, num_face_quads, dim) = (4, 3, 3)
[06-24 14:02:49][DEBUG] jax_fem: Done pre-computations, took 0.007895469665527344 [s]
[06-24 14:02:49][INFO] jax_fem: Solving a problem with 1920 cells, 4160x3 = 12480 dofs.
[06-24 14:02:49][INFO] jax_fem: Element type is TET10, using 4 quad points per element.
[06-24 14:02:49][DEBUG] jax_fem: face_quad_points.shape = (num_faces, num_face_quads, dim) = (4, 3, 3)
[06-24 14:02:49][DEBUG] jax_fem: face_quad_points.shape = (num_faces, num_face_quads, dim) = (4, 6, 3)
[06-24 14:02:49][INFO] jax_fem: CuDSSNewtonSolver: building CSR pattern …
[06-24 14:02:50][INFO] jax_fem: CuDSSNewtonSolver: CSR pattern built in 0.31s  n=12480  nnz_csr=845280
[06-24 14:02:50][INFO] jax_fem: CuDSSNewtonSolver: building BC metadata …
[06-24 14:02:50][INFO] jax_fem: CuDSSNewtonSolver: instantiating cuDSS solver …
[06-24 14:03:12][DEBUG] jax_fem: CuDSSNewtonSolver: starting Newton loop
[06-24 14:03:13][DEBUG] jax_fem: JaxAssembledMixin: computing Jacobian on device
[06-24 14:03:13][DEBUG] jax_fem: Function split_and_compute_cell took 0.6813 seconds
[06-24 14:03:14][DEBUG] jax_fem: CuDSSNewtonSolver: initial residual = 7.216e+05
[06-24 14:03:15][DEBUG] jax_fem: JaxAssembledMixin: computing Jacobian on device
[06-24 14:03:15][DEBUG] jax_fem: Function split_and_compute_cell took 0.0223 seconds
[06-24 14:03:15][DEBUG] jax_fem: CuDSSNewtonSolver: iter=1  res=5.768e-06  rel=7.993e-12
[06-24 14:03:15][INFO] jax_fem: CuDSSNewtonSolver: solve finished in 3.41s  res=5.768e-06
[06-24 14:03:16][DEBUG] jax_fem: CuDSSNewtonSolver: starting Newton loop
[06-24 14:03:16][DEBUG] jax_fem: JaxAssembledMixin: computing Jacobian on device
[06-24 14:03:16][DEBUG] jax_fem: Function split_and_compute_cell took 0.2669 seconds
[06-24 14:03:17][DEBUG] jax_fem: CuDSSNewtonSolver: initial residual = 7.188e+05
[06-24 14:03:17][DEBUG] jax_fem: JaxAssembledMixin: computing Jacobian on device
[06-24 14:03:17][DEBUG] jax_fem: Function split_and_compute_cell took 0.0626 seconds
[06-24 14:03:17][DEBUG] jax_fem: CuDSSNewtonSolver: iter=1  res=6.166e-06  rel=8.577e-12
[06-24 14:03:17][INFO] jax_fem: CuDSSNewtonSolver: solve finished in 0.60s  res=6.166e-06
[06-24 14:03:17][DEBUG] jax_fem: CuDSSNewtonSolver: starting Newton loop
[06-24 14:03:17][DEBUG] jax_fem: JaxAssembledMixin: computing Jacobian on device
[06-24 14:03:17][DEBUG] jax_fem: Function split_and_compute_cell took 0.2369 seconds
[06-24 14:03:17][DEBUG] jax_fem: CuDSSNewtonSolver: initial residual = 7.101e+05
[06-24 14:03:17][DEBUG] jax_fem: JaxAssembledMixin: computing Jacobian on device
[06-24 14:03:17][DEBUG] jax_fem: Function split_and_compute_cell took 0.0363 seconds
[06-24 14:03:17][DEBUG] jax_fem: CuDSSNewtonSolver: iter=1  res=1.577e-05  rel=2.222e-11
[06-24 14:03:17][INFO] jax_fem: CuDSSNewtonSolver: solve finished in 0.46s  res=1.577e-05
[06-24 14:03:18][DEBUG] jax_fem: CuDSSNewtonSolver: starting Newton loop
[06-24 14:03:18][DEBUG] jax_fem: JaxAssembledMixin: computing Jacobian on device
[06-24 14:03:18][DEBUG] jax_fem: Function split_and_compute_cell took 0.2207 seconds
[06-24 14:03:18][DEBUG] jax_fem: CuDSSNewtonSolver: initial residual = 7.049e+05
[06-24 14:03:18][DEBUG] jax_fem: JaxAssembledMixin: computing Jacobian on device
[06-24 14:03:18][DEBUG] jax_fem: Function split_and_compute_cell took 0.0614 seconds
[06-24 14:03:18][DEBUG] jax_fem: CuDSSNewtonSolver: iter=1  res=1.972e-05  rel=2.797e-11
[06-24 14:03:18][INFO] jax_fem: CuDSSNewtonSolver: solve finished in 0.47s  res=1.972e-05
[06-24 14:03:19][DEBUG] jax_fem: CuDSSNewtonSolver: starting Newton loop
[06-24 14:03:19][DEBUG] jax_fem: JaxAssembledMixin: computing Jacobian on device
[06-24 14:03:19][DEBUG] jax_fem: Function split_and_compute_cell took 0.2416 seconds
[06-24 14:03:19][DEBUG] jax_fem: CuDSSNewtonSolver: initial residual = 6.891e+05
[06-24 14:03:19][DEBUG] jax_fem: JaxAssembledMixin: computing Jacobian on device
[06-24 14:03:19][DEBUG] jax_fem: Function split_and_compute_cell took 0.0511 seconds
[06-24 14:03:19][DEBUG] jax_fem: CuDSSNewtonSolver: iter=1  res=1.007e-05  rel=1.461e-11
[06-24 14:03:19][INFO] jax_fem: CuDSSNewtonSolver: solve finished in 0.49s  res=1.007e-05
[06-24 14:03:43][DEBUG] jax_fem: CuDSSNewtonSolver: starting Newton loop
[06-24 14:03:43][DEBUG] jax_fem: JaxAssembledMixin: computing Jacobian on device
[06-24 14:03:43][DEBUG] jax_fem: Function split_and_compute_cell took 0.0264 seconds
[06-24 14:03:43][DEBUG] jax_fem: CuDSSNewtonSolver: initial residual = 7.216e+05
[06-24 14:03:43][DEBUG] jax_fem: JaxAssembledMixin: computing Jacobian on device
[06-24 14:03:43][DEBUG] jax_fem: Function split_and_compute_cell took 0.0274 seconds
[06-24 14:03:43][DEBUG] jax_fem: CuDSSNewtonSolver: iter=1  res=6.116e-06  rel=8.475e-12
[06-24 14:03:43][INFO] jax_fem: CuDSSNewtonSolver: solve finished in 0.09s  res=6.116e-06
[06-24 14:03:44][DEBUG] jax_fem: CuDSSNewtonSolver: starting Newton loop
[06-24 14:03:44][DEBUG] jax_fem: JaxAssembledMixin: computing Jacobian on device
[06-24 14:03:44][DEBUG] jax_fem: Function split_and_compute_cell took 0.0268 seconds
[06-24 14:03:44][DEBUG] jax_fem: CuDSSNewtonSolver: initial residual = 7.188e+05
[06-24 14:03:44][DEBUG] jax_fem: JaxAssembledMixin: computing Jacobian on device
[06-24 14:03:44][DEBUG] jax_fem: Function split_and_compute_cell took 0.0271 seconds
[06-24 14:03:44][DEBUG] jax_fem: CuDSSNewtonSolver: iter=1  res=6.277e-06  rel=8.733e-12
[06-24 14:03:44][INFO] jax_fem: CuDSSNewtonSolver: solve finished in 0.09s  res=6.277e-06
[06-24 14:03:45][DEBUG] jax_fem: CuDSSNewtonSolver: starting Newton loop
[06-24 14:03:45][DEBUG] jax_fem: JaxAssembledMixin: computing Jacobian on device
[06-24 14:03:45][DEBUG] jax_fem: Function split_and_compute_cell took 0.0268 seconds
[06-24 14:03:45][DEBUG] jax_fem: CuDSSNewtonSolver: initial residual = 7.101e+05
[06-24 14:03:45][DEBUG] jax_fem: JaxAssembledMixin: computing Jacobian on device
[06-24 14:03:45][DEBUG] jax_fem: Function split_and_compute_cell took 0.0264 seconds
[06-24 14:03:45][DEBUG] jax_fem: CuDSSNewtonSolver: iter=1  res=1.514e-05  rel=2.132e-11
[06-24 14:03:45][INFO] jax_fem: CuDSSNewtonSolver: solve finished in 0.09s  res=1.514e-05
[06-24 14:03:46][DEBUG] jax_fem: CuDSSNewtonSolver: starting Newton loop
[06-24 14:03:46][DEBUG] jax_fem: JaxAssembledMixin: computing Jacobian on device
[06-24 14:03:46][DEBUG] jax_fem: Function split_and_compute_cell took 0.0273 seconds
[06-24 14:03:46][DEBUG] jax_fem: CuDSSNewtonSolver: initial residual = 7.049e+05
[06-24 14:03:46][DEBUG] jax_fem: JaxAssembledMixin: computing Jacobian on device
[06-24 14:03:46][DEBUG] jax_fem: Function split_and_compute_cell took 0.0254 seconds
[06-24 14:03:46][DEBUG] jax_fem: CuDSSNewtonSolver: iter=1  res=1.954e-05  rel=2.771e-11
[06-24 14:03:46][INFO] jax_fem: CuDSSNewtonSolver: solve finished in 0.09s  res=1.954e-05
[06-24 14:03:47][DEBUG] jax_fem: CuDSSNewtonSolver: starting Newton loop
[06-24 14:03:47][DEBUG] jax_fem: JaxAssembledMixin: computing Jacobian on device
[06-24 14:03:47][DEBUG] jax_fem: Function split_and_compute_cell took 0.0271 seconds
[06-24 14:03:47][DEBUG] jax_fem: CuDSSNewtonSolver: initial residual = 6.891e+05
[06-24 14:03:47][DEBUG] jax_fem: JaxAssembledMixin: computing Jacobian on device
[06-24 14:03:47][DEBUG] jax_fem: Function split_and_compute_cell took 0.0258 seconds
[06-24 14:03:47][DEBUG] jax_fem: CuDSSNewtonSolver: iter=1  res=9.630e-06  rel=1.397e-11
[06-24 14:03:47][INFO] jax_fem: CuDSSNewtonSolver: solve finished in 0.09s  res=9.630e-06
[06-24 14:03:48][INFO] jax_fem: CuDSS backward: solving adjoint problem …
[06-24 14:03:50][DEBUG] jax_fem: JaxAssembledMixin: computing Jacobian on device
[06-24 14:03:50][DEBUG] jax_fem: Function split_and_compute_cell took 0.6628 seconds
[06-24 14:03:53][DEBUG] jax_fem: Computing cell residual...
[06-24 14:03:53][DEBUG] jax_fem: Function split_and_compute_cell took 0.2380 seconds
[06-24 14:04:16][INFO] jax_fem: CuDSS backward: solving adjoint problem …
[06-24 14:04:16][DEBUG] jax_fem: JaxAssembledMixin: computing Jacobian on device
[06-24 14:04:16][DEBUG] jax_fem: Function split_and_compute_cell took 0.2439 seconds
[06-24 14:04:17][DEBUG] jax_fem: Computing cell residual...
[06-24 14:04:17][DEBUG] jax_fem: Function split_and_compute_cell took 0.2064 seconds
[06-24 14:04:17][INFO] jax_fem: CuDSS backward: solving adjoint problem …
[06-24 14:04:17][DEBUG] jax_fem: JaxAssembledMixin: computing Jacobian on device
[06-24 14:04:18][DEBUG] jax_fem: Function split_and_compute_cell took 0.2228 seconds
[06-24 14:04:18][DEBUG] jax_fem: Computing cell residual...
[06-24 14:04:18][DEBUG] jax_fem: Function split_and_compute_cell took 0.2143 seconds
[06-24 14:04:19][INFO] jax_fem: CuDSS backward: solving adjoint problem …
[06-24 14:04:19][DEBUG] jax_fem: JaxAssembledMixin: computing Jacobian on device
[06-24 14:04:19][DEBUG] jax_fem: Function split_and_compute_cell took 0.2567 seconds
[06-24 14:04:19][DEBUG] jax_fem: Computing cell residual...
[06-24 14:04:19][DEBUG] jax_fem: Function split_and_compute_cell took 0.2208 seconds
[06-24 14:04:20][INFO] jax_fem: CuDSS backward: solving adjoint problem …
[06-24 14:04:20][DEBUG] jax_fem: JaxAssembledMixin: computing Jacobian on device
[06-24 14:04:20][DEBUG] jax_fem: Function split_and_compute_cell took 0.2273 seconds
[06-24 14:04:20][DEBUG] jax_fem: Computing cell residual...
[06-24 14:04:20][DEBUG] jax_fem: Function split_and_compute_cell took 0.2072 seconds
[06-24 14:04:23][DEBUG] jax_fem: CuDSSNewtonSolver: starting Newton loop
[06-24 14:04:23][DEBUG] jax_fem: JaxAssembledMixin: computing Jacobian on device
[06-24 14:04:23][DEBUG] jax_fem: Function split_and_compute_cell took 0.0242 seconds
[06-24 14:04:23][DEBUG] jax_fem: CuDSSNewtonSolver: initial residual = 7.216e+05
[06-24 14:04:23][DEBUG] jax_fem: JaxAssembledMixin: computing Jacobian on device
[06-24 14:04:24][DEBUG] jax_fem: Function split_and_compute_cell took 0.0503 seconds
[06-24 14:04:24][DEBUG] jax_fem: CuDSSNewtonSolver: iter=1  res=6.586e-06  rel=9.127e-12
[06-24 14:04:24][INFO] jax_fem: CuDSSNewtonSolver: solve finished in 0.12s  res=6.586e-06
[06-24 14:04:24][DEBUG] jax_fem: CuDSSNewtonSolver: starting Newton loop
[06-24 14:04:24][DEBUG] jax_fem: JaxAssembledMixin: computing Jacobian on device
[06-24 14:04:24][DEBUG] jax_fem: Function split_and_compute_cell took 0.0441 seconds
[06-24 14:04:24][DEBUG] jax_fem: CuDSSNewtonSolver: initial residual = 7.188e+05
[06-24 14:04:24][DEBUG] jax_fem: JaxAssembledMixin: computing Jacobian on device
[06-24 14:04:24][DEBUG] jax_fem: Function split_and_compute_cell took 0.0380 seconds
[06-24 14:04:24][DEBUG] jax_fem: CuDSSNewtonSolver: iter=1  res=8.368e-06  rel=1.164e-11
[06-24 14:04:24][INFO] jax_fem: CuDSSNewtonSolver: solve finished in 0.12s  res=8.368e-06
[06-24 14:04:24][DEBUG] jax_fem: CuDSSNewtonSolver: starting Newton loop
[06-24 14:04:24][DEBUG] jax_fem: JaxAssembledMixin: computing Jacobian on device
[06-24 14:04:24][DEBUG] jax_fem: Function split_and_compute_cell took 0.0454 seconds
[06-24 14:04:24][DEBUG] jax_fem: CuDSSNewtonSolver: initial residual = 7.101e+05
[06-24 14:04:24][DEBUG] jax_fem: JaxAssembledMixin: computing Jacobian on device
[06-24 14:04:24][DEBUG] jax_fem: Function split_and_compute_cell took 0.0367 seconds
[06-24 14:04:24][DEBUG] jax_fem: CuDSSNewtonSolver: iter=1  res=4.646e-05  rel=6.543e-11
[06-24 14:04:24][INFO] jax_fem: CuDSSNewtonSolver: solve finished in 0.13s  res=4.646e-05
[06-24 14:04:25][DEBUG] jax_fem: CuDSSNewtonSolver: starting Newton loop
[06-24 14:04:25][DEBUG] jax_fem: JaxAssembledMixin: computing Jacobian on device
[06-24 14:04:25][DEBUG] jax_fem: Function split_and_compute_cell took 0.0431 seconds
[06-24 14:04:25][DEBUG] jax_fem: CuDSSNewtonSolver: initial residual = 7.049e+05
[06-24 14:04:25][DEBUG] jax_fem: JaxAssembledMixin: computing Jacobian on device
[06-24 14:04:25][DEBUG] jax_fem: Function split_and_compute_cell took 0.0412 seconds
[06-24 14:04:25][DEBUG] jax_fem: CuDSSNewtonSolver: iter=1  res=9.184e-06  rel=1.303e-11
[06-24 14:04:25][INFO] jax_fem: CuDSSNewtonSolver: solve finished in 0.13s  res=9.184e-06
[06-24 14:04:25][DEBUG] jax_fem: CuDSSNewtonSolver: starting Newton loop
[06-24 14:04:25][DEBUG] jax_fem: JaxAssembledMixin: computing Jacobian on device
[06-24 14:04:25][DEBUG] jax_fem: Function split_and_compute_cell took 0.0366 seconds
[06-24 14:04:25][DEBUG] jax_fem: CuDSSNewtonSolver: initial residual = 6.891e+05
[06-24 14:04:25][DEBUG] jax_fem: JaxAssembledMixin: computing Jacobian on device
[06-24 14:04:25][DEBUG] jax_fem: Function split_and_compute_cell took 0.0342 seconds
[06-24 14:04:25][DEBUG] jax_fem: CuDSSNewtonSolver: iter=1  res=2.669e-05  rel=3.873e-11
[06-24 14:04:25][INFO] jax_fem: CuDSSNewtonSolver: solve finished in 0.11s  res=2.669e-05
[06-24 14:04:27][DEBUG] jax_fem: CuDSSNewtonSolver: starting Newton loop
[06-24 14:04:27][DEBUG] jax_fem: JaxAssembledMixin: computing Jacobian on device
[06-24 14:04:27][DEBUG] jax_fem: Function split_and_compute_cell took 0.0262 seconds
[06-24 14:04:27][DEBUG] jax_fem: CuDSSNewtonSolver: initial residual = 7.216e+05
[06-24 14:04:27][DEBUG] jax_fem: JaxAssembledMixin: computing Jacobian on device
[06-24 14:04:27][DEBUG] jax_fem: Function split_and_compute_cell took 0.0293 seconds
[06-24 14:04:27][DEBUG] jax_fem: CuDSSNewtonSolver: iter=1  res=6.539e-06  rel=9.062e-12
[06-24 14:04:27][INFO] jax_fem: CuDSSNewtonSolver: solve finished in 0.09s  res=6.539e-06
[06-24 14:04:28][DEBUG] jax_fem: CuDSSNewtonSolver: starting Newton loop
[06-24 14:04:28][DEBUG] jax_fem: JaxAssembledMixin: computing Jacobian on device
[06-24 14:04:28][DEBUG] jax_fem: Function split_and_compute_cell took 0.0253 seconds
[06-24 14:04:28][DEBUG] jax_fem: CuDSSNewtonSolver: initial residual = 7.188e+05
[06-24 14:04:28][DEBUG] jax_fem: JaxAssembledMixin: computing Jacobian on device
[06-24 14:04:28][DEBUG] jax_fem: Function split_and_compute_cell took 0.0247 seconds
[06-24 14:04:28][DEBUG] jax_fem: CuDSSNewtonSolver: iter=1  res=8.264e-06  rel=1.150e-11
[06-24 14:04:28][INFO] jax_fem: CuDSSNewtonSolver: solve finished in 0.09s  res=8.264e-06
[06-24 14:04:29][DEBUG] jax_fem: CuDSSNewtonSolver: starting Newton loop
[06-24 14:04:29][DEBUG] jax_fem: JaxAssembledMixin: computing Jacobian on device
[06-24 14:04:29][DEBUG] jax_fem: Function split_and_compute_cell took 0.0231 seconds
[06-24 14:04:29][DEBUG] jax_fem: CuDSSNewtonSolver: initial residual = 7.101e+05
[06-24 14:04:29][DEBUG] jax_fem: JaxAssembledMixin: computing Jacobian on device
[06-24 14:04:29][DEBUG] jax_fem: Function split_and_compute_cell took 0.0259 seconds
[06-24 14:04:29][DEBUG] jax_fem: CuDSSNewtonSolver: iter=1  res=4.674e-05  rel=6.583e-11
[06-24 14:04:29][INFO] jax_fem: CuDSSNewtonSolver: solve finished in 0.09s  res=4.674e-05
[06-24 14:04:29][DEBUG] jax_fem: CuDSSNewtonSolver: starting Newton loop
[06-24 14:04:29][DEBUG] jax_fem: JaxAssembledMixin: computing Jacobian on device
[06-24 14:04:29][DEBUG] jax_fem: Function split_and_compute_cell took 0.0254 seconds
[06-24 14:04:29][DEBUG] jax_fem: CuDSSNewtonSolver: initial residual = 7.049e+05
[06-24 14:04:29][DEBUG] jax_fem: JaxAssembledMixin: computing Jacobian on device
[06-24 14:04:29][DEBUG] jax_fem: Function split_and_compute_cell took 0.0260 seconds
[06-24 14:04:29][DEBUG] jax_fem: CuDSSNewtonSolver: iter=1  res=9.449e-06  rel=1.340e-11
[06-24 14:04:29][INFO] jax_fem: CuDSSNewtonSolver: solve finished in 0.09s  res=9.449e-06
[06-24 14:04:30][DEBUG] jax_fem: CuDSSNewtonSolver: starting Newton loop
[06-24 14:04:30][DEBUG] jax_fem: JaxAssembledMixin: computing Jacobian on device
[06-24 14:04:30][DEBUG] jax_fem: Function split_and_compute_cell took 0.0270 seconds
[06-24 14:04:30][DEBUG] jax_fem: CuDSSNewtonSolver: initial residual = 6.891e+05
[06-24 14:04:30][DEBUG] jax_fem: JaxAssembledMixin: computing Jacobian on device
[06-24 14:04:30][DEBUG] jax_fem: Function split_and_compute_cell took 0.0243 seconds
[06-24 14:04:30][DEBUG] jax_fem: CuDSSNewtonSolver: iter=1  res=2.662e-05  rel=3.862e-11
[06-24 14:04:30][INFO] jax_fem: CuDSSNewtonSolver: solve finished in 0.09s  res=2.662e-05
[06-24 14:04:30][INFO] jax_fem: CuDSS backward: solving adjoint problem …
[06-24 14:04:30][DEBUG] jax_fem: JaxAssembledMixin: computing Jacobian on device
[06-24 14:04:30][DEBUG] jax_fem: Function split_and_compute_cell took 0.0439 seconds
[06-24 14:04:31][DEBUG] jax_fem: Computing cell residual...
[06-24 14:04:31][DEBUG] jax_fem: Function split_and_compute_cell took 0.0683 seconds
[06-24 14:04:31][INFO] jax_fem: CuDSS backward: solving adjoint problem …
[06-24 14:04:31][DEBUG] jax_fem: JaxAssembledMixin: computing Jacobian on device
[06-24 14:04:31][DEBUG] jax_fem: Function split_and_compute_cell took 0.0452 seconds
[06-24 14:04:31][DEBUG] jax_fem: Computing cell residual...
[06-24 14:04:31][DEBUG] jax_fem: Function split_and_compute_cell took 0.0699 seconds
[06-24 14:04:31][INFO] jax_fem: CuDSS backward: solving adjoint problem …
[06-24 14:04:31][DEBUG] jax_fem: JaxAssembledMixin: computing Jacobian on device
[06-24 14:04:31][DEBUG] jax_fem: Function split_and_compute_cell took 0.0480 seconds
[06-24 14:04:31][DEBUG] jax_fem: Computing cell residual...
[06-24 14:04:31][DEBUG] jax_fem: Function split_and_compute_cell took 0.0775 seconds
[06-24 14:04:32][INFO] jax_fem: CuDSS backward: solving adjoint problem …
[06-24 14:04:32][DEBUG] jax_fem: JaxAssembledMixin: computing Jacobian on device
[06-24 14:04:32][DEBUG] jax_fem: Function split_and_compute_cell took 0.0338 seconds
[06-24 14:04:32][DEBUG] jax_fem: Computing cell residual...
[06-24 14:04:32][DEBUG] jax_fem: Function split_and_compute_cell took 0.0649 seconds
[06-24 14:04:32][INFO] jax_fem: CuDSS backward: solving adjoint problem …
[06-24 14:04:32][DEBUG] jax_fem: JaxAssembledMixin: computing Jacobian on device
[06-24 14:04:32][DEBUG] jax_fem: Function split_and_compute_cell took 0.0610 seconds
[06-24 14:04:32][DEBUG] jax_fem: Computing cell residual...
[06-24 14:04:32][DEBUG] jax_fem: Function split_and_compute_cell took 0.0674 seconds
[06-24 14:04:34][DEBUG] jax_fem: CuDSSNewtonSolver: starting Newton loop
[06-24 14:04:34][DEBUG] jax_fem: JaxAssembledMixin: computing Jacobian on device
[06-24 14:04:34][DEBUG] jax_fem: Function split_and_compute_cell took 0.0342 seconds
[06-24 14:04:34][DEBUG] jax_fem: CuDSSNewtonSolver: initial residual = 7.216e+05
[06-24 14:04:34][DEBUG] jax_fem: JaxAssembledMixin: computing Jacobian on device
[06-24 14:04:34][DEBUG] jax_fem: Function split_and_compute_cell took 0.0346 seconds
[06-24 14:04:34][DEBUG] jax_fem: CuDSSNewtonSolver: iter=1  res=6.101e-06  rel=8.454e-12
[06-24 14:04:34][INFO] jax_fem: CuDSSNewtonSolver: solve finished in 0.12s  res=6.101e-06
[06-24 14:04:34][DEBUG] jax_fem: CuDSSNewtonSolver: starting Newton loop
[06-24 14:04:34][DEBUG] jax_fem: JaxAssembledMixin: computing Jacobian on device
[06-24 14:04:34][DEBUG] jax_fem: Function split_and_compute_cell took 0.0585 seconds
[06-24 14:04:34][DEBUG] jax_fem: CuDSSNewtonSolver: initial residual = 7.188e+05
[06-24 14:04:34][DEBUG] jax_fem: JaxAssembledMixin: computing Jacobian on device
[06-24 14:04:35][DEBUG] jax_fem: Function split_and_compute_cell took 0.0537 seconds
[06-24 14:04:35][DEBUG] jax_fem: CuDSSNewtonSolver: iter=1  res=5.719e-06  rel=7.956e-12
[06-24 14:04:35][INFO] jax_fem: CuDSSNewtonSolver: solve finished in 0.16s  res=5.719e-06
[06-24 14:04:35][DEBUG] jax_fem: CuDSSNewtonSolver: starting Newton loop
[06-24 14:04:35][DEBUG] jax_fem: JaxAssembledMixin: computing Jacobian on device
[06-24 14:04:35][DEBUG] jax_fem: Function split_and_compute_cell took 0.0336 seconds
[06-24 14:04:35][DEBUG] jax_fem: CuDSSNewtonSolver: initial residual = 7.101e+05
[06-24 14:04:35][DEBUG] jax_fem: JaxAssembledMixin: computing Jacobian on device
[06-24 14:04:35][DEBUG] jax_fem: Function split_and_compute_cell took 0.0398 seconds
[06-24 14:04:35][DEBUG] jax_fem: CuDSSNewtonSolver: iter=1  res=7.887e-06  rel=1.111e-11
[06-24 14:04:35][INFO] jax_fem: CuDSSNewtonSolver: solve finished in 0.12s  res=7.887e-06
[06-24 14:04:35][DEBUG] jax_fem: CuDSSNewtonSolver: starting Newton loop
[06-24 14:04:35][DEBUG] jax_fem: JaxAssembledMixin: computing Jacobian on device
[06-24 14:04:35][DEBUG] jax_fem: Function split_and_compute_cell took 0.0593 seconds
[06-24 14:04:35][DEBUG] jax_fem: CuDSSNewtonSolver: initial residual = 7.049e+05
[06-24 14:04:35][DEBUG] jax_fem: JaxAssembledMixin: computing Jacobian on device
[06-24 14:04:35][DEBUG] jax_fem: Function split_and_compute_cell took 0.0334 seconds
[06-24 14:04:35][DEBUG] jax_fem: CuDSSNewtonSolver: iter=1  res=1.117e-05  rel=1.585e-11
[06-24 14:04:35][INFO] jax_fem: CuDSSNewtonSolver: solve finished in 0.14s  res=1.117e-05
[06-24 14:04:36][DEBUG] jax_fem: CuDSSNewtonSolver: starting Newton loop
[06-24 14:04:36][DEBUG] jax_fem: JaxAssembledMixin: computing Jacobian on device
[06-24 14:04:36][DEBUG] jax_fem: Function split_and_compute_cell took 0.0327 seconds
[06-24 14:04:36][DEBUG] jax_fem: CuDSSNewtonSolver: initial residual = 6.891e+05
[06-24 14:04:36][DEBUG] jax_fem: JaxAssembledMixin: computing Jacobian on device
[06-24 14:04:36][DEBUG] jax_fem: Function split_and_compute_cell took 0.0245 seconds
[06-24 14:04:36][DEBUG] jax_fem: CuDSSNewtonSolver: iter=1  res=7.700e-06  rel=1.117e-11
[06-24 14:04:36][INFO] jax_fem: CuDSSNewtonSolver: solve finished in 0.10s  res=7.700e-06
[06-24 14:04:38][DEBUG] jax_fem: CuDSSNewtonSolver: starting Newton loop
[06-24 14:04:38][DEBUG] jax_fem: JaxAssembledMixin: computing Jacobian on device
[06-24 14:04:38][DEBUG] jax_fem: Function split_and_compute_cell took 0.0274 seconds
[06-24 14:04:38][DEBUG] jax_fem: CuDSSNewtonSolver: initial residual = 7.216e+05
[06-24 14:04:38][DEBUG] jax_fem: JaxAssembledMixin: computing Jacobian on device
[06-24 14:04:38][DEBUG] jax_fem: Function split_and_compute_cell took 0.0265 seconds
[06-24 14:04:38][DEBUG] jax_fem: CuDSSNewtonSolver: iter=1  res=6.254e-06  rel=8.666e-12
[06-24 14:04:38][INFO] jax_fem: CuDSSNewtonSolver: solve finished in 0.09s  res=6.254e-06
[06-24 14:04:38][DEBUG] jax_fem: CuDSSNewtonSolver: starting Newton loop
[06-24 14:04:38][DEBUG] jax_fem: JaxAssembledMixin: computing Jacobian on device
[06-24 14:04:38][DEBUG] jax_fem: Function split_and_compute_cell took 0.0275 seconds
[06-24 14:04:38][DEBUG] jax_fem: CuDSSNewtonSolver: initial residual = 7.188e+05
[06-24 14:04:38][DEBUG] jax_fem: JaxAssembledMixin: computing Jacobian on device
[06-24 14:04:38][DEBUG] jax_fem: Function split_and_compute_cell took 0.0257 seconds
[06-24 14:04:38][DEBUG] jax_fem: CuDSSNewtonSolver: iter=1  res=5.981e-06  rel=8.320e-12
[06-24 14:04:38][INFO] jax_fem: CuDSSNewtonSolver: solve finished in 0.09s  res=5.981e-06
[06-24 14:04:39][DEBUG] jax_fem: CuDSSNewtonSolver: starting Newton loop
[06-24 14:04:39][DEBUG] jax_fem: JaxAssembledMixin: computing Jacobian on device
[06-24 14:04:39][DEBUG] jax_fem: Function split_and_compute_cell took 0.0268 seconds
[06-24 14:04:39][DEBUG] jax_fem: CuDSSNewtonSolver: initial residual = 7.101e+05
[06-24 14:04:39][DEBUG] jax_fem: JaxAssembledMixin: computing Jacobian on device
[06-24 14:04:39][DEBUG] jax_fem: Function split_and_compute_cell took 0.0277 seconds
[06-24 14:04:39][DEBUG] jax_fem: CuDSSNewtonSolver: iter=1  res=8.083e-06  rel=1.138e-11
[06-24 14:04:39][INFO] jax_fem: CuDSSNewtonSolver: solve finished in 0.09s  res=8.083e-06
[06-24 14:04:40][DEBUG] jax_fem: CuDSSNewtonSolver: starting Newton loop
[06-24 14:04:40][DEBUG] jax_fem: JaxAssembledMixin: computing Jacobian on device
[06-24 14:04:40][DEBUG] jax_fem: Function split_and_compute_cell took 0.0266 seconds
[06-24 14:04:40][DEBUG] jax_fem: CuDSSNewtonSolver: initial residual = 7.049e+05
[06-24 14:04:40][DEBUG] jax_fem: JaxAssembledMixin: computing Jacobian on device
[06-24 14:04:40][DEBUG] jax_fem: Function split_and_compute_cell took 0.0264 seconds
[06-24 14:04:40][DEBUG] jax_fem: CuDSSNewtonSolver: iter=1  res=1.121e-05  rel=1.591e-11
[06-24 14:04:40][INFO] jax_fem: CuDSSNewtonSolver: solve finished in 0.09s  res=1.121e-05
[06-24 14:04:41][DEBUG] jax_fem: CuDSSNewtonSolver: starting Newton loop
[06-24 14:04:41][DEBUG] jax_fem: JaxAssembledMixin: computing Jacobian on device
[06-24 14:04:41][DEBUG] jax_fem: Function split_and_compute_cell took 0.0272 seconds
[06-24 14:04:41][DEBUG] jax_fem: CuDSSNewtonSolver: initial residual = 6.891e+05
[06-24 14:04:41][DEBUG] jax_fem: JaxAssembledMixin: computing Jacobian on device
[06-24 14:04:41][DEBUG] jax_fem: Function split_and_compute_cell took 0.0375 seconds
[06-24 14:04:41][DEBUG] jax_fem: CuDSSNewtonSolver: iter=1  res=7.271e-06  rel=1.055e-11
[06-24 14:04:41][INFO] jax_fem: CuDSSNewtonSolver: solve finished in 0.10s  res=7.271e-06
[06-24 14:04:41][INFO] jax_fem: CuDSS backward: solving adjoint problem …
[06-24 14:04:41][DEBUG] jax_fem: JaxAssembledMixin: computing Jacobian on device
[06-24 14:04:41][DEBUG] jax_fem: Function split_and_compute_cell took 0.0539 seconds
[06-24 14:04:41][DEBUG] jax_fem: Computing cell residual...
[06-24 14:04:41][DEBUG] jax_fem: Function split_and_compute_cell took 0.0674 seconds
[06-24 14:04:41][INFO] jax_fem: CuDSS backward: solving adjoint problem …
[06-24 14:04:41][DEBUG] jax_fem: JaxAssembledMixin: computing Jacobian on device
[06-24 14:04:41][DEBUG] jax_fem: Function split_and_compute_cell took 0.0545 seconds
[06-24 14:04:41][DEBUG] jax_fem: Computing cell residual...
[06-24 14:04:42][DEBUG] jax_fem: Function split_and_compute_cell took 0.2973 seconds
[06-24 14:04:42][INFO] jax_fem: CuDSS backward: solving adjoint problem …
[06-24 14:04:42][DEBUG] jax_fem: JaxAssembledMixin: computing Jacobian on device
[06-24 14:04:42][DEBUG] jax_fem: Function split_and_compute_cell took 0.0374 seconds
[06-24 14:04:42][DEBUG] jax_fem: Computing cell residual...
[06-24 14:04:42][DEBUG] jax_fem: Function split_and_compute_cell took 0.0715 seconds
[06-24 14:04:42][INFO] jax_fem: CuDSS backward: solving adjoint problem …
[06-24 14:04:42][DEBUG] jax_fem: JaxAssembledMixin: computing Jacobian on device
[06-24 14:04:42][DEBUG] jax_fem: Function split_and_compute_cell took 0.0484 seconds
[06-24 14:04:43][DEBUG] jax_fem: Computing cell residual...
[06-24 14:04:43][DEBUG] jax_fem: Function split_and_compute_cell took 0.0745 seconds
[06-24 14:04:43][INFO] jax_fem: CuDSS backward: solving adjoint problem …
[06-24 14:04:43][DEBUG] jax_fem: JaxAssembledMixin: computing Jacobian on device
[06-24 14:04:43][DEBUG] jax_fem: Function split_and_compute_cell took 0.0522 seconds
[06-24 14:04:43][DEBUG] jax_fem: Computing cell residual...
[06-24 14:04:43][DEBUG] jax_fem: Function split_and_compute_cell took 0.0706 seconds
[06-24 14:04:45][DEBUG] jax_fem: CuDSSNewtonSolver: starting Newton loop
[06-24 14:04:45][DEBUG] jax_fem: JaxAssembledMixin: computing Jacobian on device
[06-24 14:04:45][DEBUG] jax_fem: Function split_and_compute_cell took 0.0406 seconds
[06-24 14:04:45][DEBUG] jax_fem: CuDSSNewtonSolver: initial residual = 7.216e+05
[06-24 14:04:45][DEBUG] jax_fem: JaxAssembledMixin: computing Jacobian on device
[06-24 14:04:45][DEBUG] jax_fem: Function split_and_compute_cell took 0.0355 seconds
[06-24 14:04:45][DEBUG] jax_fem: CuDSSNewtonSolver: iter=1  res=6.023e-06  rel=8.347e-12
[06-24 14:04:45][INFO] jax_fem: CuDSSNewtonSolver: solve finished in 0.12s  res=6.023e-06
[06-24 14:04:45][DEBUG] jax_fem: CuDSSNewtonSolver: starting Newton loop
[06-24 14:04:45][DEBUG] jax_fem: JaxAssembledMixin: computing Jacobian on device
[06-24 14:04:45][DEBUG] jax_fem: Function split_and_compute_cell took 0.0374 seconds
[06-24 14:04:45][DEBUG] jax_fem: CuDSSNewtonSolver: initial residual = 7.188e+05
[06-24 14:04:45][DEBUG] jax_fem: JaxAssembledMixin: computing Jacobian on device
[06-24 14:04:45][DEBUG] jax_fem: Function split_and_compute_cell took 0.0531 seconds
[06-24 14:04:45][DEBUG] jax_fem: CuDSSNewtonSolver: iter=1  res=6.325e-06  rel=8.799e-12
[06-24 14:04:45][INFO] jax_fem: CuDSSNewtonSolver: solve finished in 0.13s  res=6.325e-06
[06-24 14:04:46][DEBUG] jax_fem: CuDSSNewtonSolver: starting Newton loop
[06-24 14:04:46][DEBUG] jax_fem: JaxAssembledMixin: computing Jacobian on device
[06-24 14:04:46][DEBUG] jax_fem: Function split_and_compute_cell took 0.0302 seconds
[06-24 14:04:46][DEBUG] jax_fem: CuDSSNewtonSolver: initial residual = 7.101e+05
[06-24 14:04:46][DEBUG] jax_fem: JaxAssembledMixin: computing Jacobian on device
[06-24 14:04:46][DEBUG] jax_fem: Function split_and_compute_cell took 0.0512 seconds
[06-24 14:04:46][DEBUG] jax_fem: CuDSSNewtonSolver: iter=1  res=8.188e-06  rel=1.153e-11
[06-24 14:04:46][INFO] jax_fem: CuDSSNewtonSolver: solve finished in 0.13s  res=8.188e-06
[06-24 14:04:46][DEBUG] jax_fem: CuDSSNewtonSolver: starting Newton loop
[06-24 14:04:46][DEBUG] jax_fem: JaxAssembledMixin: computing Jacobian on device
[06-24 14:04:46][DEBUG] jax_fem: Function split_and_compute_cell took 0.0270 seconds
[06-24 14:04:46][DEBUG] jax_fem: CuDSSNewtonSolver: initial residual = 7.049e+05
[06-24 14:04:46][DEBUG] jax_fem: JaxAssembledMixin: computing Jacobian on device
[06-24 14:04:46][DEBUG] jax_fem: Function split_and_compute_cell took 0.0419 seconds
[06-24 14:04:46][DEBUG] jax_fem: CuDSSNewtonSolver: iter=1  res=1.068e-05  rel=1.515e-11
[06-24 14:04:46][INFO] jax_fem: CuDSSNewtonSolver: solve finished in 0.11s  res=1.068e-05
[06-24 14:04:47][DEBUG] jax_fem: CuDSSNewtonSolver: starting Newton loop
[06-24 14:04:47][DEBUG] jax_fem: JaxAssembledMixin: computing Jacobian on device
[06-24 14:04:47][DEBUG] jax_fem: Function split_and_compute_cell took 0.0536 seconds
[06-24 14:04:47][DEBUG] jax_fem: CuDSSNewtonSolver: initial residual = 6.891e+05
[06-24 14:04:47][DEBUG] jax_fem: JaxAssembledMixin: computing Jacobian on device
[06-24 14:04:47][DEBUG] jax_fem: Function split_and_compute_cell took 0.0544 seconds
[06-24 14:04:47][DEBUG] jax_fem: CuDSSNewtonSolver: iter=1  res=7.329e-06  rel=1.064e-11
[06-24 14:04:47][INFO] jax_fem: CuDSSNewtonSolver: solve finished in 0.15s  res=7.329e-06
[06-24 14:04:48][DEBUG] jax_fem: CuDSSNewtonSolver: starting Newton loop
[06-24 14:04:48][DEBUG] jax_fem: JaxAssembledMixin: computing Jacobian on device
[06-24 14:04:49][DEBUG] jax_fem: Function split_and_compute_cell took 0.0268 seconds
[06-24 14:04:49][DEBUG] jax_fem: CuDSSNewtonSolver: initial residual = 7.216e+05
[06-24 14:04:49][DEBUG] jax_fem: JaxAssembledMixin: computing Jacobian on device
[06-24 14:04:49][DEBUG] jax_fem: Function split_and_compute_cell took 0.0279 seconds
[06-24 14:04:49][DEBUG] jax_fem: CuDSSNewtonSolver: iter=1  res=6.208e-06  rel=8.603e-12
[06-24 14:04:49][INFO] jax_fem: CuDSSNewtonSolver: solve finished in 0.10s  res=6.208e-06
[06-24 14:04:49][DEBUG] jax_fem: CuDSSNewtonSolver: starting Newton loop
[06-24 14:04:49][DEBUG] jax_fem: JaxAssembledMixin: computing Jacobian on device
[06-24 14:04:49][DEBUG] jax_fem: Function split_and_compute_cell took 0.0280 seconds
[06-24 14:04:49][DEBUG] jax_fem: CuDSSNewtonSolver: initial residual = 7.188e+05
[06-24 14:04:49][DEBUG] jax_fem: JaxAssembledMixin: computing Jacobian on device
[06-24 14:04:49][DEBUG] jax_fem: Function split_and_compute_cell took 0.0257 seconds
[06-24 14:04:49][DEBUG] jax_fem: CuDSSNewtonSolver: iter=1  res=6.159e-06  rel=8.567e-12
[06-24 14:04:49][INFO] jax_fem: CuDSSNewtonSolver: solve finished in 0.09s  res=6.159e-06
[06-24 14:04:50][DEBUG] jax_fem: CuDSSNewtonSolver: starting Newton loop
[06-24 14:04:50][DEBUG] jax_fem: JaxAssembledMixin: computing Jacobian on device
[06-24 14:04:50][DEBUG] jax_fem: Function split_and_compute_cell took 0.0268 seconds
[06-24 14:04:50][DEBUG] jax_fem: CuDSSNewtonSolver: initial residual = 7.101e+05
[06-24 14:04:50][DEBUG] jax_fem: JaxAssembledMixin: computing Jacobian on device
[06-24 14:04:50][DEBUG] jax_fem: Function split_and_compute_cell took 0.0272 seconds
[06-24 14:04:50][DEBUG] jax_fem: CuDSSNewtonSolver: iter=1  res=7.996e-06  rel=1.126e-11
[06-24 14:04:50][INFO] jax_fem: CuDSSNewtonSolver: solve finished in 0.09s  res=7.996e-06
[06-24 14:04:51][DEBUG] jax_fem: CuDSSNewtonSolver: starting Newton loop
[06-24 14:04:51][DEBUG] jax_fem: JaxAssembledMixin: computing Jacobian on device
[06-24 14:04:51][DEBUG] jax_fem: Function split_and_compute_cell took 0.0263 seconds
[06-24 14:04:51][DEBUG] jax_fem: CuDSSNewtonSolver: initial residual = 7.049e+05
[06-24 14:04:51][DEBUG] jax_fem: JaxAssembledMixin: computing Jacobian on device
[06-24 14:04:51][DEBUG] jax_fem: Function split_and_compute_cell took 0.0255 seconds
[06-24 14:04:51][DEBUG] jax_fem: CuDSSNewtonSolver: iter=1  res=1.072e-05  rel=1.521e-11
[06-24 14:04:51][INFO] jax_fem: CuDSSNewtonSolver: solve finished in 0.09s  res=1.072e-05
[06-24 14:04:51][DEBUG] jax_fem: CuDSSNewtonSolver: starting Newton loop
[06-24 14:04:51][DEBUG] jax_fem: JaxAssembledMixin: computing Jacobian on device
[06-24 14:04:51][DEBUG] jax_fem: Function split_and_compute_cell took 0.0273 seconds
[06-24 14:04:51][DEBUG] jax_fem: CuDSSNewtonSolver: initial residual = 6.891e+05
[06-24 14:04:51][DEBUG] jax_fem: JaxAssembledMixin: computing Jacobian on device
[06-24 14:04:51][DEBUG] jax_fem: Function split_and_compute_cell took 0.0262 seconds
[06-24 14:04:51][DEBUG] jax_fem: CuDSSNewtonSolver: iter=1  res=7.363e-06  rel=1.068e-11
[06-24 14:04:51][INFO] jax_fem: CuDSSNewtonSolver: solve finished in 0.09s  res=7.363e-06
[06-24 14:04:52][INFO] jax_fem: CuDSS backward: solving adjoint problem …
[06-24 14:04:52][DEBUG] jax_fem: JaxAssembledMixin: computing Jacobian on device
[06-24 14:04:52][DEBUG] jax_fem: Function split_and_compute_cell took 0.0399 seconds
[06-24 14:04:52][DEBUG] jax_fem: Computing cell residual...
[06-24 14:04:52][DEBUG] jax_fem: Function split_and_compute_cell took 0.0642 seconds
[06-24 14:04:52][INFO] jax_fem: CuDSS backward: solving adjoint problem …
[06-24 14:04:52][DEBUG] jax_fem: JaxAssembledMixin: computing Jacobian on device
[06-24 14:04:52][DEBUG] jax_fem: Function split_and_compute_cell took 0.0561 seconds
[06-24 14:04:52][DEBUG] jax_fem: Computing cell residual...
[06-24 14:04:52][DEBUG] jax_fem: Function split_and_compute_cell took 0.0710 seconds
[06-24 14:04:52][INFO] jax_fem: CuDSS backward: solving adjoint problem …
[06-24 14:04:52][DEBUG] jax_fem: JaxAssembledMixin: computing Jacobian on device
[06-24 14:04:53][DEBUG] jax_fem: Function split_and_compute_cell took 0.0475 seconds
[06-24 14:04:53][DEBUG] jax_fem: Computing cell residual...
[06-24 14:04:53][DEBUG] jax_fem: Function split_and_compute_cell took 0.0753 seconds
[06-24 14:04:53][INFO] jax_fem: CuDSS backward: solving adjoint problem …
[06-24 14:04:53][DEBUG] jax_fem: JaxAssembledMixin: computing Jacobian on device
[06-24 14:04:53][DEBUG] jax_fem: Function split_and_compute_cell took 0.0560 seconds
[06-24 14:04:53][DEBUG] jax_fem: Computing cell residual...
[06-24 14:04:53][DEBUG] jax_fem: Function split_and_compute_cell took 0.0798 seconds
[06-24 14:04:53][INFO] jax_fem: CuDSS backward: solving adjoint problem …
[06-24 14:04:53][DEBUG] jax_fem: JaxAssembledMixin: computing Jacobian on device
[06-24 14:04:53][DEBUG] jax_fem: Function split_and_compute_cell took 0.0442 seconds
[06-24 14:04:53][DEBUG] jax_fem: Computing cell residual...
[06-24 14:04:54][DEBUG] jax_fem: Function split_and_compute_cell took 0.0678 seconds
[06-24 14:04:55][DEBUG] jax_fem: CuDSSNewtonSolver: starting Newton loop
[06-24 14:04:55][DEBUG] jax_fem: JaxAssembledMixin: computing Jacobian on device
[06-24 14:04:55][DEBUG] jax_fem: Function split_and_compute_cell took 0.0607 seconds
[06-24 14:04:55][DEBUG] jax_fem: CuDSSNewtonSolver: initial residual = 7.216e+05
[06-24 14:04:55][DEBUG] jax_fem: JaxAssembledMixin: computing Jacobian on device
[06-24 14:04:55][DEBUG] jax_fem: Function split_and_compute_cell took 0.0476 seconds
[06-24 14:04:55][DEBUG] jax_fem: CuDSSNewtonSolver: iter=1  res=1.917e-05  rel=2.657e-11
[06-24 14:04:55][INFO] jax_fem: CuDSSNewtonSolver: solve finished in 0.15s  res=1.917e-05
[06-24 14:04:56][DEBUG] jax_fem: CuDSSNewtonSolver: starting Newton loop
[06-24 14:04:56][DEBUG] jax_fem: JaxAssembledMixin: computing Jacobian on device
[06-24 14:04:56][DEBUG] jax_fem: Function split_and_compute_cell took 0.0322 seconds
[06-24 14:04:56][DEBUG] jax_fem: CuDSSNewtonSolver: initial residual = 7.188e+05
[06-24 14:04:56][DEBUG] jax_fem: JaxAssembledMixin: computing Jacobian on device
[06-24 14:04:56][DEBUG] jax_fem: Function split_and_compute_cell took 0.0453 seconds
[06-24 14:04:56][DEBUG] jax_fem: CuDSSNewtonSolver: iter=1  res=3.910e-05  rel=5.440e-11
[06-24 14:04:56][INFO] jax_fem: CuDSSNewtonSolver: solve finished in 0.12s  res=3.910e-05
[06-24 14:04:56][DEBUG] jax_fem: CuDSSNewtonSolver: starting Newton loop
[06-24 14:04:56][DEBUG] jax_fem: JaxAssembledMixin: computing Jacobian on device
[06-24 14:04:56][DEBUG] jax_fem: Function split_and_compute_cell took 0.0381 seconds
[06-24 14:04:56][DEBUG] jax_fem: CuDSSNewtonSolver: initial residual = 7.101e+05
[06-24 14:04:56][DEBUG] jax_fem: JaxAssembledMixin: computing Jacobian on device
[06-24 14:04:56][DEBUG] jax_fem: Function split_and_compute_cell took 0.0418 seconds
[06-24 14:04:56][DEBUG] jax_fem: CuDSSNewtonSolver: iter=1  res=3.664e-05  rel=5.161e-11
[06-24 14:04:56][INFO] jax_fem: CuDSSNewtonSolver: solve finished in 0.12s  res=3.664e-05
[06-24 14:04:57][DEBUG] jax_fem: CuDSSNewtonSolver: starting Newton loop
[06-24 14:04:57][DEBUG] jax_fem: JaxAssembledMixin: computing Jacobian on device
[06-24 14:04:57][DEBUG] jax_fem: Function split_and_compute_cell took 0.0475 seconds
[06-24 14:04:57][DEBUG] jax_fem: CuDSSNewtonSolver: initial residual = 7.049e+05
[06-24 14:04:57][DEBUG] jax_fem: JaxAssembledMixin: computing Jacobian on device
[06-24 14:04:57][DEBUG] jax_fem: Function split_and_compute_cell took 0.0502 seconds
[06-24 14:04:57][DEBUG] jax_fem: CuDSSNewtonSolver: iter=1  res=1.428e-05  rel=2.026e-11
[06-24 14:04:57][INFO] jax_fem: CuDSSNewtonSolver: solve finished in 0.14s  res=1.428e-05
[06-24 14:04:57][DEBUG] jax_fem: CuDSSNewtonSolver: starting Newton loop
[06-24 14:04:57][DEBUG] jax_fem: JaxAssembledMixin: computing Jacobian on device
[06-24 14:04:57][DEBUG] jax_fem: Function split_and_compute_cell took 0.0499 seconds
[06-24 14:04:57][DEBUG] jax_fem: CuDSSNewtonSolver: initial residual = 6.891e+05
[06-24 14:04:57][DEBUG] jax_fem: JaxAssembledMixin: computing Jacobian on device
[06-24 14:04:57][DEBUG] jax_fem: Function split_and_compute_cell took 0.0390 seconds
[06-24 14:04:57][DEBUG] jax_fem: CuDSSNewtonSolver: iter=1  res=2.641e-05  rel=3.833e-11
[06-24 14:04:57][INFO] jax_fem: CuDSSNewtonSolver: solve finished in 0.14s  res=2.641e-05
[06-24 14:04:59][DEBUG] jax_fem: CuDSSNewtonSolver: starting Newton loop
[06-24 14:04:59][DEBUG] jax_fem: JaxAssembledMixin: computing Jacobian on device
[06-24 14:04:59][DEBUG] jax_fem: Function split_and_compute_cell took 0.0256 seconds
[06-24 14:04:59][DEBUG] jax_fem: CuDSSNewtonSolver: initial residual = 7.216e+05
[06-24 14:04:59][DEBUG] jax_fem: JaxAssembledMixin: computing Jacobian on device
[06-24 14:04:59][DEBUG] jax_fem: Function split_and_compute_cell took 0.0275 seconds
[06-24 14:04:59][DEBUG] jax_fem: CuDSSNewtonSolver: iter=1  res=1.942e-05  rel=2.691e-11
[06-24 14:04:59][INFO] jax_fem: CuDSSNewtonSolver: solve finished in 0.09s  res=1.942e-05
[06-24 14:05:00][DEBUG] jax_fem: CuDSSNewtonSolver: starting Newton loop
[06-24 14:05:00][DEBUG] jax_fem: JaxAssembledMixin: computing Jacobian on device
[06-24 14:05:00][DEBUG] jax_fem: Function split_and_compute_cell took 0.0288 seconds
[06-24 14:05:00][DEBUG] jax_fem: CuDSSNewtonSolver: initial residual = 7.188e+05
[06-24 14:05:00][DEBUG] jax_fem: JaxAssembledMixin: computing Jacobian on device
[06-24 14:05:00][DEBUG] jax_fem: Function split_and_compute_cell took 0.0266 seconds
[06-24 14:05:00][DEBUG] jax_fem: CuDSSNewtonSolver: iter=1  res=3.844e-05  rel=5.347e-11
[06-24 14:05:00][INFO] jax_fem: CuDSSNewtonSolver: solve finished in 0.09s  res=3.844e-05
[06-24 14:05:01][DEBUG] jax_fem: CuDSSNewtonSolver: starting Newton loop
[06-24 14:05:01][DEBUG] jax_fem: JaxAssembledMixin: computing Jacobian on device
[06-24 14:05:01][DEBUG] jax_fem: Function split_and_compute_cell took 0.0252 seconds
[06-24 14:05:01][DEBUG] jax_fem: CuDSSNewtonSolver: initial residual = 7.101e+05
[06-24 14:05:01][DEBUG] jax_fem: JaxAssembledMixin: computing Jacobian on device
[06-24 14:05:01][DEBUG] jax_fem: Function split_and_compute_cell took 0.0249 seconds
[06-24 14:05:01][DEBUG] jax_fem: CuDSSNewtonSolver: iter=1  res=3.760e-05  rel=5.296e-11
[06-24 14:05:01][INFO] jax_fem: CuDSSNewtonSolver: solve finished in 0.09s  res=3.760e-05
[06-24 14:05:01][DEBUG] jax_fem: CuDSSNewtonSolver: starting Newton loop
[06-24 14:05:01][DEBUG] jax_fem: JaxAssembledMixin: computing Jacobian on device
[06-24 14:05:01][DEBUG] jax_fem: Function split_and_compute_cell took 0.0266 seconds
[06-24 14:05:01][DEBUG] jax_fem: CuDSSNewtonSolver: initial residual = 7.049e+05
[06-24 14:05:01][DEBUG] jax_fem: JaxAssembledMixin: computing Jacobian on device
[06-24 14:05:01][DEBUG] jax_fem: Function split_and_compute_cell took 0.0272 seconds
[06-24 14:05:01][DEBUG] jax_fem: CuDSSNewtonSolver: iter=1  res=1.427e-05  rel=2.024e-11
[06-24 14:05:01][INFO] jax_fem: CuDSSNewtonSolver: solve finished in 0.09s  res=1.427e-05
[06-24 14:05:02][DEBUG] jax_fem: CuDSSNewtonSolver: starting Newton loop
[06-24 14:05:02][DEBUG] jax_fem: JaxAssembledMixin: computing Jacobian on device
[06-24 14:05:02][DEBUG] jax_fem: Function split_and_compute_cell took 0.0265 seconds
[06-24 14:05:02][DEBUG] jax_fem: CuDSSNewtonSolver: initial residual = 6.891e+05
[06-24 14:05:02][DEBUG] jax_fem: JaxAssembledMixin: computing Jacobian on device
[06-24 14:05:02][DEBUG] jax_fem: Function split_and_compute_cell took 0.0245 seconds
[06-24 14:05:02][DEBUG] jax_fem: CuDSSNewtonSolver: iter=1  res=2.667e-05  rel=3.870e-11
[06-24 14:05:02][INFO] jax_fem: CuDSSNewtonSolver: solve finished in 0.09s  res=2.667e-05
[06-24 14:05:02][INFO] jax_fem: CuDSS backward: solving adjoint problem …
[06-24 14:05:02][DEBUG] jax_fem: JaxAssembledMixin: computing Jacobian on device
[06-24 14:05:02][DEBUG] jax_fem: Function split_and_compute_cell took 0.0402 seconds
[06-24 14:05:02][DEBUG] jax_fem: Computing cell residual...
[06-24 14:05:02][DEBUG] jax_fem: Function split_and_compute_cell took 0.0755 seconds
[06-24 14:05:03][INFO] jax_fem: CuDSS backward: solving adjoint problem …
[06-24 14:05:03][DEBUG] jax_fem: JaxAssembledMixin: computing Jacobian on device
[06-24 14:05:03][DEBUG] jax_fem: Function split_and_compute_cell took 0.0518 seconds
[06-24 14:05:03][DEBUG] jax_fem: Computing cell residual...
[06-24 14:05:03][DEBUG] jax_fem: Function split_and_compute_cell took 0.0778 seconds
[06-24 14:05:03][INFO] jax_fem: CuDSS backward: solving adjoint problem …
[06-24 14:05:03][DEBUG] jax_fem: JaxAssembledMixin: computing Jacobian on device
[06-24 14:05:03][DEBUG] jax_fem: Function split_and_compute_cell took 0.0366 seconds
[06-24 14:05:03][DEBUG] jax_fem: Computing cell residual...
[06-24 14:05:03][DEBUG] jax_fem: Function split_and_compute_cell took 0.0745 seconds
[06-24 14:05:04][INFO] jax_fem: CuDSS backward: solving adjoint problem …
[06-24 14:05:04][DEBUG] jax_fem: JaxAssembledMixin: computing Jacobian on device
[06-24 14:05:04][DEBUG] jax_fem: Function split_and_compute_cell took 0.0262 seconds
[06-24 14:05:04][DEBUG] jax_fem: Computing cell residual...
[06-24 14:05:04][DEBUG] jax_fem: Function split_and_compute_cell took 0.0715 seconds
[06-24 14:05:04][INFO] jax_fem: CuDSS backward: solving adjoint problem …
[06-24 14:05:04][DEBUG] jax_fem: JaxAssembledMixin: computing Jacobian on device
[06-24 14:05:04][DEBUG] jax_fem: Function split_and_compute_cell took 0.0364 seconds
[06-24 14:05:04][DEBUG] jax_fem: Computing cell residual...
[06-24 14:05:04][DEBUG] jax_fem: Function split_and_compute_cell took 0.0742 seconds
[06-24 14:05:06][DEBUG] jax_fem: CuDSSNewtonSolver: starting Newton loop
[06-24 14:05:06][DEBUG] jax_fem: JaxAssembledMixin: computing Jacobian on device
[06-24 14:05:06][DEBUG] jax_fem: Function split_and_compute_cell took 0.0391 seconds
[06-24 14:05:06][DEBUG] jax_fem: CuDSSNewtonSolver: initial residual = 7.216e+05
[06-24 14:05:06][DEBUG] jax_fem: JaxAssembledMixin: computing Jacobian on device
[06-24 14:05:06][DEBUG] jax_fem: Function split_and_compute_cell took 0.0247 seconds
[06-24 14:05:06][DEBUG] jax_fem: CuDSSNewtonSolver: iter=1  res=6.165e-06  rel=8.544e-12
[06-24 14:05:06][INFO] jax_fem: CuDSSNewtonSolver: solve finished in 0.10s  res=6.165e-06
[06-24 14:05:06][DEBUG] jax_fem: CuDSSNewtonSolver: starting Newton loop
[06-24 14:05:06][DEBUG] jax_fem: JaxAssembledMixin: computing Jacobian on device
[06-24 14:05:06][DEBUG] jax_fem: Function split_and_compute_cell took 0.0542 seconds
[06-24 14:05:06][DEBUG] jax_fem: CuDSSNewtonSolver: initial residual = 7.188e+05
[06-24 14:05:06][DEBUG] jax_fem: JaxAssembledMixin: computing Jacobian on device
[06-24 14:05:06][DEBUG] jax_fem: Function split_and_compute_cell took 0.0546 seconds
[06-24 14:05:06][DEBUG] jax_fem: CuDSSNewtonSolver: iter=1  res=7.709e-06  rel=1.072e-11
[06-24 14:05:06][INFO] jax_fem: CuDSSNewtonSolver: solve finished in 0.15s  res=7.709e-06
[06-24 14:05:07][DEBUG] jax_fem: CuDSSNewtonSolver: starting Newton loop
[06-24 14:05:07][DEBUG] jax_fem: JaxAssembledMixin: computing Jacobian on device
[06-24 14:05:07][DEBUG] jax_fem: Function split_and_compute_cell took 0.0511 seconds
[06-24 14:05:07][DEBUG] jax_fem: CuDSSNewtonSolver: initial residual = 7.101e+05
[06-24 14:05:07][DEBUG] jax_fem: JaxAssembledMixin: computing Jacobian on device
[06-24 14:05:07][DEBUG] jax_fem: Function split_and_compute_cell took 0.0472 seconds
[06-24 14:05:07][DEBUG] jax_fem: CuDSSNewtonSolver: iter=1  res=9.648e-06  rel=1.359e-11
[06-24 14:05:07][INFO] jax_fem: CuDSSNewtonSolver: solve finished in 0.14s  res=9.648e-06
[06-24 14:05:07][DEBUG] jax_fem: CuDSSNewtonSolver: starting Newton loop
[06-24 14:05:07][DEBUG] jax_fem: JaxAssembledMixin: computing Jacobian on device
[06-24 14:05:07][DEBUG] jax_fem: Function split_and_compute_cell took 0.0390 seconds
[06-24 14:05:07][DEBUG] jax_fem: CuDSSNewtonSolver: initial residual = 7.049e+05
[06-24 14:05:07][DEBUG] jax_fem: JaxAssembledMixin: computing Jacobian on device
[06-24 14:05:07][DEBUG] jax_fem: Function split_and_compute_cell took 0.0577 seconds
[06-24 14:05:07][DEBUG] jax_fem: CuDSSNewtonSolver: iter=1  res=9.503e-06  rel=1.348e-11
[06-24 14:05:07][INFO] jax_fem: CuDSSNewtonSolver: solve finished in 0.14s  res=9.503e-06
[06-24 14:05:08][DEBUG] jax_fem: CuDSSNewtonSolver: starting Newton loop
[06-24 14:05:08][DEBUG] jax_fem: JaxAssembledMixin: computing Jacobian on device
[06-24 14:05:08][DEBUG] jax_fem: Function split_and_compute_cell took 0.0349 seconds
[06-24 14:05:08][DEBUG] jax_fem: CuDSSNewtonSolver: initial residual = 6.891e+05
[06-24 14:05:08][DEBUG] jax_fem: JaxAssembledMixin: computing Jacobian on device
[06-24 14:05:08][DEBUG] jax_fem: Function split_and_compute_cell took 0.0311 seconds
[06-24 14:05:08][DEBUG] jax_fem: CuDSSNewtonSolver: iter=1  res=8.054e-06  rel=1.169e-11
[06-24 14:05:08][INFO] jax_fem: CuDSSNewtonSolver: solve finished in 0.11s  res=8.054e-06
[06-24 14:05:10][DEBUG] jax_fem: CuDSSNewtonSolver: starting Newton loop
[06-24 14:05:10][DEBUG] jax_fem: JaxAssembledMixin: computing Jacobian on device
[06-24 14:05:10][DEBUG] jax_fem: Function split_and_compute_cell took 0.0259 seconds
[06-24 14:05:10][DEBUG] jax_fem: CuDSSNewtonSolver: initial residual = 7.216e+05
[06-24 14:05:10][DEBUG] jax_fem: JaxAssembledMixin: computing Jacobian on device
[06-24 14:05:10][DEBUG] jax_fem: Function split_and_compute_cell took 0.0257 seconds
[06-24 14:05:10][DEBUG] jax_fem: CuDSSNewtonSolver: iter=1  res=6.241e-06  rel=8.649e-12
[06-24 14:05:10][INFO] jax_fem: CuDSSNewtonSolver: solve finished in 0.09s  res=6.241e-06
[06-24 14:05:10][DEBUG] jax_fem: CuDSSNewtonSolver: starting Newton loop
[06-24 14:05:10][DEBUG] jax_fem: JaxAssembledMixin: computing Jacobian on device
[06-24 14:05:10][DEBUG] jax_fem: Function split_and_compute_cell took 0.0254 seconds
[06-24 14:05:10][DEBUG] jax_fem: CuDSSNewtonSolver: initial residual = 7.188e+05
[06-24 14:05:10][DEBUG] jax_fem: JaxAssembledMixin: computing Jacobian on device
[06-24 14:05:10][DEBUG] jax_fem: Function split_and_compute_cell took 0.0273 seconds
[06-24 14:05:10][DEBUG] jax_fem: CuDSSNewtonSolver: iter=1  res=7.921e-06  rel=1.102e-11
[06-24 14:05:10][INFO] jax_fem: CuDSSNewtonSolver: solve finished in 0.09s  res=7.921e-06
[06-24 14:05:11][DEBUG] jax_fem: CuDSSNewtonSolver: starting Newton loop
[06-24 14:05:11][DEBUG] jax_fem: JaxAssembledMixin: computing Jacobian on device
[06-24 14:05:11][DEBUG] jax_fem: Function split_and_compute_cell took 0.0270 seconds
[06-24 14:05:11][DEBUG] jax_fem: CuDSSNewtonSolver: initial residual = 7.101e+05
[06-24 14:05:11][DEBUG] jax_fem: JaxAssembledMixin: computing Jacobian on device
[06-24 14:05:11][DEBUG] jax_fem: Function split_and_compute_cell took 0.0247 seconds
[06-24 14:05:11][DEBUG] jax_fem: CuDSSNewtonSolver: iter=1  res=9.364e-06  rel=1.319e-11
[06-24 14:05:11][INFO] jax_fem: CuDSSNewtonSolver: solve finished in 0.09s  res=9.364e-06
[06-24 14:05:12][DEBUG] jax_fem: CuDSSNewtonSolver: starting Newton loop
[06-24 14:05:12][DEBUG] jax_fem: JaxAssembledMixin: computing Jacobian on device
[06-24 14:05:12][DEBUG] jax_fem: Function split_and_compute_cell took 0.0268 seconds
[06-24 14:05:12][DEBUG] jax_fem: CuDSSNewtonSolver: initial residual = 7.049e+05
[06-24 14:05:12][DEBUG] jax_fem: JaxAssembledMixin: computing Jacobian on device
[06-24 14:05:12][DEBUG] jax_fem: Function split_and_compute_cell took 0.0262 seconds
[06-24 14:05:12][DEBUG] jax_fem: CuDSSNewtonSolver: iter=1  res=9.242e-06  rel=1.311e-11
[06-24 14:05:12][INFO] jax_fem: CuDSSNewtonSolver: solve finished in 0.09s  res=9.242e-06
[06-24 14:05:13][DEBUG] jax_fem: CuDSSNewtonSolver: starting Newton loop
[06-24 14:05:13][DEBUG] jax_fem: JaxAssembledMixin: computing Jacobian on device
[06-24 14:05:13][DEBUG] jax_fem: Function split_and_compute_cell took 0.0262 seconds
[06-24 14:05:13][DEBUG] jax_fem: CuDSSNewtonSolver: initial residual = 6.891e+05
[06-24 14:05:13][DEBUG] jax_fem: JaxAssembledMixin: computing Jacobian on device
[06-24 14:05:13][DEBUG] jax_fem: Function split_and_compute_cell took 0.0251 seconds
[06-24 14:05:13][DEBUG] jax_fem: CuDSSNewtonSolver: iter=1  res=8.263e-06  rel=1.199e-11
[06-24 14:05:13][INFO] jax_fem: CuDSSNewtonSolver: solve finished in 0.09s  res=8.263e-06
[06-24 14:05:13][INFO] jax_fem: CuDSS backward: solving adjoint problem …
[06-24 14:05:13][DEBUG] jax_fem: JaxAssembledMixin: computing Jacobian on device
[06-24 14:05:13][DEBUG] jax_fem: Function split_and_compute_cell took 0.0317 seconds
[06-24 14:05:13][DEBUG] jax_fem: Computing cell residual...
[06-24 14:05:13][DEBUG] jax_fem: Function split_and_compute_cell took 0.0714 seconds
[06-24 14:05:13][INFO] jax_fem: CuDSS backward: solving adjoint problem …
[06-24 14:05:13][DEBUG] jax_fem: JaxAssembledMixin: computing Jacobian on device
[06-24 14:05:13][DEBUG] jax_fem: Function split_and_compute_cell took 0.0598 seconds
[06-24 14:05:13][DEBUG] jax_fem: Computing cell residual...
[06-24 14:05:13][DEBUG] jax_fem: Function split_and_compute_cell took 0.0650 seconds
[06-24 14:05:14][INFO] jax_fem: CuDSS backward: solving adjoint problem …
[06-24 14:05:14][DEBUG] jax_fem: JaxAssembledMixin: computing Jacobian on device
[06-24 14:05:14][DEBUG] jax_fem: Function split_and_compute_cell took 0.0307 seconds
[06-24 14:05:14][DEBUG] jax_fem: Computing cell residual...
[06-24 14:05:14][DEBUG] jax_fem: Function split_and_compute_cell took 0.0746 seconds
[06-24 14:05:14][INFO] jax_fem: CuDSS backward: solving adjoint problem …
[06-24 14:05:14][DEBUG] jax_fem: JaxAssembledMixin: computing Jacobian on device
[06-24 14:05:14][DEBUG] jax_fem: Function split_and_compute_cell took 0.0304 seconds
[06-24 14:05:14][DEBUG] jax_fem: Computing cell residual...
[06-24 14:05:14][DEBUG] jax_fem: Function split_and_compute_cell took 0.0771 seconds
[06-24 14:05:15][INFO] jax_fem: CuDSS backward: solving adjoint problem …
[06-24 14:05:15][DEBUG] jax_fem: JaxAssembledMixin: computing Jacobian on device
[06-24 14:05:15][DEBUG] jax_fem: Function split_and_compute_cell took 0.0657 seconds
[06-24 14:05:15][DEBUG] jax_fem: Computing cell residual...
[06-24 14:05:15][DEBUG] jax_fem: Function split_and_compute_cell took 0.0644 seconds
[06-24 14:05:16][DEBUG] jax_fem: CuDSSNewtonSolver: starting Newton loop
[06-24 14:05:16][DEBUG] jax_fem: JaxAssembledMixin: computing Jacobian on device
[06-24 14:05:17][DEBUG] jax_fem: Function split_and_compute_cell took 0.0603 seconds
[06-24 14:05:17][DEBUG] jax_fem: CuDSSNewtonSolver: initial residual = 7.216e+05
[06-24 14:05:17][DEBUG] jax_fem: JaxAssembledMixin: computing Jacobian on device
[06-24 14:05:17][DEBUG] jax_fem: Function split_and_compute_cell took 0.0526 seconds
[06-24 14:05:17][DEBUG] jax_fem: CuDSSNewtonSolver: iter=1  res=6.036e-06  rel=8.365e-12
[06-24 14:05:17][INFO] jax_fem: CuDSSNewtonSolver: solve finished in 0.16s  res=6.036e-06
[06-24 14:05:17][DEBUG] jax_fem: CuDSSNewtonSolver: starting Newton loop
[06-24 14:05:17][DEBUG] jax_fem: JaxAssembledMixin: computing Jacobian on device
[06-24 14:05:17][DEBUG] jax_fem: Function split_and_compute_cell took 0.0300 seconds
[06-24 14:05:17][DEBUG] jax_fem: CuDSSNewtonSolver: initial residual = 7.188e+05
[06-24 14:05:17][DEBUG] jax_fem: JaxAssembledMixin: computing Jacobian on device
[06-24 14:05:17][DEBUG] jax_fem: Function split_and_compute_cell took 0.0350 seconds
[06-24 14:05:17][DEBUG] jax_fem: CuDSSNewtonSolver: iter=1  res=6.665e-06  rel=9.271e-12
[06-24 14:05:17][INFO] jax_fem: CuDSSNewtonSolver: solve finished in 0.11s  res=6.665e-06
[06-24 14:05:17][DEBUG] jax_fem: CuDSSNewtonSolver: starting Newton loop
[06-24 14:05:17][DEBUG] jax_fem: JaxAssembledMixin: computing Jacobian on device
[06-24 14:05:17][DEBUG] jax_fem: Function split_and_compute_cell took 0.0481 seconds
[06-24 14:05:17][DEBUG] jax_fem: CuDSSNewtonSolver: initial residual = 7.101e+05
[06-24 14:05:17][DEBUG] jax_fem: JaxAssembledMixin: computing Jacobian on device
[06-24 14:05:18][DEBUG] jax_fem: Function split_and_compute_cell took 0.0448 seconds
[06-24 14:05:18][DEBUG] jax_fem: CuDSSNewtonSolver: iter=1  res=8.324e-06  rel=1.172e-11
[06-24 14:05:18][INFO] jax_fem: CuDSSNewtonSolver: solve finished in 0.14s  res=8.324e-06
[06-24 14:05:18][DEBUG] jax_fem: CuDSSNewtonSolver: starting Newton loop
[06-24 14:05:18][DEBUG] jax_fem: JaxAssembledMixin: computing Jacobian on device
[06-24 14:05:18][DEBUG] jax_fem: Function split_and_compute_cell took 0.0281 seconds
[06-24 14:05:18][DEBUG] jax_fem: CuDSSNewtonSolver: initial residual = 7.049e+05
[06-24 14:05:18][DEBUG] jax_fem: JaxAssembledMixin: computing Jacobian on device
[06-24 14:05:18][DEBUG] jax_fem: Function split_and_compute_cell took 0.0412 seconds
[06-24 14:05:18][DEBUG] jax_fem: CuDSSNewtonSolver: iter=1  res=1.048e-05  rel=1.486e-11
[06-24 14:05:18][INFO] jax_fem: CuDSSNewtonSolver: solve finished in 0.11s  res=1.048e-05
[06-24 14:05:18][DEBUG] jax_fem: CuDSSNewtonSolver: starting Newton loop
[06-24 14:05:18][DEBUG] jax_fem: JaxAssembledMixin: computing Jacobian on device
[06-24 14:05:18][DEBUG] jax_fem: Function split_and_compute_cell took 0.0682 seconds
[06-24 14:05:18][DEBUG] jax_fem: CuDSSNewtonSolver: initial residual = 6.891e+05
[06-24 14:05:18][DEBUG] jax_fem: JaxAssembledMixin: computing Jacobian on device
[06-24 14:05:18][DEBUG] jax_fem: Function split_and_compute_cell took 0.0429 seconds
[06-24 14:05:18][DEBUG] jax_fem: CuDSSNewtonSolver: iter=1  res=7.451e-06  rel=1.081e-11
[06-24 14:05:18][INFO] jax_fem: CuDSSNewtonSolver: solve finished in 0.15s  res=7.451e-06
[06-24 14:05:20][DEBUG] jax_fem: CuDSSNewtonSolver: starting Newton loop
[06-24 14:05:20][DEBUG] jax_fem: JaxAssembledMixin: computing Jacobian on device
[06-24 14:05:20][DEBUG] jax_fem: Function split_and_compute_cell took 0.0280 seconds
[06-24 14:05:20][DEBUG] jax_fem: CuDSSNewtonSolver: initial residual = 7.216e+05
[06-24 14:05:20][DEBUG] jax_fem: JaxAssembledMixin: computing Jacobian on device
[06-24 14:05:20][DEBUG] jax_fem: Function split_and_compute_cell took 0.0261 seconds
[06-24 14:05:20][DEBUG] jax_fem: CuDSSNewtonSolver: iter=1  res=5.947e-06  rel=8.241e-12
[06-24 14:05:20][INFO] jax_fem: CuDSSNewtonSolver: solve finished in 0.09s  res=5.947e-06
[06-24 14:05:21][DEBUG] jax_fem: CuDSSNewtonSolver: starting Newton loop
[06-24 14:05:21][DEBUG] jax_fem: JaxAssembledMixin: computing Jacobian on device
[06-24 14:05:21][DEBUG] jax_fem: Function split_and_compute_cell took 0.0279 seconds
[06-24 14:05:21][DEBUG] jax_fem: CuDSSNewtonSolver: initial residual = 7.188e+05
[06-24 14:05:21][DEBUG] jax_fem: JaxAssembledMixin: computing Jacobian on device
[06-24 14:05:21][DEBUG] jax_fem: Function split_and_compute_cell took 0.0260 seconds
[06-24 14:05:21][DEBUG] jax_fem: CuDSSNewtonSolver: iter=1  res=6.798e-06  rel=9.457e-12
[06-24 14:05:21][INFO] jax_fem: CuDSSNewtonSolver: solve finished in 0.09s  res=6.798e-06
[06-24 14:05:22][DEBUG] jax_fem: CuDSSNewtonSolver: starting Newton loop
[06-24 14:05:22][DEBUG] jax_fem: JaxAssembledMixin: computing Jacobian on device
[06-24 14:05:22][DEBUG] jax_fem: Function split_and_compute_cell took 0.0268 seconds
[06-24 14:05:22][DEBUG] jax_fem: CuDSSNewtonSolver: initial residual = 7.101e+05
[06-24 14:05:22][DEBUG] jax_fem: JaxAssembledMixin: computing Jacobian on device
[06-24 14:05:22][DEBUG] jax_fem: Function split_and_compute_cell took 0.0258 seconds
[06-24 14:05:22][DEBUG] jax_fem: CuDSSNewtonSolver: iter=1  res=8.477e-06  rel=1.194e-11
[06-24 14:05:22][INFO] jax_fem: CuDSSNewtonSolver: solve finished in 0.09s  res=8.477e-06
[06-24 14:05:22][DEBUG] jax_fem: CuDSSNewtonSolver: starting Newton loop
[06-24 14:05:22][DEBUG] jax_fem: JaxAssembledMixin: computing Jacobian on device
[06-24 14:05:22][DEBUG] jax_fem: Function split_and_compute_cell took 0.0258 seconds
[06-24 14:05:22][DEBUG] jax_fem: CuDSSNewtonSolver: initial residual = 7.049e+05
[06-24 14:05:22][DEBUG] jax_fem: JaxAssembledMixin: computing Jacobian on device
[06-24 14:05:22][DEBUG] jax_fem: Function split_and_compute_cell took 0.0255 seconds
[06-24 14:05:22][DEBUG] jax_fem: CuDSSNewtonSolver: iter=1  res=1.036e-05  rel=1.469e-11
[06-24 14:05:22][INFO] jax_fem: CuDSSNewtonSolver: solve finished in 0.09s  res=1.036e-05
[06-24 14:05:23][DEBUG] jax_fem: CuDSSNewtonSolver: starting Newton loop
[06-24 14:05:23][DEBUG] jax_fem: JaxAssembledMixin: computing Jacobian on device
[06-24 14:05:23][DEBUG] jax_fem: Function split_and_compute_cell took 0.0270 seconds
[06-24 14:05:23][DEBUG] jax_fem: CuDSSNewtonSolver: initial residual = 6.891e+05
[06-24 14:05:23][DEBUG] jax_fem: JaxAssembledMixin: computing Jacobian on device
[06-24 14:05:23][DEBUG] jax_fem: Function split_and_compute_cell took 0.0262 seconds
[06-24 14:05:23][DEBUG] jax_fem: CuDSSNewtonSolver: iter=1  res=7.791e-06  rel=1.131e-11
[06-24 14:05:23][INFO] jax_fem: CuDSSNewtonSolver: solve finished in 0.09s  res=7.791e-06
[06-24 14:05:23][INFO] jax_fem: CuDSS backward: solving adjoint problem …
[06-24 14:05:23][DEBUG] jax_fem: JaxAssembledMixin: computing Jacobian on device
[06-24 14:05:23][DEBUG] jax_fem: Function split_and_compute_cell took 0.0253 seconds
[06-24 14:05:23][DEBUG] jax_fem: Computing cell residual...
[06-24 14:05:24][DEBUG] jax_fem: Function split_and_compute_cell took 0.0638 seconds
[06-24 14:05:24][INFO] jax_fem: CuDSS backward: solving adjoint problem …
[06-24 14:05:24][DEBUG] jax_fem: JaxAssembledMixin: computing Jacobian on device
[06-24 14:05:24][DEBUG] jax_fem: Function split_and_compute_cell took 0.0348 seconds
[06-24 14:05:24][DEBUG] jax_fem: Computing cell residual...
[06-24 14:05:24][DEBUG] jax_fem: Function split_and_compute_cell took 0.0597 seconds
[06-24 14:05:24][INFO] jax_fem: CuDSS backward: solving adjoint problem …
[06-24 14:05:24][DEBUG] jax_fem: JaxAssembledMixin: computing Jacobian on device
[06-24 14:05:24][DEBUG] jax_fem: Function split_and_compute_cell took 0.0497 seconds
[06-24 14:05:24][DEBUG] jax_fem: Computing cell residual...
[06-24 14:05:24][DEBUG] jax_fem: Function split_and_compute_cell took 0.0789 seconds
[06-24 14:05:25][INFO] jax_fem: CuDSS backward: solving adjoint problem …
[06-24 14:05:25][DEBUG] jax_fem: JaxAssembledMixin: computing Jacobian on device
[06-24 14:05:25][DEBUG] jax_fem: Function split_and_compute_cell took 0.0580 seconds
[06-24 14:05:25][DEBUG] jax_fem: Computing cell residual...
[06-24 14:05:25][DEBUG] jax_fem: Function split_and_compute_cell took 0.0789 seconds
[06-24 14:05:25][INFO] jax_fem: CuDSS backward: solving adjoint problem …
[06-24 14:05:25][DEBUG] jax_fem: JaxAssembledMixin: computing Jacobian on device
[06-24 14:05:25][DEBUG] jax_fem: Function split_and_compute_cell took 0.0521 seconds
[06-24 14:05:25][DEBUG] jax_fem: Computing cell residual...
[06-24 14:05:25][DEBUG] jax_fem: Function split_and_compute_cell took 0.0724 seconds
[06-24 14:05:27][DEBUG] jax_fem: CuDSSNewtonSolver: starting Newton loop
[06-24 14:05:27][DEBUG] jax_fem: JaxAssembledMixin: computing Jacobian on device
[06-24 14:05:27][DEBUG] jax_fem: Function split_and_compute_cell took 0.0320 seconds
[06-24 14:05:27][DEBUG] jax_fem: CuDSSNewtonSolver: initial residual = 7.216e+05
[06-24 14:05:27][DEBUG] jax_fem: JaxAssembledMixin: computing Jacobian on device
[06-24 14:05:27][DEBUG] jax_fem: Function split_and_compute_cell took 0.0381 seconds
[06-24 14:05:27][DEBUG] jax_fem: CuDSSNewtonSolver: iter=1  res=6.264e-06  rel=8.680e-12
[06-24 14:05:27][INFO] jax_fem: CuDSSNewtonSolver: solve finished in 0.11s  res=6.264e-06
[06-24 14:05:28][DEBUG] jax_fem: CuDSSNewtonSolver: starting Newton loop
[06-24 14:05:28][DEBUG] jax_fem: JaxAssembledMixin: computing Jacobian on device
[06-24 14:05:28][DEBUG] jax_fem: Function split_and_compute_cell took 0.0354 seconds
[06-24 14:05:28][DEBUG] jax_fem: CuDSSNewtonSolver: initial residual = 7.188e+05
[06-24 14:05:28][DEBUG] jax_fem: JaxAssembledMixin: computing Jacobian on device
[06-24 14:05:28][DEBUG] jax_fem: Function split_and_compute_cell took 0.0287 seconds
[06-24 14:05:28][DEBUG] jax_fem: CuDSSNewtonSolver: iter=1  res=7.688e-06  rel=1.070e-11
[06-24 14:05:28][INFO] jax_fem: CuDSSNewtonSolver: solve finished in 0.10s  res=7.688e-06
[06-24 14:05:28][DEBUG] jax_fem: CuDSSNewtonSolver: starting Newton loop
[06-24 14:05:28][DEBUG] jax_fem: JaxAssembledMixin: computing Jacobian on device
[06-24 14:05:28][DEBUG] jax_fem: Function split_and_compute_cell took 0.0303 seconds
[06-24 14:05:28][DEBUG] jax_fem: CuDSSNewtonSolver: initial residual = 7.101e+05
[06-24 14:05:28][DEBUG] jax_fem: JaxAssembledMixin: computing Jacobian on device
[06-24 14:05:28][DEBUG] jax_fem: Function split_and_compute_cell took 0.0421 seconds
[06-24 14:05:28][DEBUG] jax_fem: CuDSSNewtonSolver: iter=1  res=8.492e-06  rel=1.196e-11
[06-24 14:05:28][INFO] jax_fem: CuDSSNewtonSolver: solve finished in 0.11s  res=8.492e-06
[06-24 14:05:28][DEBUG] jax_fem: CuDSSNewtonSolver: starting Newton loop
[06-24 14:05:28][DEBUG] jax_fem: JaxAssembledMixin: computing Jacobian on device
[06-24 14:05:28][DEBUG] jax_fem: Function split_and_compute_cell took 0.0317 seconds
[06-24 14:05:28][DEBUG] jax_fem: CuDSSNewtonSolver: initial residual = 7.049e+05
[06-24 14:05:28][DEBUG] jax_fem: JaxAssembledMixin: computing Jacobian on device
[06-24 14:05:28][DEBUG] jax_fem: Function split_and_compute_cell took 0.0462 seconds
[06-24 14:05:28][DEBUG] jax_fem: CuDSSNewtonSolver: iter=1  res=8.468e-06  rel=1.201e-11
[06-24 14:05:28][INFO] jax_fem: CuDSSNewtonSolver: solve finished in 0.12s  res=8.468e-06
[06-24 14:05:29][DEBUG] jax_fem: CuDSSNewtonSolver: starting Newton loop
[06-24 14:05:29][DEBUG] jax_fem: JaxAssembledMixin: computing Jacobian on device
[06-24 14:05:29][DEBUG] jax_fem: Function split_and_compute_cell took 0.0475 seconds
[06-24 14:05:29][DEBUG] jax_fem: CuDSSNewtonSolver: initial residual = 6.891e+05
[06-24 14:05:29][DEBUG] jax_fem: JaxAssembledMixin: computing Jacobian on device
[06-24 14:05:29][DEBUG] jax_fem: Function split_and_compute_cell took 0.0626 seconds
[06-24 14:05:29][DEBUG] jax_fem: CuDSSNewtonSolver: iter=1  res=7.447e-06  rel=1.081e-11
[06-24 14:05:29][INFO] jax_fem: CuDSSNewtonSolver: solve finished in 0.16s  res=7.447e-06
[06-24 14:05:31][DEBUG] jax_fem: CuDSSNewtonSolver: starting Newton loop
[06-24 14:05:31][DEBUG] jax_fem: JaxAssembledMixin: computing Jacobian on device
[06-24 14:05:31][DEBUG] jax_fem: Function split_and_compute_cell took 0.0276 seconds
[06-24 14:05:31][DEBUG] jax_fem: CuDSSNewtonSolver: initial residual = 7.216e+05
[06-24 14:05:31][DEBUG] jax_fem: JaxAssembledMixin: computing Jacobian on device
[06-24 14:05:31][DEBUG] jax_fem: Function split_and_compute_cell took 0.0285 seconds
[06-24 14:05:31][DEBUG] jax_fem: CuDSSNewtonSolver: iter=1  res=6.117e-06  rel=8.477e-12
[06-24 14:05:31][INFO] jax_fem: CuDSSNewtonSolver: solve finished in 0.09s  res=6.117e-06
[06-24 14:05:32][DEBUG] jax_fem: CuDSSNewtonSolver: starting Newton loop
[06-24 14:05:32][DEBUG] jax_fem: JaxAssembledMixin: computing Jacobian on device
[06-24 14:05:32][DEBUG] jax_fem: Function split_and_compute_cell took 0.0254 seconds
[06-24 14:05:32][DEBUG] jax_fem: CuDSSNewtonSolver: initial residual = 7.188e+05
[06-24 14:05:32][DEBUG] jax_fem: JaxAssembledMixin: computing Jacobian on device
[06-24 14:05:32][DEBUG] jax_fem: Function split_and_compute_cell took 0.0254 seconds
[06-24 14:05:32][DEBUG] jax_fem: CuDSSNewtonSolver: iter=1  res=7.718e-06  rel=1.074e-11
[06-24 14:05:32][INFO] jax_fem: CuDSSNewtonSolver: solve finished in 0.09s  res=7.718e-06
[06-24 14:05:32][DEBUG] jax_fem: CuDSSNewtonSolver: starting Newton loop
[06-24 14:05:32][DEBUG] jax_fem: JaxAssembledMixin: computing Jacobian on device
[06-24 14:05:32][DEBUG] jax_fem: Function split_and_compute_cell took 0.0245 seconds
[06-24 14:05:32][DEBUG] jax_fem: CuDSSNewtonSolver: initial residual = 7.101e+05
[06-24 14:05:32][DEBUG] jax_fem: JaxAssembledMixin: computing Jacobian on device
[06-24 14:05:32][DEBUG] jax_fem: Function split_and_compute_cell took 0.0281 seconds
[06-24 14:05:32][DEBUG] jax_fem: CuDSSNewtonSolver: iter=1  res=7.997e-06  rel=1.126e-11
[06-24 14:05:32][INFO] jax_fem: CuDSSNewtonSolver: solve finished in 0.09s  res=7.997e-06
[06-24 14:05:33][DEBUG] jax_fem: CuDSSNewtonSolver: starting Newton loop
[06-24 14:05:33][DEBUG] jax_fem: JaxAssembledMixin: computing Jacobian on device
[06-24 14:05:33][DEBUG] jax_fem: Function split_and_compute_cell took 0.0269 seconds
[06-24 14:05:33][DEBUG] jax_fem: CuDSSNewtonSolver: initial residual = 7.049e+05
[06-24 14:05:33][DEBUG] jax_fem: JaxAssembledMixin: computing Jacobian on device
[06-24 14:05:33][DEBUG] jax_fem: Function split_and_compute_cell took 0.0256 seconds
[06-24 14:05:33][DEBUG] jax_fem: CuDSSNewtonSolver: iter=1  res=8.441e-06  rel=1.197e-11
[06-24 14:05:33][INFO] jax_fem: CuDSSNewtonSolver: solve finished in 0.09s  res=8.441e-06
[06-24 14:05:34][DEBUG] jax_fem: CuDSSNewtonSolver: starting Newton loop
[06-24 14:05:34][DEBUG] jax_fem: JaxAssembledMixin: computing Jacobian on device
[06-24 14:05:34][DEBUG] jax_fem: Function split_and_compute_cell took 0.0283 seconds
[06-24 14:05:34][DEBUG] jax_fem: CuDSSNewtonSolver: initial residual = 6.891e+05
[06-24 14:05:34][DEBUG] jax_fem: JaxAssembledMixin: computing Jacobian on device
[06-24 14:05:34][DEBUG] jax_fem: Function split_and_compute_cell took 0.0272 seconds
[06-24 14:05:34][DEBUG] jax_fem: CuDSSNewtonSolver: iter=1  res=7.393e-06  rel=1.073e-11
[06-24 14:05:34][INFO] jax_fem: CuDSSNewtonSolver: solve finished in 0.09s  res=7.393e-06
[06-24 14:05:34][INFO] jax_fem: CuDSS backward: solving adjoint problem …
[06-24 14:05:34][DEBUG] jax_fem: JaxAssembledMixin: computing Jacobian on device
[06-24 14:05:34][DEBUG] jax_fem: Function split_and_compute_cell took 0.0500 seconds
[06-24 14:05:34][DEBUG] jax_fem: Computing cell residual...
[06-24 14:05:34][DEBUG] jax_fem: Function split_and_compute_cell took 0.0699 seconds
[06-24 14:05:34][INFO] jax_fem: CuDSS backward: solving adjoint problem …
[06-24 14:05:34][DEBUG] jax_fem: JaxAssembledMixin: computing Jacobian on device
[06-24 14:05:34][DEBUG] jax_fem: Function split_and_compute_cell took 0.0578 seconds
[06-24 14:05:34][DEBUG] jax_fem: Computing cell residual...
[06-24 14:05:35][DEBUG] jax_fem: Function split_and_compute_cell took 0.0646 seconds
[06-24 14:05:35][INFO] jax_fem: CuDSS backward: solving adjoint problem …
[06-24 14:05:35][DEBUG] jax_fem: JaxAssembledMixin: computing Jacobian on device
[06-24 14:05:35][DEBUG] jax_fem: Function split_and_compute_cell took 0.0484 seconds
[06-24 14:05:35][DEBUG] jax_fem: Computing cell residual...
[06-24 14:05:35][DEBUG] jax_fem: Function split_and_compute_cell took 0.0700 seconds
[06-24 14:05:35][INFO] jax_fem: CuDSS backward: solving adjoint problem …
[06-24 14:05:35][DEBUG] jax_fem: JaxAssembledMixin: computing Jacobian on device
[06-24 14:05:35][DEBUG] jax_fem: Function split_and_compute_cell took 0.0517 seconds
[06-24 14:05:35][DEBUG] jax_fem: Computing cell residual...
[06-24 14:05:35][DEBUG] jax_fem: Function split_and_compute_cell took 0.0659 seconds
[06-24 14:05:36][INFO] jax_fem: CuDSS backward: solving adjoint problem …
[06-24 14:05:36][DEBUG] jax_fem: JaxAssembledMixin: computing Jacobian on device
[06-24 14:05:36][DEBUG] jax_fem: Function split_and_compute_cell took 0.0356 seconds
[06-24 14:05:36][DEBUG] jax_fem: Computing cell residual...
[06-24 14:05:36][DEBUG] jax_fem: Function split_and_compute_cell took 0.0775 seconds
[06-24 14:05:38][DEBUG] jax_fem: CuDSSNewtonSolver: starting Newton loop
[06-24 14:05:38][DEBUG] jax_fem: JaxAssembledMixin: computing Jacobian on device
[06-24 14:05:38][DEBUG] jax_fem: Function split_and_compute_cell took 0.0340 seconds
[06-24 14:05:38][DEBUG] jax_fem: CuDSSNewtonSolver: initial residual = 7.216e+05
[06-24 14:05:38][DEBUG] jax_fem: JaxAssembledMixin: computing Jacobian on device
[06-24 14:05:38][DEBUG] jax_fem: Function split_and_compute_cell took 0.0310 seconds
[06-24 14:05:38][DEBUG] jax_fem: CuDSSNewtonSolver: iter=1  res=6.131e-06  rel=8.496e-12
[06-24 14:05:38][INFO] jax_fem: CuDSSNewtonSolver: solve finished in 0.11s  res=6.131e-06
[06-24 14:05:38][DEBUG] jax_fem: CuDSSNewtonSolver: starting Newton loop
[06-24 14:05:38][DEBUG] jax_fem: JaxAssembledMixin: computing Jacobian on device
[06-24 14:05:38][DEBUG] jax_fem: Function split_and_compute_cell took 0.0364 seconds
[06-24 14:05:38][DEBUG] jax_fem: CuDSSNewtonSolver: initial residual = 7.188e+05
[06-24 14:05:38][DEBUG] jax_fem: JaxAssembledMixin: computing Jacobian on device
[06-24 14:05:38][DEBUG] jax_fem: Function split_and_compute_cell took 0.0405 seconds
[06-24 14:05:38][DEBUG] jax_fem: CuDSSNewtonSolver: iter=1  res=6.958e-06  rel=9.679e-12
[06-24 14:05:38][INFO] jax_fem: CuDSSNewtonSolver: solve finished in 0.12s  res=6.958e-06
[06-24 14:05:39][DEBUG] jax_fem: CuDSSNewtonSolver: starting Newton loop
[06-24 14:05:39][DEBUG] jax_fem: JaxAssembledMixin: computing Jacobian on device
[06-24 14:05:39][DEBUG] jax_fem: Function split_and_compute_cell took 0.0278 seconds
[06-24 14:05:39][DEBUG] jax_fem: CuDSSNewtonSolver: initial residual = 7.101e+05
[06-24 14:05:39][DEBUG] jax_fem: JaxAssembledMixin: computing Jacobian on device
[06-24 14:05:39][DEBUG] jax_fem: Function split_and_compute_cell took 0.0338 seconds
[06-24 14:05:39][DEBUG] jax_fem: CuDSSNewtonSolver: iter=1  res=8.543e-06  rel=1.203e-11
[06-24 14:05:39][INFO] jax_fem: CuDSSNewtonSolver: solve finished in 0.10s  res=8.543e-06
[06-24 14:05:39][DEBUG] jax_fem: CuDSSNewtonSolver: starting Newton loop
[06-24 14:05:39][DEBUG] jax_fem: JaxAssembledMixin: computing Jacobian on device
[06-24 14:05:39][DEBUG] jax_fem: Function split_and_compute_cell took 0.0332 seconds
[06-24 14:05:39][DEBUG] jax_fem: CuDSSNewtonSolver: initial residual = 7.049e+05
[06-24 14:05:39][DEBUG] jax_fem: JaxAssembledMixin: computing Jacobian on device
[06-24 14:05:39][DEBUG] jax_fem: Function split_and_compute_cell took 0.0366 seconds
[06-24 14:05:39][DEBUG] jax_fem: CuDSSNewtonSolver: iter=1  res=9.439e-06  rel=1.339e-11
[06-24 14:05:39][INFO] jax_fem: CuDSSNewtonSolver: solve finished in 0.11s  res=9.439e-06
[06-24 14:05:39][DEBUG] jax_fem: CuDSSNewtonSolver: starting Newton loop
[06-24 14:05:39][DEBUG] jax_fem: JaxAssembledMixin: computing Jacobian on device
[06-24 14:05:39][DEBUG] jax_fem: Function split_and_compute_cell took 0.0247 seconds
[06-24 14:05:39][DEBUG] jax_fem: CuDSSNewtonSolver: initial residual = 6.891e+05
[06-24 14:05:39][DEBUG] jax_fem: JaxAssembledMixin: computing Jacobian on device
[06-24 14:05:39][DEBUG] jax_fem: Function split_and_compute_cell took 0.0422 seconds
[06-24 14:05:39][DEBUG] jax_fem: CuDSSNewtonSolver: iter=1  res=7.433e-06  rel=1.079e-11
[06-24 14:05:39][INFO] jax_fem: CuDSSNewtonSolver: solve finished in 0.11s  res=7.433e-06
[06-24 14:05:41][DEBUG] jax_fem: CuDSSNewtonSolver: starting Newton loop
[06-24 14:05:41][DEBUG] jax_fem: JaxAssembledMixin: computing Jacobian on device
[06-24 14:05:42][DEBUG] jax_fem: Function split_and_compute_cell took 0.0276 seconds
[06-24 14:05:42][DEBUG] jax_fem: CuDSSNewtonSolver: initial residual = 7.216e+05
[06-24 14:05:42][DEBUG] jax_fem: JaxAssembledMixin: computing Jacobian on device
[06-24 14:05:42][DEBUG] jax_fem: Function split_and_compute_cell took 0.0273 seconds
[06-24 14:05:42][DEBUG] jax_fem: CuDSSNewtonSolver: iter=1  res=6.319e-06  rel=8.757e-12
[06-24 14:05:42][INFO] jax_fem: CuDSSNewtonSolver: solve finished in 0.09s  res=6.319e-06
[06-24 14:05:42][DEBUG] jax_fem: CuDSSNewtonSolver: starting Newton loop
[06-24 14:05:42][DEBUG] jax_fem: JaxAssembledMixin: computing Jacobian on device
[06-24 14:05:42][DEBUG] jax_fem: Function split_and_compute_cell took 0.0245 seconds
[06-24 14:05:42][DEBUG] jax_fem: CuDSSNewtonSolver: initial residual = 7.188e+05
[06-24 14:05:42][DEBUG] jax_fem: JaxAssembledMixin: computing Jacobian on device
[06-24 14:05:42][DEBUG] jax_fem: Function split_and_compute_cell took 0.0269 seconds
[06-24 14:05:42][DEBUG] jax_fem: CuDSSNewtonSolver: iter=1  res=6.988e-06  rel=9.722e-12
[06-24 14:05:42][INFO] jax_fem: CuDSSNewtonSolver: solve finished in 0.09s  res=6.988e-06
[06-24 14:05:43][DEBUG] jax_fem: CuDSSNewtonSolver: starting Newton loop
[06-24 14:05:43][DEBUG] jax_fem: JaxAssembledMixin: computing Jacobian on device
[06-24 14:05:43][DEBUG] jax_fem: Function split_and_compute_cell took 0.0256 seconds
[06-24 14:05:43][DEBUG] jax_fem: CuDSSNewtonSolver: initial residual = 7.101e+05
[06-24 14:05:43][DEBUG] jax_fem: JaxAssembledMixin: computing Jacobian on device
[06-24 14:05:43][DEBUG] jax_fem: Function split_and_compute_cell took 0.0263 seconds
[06-24 14:05:43][DEBUG] jax_fem: CuDSSNewtonSolver: iter=1  res=8.121e-06  rel=1.144e-11
[06-24 14:05:43][INFO] jax_fem: CuDSSNewtonSolver: solve finished in 0.09s  res=8.121e-06
[06-24 14:05:44][DEBUG] jax_fem: CuDSSNewtonSolver: starting Newton loop
[06-24 14:05:44][DEBUG] jax_fem: JaxAssembledMixin: computing Jacobian on device
[06-24 14:05:44][DEBUG] jax_fem: Function split_and_compute_cell took 0.0262 seconds
[06-24 14:05:44][DEBUG] jax_fem: CuDSSNewtonSolver: initial residual = 7.049e+05
[06-24 14:05:44][DEBUG] jax_fem: JaxAssembledMixin: computing Jacobian on device
[06-24 14:05:44][DEBUG] jax_fem: Function split_and_compute_cell took 0.0268 seconds
[06-24 14:05:44][DEBUG] jax_fem: CuDSSNewtonSolver: iter=1  res=9.441e-06  rel=1.339e-11
[06-24 14:05:44][INFO] jax_fem: CuDSSNewtonSolver: solve finished in 0.09s  res=9.441e-06
[06-24 14:05:44][DEBUG] jax_fem: CuDSSNewtonSolver: starting Newton loop
[06-24 14:05:44][DEBUG] jax_fem: JaxAssembledMixin: computing Jacobian on device
[06-24 14:05:44][DEBUG] jax_fem: Function split_and_compute_cell took 0.0261 seconds
[06-24 14:05:44][DEBUG] jax_fem: CuDSSNewtonSolver: initial residual = 6.891e+05
[06-24 14:05:44][DEBUG] jax_fem: JaxAssembledMixin: computing Jacobian on device
[06-24 14:05:44][DEBUG] jax_fem: Function split_and_compute_cell took 0.0272 seconds
[06-24 14:05:44][DEBUG] jax_fem: CuDSSNewtonSolver: iter=1  res=7.617e-06  rel=1.105e-11
[06-24 14:05:44][INFO] jax_fem: CuDSSNewtonSolver: solve finished in 0.09s  res=7.617e-06
[06-24 14:05:45][INFO] jax_fem: CuDSS backward: solving adjoint problem …
[06-24 14:05:45][DEBUG] jax_fem: JaxAssembledMixin: computing Jacobian on device
[06-24 14:05:45][DEBUG] jax_fem: Function split_and_compute_cell took 0.0492 seconds
[06-24 14:05:45][DEBUG] jax_fem: Computing cell residual...
[06-24 14:05:45][DEBUG] jax_fem: Function split_and_compute_cell took 0.0678 seconds
[06-24 14:05:45][INFO] jax_fem: CuDSS backward: solving adjoint problem …
[06-24 14:05:45][DEBUG] jax_fem: JaxAssembledMixin: computing Jacobian on device
[06-24 14:05:45][DEBUG] jax_fem: Function split_and_compute_cell took 0.0449 seconds
[06-24 14:05:45][DEBUG] jax_fem: Computing cell residual...
[06-24 14:05:45][DEBUG] jax_fem: Function split_and_compute_cell took 0.0724 seconds
[06-24 14:05:45][INFO] jax_fem: CuDSS backward: solving adjoint problem …
[06-24 14:05:45][DEBUG] jax_fem: JaxAssembledMixin: computing Jacobian on device
[06-24 14:05:46][DEBUG] jax_fem: Function split_and_compute_cell took 0.0355 seconds
[06-24 14:05:46][DEBUG] jax_fem: Computing cell residual...
[06-24 14:05:46][DEBUG] jax_fem: Function split_and_compute_cell took 0.0723 seconds
[06-24 14:05:46][INFO] jax_fem: CuDSS backward: solving adjoint problem …
[06-24 14:05:46][DEBUG] jax_fem: JaxAssembledMixin: computing Jacobian on device
[06-24 14:05:46][DEBUG] jax_fem: Function split_and_compute_cell took 0.0242 seconds
[06-24 14:05:46][DEBUG] jax_fem: Computing cell residual...
[06-24 14:05:46][DEBUG] jax_fem: Function split_and_compute_cell took 0.0552 seconds
[06-24 14:05:46][INFO] jax_fem: CuDSS backward: solving adjoint problem …
[06-24 14:05:46][DEBUG] jax_fem: JaxAssembledMixin: computing Jacobian on device
[06-24 14:05:46][DEBUG] jax_fem: Function split_and_compute_cell took 0.0316 seconds
[06-24 14:05:46][DEBUG] jax_fem: Computing cell residual...
[06-24 14:05:46][DEBUG] jax_fem: Function split_and_compute_cell took 0.0744 seconds
[06-24 14:05:48][DEBUG] jax_fem: CuDSSNewtonSolver: starting Newton loop
[06-24 14:05:48][DEBUG] jax_fem: JaxAssembledMixin: computing Jacobian on device
[06-24 14:05:48][DEBUG] jax_fem: Function split_and_compute_cell took 0.0484 seconds
[06-24 14:05:48][DEBUG] jax_fem: CuDSSNewtonSolver: initial residual = 7.216e+05
[06-24 14:05:48][DEBUG] jax_fem: JaxAssembledMixin: computing Jacobian on device
[06-24 14:05:48][DEBUG] jax_fem: Function split_and_compute_cell took 0.0408 seconds
[06-24 14:05:48][DEBUG] jax_fem: CuDSSNewtonSolver: iter=1  res=5.931e-06  rel=8.219e-12
[06-24 14:05:48][INFO] jax_fem: CuDSSNewtonSolver: solve finished in 0.13s  res=5.931e-06
[06-24 14:05:49][DEBUG] jax_fem: CuDSSNewtonSolver: starting Newton loop
[06-24 14:05:49][DEBUG] jax_fem: JaxAssembledMixin: computing Jacobian on device
[06-24 14:05:49][DEBUG] jax_fem: Function split_and_compute_cell took 0.0366 seconds
[06-24 14:05:49][DEBUG] jax_fem: CuDSSNewtonSolver: initial residual = 7.188e+05
[06-24 14:05:49][DEBUG] jax_fem: JaxAssembledMixin: computing Jacobian on device
[06-24 14:05:49][DEBUG] jax_fem: Function split_and_compute_cell took 0.0539 seconds
[06-24 14:05:49][DEBUG] jax_fem: CuDSSNewtonSolver: iter=1  res=7.329e-06  rel=1.020e-11
[06-24 14:05:49][INFO] jax_fem: CuDSSNewtonSolver: solve finished in 0.14s  res=7.329e-06
[06-24 14:05:49][DEBUG] jax_fem: CuDSSNewtonSolver: starting Newton loop
[06-24 14:05:49][DEBUG] jax_fem: JaxAssembledMixin: computing Jacobian on device
[06-24 14:05:49][DEBUG] jax_fem: Function split_and_compute_cell took 0.0534 seconds
[06-24 14:05:49][DEBUG] jax_fem: CuDSSNewtonSolver: initial residual = 7.101e+05
[06-24 14:05:49][DEBUG] jax_fem: JaxAssembledMixin: computing Jacobian on device
[06-24 14:05:49][DEBUG] jax_fem: Function split_and_compute_cell took 0.0531 seconds
[06-24 14:05:49][DEBUG] jax_fem: CuDSSNewtonSolver: iter=1  res=8.379e-06  rel=1.180e-11
[06-24 14:05:49][INFO] jax_fem: CuDSSNewtonSolver: solve finished in 0.15s  res=8.379e-06
[06-24 14:05:49][DEBUG] jax_fem: CuDSSNewtonSolver: starting Newton loop
[06-24 14:05:49][DEBUG] jax_fem: JaxAssembledMixin: computing Jacobian on device
[06-24 14:05:50][DEBUG] jax_fem: Function split_and_compute_cell took 0.0320 seconds
[06-24 14:05:50][DEBUG] jax_fem: CuDSSNewtonSolver: initial residual = 7.049e+05
[06-24 14:05:50][DEBUG] jax_fem: JaxAssembledMixin: computing Jacobian on device
[06-24 14:05:50][DEBUG] jax_fem: Function split_and_compute_cell took 0.0440 seconds
[06-24 14:05:50][DEBUG] jax_fem: CuDSSNewtonSolver: iter=1  res=9.655e-06  rel=1.370e-11
[06-24 14:05:50][INFO] jax_fem: CuDSSNewtonSolver: solve finished in 0.12s  res=9.655e-06
[06-24 14:05:50][DEBUG] jax_fem: CuDSSNewtonSolver: starting Newton loop
[06-24 14:05:50][DEBUG] jax_fem: JaxAssembledMixin: computing Jacobian on device
[06-24 14:05:50][DEBUG] jax_fem: Function split_and_compute_cell took 0.0260 seconds
[06-24 14:05:50][DEBUG] jax_fem: CuDSSNewtonSolver: initial residual = 6.891e+05
[06-24 14:05:50][DEBUG] jax_fem: JaxAssembledMixin: computing Jacobian on device
[06-24 14:05:50][DEBUG] jax_fem: Function split_and_compute_cell took 0.0263 seconds
[06-24 14:05:50][DEBUG] jax_fem: CuDSSNewtonSolver: iter=1  res=7.498e-06  rel=1.088e-11
[06-24 14:05:50][INFO] jax_fem: CuDSSNewtonSolver: solve finished in 0.09s  res=7.498e-06
[06-24 14:05:52][DEBUG] jax_fem: CuDSSNewtonSolver: starting Newton loop
[06-24 14:05:52][DEBUG] jax_fem: JaxAssembledMixin: computing Jacobian on device
[06-24 14:05:52][DEBUG] jax_fem: Function split_and_compute_cell took 0.0264 seconds
[06-24 14:05:52][DEBUG] jax_fem: CuDSSNewtonSolver: initial residual = 7.216e+05
[06-24 14:05:52][DEBUG] jax_fem: JaxAssembledMixin: computing Jacobian on device
[06-24 14:05:52][DEBUG] jax_fem: Function split_and_compute_cell took 0.0272 seconds
[06-24 14:05:52][DEBUG] jax_fem: CuDSSNewtonSolver: iter=1  res=5.823e-06  rel=8.070e-12
[06-24 14:05:52][INFO] jax_fem: CuDSSNewtonSolver: solve finished in 0.09s  res=5.823e-06
[06-24 14:05:53][DEBUG] jax_fem: CuDSSNewtonSolver: starting Newton loop
[06-24 14:05:53][DEBUG] jax_fem: JaxAssembledMixin: computing Jacobian on device
[06-24 14:05:53][DEBUG] jax_fem: Function split_and_compute_cell took 0.0261 seconds
[06-24 14:05:53][DEBUG] jax_fem: CuDSSNewtonSolver: initial residual = 7.188e+05
[06-24 14:05:53][DEBUG] jax_fem: JaxAssembledMixin: computing Jacobian on device
[06-24 14:05:53][DEBUG] jax_fem: Function split_and_compute_cell took 0.0267 seconds
[06-24 14:05:53][DEBUG] jax_fem: CuDSSNewtonSolver: iter=1  res=7.595e-06  rel=1.057e-11
[06-24 14:05:53][INFO] jax_fem: CuDSSNewtonSolver: solve finished in 0.09s  res=7.595e-06
[06-24 14:05:53][DEBUG] jax_fem: CuDSSNewtonSolver: starting Newton loop
[06-24 14:05:53][DEBUG] jax_fem: JaxAssembledMixin: computing Jacobian on device
[06-24 14:05:54][DEBUG] jax_fem: Function split_and_compute_cell took 0.0251 seconds
[06-24 14:05:54][DEBUG] jax_fem: CuDSSNewtonSolver: initial residual = 7.101e+05
[06-24 14:05:54][DEBUG] jax_fem: JaxAssembledMixin: computing Jacobian on device
[06-24 14:05:54][DEBUG] jax_fem: Function split_and_compute_cell took 0.0262 seconds
[06-24 14:05:54][DEBUG] jax_fem: CuDSSNewtonSolver: iter=1  res=8.544e-06  rel=1.203e-11
[06-24 14:05:54][INFO] jax_fem: CuDSSNewtonSolver: solve finished in 0.09s  res=8.544e-06
[06-24 14:05:54][DEBUG] jax_fem: CuDSSNewtonSolver: starting Newton loop
[06-24 14:05:54][DEBUG] jax_fem: JaxAssembledMixin: computing Jacobian on device
[06-24 14:05:54][DEBUG] jax_fem: Function split_and_compute_cell took 0.0261 seconds
[06-24 14:05:54][DEBUG] jax_fem: CuDSSNewtonSolver: initial residual = 7.049e+05
[06-24 14:05:54][DEBUG] jax_fem: JaxAssembledMixin: computing Jacobian on device
[06-24 14:05:54][DEBUG] jax_fem: Function split_and_compute_cell took 0.0269 seconds
[06-24 14:05:54][DEBUG] jax_fem: CuDSSNewtonSolver: iter=1  res=9.457e-06  rel=1.342e-11
[06-24 14:05:54][INFO] jax_fem: CuDSSNewtonSolver: solve finished in 0.09s  res=9.457e-06
[06-24 14:05:55][DEBUG] jax_fem: CuDSSNewtonSolver: starting Newton loop
[06-24 14:05:55][DEBUG] jax_fem: JaxAssembledMixin: computing Jacobian on device
[06-24 14:05:55][DEBUG] jax_fem: Function split_and_compute_cell took 0.0295 seconds
[06-24 14:05:55][DEBUG] jax_fem: CuDSSNewtonSolver: initial residual = 6.891e+05
[06-24 14:05:55][DEBUG] jax_fem: JaxAssembledMixin: computing Jacobian on device
[06-24 14:05:55][DEBUG] jax_fem: Function split_and_compute_cell took 0.0272 seconds
[06-24 14:05:55][DEBUG] jax_fem: CuDSSNewtonSolver: iter=1  res=7.454e-06  rel=1.082e-11
[06-24 14:05:55][INFO] jax_fem: CuDSSNewtonSolver: solve finished in 0.09s  res=7.454e-06
[06-24 14:05:55][INFO] jax_fem: CuDSS backward: solving adjoint problem …
[06-24 14:05:55][DEBUG] jax_fem: JaxAssembledMixin: computing Jacobian on device
[06-24 14:05:55][DEBUG] jax_fem: Function split_and_compute_cell took 0.0454 seconds
[06-24 14:05:55][DEBUG] jax_fem: Computing cell residual...
[06-24 14:05:55][DEBUG] jax_fem: Function split_and_compute_cell took 0.0787 seconds
[06-24 14:05:56][INFO] jax_fem: CuDSS backward: solving adjoint problem …
[06-24 14:05:56][DEBUG] jax_fem: JaxAssembledMixin: computing Jacobian on device
[06-24 14:05:56][DEBUG] jax_fem: Function split_and_compute_cell took 0.0502 seconds
[06-24 14:05:56][DEBUG] jax_fem: Computing cell residual...
[06-24 14:05:56][DEBUG] jax_fem: Function split_and_compute_cell took 0.0675 seconds
[06-24 14:05:56][INFO] jax_fem: CuDSS backward: solving adjoint problem …
[06-24 14:05:56][DEBUG] jax_fem: JaxAssembledMixin: computing Jacobian on device
[06-24 14:05:56][DEBUG] jax_fem: Function split_and_compute_cell took 0.0394 seconds
[06-24 14:05:56][DEBUG] jax_fem: Computing cell residual...
[06-24 14:05:56][DEBUG] jax_fem: Function split_and_compute_cell took 0.0675 seconds
[06-24 14:05:56][INFO] jax_fem: CuDSS backward: solving adjoint problem …
[06-24 14:05:56][DEBUG] jax_fem: JaxAssembledMixin: computing Jacobian on device
[06-24 14:05:57][DEBUG] jax_fem: Function split_and_compute_cell took 0.0387 seconds
[06-24 14:05:57][DEBUG] jax_fem: Computing cell residual...
[06-24 14:05:57][DEBUG] jax_fem: Function split_and_compute_cell took 0.0595 seconds
[06-24 14:05:57][INFO] jax_fem: CuDSS backward: solving adjoint problem …
[06-24 14:05:57][DEBUG] jax_fem: JaxAssembledMixin: computing Jacobian on device
[06-24 14:05:57][DEBUG] jax_fem: Function split_and_compute_cell took 0.0383 seconds
[06-24 14:05:57][DEBUG] jax_fem: Computing cell residual...
[06-24 14:05:57][DEBUG] jax_fem: Function split_and_compute_cell took 0.0588 seconds
[06-24 14:05:59][DEBUG] jax_fem: CuDSSNewtonSolver: starting Newton loop
[06-24 14:05:59][DEBUG] jax_fem: JaxAssembledMixin: computing Jacobian on device
[06-24 14:05:59][DEBUG] jax_fem: Function split_and_compute_cell took 0.0337 seconds
[06-24 14:05:59][DEBUG] jax_fem: CuDSSNewtonSolver: initial residual = 7.216e+05
[06-24 14:05:59][DEBUG] jax_fem: JaxAssembledMixin: computing Jacobian on device
[06-24 14:05:59][DEBUG] jax_fem: Function split_and_compute_cell took 0.0588 seconds
[06-24 14:05:59][DEBUG] jax_fem: CuDSSNewtonSolver: iter=1  res=6.065e-06  rel=8.405e-12
[06-24 14:05:59][INFO] jax_fem: CuDSSNewtonSolver: solve finished in 0.14s  res=6.065e-06
[06-24 14:05:59][DEBUG] jax_fem: CuDSSNewtonSolver: starting Newton loop
[06-24 14:05:59][DEBUG] jax_fem: JaxAssembledMixin: computing Jacobian on device
[06-24 14:05:59][DEBUG] jax_fem: Function split_and_compute_cell took 0.0395 seconds
[06-24 14:05:59][DEBUG] jax_fem: CuDSSNewtonSolver: initial residual = 7.188e+05
[06-24 14:05:59][DEBUG] jax_fem: JaxAssembledMixin: computing Jacobian on device
[06-24 14:05:59][DEBUG] jax_fem: Function split_and_compute_cell took 0.0504 seconds
[06-24 14:05:59][DEBUG] jax_fem: CuDSSNewtonSolver: iter=1  res=6.655e-06  rel=9.258e-12
[06-24 14:05:59][INFO] jax_fem: CuDSSNewtonSolver: solve finished in 0.14s  res=6.655e-06
[06-24 14:06:00][DEBUG] jax_fem: CuDSSNewtonSolver: starting Newton loop
[06-24 14:06:00][DEBUG] jax_fem: JaxAssembledMixin: computing Jacobian on device
[06-24 14:06:00][DEBUG] jax_fem: Function split_and_compute_cell took 0.0368 seconds
[06-24 14:06:00][DEBUG] jax_fem: CuDSSNewtonSolver: initial residual = 7.101e+05
[06-24 14:06:00][DEBUG] jax_fem: JaxAssembledMixin: computing Jacobian on device
[06-24 14:06:00][DEBUG] jax_fem: Function split_and_compute_cell took 0.0371 seconds
[06-24 14:06:00][DEBUG] jax_fem: CuDSSNewtonSolver: iter=1  res=8.442e-06  rel=1.189e-11
[06-24 14:06:00][INFO] jax_fem: CuDSSNewtonSolver: solve finished in 0.12s  res=8.442e-06
[06-24 14:06:00][DEBUG] jax_fem: CuDSSNewtonSolver: starting Newton loop
[06-24 14:06:00][DEBUG] jax_fem: JaxAssembledMixin: computing Jacobian on device
[06-24 14:06:00][DEBUG] jax_fem: Function split_and_compute_cell took 0.0571 seconds
[06-24 14:06:00][DEBUG] jax_fem: CuDSSNewtonSolver: initial residual = 7.049e+05
[06-24 14:06:00][DEBUG] jax_fem: JaxAssembledMixin: computing Jacobian on device
[06-24 14:06:00][DEBUG] jax_fem: Function split_and_compute_cell took 0.0541 seconds
[06-24 14:06:00][DEBUG] jax_fem: CuDSSNewtonSolver: iter=1  res=9.919e-06  rel=1.407e-11
[06-24 14:06:00][INFO] jax_fem: CuDSSNewtonSolver: solve finished in 0.15s  res=9.919e-06
[06-24 14:06:01][DEBUG] jax_fem: CuDSSNewtonSolver: starting Newton loop
[06-24 14:06:01][DEBUG] jax_fem: JaxAssembledMixin: computing Jacobian on device
[06-24 14:06:01][DEBUG] jax_fem: Function split_and_compute_cell took 0.0533 seconds
[06-24 14:06:01][DEBUG] jax_fem: CuDSSNewtonSolver: initial residual = 6.891e+05
[06-24 14:06:01][DEBUG] jax_fem: JaxAssembledMixin: computing Jacobian on device
[06-24 14:06:01][DEBUG] jax_fem: Function split_and_compute_cell took 0.0457 seconds
[06-24 14:06:01][DEBUG] jax_fem: CuDSSNewtonSolver: iter=1  res=7.695e-06  rel=1.117e-11
[06-24 14:06:01][INFO] jax_fem: CuDSSNewtonSolver: solve finished in 0.15s  res=7.695e-06
[06-24 14:06:03][DEBUG] jax_fem: CuDSSNewtonSolver: starting Newton loop
[06-24 14:06:03][DEBUG] jax_fem: JaxAssembledMixin: computing Jacobian on device
[06-24 14:06:03][DEBUG] jax_fem: Function split_and_compute_cell took 0.0266 seconds
[06-24 14:06:03][DEBUG] jax_fem: CuDSSNewtonSolver: initial residual = 7.216e+05
[06-24 14:06:03][DEBUG] jax_fem: JaxAssembledMixin: computing Jacobian on device
[06-24 14:06:03][DEBUG] jax_fem: Function split_and_compute_cell took 0.0266 seconds
[06-24 14:06:03][DEBUG] jax_fem: CuDSSNewtonSolver: iter=1  res=5.955e-06  rel=8.252e-12
[06-24 14:06:03][INFO] jax_fem: CuDSSNewtonSolver: solve finished in 0.09s  res=5.955e-06
[06-24 14:06:04][DEBUG] jax_fem: CuDSSNewtonSolver: starting Newton loop
[06-24 14:06:04][DEBUG] jax_fem: JaxAssembledMixin: computing Jacobian on device
[06-24 14:06:04][DEBUG] jax_fem: Function split_and_compute_cell took 0.0269 seconds
[06-24 14:06:04][DEBUG] jax_fem: CuDSSNewtonSolver: initial residual = 7.188e+05
[06-24 14:06:04][DEBUG] jax_fem: JaxAssembledMixin: computing Jacobian on device
[06-24 14:06:04][DEBUG] jax_fem: Function split_and_compute_cell took 0.0255 seconds
[06-24 14:06:04][DEBUG] jax_fem: CuDSSNewtonSolver: iter=1  res=7.076e-06  rel=9.844e-12
[06-24 14:06:04][INFO] jax_fem: CuDSSNewtonSolver: solve finished in 0.09s  res=7.076e-06
[06-24 14:06:04][DEBUG] jax_fem: CuDSSNewtonSolver: starting Newton loop
[06-24 14:06:04][DEBUG] jax_fem: JaxAssembledMixin: computing Jacobian on device
[06-24 14:06:04][DEBUG] jax_fem: Function split_and_compute_cell took 0.0263 seconds
[06-24 14:06:04][DEBUG] jax_fem: CuDSSNewtonSolver: initial residual = 7.101e+05
[06-24 14:06:04][DEBUG] jax_fem: JaxAssembledMixin: computing Jacobian on device
[06-24 14:06:04][DEBUG] jax_fem: Function split_and_compute_cell took 0.0266 seconds
[06-24 14:06:04][DEBUG] jax_fem: CuDSSNewtonSolver: iter=1  res=8.409e-06  rel=1.184e-11
[06-24 14:06:04][INFO] jax_fem: CuDSSNewtonSolver: solve finished in 0.09s  res=8.409e-06
[06-24 14:06:05][DEBUG] jax_fem: CuDSSNewtonSolver: starting Newton loop
[06-24 14:06:05][DEBUG] jax_fem: JaxAssembledMixin: computing Jacobian on device
[06-24 14:06:05][DEBUG] jax_fem: Function split_and_compute_cell took 0.0264 seconds
[06-24 14:06:05][DEBUG] jax_fem: CuDSSNewtonSolver: initial residual = 7.049e+05
[06-24 14:06:05][DEBUG] jax_fem: JaxAssembledMixin: computing Jacobian on device
[06-24 14:06:05][DEBUG] jax_fem: Function split_and_compute_cell took 0.0267 seconds
[06-24 14:06:05][DEBUG] jax_fem: CuDSSNewtonSolver: iter=1  res=9.485e-06  rel=1.345e-11
[06-24 14:06:05][INFO] jax_fem: CuDSSNewtonSolver: solve finished in 0.09s  res=9.485e-06
[06-24 14:06:06][DEBUG] jax_fem: CuDSSNewtonSolver: starting Newton loop
[06-24 14:06:06][DEBUG] jax_fem: JaxAssembledMixin: computing Jacobian on device
[06-24 14:06:06][DEBUG] jax_fem: Function split_and_compute_cell took 0.0263 seconds
[06-24 14:06:06][DEBUG] jax_fem: CuDSSNewtonSolver: initial residual = 6.891e+05
[06-24 14:06:06][DEBUG] jax_fem: JaxAssembledMixin: computing Jacobian on device
[06-24 14:06:06][DEBUG] jax_fem: Function split_and_compute_cell took 0.0260 seconds
[06-24 14:06:06][DEBUG] jax_fem: CuDSSNewtonSolver: iter=1  res=7.573e-06  rel=1.099e-11
[06-24 14:06:06][INFO] jax_fem: CuDSSNewtonSolver: solve finished in 0.09s  res=7.573e-06
[06-24 14:06:06][INFO] jax_fem: CuDSS backward: solving adjoint problem …
[06-24 14:06:06][DEBUG] jax_fem: JaxAssembledMixin: computing Jacobian on device
[06-24 14:06:06][DEBUG] jax_fem: Function split_and_compute_cell took 0.0515 seconds
[06-24 14:06:06][DEBUG] jax_fem: Computing cell residual...
[06-24 14:06:06][DEBUG] jax_fem: Function split_and_compute_cell took 0.0569 seconds
[06-24 14:06:06][INFO] jax_fem: CuDSS backward: solving adjoint problem …
[06-24 14:06:06][DEBUG] jax_fem: JaxAssembledMixin: computing Jacobian on device
[06-24 14:06:06][DEBUG] jax_fem: Function split_and_compute_cell took 0.0458 seconds
[06-24 14:06:06][DEBUG] jax_fem: Computing cell residual...
[06-24 14:06:06][DEBUG] jax_fem: Function split_and_compute_cell took 0.0653 seconds
[06-24 14:06:07][INFO] jax_fem: CuDSS backward: solving adjoint problem …
[06-24 14:06:07][DEBUG] jax_fem: JaxAssembledMixin: computing Jacobian on device
[06-24 14:06:07][DEBUG] jax_fem: Function split_and_compute_cell took 0.0369 seconds
[06-24 14:06:07][DEBUG] jax_fem: Computing cell residual...
[06-24 14:06:07][DEBUG] jax_fem: Function split_and_compute_cell took 0.0633 seconds
[06-24 14:06:07][INFO] jax_fem: CuDSS backward: solving adjoint problem …
[06-24 14:06:07][DEBUG] jax_fem: JaxAssembledMixin: computing Jacobian on device
[06-24 14:06:07][DEBUG] jax_fem: Function split_and_compute_cell took 0.0512 seconds
[06-24 14:06:07][DEBUG] jax_fem: Computing cell residual...
[06-24 14:06:07][DEBUG] jax_fem: Function split_and_compute_cell took 0.0673 seconds
[06-24 14:06:08][INFO] jax_fem: CuDSS backward: solving adjoint problem …
[06-24 14:06:08][DEBUG] jax_fem: JaxAssembledMixin: computing Jacobian on device
[06-24 14:06:08][DEBUG] jax_fem: Function split_and_compute_cell took 0.0497 seconds
[06-24 14:06:08][DEBUG] jax_fem: Computing cell residual...
[06-24 14:06:08][DEBUG] jax_fem: Function split_and_compute_cell took 0.0719 seconds
[06-24 14:06:10][DEBUG] jax_fem: CuDSSNewtonSolver: starting Newton loop
[06-24 14:06:10][DEBUG] jax_fem: JaxAssembledMixin: computing Jacobian on device
[06-24 14:06:10][DEBUG] jax_fem: Function split_and_compute_cell took 0.0336 seconds
[06-24 14:06:10][DEBUG] jax_fem: CuDSSNewtonSolver: initial residual = 7.216e+05
[06-24 14:06:10][DEBUG] jax_fem: JaxAssembledMixin: computing Jacobian on device
[06-24 14:06:10][DEBUG] jax_fem: Function split_and_compute_cell took 0.0431 seconds
[06-24 14:06:10][DEBUG] jax_fem: CuDSSNewtonSolver: iter=1  res=6.047e-06  rel=8.379e-12
[06-24 14:06:10][INFO] jax_fem: CuDSSNewtonSolver: solve finished in 0.12s  res=6.047e-06
[06-24 14:06:10][DEBUG] jax_fem: CuDSSNewtonSolver: starting Newton loop
[06-24 14:06:10][DEBUG] jax_fem: JaxAssembledMixin: computing Jacobian on device
[06-24 14:06:10][DEBUG] jax_fem: Function split_and_compute_cell took 0.0456 seconds
[06-24 14:06:10][DEBUG] jax_fem: CuDSSNewtonSolver: initial residual = 7.188e+05
[06-24 14:06:10][DEBUG] jax_fem: JaxAssembledMixin: computing Jacobian on device
[06-24 14:06:10][DEBUG] jax_fem: Function split_and_compute_cell took 0.0308 seconds
[06-24 14:06:10][DEBUG] jax_fem: CuDSSNewtonSolver: iter=1  res=6.883e-06  rel=9.576e-12
[06-24 14:06:10][INFO] jax_fem: CuDSSNewtonSolver: solve finished in 0.11s  res=6.883e-06
[06-24 14:06:10][DEBUG] jax_fem: CuDSSNewtonSolver: starting Newton loop
[06-24 14:06:10][DEBUG] jax_fem: JaxAssembledMixin: computing Jacobian on device
[06-24 14:06:10][DEBUG] jax_fem: Function split_and_compute_cell took 0.0430 seconds
[06-24 14:06:10][DEBUG] jax_fem: CuDSSNewtonSolver: initial residual = 7.101e+05
[06-24 14:06:10][DEBUG] jax_fem: JaxAssembledMixin: computing Jacobian on device
[06-24 14:06:10][DEBUG] jax_fem: Function split_and_compute_cell took 0.0240 seconds
[06-24 14:06:10][DEBUG] jax_fem: CuDSSNewtonSolver: iter=1  res=8.223e-06  rel=1.158e-11
[06-24 14:06:10][INFO] jax_fem: CuDSSNewtonSolver: solve finished in 0.10s  res=8.223e-06
[06-24 14:06:11][DEBUG] jax_fem: CuDSSNewtonSolver: starting Newton loop
[06-24 14:06:11][DEBUG] jax_fem: JaxAssembledMixin: computing Jacobian on device
[06-24 14:06:11][DEBUG] jax_fem: Function split_and_compute_cell took 0.0260 seconds
[06-24 14:06:11][DEBUG] jax_fem: CuDSSNewtonSolver: initial residual = 7.049e+05
[06-24 14:06:11][DEBUG] jax_fem: JaxAssembledMixin: computing Jacobian on device
[06-24 14:06:11][DEBUG] jax_fem: Function split_and_compute_cell took 0.0288 seconds
[06-24 14:06:11][DEBUG] jax_fem: CuDSSNewtonSolver: iter=1  res=9.598e-06  rel=1.362e-11
[06-24 14:06:11][INFO] jax_fem: CuDSSNewtonSolver: solve finished in 0.09s  res=9.598e-06
[06-24 14:06:11][DEBUG] jax_fem: CuDSSNewtonSolver: starting Newton loop
[06-24 14:06:11][DEBUG] jax_fem: JaxAssembledMixin: computing Jacobian on device
[06-24 14:06:11][DEBUG] jax_fem: Function split_and_compute_cell took 0.0238 seconds
[06-24 14:06:11][DEBUG] jax_fem: CuDSSNewtonSolver: initial residual = 6.891e+05
[06-24 14:06:11][DEBUG] jax_fem: JaxAssembledMixin: computing Jacobian on device
[06-24 14:06:11][DEBUG] jax_fem: Function split_and_compute_cell took 0.0229 seconds
[06-24 14:06:11][DEBUG] jax_fem: CuDSSNewtonSolver: iter=1  res=7.448e-06  rel=1.081e-11
[06-24 14:06:11][INFO] jax_fem: CuDSSNewtonSolver: solve finished in 0.08s  res=7.448e-06
[06-24 14:06:12][DEBUG] jax_fem: CuDSSNewtonSolver: starting Newton loop
[06-24 14:06:12][DEBUG] jax_fem: JaxAssembledMixin: computing Jacobian on device
[06-24 14:06:12][DEBUG] jax_fem: Function split_and_compute_cell took 0.0258 seconds
[06-24 14:06:12][DEBUG] jax_fem: CuDSSNewtonSolver: initial residual = 7.216e+05
[06-24 14:06:12][DEBUG] jax_fem: JaxAssembledMixin: computing Jacobian on device
[06-24 14:06:12][DEBUG] jax_fem: Function split_and_compute_cell took 0.0269 seconds
[06-24 14:06:12][DEBUG] jax_fem: CuDSSNewtonSolver: iter=1  res=6.041e-06  rel=8.372e-12
[06-24 14:06:12][INFO] jax_fem: CuDSSNewtonSolver: solve finished in 0.09s  res=6.041e-06
[06-24 14:06:13][DEBUG] jax_fem: CuDSSNewtonSolver: starting Newton loop
[06-24 14:06:13][DEBUG] jax_fem: JaxAssembledMixin: computing Jacobian on device
[06-24 14:06:13][DEBUG] jax_fem: Function split_and_compute_cell took 0.0280 seconds
[06-24 14:06:13][DEBUG] jax_fem: CuDSSNewtonSolver: initial residual = 7.188e+05
[06-24 14:06:13][DEBUG] jax_fem: JaxAssembledMixin: computing Jacobian on device
[06-24 14:06:13][DEBUG] jax_fem: Function split_and_compute_cell took 0.0253 seconds
[06-24 14:06:13][DEBUG] jax_fem: CuDSSNewtonSolver: iter=1  res=6.768e-06  rel=9.416e-12
[06-24 14:06:13][INFO] jax_fem: CuDSSNewtonSolver: solve finished in 0.09s  res=6.768e-06
[06-24 14:06:13][DEBUG] jax_fem: CuDSSNewtonSolver: starting Newton loop
[06-24 14:06:13][DEBUG] jax_fem: JaxAssembledMixin: computing Jacobian on device
[06-24 14:06:13][DEBUG] jax_fem: Function split_and_compute_cell took 0.0265 seconds
[06-24 14:06:13][DEBUG] jax_fem: CuDSSNewtonSolver: initial residual = 7.101e+05
[06-24 14:06:13][DEBUG] jax_fem: JaxAssembledMixin: computing Jacobian on device
[06-24 14:06:13][DEBUG] jax_fem: Function split_and_compute_cell took 0.0258 seconds
[06-24 14:06:14][DEBUG] jax_fem: CuDSSNewtonSolver: iter=1  res=8.579e-06  rel=1.208e-11
[06-24 14:06:14][INFO] jax_fem: CuDSSNewtonSolver: solve finished in 0.08s  res=8.579e-06
[06-24 14:06:14][DEBUG] jax_fem: CuDSSNewtonSolver: starting Newton loop
[06-24 14:06:14][DEBUG] jax_fem: JaxAssembledMixin: computing Jacobian on device
[06-24 14:06:14][DEBUG] jax_fem: Function split_and_compute_cell took 0.0249 seconds
[06-24 14:06:14][DEBUG] jax_fem: CuDSSNewtonSolver: initial residual = 7.049e+05
[06-24 14:06:14][DEBUG] jax_fem: JaxAssembledMixin: computing Jacobian on device
[06-24 14:06:14][DEBUG] jax_fem: Function split_and_compute_cell took 0.0260 seconds
[06-24 14:06:14][DEBUG] jax_fem: CuDSSNewtonSolver: iter=1  res=9.929e-06  rel=1.409e-11
[06-24 14:06:14][INFO] jax_fem: CuDSSNewtonSolver: solve finished in 0.09s  res=9.929e-06
[06-24 14:06:15][DEBUG] jax_fem: CuDSSNewtonSolver: starting Newton loop
[06-24 14:06:15][DEBUG] jax_fem: JaxAssembledMixin: computing Jacobian on device
[06-24 14:06:15][DEBUG] jax_fem: Function split_and_compute_cell took 0.0267 seconds
[06-24 14:06:15][DEBUG] jax_fem: CuDSSNewtonSolver: initial residual = 6.891e+05
[06-24 14:06:15][DEBUG] jax_fem: JaxAssembledMixin: computing Jacobian on device
[06-24 14:06:15][DEBUG] jax_fem: Function split_and_compute_cell took 0.0271 seconds
[06-24 14:06:15][DEBUG] jax_fem: CuDSSNewtonSolver: iter=1  res=7.574e-06  rel=1.099e-11
[06-24 14:06:15][INFO] jax_fem: CuDSSNewtonSolver: solve finished in 0.09s  res=7.574e-06
[06-24 14:06:15][INFO] jax_fem: CuDSS backward: solving adjoint problem …
[06-24 14:06:15][DEBUG] jax_fem: JaxAssembledMixin: computing Jacobian on device
[06-24 14:06:15][DEBUG] jax_fem: Function split_and_compute_cell took 0.0236 seconds
[06-24 14:06:15][DEBUG] jax_fem: Computing cell residual...
[06-24 14:06:15][DEBUG] jax_fem: Function split_and_compute_cell took 0.0686 seconds
[06-24 14:06:15][INFO] jax_fem: CuDSS backward: solving adjoint problem …
[06-24 14:06:15][DEBUG] jax_fem: JaxAssembledMixin: computing Jacobian on device
[06-24 14:06:15][DEBUG] jax_fem: Function split_and_compute_cell took 0.0388 seconds
[06-24 14:06:15][DEBUG] jax_fem: Computing cell residual...
[06-24 14:06:15][DEBUG] jax_fem: Function split_and_compute_cell took 0.0734 seconds
[06-24 14:06:16][INFO] jax_fem: CuDSS backward: solving adjoint problem …
[06-24 14:06:16][DEBUG] jax_fem: JaxAssembledMixin: computing Jacobian on device
[06-24 14:06:16][DEBUG] jax_fem: Function split_and_compute_cell took 0.0224 seconds
[06-24 14:06:16][DEBUG] jax_fem: Computing cell residual...
[06-24 14:06:16][DEBUG] jax_fem: Function split_and_compute_cell took 0.0520 seconds
[06-24 14:06:16][INFO] jax_fem: CuDSS backward: solving adjoint problem …
[06-24 14:06:16][DEBUG] jax_fem: JaxAssembledMixin: computing Jacobian on device
[06-24 14:06:16][DEBUG] jax_fem: Function split_and_compute_cell took 0.0279 seconds
[06-24 14:06:16][DEBUG] jax_fem: Computing cell residual...
[06-24 14:06:16][DEBUG] jax_fem: Function split_and_compute_cell took 0.0583 seconds
[06-24 14:06:16][INFO] jax_fem: CuDSS backward: solving adjoint problem …
[06-24 14:06:16][DEBUG] jax_fem: JaxAssembledMixin: computing Jacobian on device
[06-24 14:06:16][DEBUG] jax_fem: Function split_and_compute_cell took 0.0225 seconds
[06-24 14:06:16][DEBUG] jax_fem: Computing cell residual...
[06-24 14:06:17][DEBUG] jax_fem: Function split_and_compute_cell took 0.0621 seconds
[06-24 14:06:18][DEBUG] jax_fem: CuDSSNewtonSolver: starting Newton loop
[06-24 14:06:18][DEBUG] jax_fem: JaxAssembledMixin: computing Jacobian on device
[06-24 14:06:18][DEBUG] jax_fem: Function split_and_compute_cell took 0.0250 seconds
[06-24 14:06:18][DEBUG] jax_fem: CuDSSNewtonSolver: initial residual = 7.216e+05
[06-24 14:06:18][DEBUG] jax_fem: JaxAssembledMixin: computing Jacobian on device
[06-24 14:06:18][DEBUG] jax_fem: Function split_and_compute_cell took 0.0225 seconds
[06-24 14:06:18][DEBUG] jax_fem: CuDSSNewtonSolver: iter=1  res=5.950e-06  rel=8.245e-12
[06-24 14:06:18][INFO] jax_fem: CuDSSNewtonSolver: solve finished in 0.08s  res=5.950e-06
[06-24 14:06:18][DEBUG] jax_fem: CuDSSNewtonSolver: starting Newton loop
[06-24 14:06:18][DEBUG] jax_fem: JaxAssembledMixin: computing Jacobian on device
[06-24 14:06:18][DEBUG] jax_fem: Function split_and_compute_cell took 0.0384 seconds
[06-24 14:06:18][DEBUG] jax_fem: CuDSSNewtonSolver: initial residual = 7.188e+05
[06-24 14:06:18][DEBUG] jax_fem: JaxAssembledMixin: computing Jacobian on device
[06-24 14:06:18][DEBUG] jax_fem: Function split_and_compute_cell took 0.0427 seconds
[06-24 14:06:18][DEBUG] jax_fem: CuDSSNewtonSolver: iter=1  res=6.704e-06  rel=9.326e-12
[06-24 14:06:18][INFO] jax_fem: CuDSSNewtonSolver: solve finished in 0.12s  res=6.704e-06
[06-24 14:06:18][DEBUG] jax_fem: CuDSSNewtonSolver: starting Newton loop
[06-24 14:06:18][DEBUG] jax_fem: JaxAssembledMixin: computing Jacobian on device
[06-24 14:06:18][DEBUG] jax_fem: Function split_and_compute_cell took 0.0212 seconds
[06-24 14:06:18][DEBUG] jax_fem: CuDSSNewtonSolver: initial residual = 7.101e+05
[06-24 14:06:18][DEBUG] jax_fem: JaxAssembledMixin: computing Jacobian on device
[06-24 14:06:18][DEBUG] jax_fem: Function split_and_compute_cell took 0.0247 seconds
[06-24 14:06:18][DEBUG] jax_fem: CuDSSNewtonSolver: iter=1  res=8.257e-06  rel=1.163e-11
[06-24 14:06:18][INFO] jax_fem: CuDSSNewtonSolver: solve finished in 0.08s  res=8.257e-06
[06-24 14:06:18][DEBUG] jax_fem: CuDSSNewtonSolver: starting Newton loop
[06-24 14:06:18][DEBUG] jax_fem: JaxAssembledMixin: computing Jacobian on device
[06-24 14:06:18][DEBUG] jax_fem: Function split_and_compute_cell took 0.0268 seconds
[06-24 14:06:18][DEBUG] jax_fem: CuDSSNewtonSolver: initial residual = 7.049e+05
[06-24 14:06:18][DEBUG] jax_fem: JaxAssembledMixin: computing Jacobian on device
[06-24 14:06:18][DEBUG] jax_fem: Function split_and_compute_cell took 0.0267 seconds
[06-24 14:06:18][DEBUG] jax_fem: CuDSSNewtonSolver: iter=1  res=9.795e-06  rel=1.390e-11
[06-24 14:06:18][INFO] jax_fem: CuDSSNewtonSolver: solve finished in 0.08s  res=9.795e-06
[06-24 14:06:19][DEBUG] jax_fem: CuDSSNewtonSolver: starting Newton loop
[06-24 14:06:19][DEBUG] jax_fem: JaxAssembledMixin: computing Jacobian on device
[06-24 14:06:19][DEBUG] jax_fem: Function split_and_compute_cell took 0.0238 seconds
[06-24 14:06:19][DEBUG] jax_fem: CuDSSNewtonSolver: initial residual = 6.891e+05
[06-24 14:06:19][DEBUG] jax_fem: JaxAssembledMixin: computing Jacobian on device
[06-24 14:06:19][DEBUG] jax_fem: Function split_and_compute_cell took 0.0271 seconds
[06-24 14:06:19][DEBUG] jax_fem: CuDSSNewtonSolver: iter=1  res=7.567e-06  rel=1.098e-11
[06-24 14:06:19][INFO] jax_fem: CuDSSNewtonSolver: solve finished in 0.08s  res=7.567e-06
[06-24 14:06:20][DEBUG] jax_fem: CuDSSNewtonSolver: starting Newton loop
[06-24 14:06:20][DEBUG] jax_fem: JaxAssembledMixin: computing Jacobian on device
[06-24 14:06:20][DEBUG] jax_fem: Function split_and_compute_cell took 0.0260 seconds
[06-24 14:06:20][DEBUG] jax_fem: CuDSSNewtonSolver: initial residual = 7.216e+05
[06-24 14:06:20][DEBUG] jax_fem: JaxAssembledMixin: computing Jacobian on device
[06-24 14:06:20][DEBUG] jax_fem: Function split_and_compute_cell took 0.0281 seconds
[06-24 14:06:20][DEBUG] jax_fem: CuDSSNewtonSolver: iter=1  res=5.887e-06  rel=8.159e-12
[06-24 14:06:20][INFO] jax_fem: CuDSSNewtonSolver: solve finished in 0.09s  res=5.887e-06
[06-24 14:06:21][DEBUG] jax_fem: CuDSSNewtonSolver: starting Newton loop
[06-24 14:06:21][DEBUG] jax_fem: JaxAssembledMixin: computing Jacobian on device
[06-24 14:06:21][DEBUG] jax_fem: Function split_and_compute_cell took 0.0265 seconds
[06-24 14:06:21][DEBUG] jax_fem: CuDSSNewtonSolver: initial residual = 7.188e+05
[06-24 14:06:21][DEBUG] jax_fem: JaxAssembledMixin: computing Jacobian on device
[06-24 14:06:21][DEBUG] jax_fem: Function split_and_compute_cell took 0.0268 seconds
[06-24 14:06:21][DEBUG] jax_fem: CuDSSNewtonSolver: iter=1  res=6.690e-06  rel=9.307e-12
[06-24 14:06:21][INFO] jax_fem: CuDSSNewtonSolver: solve finished in 0.09s  res=6.690e-06
[06-24 14:06:21][DEBUG] jax_fem: CuDSSNewtonSolver: starting Newton loop
[06-24 14:06:21][DEBUG] jax_fem: JaxAssembledMixin: computing Jacobian on device
[06-24 14:06:21][DEBUG] jax_fem: Function split_and_compute_cell took 0.0258 seconds
[06-24 14:06:21][DEBUG] jax_fem: CuDSSNewtonSolver: initial residual = 7.101e+05
[06-24 14:06:21][DEBUG] jax_fem: JaxAssembledMixin: computing Jacobian on device
[06-24 14:06:21][DEBUG] jax_fem: Function split_and_compute_cell took 0.0261 seconds
[06-24 14:06:21][DEBUG] jax_fem: CuDSSNewtonSolver: iter=1  res=8.513e-06  rel=1.199e-11
[06-24 14:06:21][INFO] jax_fem: CuDSSNewtonSolver: solve finished in 0.09s  res=8.513e-06
[06-24 14:06:22][DEBUG] jax_fem: CuDSSNewtonSolver: starting Newton loop
[06-24 14:06:22][DEBUG] jax_fem: JaxAssembledMixin: computing Jacobian on device
[06-24 14:06:22][DEBUG] jax_fem: Function split_and_compute_cell took 0.0284 seconds
[06-24 14:06:22][DEBUG] jax_fem: CuDSSNewtonSolver: initial residual = 7.049e+05
[06-24 14:06:22][DEBUG] jax_fem: JaxAssembledMixin: computing Jacobian on device
[06-24 14:06:22][DEBUG] jax_fem: Function split_and_compute_cell took 0.0273 seconds
[06-24 14:06:22][DEBUG] jax_fem: CuDSSNewtonSolver: iter=1  res=9.817e-06  rel=1.393e-11
[06-24 14:06:22][INFO] jax_fem: CuDSSNewtonSolver: solve finished in 0.09s  res=9.817e-06
[06-24 14:06:23][DEBUG] jax_fem: CuDSSNewtonSolver: starting Newton loop
[06-24 14:06:23][DEBUG] jax_fem: JaxAssembledMixin: computing Jacobian on device
[06-24 14:06:23][DEBUG] jax_fem: Function split_and_compute_cell took 0.0263 seconds
[06-24 14:06:23][DEBUG] jax_fem: CuDSSNewtonSolver: initial residual = 6.891e+05
[06-24 14:06:23][DEBUG] jax_fem: JaxAssembledMixin: computing Jacobian on device
[06-24 14:06:23][DEBUG] jax_fem: Function split_and_compute_cell took 0.0277 seconds
[06-24 14:06:23][DEBUG] jax_fem: CuDSSNewtonSolver: iter=1  res=7.674e-06  rel=1.114e-11
[06-24 14:06:23][INFO] jax_fem: CuDSSNewtonSolver: solve finished in 0.09s  res=7.674e-06
[06-24 14:06:23][INFO] jax_fem: CuDSS backward: solving adjoint problem …
[06-24 14:06:23][DEBUG] jax_fem: JaxAssembledMixin: computing Jacobian on device
[06-24 14:06:23][DEBUG] jax_fem: Function split_and_compute_cell took 0.0314 seconds
[06-24 14:06:23][DEBUG] jax_fem: Computing cell residual...
[06-24 14:06:23][DEBUG] jax_fem: Function split_and_compute_cell took 0.0720 seconds
[06-24 14:06:23][INFO] jax_fem: CuDSS backward: solving adjoint problem …
[06-24 14:06:23][DEBUG] jax_fem: JaxAssembledMixin: computing Jacobian on device
[06-24 14:06:23][DEBUG] jax_fem: Function split_and_compute_cell took 0.0338 seconds
[06-24 14:06:23][DEBUG] jax_fem: Computing cell residual...
[06-24 14:06:24][DEBUG] jax_fem: Function split_and_compute_cell took 0.0658 seconds
[06-24 14:06:24][INFO] jax_fem: CuDSS backward: solving adjoint problem …
[06-24 14:06:24][DEBUG] jax_fem: JaxAssembledMixin: computing Jacobian on device
[06-24 14:06:24][DEBUG] jax_fem: Function split_and_compute_cell took 0.0362 seconds
[06-24 14:06:24][DEBUG] jax_fem: Computing cell residual...
[06-24 14:06:24][DEBUG] jax_fem: Function split_and_compute_cell took 0.0603 seconds
[06-24 14:06:24][INFO] jax_fem: CuDSS backward: solving adjoint problem …
[06-24 14:06:24][DEBUG] jax_fem: JaxAssembledMixin: computing Jacobian on device
[06-24 14:06:24][DEBUG] jax_fem: Function split_and_compute_cell took 0.0355 seconds
[06-24 14:06:24][DEBUG] jax_fem: Computing cell residual...
[06-24 14:06:24][DEBUG] jax_fem: Function split_and_compute_cell took 0.0698 seconds
[06-24 14:06:25][INFO] jax_fem: CuDSS backward: solving adjoint problem …
[06-24 14:06:25][DEBUG] jax_fem: JaxAssembledMixin: computing Jacobian on device
[06-24 14:06:25][DEBUG] jax_fem: Function split_and_compute_cell took 0.0416 seconds
[06-24 14:06:25][DEBUG] jax_fem: Computing cell residual...
[06-24 14:06:25][DEBUG] jax_fem: Function split_and_compute_cell took 0.0710 seconds
[06-24 14:06:26][DEBUG] jax_fem: CuDSSNewtonSolver: starting Newton loop
[06-24 14:06:26][DEBUG] jax_fem: JaxAssembledMixin: computing Jacobian on device
[06-24 14:06:26][DEBUG] jax_fem: Function split_and_compute_cell took 0.0508 seconds
[06-24 14:06:26][DEBUG] jax_fem: CuDSSNewtonSolver: initial residual = 7.216e+05
[06-24 14:06:26][DEBUG] jax_fem: JaxAssembledMixin: computing Jacobian on device
[06-24 14:06:27][DEBUG] jax_fem: Function split_and_compute_cell took 0.0527 seconds
[06-24 14:06:27][DEBUG] jax_fem: CuDSSNewtonSolver: iter=1  res=5.912e-06  rel=8.193e-12
[06-24 14:06:27][INFO] jax_fem: CuDSSNewtonSolver: solve finished in 0.15s  res=5.912e-06
[06-24 14:06:27][DEBUG] jax_fem: CuDSSNewtonSolver: starting Newton loop
[06-24 14:06:27][DEBUG] jax_fem: JaxAssembledMixin: computing Jacobian on device
[06-24 14:06:27][DEBUG] jax_fem: Function split_and_compute_cell took 0.0626 seconds
[06-24 14:06:27][DEBUG] jax_fem: CuDSSNewtonSolver: initial residual = 7.188e+05
[06-24 14:06:27][DEBUG] jax_fem: JaxAssembledMixin: computing Jacobian on device
[06-24 14:06:27][DEBUG] jax_fem: Function split_and_compute_cell took 0.0575 seconds
[06-24 14:06:27][DEBUG] jax_fem: CuDSSNewtonSolver: iter=1  res=6.717e-06  rel=9.345e-12
[06-24 14:06:27][INFO] jax_fem: CuDSSNewtonSolver: solve finished in 0.17s  res=6.717e-06
[06-24 14:06:27][DEBUG] jax_fem: CuDSSNewtonSolver: starting Newton loop
[06-24 14:06:27][DEBUG] jax_fem: JaxAssembledMixin: computing Jacobian on device
[06-24 14:06:27][DEBUG] jax_fem: Function split_and_compute_cell took 0.0684 seconds
[06-24 14:06:27][DEBUG] jax_fem: CuDSSNewtonSolver: initial residual = 7.101e+05
[06-24 14:06:27][DEBUG] jax_fem: JaxAssembledMixin: computing Jacobian on device
[06-24 14:06:28][DEBUG] jax_fem: Function split_and_compute_cell took 0.0490 seconds
[06-24 14:06:28][DEBUG] jax_fem: CuDSSNewtonSolver: iter=1  res=8.542e-06  rel=1.203e-11
[06-24 14:06:28][INFO] jax_fem: CuDSSNewtonSolver: solve finished in 0.16s  res=8.542e-06
[06-24 14:06:28][DEBUG] jax_fem: CuDSSNewtonSolver: starting Newton loop
[06-24 14:06:28][DEBUG] jax_fem: JaxAssembledMixin: computing Jacobian on device
[06-24 14:06:28][DEBUG] jax_fem: Function split_and_compute_cell took 0.0404 seconds
[06-24 14:06:28][DEBUG] jax_fem: CuDSSNewtonSolver: initial residual = 7.049e+05
[06-24 14:06:28][DEBUG] jax_fem: JaxAssembledMixin: computing Jacobian on device
[06-24 14:06:28][DEBUG] jax_fem: Function split_and_compute_cell took 0.0301 seconds
[06-24 14:06:28][DEBUG] jax_fem: CuDSSNewtonSolver: iter=1  res=1.005e-05  rel=1.426e-11
[06-24 14:06:28][INFO] jax_fem: CuDSSNewtonSolver: solve finished in 0.11s  res=1.005e-05
[06-24 14:06:28][DEBUG] jax_fem: CuDSSNewtonSolver: starting Newton loop
[06-24 14:06:28][DEBUG] jax_fem: JaxAssembledMixin: computing Jacobian on device
[06-24 14:06:28][DEBUG] jax_fem: Function split_and_compute_cell took 0.0570 seconds
[06-24 14:06:28][DEBUG] jax_fem: CuDSSNewtonSolver: initial residual = 6.891e+05
[06-24 14:06:28][DEBUG] jax_fem: JaxAssembledMixin: computing Jacobian on device
[06-24 14:06:28][DEBUG] jax_fem: Function split_and_compute_cell took 0.0590 seconds
[06-24 14:06:28][DEBUG] jax_fem: CuDSSNewtonSolver: iter=1  res=7.438e-06  rel=1.079e-11
[06-24 14:06:28][INFO] jax_fem: CuDSSNewtonSolver: solve finished in 0.16s  res=7.438e-06
[06-24 14:06:30][DEBUG] jax_fem: CuDSSNewtonSolver: starting Newton loop
[06-24 14:06:30][DEBUG] jax_fem: JaxAssembledMixin: computing Jacobian on device
[06-24 14:06:31][DEBUG] jax_fem: Function split_and_compute_cell took 0.0279 seconds
[06-24 14:06:31][DEBUG] jax_fem: CuDSSNewtonSolver: initial residual = 7.216e+05
[06-24 14:06:31][DEBUG] jax_fem: JaxAssembledMixin: computing Jacobian on device
[06-24 14:06:31][DEBUG] jax_fem: Function split_and_compute_cell took 0.0260 seconds
[06-24 14:06:31][DEBUG] jax_fem: CuDSSNewtonSolver: iter=1  res=5.992e-06  rel=8.303e-12
[06-24 14:06:31][INFO] jax_fem: CuDSSNewtonSolver: solve finished in 0.09s  res=5.992e-06
[06-24 14:06:31][DEBUG] jax_fem: CuDSSNewtonSolver: starting Newton loop
[06-24 14:06:31][DEBUG] jax_fem: JaxAssembledMixin: computing Jacobian on device
[06-24 14:06:31][DEBUG] jax_fem: Function split_and_compute_cell took 0.0271 seconds
[06-24 14:06:31][DEBUG] jax_fem: CuDSSNewtonSolver: initial residual = 7.188e+05
[06-24 14:06:31][DEBUG] jax_fem: JaxAssembledMixin: computing Jacobian on device
[06-24 14:06:31][DEBUG] jax_fem: Function split_and_compute_cell took 0.0261 seconds
[06-24 14:06:31][DEBUG] jax_fem: CuDSSNewtonSolver: iter=1  res=6.692e-06  rel=9.310e-12
[06-24 14:06:31][INFO] jax_fem: CuDSSNewtonSolver: solve finished in 0.09s  res=6.692e-06
[06-24 14:06:32][DEBUG] jax_fem: CuDSSNewtonSolver: starting Newton loop
[06-24 14:06:32][DEBUG] jax_fem: JaxAssembledMixin: computing Jacobian on device
[06-24 14:06:32][DEBUG] jax_fem: Function split_and_compute_cell took 0.0247 seconds
[06-24 14:06:32][DEBUG] jax_fem: CuDSSNewtonSolver: initial residual = 7.101e+05
[06-24 14:06:32][DEBUG] jax_fem: JaxAssembledMixin: computing Jacobian on device
[06-24 14:06:32][DEBUG] jax_fem: Function split_and_compute_cell took 0.0276 seconds
[06-24 14:06:32][DEBUG] jax_fem: CuDSSNewtonSolver: iter=1  res=8.338e-06  rel=1.174e-11
[06-24 14:06:32][INFO] jax_fem: CuDSSNewtonSolver: solve finished in 0.09s  res=8.338e-06
[06-24 14:06:33][DEBUG] jax_fem: CuDSSNewtonSolver: starting Newton loop
[06-24 14:06:33][DEBUG] jax_fem: JaxAssembledMixin: computing Jacobian on device
[06-24 14:06:33][DEBUG] jax_fem: Function split_and_compute_cell took 0.0289 seconds
[06-24 14:06:33][DEBUG] jax_fem: CuDSSNewtonSolver: initial residual = 7.049e+05
[06-24 14:06:33][DEBUG] jax_fem: JaxAssembledMixin: computing Jacobian on device
[06-24 14:06:33][DEBUG] jax_fem: Function split_and_compute_cell took 0.0268 seconds
[06-24 14:06:33][DEBUG] jax_fem: CuDSSNewtonSolver: iter=1  res=1.010e-05  rel=1.432e-11
[06-24 14:06:33][INFO] jax_fem: CuDSSNewtonSolver: solve finished in 0.09s  res=1.010e-05
[06-24 14:06:33][DEBUG] jax_fem: CuDSSNewtonSolver: starting Newton loop
[06-24 14:06:33][DEBUG] jax_fem: JaxAssembledMixin: computing Jacobian on device
[06-24 14:06:33][DEBUG] jax_fem: Function split_and_compute_cell took 0.0261 seconds
[06-24 14:06:33][DEBUG] jax_fem: CuDSSNewtonSolver: initial residual = 6.891e+05
[06-24 14:06:33][DEBUG] jax_fem: JaxAssembledMixin: computing Jacobian on device
[06-24 14:06:33][DEBUG] jax_fem: Function split_and_compute_cell took 0.0290 seconds
[06-24 14:06:33][DEBUG] jax_fem: CuDSSNewtonSolver: iter=1  res=7.571e-06  rel=1.099e-11
[06-24 14:06:33][INFO] jax_fem: CuDSSNewtonSolver: solve finished in 0.09s  res=7.571e-06
[06-24 14:06:34][INFO] jax_fem: CuDSS backward: solving adjoint problem …
[06-24 14:06:34][DEBUG] jax_fem: JaxAssembledMixin: computing Jacobian on device
[06-24 14:06:34][DEBUG] jax_fem: Function split_and_compute_cell took 0.0245 seconds
[06-24 14:06:34][DEBUG] jax_fem: Computing cell residual...
[06-24 14:06:34][DEBUG] jax_fem: Function split_and_compute_cell took 0.0661 seconds
[06-24 14:06:34][INFO] jax_fem: CuDSS backward: solving adjoint problem …
[06-24 14:06:34][DEBUG] jax_fem: JaxAssembledMixin: computing Jacobian on device
[06-24 14:06:34][DEBUG] jax_fem: Function split_and_compute_cell took 0.0413 seconds
[06-24 14:06:34][DEBUG] jax_fem: Computing cell residual...
[06-24 14:06:34][DEBUG] jax_fem: Function split_and_compute_cell took 0.0593 seconds
[06-24 14:06:34][INFO] jax_fem: CuDSS backward: solving adjoint problem …
[06-24 14:06:34][DEBUG] jax_fem: JaxAssembledMixin: computing Jacobian on device
[06-24 14:06:34][DEBUG] jax_fem: Function split_and_compute_cell took 0.0413 seconds
[06-24 14:06:34][DEBUG] jax_fem: Computing cell residual...
[06-24 14:06:35][DEBUG] jax_fem: Function split_and_compute_cell took 0.0678 seconds
[06-24 14:06:35][INFO] jax_fem: CuDSS backward: solving adjoint problem …
[06-24 14:06:35][DEBUG] jax_fem: JaxAssembledMixin: computing Jacobian on device
[06-24 14:06:35][DEBUG] jax_fem: Function split_and_compute_cell took 0.0378 seconds
[06-24 14:06:35][DEBUG] jax_fem: Computing cell residual...
[06-24 14:06:35][DEBUG] jax_fem: Function split_and_compute_cell took 0.0596 seconds
[06-24 14:06:35][INFO] jax_fem: CuDSS backward: solving adjoint problem …
[06-24 14:06:35][DEBUG] jax_fem: JaxAssembledMixin: computing Jacobian on device
[06-24 14:06:35][DEBUG] jax_fem: Function split_and_compute_cell took 0.0453 seconds
[06-24 14:06:35][DEBUG] jax_fem: Computing cell residual...
[06-24 14:06:35][DEBUG] jax_fem: Function split_and_compute_cell took 0.0835 seconds
[06-24 14:06:37][DEBUG] jax_fem: CuDSSNewtonSolver: starting Newton loop
[06-24 14:06:37][DEBUG] jax_fem: JaxAssembledMixin: computing Jacobian on device
[06-24 14:06:37][DEBUG] jax_fem: Function split_and_compute_cell took 0.0487 seconds
[06-24 14:06:37][DEBUG] jax_fem: CuDSSNewtonSolver: initial residual = 7.216e+05
[06-24 14:06:37][DEBUG] jax_fem: JaxAssembledMixin: computing Jacobian on device
[06-24 14:06:37][DEBUG] jax_fem: Function split_and_compute_cell took 0.0421 seconds
[06-24 14:06:37][DEBUG] jax_fem: CuDSSNewtonSolver: iter=1  res=6.071e-06  rel=8.413e-12
[06-24 14:06:37][INFO] jax_fem: CuDSSNewtonSolver: solve finished in 0.14s  res=6.071e-06
[06-24 14:06:38][DEBUG] jax_fem: CuDSSNewtonSolver: starting Newton loop
[06-24 14:06:38][DEBUG] jax_fem: JaxAssembledMixin: computing Jacobian on device
[06-24 14:06:38][DEBUG] jax_fem: Function split_and_compute_cell took 0.0341 seconds
[06-24 14:06:38][DEBUG] jax_fem: CuDSSNewtonSolver: initial residual = 7.188e+05
[06-24 14:06:38][DEBUG] jax_fem: JaxAssembledMixin: computing Jacobian on device
[06-24 14:06:38][DEBUG] jax_fem: Function split_and_compute_cell took 0.0277 seconds
[06-24 14:06:38][DEBUG] jax_fem: CuDSSNewtonSolver: iter=1  res=6.880e-06  rel=9.570e-12
[06-24 14:06:38][INFO] jax_fem: CuDSSNewtonSolver: solve finished in 0.11s  res=6.880e-06
[06-24 14:06:38][DEBUG] jax_fem: CuDSSNewtonSolver: starting Newton loop
[06-24 14:06:38][DEBUG] jax_fem: JaxAssembledMixin: computing Jacobian on device
[06-24 14:06:38][DEBUG] jax_fem: Function split_and_compute_cell took 0.0299 seconds
[06-24 14:06:38][DEBUG] jax_fem: CuDSSNewtonSolver: initial residual = 7.101e+05
[06-24 14:06:38][DEBUG] jax_fem: JaxAssembledMixin: computing Jacobian on device
[06-24 14:06:38][DEBUG] jax_fem: Function split_and_compute_cell took 0.0266 seconds
[06-24 14:06:38][DEBUG] jax_fem: CuDSSNewtonSolver: iter=1  res=7.951e-06  rel=1.120e-11
[06-24 14:06:38][INFO] jax_fem: CuDSSNewtonSolver: solve finished in 0.10s  res=7.951e-06
[06-24 14:06:39][DEBUG] jax_fem: CuDSSNewtonSolver: starting Newton loop
[06-24 14:06:39][DEBUG] jax_fem: JaxAssembledMixin: computing Jacobian on device
[06-24 14:06:39][DEBUG] jax_fem: Function split_and_compute_cell took 0.0412 seconds
[06-24 14:06:39][DEBUG] jax_fem: CuDSSNewtonSolver: initial residual = 7.049e+05
[06-24 14:06:39][DEBUG] jax_fem: JaxAssembledMixin: computing Jacobian on device
[06-24 14:06:39][DEBUG] jax_fem: Function split_and_compute_cell took 0.0605 seconds
[06-24 14:06:39][DEBUG] jax_fem: CuDSSNewtonSolver: iter=1  res=1.009e-05  rel=1.431e-11
[06-24 14:06:39][INFO] jax_fem: CuDSSNewtonSolver: solve finished in 0.15s  res=1.009e-05
[06-24 14:06:39][DEBUG] jax_fem: CuDSSNewtonSolver: starting Newton loop
[06-24 14:06:39][DEBUG] jax_fem: JaxAssembledMixin: computing Jacobian on device
[06-24 14:06:39][DEBUG] jax_fem: Function split_and_compute_cell took 0.0356 seconds
[06-24 14:06:39][DEBUG] jax_fem: CuDSSNewtonSolver: initial residual = 6.891e+05
[06-24 14:06:39][DEBUG] jax_fem: JaxAssembledMixin: computing Jacobian on device
[06-24 14:06:39][DEBUG] jax_fem: Function split_and_compute_cell took 0.0478 seconds
[06-24 14:06:39][DEBUG] jax_fem: CuDSSNewtonSolver: iter=1  res=7.389e-06  rel=1.072e-11
[06-24 14:06:39][INFO] jax_fem: CuDSSNewtonSolver: solve finished in 0.13s  res=7.389e-06
[06-24 14:06:41][DEBUG] jax_fem: CuDSSNewtonSolver: starting Newton loop
[06-24 14:06:41][DEBUG] jax_fem: JaxAssembledMixin: computing Jacobian on device
[06-24 14:06:41][DEBUG] jax_fem: Function split_and_compute_cell took 0.0265 seconds
[06-24 14:06:41][DEBUG] jax_fem: CuDSSNewtonSolver: initial residual = 7.216e+05
[06-24 14:06:41][DEBUG] jax_fem: JaxAssembledMixin: computing Jacobian on device
[06-24 14:06:41][DEBUG] jax_fem: Function split_and_compute_cell took 0.0269 seconds
[06-24 14:06:41][DEBUG] jax_fem: CuDSSNewtonSolver: iter=1  res=6.044e-06  rel=8.376e-12
[06-24 14:06:41][INFO] jax_fem: CuDSSNewtonSolver: solve finished in 0.09s  res=6.044e-06
[06-24 14:06:42][DEBUG] jax_fem: CuDSSNewtonSolver: starting Newton loop
[06-24 14:06:42][DEBUG] jax_fem: JaxAssembledMixin: computing Jacobian on device
[06-24 14:06:42][DEBUG] jax_fem: Function split_and_compute_cell took 0.0272 seconds
[06-24 14:06:42][DEBUG] jax_fem: CuDSSNewtonSolver: initial residual = 7.188e+05
[06-24 14:06:42][DEBUG] jax_fem: JaxAssembledMixin: computing Jacobian on device
[06-24 14:06:42][DEBUG] jax_fem: Function split_and_compute_cell took 0.0262 seconds
[06-24 14:06:42][DEBUG] jax_fem: CuDSSNewtonSolver: iter=1  res=6.738e-06  rel=9.374e-12
[06-24 14:06:42][INFO] jax_fem: CuDSSNewtonSolver: solve finished in 0.09s  res=6.738e-06
[06-24 14:06:43][DEBUG] jax_fem: CuDSSNewtonSolver: starting Newton loop
[06-24 14:06:43][DEBUG] jax_fem: JaxAssembledMixin: computing Jacobian on device
[06-24 14:06:43][DEBUG] jax_fem: Function split_and_compute_cell took 0.0271 seconds
[06-24 14:06:43][DEBUG] jax_fem: CuDSSNewtonSolver: initial residual = 7.101e+05
[06-24 14:06:43][DEBUG] jax_fem: JaxAssembledMixin: computing Jacobian on device
[06-24 14:06:43][DEBUG] jax_fem: Function split_and_compute_cell took 0.0252 seconds
[06-24 14:06:43][DEBUG] jax_fem: CuDSSNewtonSolver: iter=1  res=7.834e-06  rel=1.103e-11
[06-24 14:06:43][INFO] jax_fem: CuDSSNewtonSolver: solve finished in 0.09s  res=7.834e-06
[06-24 14:06:43][DEBUG] jax_fem: CuDSSNewtonSolver: starting Newton loop
[06-24 14:06:43][DEBUG] jax_fem: JaxAssembledMixin: computing Jacobian on device
[06-24 14:06:43][DEBUG] jax_fem: Function split_and_compute_cell took 0.0259 seconds
[06-24 14:06:43][DEBUG] jax_fem: CuDSSNewtonSolver: initial residual = 7.049e+05
[06-24 14:06:43][DEBUG] jax_fem: JaxAssembledMixin: computing Jacobian on device
[06-24 14:06:43][DEBUG] jax_fem: Function split_and_compute_cell took 0.0264 seconds
[06-24 14:06:43][DEBUG] jax_fem: CuDSSNewtonSolver: iter=1  res=9.839e-06  rel=1.396e-11
[06-24 14:06:43][INFO] jax_fem: CuDSSNewtonSolver: solve finished in 0.09s  res=9.839e-06
[06-24 14:06:44][DEBUG] jax_fem: CuDSSNewtonSolver: starting Newton loop
[06-24 14:06:44][DEBUG] jax_fem: JaxAssembledMixin: computing Jacobian on device
[06-24 14:06:44][DEBUG] jax_fem: Function split_and_compute_cell took 0.0264 seconds
[06-24 14:06:44][DEBUG] jax_fem: CuDSSNewtonSolver: initial residual = 6.891e+05
[06-24 14:06:44][DEBUG] jax_fem: JaxAssembledMixin: computing Jacobian on device
[06-24 14:06:44][DEBUG] jax_fem: Function split_and_compute_cell took 0.0263 seconds
[06-24 14:06:44][DEBUG] jax_fem: CuDSSNewtonSolver: iter=1  res=7.578e-06  rel=1.100e-11
[06-24 14:06:44][INFO] jax_fem: CuDSSNewtonSolver: solve finished in 0.09s  res=7.578e-06
[06-24 14:06:44][INFO] jax_fem: CuDSS backward: solving adjoint problem …
[06-24 14:06:44][DEBUG] jax_fem: JaxAssembledMixin: computing Jacobian on device
[06-24 14:06:44][DEBUG] jax_fem: Function split_and_compute_cell took 0.0483 seconds
[06-24 14:06:44][DEBUG] jax_fem: Computing cell residual...
[06-24 14:06:44][DEBUG] jax_fem: Function split_and_compute_cell took 0.0763 seconds
[06-24 14:06:45][INFO] jax_fem: CuDSS backward: solving adjoint problem …
[06-24 14:06:45][DEBUG] jax_fem: JaxAssembledMixin: computing Jacobian on device
[06-24 14:06:45][DEBUG] jax_fem: Function split_and_compute_cell took 0.0396 seconds
[06-24 14:06:45][DEBUG] jax_fem: Computing cell residual...
[06-24 14:06:45][DEBUG] jax_fem: Function split_and_compute_cell took 0.0795 seconds
[06-24 14:06:45][INFO] jax_fem: CuDSS backward: solving adjoint problem …
[06-24 14:06:45][DEBUG] jax_fem: JaxAssembledMixin: computing Jacobian on device
[06-24 14:06:45][DEBUG] jax_fem: Function split_and_compute_cell took 0.0405 seconds
[06-24 14:06:45][DEBUG] jax_fem: Computing cell residual...
[06-24 14:06:45][DEBUG] jax_fem: Function split_and_compute_cell took 0.0795 seconds
[06-24 14:06:46][INFO] jax_fem: CuDSS backward: solving adjoint problem …
[06-24 14:06:46][DEBUG] jax_fem: JaxAssembledMixin: computing Jacobian on device
[06-24 14:06:46][DEBUG] jax_fem: Function split_and_compute_cell took 0.0325 seconds
[06-24 14:06:46][DEBUG] jax_fem: Computing cell residual...
[06-24 14:06:46][DEBUG] jax_fem: Function split_and_compute_cell took 0.0648 seconds
[06-24 14:06:46][INFO] jax_fem: CuDSS backward: solving adjoint problem …
[06-24 14:06:46][DEBUG] jax_fem: JaxAssembledMixin: computing Jacobian on device
[06-24 14:06:46][DEBUG] jax_fem: Function split_and_compute_cell took 0.0399 seconds
[06-24 14:06:46][DEBUG] jax_fem: Computing cell residual...
[06-24 14:06:46][DEBUG] jax_fem: Function split_and_compute_cell took 0.0577 seconds
[06-24 14:06:48][DEBUG] jax_fem: CuDSSNewtonSolver: starting Newton loop
[06-24 14:06:48][DEBUG] jax_fem: JaxAssembledMixin: computing Jacobian on device
[06-24 14:06:48][DEBUG] jax_fem: Function split_and_compute_cell took 0.0447 seconds
[06-24 14:06:48][DEBUG] jax_fem: CuDSSNewtonSolver: initial residual = 7.216e+05
[06-24 14:06:48][DEBUG] jax_fem: JaxAssembledMixin: computing Jacobian on device
[06-24 14:06:48][DEBUG] jax_fem: Function split_and_compute_cell took 0.0544 seconds
[06-24 14:06:48][DEBUG] jax_fem: CuDSSNewtonSolver: iter=1  res=6.015e-06  rel=8.335e-12
[06-24 14:06:48][INFO] jax_fem: CuDSSNewtonSolver: solve finished in 0.14s  res=6.015e-06
[06-24 14:06:49][DEBUG] jax_fem: CuDSSNewtonSolver: starting Newton loop
[06-24 14:06:49][DEBUG] jax_fem: JaxAssembledMixin: computing Jacobian on device
[06-24 14:06:49][DEBUG] jax_fem: Function split_and_compute_cell took 0.0447 seconds
[06-24 14:06:49][DEBUG] jax_fem: CuDSSNewtonSolver: initial residual = 7.188e+05
[06-24 14:06:49][DEBUG] jax_fem: JaxAssembledMixin: computing Jacobian on device
[06-24 14:06:49][DEBUG] jax_fem: Function split_and_compute_cell took 0.0456 seconds
[06-24 14:06:49][DEBUG] jax_fem: CuDSSNewtonSolver: iter=1  res=6.684e-06  rel=9.299e-12
[06-24 14:06:49][INFO] jax_fem: CuDSSNewtonSolver: solve finished in 0.13s  res=6.684e-06
[06-24 14:06:49][DEBUG] jax_fem: CuDSSNewtonSolver: starting Newton loop
[06-24 14:06:49][DEBUG] jax_fem: JaxAssembledMixin: computing Jacobian on device
[06-24 14:06:49][DEBUG] jax_fem: Function split_and_compute_cell took 0.0267 seconds
[06-24 14:06:49][DEBUG] jax_fem: CuDSSNewtonSolver: initial residual = 7.101e+05
[06-24 14:06:49][DEBUG] jax_fem: JaxAssembledMixin: computing Jacobian on device
[06-24 14:06:49][DEBUG] jax_fem: Function split_and_compute_cell took 0.0511 seconds
[06-24 14:06:49][DEBUG] jax_fem: CuDSSNewtonSolver: iter=1  res=8.234e-06  rel=1.160e-11
[06-24 14:06:49][INFO] jax_fem: CuDSSNewtonSolver: solve finished in 0.12s  res=8.234e-06
[06-24 14:06:50][DEBUG] jax_fem: CuDSSNewtonSolver: starting Newton loop
[06-24 14:06:50][DEBUG] jax_fem: JaxAssembledMixin: computing Jacobian on device
[06-24 14:06:50][DEBUG] jax_fem: Function split_and_compute_cell took 0.0432 seconds
[06-24 14:06:50][DEBUG] jax_fem: CuDSSNewtonSolver: initial residual = 7.049e+05
[06-24 14:06:50][DEBUG] jax_fem: JaxAssembledMixin: computing Jacobian on device
[06-24 14:06:50][DEBUG] jax_fem: Function split_and_compute_cell took 0.0230 seconds
[06-24 14:06:50][DEBUG] jax_fem: CuDSSNewtonSolver: iter=1  res=9.974e-06  rel=1.415e-11
[06-24 14:06:50][INFO] jax_fem: CuDSSNewtonSolver: solve finished in 0.11s  res=9.974e-06
[06-24 14:06:50][DEBUG] jax_fem: CuDSSNewtonSolver: starting Newton loop
[06-24 14:06:50][DEBUG] jax_fem: JaxAssembledMixin: computing Jacobian on device
[06-24 14:06:50][DEBUG] jax_fem: Function split_and_compute_cell took 0.0310 seconds
[06-24 14:06:50][DEBUG] jax_fem: CuDSSNewtonSolver: initial residual = 6.891e+05
[06-24 14:06:50][DEBUG] jax_fem: JaxAssembledMixin: computing Jacobian on device
[06-24 14:06:50][DEBUG] jax_fem: Function split_and_compute_cell took 0.0253 seconds
[06-24 14:06:50][DEBUG] jax_fem: CuDSSNewtonSolver: iter=1  res=7.521e-06  rel=1.091e-11
[06-24 14:06:50][INFO] jax_fem: CuDSSNewtonSolver: solve finished in 0.10s  res=7.521e-06
[06-24 14:06:52][DEBUG] jax_fem: CuDSSNewtonSolver: starting Newton loop
[06-24 14:06:52][DEBUG] jax_fem: JaxAssembledMixin: computing Jacobian on device
[06-24 14:06:52][DEBUG] jax_fem: Function split_and_compute_cell took 0.0255 seconds
[06-24 14:06:52][DEBUG] jax_fem: CuDSSNewtonSolver: initial residual = 7.216e+05
[06-24 14:06:52][DEBUG] jax_fem: JaxAssembledMixin: computing Jacobian on device
[06-24 14:06:52][DEBUG] jax_fem: Function split_and_compute_cell took 0.0252 seconds
[06-24 14:06:52][DEBUG] jax_fem: CuDSSNewtonSolver: iter=1  res=6.119e-06  rel=8.480e-12
[06-24 14:06:52][INFO] jax_fem: CuDSSNewtonSolver: solve finished in 0.09s  res=6.119e-06
[06-24 14:06:53][DEBUG] jax_fem: CuDSSNewtonSolver: starting Newton loop
[06-24 14:06:53][DEBUG] jax_fem: JaxAssembledMixin: computing Jacobian on device
[06-24 14:06:53][DEBUG] jax_fem: Function split_and_compute_cell took 0.0264 seconds
[06-24 14:06:53][DEBUG] jax_fem: CuDSSNewtonSolver: initial residual = 7.188e+05
[06-24 14:06:53][DEBUG] jax_fem: JaxAssembledMixin: computing Jacobian on device
[06-24 14:06:53][DEBUG] jax_fem: Function split_and_compute_cell took 0.0270 seconds
[06-24 14:06:53][DEBUG] jax_fem: CuDSSNewtonSolver: iter=1  res=6.470e-06  rel=9.000e-12
[06-24 14:06:53][INFO] jax_fem: CuDSSNewtonSolver: solve finished in 0.09s  res=6.470e-06
[06-24 14:06:53][DEBUG] jax_fem: CuDSSNewtonSolver: starting Newton loop
[06-24 14:06:53][DEBUG] jax_fem: JaxAssembledMixin: computing Jacobian on device
[06-24 14:06:53][DEBUG] jax_fem: Function split_and_compute_cell took 0.0257 seconds
[06-24 14:06:54][DEBUG] jax_fem: CuDSSNewtonSolver: initial residual = 7.101e+05
[06-24 14:06:54][DEBUG] jax_fem: JaxAssembledMixin: computing Jacobian on device
[06-24 14:06:54][DEBUG] jax_fem: Function split_and_compute_cell took 0.0259 seconds
[06-24 14:06:54][DEBUG] jax_fem: CuDSSNewtonSolver: iter=1  res=8.179e-06  rel=1.152e-11
[06-24 14:06:54][INFO] jax_fem: CuDSSNewtonSolver: solve finished in 0.09s  res=8.179e-06
[06-24 14:06:54][DEBUG] jax_fem: CuDSSNewtonSolver: starting Newton loop
[06-24 14:06:54][DEBUG] jax_fem: JaxAssembledMixin: computing Jacobian on device
[06-24 14:06:54][DEBUG] jax_fem: Function split_and_compute_cell took 0.0286 seconds
[06-24 14:06:54][DEBUG] jax_fem: CuDSSNewtonSolver: initial residual = 7.049e+05
[06-24 14:06:54][DEBUG] jax_fem: JaxAssembledMixin: computing Jacobian on device
[06-24 14:06:54][DEBUG] jax_fem: Function split_and_compute_cell took 0.0253 seconds
[06-24 14:06:54][DEBUG] jax_fem: CuDSSNewtonSolver: iter=1  res=9.795e-06  rel=1.389e-11
[06-24 14:06:54][INFO] jax_fem: CuDSSNewtonSolver: solve finished in 0.09s  res=9.795e-06
[06-24 14:06:55][DEBUG] jax_fem: CuDSSNewtonSolver: starting Newton loop
[06-24 14:06:55][DEBUG] jax_fem: JaxAssembledMixin: computing Jacobian on device
[06-24 14:06:55][DEBUG] jax_fem: Function split_and_compute_cell took 0.0251 seconds
[06-24 14:06:55][DEBUG] jax_fem: CuDSSNewtonSolver: initial residual = 6.891e+05
[06-24 14:06:55][DEBUG] jax_fem: JaxAssembledMixin: computing Jacobian on device
[06-24 14:06:55][DEBUG] jax_fem: Function split_and_compute_cell took 0.0259 seconds
[06-24 14:06:55][DEBUG] jax_fem: CuDSSNewtonSolver: iter=1  res=7.686e-06  rel=1.115e-11
[06-24 14:06:55][INFO] jax_fem: CuDSSNewtonSolver: solve finished in 0.09s  res=7.686e-06
[06-24 14:06:55][INFO] jax_fem: CuDSS backward: solving adjoint problem …
[06-24 14:06:55][DEBUG] jax_fem: JaxAssembledMixin: computing Jacobian on device
[06-24 14:06:55][DEBUG] jax_fem: Function split_and_compute_cell took 0.0485 seconds
[06-24 14:06:55][DEBUG] jax_fem: Computing cell residual...
[06-24 14:06:55][DEBUG] jax_fem: Function split_and_compute_cell took 0.0830 seconds
[06-24 14:06:56][INFO] jax_fem: CuDSS backward: solving adjoint problem …
[06-24 14:06:56][DEBUG] jax_fem: JaxAssembledMixin: computing Jacobian on device
[06-24 14:06:56][DEBUG] jax_fem: Function split_and_compute_cell took 0.0432 seconds
[06-24 14:06:56][DEBUG] jax_fem: Computing cell residual...
[06-24 14:06:56][DEBUG] jax_fem: Function split_and_compute_cell took 0.0814 seconds
[06-24 14:06:56][INFO] jax_fem: CuDSS backward: solving adjoint problem …
[06-24 14:06:56][DEBUG] jax_fem: JaxAssembledMixin: computing Jacobian on device
[06-24 14:06:56][DEBUG] jax_fem: Function split_and_compute_cell took 0.0322 seconds
[06-24 14:06:56][DEBUG] jax_fem: Computing cell residual...
[06-24 14:06:56][DEBUG] jax_fem: Function split_and_compute_cell took 0.0616 seconds
[06-24 14:06:56][INFO] jax_fem: CuDSS backward: solving adjoint problem …
[06-24 14:06:56][DEBUG] jax_fem: JaxAssembledMixin: computing Jacobian on device
[06-24 14:06:56][DEBUG] jax_fem: Function split_and_compute_cell took 0.0583 seconds
[06-24 14:06:57][DEBUG] jax_fem: Computing cell residual...
[06-24 14:06:57][DEBUG] jax_fem: Function split_and_compute_cell took 0.0704 seconds
[06-24 14:06:57][INFO] jax_fem: CuDSS backward: solving adjoint problem …
[06-24 14:06:57][DEBUG] jax_fem: JaxAssembledMixin: computing Jacobian on device
[06-24 14:06:57][DEBUG] jax_fem: Function split_and_compute_cell took 0.0458 seconds
[06-24 14:06:57][DEBUG] jax_fem: Computing cell residual...
[06-24 14:06:57][DEBUG] jax_fem: Function split_and_compute_cell took 0.0819 seconds
[06-24 14:06:59][DEBUG] jax_fem: CuDSSNewtonSolver: starting Newton loop
[06-24 14:06:59][DEBUG] jax_fem: JaxAssembledMixin: computing Jacobian on device
[06-24 14:06:59][DEBUG] jax_fem: Function split_and_compute_cell took 0.0375 seconds
[06-24 14:06:59][DEBUG] jax_fem: CuDSSNewtonSolver: initial residual = 7.216e+05
[06-24 14:06:59][DEBUG] jax_fem: JaxAssembledMixin: computing Jacobian on device
[06-24 14:06:59][DEBUG] jax_fem: Function split_and_compute_cell took 0.0348 seconds
[06-24 14:06:59][DEBUG] jax_fem: CuDSSNewtonSolver: iter=1  res=6.169e-06  rel=8.548e-12
[06-24 14:06:59][INFO] jax_fem: CuDSSNewtonSolver: solve finished in 0.12s  res=6.169e-06
[06-24 14:06:59][DEBUG] jax_fem: CuDSSNewtonSolver: starting Newton loop
[06-24 14:06:59][DEBUG] jax_fem: JaxAssembledMixin: computing Jacobian on device
[06-24 14:06:59][DEBUG] jax_fem: Function split_and_compute_cell took 0.0528 seconds
[06-24 14:06:59][DEBUG] jax_fem: CuDSSNewtonSolver: initial residual = 7.188e+05
[06-24 14:06:59][DEBUG] jax_fem: JaxAssembledMixin: computing Jacobian on device
[06-24 14:06:59][DEBUG] jax_fem: Function split_and_compute_cell took 0.0437 seconds
[06-24 14:06:59][DEBUG] jax_fem: CuDSSNewtonSolver: iter=1  res=6.601e-06  rel=9.183e-12
[06-24 14:06:59][INFO] jax_fem: CuDSSNewtonSolver: solve finished in 0.14s  res=6.601e-06
[06-24 14:07:00][DEBUG] jax_fem: CuDSSNewtonSolver: starting Newton loop
[06-24 14:07:00][DEBUG] jax_fem: JaxAssembledMixin: computing Jacobian on device
[06-24 14:07:00][DEBUG] jax_fem: Function split_and_compute_cell took 0.0293 seconds
[06-24 14:07:00][DEBUG] jax_fem: CuDSSNewtonSolver: initial residual = 7.101e+05
[06-24 14:07:00][DEBUG] jax_fem: JaxAssembledMixin: computing Jacobian on device
[06-24 14:07:00][DEBUG] jax_fem: Function split_and_compute_cell took 0.0340 seconds
[06-24 14:07:00][DEBUG] jax_fem: CuDSSNewtonSolver: iter=1  res=7.847e-06  rel=1.105e-11
[06-24 14:07:00][INFO] jax_fem: CuDSSNewtonSolver: solve finished in 0.10s  res=7.847e-06
[06-24 14:07:00][DEBUG] jax_fem: CuDSSNewtonSolver: starting Newton loop
[06-24 14:07:00][DEBUG] jax_fem: JaxAssembledMixin: computing Jacobian on device
[06-24 14:07:00][DEBUG] jax_fem: Function split_and_compute_cell took 0.0488 seconds
[06-24 14:07:00][DEBUG] jax_fem: CuDSSNewtonSolver: initial residual = 7.049e+05
[06-24 14:07:00][DEBUG] jax_fem: JaxAssembledMixin: computing Jacobian on device
[06-24 14:07:00][DEBUG] jax_fem: Function split_and_compute_cell took 0.0480 seconds
[06-24 14:07:00][DEBUG] jax_fem: CuDSSNewtonSolver: iter=1  res=9.533e-06  rel=1.352e-11
[06-24 14:07:00][INFO] jax_fem: CuDSSNewtonSolver: solve finished in 0.13s  res=9.533e-06
[06-24 14:07:01][DEBUG] jax_fem: CuDSSNewtonSolver: starting Newton loop
[06-24 14:07:01][DEBUG] jax_fem: JaxAssembledMixin: computing Jacobian on device
[06-24 14:07:01][DEBUG] jax_fem: Function split_and_compute_cell took 0.0340 seconds
[06-24 14:07:01][DEBUG] jax_fem: CuDSSNewtonSolver: initial residual = 6.891e+05
[06-24 14:07:01][DEBUG] jax_fem: JaxAssembledMixin: computing Jacobian on device
[06-24 14:07:01][DEBUG] jax_fem: Function split_and_compute_cell took 0.0242 seconds
[06-24 14:07:01][DEBUG] jax_fem: CuDSSNewtonSolver: iter=1  res=7.351e-06  rel=1.067e-11
[06-24 14:07:01][INFO] jax_fem: CuDSSNewtonSolver: solve finished in 0.10s  res=7.351e-06
[06-24 14:07:03][DEBUG] jax_fem: CuDSSNewtonSolver: starting Newton loop
[06-24 14:07:03][DEBUG] jax_fem: JaxAssembledMixin: computing Jacobian on device
[06-24 14:07:03][DEBUG] jax_fem: Function split_and_compute_cell took 0.0267 seconds
[06-24 14:07:03][DEBUG] jax_fem: CuDSSNewtonSolver: initial residual = 7.216e+05
[06-24 14:07:03][DEBUG] jax_fem: JaxAssembledMixin: computing Jacobian on device
[06-24 14:07:03][DEBUG] jax_fem: Function split_and_compute_cell took 0.0281 seconds
[06-24 14:07:03][DEBUG] jax_fem: CuDSSNewtonSolver: iter=1  res=6.028e-06  rel=8.353e-12
[06-24 14:07:03][INFO] jax_fem: CuDSSNewtonSolver: solve finished in 0.09s  res=6.028e-06
[06-24 14:07:03][DEBUG] jax_fem: CuDSSNewtonSolver: starting Newton loop
[06-24 14:07:03][DEBUG] jax_fem: JaxAssembledMixin: computing Jacobian on device
[06-24 14:07:03][DEBUG] jax_fem: Function split_and_compute_cell took 0.0269 seconds
[06-24 14:07:03][DEBUG] jax_fem: CuDSSNewtonSolver: initial residual = 7.188e+05
[06-24 14:07:03][DEBUG] jax_fem: JaxAssembledMixin: computing Jacobian on device
[06-24 14:07:03][DEBUG] jax_fem: Function split_and_compute_cell took 0.0267 seconds
[06-24 14:07:03][DEBUG] jax_fem: CuDSSNewtonSolver: iter=1  res=6.462e-06  rel=8.989e-12
[06-24 14:07:03][INFO] jax_fem: CuDSSNewtonSolver: solve finished in 0.09s  res=6.462e-06
[06-24 14:07:04][DEBUG] jax_fem: CuDSSNewtonSolver: starting Newton loop
[06-24 14:07:04][DEBUG] jax_fem: JaxAssembledMixin: computing Jacobian on device
[06-24 14:07:04][DEBUG] jax_fem: Function split_and_compute_cell took 0.0267 seconds
[06-24 14:07:04][DEBUG] jax_fem: CuDSSNewtonSolver: initial residual = 7.101e+05
[06-24 14:07:04][DEBUG] jax_fem: JaxAssembledMixin: computing Jacobian on device
[06-24 14:07:04][DEBUG] jax_fem: Function split_and_compute_cell took 0.0268 seconds
[06-24 14:07:04][DEBUG] jax_fem: CuDSSNewtonSolver: iter=1  res=7.850e-06  rel=1.106e-11
[06-24 14:07:04][INFO] jax_fem: CuDSSNewtonSolver: solve finished in 0.09s  res=7.850e-06
[06-24 14:07:05][DEBUG] jax_fem: CuDSSNewtonSolver: starting Newton loop
[06-24 14:07:05][DEBUG] jax_fem: JaxAssembledMixin: computing Jacobian on device
[06-24 14:07:05][DEBUG] jax_fem: Function split_and_compute_cell took 0.0273 seconds
[06-24 14:07:05][DEBUG] jax_fem: CuDSSNewtonSolver: initial residual = 7.049e+05
[06-24 14:07:05][DEBUG] jax_fem: JaxAssembledMixin: computing Jacobian on device
[06-24 14:07:05][DEBUG] jax_fem: Function split_and_compute_cell took 0.0263 seconds
[06-24 14:07:05][DEBUG] jax_fem: CuDSSNewtonSolver: iter=1  res=9.555e-06  rel=1.355e-11
[06-24 14:07:05][INFO] jax_fem: CuDSSNewtonSolver: solve finished in 0.09s  res=9.555e-06
[06-24 14:07:06][DEBUG] jax_fem: CuDSSNewtonSolver: starting Newton loop
[06-24 14:07:06][DEBUG] jax_fem: JaxAssembledMixin: computing Jacobian on device
[06-24 14:07:06][DEBUG] jax_fem: Function split_and_compute_cell took 0.0269 seconds
[06-24 14:07:06][DEBUG] jax_fem: CuDSSNewtonSolver: initial residual = 6.891e+05
[06-24 14:07:06][DEBUG] jax_fem: JaxAssembledMixin: computing Jacobian on device
[06-24 14:07:06][DEBUG] jax_fem: Function split_and_compute_cell took 0.0292 seconds
[06-24 14:07:06][DEBUG] jax_fem: CuDSSNewtonSolver: iter=1  res=7.423e-06  rel=1.077e-11
[06-24 14:07:06][INFO] jax_fem: CuDSSNewtonSolver: solve finished in 0.09s  res=7.423e-06
[06-24 14:07:06][INFO] jax_fem: CuDSS backward: solving adjoint problem …
[06-24 14:07:06][DEBUG] jax_fem: JaxAssembledMixin: computing Jacobian on device
[06-24 14:07:06][DEBUG] jax_fem: Function split_and_compute_cell took 0.0481 seconds
[06-24 14:07:06][DEBUG] jax_fem: Computing cell residual...
[06-24 14:07:06][DEBUG] jax_fem: Function split_and_compute_cell took 0.0665 seconds
[06-24 14:07:06][INFO] jax_fem: CuDSS backward: solving adjoint problem …
[06-24 14:07:06][DEBUG] jax_fem: JaxAssembledMixin: computing Jacobian on device
[06-24 14:07:06][DEBUG] jax_fem: Function split_and_compute_cell took 0.0384 seconds
[06-24 14:07:06][DEBUG] jax_fem: Computing cell residual...
[06-24 14:07:06][DEBUG] jax_fem: Function split_and_compute_cell took 0.0609 seconds
[06-24 14:07:07][INFO] jax_fem: CuDSS backward: solving adjoint problem …
[06-24 14:07:07][DEBUG] jax_fem: JaxAssembledMixin: computing Jacobian on device
[06-24 14:07:07][DEBUG] jax_fem: Function split_and_compute_cell took 0.0431 seconds
[06-24 14:07:07][DEBUG] jax_fem: Computing cell residual...
[06-24 14:07:07][DEBUG] jax_fem: Function split_and_compute_cell took 0.0744 seconds
[06-24 14:07:07][INFO] jax_fem: CuDSS backward: solving adjoint problem …
[06-24 14:07:07][DEBUG] jax_fem: JaxAssembledMixin: computing Jacobian on device
[06-24 14:07:07][DEBUG] jax_fem: Function split_and_compute_cell took 0.0396 seconds
[06-24 14:07:07][DEBUG] jax_fem: Computing cell residual...
[06-24 14:07:07][DEBUG] jax_fem: Function split_and_compute_cell took 0.0748 seconds
[06-24 14:07:08][INFO] jax_fem: CuDSS backward: solving adjoint problem …
[06-24 14:07:08][DEBUG] jax_fem: JaxAssembledMixin: computing Jacobian on device
[06-24 14:07:08][DEBUG] jax_fem: Function split_and_compute_cell took 0.0465 seconds
[06-24 14:07:08][DEBUG] jax_fem: Computing cell residual...
[06-24 14:07:08][DEBUG] jax_fem: Function split_and_compute_cell took 0.0679 seconds
[06-24 14:07:10][DEBUG] jax_fem: CuDSSNewtonSolver: starting Newton loop
[06-24 14:07:10][DEBUG] jax_fem: JaxAssembledMixin: computing Jacobian on device
[06-24 14:07:10][DEBUG] jax_fem: Function split_and_compute_cell took 0.0415 seconds
[06-24 14:07:10][DEBUG] jax_fem: CuDSSNewtonSolver: initial residual = 7.216e+05
[06-24 14:07:10][DEBUG] jax_fem: JaxAssembledMixin: computing Jacobian on device
[06-24 14:07:10][DEBUG] jax_fem: Function split_and_compute_cell took 0.0285 seconds
[06-24 14:07:10][DEBUG] jax_fem: CuDSSNewtonSolver: iter=1  res=6.756e-06  rel=9.362e-12
[06-24 14:07:10][INFO] jax_fem: CuDSSNewtonSolver: solve finished in 0.11s  res=6.756e-06
[06-24 14:07:10][DEBUG] jax_fem: CuDSSNewtonSolver: starting Newton loop
[06-24 14:07:10][DEBUG] jax_fem: JaxAssembledMixin: computing Jacobian on device
[06-24 14:07:10][DEBUG] jax_fem: Function split_and_compute_cell took 0.0317 seconds
[06-24 14:07:10][DEBUG] jax_fem: CuDSSNewtonSolver: initial residual = 7.188e+05
[06-24 14:07:10][DEBUG] jax_fem: JaxAssembledMixin: computing Jacobian on device
[06-24 14:07:10][DEBUG] jax_fem: Function split_and_compute_cell took 0.0329 seconds
[06-24 14:07:10][DEBUG] jax_fem: CuDSSNewtonSolver: iter=1  res=6.141e-06  rel=8.542e-12
[06-24 14:07:10][INFO] jax_fem: CuDSSNewtonSolver: solve finished in 0.11s  res=6.141e-06
[06-24 14:07:10][DEBUG] jax_fem: CuDSSNewtonSolver: starting Newton loop
[06-24 14:07:10][DEBUG] jax_fem: JaxAssembledMixin: computing Jacobian on device
[06-24 14:07:10][DEBUG] jax_fem: Function split_and_compute_cell took 0.0270 seconds
[06-24 14:07:10][DEBUG] jax_fem: CuDSSNewtonSolver: initial residual = 7.101e+05
[06-24 14:07:10][DEBUG] jax_fem: JaxAssembledMixin: computing Jacobian on device
[06-24 14:07:11][DEBUG] jax_fem: Function split_and_compute_cell took 0.0589 seconds
[06-24 14:07:11][DEBUG] jax_fem: CuDSSNewtonSolver: iter=1  res=7.062e-06  rel=9.945e-12
[06-24 14:07:11][INFO] jax_fem: CuDSSNewtonSolver: solve finished in 0.13s  res=7.062e-06
[06-24 14:07:11][DEBUG] jax_fem: CuDSSNewtonSolver: starting Newton loop
[06-24 14:07:11][DEBUG] jax_fem: JaxAssembledMixin: computing Jacobian on device
[06-24 14:07:11][DEBUG] jax_fem: Function split_and_compute_cell took 0.0455 seconds
[06-24 14:07:11][DEBUG] jax_fem: CuDSSNewtonSolver: initial residual = 7.049e+05
[06-24 14:07:11][DEBUG] jax_fem: JaxAssembledMixin: computing Jacobian on device
[06-24 14:07:11][DEBUG] jax_fem: Function split_and_compute_cell took 0.0472 seconds
[06-24 14:07:11][DEBUG] jax_fem: CuDSSNewtonSolver: iter=1  res=7.890e-06  rel=1.119e-11
[06-24 14:07:11][INFO] jax_fem: CuDSSNewtonSolver: solve finished in 0.14s  res=7.890e-06
[06-24 14:07:11][DEBUG] jax_fem: CuDSSNewtonSolver: starting Newton loop
[06-24 14:07:11][DEBUG] jax_fem: JaxAssembledMixin: computing Jacobian on device
[06-24 14:07:11][DEBUG] jax_fem: Function split_and_compute_cell took 0.0460 seconds
[06-24 14:07:11][DEBUG] jax_fem: CuDSSNewtonSolver: initial residual = 6.891e+05
[06-24 14:07:11][DEBUG] jax_fem: JaxAssembledMixin: computing Jacobian on device
[06-24 14:07:11][DEBUG] jax_fem: Function split_and_compute_cell took 0.0503 seconds
[06-24 14:07:11][DEBUG] jax_fem: CuDSSNewtonSolver: iter=1  res=7.530e-06  rel=1.093e-11
[06-24 14:07:11][INFO] jax_fem: CuDSSNewtonSolver: solve finished in 0.14s  res=7.530e-06
[06-24 14:07:13][DEBUG] jax_fem: CuDSSNewtonSolver: starting Newton loop
[06-24 14:07:13][DEBUG] jax_fem: JaxAssembledMixin: computing Jacobian on device
[06-24 14:07:13][DEBUG] jax_fem: Function split_and_compute_cell took 0.0270 seconds
[06-24 14:07:13][DEBUG] jax_fem: CuDSSNewtonSolver: initial residual = 7.216e+05
[06-24 14:07:13][DEBUG] jax_fem: JaxAssembledMixin: computing Jacobian on device
[06-24 14:07:13][DEBUG] jax_fem: Function split_and_compute_cell took 0.0269 seconds
[06-24 14:07:13][DEBUG] jax_fem: CuDSSNewtonSolver: iter=1  res=6.492e-06  rel=8.996e-12
[06-24 14:07:13][INFO] jax_fem: CuDSSNewtonSolver: solve finished in 0.09s  res=6.492e-06
[06-24 14:07:14][DEBUG] jax_fem: CuDSSNewtonSolver: starting Newton loop
[06-24 14:07:14][DEBUG] jax_fem: JaxAssembledMixin: computing Jacobian on device
[06-24 14:07:14][DEBUG] jax_fem: Function split_and_compute_cell took 0.0277 seconds
[06-24 14:07:14][DEBUG] jax_fem: CuDSSNewtonSolver: initial residual = 7.188e+05
[06-24 14:07:14][DEBUG] jax_fem: JaxAssembledMixin: computing Jacobian on device
[06-24 14:07:14][DEBUG] jax_fem: Function split_and_compute_cell took 0.0260 seconds
[06-24 14:07:14][DEBUG] jax_fem: CuDSSNewtonSolver: iter=1  res=6.450e-06  rel=8.973e-12
[06-24 14:07:14][INFO] jax_fem: CuDSSNewtonSolver: solve finished in 0.09s  res=6.450e-06
[06-24 14:07:15][DEBUG] jax_fem: CuDSSNewtonSolver: starting Newton loop
[06-24 14:07:15][DEBUG] jax_fem: JaxAssembledMixin: computing Jacobian on device
[06-24 14:07:15][DEBUG] jax_fem: Function split_and_compute_cell took 0.0296 seconds
[06-24 14:07:15][DEBUG] jax_fem: CuDSSNewtonSolver: initial residual = 7.101e+05
[06-24 14:07:15][DEBUG] jax_fem: JaxAssembledMixin: computing Jacobian on device
[06-24 14:07:15][DEBUG] jax_fem: Function split_and_compute_cell took 0.0267 seconds
[06-24 14:07:15][DEBUG] jax_fem: CuDSSNewtonSolver: iter=1  res=6.904e-06  rel=9.723e-12
[06-24 14:07:15][INFO] jax_fem: CuDSSNewtonSolver: solve finished in 0.09s  res=6.904e-06
[06-24 14:07:16][DEBUG] jax_fem: CuDSSNewtonSolver: starting Newton loop
[06-24 14:07:16][DEBUG] jax_fem: JaxAssembledMixin: computing Jacobian on device
[06-24 14:07:16][DEBUG] jax_fem: Function split_and_compute_cell took 0.0247 seconds
[06-24 14:07:16][DEBUG] jax_fem: CuDSSNewtonSolver: initial residual = 7.049e+05
[06-24 14:07:16][DEBUG] jax_fem: JaxAssembledMixin: computing Jacobian on device
[06-24 14:07:16][DEBUG] jax_fem: Function split_and_compute_cell took 0.0262 seconds
[06-24 14:07:16][DEBUG] jax_fem: CuDSSNewtonSolver: iter=1  res=7.934e-06  rel=1.126e-11
[06-24 14:07:16][INFO] jax_fem: CuDSSNewtonSolver: solve finished in 0.09s  res=7.934e-06
[06-24 14:07:16][DEBUG] jax_fem: CuDSSNewtonSolver: starting Newton loop
[06-24 14:07:16][DEBUG] jax_fem: JaxAssembledMixin: computing Jacobian on device
[06-24 14:07:16][DEBUG] jax_fem: Function split_and_compute_cell took 0.0260 seconds
[06-24 14:07:16][DEBUG] jax_fem: CuDSSNewtonSolver: initial residual = 6.891e+05
[06-24 14:07:16][DEBUG] jax_fem: JaxAssembledMixin: computing Jacobian on device
[06-24 14:07:16][DEBUG] jax_fem: Function split_and_compute_cell took 0.0281 seconds
[06-24 14:07:16][DEBUG] jax_fem: CuDSSNewtonSolver: iter=1  res=7.510e-06  rel=1.090e-11
[06-24 14:07:16][INFO] jax_fem: CuDSSNewtonSolver: solve finished in 0.09s  res=7.510e-06
[06-24 14:07:16][INFO] jax_fem: CuDSS backward: solving adjoint problem …
[06-24 14:07:16][DEBUG] jax_fem: JaxAssembledMixin: computing Jacobian on device
[06-24 14:07:16][DEBUG] jax_fem: Function split_and_compute_cell took 0.0555 seconds
[06-24 14:07:17][DEBUG] jax_fem: Computing cell residual...
[06-24 14:07:17][DEBUG] jax_fem: Function split_and_compute_cell took 0.0766 seconds
[06-24 14:07:17][INFO] jax_fem: CuDSS backward: solving adjoint problem …
[06-24 14:07:17][DEBUG] jax_fem: JaxAssembledMixin: computing Jacobian on device
[06-24 14:07:17][DEBUG] jax_fem: Function split_and_compute_cell took 0.0409 seconds
[06-24 14:07:17][DEBUG] jax_fem: Computing cell residual...
[06-24 14:07:17][DEBUG] jax_fem: Function split_and_compute_cell took 0.0639 seconds
[06-24 14:07:17][INFO] jax_fem: CuDSS backward: solving adjoint problem …
[06-24 14:07:17][DEBUG] jax_fem: JaxAssembledMixin: computing Jacobian on device
[06-24 14:07:17][DEBUG] jax_fem: Function split_and_compute_cell took 0.0261 seconds
[06-24 14:07:17][DEBUG] jax_fem: Computing cell residual...
[06-24 14:07:17][DEBUG] jax_fem: Function split_and_compute_cell took 0.0686 seconds
[06-24 14:07:18][INFO] jax_fem: CuDSS backward: solving adjoint problem …
[06-24 14:07:18][DEBUG] jax_fem: JaxAssembledMixin: computing Jacobian on device
[06-24 14:07:18][DEBUG] jax_fem: Function split_and_compute_cell took 0.0552 seconds
[06-24 14:07:18][DEBUG] jax_fem: Computing cell residual...
[06-24 14:07:18][DEBUG] jax_fem: Function split_and_compute_cell took 0.0603 seconds
[06-24 14:07:18][INFO] jax_fem: CuDSS backward: solving adjoint problem …
[06-24 14:07:18][DEBUG] jax_fem: JaxAssembledMixin: computing Jacobian on device
[06-24 14:07:18][DEBUG] jax_fem: Function split_and_compute_cell took 0.0504 seconds
[06-24 14:07:18][DEBUG] jax_fem: Computing cell residual...
[06-24 14:07:18][DEBUG] jax_fem: Function split_and_compute_cell took 0.0670 seconds
[06-24 14:07:20][DEBUG] jax_fem: CuDSSNewtonSolver: starting Newton loop
[06-24 14:07:20][DEBUG] jax_fem: JaxAssembledMixin: computing Jacobian on device
[06-24 14:07:20][DEBUG] jax_fem: Function split_and_compute_cell took 0.0413 seconds
[06-24 14:07:20][DEBUG] jax_fem: CuDSSNewtonSolver: initial residual = 7.216e+05
[06-24 14:07:20][DEBUG] jax_fem: JaxAssembledMixin: computing Jacobian on device
[06-24 14:07:20][DEBUG] jax_fem: Function split_and_compute_cell took 0.0264 seconds
[06-24 14:07:20][DEBUG] jax_fem: CuDSSNewtonSolver: iter=1  res=4.265e-05  rel=5.910e-11
[06-24 14:07:20][INFO] jax_fem: CuDSSNewtonSolver: solve finished in 0.11s  res=4.265e-05
[06-24 14:07:21][DEBUG] jax_fem: CuDSSNewtonSolver: starting Newton loop
[06-24 14:07:21][DEBUG] jax_fem: JaxAssembledMixin: computing Jacobian on device
[06-24 14:07:21][DEBUG] jax_fem: Function split_and_compute_cell took 0.0362 seconds
[06-24 14:07:21][DEBUG] jax_fem: CuDSSNewtonSolver: initial residual = 7.188e+05
[06-24 14:07:21][DEBUG] jax_fem: JaxAssembledMixin: computing Jacobian on device
[06-24 14:07:21][DEBUG] jax_fem: Function split_and_compute_cell took 0.0546 seconds
[06-24 14:07:21][DEBUG] jax_fem: CuDSSNewtonSolver: iter=1  res=1.779e-05  rel=2.475e-11
[06-24 14:07:21][INFO] jax_fem: CuDSSNewtonSolver: solve finished in 0.14s  res=1.779e-05
[06-24 14:07:21][DEBUG] jax_fem: CuDSSNewtonSolver: starting Newton loop
[06-24 14:07:21][DEBUG] jax_fem: JaxAssembledMixin: computing Jacobian on device
[06-24 14:07:21][DEBUG] jax_fem: Function split_and_compute_cell took 0.0559 seconds
[06-24 14:07:21][DEBUG] jax_fem: CuDSSNewtonSolver: initial residual = 7.101e+05
[06-24 14:07:21][DEBUG] jax_fem: JaxAssembledMixin: computing Jacobian on device
[06-24 14:07:21][DEBUG] jax_fem: Function split_and_compute_cell took 0.0371 seconds
[06-24 14:07:21][DEBUG] jax_fem: CuDSSNewtonSolver: iter=1  res=9.038e-06  rel=1.273e-11
[06-24 14:07:21][INFO] jax_fem: CuDSSNewtonSolver: solve finished in 0.14s  res=9.038e-06
[06-24 14:07:21][DEBUG] jax_fem: CuDSSNewtonSolver: starting Newton loop
[06-24 14:07:21][DEBUG] jax_fem: JaxAssembledMixin: computing Jacobian on device
[06-24 14:07:22][DEBUG] jax_fem: Function split_and_compute_cell took 0.0478 seconds
[06-24 14:07:22][DEBUG] jax_fem: CuDSSNewtonSolver: initial residual = 7.049e+05
[06-24 14:07:22][DEBUG] jax_fem: JaxAssembledMixin: computing Jacobian on device
[06-24 14:07:22][DEBUG] jax_fem: Function split_and_compute_cell took 0.0259 seconds
[06-24 14:07:22][DEBUG] jax_fem: CuDSSNewtonSolver: iter=1  res=5.073e-06  rel=7.196e-12
[06-24 14:07:22][INFO] jax_fem: CuDSSNewtonSolver: solve finished in 0.11s  res=5.073e-06
[06-24 14:07:22][DEBUG] jax_fem: CuDSSNewtonSolver: starting Newton loop
[06-24 14:07:22][DEBUG] jax_fem: JaxAssembledMixin: computing Jacobian on device
[06-24 14:07:22][DEBUG] jax_fem: Function split_and_compute_cell took 0.0251 seconds
[06-24 14:07:22][DEBUG] jax_fem: CuDSSNewtonSolver: initial residual = 6.891e+05
[06-24 14:07:22][DEBUG] jax_fem: JaxAssembledMixin: computing Jacobian on device
[06-24 14:07:22][DEBUG] jax_fem: Function split_and_compute_cell took 0.0388 seconds
[06-24 14:07:22][DEBUG] jax_fem: CuDSSNewtonSolver: iter=1  res=1.073e-05  rel=1.557e-11
[06-24 14:07:22][INFO] jax_fem: CuDSSNewtonSolver: solve finished in 0.11s  res=1.073e-05
[06-24 14:07:24][DEBUG] jax_fem: CuDSSNewtonSolver: starting Newton loop
[06-24 14:07:24][DEBUG] jax_fem: JaxAssembledMixin: computing Jacobian on device
[06-24 14:07:24][DEBUG] jax_fem: Function split_and_compute_cell took 0.0259 seconds
[06-24 14:07:24][DEBUG] jax_fem: CuDSSNewtonSolver: initial residual = 7.216e+05
[06-24 14:07:24][DEBUG] jax_fem: JaxAssembledMixin: computing Jacobian on device
[06-24 14:07:24][DEBUG] jax_fem: Function split_and_compute_cell took 0.0271 seconds
[06-24 14:07:24][DEBUG] jax_fem: CuDSSNewtonSolver: iter=1  res=4.345e-05  rel=6.022e-11
[06-24 14:07:24][INFO] jax_fem: CuDSSNewtonSolver: solve finished in 0.09s  res=4.345e-05
[06-24 14:07:25][DEBUG] jax_fem: CuDSSNewtonSolver: starting Newton loop
[06-24 14:07:25][DEBUG] jax_fem: JaxAssembledMixin: computing Jacobian on device
[06-24 14:07:25][DEBUG] jax_fem: Function split_and_compute_cell took 0.0266 seconds
[06-24 14:07:25][DEBUG] jax_fem: CuDSSNewtonSolver: initial residual = 7.188e+05
[06-24 14:07:25][DEBUG] jax_fem: JaxAssembledMixin: computing Jacobian on device
[06-24 14:07:25][DEBUG] jax_fem: Function split_and_compute_cell took 0.0261 seconds
[06-24 14:07:25][DEBUG] jax_fem: CuDSSNewtonSolver: iter=1  res=1.792e-05  rel=2.492e-11
[06-24 14:07:25][INFO] jax_fem: CuDSSNewtonSolver: solve finished in 0.09s  res=1.792e-05
[06-24 14:07:25][DEBUG] jax_fem: CuDSSNewtonSolver: starting Newton loop
[06-24 14:07:25][DEBUG] jax_fem: JaxAssembledMixin: computing Jacobian on device
[06-24 14:07:25][DEBUG] jax_fem: Function split_and_compute_cell took 0.0254 seconds
[06-24 14:07:25][DEBUG] jax_fem: CuDSSNewtonSolver: initial residual = 7.101e+05
[06-24 14:07:25][DEBUG] jax_fem: JaxAssembledMixin: computing Jacobian on device
[06-24 14:07:26][DEBUG] jax_fem: Function split_and_compute_cell took 0.0276 seconds
[06-24 14:07:26][DEBUG] jax_fem: CuDSSNewtonSolver: iter=1  res=9.062e-06  rel=1.276e-11
[06-24 14:07:26][INFO] jax_fem: CuDSSNewtonSolver: solve finished in 0.11s  res=9.062e-06
[06-24 14:07:26][DEBUG] jax_fem: CuDSSNewtonSolver: starting Newton loop
[06-24 14:07:26][DEBUG] jax_fem: JaxAssembledMixin: computing Jacobian on device
[06-24 14:07:26][DEBUG] jax_fem: Function split_and_compute_cell took 0.0278 seconds
[06-24 14:07:26][DEBUG] jax_fem: CuDSSNewtonSolver: initial residual = 7.049e+05
[06-24 14:07:26][DEBUG] jax_fem: JaxAssembledMixin: computing Jacobian on device
[06-24 14:07:26][DEBUG] jax_fem: Function split_and_compute_cell took 0.0275 seconds
[06-24 14:07:26][DEBUG] jax_fem: CuDSSNewtonSolver: iter=1  res=5.031e-06  rel=7.137e-12
[06-24 14:07:26][INFO] jax_fem: CuDSSNewtonSolver: solve finished in 0.09s  res=5.031e-06
[06-24 14:07:27][DEBUG] jax_fem: CuDSSNewtonSolver: starting Newton loop
[06-24 14:07:27][DEBUG] jax_fem: JaxAssembledMixin: computing Jacobian on device
[06-24 14:07:27][DEBUG] jax_fem: Function split_and_compute_cell took 0.0260 seconds
[06-24 14:07:27][DEBUG] jax_fem: CuDSSNewtonSolver: initial residual = 6.891e+05
[06-24 14:07:27][DEBUG] jax_fem: JaxAssembledMixin: computing Jacobian on device
[06-24 14:07:27][DEBUG] jax_fem: Function split_and_compute_cell took 0.0276 seconds
[06-24 14:07:27][DEBUG] jax_fem: CuDSSNewtonSolver: iter=1  res=1.163e-05  rel=1.687e-11
[06-24 14:07:27][INFO] jax_fem: CuDSSNewtonSolver: solve finished in 0.09s  res=1.163e-05
[06-24 14:07:27][INFO] jax_fem: CuDSS backward: solving adjoint problem …
[06-24 14:07:27][DEBUG] jax_fem: JaxAssembledMixin: computing Jacobian on device
[06-24 14:07:27][DEBUG] jax_fem: Function split_and_compute_cell took 0.0539 seconds
[06-24 14:07:27][DEBUG] jax_fem: Computing cell residual...
[06-24 14:07:27][DEBUG] jax_fem: Function split_and_compute_cell took 0.0800 seconds
[06-24 14:07:28][INFO] jax_fem: CuDSS backward: solving adjoint problem …
[06-24 14:07:28][DEBUG] jax_fem: JaxAssembledMixin: computing Jacobian on device
[06-24 14:07:28][DEBUG] jax_fem: Function split_and_compute_cell took 0.0284 seconds
[06-24 14:07:28][DEBUG] jax_fem: Computing cell residual...
[06-24 14:07:28][DEBUG] jax_fem: Function split_and_compute_cell took 0.0659 seconds
[06-24 14:07:28][INFO] jax_fem: CuDSS backward: solving adjoint problem …
[06-24 14:07:28][DEBUG] jax_fem: JaxAssembledMixin: computing Jacobian on device
[06-24 14:07:28][DEBUG] jax_fem: Function split_and_compute_cell took 0.0361 seconds
[06-24 14:07:28][DEBUG] jax_fem: Computing cell residual...
[06-24 14:07:28][DEBUG] jax_fem: Function split_and_compute_cell took 0.0672 seconds
[06-24 14:07:28][INFO] jax_fem: CuDSS backward: solving adjoint problem …
[06-24 14:07:28][DEBUG] jax_fem: JaxAssembledMixin: computing Jacobian on device
[06-24 14:07:28][DEBUG] jax_fem: Function split_and_compute_cell took 0.0600 seconds
[06-24 14:07:29][DEBUG] jax_fem: Computing cell residual...
[06-24 14:07:29][DEBUG] jax_fem: Function split_and_compute_cell took 0.0697 seconds
[06-24 14:07:29][INFO] jax_fem: CuDSS backward: solving adjoint problem …
[06-24 14:07:29][DEBUG] jax_fem: JaxAssembledMixin: computing Jacobian on device
[06-24 14:07:29][DEBUG] jax_fem: Function split_and_compute_cell took 0.0470 seconds
[06-24 14:07:29][DEBUG] jax_fem: Computing cell residual...
[06-24 14:07:29][DEBUG] jax_fem: Function split_and_compute_cell took 0.0731 seconds
[06-24 14:07:31][DEBUG] jax_fem: CuDSSNewtonSolver: starting Newton loop
[06-24 14:07:31][DEBUG] jax_fem: JaxAssembledMixin: computing Jacobian on device
[06-24 14:07:31][DEBUG] jax_fem: Function split_and_compute_cell took 0.0598 seconds
[06-24 14:07:31][DEBUG] jax_fem: CuDSSNewtonSolver: initial residual = 7.216e+05
[06-24 14:07:31][DEBUG] jax_fem: JaxAssembledMixin: computing Jacobian on device
[06-24 14:07:31][DEBUG] jax_fem: Function split_and_compute_cell took 0.0555 seconds
[06-24 14:07:31][DEBUG] jax_fem: CuDSSNewtonSolver: iter=1  res=6.373e-06  rel=8.832e-12
[06-24 14:07:31][INFO] jax_fem: CuDSSNewtonSolver: solve finished in 0.16s  res=6.373e-06
[06-24 14:07:31][DEBUG] jax_fem: CuDSSNewtonSolver: starting Newton loop
[06-24 14:07:31][DEBUG] jax_fem: JaxAssembledMixin: computing Jacobian on device
[06-24 14:07:31][DEBUG] jax_fem: Function split_and_compute_cell took 0.0321 seconds
[06-24 14:07:31][DEBUG] jax_fem: CuDSSNewtonSolver: initial residual = 7.188e+05
[06-24 14:07:31][DEBUG] jax_fem: JaxAssembledMixin: computing Jacobian on device
[06-24 14:07:31][DEBUG] jax_fem: Function split_and_compute_cell took 0.0436 seconds
[06-24 14:07:31][DEBUG] jax_fem: CuDSSNewtonSolver: iter=1  res=6.345e-06  rel=8.827e-12
[06-24 14:07:31][INFO] jax_fem: CuDSSNewtonSolver: solve finished in 0.12s  res=6.345e-06
[06-24 14:07:32][DEBUG] jax_fem: CuDSSNewtonSolver: starting Newton loop
[06-24 14:07:32][DEBUG] jax_fem: JaxAssembledMixin: computing Jacobian on device
[06-24 14:07:32][DEBUG] jax_fem: Function split_and_compute_cell took 0.0311 seconds
[06-24 14:07:32][DEBUG] jax_fem: CuDSSNewtonSolver: initial residual = 7.101e+05
[06-24 14:07:32][DEBUG] jax_fem: JaxAssembledMixin: computing Jacobian on device
[06-24 14:07:32][DEBUG] jax_fem: Function split_and_compute_cell took 0.0393 seconds
[06-24 14:07:32][DEBUG] jax_fem: CuDSSNewtonSolver: iter=1  res=6.991e-06  rel=9.845e-12
[06-24 14:07:32][INFO] jax_fem: CuDSSNewtonSolver: solve finished in 0.11s  res=6.991e-06
[06-24 14:07:32][DEBUG] jax_fem: CuDSSNewtonSolver: starting Newton loop
[06-24 14:07:32][DEBUG] jax_fem: JaxAssembledMixin: computing Jacobian on device
[06-24 14:07:32][DEBUG] jax_fem: Function split_and_compute_cell took 0.0593 seconds
[06-24 14:07:32][DEBUG] jax_fem: CuDSSNewtonSolver: initial residual = 7.049e+05
[06-24 14:07:32][DEBUG] jax_fem: JaxAssembledMixin: computing Jacobian on device
[06-24 14:07:32][DEBUG] jax_fem: Function split_and_compute_cell took 0.0316 seconds
[06-24 14:07:32][DEBUG] jax_fem: CuDSSNewtonSolver: iter=1  res=7.838e-06  rel=1.112e-11
[06-24 14:07:32][INFO] jax_fem: CuDSSNewtonSolver: solve finished in 0.13s  res=7.838e-06
[06-24 14:07:33][DEBUG] jax_fem: CuDSSNewtonSolver: starting Newton loop
[06-24 14:07:33][DEBUG] jax_fem: JaxAssembledMixin: computing Jacobian on device
[06-24 14:07:33][DEBUG] jax_fem: Function split_and_compute_cell took 0.0423 seconds
[06-24 14:07:33][DEBUG] jax_fem: CuDSSNewtonSolver: initial residual = 6.891e+05
[06-24 14:07:33][DEBUG] jax_fem: JaxAssembledMixin: computing Jacobian on device
[06-24 14:07:33][DEBUG] jax_fem: Function split_and_compute_cell took 0.0512 seconds
[06-24 14:07:33][DEBUG] jax_fem: CuDSSNewtonSolver: iter=1  res=7.503e-06  rel=1.089e-11
[06-24 14:07:33][INFO] jax_fem: CuDSSNewtonSolver: solve finished in 0.14s  res=7.503e-06
[06-24 14:07:35][DEBUG] jax_fem: CuDSSNewtonSolver: starting Newton loop
[06-24 14:07:35][DEBUG] jax_fem: JaxAssembledMixin: computing Jacobian on device
[06-24 14:07:35][DEBUG] jax_fem: Function split_and_compute_cell took 0.0270 seconds
[06-24 14:07:35][DEBUG] jax_fem: CuDSSNewtonSolver: initial residual = 7.216e+05
[06-24 14:07:35][DEBUG] jax_fem: JaxAssembledMixin: computing Jacobian on device
[06-24 14:07:35][DEBUG] jax_fem: Function split_and_compute_cell took 0.0264 seconds
[06-24 14:07:35][DEBUG] jax_fem: CuDSSNewtonSolver: iter=1  res=6.638e-06  rel=9.199e-12
[06-24 14:07:35][INFO] jax_fem: CuDSSNewtonSolver: solve finished in 0.09s  res=6.638e-06
[06-24 14:07:35][DEBUG] jax_fem: CuDSSNewtonSolver: starting Newton loop
[06-24 14:07:35][DEBUG] jax_fem: JaxAssembledMixin: computing Jacobian on device
[06-24 14:07:35][DEBUG] jax_fem: Function split_and_compute_cell took 0.0257 seconds
[06-24 14:07:35][DEBUG] jax_fem: CuDSSNewtonSolver: initial residual = 7.188e+05
[06-24 14:07:35][DEBUG] jax_fem: JaxAssembledMixin: computing Jacobian on device
[06-24 14:07:36][DEBUG] jax_fem: Function split_and_compute_cell took 0.0270 seconds
[06-24 14:07:36][DEBUG] jax_fem: CuDSSNewtonSolver: iter=1  res=6.237e-06  rel=8.677e-12
[06-24 14:07:36][INFO] jax_fem: CuDSSNewtonSolver: solve finished in 0.09s  res=6.237e-06
[06-24 14:07:36][DEBUG] jax_fem: CuDSSNewtonSolver: starting Newton loop
[06-24 14:07:36][DEBUG] jax_fem: JaxAssembledMixin: computing Jacobian on device
[06-24 14:07:36][DEBUG] jax_fem: Function split_and_compute_cell took 0.0259 seconds
[06-24 14:07:36][DEBUG] jax_fem: CuDSSNewtonSolver: initial residual = 7.101e+05
[06-24 14:07:36][DEBUG] jax_fem: JaxAssembledMixin: computing Jacobian on device
[06-24 14:07:36][DEBUG] jax_fem: Function split_and_compute_cell took 0.0250 seconds
[06-24 14:07:36][DEBUG] jax_fem: CuDSSNewtonSolver: iter=1  res=6.817e-06  rel=9.601e-12
[06-24 14:07:36][INFO] jax_fem: CuDSSNewtonSolver: solve finished in 0.09s  res=6.817e-06
[06-24 14:07:37][DEBUG] jax_fem: CuDSSNewtonSolver: starting Newton loop
[06-24 14:07:37][DEBUG] jax_fem: JaxAssembledMixin: computing Jacobian on device
[06-24 14:07:37][DEBUG] jax_fem: Function split_and_compute_cell took 0.0263 seconds
[06-24 14:07:37][DEBUG] jax_fem: CuDSSNewtonSolver: initial residual = 7.049e+05
[06-24 14:07:37][DEBUG] jax_fem: JaxAssembledMixin: computing Jacobian on device
[06-24 14:07:37][DEBUG] jax_fem: Function split_and_compute_cell took 0.0245 seconds
[06-24 14:07:37][DEBUG] jax_fem: CuDSSNewtonSolver: iter=1  res=7.992e-06  rel=1.134e-11
[06-24 14:07:37][INFO] jax_fem: CuDSSNewtonSolver: solve finished in 0.09s  res=7.992e-06
[06-24 14:07:38][DEBUG] jax_fem: CuDSSNewtonSolver: starting Newton loop
[06-24 14:07:38][DEBUG] jax_fem: JaxAssembledMixin: computing Jacobian on device
[06-24 14:07:38][DEBUG] jax_fem: Function split_and_compute_cell took 0.0292 seconds
[06-24 14:07:38][DEBUG] jax_fem: CuDSSNewtonSolver: initial residual = 6.891e+05
[06-24 14:07:38][DEBUG] jax_fem: JaxAssembledMixin: computing Jacobian on device
[06-24 14:07:38][DEBUG] jax_fem: Function split_and_compute_cell took 0.0283 seconds
[06-24 14:07:38][DEBUG] jax_fem: CuDSSNewtonSolver: iter=1  res=7.433e-06  rel=1.079e-11
[06-24 14:07:38][INFO] jax_fem: CuDSSNewtonSolver: solve finished in 0.09s  res=7.433e-06
[06-24 14:07:38][INFO] jax_fem: CuDSS backward: solving adjoint problem …
[06-24 14:07:38][DEBUG] jax_fem: JaxAssembledMixin: computing Jacobian on device
[06-24 14:07:38][DEBUG] jax_fem: Function split_and_compute_cell took 0.0394 seconds
[06-24 14:07:38][DEBUG] jax_fem: Computing cell residual...
[06-24 14:07:38][DEBUG] jax_fem: Function split_and_compute_cell took 0.0828 seconds
[06-24 14:07:38][INFO] jax_fem: CuDSS backward: solving adjoint problem …
[06-24 14:07:38][DEBUG] jax_fem: JaxAssembledMixin: computing Jacobian on device
[06-24 14:07:38][DEBUG] jax_fem: Function split_and_compute_cell took 0.0619 seconds
[06-24 14:07:38][DEBUG] jax_fem: Computing cell residual...
[06-24 14:07:38][DEBUG] jax_fem: Function split_and_compute_cell took 0.0761 seconds
[06-24 14:07:39][INFO] jax_fem: CuDSS backward: solving adjoint problem …
[06-24 14:07:39][DEBUG] jax_fem: JaxAssembledMixin: computing Jacobian on device
[06-24 14:07:39][DEBUG] jax_fem: Function split_and_compute_cell took 0.0676 seconds
[06-24 14:07:39][DEBUG] jax_fem: Computing cell residual...
[06-24 14:07:39][DEBUG] jax_fem: Function split_and_compute_cell took 0.0710 seconds
[06-24 14:07:39][INFO] jax_fem: CuDSS backward: solving adjoint problem …
[06-24 14:07:39][DEBUG] jax_fem: JaxAssembledMixin: computing Jacobian on device
[06-24 14:07:39][DEBUG] jax_fem: Function split_and_compute_cell took 0.0379 seconds
[06-24 14:07:39][DEBUG] jax_fem: Computing cell residual...
[06-24 14:07:39][DEBUG] jax_fem: Function split_and_compute_cell took 0.0817 seconds
[06-24 14:07:40][INFO] jax_fem: CuDSS backward: solving adjoint problem …
[06-24 14:07:40][DEBUG] jax_fem: JaxAssembledMixin: computing Jacobian on device
[06-24 14:07:40][DEBUG] jax_fem: Function split_and_compute_cell took 0.0474 seconds
[06-24 14:07:40][DEBUG] jax_fem: Computing cell residual...
[06-24 14:07:40][DEBUG] jax_fem: Function split_and_compute_cell took 0.0784 seconds
[06-24 14:07:42][DEBUG] jax_fem: CuDSSNewtonSolver: starting Newton loop
[06-24 14:07:42][DEBUG] jax_fem: JaxAssembledMixin: computing Jacobian on device
[06-24 14:07:42][DEBUG] jax_fem: Function split_and_compute_cell took 0.0500 seconds
[06-24 14:07:42][DEBUG] jax_fem: CuDSSNewtonSolver: initial residual = 7.216e+05
[06-24 14:07:42][DEBUG] jax_fem: JaxAssembledMixin: computing Jacobian on device
[06-24 14:07:42][DEBUG] jax_fem: Function split_and_compute_cell took 0.0290 seconds
[06-24 14:07:42][DEBUG] jax_fem: CuDSSNewtonSolver: iter=1  res=6.628e-06  rel=9.185e-12
[06-24 14:07:42][INFO] jax_fem: CuDSSNewtonSolver: solve finished in 0.12s  res=6.628e-06
[06-24 14:07:42][DEBUG] jax_fem: CuDSSNewtonSolver: starting Newton loop
[06-24 14:07:42][DEBUG] jax_fem: JaxAssembledMixin: computing Jacobian on device
[06-24 14:07:42][DEBUG] jax_fem: Function split_and_compute_cell took 0.0393 seconds
[06-24 14:07:42][DEBUG] jax_fem: CuDSSNewtonSolver: initial residual = 7.188e+05
[06-24 14:07:42][DEBUG] jax_fem: JaxAssembledMixin: computing Jacobian on device
[06-24 14:07:42][DEBUG] jax_fem: Function split_and_compute_cell took 0.0339 seconds
[06-24 14:07:42][DEBUG] jax_fem: CuDSSNewtonSolver: iter=1  res=6.154e-06  rel=8.561e-12
[06-24 14:07:42][INFO] jax_fem: CuDSSNewtonSolver: solve finished in 0.11s  res=6.154e-06
[06-24 14:07:42][DEBUG] jax_fem: CuDSSNewtonSolver: starting Newton loop
[06-24 14:07:42][DEBUG] jax_fem: JaxAssembledMixin: computing Jacobian on device
[06-24 14:07:42][DEBUG] jax_fem: Function split_and_compute_cell took 0.0585 seconds
[06-24 14:07:42][DEBUG] jax_fem: CuDSSNewtonSolver: initial residual = 7.101e+05
[06-24 14:07:42][DEBUG] jax_fem: JaxAssembledMixin: computing Jacobian on device
[06-24 14:07:43][DEBUG] jax_fem: Function split_and_compute_cell took 0.0607 seconds
[06-24 14:07:43][DEBUG] jax_fem: CuDSSNewtonSolver: iter=1  res=7.114e-06  rel=1.002e-11
[06-24 14:07:43][INFO] jax_fem: CuDSSNewtonSolver: solve finished in 0.16s  res=7.114e-06
[06-24 14:07:43][DEBUG] jax_fem: CuDSSNewtonSolver: starting Newton loop
[06-24 14:07:43][DEBUG] jax_fem: JaxAssembledMixin: computing Jacobian on device
[06-24 14:07:43][DEBUG] jax_fem: Function split_and_compute_cell took 0.0289 seconds
[06-24 14:07:43][DEBUG] jax_fem: CuDSSNewtonSolver: initial residual = 7.049e+05
[06-24 14:07:43][DEBUG] jax_fem: JaxAssembledMixin: computing Jacobian on device
[06-24 14:07:43][DEBUG] jax_fem: Function split_and_compute_cell took 0.0432 seconds
[06-24 14:07:43][DEBUG] jax_fem: CuDSSNewtonSolver: iter=1  res=7.824e-06  rel=1.110e-11
[06-24 14:07:43][INFO] jax_fem: CuDSSNewtonSolver: solve finished in 0.12s  res=7.824e-06
[06-24 14:07:43][DEBUG] jax_fem: CuDSSNewtonSolver: starting Newton loop
[06-24 14:07:43][DEBUG] jax_fem: JaxAssembledMixin: computing Jacobian on device
[06-24 14:07:43][DEBUG] jax_fem: Function split_and_compute_cell took 0.0424 seconds
[06-24 14:07:43][DEBUG] jax_fem: CuDSSNewtonSolver: initial residual = 6.891e+05
[06-24 14:07:43][DEBUG] jax_fem: JaxAssembledMixin: computing Jacobian on device
[06-24 14:07:43][DEBUG] jax_fem: Function split_and_compute_cell took 0.0391 seconds
[06-24 14:07:43][DEBUG] jax_fem: CuDSSNewtonSolver: iter=1  res=7.658e-06  rel=1.111e-11
[06-24 14:07:43][INFO] jax_fem: CuDSSNewtonSolver: solve finished in 0.13s  res=7.658e-06
[06-24 14:07:45][DEBUG] jax_fem: CuDSSNewtonSolver: starting Newton loop
[06-24 14:07:45][DEBUG] jax_fem: JaxAssembledMixin: computing Jacobian on device
[06-24 14:07:45][DEBUG] jax_fem: Function split_and_compute_cell took 0.0270 seconds
[06-24 14:07:45][DEBUG] jax_fem: CuDSSNewtonSolver: initial residual = 7.216e+05
[06-24 14:07:45][DEBUG] jax_fem: JaxAssembledMixin: computing Jacobian on device
[06-24 14:07:45][DEBUG] jax_fem: Function split_and_compute_cell took 0.0265 seconds
[06-24 14:07:45][DEBUG] jax_fem: CuDSSNewtonSolver: iter=1  res=6.555e-06  rel=9.084e-12
[06-24 14:07:45][INFO] jax_fem: CuDSSNewtonSolver: solve finished in 0.09s  res=6.555e-06
[06-24 14:07:46][DEBUG] jax_fem: CuDSSNewtonSolver: starting Newton loop
[06-24 14:07:46][DEBUG] jax_fem: JaxAssembledMixin: computing Jacobian on device
[06-24 14:07:46][DEBUG] jax_fem: Function split_and_compute_cell took 0.0396 seconds
[06-24 14:07:46][DEBUG] jax_fem: CuDSSNewtonSolver: initial residual = 7.188e+05
[06-24 14:07:46][DEBUG] jax_fem: JaxAssembledMixin: computing Jacobian on device
[06-24 14:07:46][DEBUG] jax_fem: Function split_and_compute_cell took 0.0265 seconds
[06-24 14:07:46][DEBUG] jax_fem: CuDSSNewtonSolver: iter=1  res=6.250e-06  rel=8.694e-12
[06-24 14:07:46][INFO] jax_fem: CuDSSNewtonSolver: solve finished in 0.10s  res=6.250e-06
[06-24 14:07:47][DEBUG] jax_fem: CuDSSNewtonSolver: starting Newton loop
[06-24 14:07:47][DEBUG] jax_fem: JaxAssembledMixin: computing Jacobian on device
[06-24 14:07:47][DEBUG] jax_fem: Function split_and_compute_cell took 0.0264 seconds
[06-24 14:07:47][DEBUG] jax_fem: CuDSSNewtonSolver: initial residual = 7.101e+05
[06-24 14:07:47][DEBUG] jax_fem: JaxAssembledMixin: computing Jacobian on device
[06-24 14:07:47][DEBUG] jax_fem: Function split_and_compute_cell took 0.0268 seconds
[06-24 14:07:47][DEBUG] jax_fem: CuDSSNewtonSolver: iter=1  res=6.646e-06  rel=9.360e-12
[06-24 14:07:47][INFO] jax_fem: CuDSSNewtonSolver: solve finished in 0.09s  res=6.646e-06
[06-24 14:07:48][DEBUG] jax_fem: CuDSSNewtonSolver: starting Newton loop
[06-24 14:07:48][DEBUG] jax_fem: JaxAssembledMixin: computing Jacobian on device
[06-24 14:07:48][DEBUG] jax_fem: Function split_and_compute_cell took 0.0276 seconds
[06-24 14:07:48][DEBUG] jax_fem: CuDSSNewtonSolver: initial residual = 7.049e+05
[06-24 14:07:48][DEBUG] jax_fem: JaxAssembledMixin: computing Jacobian on device
[06-24 14:07:48][DEBUG] jax_fem: Function split_and_compute_cell took 0.0267 seconds
[06-24 14:07:48][DEBUG] jax_fem: CuDSSNewtonSolver: iter=1  res=7.846e-06  rel=1.113e-11
[06-24 14:07:48][INFO] jax_fem: CuDSSNewtonSolver: solve finished in 0.09s  res=7.846e-06
[06-24 14:07:48][DEBUG] jax_fem: CuDSSNewtonSolver: starting Newton loop
[06-24 14:07:48][DEBUG] jax_fem: JaxAssembledMixin: computing Jacobian on device
[06-24 14:07:48][DEBUG] jax_fem: Function split_and_compute_cell took 0.0246 seconds
[06-24 14:07:48][DEBUG] jax_fem: CuDSSNewtonSolver: initial residual = 6.891e+05
[06-24 14:07:48][DEBUG] jax_fem: JaxAssembledMixin: computing Jacobian on device
[06-24 14:07:48][DEBUG] jax_fem: Function split_and_compute_cell took 0.0280 seconds
[06-24 14:07:48][DEBUG] jax_fem: CuDSSNewtonSolver: iter=1  res=7.702e-06  rel=1.118e-11
[06-24 14:07:48][INFO] jax_fem: CuDSSNewtonSolver: solve finished in 0.09s  res=7.702e-06
[06-24 14:07:48][INFO] jax_fem: CuDSS backward: solving adjoint problem …
[06-24 14:07:48][DEBUG] jax_fem: JaxAssembledMixin: computing Jacobian on device
[06-24 14:07:49][DEBUG] jax_fem: Function split_and_compute_cell took 0.0464 seconds
[06-24 14:07:49][DEBUG] jax_fem: Computing cell residual...
[06-24 14:07:49][DEBUG] jax_fem: Function split_and_compute_cell took 0.0809 seconds
[06-24 14:07:49][INFO] jax_fem: CuDSS backward: solving adjoint problem …
[06-24 14:07:49][DEBUG] jax_fem: JaxAssembledMixin: computing Jacobian on device
[06-24 14:07:49][DEBUG] jax_fem: Function split_and_compute_cell took 0.0503 seconds
[06-24 14:07:49][DEBUG] jax_fem: Computing cell residual...
[06-24 14:07:49][DEBUG] jax_fem: Function split_and_compute_cell took 0.0750 seconds
[06-24 14:07:49][INFO] jax_fem: CuDSS backward: solving adjoint problem …
[06-24 14:07:49][DEBUG] jax_fem: JaxAssembledMixin: computing Jacobian on device
[06-24 14:07:49][DEBUG] jax_fem: Function split_and_compute_cell took 0.0438 seconds
[06-24 14:07:50][DEBUG] jax_fem: Computing cell residual...
[06-24 14:07:50][DEBUG] jax_fem: Function split_and_compute_cell took 0.0573 seconds
[06-24 14:07:50][INFO] jax_fem: CuDSS backward: solving adjoint problem …
[06-24 14:07:50][DEBUG] jax_fem: JaxAssembledMixin: computing Jacobian on device
[06-24 14:07:50][DEBUG] jax_fem: Function split_and_compute_cell took 0.0307 seconds
[06-24 14:07:50][DEBUG] jax_fem: Computing cell residual...
[06-24 14:07:50][DEBUG] jax_fem: Function split_and_compute_cell took 0.0690 seconds
[06-24 14:07:50][INFO] jax_fem: CuDSS backward: solving adjoint problem …
[06-24 14:07:50][DEBUG] jax_fem: JaxAssembledMixin: computing Jacobian on device
[06-24 14:07:50][DEBUG] jax_fem: Function split_and_compute_cell took 0.0389 seconds
[06-24 14:07:50][DEBUG] jax_fem: Computing cell residual...
[06-24 14:07:50][DEBUG] jax_fem: Function split_and_compute_cell took 0.0679 seconds
[06-24 14:07:52][DEBUG] jax_fem: CuDSSNewtonSolver: starting Newton loop
[06-24 14:07:52][DEBUG] jax_fem: JaxAssembledMixin: computing Jacobian on device
[06-24 14:07:52][DEBUG] jax_fem: Function split_and_compute_cell took 0.0382 seconds
[06-24 14:07:52][DEBUG] jax_fem: CuDSSNewtonSolver: initial residual = 7.216e+05
[06-24 14:07:52][DEBUG] jax_fem: JaxAssembledMixin: computing Jacobian on device
[06-24 14:07:52][DEBUG] jax_fem: Function split_and_compute_cell took 0.0294 seconds
[06-24 14:07:52][DEBUG] jax_fem: CuDSSNewtonSolver: iter=1  res=6.454e-06  rel=8.943e-12
[06-24 14:07:52][INFO] jax_fem: CuDSSNewtonSolver: solve finished in 0.11s  res=6.454e-06
[06-24 14:07:53][DEBUG] jax_fem: CuDSSNewtonSolver: starting Newton loop
[06-24 14:07:53][DEBUG] jax_fem: JaxAssembledMixin: computing Jacobian on device
[06-24 14:07:53][DEBUG] jax_fem: Function split_and_compute_cell took 0.0529 seconds
[06-24 14:07:53][DEBUG] jax_fem: CuDSSNewtonSolver: initial residual = 7.188e+05
[06-24 14:07:53][DEBUG] jax_fem: JaxAssembledMixin: computing Jacobian on device
[06-24 14:07:53][DEBUG] jax_fem: Function split_and_compute_cell took 0.0424 seconds
[06-24 14:07:53][DEBUG] jax_fem: CuDSSNewtonSolver: iter=1  res=6.345e-06  rel=8.826e-12
[06-24 14:07:53][INFO] jax_fem: CuDSSNewtonSolver: solve finished in 0.14s  res=6.345e-06
[06-24 14:07:53][DEBUG] jax_fem: CuDSSNewtonSolver: starting Newton loop
[06-24 14:07:53][DEBUG] jax_fem: JaxAssembledMixin: computing Jacobian on device
[06-24 14:07:53][DEBUG] jax_fem: Function split_and_compute_cell took 0.0563 seconds
[06-24 14:07:53][DEBUG] jax_fem: CuDSSNewtonSolver: initial residual = 7.101e+05
[06-24 14:07:53][DEBUG] jax_fem: JaxAssembledMixin: computing Jacobian on device
[06-24 14:07:53][DEBUG] jax_fem: Function split_and_compute_cell took 0.0437 seconds
[06-24 14:07:53][DEBUG] jax_fem: CuDSSNewtonSolver: iter=1  res=7.056e-06  rel=9.937e-12
[06-24 14:07:53][INFO] jax_fem: CuDSSNewtonSolver: solve finished in 0.14s  res=7.056e-06
[06-24 14:07:54][DEBUG] jax_fem: CuDSSNewtonSolver: starting Newton loop
[06-24 14:07:54][DEBUG] jax_fem: JaxAssembledMixin: computing Jacobian on device
[06-24 14:07:54][DEBUG] jax_fem: Function split_and_compute_cell took 0.0344 seconds
[06-24 14:07:54][DEBUG] jax_fem: CuDSSNewtonSolver: initial residual = 7.049e+05
[06-24 14:07:54][DEBUG] jax_fem: JaxAssembledMixin: computing Jacobian on device
[06-24 14:07:54][DEBUG] jax_fem: Function split_and_compute_cell took 0.0391 seconds
[06-24 14:07:54][DEBUG] jax_fem: CuDSSNewtonSolver: iter=1  res=7.909e-06  rel=1.122e-11
[06-24 14:07:54][INFO] jax_fem: CuDSSNewtonSolver: solve finished in 0.11s  res=7.909e-06
[06-24 14:07:54][DEBUG] jax_fem: CuDSSNewtonSolver: starting Newton loop
[06-24 14:07:54][DEBUG] jax_fem: JaxAssembledMixin: computing Jacobian on device
[06-24 14:07:54][DEBUG] jax_fem: Function split_and_compute_cell took 0.0264 seconds
[06-24 14:07:54][DEBUG] jax_fem: CuDSSNewtonSolver: initial residual = 6.891e+05
[06-24 14:07:54][DEBUG] jax_fem: JaxAssembledMixin: computing Jacobian on device
[06-24 14:07:54][DEBUG] jax_fem: Function split_and_compute_cell took 0.0475 seconds
[06-24 14:07:54][DEBUG] jax_fem: CuDSSNewtonSolver: iter=1  res=7.612e-06  rel=1.105e-11
[06-24 14:07:54][INFO] jax_fem: CuDSSNewtonSolver: solve finished in 0.11s  res=7.612e-06
[06-24 14:07:56][DEBUG] jax_fem: CuDSSNewtonSolver: starting Newton loop
[06-24 14:07:56][DEBUG] jax_fem: JaxAssembledMixin: computing Jacobian on device
[06-24 14:07:56][DEBUG] jax_fem: Function split_and_compute_cell took 0.0256 seconds
[06-24 14:07:56][DEBUG] jax_fem: CuDSSNewtonSolver: initial residual = 7.216e+05
[06-24 14:07:56][DEBUG] jax_fem: JaxAssembledMixin: computing Jacobian on device
[06-24 14:07:56][DEBUG] jax_fem: Function split_and_compute_cell took 0.0266 seconds
[06-24 14:07:56][DEBUG] jax_fem: CuDSSNewtonSolver: iter=1  res=6.428e-06  rel=8.907e-12
[06-24 14:07:56][INFO] jax_fem: CuDSSNewtonSolver: solve finished in 0.09s  res=6.428e-06
[06-24 14:07:57][DEBUG] jax_fem: CuDSSNewtonSolver: starting Newton loop
[06-24 14:07:57][DEBUG] jax_fem: JaxAssembledMixin: computing Jacobian on device
[06-24 14:07:57][DEBUG] jax_fem: Function split_and_compute_cell took 0.0261 seconds
[06-24 14:07:57][DEBUG] jax_fem: CuDSSNewtonSolver: initial residual = 7.188e+05
[06-24 14:07:57][DEBUG] jax_fem: JaxAssembledMixin: computing Jacobian on device
[06-24 14:07:57][DEBUG] jax_fem: Function split_and_compute_cell took 0.0256 seconds
[06-24 14:07:57][DEBUG] jax_fem: CuDSSNewtonSolver: iter=1  res=6.405e-06  rel=8.911e-12
[06-24 14:07:57][INFO] jax_fem: CuDSSNewtonSolver: solve finished in 0.09s  res=6.405e-06
[06-24 14:07:58][DEBUG] jax_fem: CuDSSNewtonSolver: starting Newton loop
[06-24 14:07:58][DEBUG] jax_fem: JaxAssembledMixin: computing Jacobian on device
[06-24 14:07:58][DEBUG] jax_fem: Function split_and_compute_cell took 0.0285 seconds
[06-24 14:07:58][DEBUG] jax_fem: CuDSSNewtonSolver: initial residual = 7.101e+05
[06-24 14:07:58][DEBUG] jax_fem: JaxAssembledMixin: computing Jacobian on device
[06-24 14:07:58][DEBUG] jax_fem: Function split_and_compute_cell took 0.0272 seconds
[06-24 14:07:58][DEBUG] jax_fem: CuDSSNewtonSolver: iter=1  res=6.780e-06  rel=9.548e-12
[06-24 14:07:58][INFO] jax_fem: CuDSSNewtonSolver: solve finished in 0.09s  res=6.780e-06
[06-24 14:07:58][DEBUG] jax_fem: CuDSSNewtonSolver: starting Newton loop
[06-24 14:07:58][DEBUG] jax_fem: JaxAssembledMixin: computing Jacobian on device
[06-24 14:07:58][DEBUG] jax_fem: Function split_and_compute_cell took 0.0268 seconds
[06-24 14:07:58][DEBUG] jax_fem: CuDSSNewtonSolver: initial residual = 7.049e+05
[06-24 14:07:58][DEBUG] jax_fem: JaxAssembledMixin: computing Jacobian on device
[06-24 14:07:58][DEBUG] jax_fem: Function split_and_compute_cell took 0.0262 seconds
[06-24 14:07:58][DEBUG] jax_fem: CuDSSNewtonSolver: iter=1  res=7.821e-06  rel=1.110e-11
[06-24 14:07:58][INFO] jax_fem: CuDSSNewtonSolver: solve finished in 0.09s  res=7.821e-06
[06-24 14:07:59][DEBUG] jax_fem: CuDSSNewtonSolver: starting Newton loop
[06-24 14:07:59][DEBUG] jax_fem: JaxAssembledMixin: computing Jacobian on device
[06-24 14:07:59][DEBUG] jax_fem: Function split_and_compute_cell took 0.0274 seconds
[06-24 14:07:59][DEBUG] jax_fem: CuDSSNewtonSolver: initial residual = 6.891e+05
[06-24 14:07:59][DEBUG] jax_fem: JaxAssembledMixin: computing Jacobian on device
[06-24 14:07:59][DEBUG] jax_fem: Function split_and_compute_cell took 0.0280 seconds
[06-24 14:07:59][DEBUG] jax_fem: CuDSSNewtonSolver: iter=1  res=7.424e-06  rel=1.077e-11
[06-24 14:07:59][INFO] jax_fem: CuDSSNewtonSolver: solve finished in 0.09s  res=7.424e-06
[06-24 14:07:59][INFO] jax_fem: CuDSS backward: solving adjoint problem …
[06-24 14:07:59][DEBUG] jax_fem: JaxAssembledMixin: computing Jacobian on device
[06-24 14:07:59][DEBUG] jax_fem: Function split_and_compute_cell took 0.0257 seconds
[06-24 14:07:59][DEBUG] jax_fem: Computing cell residual...
[06-24 14:08:00][DEBUG] jax_fem: Function split_and_compute_cell took 0.0778 seconds
[06-24 14:08:00][INFO] jax_fem: CuDSS backward: solving adjoint problem …
[06-24 14:08:00][DEBUG] jax_fem: JaxAssembledMixin: computing Jacobian on device
[06-24 14:08:00][DEBUG] jax_fem: Function split_and_compute_cell took 0.0295 seconds
[06-24 14:08:00][DEBUG] jax_fem: Computing cell residual...
[06-24 14:08:00][DEBUG] jax_fem: Function split_and_compute_cell took 0.0748 seconds
[06-24 14:08:00][INFO] jax_fem: CuDSS backward: solving adjoint problem …
[06-24 14:08:00][DEBUG] jax_fem: JaxAssembledMixin: computing Jacobian on device
[06-24 14:08:00][DEBUG] jax_fem: Function split_and_compute_cell took 0.0334 seconds
[06-24 14:08:00][DEBUG] jax_fem: Computing cell residual...
[06-24 14:08:00][DEBUG] jax_fem: Function split_and_compute_cell took 0.0664 seconds
[06-24 14:08:01][INFO] jax_fem: CuDSS backward: solving adjoint problem …
[06-24 14:08:01][DEBUG] jax_fem: JaxAssembledMixin: computing Jacobian on device
[06-24 14:08:01][DEBUG] jax_fem: Function split_and_compute_cell took 0.0461 seconds
[06-24 14:08:01][DEBUG] jax_fem: Computing cell residual...
[06-24 14:08:01][DEBUG] jax_fem: Function split_and_compute_cell took 0.0706 seconds
[06-24 14:08:01][INFO] jax_fem: CuDSS backward: solving adjoint problem …
[06-24 14:08:01][DEBUG] jax_fem: JaxAssembledMixin: computing Jacobian on device
[06-24 14:08:01][DEBUG] jax_fem: Function split_and_compute_cell took 0.0570 seconds
[06-24 14:08:01][DEBUG] jax_fem: Computing cell residual...
[06-24 14:08:01][DEBUG] jax_fem: Function split_and_compute_cell took 0.0747 seconds
[06-24 14:08:03][DEBUG] jax_fem: CuDSSNewtonSolver: starting Newton loop
[06-24 14:08:03][DEBUG] jax_fem: JaxAssembledMixin: computing Jacobian on device
[06-24 14:08:03][DEBUG] jax_fem: Function split_and_compute_cell took 0.0458 seconds
[06-24 14:08:03][DEBUG] jax_fem: CuDSSNewtonSolver: initial residual = 7.216e+05
[06-24 14:08:03][DEBUG] jax_fem: JaxAssembledMixin: computing Jacobian on device
[06-24 14:08:03][DEBUG] jax_fem: Function split_and_compute_cell took 0.0612 seconds
[06-24 14:08:03][DEBUG] jax_fem: CuDSSNewtonSolver: iter=1  res=6.654e-06  rel=9.221e-12
[06-24 14:08:03][INFO] jax_fem: CuDSSNewtonSolver: solve finished in 0.15s  res=6.654e-06
[06-24 14:08:04][DEBUG] jax_fem: CuDSSNewtonSolver: starting Newton loop
[06-24 14:08:04][DEBUG] jax_fem: JaxAssembledMixin: computing Jacobian on device
[06-24 14:08:04][DEBUG] jax_fem: Function split_and_compute_cell took 0.0448 seconds
[06-24 14:08:04][DEBUG] jax_fem: CuDSSNewtonSolver: initial residual = 7.188e+05
[06-24 14:08:04][DEBUG] jax_fem: JaxAssembledMixin: computing Jacobian on device
[06-24 14:08:04][DEBUG] jax_fem: Function split_and_compute_cell took 0.0405 seconds
[06-24 14:08:04][DEBUG] jax_fem: CuDSSNewtonSolver: iter=1  res=6.580e-06  rel=9.154e-12
[06-24 14:08:04][INFO] jax_fem: CuDSSNewtonSolver: solve finished in 0.13s  res=6.580e-06
[06-24 14:08:04][DEBUG] jax_fem: CuDSSNewtonSolver: starting Newton loop
[06-24 14:08:04][DEBUG] jax_fem: JaxAssembledMixin: computing Jacobian on device
[06-24 14:08:04][DEBUG] jax_fem: Function split_and_compute_cell took 0.0249 seconds
[06-24 14:08:04][DEBUG] jax_fem: CuDSSNewtonSolver: initial residual = 7.101e+05
[06-24 14:08:04][DEBUG] jax_fem: JaxAssembledMixin: computing Jacobian on device
[06-24 14:08:04][DEBUG] jax_fem: Function split_and_compute_cell took 0.0407 seconds
[06-24 14:08:04][DEBUG] jax_fem: CuDSSNewtonSolver: iter=1  res=6.204e-06  rel=8.738e-12
[06-24 14:08:04][INFO] jax_fem: CuDSSNewtonSolver: solve finished in 0.11s  res=6.204e-06
[06-24 14:08:05][DEBUG] jax_fem: CuDSSNewtonSolver: starting Newton loop
[06-24 14:08:05][DEBUG] jax_fem: JaxAssembledMixin: computing Jacobian on device
[06-24 14:08:05][DEBUG] jax_fem: Function split_and_compute_cell took 0.0407 seconds
[06-24 14:08:05][DEBUG] jax_fem: CuDSSNewtonSolver: initial residual = 7.049e+05
[06-24 14:08:05][DEBUG] jax_fem: JaxAssembledMixin: computing Jacobian on device
[06-24 14:08:05][DEBUG] jax_fem: Function split_and_compute_cell took 0.0456 seconds
[06-24 14:08:05][DEBUG] jax_fem: CuDSSNewtonSolver: iter=1  res=7.826e-06  rel=1.110e-11
[06-24 14:08:05][INFO] jax_fem: CuDSSNewtonSolver: solve finished in 0.13s  res=7.826e-06
[06-24 14:08:05][DEBUG] jax_fem: CuDSSNewtonSolver: starting Newton loop
[06-24 14:08:05][DEBUG] jax_fem: JaxAssembledMixin: computing Jacobian on device
[06-24 14:08:05][DEBUG] jax_fem: Function split_and_compute_cell took 0.0365 seconds
[06-24 14:08:05][DEBUG] jax_fem: CuDSSNewtonSolver: initial residual = 6.891e+05
[06-24 14:08:05][DEBUG] jax_fem: JaxAssembledMixin: computing Jacobian on device
[06-24 14:08:05][DEBUG] jax_fem: Function split_and_compute_cell took 0.0504 seconds
[06-24 14:08:05][DEBUG] jax_fem: CuDSSNewtonSolver: iter=1  res=7.794e-06  rel=1.131e-11
[06-24 14:08:05][INFO] jax_fem: CuDSSNewtonSolver: solve finished in 0.13s  res=7.794e-06
[06-24 14:08:07][DEBUG] jax_fem: CuDSSNewtonSolver: starting Newton loop
[06-24 14:08:07][DEBUG] jax_fem: JaxAssembledMixin: computing Jacobian on device
[06-24 14:08:07][DEBUG] jax_fem: Function split_and_compute_cell took 0.0285 seconds
[06-24 14:08:07][DEBUG] jax_fem: CuDSSNewtonSolver: initial residual = 7.216e+05
[06-24 14:08:07][DEBUG] jax_fem: JaxAssembledMixin: computing Jacobian on device
[06-24 14:08:07][DEBUG] jax_fem: Function split_and_compute_cell took 0.0272 seconds
[06-24 14:08:07][DEBUG] jax_fem: CuDSSNewtonSolver: iter=1  res=6.665e-06  rel=9.236e-12
[06-24 14:08:07][INFO] jax_fem: CuDSSNewtonSolver: solve finished in 0.09s  res=6.665e-06
[06-24 14:08:08][DEBUG] jax_fem: CuDSSNewtonSolver: starting Newton loop
[06-24 14:08:08][DEBUG] jax_fem: JaxAssembledMixin: computing Jacobian on device
[06-24 14:08:08][DEBUG] jax_fem: Function split_and_compute_cell took 0.0402 seconds
[06-24 14:08:08][DEBUG] jax_fem: CuDSSNewtonSolver: initial residual = 7.188e+05
[06-24 14:08:08][DEBUG] jax_fem: JaxAssembledMixin: computing Jacobian on device
[06-24 14:08:08][DEBUG] jax_fem: Function split_and_compute_cell took 0.0268 seconds
[06-24 14:08:08][DEBUG] jax_fem: CuDSSNewtonSolver: iter=1  res=6.403e-06  rel=8.907e-12
[06-24 14:08:08][INFO] jax_fem: CuDSSNewtonSolver: solve finished in 0.11s  res=6.403e-06
[06-24 14:08:08][DEBUG] jax_fem: CuDSSNewtonSolver: starting Newton loop
[06-24 14:08:08][DEBUG] jax_fem: JaxAssembledMixin: computing Jacobian on device
[06-24 14:08:08][DEBUG] jax_fem: Function split_and_compute_cell took 0.0278 seconds
[06-24 14:08:09][DEBUG] jax_fem: CuDSSNewtonSolver: initial residual = 7.101e+05
[06-24 14:08:09][DEBUG] jax_fem: JaxAssembledMixin: computing Jacobian on device
[06-24 14:08:09][DEBUG] jax_fem: Function split_and_compute_cell took 0.0264 seconds
[06-24 14:08:09][DEBUG] jax_fem: CuDSSNewtonSolver: iter=1  res=6.380e-06  rel=8.985e-12
[06-24 14:08:09][INFO] jax_fem: CuDSSNewtonSolver: solve finished in 0.09s  res=6.380e-06
[06-24 14:08:09][DEBUG] jax_fem: CuDSSNewtonSolver: starting Newton loop
[06-24 14:08:09][DEBUG] jax_fem: JaxAssembledMixin: computing Jacobian on device
[06-24 14:08:09][DEBUG] jax_fem: Function split_and_compute_cell took 0.0301 seconds
[06-24 14:08:09][DEBUG] jax_fem: CuDSSNewtonSolver: initial residual = 7.049e+05
[06-24 14:08:09][DEBUG] jax_fem: JaxAssembledMixin: computing Jacobian on device
[06-24 14:08:09][DEBUG] jax_fem: Function split_and_compute_cell took 0.0295 seconds
[06-24 14:08:09][DEBUG] jax_fem: CuDSSNewtonSolver: iter=1  res=7.530e-06  rel=1.068e-11
[06-24 14:08:09][INFO] jax_fem: CuDSSNewtonSolver: solve finished in 0.10s  res=7.530e-06
[06-24 14:08:10][DEBUG] jax_fem: CuDSSNewtonSolver: starting Newton loop
[06-24 14:08:10][DEBUG] jax_fem: JaxAssembledMixin: computing Jacobian on device
[06-24 14:08:10][DEBUG] jax_fem: Function split_and_compute_cell took 0.0270 seconds
[06-24 14:08:10][DEBUG] jax_fem: CuDSSNewtonSolver: initial residual = 6.891e+05
[06-24 14:08:10][DEBUG] jax_fem: JaxAssembledMixin: computing Jacobian on device
[06-24 14:08:10][DEBUG] jax_fem: Function split_and_compute_cell took 0.0267 seconds
[06-24 14:08:10][DEBUG] jax_fem: CuDSSNewtonSolver: iter=1  res=7.569e-06  rel=1.098e-11
[06-24 14:08:10][INFO] jax_fem: CuDSSNewtonSolver: solve finished in 0.09s  res=7.569e-06
[06-24 14:08:10][INFO] jax_fem: CuDSS backward: solving adjoint problem …
[06-24 14:08:10][DEBUG] jax_fem: JaxAssembledMixin: computing Jacobian on device
[06-24 14:08:10][DEBUG] jax_fem: Function split_and_compute_cell took 0.0272 seconds
[06-24 14:08:10][DEBUG] jax_fem: Computing cell residual...
[06-24 14:08:10][DEBUG] jax_fem: Function split_and_compute_cell took 0.0735 seconds
[06-24 14:08:11][INFO] jax_fem: CuDSS backward: solving adjoint problem …
[06-24 14:08:11][DEBUG] jax_fem: JaxAssembledMixin: computing Jacobian on device
[06-24 14:08:11][DEBUG] jax_fem: Function split_and_compute_cell took 0.0508 seconds
[06-24 14:08:11][DEBUG] jax_fem: Computing cell residual...
[06-24 14:08:11][DEBUG] jax_fem: Function split_and_compute_cell took 0.0751 seconds
[06-24 14:08:11][INFO] jax_fem: CuDSS backward: solving adjoint problem …
[06-24 14:08:11][DEBUG] jax_fem: JaxAssembledMixin: computing Jacobian on device
[06-24 14:08:11][DEBUG] jax_fem: Function split_and_compute_cell took 0.0401 seconds
[06-24 14:08:11][DEBUG] jax_fem: Computing cell residual...
[06-24 14:08:11][DEBUG] jax_fem: Function split_and_compute_cell took 0.0784 seconds
[06-24 14:08:11][INFO] jax_fem: CuDSS backward: solving adjoint problem …
[06-24 14:08:11][DEBUG] jax_fem: JaxAssembledMixin: computing Jacobian on device
[06-24 14:08:12][DEBUG] jax_fem: Function split_and_compute_cell took 0.0492 seconds
[06-24 14:08:12][DEBUG] jax_fem: Computing cell residual...
[06-24 14:08:12][DEBUG] jax_fem: Function split_and_compute_cell took 0.0783 seconds
[06-24 14:08:12][INFO] jax_fem: CuDSS backward: solving adjoint problem …
[06-24 14:08:12][DEBUG] jax_fem: JaxAssembledMixin: computing Jacobian on device
[06-24 14:08:12][DEBUG] jax_fem: Function split_and_compute_cell took 0.0398 seconds
[06-24 14:08:12][DEBUG] jax_fem: Computing cell residual...
[06-24 14:08:12][DEBUG] jax_fem: Function split_and_compute_cell took 0.0603 seconds
[06-24 14:08:14][DEBUG] jax_fem: CuDSSNewtonSolver: starting Newton loop
[06-24 14:08:14][DEBUG] jax_fem: JaxAssembledMixin: computing Jacobian on device
[06-24 14:08:14][DEBUG] jax_fem: Function split_and_compute_cell took 0.0283 seconds
[06-24 14:08:14][DEBUG] jax_fem: CuDSSNewtonSolver: initial residual = 7.216e+05
[06-24 14:08:14][DEBUG] jax_fem: JaxAssembledMixin: computing Jacobian on device
[06-24 14:08:14][DEBUG] jax_fem: Function split_and_compute_cell took 0.0246 seconds
[06-24 14:08:14][DEBUG] jax_fem: CuDSSNewtonSolver: iter=1  res=6.606e-06  rel=9.154e-12
[06-24 14:08:14][INFO] jax_fem: CuDSSNewtonSolver: solve finished in 0.09s  res=6.606e-06
[06-24 14:08:14][DEBUG] jax_fem: CuDSSNewtonSolver: starting Newton loop
[06-24 14:08:14][DEBUG] jax_fem: JaxAssembledMixin: computing Jacobian on device
[06-24 14:08:14][DEBUG] jax_fem: Function split_and_compute_cell took 0.0431 seconds
[06-24 14:08:14][DEBUG] jax_fem: CuDSSNewtonSolver: initial residual = 7.188e+05
[06-24 14:08:14][DEBUG] jax_fem: JaxAssembledMixin: computing Jacobian on device
[06-24 14:08:14][DEBUG] jax_fem: Function split_and_compute_cell took 0.0449 seconds
[06-24 14:08:14][DEBUG] jax_fem: CuDSSNewtonSolver: iter=1  res=6.359e-06  rel=8.847e-12
[06-24 14:08:14][INFO] jax_fem: CuDSSNewtonSolver: solve finished in 0.13s  res=6.359e-06
[06-24 14:08:15][DEBUG] jax_fem: CuDSSNewtonSolver: starting Newton loop
[06-24 14:08:15][DEBUG] jax_fem: JaxAssembledMixin: computing Jacobian on device
[06-24 14:08:15][DEBUG] jax_fem: Function split_and_compute_cell took 0.0540 seconds
[06-24 14:08:15][DEBUG] jax_fem: CuDSSNewtonSolver: initial residual = 7.101e+05
[06-24 14:08:15][DEBUG] jax_fem: JaxAssembledMixin: computing Jacobian on device
[06-24 14:08:15][DEBUG] jax_fem: Function split_and_compute_cell took 0.0424 seconds
[06-24 14:08:15][DEBUG] jax_fem: CuDSSNewtonSolver: iter=1  res=6.582e-06  rel=9.269e-12
[06-24 14:08:15][INFO] jax_fem: CuDSSNewtonSolver: solve finished in 0.14s  res=6.582e-06
[06-24 14:08:15][DEBUG] jax_fem: CuDSSNewtonSolver: starting Newton loop
[06-24 14:08:15][DEBUG] jax_fem: JaxAssembledMixin: computing Jacobian on device
[06-24 14:08:15][DEBUG] jax_fem: Function split_and_compute_cell took 0.0364 seconds
[06-24 14:08:15][DEBUG] jax_fem: CuDSSNewtonSolver: initial residual = 7.049e+05
[06-24 14:08:15][DEBUG] jax_fem: JaxAssembledMixin: computing Jacobian on device
[06-24 14:08:15][DEBUG] jax_fem: Function split_and_compute_cell took 0.0357 seconds
[06-24 14:08:15][DEBUG] jax_fem: CuDSSNewtonSolver: iter=1  res=7.823e-06  rel=1.110e-11
[06-24 14:08:15][INFO] jax_fem: CuDSSNewtonSolver: solve finished in 0.11s  res=7.823e-06
[06-24 14:08:16][DEBUG] jax_fem: CuDSSNewtonSolver: starting Newton loop
[06-24 14:08:16][DEBUG] jax_fem: JaxAssembledMixin: computing Jacobian on device
[06-24 14:08:16][DEBUG] jax_fem: Function split_and_compute_cell took 0.0368 seconds
[06-24 14:08:16][DEBUG] jax_fem: CuDSSNewtonSolver: initial residual = 6.891e+05
[06-24 14:08:16][DEBUG] jax_fem: JaxAssembledMixin: computing Jacobian on device
[06-24 14:08:16][DEBUG] jax_fem: Function split_and_compute_cell took 0.0432 seconds
[06-24 14:08:16][DEBUG] jax_fem: CuDSSNewtonSolver: iter=1  res=7.610e-06  rel=1.104e-11
[06-24 14:08:16][INFO] jax_fem: CuDSSNewtonSolver: solve finished in 0.13s  res=7.610e-06
[06-24 14:08:18][DEBUG] jax_fem: CuDSSNewtonSolver: starting Newton loop
[06-24 14:08:18][DEBUG] jax_fem: JaxAssembledMixin: computing Jacobian on device
[06-24 14:08:18][DEBUG] jax_fem: Function split_and_compute_cell took 0.0279 seconds
[06-24 14:08:18][DEBUG] jax_fem: CuDSSNewtonSolver: initial residual = 7.216e+05
[06-24 14:08:18][DEBUG] jax_fem: JaxAssembledMixin: computing Jacobian on device
[06-24 14:08:18][DEBUG] jax_fem: Function split_and_compute_cell took 0.0260 seconds
[06-24 14:08:18][DEBUG] jax_fem: CuDSSNewtonSolver: iter=1  res=6.440e-06  rel=8.924e-12
[06-24 14:08:18][INFO] jax_fem: CuDSSNewtonSolver: solve finished in 0.09s  res=6.440e-06
[06-24 14:08:19][DEBUG] jax_fem: CuDSSNewtonSolver: starting Newton loop
[06-24 14:08:19][DEBUG] jax_fem: JaxAssembledMixin: computing Jacobian on device
[06-24 14:08:19][DEBUG] jax_fem: Function split_and_compute_cell took 0.0269 seconds
[06-24 14:08:19][DEBUG] jax_fem: CuDSSNewtonSolver: initial residual = 7.188e+05
[06-24 14:08:19][DEBUG] jax_fem: JaxAssembledMixin: computing Jacobian on device
[06-24 14:08:19][DEBUG] jax_fem: Function split_and_compute_cell took 0.0267 seconds
[06-24 14:08:19][DEBUG] jax_fem: CuDSSNewtonSolver: iter=1  res=6.392e-06  rel=8.892e-12
[06-24 14:08:19][INFO] jax_fem: CuDSSNewtonSolver: solve finished in 0.09s  res=6.392e-06
[06-24 14:08:19][DEBUG] jax_fem: CuDSSNewtonSolver: starting Newton loop
[06-24 14:08:19][DEBUG] jax_fem: JaxAssembledMixin: computing Jacobian on device
[06-24 14:08:19][DEBUG] jax_fem: Function split_and_compute_cell took 0.0258 seconds
[06-24 14:08:19][DEBUG] jax_fem: CuDSSNewtonSolver: initial residual = 7.101e+05
[06-24 14:08:19][DEBUG] jax_fem: JaxAssembledMixin: computing Jacobian on device
[06-24 14:08:19][DEBUG] jax_fem: Function split_and_compute_cell took 0.0257 seconds
[06-24 14:08:19][DEBUG] jax_fem: CuDSSNewtonSolver: iter=1  res=6.854e-06  rel=9.653e-12
[06-24 14:08:19][INFO] jax_fem: CuDSSNewtonSolver: solve finished in 0.09s  res=6.854e-06
[06-24 14:08:20][DEBUG] jax_fem: CuDSSNewtonSolver: starting Newton loop
[06-24 14:08:20][DEBUG] jax_fem: JaxAssembledMixin: computing Jacobian on device
[06-24 14:08:20][DEBUG] jax_fem: Function split_and_compute_cell took 0.0281 seconds
[06-24 14:08:20][DEBUG] jax_fem: CuDSSNewtonSolver: initial residual = 7.049e+05
[06-24 14:08:20][DEBUG] jax_fem: JaxAssembledMixin: computing Jacobian on device
[06-24 14:08:20][DEBUG] jax_fem: Function split_and_compute_cell took 0.0263 seconds
[06-24 14:08:20][DEBUG] jax_fem: CuDSSNewtonSolver: iter=1  res=7.584e-06  rel=1.076e-11
[06-24 14:08:20][INFO] jax_fem: CuDSSNewtonSolver: solve finished in 0.09s  res=7.584e-06
[06-24 14:08:21][DEBUG] jax_fem: CuDSSNewtonSolver: starting Newton loop
[06-24 14:08:21][DEBUG] jax_fem: JaxAssembledMixin: computing Jacobian on device
[06-24 14:08:21][DEBUG] jax_fem: Function split_and_compute_cell took 0.0268 seconds
[06-24 14:08:21][DEBUG] jax_fem: CuDSSNewtonSolver: initial residual = 6.891e+05
[06-24 14:08:21][DEBUG] jax_fem: JaxAssembledMixin: computing Jacobian on device
[06-24 14:08:21][DEBUG] jax_fem: Function split_and_compute_cell took 0.0253 seconds
[06-24 14:08:21][DEBUG] jax_fem: CuDSSNewtonSolver: iter=1  res=7.325e-06  rel=1.063e-11
[06-24 14:08:21][INFO] jax_fem: CuDSSNewtonSolver: solve finished in 0.09s  res=7.325e-06
[06-24 14:08:21][INFO] jax_fem: CuDSS backward: solving adjoint problem …
[06-24 14:08:21][DEBUG] jax_fem: JaxAssembledMixin: computing Jacobian on device
[06-24 14:08:21][DEBUG] jax_fem: Function split_and_compute_cell took 0.0351 seconds
[06-24 14:08:21][DEBUG] jax_fem: Computing cell residual...
[06-24 14:08:21][DEBUG] jax_fem: Function split_and_compute_cell took 0.0733 seconds
[06-24 14:08:21][INFO] jax_fem: CuDSS backward: solving adjoint problem …
[06-24 14:08:21][DEBUG] jax_fem: JaxAssembledMixin: computing Jacobian on device
[06-24 14:08:21][DEBUG] jax_fem: Function split_and_compute_cell took 0.0487 seconds
[06-24 14:08:21][DEBUG] jax_fem: Computing cell residual...
[06-24 14:08:22][DEBUG] jax_fem: Function split_and_compute_cell took 0.0585 seconds
[06-24 14:08:22][INFO] jax_fem: CuDSS backward: solving adjoint problem …
[06-24 14:08:22][DEBUG] jax_fem: JaxAssembledMixin: computing Jacobian on device
[06-24 14:08:22][DEBUG] jax_fem: Function split_and_compute_cell took 0.0349 seconds
[06-24 14:08:22][DEBUG] jax_fem: Computing cell residual...
[06-24 14:08:22][DEBUG] jax_fem: Function split_and_compute_cell took 0.0727 seconds
[06-24 14:08:22][INFO] jax_fem: CuDSS backward: solving adjoint problem …
[06-24 14:08:22][DEBUG] jax_fem: JaxAssembledMixin: computing Jacobian on device
[06-24 14:08:22][DEBUG] jax_fem: Function split_and_compute_cell took 0.0451 seconds
[06-24 14:08:22][DEBUG] jax_fem: Computing cell residual...
[06-24 14:08:22][DEBUG] jax_fem: Function split_and_compute_cell took 0.0761 seconds
[06-24 14:08:23][INFO] jax_fem: CuDSS backward: solving adjoint problem …
[06-24 14:08:23][DEBUG] jax_fem: JaxAssembledMixin: computing Jacobian on device
[06-24 14:08:23][DEBUG] jax_fem: Function split_and_compute_cell took 0.0595 seconds
[06-24 14:08:23][DEBUG] jax_fem: Computing cell residual...
[06-24 14:08:23][DEBUG] jax_fem: Function split_and_compute_cell took 0.0769 seconds
[06-24 14:08:25][DEBUG] jax_fem: CuDSSNewtonSolver: starting Newton loop
[06-24 14:08:25][DEBUG] jax_fem: JaxAssembledMixin: computing Jacobian on device
[06-24 14:08:25][DEBUG] jax_fem: Function split_and_compute_cell took 0.0477 seconds
[06-24 14:08:25][DEBUG] jax_fem: CuDSSNewtonSolver: initial residual = 7.216e+05
[06-24 14:08:25][DEBUG] jax_fem: JaxAssembledMixin: computing Jacobian on device
[06-24 14:08:25][DEBUG] jax_fem: Function split_and_compute_cell took 0.0313 seconds
[06-24 14:08:25][DEBUG] jax_fem: CuDSSNewtonSolver: iter=1  res=6.531e-06  rel=9.051e-12
[06-24 14:08:25][INFO] jax_fem: CuDSSNewtonSolver: solve finished in 0.12s  res=6.531e-06
[06-24 14:08:25][DEBUG] jax_fem: CuDSSNewtonSolver: starting Newton loop
[06-24 14:08:25][DEBUG] jax_fem: JaxAssembledMixin: computing Jacobian on device
[06-24 14:08:25][DEBUG] jax_fem: Function split_and_compute_cell took 0.0600 seconds
[06-24 14:08:25][DEBUG] jax_fem: CuDSSNewtonSolver: initial residual = 7.188e+05
[06-24 14:08:25][DEBUG] jax_fem: JaxAssembledMixin: computing Jacobian on device
[06-24 14:08:25][DEBUG] jax_fem: Function split_and_compute_cell took 0.0439 seconds
[06-24 14:08:25][DEBUG] jax_fem: CuDSSNewtonSolver: iter=1  res=6.534e-06  rel=9.089e-12
[06-24 14:08:25][INFO] jax_fem: CuDSSNewtonSolver: solve finished in 0.14s  res=6.534e-06
[06-24 14:08:26][DEBUG] jax_fem: CuDSSNewtonSolver: starting Newton loop
[06-24 14:08:26][DEBUG] jax_fem: JaxAssembledMixin: computing Jacobian on device
[06-24 14:08:26][DEBUG] jax_fem: Function split_and_compute_cell took 0.0239 seconds
[06-24 14:08:26][DEBUG] jax_fem: CuDSSNewtonSolver: initial residual = 7.101e+05
[06-24 14:08:26][DEBUG] jax_fem: JaxAssembledMixin: computing Jacobian on device
[06-24 14:08:26][DEBUG] jax_fem: Function split_and_compute_cell took 0.0295 seconds
[06-24 14:08:26][DEBUG] jax_fem: CuDSSNewtonSolver: iter=1  res=5.949e-06  rel=8.378e-12
[06-24 14:08:26][INFO] jax_fem: CuDSSNewtonSolver: solve finished in 0.09s  res=5.949e-06
[06-24 14:08:26][DEBUG] jax_fem: CuDSSNewtonSolver: starting Newton loop
[06-24 14:08:26][DEBUG] jax_fem: JaxAssembledMixin: computing Jacobian on device
[06-24 14:08:26][DEBUG] jax_fem: Function split_and_compute_cell took 0.0325 seconds
[06-24 14:08:26][DEBUG] jax_fem: CuDSSNewtonSolver: initial residual = 7.049e+05
[06-24 14:08:26][DEBUG] jax_fem: JaxAssembledMixin: computing Jacobian on device
[06-24 14:08:26][DEBUG] jax_fem: Function split_and_compute_cell took 0.0497 seconds
[06-24 14:08:26][DEBUG] jax_fem: CuDSSNewtonSolver: iter=1  res=6.704e-06  rel=9.511e-12
[06-24 14:08:26][INFO] jax_fem: CuDSSNewtonSolver: solve finished in 0.12s  res=6.704e-06
[06-24 14:08:26][DEBUG] jax_fem: CuDSSNewtonSolver: starting Newton loop
[06-24 14:08:26][DEBUG] jax_fem: JaxAssembledMixin: computing Jacobian on device
[06-24 14:08:26][DEBUG] jax_fem: Function split_and_compute_cell took 0.0449 seconds
[06-24 14:08:26][DEBUG] jax_fem: CuDSSNewtonSolver: initial residual = 6.891e+05
[06-24 14:08:26][DEBUG] jax_fem: JaxAssembledMixin: computing Jacobian on device
[06-24 14:08:26][DEBUG] jax_fem: Function split_and_compute_cell took 0.0514 seconds
[06-24 14:08:26][DEBUG] jax_fem: CuDSSNewtonSolver: iter=1  res=7.801e-06  rel=1.132e-11
[06-24 14:08:26][INFO] jax_fem: CuDSSNewtonSolver: solve finished in 0.14s  res=7.801e-06
[06-24 14:08:28][DEBUG] jax_fem: CuDSSNewtonSolver: starting Newton loop
[06-24 14:08:28][DEBUG] jax_fem: JaxAssembledMixin: computing Jacobian on device
[06-24 14:08:28][DEBUG] jax_fem: Function split_and_compute_cell took 0.0299 seconds
[06-24 14:08:28][DEBUG] jax_fem: CuDSSNewtonSolver: initial residual = 7.216e+05
[06-24 14:08:28][DEBUG] jax_fem: JaxAssembledMixin: computing Jacobian on device
[06-24 14:08:29][DEBUG] jax_fem: Function split_and_compute_cell took 0.0250 seconds
[06-24 14:08:29][DEBUG] jax_fem: CuDSSNewtonSolver: iter=1  res=6.434e-06  rel=8.916e-12
[06-24 14:08:29][INFO] jax_fem: CuDSSNewtonSolver: solve finished in 0.09s  res=6.434e-06
[06-24 14:08:29][DEBUG] jax_fem: CuDSSNewtonSolver: starting Newton loop
[06-24 14:08:29][DEBUG] jax_fem: JaxAssembledMixin: computing Jacobian on device
[06-24 14:08:29][DEBUG] jax_fem: Function split_and_compute_cell took 0.0265 seconds
[06-24 14:08:29][DEBUG] jax_fem: CuDSSNewtonSolver: initial residual = 7.188e+05
[06-24 14:08:29][DEBUG] jax_fem: JaxAssembledMixin: computing Jacobian on device
[06-24 14:08:29][DEBUG] jax_fem: Function split_and_compute_cell took 0.0257 seconds
[06-24 14:08:29][DEBUG] jax_fem: CuDSSNewtonSolver: iter=1  res=6.337e-06  rel=8.815e-12
[06-24 14:08:29][INFO] jax_fem: CuDSSNewtonSolver: solve finished in 0.09s  res=6.337e-06
[06-24 14:08:30][DEBUG] jax_fem: CuDSSNewtonSolver: starting Newton loop
[06-24 14:08:30][DEBUG] jax_fem: JaxAssembledMixin: computing Jacobian on device
[06-24 14:08:30][DEBUG] jax_fem: Function split_and_compute_cell took 0.0260 seconds
[06-24 14:08:30][DEBUG] jax_fem: CuDSSNewtonSolver: initial residual = 7.101e+05
[06-24 14:08:30][DEBUG] jax_fem: JaxAssembledMixin: computing Jacobian on device
[06-24 14:08:30][DEBUG] jax_fem: Function split_and_compute_cell took 0.0271 seconds
[06-24 14:08:30][DEBUG] jax_fem: CuDSSNewtonSolver: iter=1  res=5.900e-06  rel=8.309e-12
[06-24 14:08:30][INFO] jax_fem: CuDSSNewtonSolver: solve finished in 0.09s  res=5.900e-06
[06-24 14:08:31][DEBUG] jax_fem: CuDSSNewtonSolver: starting Newton loop
[06-24 14:08:31][DEBUG] jax_fem: JaxAssembledMixin: computing Jacobian on device
[06-24 14:08:31][DEBUG] jax_fem: Function split_and_compute_cell took 0.0260 seconds
[06-24 14:08:31][DEBUG] jax_fem: CuDSSNewtonSolver: initial residual = 7.049e+05
[06-24 14:08:31][DEBUG] jax_fem: JaxAssembledMixin: computing Jacobian on device
[06-24 14:08:31][DEBUG] jax_fem: Function split_and_compute_cell took 0.0257 seconds
[06-24 14:08:31][DEBUG] jax_fem: CuDSSNewtonSolver: iter=1  res=6.680e-06  rel=9.476e-12
[06-24 14:08:31][INFO] jax_fem: CuDSSNewtonSolver: solve finished in 0.09s  res=6.680e-06
[06-24 14:08:31][DEBUG] jax_fem: CuDSSNewtonSolver: starting Newton loop
[06-24 14:08:31][DEBUG] jax_fem: JaxAssembledMixin: computing Jacobian on device
[06-24 14:08:31][DEBUG] jax_fem: Function split_and_compute_cell took 0.0277 seconds
[06-24 14:08:31][DEBUG] jax_fem: CuDSSNewtonSolver: initial residual = 6.891e+05
[06-24 14:08:31][DEBUG] jax_fem: JaxAssembledMixin: computing Jacobian on device
[06-24 14:08:31][DEBUG] jax_fem: Function split_and_compute_cell took 0.0254 seconds
[06-24 14:08:31][DEBUG] jax_fem: CuDSSNewtonSolver: iter=1  res=7.652e-06  rel=1.110e-11
[06-24 14:08:31][INFO] jax_fem: CuDSSNewtonSolver: solve finished in 0.09s  res=7.652e-06
[06-24 14:08:32][INFO] jax_fem: CuDSS backward: solving adjoint problem …
[06-24 14:08:32][DEBUG] jax_fem: JaxAssembledMixin: computing Jacobian on device
[06-24 14:08:32][DEBUG] jax_fem: Function split_and_compute_cell took 0.0310 seconds
[06-24 14:08:32][DEBUG] jax_fem: Computing cell residual...
[06-24 14:08:32][DEBUG] jax_fem: Function split_and_compute_cell took 0.0672 seconds
[06-24 14:08:32][INFO] jax_fem: CuDSS backward: solving adjoint problem …
[06-24 14:08:32][DEBUG] jax_fem: JaxAssembledMixin: computing Jacobian on device
[06-24 14:08:32][DEBUG] jax_fem: Function split_and_compute_cell took 0.0279 seconds
[06-24 14:08:32][DEBUG] jax_fem: Computing cell residual...
[06-24 14:08:32][DEBUG] jax_fem: Function split_and_compute_cell took 0.0715 seconds
[06-24 14:08:32][INFO] jax_fem: CuDSS backward: solving adjoint problem …
[06-24 14:08:32][DEBUG] jax_fem: JaxAssembledMixin: computing Jacobian on device
[06-24 14:08:32][DEBUG] jax_fem: Function split_and_compute_cell took 0.0541 seconds
[06-24 14:08:32][DEBUG] jax_fem: Computing cell residual...
[06-24 14:08:33][DEBUG] jax_fem: Function split_and_compute_cell took 0.0767 seconds
[06-24 14:08:33][INFO] jax_fem: CuDSS backward: solving adjoint problem …
[06-24 14:08:33][DEBUG] jax_fem: JaxAssembledMixin: computing Jacobian on device
[06-24 14:08:33][DEBUG] jax_fem: Function split_and_compute_cell took 0.0478 seconds
[06-24 14:08:33][DEBUG] jax_fem: Computing cell residual...
[06-24 14:08:33][DEBUG] jax_fem: Function split_and_compute_cell took 0.0621 seconds
[06-24 14:08:33][INFO] jax_fem: CuDSS backward: solving adjoint problem …
[06-24 14:08:33][DEBUG] jax_fem: JaxAssembledMixin: computing Jacobian on device
[06-24 14:08:33][DEBUG] jax_fem: Function split_and_compute_cell took 0.0349 seconds
[06-24 14:08:33][DEBUG] jax_fem: Computing cell residual...
[06-24 14:08:33][DEBUG] jax_fem: Function split_and_compute_cell took 0.0726 seconds
[06-24 14:08:35][DEBUG] jax_fem: CuDSSNewtonSolver: starting Newton loop
[06-24 14:08:35][DEBUG] jax_fem: JaxAssembledMixin: computing Jacobian on device
[06-24 14:08:35][DEBUG] jax_fem: Function split_and_compute_cell took 0.0588 seconds
[06-24 14:08:35][DEBUG] jax_fem: CuDSSNewtonSolver: initial residual = 7.216e+05
[06-24 14:08:35][DEBUG] jax_fem: JaxAssembledMixin: computing Jacobian on device
[06-24 14:08:35][DEBUG] jax_fem: Function split_and_compute_cell took 0.0571 seconds
[06-24 14:08:35][DEBUG] jax_fem: CuDSSNewtonSolver: iter=1  res=6.236e-06  rel=8.642e-12
[06-24 14:08:35][INFO] jax_fem: CuDSSNewtonSolver: solve finished in 0.16s  res=6.236e-06
[06-24 14:08:36][DEBUG] jax_fem: CuDSSNewtonSolver: starting Newton loop
[06-24 14:08:36][DEBUG] jax_fem: JaxAssembledMixin: computing Jacobian on device
[06-24 14:08:36][DEBUG] jax_fem: Function split_and_compute_cell took 0.0523 seconds
[06-24 14:08:36][DEBUG] jax_fem: CuDSSNewtonSolver: initial residual = 7.188e+05
[06-24 14:08:36][DEBUG] jax_fem: JaxAssembledMixin: computing Jacobian on device
[06-24 14:08:36][DEBUG] jax_fem: Function split_and_compute_cell took 0.0300 seconds
[06-24 14:08:36][DEBUG] jax_fem: CuDSSNewtonSolver: iter=1  res=6.512e-06  rel=9.059e-12
[06-24 14:08:36][INFO] jax_fem: CuDSSNewtonSolver: solve finished in 0.13s  res=6.512e-06
[06-24 14:08:36][DEBUG] jax_fem: CuDSSNewtonSolver: starting Newton loop
[06-24 14:08:36][DEBUG] jax_fem: JaxAssembledMixin: computing Jacobian on device
[06-24 14:08:36][DEBUG] jax_fem: Function split_and_compute_cell took 0.0509 seconds
[06-24 14:08:36][DEBUG] jax_fem: CuDSSNewtonSolver: initial residual = 7.101e+05
[06-24 14:08:36][DEBUG] jax_fem: JaxAssembledMixin: computing Jacobian on device
[06-24 14:08:36][DEBUG] jax_fem: Function split_and_compute_cell took 0.0302 seconds
[06-24 14:08:36][DEBUG] jax_fem: CuDSSNewtonSolver: iter=1  res=5.787e-06  rel=8.150e-12
[06-24 14:08:36][INFO] jax_fem: CuDSSNewtonSolver: solve finished in 0.12s  res=5.787e-06
[06-24 14:08:37][DEBUG] jax_fem: CuDSSNewtonSolver: starting Newton loop
[06-24 14:08:37][DEBUG] jax_fem: JaxAssembledMixin: computing Jacobian on device
[06-24 14:08:37][DEBUG] jax_fem: Function split_and_compute_cell took 0.0235 seconds
[06-24 14:08:37][DEBUG] jax_fem: CuDSSNewtonSolver: initial residual = 7.049e+05
[06-24 14:08:37][DEBUG] jax_fem: JaxAssembledMixin: computing Jacobian on device
[06-24 14:08:37][DEBUG] jax_fem: Function split_and_compute_cell took 0.0538 seconds
[06-24 14:08:37][DEBUG] jax_fem: CuDSSNewtonSolver: iter=1  res=6.965e-06  rel=9.881e-12
[06-24 14:08:37][INFO] jax_fem: CuDSSNewtonSolver: solve finished in 0.12s  res=6.965e-06
[06-24 14:08:37][DEBUG] jax_fem: CuDSSNewtonSolver: starting Newton loop
[06-24 14:08:37][DEBUG] jax_fem: JaxAssembledMixin: computing Jacobian on device
[06-24 14:08:37][DEBUG] jax_fem: Function split_and_compute_cell took 0.0448 seconds
[06-24 14:08:37][DEBUG] jax_fem: CuDSSNewtonSolver: initial residual = 6.891e+05
[06-24 14:08:37][DEBUG] jax_fem: JaxAssembledMixin: computing Jacobian on device
[06-24 14:08:37][DEBUG] jax_fem: Function split_and_compute_cell took 0.0461 seconds
[06-24 14:08:37][DEBUG] jax_fem: CuDSSNewtonSolver: iter=1  res=7.639e-06  rel=1.109e-11
[06-24 14:08:37][INFO] jax_fem: CuDSSNewtonSolver: solve finished in 0.14s  res=7.639e-06
[06-24 14:08:39][DEBUG] jax_fem: CuDSSNewtonSolver: starting Newton loop
[06-24 14:08:39][DEBUG] jax_fem: JaxAssembledMixin: computing Jacobian on device
[06-24 14:08:39][DEBUG] jax_fem: Function split_and_compute_cell took 0.0269 seconds
[06-24 14:08:39][DEBUG] jax_fem: CuDSSNewtonSolver: initial residual = 7.216e+05
[06-24 14:08:39][DEBUG] jax_fem: JaxAssembledMixin: computing Jacobian on device
[06-24 14:08:39][DEBUG] jax_fem: Function split_and_compute_cell took 0.0267 seconds
[06-24 14:08:39][DEBUG] jax_fem: CuDSSNewtonSolver: iter=1  res=5.850e-06  rel=8.106e-12
[06-24 14:08:39][INFO] jax_fem: CuDSSNewtonSolver: solve finished in 0.09s  res=5.850e-06
[06-24 14:08:40][DEBUG] jax_fem: CuDSSNewtonSolver: starting Newton loop
[06-24 14:08:40][DEBUG] jax_fem: JaxAssembledMixin: computing Jacobian on device
[06-24 14:08:40][DEBUG] jax_fem: Function split_and_compute_cell took 0.0264 seconds
[06-24 14:08:40][DEBUG] jax_fem: CuDSSNewtonSolver: initial residual = 7.188e+05
[06-24 14:08:40][DEBUG] jax_fem: JaxAssembledMixin: computing Jacobian on device
[06-24 14:08:40][DEBUG] jax_fem: Function split_and_compute_cell took 0.0281 seconds
[06-24 14:08:40][DEBUG] jax_fem: CuDSSNewtonSolver: iter=1  res=6.762e-06  rel=9.406e-12
[06-24 14:08:40][INFO] jax_fem: CuDSSNewtonSolver: solve finished in 0.09s  res=6.762e-06
[06-24 14:08:41][DEBUG] jax_fem: CuDSSNewtonSolver: starting Newton loop
[06-24 14:08:41][DEBUG] jax_fem: JaxAssembledMixin: computing Jacobian on device
[06-24 14:08:41][DEBUG] jax_fem: Function split_and_compute_cell took 0.0271 seconds
[06-24 14:08:41][DEBUG] jax_fem: CuDSSNewtonSolver: initial residual = 7.101e+05
[06-24 14:08:41][DEBUG] jax_fem: JaxAssembledMixin: computing Jacobian on device
[06-24 14:08:41][DEBUG] jax_fem: Function split_and_compute_cell took 0.0264 seconds
[06-24 14:08:41][DEBUG] jax_fem: CuDSSNewtonSolver: iter=1  res=5.952e-06  rel=8.382e-12
[06-24 14:08:41][INFO] jax_fem: CuDSSNewtonSolver: solve finished in 0.09s  res=5.952e-06
[06-24 14:08:41][DEBUG] jax_fem: CuDSSNewtonSolver: starting Newton loop
[06-24 14:08:41][DEBUG] jax_fem: JaxAssembledMixin: computing Jacobian on device
[06-24 14:08:42][DEBUG] jax_fem: Function split_and_compute_cell took 0.0280 seconds
[06-24 14:08:42][DEBUG] jax_fem: CuDSSNewtonSolver: initial residual = 7.049e+05
[06-24 14:08:42][DEBUG] jax_fem: JaxAssembledMixin: computing Jacobian on device
[06-24 14:08:42][DEBUG] jax_fem: Function split_and_compute_cell took 0.0254 seconds
[06-24 14:08:42][DEBUG] jax_fem: CuDSSNewtonSolver: iter=1  res=7.167e-06  rel=1.017e-11
[06-24 14:08:42][INFO] jax_fem: CuDSSNewtonSolver: solve finished in 0.09s  res=7.167e-06
[06-24 14:08:42][DEBUG] jax_fem: CuDSSNewtonSolver: starting Newton loop
[06-24 14:08:42][DEBUG] jax_fem: JaxAssembledMixin: computing Jacobian on device
[06-24 14:08:42][DEBUG] jax_fem: Function split_and_compute_cell took 0.0272 seconds
[06-24 14:08:42][DEBUG] jax_fem: CuDSSNewtonSolver: initial residual = 6.891e+05
[06-24 14:08:42][DEBUG] jax_fem: JaxAssembledMixin: computing Jacobian on device
[06-24 14:08:42][DEBUG] jax_fem: Function split_and_compute_cell took 0.0260 seconds
[06-24 14:08:42][DEBUG] jax_fem: CuDSSNewtonSolver: iter=1  res=7.656e-06  rel=1.111e-11
[06-24 14:08:42][INFO] jax_fem: CuDSSNewtonSolver: solve finished in 0.09s  res=7.656e-06
[06-24 14:08:42][INFO] jax_fem: CuDSS backward: solving adjoint problem …
[06-24 14:08:42][DEBUG] jax_fem: JaxAssembledMixin: computing Jacobian on device
[06-24 14:08:42][DEBUG] jax_fem: Function split_and_compute_cell took 0.0424 seconds
[06-24 14:08:42][DEBUG] jax_fem: Computing cell residual...
[06-24 14:08:43][DEBUG] jax_fem: Function split_and_compute_cell took 0.0776 seconds
[06-24 14:08:43][INFO] jax_fem: CuDSS backward: solving adjoint problem …
[06-24 14:08:43][DEBUG] jax_fem: JaxAssembledMixin: computing Jacobian on device
[06-24 14:08:43][DEBUG] jax_fem: Function split_and_compute_cell took 0.0408 seconds
[06-24 14:08:43][DEBUG] jax_fem: Computing cell residual...
[06-24 14:08:43][DEBUG] jax_fem: Function split_and_compute_cell took 0.0715 seconds
[06-24 14:08:43][INFO] jax_fem: CuDSS backward: solving adjoint problem …
[06-24 14:08:43][DEBUG] jax_fem: JaxAssembledMixin: computing Jacobian on device
[06-24 14:08:43][DEBUG] jax_fem: Function split_and_compute_cell took 0.0544 seconds
[06-24 14:08:43][DEBUG] jax_fem: Computing cell residual...
[06-24 14:08:43][DEBUG] jax_fem: Function split_and_compute_cell took 0.0730 seconds
[06-24 14:08:44][INFO] jax_fem: CuDSS backward: solving adjoint problem …
[06-24 14:08:44][DEBUG] jax_fem: JaxAssembledMixin: computing Jacobian on device
[06-24 14:08:44][DEBUG] jax_fem: Function split_and_compute_cell took 0.0406 seconds
[06-24 14:08:44][DEBUG] jax_fem: Computing cell residual...
[06-24 14:08:44][DEBUG] jax_fem: Function split_and_compute_cell took 0.0714 seconds
[06-24 14:08:44][INFO] jax_fem: CuDSS backward: solving adjoint problem …
[06-24 14:08:44][DEBUG] jax_fem: JaxAssembledMixin: computing Jacobian on device
[06-24 14:08:44][DEBUG] jax_fem: Function split_and_compute_cell took 0.0390 seconds
[06-24 14:08:44][DEBUG] jax_fem: Computing cell residual...
[06-24 14:08:44][DEBUG] jax_fem: Function split_and_compute_cell took 0.0707 seconds
[06-24 14:08:46][DEBUG] jax_fem: CuDSSNewtonSolver: starting Newton loop
[06-24 14:08:46][DEBUG] jax_fem: JaxAssembledMixin: computing Jacobian on device
[06-24 14:08:46][DEBUG] jax_fem: Function split_and_compute_cell took 0.0271 seconds
[06-24 14:08:46][DEBUG] jax_fem: CuDSSNewtonSolver: initial residual = 7.216e+05
[06-24 14:08:46][DEBUG] jax_fem: JaxAssembledMixin: computing Jacobian on device
[06-24 14:08:46][DEBUG] jax_fem: Function split_and_compute_cell took 0.0274 seconds
[06-24 14:08:46][DEBUG] jax_fem: CuDSSNewtonSolver: iter=1  res=6.207e-06  rel=8.602e-12
[06-24 14:08:46][INFO] jax_fem: CuDSSNewtonSolver: solve finished in 0.09s  res=6.207e-06
[06-24 14:08:46][DEBUG] jax_fem: CuDSSNewtonSolver: starting Newton loop
[06-24 14:08:47][DEBUG] jax_fem: JaxAssembledMixin: computing Jacobian on device
[06-24 14:08:47][DEBUG] jax_fem: Function split_and_compute_cell took 0.0482 seconds
[06-24 14:08:47][DEBUG] jax_fem: CuDSSNewtonSolver: initial residual = 7.188e+05
[06-24 14:08:47][DEBUG] jax_fem: JaxAssembledMixin: computing Jacobian on device
[06-24 14:08:47][DEBUG] jax_fem: Function split_and_compute_cell took 0.0580 seconds
[06-24 14:08:47][DEBUG] jax_fem: CuDSSNewtonSolver: iter=1  res=6.780e-06  rel=9.432e-12
[06-24 14:08:47][INFO] jax_fem: CuDSSNewtonSolver: solve finished in 0.15s  res=6.780e-06
[06-24 14:08:47][DEBUG] jax_fem: CuDSSNewtonSolver: starting Newton loop
[06-24 14:08:47][DEBUG] jax_fem: JaxAssembledMixin: computing Jacobian on device
[06-24 14:08:47][DEBUG] jax_fem: Function split_and_compute_cell took 0.0398 seconds
[06-24 14:08:47][DEBUG] jax_fem: CuDSSNewtonSolver: initial residual = 7.101e+05
[06-24 14:08:47][DEBUG] jax_fem: JaxAssembledMixin: computing Jacobian on device
[06-24 14:08:47][DEBUG] jax_fem: Function split_and_compute_cell took 0.0596 seconds
[06-24 14:08:47][DEBUG] jax_fem: CuDSSNewtonSolver: iter=1  res=6.028e-06  rel=8.490e-12
[06-24 14:08:47][INFO] jax_fem: CuDSSNewtonSolver: solve finished in 0.15s  res=6.028e-06
[06-24 14:08:47][DEBUG] jax_fem: CuDSSNewtonSolver: starting Newton loop
[06-24 14:08:47][DEBUG] jax_fem: JaxAssembledMixin: computing Jacobian on device
[06-24 14:08:48][DEBUG] jax_fem: Function split_and_compute_cell took 0.0419 seconds
[06-24 14:08:48][DEBUG] jax_fem: CuDSSNewtonSolver: initial residual = 7.049e+05
[06-24 14:08:48][DEBUG] jax_fem: JaxAssembledMixin: computing Jacobian on device
[06-24 14:08:48][DEBUG] jax_fem: Function split_and_compute_cell took 0.0379 seconds
[06-24 14:08:48][DEBUG] jax_fem: CuDSSNewtonSolver: iter=1  res=7.004e-06  rel=9.936e-12
[06-24 14:08:48][INFO] jax_fem: CuDSSNewtonSolver: solve finished in 0.12s  res=7.004e-06
[06-24 14:08:48][DEBUG] jax_fem: CuDSSNewtonSolver: starting Newton loop
[06-24 14:08:48][DEBUG] jax_fem: JaxAssembledMixin: computing Jacobian on device
[06-24 14:08:48][DEBUG] jax_fem: Function split_and_compute_cell took 0.0424 seconds
[06-24 14:08:48][DEBUG] jax_fem: CuDSSNewtonSolver: initial residual = 6.891e+05
[06-24 14:08:48][DEBUG] jax_fem: JaxAssembledMixin: computing Jacobian on device
[06-24 14:08:48][DEBUG] jax_fem: Function split_and_compute_cell took 0.0331 seconds
[06-24 14:08:48][DEBUG] jax_fem: CuDSSNewtonSolver: iter=1  res=7.853e-06  rel=1.140e-11
[06-24 14:08:48][INFO] jax_fem: CuDSSNewtonSolver: solve finished in 0.12s  res=7.853e-06
[06-24 14:08:50][DEBUG] jax_fem: CuDSSNewtonSolver: starting Newton loop
[06-24 14:08:50][DEBUG] jax_fem: JaxAssembledMixin: computing Jacobian on device
[06-24 14:08:50][DEBUG] jax_fem: Function split_and_compute_cell took 0.0255 seconds
[06-24 14:08:50][DEBUG] jax_fem: CuDSSNewtonSolver: initial residual = 7.216e+05
[06-24 14:08:50][DEBUG] jax_fem: JaxAssembledMixin: computing Jacobian on device
[06-24 14:08:50][DEBUG] jax_fem: Function split_and_compute_cell took 0.0276 seconds
[06-24 14:08:50][DEBUG] jax_fem: CuDSSNewtonSolver: iter=1  res=6.069e-06  rel=8.410e-12
[06-24 14:08:50][INFO] jax_fem: CuDSSNewtonSolver: solve finished in 0.09s  res=6.069e-06
[06-24 14:08:51][DEBUG] jax_fem: CuDSSNewtonSolver: starting Newton loop
[06-24 14:08:51][DEBUG] jax_fem: JaxAssembledMixin: computing Jacobian on device
[06-24 14:08:51][DEBUG] jax_fem: Function split_and_compute_cell took 0.0271 seconds
[06-24 14:08:51][DEBUG] jax_fem: CuDSSNewtonSolver: initial residual = 7.188e+05
[06-24 14:08:51][DEBUG] jax_fem: JaxAssembledMixin: computing Jacobian on device
[06-24 14:08:51][DEBUG] jax_fem: Function split_and_compute_cell took 0.0271 seconds
[06-24 14:08:51][DEBUG] jax_fem: CuDSSNewtonSolver: iter=1  res=6.798e-06  rel=9.458e-12
[06-24 14:08:51][INFO] jax_fem: CuDSSNewtonSolver: solve finished in 0.10s  res=6.798e-06
[06-24 14:08:51][DEBUG] jax_fem: CuDSSNewtonSolver: starting Newton loop
[06-24 14:08:51][DEBUG] jax_fem: JaxAssembledMixin: computing Jacobian on device
[06-24 14:08:51][DEBUG] jax_fem: Function split_and_compute_cell took 0.0257 seconds
[06-24 14:08:51][DEBUG] jax_fem: CuDSSNewtonSolver: initial residual = 7.101e+05
[06-24 14:08:51][DEBUG] jax_fem: JaxAssembledMixin: computing Jacobian on device
[06-24 14:08:51][DEBUG] jax_fem: Function split_and_compute_cell took 0.0248 seconds
[06-24 14:08:51][DEBUG] jax_fem: CuDSSNewtonSolver: iter=1  res=5.889e-06  rel=8.294e-12
[06-24 14:08:51][INFO] jax_fem: CuDSSNewtonSolver: solve finished in 0.09s  res=5.889e-06
[06-24 14:08:52][DEBUG] jax_fem: CuDSSNewtonSolver: starting Newton loop
[06-24 14:08:52][DEBUG] jax_fem: JaxAssembledMixin: computing Jacobian on device
[06-24 14:08:52][DEBUG] jax_fem: Function split_and_compute_cell took 0.0265 seconds
[06-24 14:08:52][DEBUG] jax_fem: CuDSSNewtonSolver: initial residual = 7.049e+05
[06-24 14:08:52][DEBUG] jax_fem: JaxAssembledMixin: computing Jacobian on device
[06-24 14:08:52][DEBUG] jax_fem: Function split_and_compute_cell took 0.0271 seconds
[06-24 14:08:52][DEBUG] jax_fem: CuDSSNewtonSolver: iter=1  res=6.799e-06  rel=9.646e-12
[06-24 14:08:52][INFO] jax_fem: CuDSSNewtonSolver: solve finished in 0.09s  res=6.799e-06
[06-24 14:08:53][DEBUG] jax_fem: CuDSSNewtonSolver: starting Newton loop
[06-24 14:08:53][DEBUG] jax_fem: JaxAssembledMixin: computing Jacobian on device
[06-24 14:08:53][DEBUG] jax_fem: Function split_and_compute_cell took 0.0267 seconds
[06-24 14:08:53][DEBUG] jax_fem: CuDSSNewtonSolver: initial residual = 6.891e+05
[06-24 14:08:53][DEBUG] jax_fem: JaxAssembledMixin: computing Jacobian on device
[06-24 14:08:53][DEBUG] jax_fem: Function split_and_compute_cell took 0.0275 seconds
[06-24 14:08:53][DEBUG] jax_fem: CuDSSNewtonSolver: iter=1  res=7.695e-06  rel=1.117e-11
[06-24 14:08:53][INFO] jax_fem: CuDSSNewtonSolver: solve finished in 0.09s  res=7.695e-06
[06-24 14:08:53][INFO] jax_fem: CuDSS backward: solving adjoint problem …
[06-24 14:08:53][DEBUG] jax_fem: JaxAssembledMixin: computing Jacobian on device
[06-24 14:08:53][DEBUG] jax_fem: Function split_and_compute_cell took 0.0378 seconds
[06-24 14:08:53][DEBUG] jax_fem: Computing cell residual...
[06-24 14:08:53][DEBUG] jax_fem: Function split_and_compute_cell took 0.0788 seconds
[06-24 14:08:54][INFO] jax_fem: CuDSS backward: solving adjoint problem …
[06-24 14:08:54][DEBUG] jax_fem: JaxAssembledMixin: computing Jacobian on device
[06-24 14:08:54][DEBUG] jax_fem: Function split_and_compute_cell took 0.0496 seconds
[06-24 14:08:54][DEBUG] jax_fem: Computing cell residual...
[06-24 14:08:54][DEBUG] jax_fem: Function split_and_compute_cell took 0.0847 seconds
[06-24 14:08:54][INFO] jax_fem: CuDSS backward: solving adjoint problem …
[06-24 14:08:54][DEBUG] jax_fem: JaxAssembledMixin: computing Jacobian on device
[06-24 14:08:54][DEBUG] jax_fem: Function split_and_compute_cell took 0.0337 seconds
[06-24 14:08:54][DEBUG] jax_fem: Computing cell residual...
[06-24 14:08:54][DEBUG] jax_fem: Function split_and_compute_cell took 0.0501 seconds
[06-24 14:08:54][INFO] jax_fem: CuDSS backward: solving adjoint problem …
[06-24 14:08:54][DEBUG] jax_fem: JaxAssembledMixin: computing Jacobian on device
[06-24 14:08:54][DEBUG] jax_fem: Function split_and_compute_cell took 0.0361 seconds
[06-24 14:08:54][DEBUG] jax_fem: Computing cell residual...
[06-24 14:08:55][DEBUG] jax_fem: Function split_and_compute_cell took 0.0770 seconds
[06-24 14:08:55][INFO] jax_fem: CuDSS backward: solving adjoint problem …
[06-24 14:08:55][DEBUG] jax_fem: JaxAssembledMixin: computing Jacobian on device
[06-24 14:08:55][DEBUG] jax_fem: Function split_and_compute_cell took 0.0376 seconds
[06-24 14:08:55][DEBUG] jax_fem: Computing cell residual...
[06-24 14:08:55][DEBUG] jax_fem: Function split_and_compute_cell took 0.0826 seconds
[06-24 14:08:57][DEBUG] jax_fem: CuDSSNewtonSolver: starting Newton loop
[06-24 14:08:57][DEBUG] jax_fem: JaxAssembledMixin: computing Jacobian on device
[06-24 14:08:57][DEBUG] jax_fem: Function split_and_compute_cell took 0.0555 seconds
[06-24 14:08:57][DEBUG] jax_fem: CuDSSNewtonSolver: initial residual = 7.216e+05
[06-24 14:08:57][DEBUG] jax_fem: JaxAssembledMixin: computing Jacobian on device
[06-24 14:08:57][DEBUG] jax_fem: Function split_and_compute_cell took 0.0474 seconds
[06-24 14:08:57][DEBUG] jax_fem: CuDSSNewtonSolver: iter=1  res=5.933e-06  rel=8.222e-12
[06-24 14:08:57][INFO] jax_fem: CuDSSNewtonSolver: solve finished in 0.14s  res=5.933e-06
[06-24 14:08:57][DEBUG] jax_fem: CuDSSNewtonSolver: starting Newton loop
[06-24 14:08:57][DEBUG] jax_fem: JaxAssembledMixin: computing Jacobian on device
[06-24 14:08:57][DEBUG] jax_fem: Function split_and_compute_cell took 0.0244 seconds
[06-24 14:08:57][DEBUG] jax_fem: CuDSSNewtonSolver: initial residual = 7.188e+05
[06-24 14:08:57][DEBUG] jax_fem: JaxAssembledMixin: computing Jacobian on device
[06-24 14:08:58][DEBUG] jax_fem: Function split_and_compute_cell took 0.0357 seconds
[06-24 14:08:58][DEBUG] jax_fem: CuDSSNewtonSolver: iter=1  res=7.425e-06  rel=1.033e-11
[06-24 14:08:58][INFO] jax_fem: CuDSSNewtonSolver: solve finished in 0.10s  res=7.425e-06
[06-24 14:08:58][DEBUG] jax_fem: CuDSSNewtonSolver: starting Newton loop
[06-24 14:08:58][DEBUG] jax_fem: JaxAssembledMixin: computing Jacobian on device
[06-24 14:08:58][DEBUG] jax_fem: Function split_and_compute_cell took 0.0260 seconds
[06-24 14:08:58][DEBUG] jax_fem: CuDSSNewtonSolver: initial residual = 7.101e+05
[06-24 14:08:58][DEBUG] jax_fem: JaxAssembledMixin: computing Jacobian on device
[06-24 14:08:58][DEBUG] jax_fem: Function split_and_compute_cell took 0.0344 seconds
[06-24 14:08:58][DEBUG] jax_fem: CuDSSNewtonSolver: iter=1  res=5.961e-06  rel=8.395e-12
[06-24 14:08:58][INFO] jax_fem: CuDSSNewtonSolver: solve finished in 0.10s  res=5.961e-06
[06-24 14:08:58][DEBUG] jax_fem: CuDSSNewtonSolver: starting Newton loop
[06-24 14:08:58][DEBUG] jax_fem: JaxAssembledMixin: computing Jacobian on device
[06-24 14:08:58][DEBUG] jax_fem: Function split_and_compute_cell took 0.0364 seconds
[06-24 14:08:58][DEBUG] jax_fem: CuDSSNewtonSolver: initial residual = 7.049e+05
[06-24 14:08:58][DEBUG] jax_fem: JaxAssembledMixin: computing Jacobian on device
[06-24 14:08:58][DEBUG] jax_fem: Function split_and_compute_cell took 0.0502 seconds
[06-24 14:08:58][DEBUG] jax_fem: CuDSSNewtonSolver: iter=1  res=6.848e-06  rel=9.714e-12
[06-24 14:08:58][INFO] jax_fem: CuDSSNewtonSolver: solve finished in 0.13s  res=6.848e-06
[06-24 14:08:59][DEBUG] jax_fem: CuDSSNewtonSolver: starting Newton loop
[06-24 14:08:59][DEBUG] jax_fem: JaxAssembledMixin: computing Jacobian on device
[06-24 14:08:59][DEBUG] jax_fem: Function split_and_compute_cell took 0.0486 seconds
[06-24 14:08:59][DEBUG] jax_fem: CuDSSNewtonSolver: initial residual = 6.891e+05
[06-24 14:08:59][DEBUG] jax_fem: JaxAssembledMixin: computing Jacobian on device
[06-24 14:08:59][DEBUG] jax_fem: Function split_and_compute_cell took 0.0410 seconds
[06-24 14:08:59][DEBUG] jax_fem: CuDSSNewtonSolver: iter=1  res=7.720e-06  rel=1.120e-11
[06-24 14:08:59][INFO] jax_fem: CuDSSNewtonSolver: solve finished in 0.14s  res=7.720e-06
[06-24 14:09:01][DEBUG] jax_fem: CuDSSNewtonSolver: starting Newton loop
[06-24 14:09:01][DEBUG] jax_fem: JaxAssembledMixin: computing Jacobian on device
[06-24 14:09:01][DEBUG] jax_fem: Function split_and_compute_cell took 0.0278 seconds
[06-24 14:09:01][DEBUG] jax_fem: CuDSSNewtonSolver: initial residual = 7.216e+05
[06-24 14:09:01][DEBUG] jax_fem: JaxAssembledMixin: computing Jacobian on device
[06-24 14:09:01][DEBUG] jax_fem: Function split_and_compute_cell took 0.0267 seconds
[06-24 14:09:01][DEBUG] jax_fem: CuDSSNewtonSolver: iter=1  res=5.956e-06  rel=8.253e-12
[06-24 14:09:01][INFO] jax_fem: CuDSSNewtonSolver: solve finished in 0.09s  res=5.956e-06
[06-24 14:09:01][DEBUG] jax_fem: CuDSSNewtonSolver: starting Newton loop
[06-24 14:09:01][DEBUG] jax_fem: JaxAssembledMixin: computing Jacobian on device
[06-24 14:09:01][DEBUG] jax_fem: Function split_and_compute_cell took 0.0283 seconds
[06-24 14:09:01][DEBUG] jax_fem: CuDSSNewtonSolver: initial residual = 7.188e+05
[06-24 14:09:01][DEBUG] jax_fem: JaxAssembledMixin: computing Jacobian on device
[06-24 14:09:02][DEBUG] jax_fem: Function split_and_compute_cell took 0.0263 seconds
[06-24 14:09:02][DEBUG] jax_fem: CuDSSNewtonSolver: iter=1  res=7.069e-06  rel=9.834e-12
[06-24 14:09:02][INFO] jax_fem: CuDSSNewtonSolver: solve finished in 0.09s  res=7.069e-06
[06-24 14:09:02][DEBUG] jax_fem: CuDSSNewtonSolver: starting Newton loop
[06-24 14:09:02][DEBUG] jax_fem: JaxAssembledMixin: computing Jacobian on device
[06-24 14:09:02][DEBUG] jax_fem: Function split_and_compute_cell took 0.0282 seconds
[06-24 14:09:02][DEBUG] jax_fem: CuDSSNewtonSolver: initial residual = 7.101e+05
[06-24 14:09:02][DEBUG] jax_fem: JaxAssembledMixin: computing Jacobian on device
[06-24 14:09:02][DEBUG] jax_fem: Function split_and_compute_cell took 0.0267 seconds
[06-24 14:09:02][DEBUG] jax_fem: CuDSSNewtonSolver: iter=1  res=6.181e-06  rel=8.705e-12
[06-24 14:09:02][INFO] jax_fem: CuDSSNewtonSolver: solve finished in 0.09s  res=6.181e-06
[06-24 14:09:03][DEBUG] jax_fem: CuDSSNewtonSolver: starting Newton loop
[06-24 14:09:03][DEBUG] jax_fem: JaxAssembledMixin: computing Jacobian on device
[06-24 14:09:03][DEBUG] jax_fem: Function split_and_compute_cell took 0.0293 seconds
[06-24 14:09:03][DEBUG] jax_fem: CuDSSNewtonSolver: initial residual = 7.049e+05
[06-24 14:09:03][DEBUG] jax_fem: JaxAssembledMixin: computing Jacobian on device
[06-24 14:09:03][DEBUG] jax_fem: Function split_and_compute_cell took 0.0300 seconds
[06-24 14:09:03][DEBUG] jax_fem: CuDSSNewtonSolver: iter=1  res=7.044e-06  rel=9.992e-12
[06-24 14:09:03][INFO] jax_fem: CuDSSNewtonSolver: solve finished in 0.10s  res=7.044e-06
[06-24 14:09:04][DEBUG] jax_fem: CuDSSNewtonSolver: starting Newton loop
[06-24 14:09:04][DEBUG] jax_fem: JaxAssembledMixin: computing Jacobian on device
[06-24 14:09:04][DEBUG] jax_fem: Function split_and_compute_cell took 0.0266 seconds
[06-24 14:09:04][DEBUG] jax_fem: CuDSSNewtonSolver: initial residual = 6.891e+05
[06-24 14:09:04][DEBUG] jax_fem: JaxAssembledMixin: computing Jacobian on device
[06-24 14:09:04][DEBUG] jax_fem: Function split_and_compute_cell took 0.0252 seconds
[06-24 14:09:04][DEBUG] jax_fem: CuDSSNewtonSolver: iter=1  res=7.549e-06  rel=1.096e-11
[06-24 14:09:04][INFO] jax_fem: CuDSSNewtonSolver: solve finished in 0.09s  res=7.549e-06
[06-24 14:09:04][INFO] jax_fem: CuDSS backward: solving adjoint problem …
[06-24 14:09:04][DEBUG] jax_fem: JaxAssembledMixin: computing Jacobian on device
[06-24 14:09:04][DEBUG] jax_fem: Function split_and_compute_cell took 0.0494 seconds
[06-24 14:09:04][DEBUG] jax_fem: Computing cell residual...
[06-24 14:09:04][DEBUG] jax_fem: Function split_and_compute_cell took 0.0694 seconds
[06-24 14:09:04][INFO] jax_fem: CuDSS backward: solving adjoint problem …
[06-24 14:09:04][DEBUG] jax_fem: JaxAssembledMixin: computing Jacobian on device
[06-24 14:09:04][DEBUG] jax_fem: Function split_and_compute_cell took 0.0288 seconds
[06-24 14:09:04][DEBUG] jax_fem: Computing cell residual...
[06-24 14:09:04][DEBUG] jax_fem: Function split_and_compute_cell took 0.0787 seconds
[06-24 14:09:05][INFO] jax_fem: CuDSS backward: solving adjoint problem …
[06-24 14:09:05][DEBUG] jax_fem: JaxAssembledMixin: computing Jacobian on device
[06-24 14:09:05][DEBUG] jax_fem: Function split_and_compute_cell took 0.0550 seconds
[06-24 14:09:05][DEBUG] jax_fem: Computing cell residual...
[06-24 14:09:05][DEBUG] jax_fem: Function split_and_compute_cell took 0.0710 seconds
[06-24 14:09:05][INFO] jax_fem: CuDSS backward: solving adjoint problem …
[06-24 14:09:05][DEBUG] jax_fem: JaxAssembledMixin: computing Jacobian on device
[06-24 14:09:05][DEBUG] jax_fem: Function split_and_compute_cell took 0.0506 seconds
[06-24 14:09:05][DEBUG] jax_fem: Computing cell residual...
[06-24 14:09:05][DEBUG] jax_fem: Function split_and_compute_cell took 0.0691 seconds
[06-24 14:09:06][INFO] jax_fem: CuDSS backward: solving adjoint problem …
[06-24 14:09:06][DEBUG] jax_fem: JaxAssembledMixin: computing Jacobian on device
[06-24 14:09:06][DEBUG] jax_fem: Function split_and_compute_cell took 0.0294 seconds
[06-24 14:09:06][DEBUG] jax_fem: Computing cell residual...
[06-24 14:09:06][DEBUG] jax_fem: Function split_and_compute_cell took 0.0685 seconds
[06-24 14:09:08][DEBUG] jax_fem: CuDSSNewtonSolver: starting Newton loop
[06-24 14:09:08][DEBUG] jax_fem: JaxAssembledMixin: computing Jacobian on device
[06-24 14:09:08][DEBUG] jax_fem: Function split_and_compute_cell took 0.0401 seconds
[06-24 14:09:08][DEBUG] jax_fem: CuDSSNewtonSolver: initial residual = 7.216e+05
[06-24 14:09:08][DEBUG] jax_fem: JaxAssembledMixin: computing Jacobian on device
[06-24 14:09:08][DEBUG] jax_fem: Function split_and_compute_cell took 0.0323 seconds
[06-24 14:09:08][DEBUG] jax_fem: CuDSSNewtonSolver: iter=1  res=1.436e-05  rel=1.991e-11
[06-24 14:09:08][INFO] jax_fem: CuDSSNewtonSolver: solve finished in 0.11s  res=1.436e-05
[06-24 14:09:08][DEBUG] jax_fem: CuDSSNewtonSolver: starting Newton loop
[06-24 14:09:08][DEBUG] jax_fem: JaxAssembledMixin: computing Jacobian on device
[06-24 14:09:08][DEBUG] jax_fem: Function split_and_compute_cell took 0.0336 seconds
[06-24 14:09:08][DEBUG] jax_fem: CuDSSNewtonSolver: initial residual = 7.188e+05
[06-24 14:09:08][DEBUG] jax_fem: JaxAssembledMixin: computing Jacobian on device
[06-24 14:09:08][DEBUG] jax_fem: Function split_and_compute_cell took 0.0284 seconds
[06-24 14:09:08][DEBUG] jax_fem: CuDSSNewtonSolver: iter=1  res=3.801e-05  rel=5.287e-11
[06-24 14:09:08][INFO] jax_fem: CuDSSNewtonSolver: solve finished in 0.11s  res=3.801e-05
[06-24 14:09:08][DEBUG] jax_fem: CuDSSNewtonSolver: starting Newton loop
[06-24 14:09:08][DEBUG] jax_fem: JaxAssembledMixin: computing Jacobian on device
[06-24 14:09:08][DEBUG] jax_fem: Function split_and_compute_cell took 0.0356 seconds
[06-24 14:09:08][DEBUG] jax_fem: CuDSSNewtonSolver: initial residual = 7.101e+05
[06-24 14:09:08][DEBUG] jax_fem: JaxAssembledMixin: computing Jacobian on device
[06-24 14:09:09][DEBUG] jax_fem: Function split_and_compute_cell took 0.0540 seconds
[06-24 14:09:09][DEBUG] jax_fem: CuDSSNewtonSolver: iter=1  res=9.084e-06  rel=1.279e-11
[06-24 14:09:09][INFO] jax_fem: CuDSSNewtonSolver: solve finished in 0.13s  res=9.084e-06
[06-24 14:09:09][DEBUG] jax_fem: CuDSSNewtonSolver: starting Newton loop
[06-24 14:09:09][DEBUG] jax_fem: JaxAssembledMixin: computing Jacobian on device
[06-24 14:09:09][DEBUG] jax_fem: Function split_and_compute_cell took 0.0507 seconds
[06-24 14:09:09][DEBUG] jax_fem: CuDSSNewtonSolver: initial residual = 7.049e+05
[06-24 14:09:09][DEBUG] jax_fem: JaxAssembledMixin: computing Jacobian on device
[06-24 14:09:09][DEBUG] jax_fem: Function split_and_compute_cell took 0.0624 seconds
[06-24 14:09:09][DEBUG] jax_fem: CuDSSNewtonSolver: iter=1  res=1.496e-05  rel=2.122e-11
[06-24 14:09:09][INFO] jax_fem: CuDSSNewtonSolver: solve finished in 0.16s  res=1.496e-05
[06-24 14:09:09][DEBUG] jax_fem: CuDSSNewtonSolver: starting Newton loop
[06-24 14:09:09][DEBUG] jax_fem: JaxAssembledMixin: computing Jacobian on device
[06-24 14:09:09][DEBUG] jax_fem: Function split_and_compute_cell took 0.0512 seconds
[06-24 14:09:09][DEBUG] jax_fem: CuDSSNewtonSolver: initial residual = 6.891e+05
[06-24 14:09:09][DEBUG] jax_fem: JaxAssembledMixin: computing Jacobian on device
[06-24 14:09:10][DEBUG] jax_fem: Function split_and_compute_cell took 0.0367 seconds
[06-24 14:09:10][DEBUG] jax_fem: CuDSSNewtonSolver: iter=1  res=1.031e-05  rel=1.496e-11
[06-24 14:09:10][INFO] jax_fem: CuDSSNewtonSolver: solve finished in 0.14s  res=1.031e-05
[06-24 14:09:12][DEBUG] jax_fem: CuDSSNewtonSolver: starting Newton loop
[06-24 14:09:12][DEBUG] jax_fem: JaxAssembledMixin: computing Jacobian on device
[06-24 14:09:12][DEBUG] jax_fem: Function split_and_compute_cell took 0.0265 seconds
[06-24 14:09:12][DEBUG] jax_fem: CuDSSNewtonSolver: initial residual = 7.216e+05
[06-24 14:09:12][DEBUG] jax_fem: JaxAssembledMixin: computing Jacobian on device
[06-24 14:09:12][DEBUG] jax_fem: Function split_and_compute_cell took 0.0275 seconds
[06-24 14:09:12][DEBUG] jax_fem: CuDSSNewtonSolver: iter=1  res=1.452e-05  rel=2.012e-11
[06-24 14:09:12][INFO] jax_fem: CuDSSNewtonSolver: solve finished in 0.09s  res=1.452e-05
[06-24 14:09:12][DEBUG] jax_fem: CuDSSNewtonSolver: starting Newton loop
[06-24 14:09:12][DEBUG] jax_fem: JaxAssembledMixin: computing Jacobian on device
[06-24 14:09:12][DEBUG] jax_fem: Function split_and_compute_cell took 0.0279 seconds
[06-24 14:09:12][DEBUG] jax_fem: CuDSSNewtonSolver: initial residual = 7.188e+05
[06-24 14:09:12][DEBUG] jax_fem: JaxAssembledMixin: computing Jacobian on device
[06-24 14:09:12][DEBUG] jax_fem: Function split_and_compute_cell took 0.0276 seconds
[06-24 14:09:12][DEBUG] jax_fem: CuDSSNewtonSolver: iter=1  res=3.772e-05  rel=5.247e-11
[06-24 14:09:12][INFO] jax_fem: CuDSSNewtonSolver: solve finished in 0.09s  res=3.772e-05
[06-24 14:09:13][DEBUG] jax_fem: CuDSSNewtonSolver: starting Newton loop
[06-24 14:09:13][DEBUG] jax_fem: JaxAssembledMixin: computing Jacobian on device
[06-24 14:09:13][DEBUG] jax_fem: Function split_and_compute_cell took 0.0313 seconds
[06-24 14:09:13][DEBUG] jax_fem: CuDSSNewtonSolver: initial residual = 7.101e+05
[06-24 14:09:13][DEBUG] jax_fem: JaxAssembledMixin: computing Jacobian on device
[06-24 14:09:13][DEBUG] jax_fem: Function split_and_compute_cell took 0.0264 seconds
[06-24 14:09:13][DEBUG] jax_fem: CuDSSNewtonSolver: iter=1  res=9.198e-06  rel=1.295e-11
[06-24 14:09:13][INFO] jax_fem: CuDSSNewtonSolver: solve finished in 0.10s  res=9.198e-06
[06-24 14:09:14][DEBUG] jax_fem: CuDSSNewtonSolver: starting Newton loop
[06-24 14:09:14][DEBUG] jax_fem: JaxAssembledMixin: computing Jacobian on device
[06-24 14:09:14][DEBUG] jax_fem: Function split_and_compute_cell took 0.0273 seconds
[06-24 14:09:14][DEBUG] jax_fem: CuDSSNewtonSolver: initial residual = 7.049e+05
[06-24 14:09:14][DEBUG] jax_fem: JaxAssembledMixin: computing Jacobian on device
[06-24 14:09:14][DEBUG] jax_fem: Function split_and_compute_cell took 0.0272 seconds
[06-24 14:09:14][DEBUG] jax_fem: CuDSSNewtonSolver: iter=1  res=1.531e-05  rel=2.172e-11
[06-24 14:09:14][INFO] jax_fem: CuDSSNewtonSolver: solve finished in 0.09s  res=1.531e-05
[06-24 14:09:14][DEBUG] jax_fem: CuDSSNewtonSolver: starting Newton loop
[06-24 14:09:14][DEBUG] jax_fem: JaxAssembledMixin: computing Jacobian on device
[06-24 14:09:15][DEBUG] jax_fem: Function split_and_compute_cell took 0.0297 seconds
[06-24 14:09:15][DEBUG] jax_fem: CuDSSNewtonSolver: initial residual = 6.891e+05
[06-24 14:09:15][DEBUG] jax_fem: JaxAssembledMixin: computing Jacobian on device
[06-24 14:09:15][DEBUG] jax_fem: Function split_and_compute_cell took 0.0263 seconds
[06-24 14:09:15][DEBUG] jax_fem: CuDSSNewtonSolver: iter=1  res=1.034e-05  rel=1.501e-11
[06-24 14:09:15][INFO] jax_fem: CuDSSNewtonSolver: solve finished in 0.09s  res=1.034e-05
[06-24 14:09:15][INFO] jax_fem: CuDSS backward: solving adjoint problem …
[06-24 14:09:15][DEBUG] jax_fem: JaxAssembledMixin: computing Jacobian on device
[06-24 14:09:15][DEBUG] jax_fem: Function split_and_compute_cell took 0.0346 seconds
[06-24 14:09:15][DEBUG] jax_fem: Computing cell residual...
[06-24 14:09:15][DEBUG] jax_fem: Function split_and_compute_cell took 0.0719 seconds
[06-24 14:09:15][INFO] jax_fem: CuDSS backward: solving adjoint problem …
[06-24 14:09:15][DEBUG] jax_fem: JaxAssembledMixin: computing Jacobian on device
[06-24 14:09:15][DEBUG] jax_fem: Function split_and_compute_cell took 0.0502 seconds
[06-24 14:09:15][DEBUG] jax_fem: Computing cell residual...
[06-24 14:09:15][DEBUG] jax_fem: Function split_and_compute_cell took 0.0706 seconds
[06-24 14:09:16][INFO] jax_fem: CuDSS backward: solving adjoint problem …
[06-24 14:09:16][DEBUG] jax_fem: JaxAssembledMixin: computing Jacobian on device
[06-24 14:09:16][DEBUG] jax_fem: Function split_and_compute_cell took 0.0505 seconds
[06-24 14:09:16][DEBUG] jax_fem: Computing cell residual...
[06-24 14:09:16][DEBUG] jax_fem: Function split_and_compute_cell took 0.0711 seconds
[06-24 14:09:16][INFO] jax_fem: CuDSS backward: solving adjoint problem …
[06-24 14:09:16][DEBUG] jax_fem: JaxAssembledMixin: computing Jacobian on device
[06-24 14:09:16][DEBUG] jax_fem: Function split_and_compute_cell took 0.0512 seconds
[06-24 14:09:16][DEBUG] jax_fem: Computing cell residual...
[06-24 14:09:16][DEBUG] jax_fem: Function split_and_compute_cell took 0.0704 seconds
[06-24 14:09:16][INFO] jax_fem: CuDSS backward: solving adjoint problem …
[06-24 14:09:16][DEBUG] jax_fem: JaxAssembledMixin: computing Jacobian on device
[06-24 14:09:16][DEBUG] jax_fem: Function split_and_compute_cell took 0.0450 seconds
[06-24 14:09:17][DEBUG] jax_fem: Computing cell residual...
[06-24 14:09:17][DEBUG] jax_fem: Function split_and_compute_cell took 0.0774 seconds
[06-24 14:09:18][DEBUG] jax_fem: CuDSSNewtonSolver: starting Newton loop
[06-24 14:09:18][DEBUG] jax_fem: JaxAssembledMixin: computing Jacobian on device
[06-24 14:09:18][DEBUG] jax_fem: Function split_and_compute_cell took 0.0280 seconds
[06-24 14:09:18][DEBUG] jax_fem: CuDSSNewtonSolver: initial residual = 7.216e+05
[06-24 14:09:18][DEBUG] jax_fem: JaxAssembledMixin: computing Jacobian on device
[06-24 14:09:18][DEBUG] jax_fem: Function split_and_compute_cell took 0.0491 seconds
[06-24 14:09:18][DEBUG] jax_fem: CuDSSNewtonSolver: iter=1  res=6.143e-06  rel=8.513e-12
[06-24 14:09:18][INFO] jax_fem: CuDSSNewtonSolver: solve finished in 0.12s  res=6.143e-06
[06-24 14:09:19][DEBUG] jax_fem: CuDSSNewtonSolver: starting Newton loop
[06-24 14:09:19][DEBUG] jax_fem: JaxAssembledMixin: computing Jacobian on device
[06-24 14:09:19][DEBUG] jax_fem: Function split_and_compute_cell took 0.0472 seconds
[06-24 14:09:19][DEBUG] jax_fem: CuDSSNewtonSolver: initial residual = 7.188e+05
[06-24 14:09:19][DEBUG] jax_fem: JaxAssembledMixin: computing Jacobian on device
[06-24 14:09:19][DEBUG] jax_fem: Function split_and_compute_cell took 0.0584 seconds
[06-24 14:09:19][DEBUG] jax_fem: CuDSSNewtonSolver: iter=1  res=9.992e-06  rel=1.390e-11
[06-24 14:09:19][INFO] jax_fem: CuDSSNewtonSolver: solve finished in 0.15s  res=9.992e-06
[06-24 14:09:19][DEBUG] jax_fem: CuDSSNewtonSolver: starting Newton loop
[06-24 14:09:19][DEBUG] jax_fem: JaxAssembledMixin: computing Jacobian on device
[06-24 14:09:19][DEBUG] jax_fem: Function split_and_compute_cell took 0.0406 seconds
[06-24 14:09:19][DEBUG] jax_fem: CuDSSNewtonSolver: initial residual = 7.101e+05
[06-24 14:09:19][DEBUG] jax_fem: JaxAssembledMixin: computing Jacobian on device
[06-24 14:09:19][DEBUG] jax_fem: Function split_and_compute_cell took 0.0308 seconds
[06-24 14:09:19][DEBUG] jax_fem: CuDSSNewtonSolver: iter=1  res=6.176e-06  rel=8.698e-12
[06-24 14:09:19][INFO] jax_fem: CuDSSNewtonSolver: solve finished in 0.11s  res=6.176e-06
[06-24 14:09:20][DEBUG] jax_fem: CuDSSNewtonSolver: starting Newton loop
[06-24 14:09:20][DEBUG] jax_fem: JaxAssembledMixin: computing Jacobian on device
[06-24 14:09:20][DEBUG] jax_fem: Function split_and_compute_cell took 0.0551 seconds
[06-24 14:09:20][DEBUG] jax_fem: CuDSSNewtonSolver: initial residual = 7.049e+05
[06-24 14:09:20][DEBUG] jax_fem: JaxAssembledMixin: computing Jacobian on device
[06-24 14:09:20][DEBUG] jax_fem: Function split_and_compute_cell took 0.0538 seconds
[06-24 14:09:20][DEBUG] jax_fem: CuDSSNewtonSolver: iter=1  res=7.592e-06  rel=1.077e-11
[06-24 14:09:20][INFO] jax_fem: CuDSSNewtonSolver: solve finished in 0.15s  res=7.592e-06
[06-24 14:09:20][DEBUG] jax_fem: CuDSSNewtonSolver: starting Newton loop
[06-24 14:09:20][DEBUG] jax_fem: JaxAssembledMixin: computing Jacobian on device
[06-24 14:09:20][DEBUG] jax_fem: Function split_and_compute_cell took 0.0497 seconds
[06-24 14:09:20][DEBUG] jax_fem: CuDSSNewtonSolver: initial residual = 6.891e+05
[06-24 14:09:20][DEBUG] jax_fem: JaxAssembledMixin: computing Jacobian on device
[06-24 14:09:20][DEBUG] jax_fem: Function split_and_compute_cell took 0.0393 seconds
[06-24 14:09:20][DEBUG] jax_fem: CuDSSNewtonSolver: iter=1  res=7.806e-06  rel=1.133e-11
[06-24 14:09:20][INFO] jax_fem: CuDSSNewtonSolver: solve finished in 0.13s  res=7.806e-06
[06-24 14:09:22][DEBUG] jax_fem: CuDSSNewtonSolver: starting Newton loop
[06-24 14:09:22][DEBUG] jax_fem: JaxAssembledMixin: computing Jacobian on device
[06-24 14:09:22][DEBUG] jax_fem: Function split_and_compute_cell took 0.0284 seconds
[06-24 14:09:22][DEBUG] jax_fem: CuDSSNewtonSolver: initial residual = 7.216e+05
[06-24 14:09:22][DEBUG] jax_fem: JaxAssembledMixin: computing Jacobian on device
[06-24 14:09:22][DEBUG] jax_fem: Function split_and_compute_cell took 0.0283 seconds
[06-24 14:09:22][DEBUG] jax_fem: CuDSSNewtonSolver: iter=1  res=6.291e-06  rel=8.718e-12
[06-24 14:09:22][INFO] jax_fem: CuDSSNewtonSolver: solve finished in 0.09s  res=6.291e-06
[06-24 14:09:23][DEBUG] jax_fem: CuDSSNewtonSolver: starting Newton loop
[06-24 14:09:23][DEBUG] jax_fem: JaxAssembledMixin: computing Jacobian on device
[06-24 14:09:23][DEBUG] jax_fem: Function split_and_compute_cell took 0.0268 seconds
[06-24 14:09:23][DEBUG] jax_fem: CuDSSNewtonSolver: initial residual = 7.188e+05
[06-24 14:09:23][DEBUG] jax_fem: JaxAssembledMixin: computing Jacobian on device
[06-24 14:09:23][DEBUG] jax_fem: Function split_and_compute_cell took 0.0263 seconds
[06-24 14:09:23][DEBUG] jax_fem: CuDSSNewtonSolver: iter=1  res=9.841e-06  rel=1.369e-11
[06-24 14:09:23][INFO] jax_fem: CuDSSNewtonSolver: solve finished in 0.09s  res=9.841e-06
[06-24 14:09:24][DEBUG] jax_fem: CuDSSNewtonSolver: starting Newton loop
[06-24 14:09:24][DEBUG] jax_fem: JaxAssembledMixin: computing Jacobian on device
[06-24 14:09:24][DEBUG] jax_fem: Function split_and_compute_cell took 0.0272 seconds
[06-24 14:09:24][DEBUG] jax_fem: CuDSSNewtonSolver: initial residual = 7.101e+05
[06-24 14:09:24][DEBUG] jax_fem: JaxAssembledMixin: computing Jacobian on device
[06-24 14:09:24][DEBUG] jax_fem: Function split_and_compute_cell took 0.0271 seconds
[06-24 14:09:24][DEBUG] jax_fem: CuDSSNewtonSolver: iter=1  res=6.376e-06  rel=8.980e-12
[06-24 14:09:24][INFO] jax_fem: CuDSSNewtonSolver: solve finished in 0.09s  res=6.376e-06
[06-24 14:09:24][DEBUG] jax_fem: CuDSSNewtonSolver: starting Newton loop
[06-24 14:09:24][DEBUG] jax_fem: JaxAssembledMixin: computing Jacobian on device
[06-24 14:09:24][DEBUG] jax_fem: Function split_and_compute_cell took 0.0270 seconds
[06-24 14:09:24][DEBUG] jax_fem: CuDSSNewtonSolver: initial residual = 7.049e+05
[06-24 14:09:24][DEBUG] jax_fem: JaxAssembledMixin: computing Jacobian on device
[06-24 14:09:25][DEBUG] jax_fem: Function split_and_compute_cell took 0.0260 seconds
[06-24 14:09:25][DEBUG] jax_fem: CuDSSNewtonSolver: iter=1  res=8.026e-06  rel=1.139e-11
[06-24 14:09:25][INFO] jax_fem: CuDSSNewtonSolver: solve finished in 0.09s  res=8.026e-06
[06-24 14:09:25][DEBUG] jax_fem: CuDSSNewtonSolver: starting Newton loop
[06-24 14:09:25][DEBUG] jax_fem: JaxAssembledMixin: computing Jacobian on device
[06-24 14:09:25][DEBUG] jax_fem: Function split_and_compute_cell took 0.0267 seconds
[06-24 14:09:25][DEBUG] jax_fem: CuDSSNewtonSolver: initial residual = 6.891e+05
[06-24 14:09:25][DEBUG] jax_fem: JaxAssembledMixin: computing Jacobian on device
[06-24 14:09:25][DEBUG] jax_fem: Function split_and_compute_cell took 0.0254 seconds
[06-24 14:09:25][DEBUG] jax_fem: CuDSSNewtonSolver: iter=1  res=7.629e-06  rel=1.107e-11
[06-24 14:09:25][INFO] jax_fem: CuDSSNewtonSolver: solve finished in 0.09s  res=7.629e-06
[06-24 14:09:25][INFO] jax_fem: CuDSS backward: solving adjoint problem …
[06-24 14:09:25][DEBUG] jax_fem: JaxAssembledMixin: computing Jacobian on device
[06-24 14:09:25][DEBUG] jax_fem: Function split_and_compute_cell took 0.0332 seconds
[06-24 14:09:25][DEBUG] jax_fem: Computing cell residual...
[06-24 14:09:25][DEBUG] jax_fem: Function split_and_compute_cell took 0.0713 seconds
[06-24 14:09:26][INFO] jax_fem: CuDSS backward: solving adjoint problem …
[06-24 14:09:26][DEBUG] jax_fem: JaxAssembledMixin: computing Jacobian on device
[06-24 14:09:26][DEBUG] jax_fem: Function split_and_compute_cell took 0.0423 seconds
[06-24 14:09:26][DEBUG] jax_fem: Computing cell residual...
[06-24 14:09:26][DEBUG] jax_fem: Function split_and_compute_cell took 0.0662 seconds
[06-24 14:09:26][INFO] jax_fem: CuDSS backward: solving adjoint problem …
[06-24 14:09:26][DEBUG] jax_fem: JaxAssembledMixin: computing Jacobian on device
[06-24 14:09:26][DEBUG] jax_fem: Function split_and_compute_cell took 0.0422 seconds
[06-24 14:09:26][DEBUG] jax_fem: Computing cell residual...
[06-24 14:09:26][DEBUG] jax_fem: Function split_and_compute_cell took 0.0858 seconds
[06-24 14:09:27][INFO] jax_fem: CuDSS backward: solving adjoint problem …
[06-24 14:09:27][DEBUG] jax_fem: JaxAssembledMixin: computing Jacobian on device
[06-24 14:09:27][DEBUG] jax_fem: Function split_and_compute_cell took 0.0599 seconds
[06-24 14:09:27][DEBUG] jax_fem: Computing cell residual...
[06-24 14:09:27][DEBUG] jax_fem: Function split_and_compute_cell took 0.0738 seconds
[06-24 14:09:27][INFO] jax_fem: CuDSS backward: solving adjoint problem …
[06-24 14:09:27][DEBUG] jax_fem: JaxAssembledMixin: computing Jacobian on device
[06-24 14:09:27][DEBUG] jax_fem: Function split_and_compute_cell took 0.0422 seconds
[06-24 14:09:27][DEBUG] jax_fem: Computing cell residual...
[06-24 14:09:27][DEBUG] jax_fem: Function split_and_compute_cell took 0.0727 seconds
[06-24 14:09:29][DEBUG] jax_fem: CuDSSNewtonSolver: starting Newton loop
[06-24 14:09:29][DEBUG] jax_fem: JaxAssembledMixin: computing Jacobian on device
[06-24 14:09:29][DEBUG] jax_fem: Function split_and_compute_cell took 0.0281 seconds
[06-24 14:09:29][DEBUG] jax_fem: CuDSSNewtonSolver: initial residual = 7.216e+05
[06-24 14:09:29][DEBUG] jax_fem: JaxAssembledMixin: computing Jacobian on device
[06-24 14:09:29][DEBUG] jax_fem: Function split_and_compute_cell took 0.0443 seconds
[06-24 14:09:29][DEBUG] jax_fem: CuDSSNewtonSolver: iter=1  res=6.078e-06  rel=8.423e-12
[06-24 14:09:29][INFO] jax_fem: CuDSSNewtonSolver: solve finished in 0.11s  res=6.078e-06
[06-24 14:09:30][DEBUG] jax_fem: CuDSSNewtonSolver: starting Newton loop
[06-24 14:09:30][DEBUG] jax_fem: JaxAssembledMixin: computing Jacobian on device
[06-24 14:09:30][DEBUG] jax_fem: Function split_and_compute_cell took 0.0295 seconds
[06-24 14:09:30][DEBUG] jax_fem: CuDSSNewtonSolver: initial residual = 7.188e+05
[06-24 14:09:30][DEBUG] jax_fem: JaxAssembledMixin: computing Jacobian on device
[06-24 14:09:30][DEBUG] jax_fem: Function split_and_compute_cell took 0.0348 seconds
[06-24 14:09:30][DEBUG] jax_fem: CuDSSNewtonSolver: iter=1  res=8.316e-06  rel=1.157e-11
[06-24 14:09:30][INFO] jax_fem: CuDSSNewtonSolver: solve finished in 0.10s  res=8.316e-06
[06-24 14:09:30][DEBUG] jax_fem: CuDSSNewtonSolver: starting Newton loop
[06-24 14:09:30][DEBUG] jax_fem: JaxAssembledMixin: computing Jacobian on device
[06-24 14:09:30][DEBUG] jax_fem: Function split_and_compute_cell took 0.0367 seconds
[06-24 14:09:30][DEBUG] jax_fem: CuDSSNewtonSolver: initial residual = 7.101e+05
[06-24 14:09:30][DEBUG] jax_fem: JaxAssembledMixin: computing Jacobian on device
[06-24 14:09:30][DEBUG] jax_fem: Function split_and_compute_cell took 0.0322 seconds
[06-24 14:09:30][DEBUG] jax_fem: CuDSSNewtonSolver: iter=1  res=6.247e-06  rel=8.798e-12
[06-24 14:09:30][INFO] jax_fem: CuDSSNewtonSolver: solve finished in 0.11s  res=6.247e-06
[06-24 14:09:30][DEBUG] jax_fem: CuDSSNewtonSolver: starting Newton loop
[06-24 14:09:30][DEBUG] jax_fem: JaxAssembledMixin: computing Jacobian on device
[06-24 14:09:30][DEBUG] jax_fem: Function split_and_compute_cell took 0.0435 seconds
[06-24 14:09:30][DEBUG] jax_fem: CuDSSNewtonSolver: initial residual = 7.049e+05
[06-24 14:09:30][DEBUG] jax_fem: JaxAssembledMixin: computing Jacobian on device
[06-24 14:09:30][DEBUG] jax_fem: Function split_and_compute_cell took 0.0492 seconds
[06-24 14:09:30][DEBUG] jax_fem: CuDSSNewtonSolver: iter=1  res=7.231e-06  rel=1.026e-11
[06-24 14:09:30][INFO] jax_fem: CuDSSNewtonSolver: solve finished in 0.14s  res=7.231e-06
[06-24 14:09:31][DEBUG] jax_fem: CuDSSNewtonSolver: starting Newton loop
[06-24 14:09:31][DEBUG] jax_fem: JaxAssembledMixin: computing Jacobian on device
[06-24 14:09:31][DEBUG] jax_fem: Function split_and_compute_cell took 0.0415 seconds
[06-24 14:09:31][DEBUG] jax_fem: CuDSSNewtonSolver: initial residual = 6.891e+05
[06-24 14:09:31][DEBUG] jax_fem: JaxAssembledMixin: computing Jacobian on device
[06-24 14:09:31][DEBUG] jax_fem: Function split_and_compute_cell took 0.0494 seconds
[06-24 14:09:31][DEBUG] jax_fem: CuDSSNewtonSolver: iter=1  res=7.497e-06  rel=1.088e-11
[06-24 14:09:31][INFO] jax_fem: CuDSSNewtonSolver: solve finished in 0.14s  res=7.497e-06
[06-24 14:09:33][DEBUG] jax_fem: CuDSSNewtonSolver: starting Newton loop
[06-24 14:09:33][DEBUG] jax_fem: JaxAssembledMixin: computing Jacobian on device
[06-24 14:09:33][DEBUG] jax_fem: Function split_and_compute_cell took 0.0263 seconds
[06-24 14:09:33][DEBUG] jax_fem: CuDSSNewtonSolver: initial residual = 7.216e+05
[06-24 14:09:33][DEBUG] jax_fem: JaxAssembledMixin: computing Jacobian on device
[06-24 14:09:33][DEBUG] jax_fem: Function split_and_compute_cell took 0.0256 seconds
[06-24 14:09:33][DEBUG] jax_fem: CuDSSNewtonSolver: iter=1  res=5.694e-06  rel=7.891e-12
[06-24 14:09:33][INFO] jax_fem: CuDSSNewtonSolver: solve finished in 0.09s  res=5.694e-06
[06-24 14:09:34][DEBUG] jax_fem: CuDSSNewtonSolver: starting Newton loop
[06-24 14:09:34][DEBUG] jax_fem: JaxAssembledMixin: computing Jacobian on device
[06-24 14:09:34][DEBUG] jax_fem: Function split_and_compute_cell took 0.0279 seconds
[06-24 14:09:34][DEBUG] jax_fem: CuDSSNewtonSolver: initial residual = 7.188e+05
[06-24 14:09:34][DEBUG] jax_fem: JaxAssembledMixin: computing Jacobian on device
[06-24 14:09:34][DEBUG] jax_fem: Function split_and_compute_cell took 0.0248 seconds
[06-24 14:09:34][DEBUG] jax_fem: CuDSSNewtonSolver: iter=1  res=8.451e-06  rel=1.176e-11
[06-24 14:09:34][INFO] jax_fem: CuDSSNewtonSolver: solve finished in 0.09s  res=8.451e-06
[06-24 14:09:34][DEBUG] jax_fem: CuDSSNewtonSolver: starting Newton loop
[06-24 14:09:34][DEBUG] jax_fem: JaxAssembledMixin: computing Jacobian on device
[06-24 14:09:34][DEBUG] jax_fem: Function split_and_compute_cell took 0.0254 seconds
[06-24 14:09:34][DEBUG] jax_fem: CuDSSNewtonSolver: initial residual = 7.101e+05
[06-24 14:09:34][DEBUG] jax_fem: JaxAssembledMixin: computing Jacobian on device
[06-24 14:09:34][DEBUG] jax_fem: Function split_and_compute_cell took 0.0262 seconds
[06-24 14:09:34][DEBUG] jax_fem: CuDSSNewtonSolver: iter=1  res=6.136e-06  rel=8.642e-12
[06-24 14:09:34][INFO] jax_fem: CuDSSNewtonSolver: solve finished in 0.09s  res=6.136e-06
[06-24 14:09:35][DEBUG] jax_fem: CuDSSNewtonSolver: starting Newton loop
[06-24 14:09:35][DEBUG] jax_fem: JaxAssembledMixin: computing Jacobian on device
[06-24 14:09:35][DEBUG] jax_fem: Function split_and_compute_cell took 0.0270 seconds
[06-24 14:09:35][DEBUG] jax_fem: CuDSSNewtonSolver: initial residual = 7.049e+05
[06-24 14:09:35][DEBUG] jax_fem: JaxAssembledMixin: computing Jacobian on device
[06-24 14:09:35][DEBUG] jax_fem: Function split_and_compute_cell took 0.0277 seconds
[06-24 14:09:35][DEBUG] jax_fem: CuDSSNewtonSolver: iter=1  res=7.553e-06  rel=1.071e-11
[06-24 14:09:35][INFO] jax_fem: CuDSSNewtonSolver: solve finished in 0.10s  res=7.553e-06
[06-24 14:09:36][DEBUG] jax_fem: CuDSSNewtonSolver: starting Newton loop
[06-24 14:09:36][DEBUG] jax_fem: JaxAssembledMixin: computing Jacobian on device
[06-24 14:09:36][DEBUG] jax_fem: Function split_and_compute_cell took 0.0261 seconds
[06-24 14:09:36][DEBUG] jax_fem: CuDSSNewtonSolver: initial residual = 6.891e+05
[06-24 14:09:36][DEBUG] jax_fem: JaxAssembledMixin: computing Jacobian on device
[06-24 14:09:36][DEBUG] jax_fem: Function split_and_compute_cell took 0.0244 seconds
[06-24 14:09:36][DEBUG] jax_fem: CuDSSNewtonSolver: iter=1  res=7.236e-06  rel=1.050e-11
[06-24 14:09:36][INFO] jax_fem: CuDSSNewtonSolver: solve finished in 0.09s  res=7.236e-06
[06-24 14:09:36][INFO] jax_fem: CuDSS backward: solving adjoint problem …
[06-24 14:09:36][DEBUG] jax_fem: JaxAssembledMixin: computing Jacobian on device
[06-24 14:09:36][DEBUG] jax_fem: Function split_and_compute_cell took 0.0259 seconds
[06-24 14:09:36][DEBUG] jax_fem: Computing cell residual...
[06-24 14:09:36][DEBUG] jax_fem: Function split_and_compute_cell took 0.0685 seconds
[06-24 14:09:37][INFO] jax_fem: CuDSS backward: solving adjoint problem …
[06-24 14:09:37][DEBUG] jax_fem: JaxAssembledMixin: computing Jacobian on device
[06-24 14:09:37][DEBUG] jax_fem: Function split_and_compute_cell took 0.0578 seconds
[06-24 14:09:37][DEBUG] jax_fem: Computing cell residual...
[06-24 14:09:37][DEBUG] jax_fem: Function split_and_compute_cell took 0.0686 seconds
[06-24 14:09:37][INFO] jax_fem: CuDSS backward: solving adjoint problem …
[06-24 14:09:37][DEBUG] jax_fem: JaxAssembledMixin: computing Jacobian on device
[06-24 14:09:37][DEBUG] jax_fem: Function split_and_compute_cell took 0.0509 seconds
[06-24 14:09:37][DEBUG] jax_fem: Computing cell residual...
[06-24 14:09:37][DEBUG] jax_fem: Function split_and_compute_cell took 0.0693 seconds
[06-24 14:09:37][INFO] jax_fem: CuDSS backward: solving adjoint problem …
[06-24 14:09:37][DEBUG] jax_fem: JaxAssembledMixin: computing Jacobian on device
[06-24 14:09:37][DEBUG] jax_fem: Function split_and_compute_cell took 0.0441 seconds
[06-24 14:09:38][DEBUG] jax_fem: Computing cell residual...
[06-24 14:09:38][DEBUG] jax_fem: Function split_and_compute_cell took 0.0517 seconds
[06-24 14:09:38][INFO] jax_fem: CuDSS backward: solving adjoint problem …
[06-24 14:09:38][DEBUG] jax_fem: JaxAssembledMixin: computing Jacobian on device
[06-24 14:09:38][DEBUG] jax_fem: Function split_and_compute_cell took 0.0235 seconds
[06-24 14:09:38][DEBUG] jax_fem: Computing cell residual...
[06-24 14:09:38][DEBUG] jax_fem: Function split_and_compute_cell took 0.0674 seconds
[06-24 14:09:40][DEBUG] jax_fem: CuDSSNewtonSolver: starting Newton loop
[06-24 14:09:40][DEBUG] jax_fem: JaxAssembledMixin: computing Jacobian on device
[06-24 14:09:40][DEBUG] jax_fem: Function split_and_compute_cell took 0.0364 seconds
[06-24 14:09:40][DEBUG] jax_fem: CuDSSNewtonSolver: initial residual = 7.216e+05
[06-24 14:09:40][DEBUG] jax_fem: JaxAssembledMixin: computing Jacobian on device
[06-24 14:09:40][DEBUG] jax_fem: Function split_and_compute_cell took 0.0471 seconds
[06-24 14:09:40][DEBUG] jax_fem: CuDSSNewtonSolver: iter=1  res=5.954e-06  rel=8.250e-12
[06-24 14:09:40][INFO] jax_fem: CuDSSNewtonSolver: solve finished in 0.12s  res=5.954e-06
[06-24 14:09:40][DEBUG] jax_fem: CuDSSNewtonSolver: starting Newton loop
[06-24 14:09:40][DEBUG] jax_fem: JaxAssembledMixin: computing Jacobian on device
[06-24 14:09:40][DEBUG] jax_fem: Function split_and_compute_cell took 0.0370 seconds
[06-24 14:09:40][DEBUG] jax_fem: CuDSSNewtonSolver: initial residual = 7.188e+05
[06-24 14:09:40][DEBUG] jax_fem: JaxAssembledMixin: computing Jacobian on device
[06-24 14:09:40][DEBUG] jax_fem: Function split_and_compute_cell took 0.0443 seconds
[06-24 14:09:40][DEBUG] jax_fem: CuDSSNewtonSolver: iter=1  res=7.277e-06  rel=1.012e-11
[06-24 14:09:40][INFO] jax_fem: CuDSSNewtonSolver: solve finished in 0.12s  res=7.277e-06
[06-24 14:09:41][DEBUG] jax_fem: CuDSSNewtonSolver: starting Newton loop
[06-24 14:09:41][DEBUG] jax_fem: JaxAssembledMixin: computing Jacobian on device
[06-24 14:09:41][DEBUG] jax_fem: Function split_and_compute_cell took 0.0452 seconds
[06-24 14:09:41][DEBUG] jax_fem: CuDSSNewtonSolver: initial residual = 7.101e+05
[06-24 14:09:41][DEBUG] jax_fem: JaxAssembledMixin: computing Jacobian on device
[06-24 14:09:41][DEBUG] jax_fem: Function split_and_compute_cell took 0.0521 seconds
[06-24 14:09:41][DEBUG] jax_fem: CuDSSNewtonSolver: iter=1  res=5.860e-06  rel=8.252e-12
[06-24 14:09:41][INFO] jax_fem: CuDSSNewtonSolver: solve finished in 0.14s  res=5.860e-06
[06-24 14:09:41][DEBUG] jax_fem: CuDSSNewtonSolver: starting Newton loop
[06-24 14:09:41][DEBUG] jax_fem: JaxAssembledMixin: computing Jacobian on device
[06-24 14:09:41][DEBUG] jax_fem: Function split_and_compute_cell took 0.0349 seconds
[06-24 14:09:41][DEBUG] jax_fem: CuDSSNewtonSolver: initial residual = 7.049e+05
[06-24 14:09:41][DEBUG] jax_fem: JaxAssembledMixin: computing Jacobian on device
[06-24 14:09:41][DEBUG] jax_fem: Function split_and_compute_cell took 0.0667 seconds
[06-24 14:09:41][DEBUG] jax_fem: CuDSSNewtonSolver: iter=1  res=6.958e-06  rel=9.871e-12
[06-24 14:09:41][INFO] jax_fem: CuDSSNewtonSolver: solve finished in 0.14s  res=6.958e-06
[06-24 14:09:42][DEBUG] jax_fem: CuDSSNewtonSolver: starting Newton loop
[06-24 14:09:42][DEBUG] jax_fem: JaxAssembledMixin: computing Jacobian on device
[06-24 14:09:42][DEBUG] jax_fem: Function split_and_compute_cell took 0.0251 seconds
[06-24 14:09:42][DEBUG] jax_fem: CuDSSNewtonSolver: initial residual = 6.891e+05
[06-24 14:09:42][DEBUG] jax_fem: JaxAssembledMixin: computing Jacobian on device
[06-24 14:09:42][DEBUG] jax_fem: Function split_and_compute_cell took 0.0383 seconds
[06-24 14:09:42][DEBUG] jax_fem: CuDSSNewtonSolver: iter=1  res=7.731e-06  rel=1.122e-11
[06-24 14:09:42][INFO] jax_fem: CuDSSNewtonSolver: solve finished in 0.11s  res=7.731e-06
[06-24 14:09:44][DEBUG] jax_fem: CuDSSNewtonSolver: starting Newton loop
[06-24 14:09:44][DEBUG] jax_fem: JaxAssembledMixin: computing Jacobian on device
[06-24 14:09:44][DEBUG] jax_fem: Function split_and_compute_cell took 0.0264 seconds
[06-24 14:09:44][DEBUG] jax_fem: CuDSSNewtonSolver: initial residual = 7.216e+05
[06-24 14:09:44][DEBUG] jax_fem: JaxAssembledMixin: computing Jacobian on device
[06-24 14:09:44][DEBUG] jax_fem: Function split_and_compute_cell took 0.0262 seconds
[06-24 14:09:44][DEBUG] jax_fem: CuDSSNewtonSolver: iter=1  res=5.934e-06  rel=8.223e-12
[06-24 14:09:44][INFO] jax_fem: CuDSSNewtonSolver: solve finished in 0.09s  res=5.934e-06
[06-24 14:09:44][DEBUG] jax_fem: CuDSSNewtonSolver: starting Newton loop
[06-24 14:09:44][DEBUG] jax_fem: JaxAssembledMixin: computing Jacobian on device
[06-24 14:09:44][DEBUG] jax_fem: Function split_and_compute_cell took 0.0262 seconds
[06-24 14:09:44][DEBUG] jax_fem: CuDSSNewtonSolver: initial residual = 7.188e+05
[06-24 14:09:44][DEBUG] jax_fem: JaxAssembledMixin: computing Jacobian on device
[06-24 14:09:44][DEBUG] jax_fem: Function split_and_compute_cell took 0.0256 seconds
[06-24 14:09:44][DEBUG] jax_fem: CuDSSNewtonSolver: iter=1  res=7.345e-06  rel=1.022e-11
[06-24 14:09:44][INFO] jax_fem: CuDSSNewtonSolver: solve finished in 0.09s  res=7.345e-06
[06-24 14:09:45][DEBUG] jax_fem: CuDSSNewtonSolver: starting Newton loop
[06-24 14:09:45][DEBUG] jax_fem: JaxAssembledMixin: computing Jacobian on device
[06-24 14:09:45][DEBUG] jax_fem: Function split_and_compute_cell took 0.0272 seconds
[06-24 14:09:45][DEBUG] jax_fem: CuDSSNewtonSolver: initial residual = 7.101e+05
[06-24 14:09:45][DEBUG] jax_fem: JaxAssembledMixin: computing Jacobian on device
[06-24 14:09:45][DEBUG] jax_fem: Function split_and_compute_cell took 0.0263 seconds
[06-24 14:09:45][DEBUG] jax_fem: CuDSSNewtonSolver: iter=1  res=6.236e-06  rel=8.783e-12
[06-24 14:09:45][INFO] jax_fem: CuDSSNewtonSolver: solve finished in 0.09s  res=6.236e-06
[06-24 14:09:46][DEBUG] jax_fem: CuDSSNewtonSolver: starting Newton loop
[06-24 14:09:46][DEBUG] jax_fem: JaxAssembledMixin: computing Jacobian on device
[06-24 14:09:46][DEBUG] jax_fem: Function split_and_compute_cell took 0.0263 seconds
[06-24 14:09:46][DEBUG] jax_fem: CuDSSNewtonSolver: initial residual = 7.049e+05
[06-24 14:09:46][DEBUG] jax_fem: JaxAssembledMixin: computing Jacobian on device
[06-24 14:09:46][DEBUG] jax_fem: Function split_and_compute_cell took 0.0246 seconds
[06-24 14:09:46][DEBUG] jax_fem: CuDSSNewtonSolver: iter=1  res=6.846e-06  rel=9.712e-12
[06-24 14:09:46][INFO] jax_fem: CuDSSNewtonSolver: solve finished in 0.09s  res=6.846e-06
[06-24 14:09:46][DEBUG] jax_fem: CuDSSNewtonSolver: starting Newton loop
[06-24 14:09:46][DEBUG] jax_fem: JaxAssembledMixin: computing Jacobian on device
[06-24 14:09:46][DEBUG] jax_fem: Function split_and_compute_cell took 0.0260 seconds
[06-24 14:09:46][DEBUG] jax_fem: CuDSSNewtonSolver: initial residual = 6.891e+05
[06-24 14:09:46][DEBUG] jax_fem: JaxAssembledMixin: computing Jacobian on device
[06-24 14:09:46][DEBUG] jax_fem: Function split_and_compute_cell took 0.0259 seconds
[06-24 14:09:46][DEBUG] jax_fem: CuDSSNewtonSolver: iter=1  res=7.451e-06  rel=1.081e-11
[06-24 14:09:46][INFO] jax_fem: CuDSSNewtonSolver: solve finished in 0.09s  res=7.451e-06
[06-24 14:09:47][INFO] jax_fem: CuDSS backward: solving adjoint problem …
[06-24 14:09:47][DEBUG] jax_fem: JaxAssembledMixin: computing Jacobian on device
[06-24 14:09:47][DEBUG] jax_fem: Function split_and_compute_cell took 0.0552 seconds
[06-24 14:09:47][DEBUG] jax_fem: Computing cell residual...
[06-24 14:09:47][DEBUG] jax_fem: Function split_and_compute_cell took 0.0749 seconds
[06-24 14:09:47][INFO] jax_fem: CuDSS backward: solving adjoint problem …
[06-24 14:09:47][DEBUG] jax_fem: JaxAssembledMixin: computing Jacobian on device
[06-24 14:09:47][DEBUG] jax_fem: Function split_and_compute_cell took 0.0437 seconds
[06-24 14:09:47][DEBUG] jax_fem: Computing cell residual...
[06-24 14:09:47][DEBUG] jax_fem: Function split_and_compute_cell took 0.0615 seconds
[06-24 14:09:48][INFO] jax_fem: CuDSS backward: solving adjoint problem …
[06-24 14:09:48][DEBUG] jax_fem: JaxAssembledMixin: computing Jacobian on device
[06-24 14:09:48][DEBUG] jax_fem: Function split_and_compute_cell took 0.0250 seconds
[06-24 14:09:48][DEBUG] jax_fem: Computing cell residual...
[06-24 14:09:48][DEBUG] jax_fem: Function split_and_compute_cell took 0.0678 seconds
[06-24 14:09:48][INFO] jax_fem: CuDSS backward: solving adjoint problem …
[06-24 14:09:48][DEBUG] jax_fem: JaxAssembledMixin: computing Jacobian on device
[06-24 14:09:48][DEBUG] jax_fem: Function split_and_compute_cell took 0.0418 seconds
[06-24 14:09:48][DEBUG] jax_fem: Computing cell residual...
[06-24 14:09:48][DEBUG] jax_fem: Function split_and_compute_cell took 0.0728 seconds
[06-24 14:09:48][INFO] jax_fem: CuDSS backward: solving adjoint problem …
[06-24 14:09:49][DEBUG] jax_fem: JaxAssembledMixin: computing Jacobian on device
[06-24 14:09:49][DEBUG] jax_fem: Function split_and_compute_cell took 0.0399 seconds
[06-24 14:09:49][DEBUG] jax_fem: Computing cell residual...
[06-24 14:09:49][DEBUG] jax_fem: Function split_and_compute_cell took 0.0654 seconds
[06-24 14:09:50][DEBUG] jax_fem: CuDSSNewtonSolver: starting Newton loop
[06-24 14:09:50][DEBUG] jax_fem: JaxAssembledMixin: computing Jacobian on device
[06-24 14:09:50][DEBUG] jax_fem: Function split_and_compute_cell took 0.0324 seconds
[06-24 14:09:50][DEBUG] jax_fem: CuDSSNewtonSolver: initial residual = 7.216e+05
[06-24 14:09:50][DEBUG] jax_fem: JaxAssembledMixin: computing Jacobian on device
[06-24 14:09:50][DEBUG] jax_fem: Function split_and_compute_cell took 0.0295 seconds
[06-24 14:09:50][DEBUG] jax_fem: CuDSSNewtonSolver: iter=1  res=6.239e-06  rel=8.646e-12
[06-24 14:09:50][INFO] jax_fem: CuDSSNewtonSolver: solve finished in 0.11s  res=6.239e-06
[06-24 14:09:51][DEBUG] jax_fem: CuDSSNewtonSolver: starting Newton loop
[06-24 14:09:51][DEBUG] jax_fem: JaxAssembledMixin: computing Jacobian on device
[06-24 14:09:51][DEBUG] jax_fem: Function split_and_compute_cell took 0.0340 seconds
[06-24 14:09:51][DEBUG] jax_fem: CuDSSNewtonSolver: initial residual = 7.188e+05
[06-24 14:09:51][DEBUG] jax_fem: JaxAssembledMixin: computing Jacobian on device
[06-24 14:09:51][DEBUG] jax_fem: Function split_and_compute_cell took 0.0396 seconds
[06-24 14:09:51][DEBUG] jax_fem: CuDSSNewtonSolver: iter=1  res=7.398e-06  rel=1.029e-11
[06-24 14:09:51][INFO] jax_fem: CuDSSNewtonSolver: solve finished in 0.12s  res=7.398e-06
[06-24 14:09:51][DEBUG] jax_fem: CuDSSNewtonSolver: starting Newton loop
[06-24 14:09:51][DEBUG] jax_fem: JaxAssembledMixin: computing Jacobian on device
[06-24 14:09:51][DEBUG] jax_fem: Function split_and_compute_cell took 0.0609 seconds
[06-24 14:09:51][DEBUG] jax_fem: CuDSSNewtonSolver: initial residual = 7.101e+05
[06-24 14:09:51][DEBUG] jax_fem: JaxAssembledMixin: computing Jacobian on device
[06-24 14:09:51][DEBUG] jax_fem: Function split_and_compute_cell took 0.0522 seconds
[06-24 14:09:51][DEBUG] jax_fem: CuDSSNewtonSolver: iter=1  res=6.006e-06  rel=8.458e-12
[06-24 14:09:51][INFO] jax_fem: CuDSSNewtonSolver: solve finished in 0.16s  res=6.006e-06
[06-24 14:09:52][DEBUG] jax_fem: CuDSSNewtonSolver: starting Newton loop
[06-24 14:09:52][DEBUG] jax_fem: JaxAssembledMixin: computing Jacobian on device
[06-24 14:09:52][DEBUG] jax_fem: Function split_and_compute_cell took 0.0517 seconds
[06-24 14:09:52][DEBUG] jax_fem: CuDSSNewtonSolver: initial residual = 7.049e+05
[06-24 14:09:52][DEBUG] jax_fem: JaxAssembledMixin: computing Jacobian on device
[06-24 14:09:52][DEBUG] jax_fem: Function split_and_compute_cell took 0.0398 seconds
[06-24 14:09:52][DEBUG] jax_fem: CuDSSNewtonSolver: iter=1  res=7.303e-06  rel=1.036e-11
[06-24 14:09:52][INFO] jax_fem: CuDSSNewtonSolver: solve finished in 0.13s  res=7.303e-06
[06-24 14:09:52][DEBUG] jax_fem: CuDSSNewtonSolver: starting Newton loop
[06-24 14:09:52][DEBUG] jax_fem: JaxAssembledMixin: computing Jacobian on device
[06-24 14:09:52][DEBUG] jax_fem: Function split_and_compute_cell took 0.0551 seconds
[06-24 14:09:52][DEBUG] jax_fem: CuDSSNewtonSolver: initial residual = 6.891e+05
[06-24 14:09:52][DEBUG] jax_fem: JaxAssembledMixin: computing Jacobian on device
[06-24 14:09:52][DEBUG] jax_fem: Function split_and_compute_cell took 0.0297 seconds
[06-24 14:09:52][DEBUG] jax_fem: CuDSSNewtonSolver: iter=1  res=7.403e-06  rel=1.074e-11
[06-24 14:09:52][INFO] jax_fem: CuDSSNewtonSolver: solve finished in 0.13s  res=7.403e-06
[06-24 14:09:54][DEBUG] jax_fem: CuDSSNewtonSolver: starting Newton loop
[06-24 14:09:54][DEBUG] jax_fem: JaxAssembledMixin: computing Jacobian on device
[06-24 14:09:54][DEBUG] jax_fem: Function split_and_compute_cell took 0.0256 seconds
[06-24 14:09:54][DEBUG] jax_fem: CuDSSNewtonSolver: initial residual = 7.216e+05
[06-24 14:09:54][DEBUG] jax_fem: JaxAssembledMixin: computing Jacobian on device
[06-24 14:09:54][DEBUG] jax_fem: Function split_and_compute_cell took 0.0277 seconds
[06-24 14:09:54][DEBUG] jax_fem: CuDSSNewtonSolver: iter=1  res=6.200e-06  rel=8.592e-12
[06-24 14:09:54][INFO] jax_fem: CuDSSNewtonSolver: solve finished in 0.09s  res=6.200e-06
[06-24 14:09:55][DEBUG] jax_fem: CuDSSNewtonSolver: starting Newton loop
[06-24 14:09:55][DEBUG] jax_fem: JaxAssembledMixin: computing Jacobian on device
[06-24 14:09:55][DEBUG] jax_fem: Function split_and_compute_cell took 0.0264 seconds
[06-24 14:09:55][DEBUG] jax_fem: CuDSSNewtonSolver: initial residual = 7.188e+05
[06-24 14:09:55][DEBUG] jax_fem: JaxAssembledMixin: computing Jacobian on device
[06-24 14:09:55][DEBUG] jax_fem: Function split_and_compute_cell took 0.0223 seconds
[06-24 14:09:55][DEBUG] jax_fem: CuDSSNewtonSolver: iter=1  res=7.133e-06  rel=9.923e-12
[06-24 14:09:55][INFO] jax_fem: CuDSSNewtonSolver: solve finished in 0.09s  res=7.133e-06
[06-24 14:09:55][DEBUG] jax_fem: CuDSSNewtonSolver: starting Newton loop
[06-24 14:09:55][DEBUG] jax_fem: JaxAssembledMixin: computing Jacobian on device
[06-24 14:09:55][DEBUG] jax_fem: Function split_and_compute_cell took 0.0268 seconds
[06-24 14:09:55][DEBUG] jax_fem: CuDSSNewtonSolver: initial residual = 7.101e+05
[06-24 14:09:55][DEBUG] jax_fem: JaxAssembledMixin: computing Jacobian on device
[06-24 14:09:56][DEBUG] jax_fem: Function split_and_compute_cell took 0.0250 seconds
[06-24 14:09:56][DEBUG] jax_fem: CuDSSNewtonSolver: iter=1  res=6.157e-06  rel=8.671e-12
[06-24 14:09:56][INFO] jax_fem: CuDSSNewtonSolver: solve finished in 0.09s  res=6.157e-06
[06-24 14:09:56][DEBUG] jax_fem: CuDSSNewtonSolver: starting Newton loop
[06-24 14:09:56][DEBUG] jax_fem: JaxAssembledMixin: computing Jacobian on device
[06-24 14:09:56][DEBUG] jax_fem: Function split_and_compute_cell took 0.0272 seconds
[06-24 14:09:56][DEBUG] jax_fem: CuDSSNewtonSolver: initial residual = 7.049e+05
[06-24 14:09:56][DEBUG] jax_fem: JaxAssembledMixin: computing Jacobian on device
[06-24 14:09:56][DEBUG] jax_fem: Function split_and_compute_cell took 0.0268 seconds
[06-24 14:09:56][DEBUG] jax_fem: CuDSSNewtonSolver: iter=1  res=7.167e-06  rel=1.017e-11
[06-24 14:09:56][INFO] jax_fem: CuDSSNewtonSolver: solve finished in 0.09s  res=7.167e-06
[06-24 14:09:57][DEBUG] jax_fem: CuDSSNewtonSolver: starting Newton loop
[06-24 14:09:57][DEBUG] jax_fem: JaxAssembledMixin: computing Jacobian on device
[06-24 14:09:57][DEBUG] jax_fem: Function split_and_compute_cell took 0.0258 seconds
[06-24 14:09:57][DEBUG] jax_fem: CuDSSNewtonSolver: initial residual = 6.891e+05
[06-24 14:09:57][DEBUG] jax_fem: JaxAssembledMixin: computing Jacobian on device
[06-24 14:09:57][DEBUG] jax_fem: Function split_and_compute_cell took 0.0271 seconds
[06-24 14:09:57][DEBUG] jax_fem: CuDSSNewtonSolver: iter=1  res=7.888e-06  rel=1.145e-11
[06-24 14:09:57][INFO] jax_fem: CuDSSNewtonSolver: solve finished in 0.09s  res=7.888e-06
[06-24 14:09:57][INFO] jax_fem: CuDSS backward: solving adjoint problem …
[06-24 14:09:57][DEBUG] jax_fem: JaxAssembledMixin: computing Jacobian on device
[06-24 14:09:57][DEBUG] jax_fem: Function split_and_compute_cell took 0.0368 seconds
[06-24 14:09:57][DEBUG] jax_fem: Computing cell residual...
[06-24 14:09:57][DEBUG] jax_fem: Function split_and_compute_cell took 0.0749 seconds
[06-24 14:09:57][INFO] jax_fem: CuDSS backward: solving adjoint problem …
[06-24 14:09:58][DEBUG] jax_fem: JaxAssembledMixin: computing Jacobian on device
[06-24 14:09:58][DEBUG] jax_fem: Function split_and_compute_cell took 0.0330 seconds
[06-24 14:09:58][DEBUG] jax_fem: Computing cell residual...
[06-24 14:09:58][DEBUG] jax_fem: Function split_and_compute_cell took 0.0509 seconds
[06-24 14:09:58][INFO] jax_fem: CuDSS backward: solving adjoint problem …
[06-24 14:09:58][DEBUG] jax_fem: JaxAssembledMixin: computing Jacobian on device
[06-24 14:09:58][DEBUG] jax_fem: Function split_and_compute_cell took 0.0247 seconds
[06-24 14:09:58][DEBUG] jax_fem: Computing cell residual...
[06-24 14:09:58][DEBUG] jax_fem: Function split_and_compute_cell took 0.0611 seconds
[06-24 14:09:58][INFO] jax_fem: CuDSS backward: solving adjoint problem …
[06-24 14:09:58][DEBUG] jax_fem: JaxAssembledMixin: computing Jacobian on device
[06-24 14:09:58][DEBUG] jax_fem: Function split_and_compute_cell took 0.0269 seconds
[06-24 14:09:58][DEBUG] jax_fem: Computing cell residual...
[06-24 14:09:58][DEBUG] jax_fem: Function split_and_compute_cell took 0.0690 seconds
[06-24 14:09:59][INFO] jax_fem: CuDSS backward: solving adjoint problem …
[06-24 14:09:59][DEBUG] jax_fem: JaxAssembledMixin: computing Jacobian on device
[06-24 14:09:59][DEBUG] jax_fem: Function split_and_compute_cell took 0.0482 seconds
[06-24 14:09:59][DEBUG] jax_fem: Computing cell residual...
[06-24 14:09:59][DEBUG] jax_fem: Function split_and_compute_cell took 0.0803 seconds
[06-24 14:10:01][DEBUG] jax_fem: CuDSSNewtonSolver: starting Newton loop
[06-24 14:10:01][DEBUG] jax_fem: JaxAssembledMixin: computing Jacobian on device
[06-24 14:10:01][DEBUG] jax_fem: Function split_and_compute_cell took 0.0393 seconds
[06-24 14:10:01][DEBUG] jax_fem: CuDSSNewtonSolver: initial residual = 7.216e+05
[06-24 14:10:01][DEBUG] jax_fem: JaxAssembledMixin: computing Jacobian on device
[06-24 14:10:01][DEBUG] jax_fem: Function split_and_compute_cell took 0.0374 seconds
[06-24 14:10:01][DEBUG] jax_fem: CuDSSNewtonSolver: iter=1  res=5.927e-06  rel=8.213e-12
[06-24 14:10:01][INFO] jax_fem: CuDSSNewtonSolver: solve finished in 0.12s  res=5.927e-06
[06-24 14:10:01][DEBUG] jax_fem: CuDSSNewtonSolver: starting Newton loop
[06-24 14:10:01][DEBUG] jax_fem: JaxAssembledMixin: computing Jacobian on device
[06-24 14:10:01][DEBUG] jax_fem: Function split_and_compute_cell took 0.0527 seconds
[06-24 14:10:01][DEBUG] jax_fem: CuDSSNewtonSolver: initial residual = 7.188e+05
[06-24 14:10:01][DEBUG] jax_fem: JaxAssembledMixin: computing Jacobian on device
[06-24 14:10:01][DEBUG] jax_fem: Function split_and_compute_cell took 0.0437 seconds
[06-24 14:10:01][DEBUG] jax_fem: CuDSSNewtonSolver: iter=1  res=7.224e-06  rel=1.005e-11
[06-24 14:10:01][INFO] jax_fem: CuDSSNewtonSolver: solve finished in 0.14s  res=7.224e-06
[06-24 14:10:02][DEBUG] jax_fem: CuDSSNewtonSolver: starting Newton loop
[06-24 14:10:02][DEBUG] jax_fem: JaxAssembledMixin: computing Jacobian on device
[06-24 14:10:02][DEBUG] jax_fem: Function split_and_compute_cell took 0.0311 seconds
[06-24 14:10:02][DEBUG] jax_fem: CuDSSNewtonSolver: initial residual = 7.101e+05
[06-24 14:10:02][DEBUG] jax_fem: JaxAssembledMixin: computing Jacobian on device
[06-24 14:10:02][DEBUG] jax_fem: Function split_and_compute_cell took 0.0358 seconds
[06-24 14:10:02][DEBUG] jax_fem: CuDSSNewtonSolver: iter=1  res=5.873e-06  rel=8.271e-12
[06-24 14:10:02][INFO] jax_fem: CuDSSNewtonSolver: solve finished in 0.11s  res=5.873e-06
[06-24 14:10:02][DEBUG] jax_fem: CuDSSNewtonSolver: starting Newton loop
[06-24 14:10:02][DEBUG] jax_fem: JaxAssembledMixin: computing Jacobian on device
[06-24 14:10:02][DEBUG] jax_fem: Function split_and_compute_cell took 0.0238 seconds
[06-24 14:10:02][DEBUG] jax_fem: CuDSSNewtonSolver: initial residual = 7.049e+05
[06-24 14:10:02][DEBUG] jax_fem: JaxAssembledMixin: computing Jacobian on device
[06-24 14:10:02][DEBUG] jax_fem: Function split_and_compute_cell took 0.0234 seconds
[06-24 14:10:02][DEBUG] jax_fem: CuDSSNewtonSolver: iter=1  res=7.015e-06  rel=9.951e-12
[06-24 14:10:02][INFO] jax_fem: CuDSSNewtonSolver: solve finished in 0.09s  res=7.015e-06
[06-24 14:10:02][DEBUG] jax_fem: CuDSSNewtonSolver: starting Newton loop
[06-24 14:10:02][DEBUG] jax_fem: JaxAssembledMixin: computing Jacobian on device
[06-24 14:10:02][DEBUG] jax_fem: Function split_and_compute_cell took 0.0375 seconds
[06-24 14:10:03][DEBUG] jax_fem: CuDSSNewtonSolver: initial residual = 6.891e+05
[06-24 14:10:03][DEBUG] jax_fem: JaxAssembledMixin: computing Jacobian on device
[06-24 14:10:03][DEBUG] jax_fem: Function split_and_compute_cell took 0.0414 seconds
[06-24 14:10:03][DEBUG] jax_fem: CuDSSNewtonSolver: iter=1  res=7.744e-06  rel=1.124e-11
[06-24 14:10:03][INFO] jax_fem: CuDSSNewtonSolver: solve finished in 0.12s  res=7.744e-06
[06-24 14:10:05][DEBUG] jax_fem: CuDSSNewtonSolver: starting Newton loop
[06-24 14:10:05][DEBUG] jax_fem: JaxAssembledMixin: computing Jacobian on device
[06-24 14:10:05][DEBUG] jax_fem: Function split_and_compute_cell took 0.0268 seconds
[06-24 14:10:05][DEBUG] jax_fem: CuDSSNewtonSolver: initial residual = 7.216e+05
[06-24 14:10:05][DEBUG] jax_fem: JaxAssembledMixin: computing Jacobian on device
[06-24 14:10:05][DEBUG] jax_fem: Function split_and_compute_cell took 0.0284 seconds
[06-24 14:10:05][DEBUG] jax_fem: CuDSSNewtonSolver: iter=1  res=6.144e-06  rel=8.514e-12
[06-24 14:10:05][INFO] jax_fem: CuDSSNewtonSolver: solve finished in 0.09s  res=6.144e-06
[06-24 14:10:05][DEBUG] jax_fem: CuDSSNewtonSolver: starting Newton loop
[06-24 14:10:05][DEBUG] jax_fem: JaxAssembledMixin: computing Jacobian on device
[06-24 14:10:05][DEBUG] jax_fem: Function split_and_compute_cell took 0.0266 seconds
[06-24 14:10:05][DEBUG] jax_fem: CuDSSNewtonSolver: initial residual = 7.188e+05
[06-24 14:10:05][DEBUG] jax_fem: JaxAssembledMixin: computing Jacobian on device
[06-24 14:10:05][DEBUG] jax_fem: Function split_and_compute_cell took 0.0265 seconds
[06-24 14:10:05][DEBUG] jax_fem: CuDSSNewtonSolver: iter=1  res=7.393e-06  rel=1.028e-11
[06-24 14:10:05][INFO] jax_fem: CuDSSNewtonSolver: solve finished in 0.09s  res=7.393e-06
[06-24 14:10:06][DEBUG] jax_fem: CuDSSNewtonSolver: starting Newton loop
[06-24 14:10:06][DEBUG] jax_fem: JaxAssembledMixin: computing Jacobian on device
[06-24 14:10:06][DEBUG] jax_fem: Function split_and_compute_cell took 0.0268 seconds
[06-24 14:10:06][DEBUG] jax_fem: CuDSSNewtonSolver: initial residual = 7.101e+05
[06-24 14:10:06][DEBUG] jax_fem: JaxAssembledMixin: computing Jacobian on device
[06-24 14:10:06][DEBUG] jax_fem: Function split_and_compute_cell took 0.0255 seconds
[06-24 14:10:06][DEBUG] jax_fem: CuDSSNewtonSolver: iter=1  res=6.124e-06  rel=8.624e-12
[06-24 14:10:06][INFO] jax_fem: CuDSSNewtonSolver: solve finished in 0.09s  res=6.124e-06
[06-24 14:10:07][DEBUG] jax_fem: CuDSSNewtonSolver: starting Newton loop
[06-24 14:10:07][DEBUG] jax_fem: JaxAssembledMixin: computing Jacobian on device
[06-24 14:10:07][DEBUG] jax_fem: Function split_and_compute_cell took 0.0262 seconds
[06-24 14:10:07][DEBUG] jax_fem: CuDSSNewtonSolver: initial residual = 7.049e+05
[06-24 14:10:07][DEBUG] jax_fem: JaxAssembledMixin: computing Jacobian on device
[06-24 14:10:07][DEBUG] jax_fem: Function split_and_compute_cell took 0.0264 seconds
[06-24 14:10:07][DEBUG] jax_fem: CuDSSNewtonSolver: iter=1  res=7.060e-06  rel=1.002e-11
[06-24 14:10:07][INFO] jax_fem: CuDSSNewtonSolver: solve finished in 0.09s  res=7.060e-06
[06-24 14:10:08][DEBUG] jax_fem: CuDSSNewtonSolver: starting Newton loop
[06-24 14:10:08][DEBUG] jax_fem: JaxAssembledMixin: computing Jacobian on device
[06-24 14:10:08][DEBUG] jax_fem: Function split_and_compute_cell took 0.0281 seconds
[06-24 14:10:08][DEBUG] jax_fem: CuDSSNewtonSolver: initial residual = 6.891e+05
[06-24 14:10:08][DEBUG] jax_fem: JaxAssembledMixin: computing Jacobian on device
[06-24 14:10:08][DEBUG] jax_fem: Function split_and_compute_cell took 0.0262 seconds
[06-24 14:10:08][DEBUG] jax_fem: CuDSSNewtonSolver: iter=1  res=7.868e-06  rel=1.142e-11
[06-24 14:10:08][INFO] jax_fem: CuDSSNewtonSolver: solve finished in 0.10s  res=7.868e-06
[06-24 14:10:08][INFO] jax_fem: CuDSS backward: solving adjoint problem …
[06-24 14:10:08][DEBUG] jax_fem: JaxAssembledMixin: computing Jacobian on device
[06-24 14:10:08][DEBUG] jax_fem: Function split_and_compute_cell took 0.0449 seconds
[06-24 14:10:08][DEBUG] jax_fem: Computing cell residual...
[06-24 14:10:08][DEBUG] jax_fem: Function split_and_compute_cell took 0.0800 seconds
[06-24 14:10:08][INFO] jax_fem: CuDSS backward: solving adjoint problem …
[06-24 14:10:08][DEBUG] jax_fem: JaxAssembledMixin: computing Jacobian on device
[06-24 14:10:08][DEBUG] jax_fem: Function split_and_compute_cell took 0.0333 seconds
[06-24 14:10:08][DEBUG] jax_fem: Computing cell residual...
[06-24 14:10:08][DEBUG] jax_fem: Function split_and_compute_cell took 0.0642 seconds
[06-24 14:10:09][INFO] jax_fem: CuDSS backward: solving adjoint problem …
[06-24 14:10:09][DEBUG] jax_fem: JaxAssembledMixin: computing Jacobian on device
[06-24 14:10:09][DEBUG] jax_fem: Function split_and_compute_cell took 0.0593 seconds
[06-24 14:10:09][DEBUG] jax_fem: Computing cell residual...
[06-24 14:10:09][DEBUG] jax_fem: Function split_and_compute_cell took 0.0788 seconds
[06-24 14:10:09][INFO] jax_fem: CuDSS backward: solving adjoint problem …
[06-24 14:10:09][DEBUG] jax_fem: JaxAssembledMixin: computing Jacobian on device
[06-24 14:10:09][DEBUG] jax_fem: Function split_and_compute_cell took 0.0333 seconds
[06-24 14:10:09][DEBUG] jax_fem: Computing cell residual...
[06-24 14:10:09][DEBUG] jax_fem: Function split_and_compute_cell took 0.0824 seconds
[06-24 14:10:10][INFO] jax_fem: CuDSS backward: solving adjoint problem …
[06-24 14:10:10][DEBUG] jax_fem: JaxAssembledMixin: computing Jacobian on device
[06-24 14:10:10][DEBUG] jax_fem: Function split_and_compute_cell took 0.0397 seconds
[06-24 14:10:10][DEBUG] jax_fem: Computing cell residual...
[06-24 14:10:10][DEBUG] jax_fem: Function split_and_compute_cell took 0.0654 seconds
[06-24 14:10:12][DEBUG] jax_fem: CuDSSNewtonSolver: starting Newton loop
[06-24 14:10:12][DEBUG] jax_fem: JaxAssembledMixin: computing Jacobian on device
[06-24 14:10:12][DEBUG] jax_fem: Function split_and_compute_cell took 0.0292 seconds
[06-24 14:10:12][DEBUG] jax_fem: CuDSSNewtonSolver: initial residual = 7.216e+05
[06-24 14:10:12][DEBUG] jax_fem: JaxAssembledMixin: computing Jacobian on device
[06-24 14:10:12][DEBUG] jax_fem: Function split_and_compute_cell took 0.0273 seconds
[06-24 14:10:12][DEBUG] jax_fem: CuDSSNewtonSolver: iter=1  res=5.952e-06  rel=8.249e-12
[06-24 14:10:12][INFO] jax_fem: CuDSSNewtonSolver: solve finished in 0.10s  res=5.952e-06
[06-24 14:10:12][DEBUG] jax_fem: CuDSSNewtonSolver: starting Newton loop
[06-24 14:10:12][DEBUG] jax_fem: JaxAssembledMixin: computing Jacobian on device
[06-24 14:10:12][DEBUG] jax_fem: Function split_and_compute_cell took 0.0455 seconds
[06-24 14:10:12][DEBUG] jax_fem: CuDSSNewtonSolver: initial residual = 7.188e+05
[06-24 14:10:12][DEBUG] jax_fem: JaxAssembledMixin: computing Jacobian on device
[06-24 14:10:12][DEBUG] jax_fem: Function split_and_compute_cell took 0.0453 seconds
[06-24 14:10:12][DEBUG] jax_fem: CuDSSNewtonSolver: iter=1  res=7.193e-06  rel=1.001e-11
[06-24 14:10:12][INFO] jax_fem: CuDSSNewtonSolver: solve finished in 0.14s  res=7.193e-06
[06-24 14:10:12][DEBUG] jax_fem: CuDSSNewtonSolver: starting Newton loop
[06-24 14:10:12][DEBUG] jax_fem: JaxAssembledMixin: computing Jacobian on device
[06-24 14:10:12][DEBUG] jax_fem: Function split_and_compute_cell took 0.0277 seconds
[06-24 14:10:12][DEBUG] jax_fem: CuDSSNewtonSolver: initial residual = 7.101e+05
[06-24 14:10:12][DEBUG] jax_fem: JaxAssembledMixin: computing Jacobian on device
[06-24 14:10:13][DEBUG] jax_fem: Function split_and_compute_cell took 0.0436 seconds
[06-24 14:10:13][DEBUG] jax_fem: CuDSSNewtonSolver: iter=1  res=5.857e-06  rel=8.249e-12
[06-24 14:10:13][INFO] jax_fem: CuDSSNewtonSolver: solve finished in 0.12s  res=5.857e-06
[06-24 14:10:13][DEBUG] jax_fem: CuDSSNewtonSolver: starting Newton loop
[06-24 14:10:13][DEBUG] jax_fem: JaxAssembledMixin: computing Jacobian on device
[06-24 14:10:13][DEBUG] jax_fem: Function split_and_compute_cell took 0.0281 seconds
[06-24 14:10:13][DEBUG] jax_fem: CuDSSNewtonSolver: initial residual = 7.049e+05
[06-24 14:10:13][DEBUG] jax_fem: JaxAssembledMixin: computing Jacobian on device
[06-24 14:10:13][DEBUG] jax_fem: Function split_and_compute_cell took 0.0576 seconds
[06-24 14:10:13][DEBUG] jax_fem: CuDSSNewtonSolver: iter=1  res=6.843e-06  rel=9.708e-12
[06-24 14:10:13][INFO] jax_fem: CuDSSNewtonSolver: solve finished in 0.13s  res=6.843e-06
[06-24 14:10:13][DEBUG] jax_fem: CuDSSNewtonSolver: starting Newton loop
[06-24 14:10:13][DEBUG] jax_fem: JaxAssembledMixin: computing Jacobian on device
[06-24 14:10:13][DEBUG] jax_fem: Function split_and_compute_cell took 0.0553 seconds
[06-24 14:10:13][DEBUG] jax_fem: CuDSSNewtonSolver: initial residual = 6.891e+05
[06-24 14:10:13][DEBUG] jax_fem: JaxAssembledMixin: computing Jacobian on device
[06-24 14:10:13][DEBUG] jax_fem: Function split_and_compute_cell took 0.0637 seconds
[06-24 14:10:13][DEBUG] jax_fem: CuDSSNewtonSolver: iter=1  res=7.586e-06  rel=1.101e-11
[06-24 14:10:13][INFO] jax_fem: CuDSSNewtonSolver: solve finished in 0.16s  res=7.586e-06
[06-24 14:10:15][DEBUG] jax_fem: CuDSSNewtonSolver: starting Newton loop
[06-24 14:10:15][DEBUG] jax_fem: JaxAssembledMixin: computing Jacobian on device
[06-24 14:10:15][DEBUG] jax_fem: Function split_and_compute_cell took 0.0286 seconds
[06-24 14:10:15][DEBUG] jax_fem: CuDSSNewtonSolver: initial residual = 7.216e+05
[06-24 14:10:15][DEBUG] jax_fem: JaxAssembledMixin: computing Jacobian on device
[06-24 14:10:15][DEBUG] jax_fem: Function split_and_compute_cell took 0.0270 seconds
[06-24 14:10:15][DEBUG] jax_fem: CuDSSNewtonSolver: iter=1  res=6.157e-06  rel=8.533e-12
[06-24 14:10:15][INFO] jax_fem: CuDSSNewtonSolver: solve finished in 0.09s  res=6.157e-06
[06-24 14:10:16][DEBUG] jax_fem: CuDSSNewtonSolver: starting Newton loop
[06-24 14:10:16][DEBUG] jax_fem: JaxAssembledMixin: computing Jacobian on device
[06-24 14:10:16][DEBUG] jax_fem: Function split_and_compute_cell took 0.0290 seconds
[06-24 14:10:16][DEBUG] jax_fem: CuDSSNewtonSolver: initial residual = 7.188e+05
[06-24 14:10:16][DEBUG] jax_fem: JaxAssembledMixin: computing Jacobian on device
[06-24 14:10:16][DEBUG] jax_fem: Function split_and_compute_cell took 0.0269 seconds
[06-24 14:10:16][DEBUG] jax_fem: CuDSSNewtonSolver: iter=1  res=7.233e-06  rel=1.006e-11
[06-24 14:10:16][INFO] jax_fem: CuDSSNewtonSolver: solve finished in 0.10s  res=7.233e-06
[06-24 14:10:17][DEBUG] jax_fem: CuDSSNewtonSolver: starting Newton loop
[06-24 14:10:17][DEBUG] jax_fem: JaxAssembledMixin: computing Jacobian on device
[06-24 14:10:17][DEBUG] jax_fem: Function split_and_compute_cell took 0.0276 seconds
[06-24 14:10:17][DEBUG] jax_fem: CuDSSNewtonSolver: initial residual = 7.101e+05
[06-24 14:10:17][DEBUG] jax_fem: JaxAssembledMixin: computing Jacobian on device
[06-24 14:10:17][DEBUG] jax_fem: Function split_and_compute_cell took 0.0245 seconds
[06-24 14:10:17][DEBUG] jax_fem: CuDSSNewtonSolver: iter=1  res=5.995e-06  rel=8.443e-12
[06-24 14:10:17][INFO] jax_fem: CuDSSNewtonSolver: solve finished in 0.09s  res=5.995e-06
[06-24 14:10:18][DEBUG] jax_fem: CuDSSNewtonSolver: starting Newton loop
[06-24 14:10:18][DEBUG] jax_fem: JaxAssembledMixin: computing Jacobian on device
[06-24 14:10:18][DEBUG] jax_fem: Function split_and_compute_cell took 0.0268 seconds
[06-24 14:10:18][DEBUG] jax_fem: CuDSSNewtonSolver: initial residual = 7.049e+05
[06-24 14:10:18][DEBUG] jax_fem: JaxAssembledMixin: computing Jacobian on device
[06-24 14:10:18][DEBUG] jax_fem: Function split_and_compute_cell took 0.0248 seconds
[06-24 14:10:18][DEBUG] jax_fem: CuDSSNewtonSolver: iter=1  res=7.330e-06  rel=1.040e-11
[06-24 14:10:18][INFO] jax_fem: CuDSSNewtonSolver: solve finished in 0.09s  res=7.330e-06
[06-24 14:10:18][DEBUG] jax_fem: CuDSSNewtonSolver: starting Newton loop
[06-24 14:10:18][DEBUG] jax_fem: JaxAssembledMixin: computing Jacobian on device
[06-24 14:10:18][DEBUG] jax_fem: Function split_and_compute_cell took 0.0263 seconds
[06-24 14:10:18][DEBUG] jax_fem: CuDSSNewtonSolver: initial residual = 6.891e+05
[06-24 14:10:18][DEBUG] jax_fem: JaxAssembledMixin: computing Jacobian on device
[06-24 14:10:19][DEBUG] jax_fem: Function split_and_compute_cell took 0.0257 seconds
[06-24 14:10:19][DEBUG] jax_fem: CuDSSNewtonSolver: iter=1  res=7.869e-06  rel=1.142e-11
[06-24 14:10:19][INFO] jax_fem: CuDSSNewtonSolver: solve finished in 0.09s  res=7.869e-06
[06-24 14:10:19][INFO] jax_fem: CuDSS backward: solving adjoint problem …
[06-24 14:10:19][DEBUG] jax_fem: JaxAssembledMixin: computing Jacobian on device
[06-24 14:10:19][DEBUG] jax_fem: Function split_and_compute_cell took 0.0385 seconds
[06-24 14:10:19][DEBUG] jax_fem: Computing cell residual...
[06-24 14:10:19][DEBUG] jax_fem: Function split_and_compute_cell took 0.0765 seconds
[06-24 14:10:19][INFO] jax_fem: CuDSS backward: solving adjoint problem …
[06-24 14:10:19][DEBUG] jax_fem: JaxAssembledMixin: computing Jacobian on device
[06-24 14:10:19][DEBUG] jax_fem: Function split_and_compute_cell took 0.0580 seconds
[06-24 14:10:19][DEBUG] jax_fem: Computing cell residual...
[06-24 14:10:19][DEBUG] jax_fem: Function split_and_compute_cell took 0.0744 seconds
[06-24 14:10:20][INFO] jax_fem: CuDSS backward: solving adjoint problem …
[06-24 14:10:20][DEBUG] jax_fem: JaxAssembledMixin: computing Jacobian on device
[06-24 14:10:20][DEBUG] jax_fem: Function split_and_compute_cell took 0.0570 seconds
[06-24 14:10:20][DEBUG] jax_fem: Computing cell residual...
[06-24 14:10:20][DEBUG] jax_fem: Function split_and_compute_cell took 0.0624 seconds
[06-24 14:10:20][INFO] jax_fem: CuDSS backward: solving adjoint problem …
[06-24 14:10:20][DEBUG] jax_fem: JaxAssembledMixin: computing Jacobian on device
[06-24 14:10:20][DEBUG] jax_fem: Function split_and_compute_cell took 0.0239 seconds
[06-24 14:10:20][DEBUG] jax_fem: Computing cell residual...
[06-24 14:10:20][DEBUG] jax_fem: Function split_and_compute_cell took 0.0727 seconds
[06-24 14:10:20][INFO] jax_fem: CuDSS backward: solving adjoint problem …
[06-24 14:10:20][DEBUG] jax_fem: JaxAssembledMixin: computing Jacobian on device
[06-24 14:10:20][DEBUG] jax_fem: Function split_and_compute_cell took 0.0323 seconds
[06-24 14:10:20][DEBUG] jax_fem: Computing cell residual...
[06-24 14:10:21][DEBUG] jax_fem: Function split_and_compute_cell took 0.0507 seconds
[06-24 14:10:22][DEBUG] jax_fem: CuDSSNewtonSolver: starting Newton loop
[06-24 14:10:22][DEBUG] jax_fem: JaxAssembledMixin: computing Jacobian on device
[06-24 14:10:22][DEBUG] jax_fem: Function split_and_compute_cell took 0.0439 seconds
[06-24 14:10:22][DEBUG] jax_fem: CuDSSNewtonSolver: initial residual = 7.216e+05
[06-24 14:10:22][DEBUG] jax_fem: JaxAssembledMixin: computing Jacobian on device
[06-24 14:10:22][DEBUG] jax_fem: Function split_and_compute_cell took 0.0367 seconds
[06-24 14:10:22][DEBUG] jax_fem: CuDSSNewtonSolver: iter=1  res=6.112e-06  rel=8.470e-12
[06-24 14:10:22][INFO] jax_fem: CuDSSNewtonSolver: solve finished in 0.13s  res=6.112e-06
[06-24 14:10:23][DEBUG] jax_fem: CuDSSNewtonSolver: starting Newton loop
[06-24 14:10:23][DEBUG] jax_fem: JaxAssembledMixin: computing Jacobian on device
[06-24 14:10:23][DEBUG] jax_fem: Function split_and_compute_cell took 0.0322 seconds
[06-24 14:10:23][DEBUG] jax_fem: CuDSSNewtonSolver: initial residual = 7.188e+05
[06-24 14:10:23][DEBUG] jax_fem: JaxAssembledMixin: computing Jacobian on device
[06-24 14:10:23][DEBUG] jax_fem: Function split_and_compute_cell took 0.0534 seconds
[06-24 14:10:23][DEBUG] jax_fem: CuDSSNewtonSolver: iter=1  res=7.634e-06  rel=1.062e-11
[06-24 14:10:23][INFO] jax_fem: CuDSSNewtonSolver: solve finished in 0.13s  res=7.634e-06
[06-24 14:10:23][DEBUG] jax_fem: CuDSSNewtonSolver: starting Newton loop
[06-24 14:10:23][DEBUG] jax_fem: JaxAssembledMixin: computing Jacobian on device
[06-24 14:10:23][DEBUG] jax_fem: Function split_and_compute_cell took 0.0480 seconds
[06-24 14:10:23][DEBUG] jax_fem: CuDSSNewtonSolver: initial residual = 7.101e+05
[06-24 14:10:23][DEBUG] jax_fem: JaxAssembledMixin: computing Jacobian on device
[06-24 14:10:23][DEBUG] jax_fem: Function split_and_compute_cell took 0.0559 seconds
[06-24 14:10:23][DEBUG] jax_fem: CuDSSNewtonSolver: iter=1  res=5.832e-06  rel=8.214e-12
[06-24 14:10:23][INFO] jax_fem: CuDSSNewtonSolver: solve finished in 0.15s  res=5.832e-06
[06-24 14:10:24][DEBUG] jax_fem: CuDSSNewtonSolver: starting Newton loop
[06-24 14:10:24][DEBUG] jax_fem: JaxAssembledMixin: computing Jacobian on device
[06-24 14:10:24][DEBUG] jax_fem: Function split_and_compute_cell took 0.0366 seconds
[06-24 14:10:24][DEBUG] jax_fem: CuDSSNewtonSolver: initial residual = 7.049e+05
[06-24 14:10:24][DEBUG] jax_fem: JaxAssembledMixin: computing Jacobian on device
[06-24 14:10:24][DEBUG] jax_fem: Function split_and_compute_cell took 0.0316 seconds
[06-24 14:10:24][DEBUG] jax_fem: CuDSSNewtonSolver: iter=1  res=7.044e-06  rel=9.993e-12
[06-24 14:10:24][INFO] jax_fem: CuDSSNewtonSolver: solve finished in 0.11s  res=7.044e-06
[06-24 14:10:24][DEBUG] jax_fem: CuDSSNewtonSolver: starting Newton loop
[06-24 14:10:24][DEBUG] jax_fem: JaxAssembledMixin: computing Jacobian on device
[06-24 14:10:24][DEBUG] jax_fem: Function split_and_compute_cell took 0.0221 seconds
[06-24 14:10:24][DEBUG] jax_fem: CuDSSNewtonSolver: initial residual = 6.891e+05
[06-24 14:10:24][DEBUG] jax_fem: JaxAssembledMixin: computing Jacobian on device
[06-24 14:10:24][DEBUG] jax_fem: Function split_and_compute_cell took 0.0399 seconds
[06-24 14:10:24][DEBUG] jax_fem: CuDSSNewtonSolver: iter=1  res=7.778e-06  rel=1.129e-11
[06-24 14:10:24][INFO] jax_fem: CuDSSNewtonSolver: solve finished in 0.11s  res=7.778e-06
[06-24 14:10:26][DEBUG] jax_fem: CuDSSNewtonSolver: starting Newton loop
[06-24 14:10:26][DEBUG] jax_fem: JaxAssembledMixin: computing Jacobian on device
[06-24 14:10:26][DEBUG] jax_fem: Function split_and_compute_cell took 0.0258 seconds
[06-24 14:10:26][DEBUG] jax_fem: CuDSSNewtonSolver: initial residual = 7.216e+05
[06-24 14:10:26][DEBUG] jax_fem: JaxAssembledMixin: computing Jacobian on device
[06-24 14:10:26][DEBUG] jax_fem: Function split_and_compute_cell took 0.0269 seconds
[06-24 14:10:26][DEBUG] jax_fem: CuDSSNewtonSolver: iter=1  res=6.214e-06  rel=8.611e-12
[06-24 14:10:26][INFO] jax_fem: CuDSSNewtonSolver: solve finished in 0.09s  res=6.214e-06
[06-24 14:10:27][DEBUG] jax_fem: CuDSSNewtonSolver: starting Newton loop
[06-24 14:10:27][DEBUG] jax_fem: JaxAssembledMixin: computing Jacobian on device
[06-24 14:10:27][DEBUG] jax_fem: Function split_and_compute_cell took 0.0278 seconds
[06-24 14:10:27][DEBUG] jax_fem: CuDSSNewtonSolver: initial residual = 7.188e+05
[06-24 14:10:27][DEBUG] jax_fem: JaxAssembledMixin: computing Jacobian on device
[06-24 14:10:27][DEBUG] jax_fem: Function split_and_compute_cell took 0.0270 seconds
[06-24 14:10:27][DEBUG] jax_fem: CuDSSNewtonSolver: iter=1  res=7.220e-06  rel=1.004e-11
[06-24 14:10:27][INFO] jax_fem: CuDSSNewtonSolver: solve finished in 0.09s  res=7.220e-06
[06-24 14:10:27][DEBUG] jax_fem: CuDSSNewtonSolver: starting Newton loop
[06-24 14:10:27][DEBUG] jax_fem: JaxAssembledMixin: computing Jacobian on device
[06-24 14:10:28][DEBUG] jax_fem: Function split_and_compute_cell took 0.0264 seconds
[06-24 14:10:28][DEBUG] jax_fem: CuDSSNewtonSolver: initial residual = 7.101e+05
[06-24 14:10:28][DEBUG] jax_fem: JaxAssembledMixin: computing Jacobian on device
[06-24 14:10:28][DEBUG] jax_fem: Function split_and_compute_cell took 0.0259 seconds
[06-24 14:10:28][DEBUG] jax_fem: CuDSSNewtonSolver: iter=1  res=5.737e-06  rel=8.079e-12
[06-24 14:10:28][INFO] jax_fem: CuDSSNewtonSolver: solve finished in 0.09s  res=5.737e-06
[06-24 14:10:28][DEBUG] jax_fem: CuDSSNewtonSolver: starting Newton loop
[06-24 14:10:28][DEBUG] jax_fem: JaxAssembledMixin: computing Jacobian on device
[06-24 14:10:28][DEBUG] jax_fem: Function split_and_compute_cell took 0.0272 seconds
[06-24 14:10:28][DEBUG] jax_fem: CuDSSNewtonSolver: initial residual = 7.049e+05
[06-24 14:10:28][DEBUG] jax_fem: JaxAssembledMixin: computing Jacobian on device
[06-24 14:10:28][DEBUG] jax_fem: Function split_and_compute_cell took 0.0250 seconds
[06-24 14:10:28][DEBUG] jax_fem: CuDSSNewtonSolver: iter=1  res=6.966e-06  rel=9.881e-12
[06-24 14:10:28][INFO] jax_fem: CuDSSNewtonSolver: solve finished in 0.09s  res=6.966e-06
[06-24 14:10:29][DEBUG] jax_fem: CuDSSNewtonSolver: starting Newton loop
[06-24 14:10:29][DEBUG] jax_fem: JaxAssembledMixin: computing Jacobian on device
[06-24 14:10:29][DEBUG] jax_fem: Function split_and_compute_cell took 0.0276 seconds
[06-24 14:10:29][DEBUG] jax_fem: CuDSSNewtonSolver: initial residual = 6.891e+05
[06-24 14:10:29][DEBUG] jax_fem: JaxAssembledMixin: computing Jacobian on device
[06-24 14:10:29][DEBUG] jax_fem: Function split_and_compute_cell took 0.0277 seconds
[06-24 14:10:29][DEBUG] jax_fem: CuDSSNewtonSolver: iter=1  res=7.875e-06  rel=1.143e-11
[06-24 14:10:29][INFO] jax_fem: CuDSSNewtonSolver: solve finished in 0.09s  res=7.875e-06
[06-24 14:10:29][INFO] jax_fem: CuDSS backward: solving adjoint problem …
[06-24 14:10:29][DEBUG] jax_fem: JaxAssembledMixin: computing Jacobian on device
[06-24 14:10:29][DEBUG] jax_fem: Function split_and_compute_cell took 0.0642 seconds
[06-24 14:10:29][DEBUG] jax_fem: Computing cell residual...
[06-24 14:10:30][DEBUG] jax_fem: Function split_and_compute_cell took 0.0768 seconds
[06-24 14:10:30][INFO] jax_fem: CuDSS backward: solving adjoint problem …
[06-24 14:10:30][DEBUG] jax_fem: JaxAssembledMixin: computing Jacobian on device
[06-24 14:10:30][DEBUG] jax_fem: Function split_and_compute_cell took 0.0309 seconds
[06-24 14:10:30][DEBUG] jax_fem: Computing cell residual...
[06-24 14:10:30][DEBUG] jax_fem: Function split_and_compute_cell took 0.0547 seconds
[06-24 14:10:30][INFO] jax_fem: CuDSS backward: solving adjoint problem …
[06-24 14:10:30][DEBUG] jax_fem: JaxAssembledMixin: computing Jacobian on device
[06-24 14:10:30][DEBUG] jax_fem: Function split_and_compute_cell took 0.0530 seconds
[06-24 14:10:30][DEBUG] jax_fem: Computing cell residual...
[06-24 14:10:30][DEBUG] jax_fem: Function split_and_compute_cell took 0.0638 seconds
[06-24 14:10:31][INFO] jax_fem: CuDSS backward: solving adjoint problem …
[06-24 14:10:31][DEBUG] jax_fem: JaxAssembledMixin: computing Jacobian on device
[06-24 14:10:31][DEBUG] jax_fem: Function split_and_compute_cell took 0.0560 seconds
[06-24 14:10:31][DEBUG] jax_fem: Computing cell residual...
[06-24 14:10:31][DEBUG] jax_fem: Function split_and_compute_cell took 0.0802 seconds
[06-24 14:10:31][INFO] jax_fem: CuDSS backward: solving adjoint problem …
[06-24 14:10:31][DEBUG] jax_fem: JaxAssembledMixin: computing Jacobian on device
[06-24 14:10:31][DEBUG] jax_fem: Function split_and_compute_cell took 0.0557 seconds
[06-24 14:10:31][DEBUG] jax_fem: Computing cell residual...
[06-24 14:10:31][DEBUG] jax_fem: Function split_and_compute_cell took 0.0848 seconds
[06-24 14:10:33][DEBUG] jax_fem: CuDSSNewtonSolver: starting Newton loop
[06-24 14:10:33][DEBUG] jax_fem: JaxAssembledMixin: computing Jacobian on device
[06-24 14:10:33][DEBUG] jax_fem: Function split_and_compute_cell took 0.0343 seconds
[06-24 14:10:33][DEBUG] jax_fem: CuDSSNewtonSolver: initial residual = 7.216e+05
[06-24 14:10:33][DEBUG] jax_fem: JaxAssembledMixin: computing Jacobian on device
[06-24 14:10:33][DEBUG] jax_fem: Function split_and_compute_cell took 0.0601 seconds
[06-24 14:10:33][DEBUG] jax_fem: CuDSSNewtonSolver: iter=1  res=6.168e-06  rel=8.548e-12
[06-24 14:10:33][INFO] jax_fem: CuDSSNewtonSolver: solve finished in 0.14s  res=6.168e-06
[06-24 14:10:34][DEBUG] jax_fem: CuDSSNewtonSolver: starting Newton loop
[06-24 14:10:34][DEBUG] jax_fem: JaxAssembledMixin: computing Jacobian on device
[06-24 14:10:34][DEBUG] jax_fem: Function split_and_compute_cell took 0.0458 seconds
[06-24 14:10:34][DEBUG] jax_fem: CuDSSNewtonSolver: initial residual = 7.188e+05
[06-24 14:10:34][DEBUG] jax_fem: JaxAssembledMixin: computing Jacobian on device
[06-24 14:10:34][DEBUG] jax_fem: Function split_and_compute_cell took 0.0314 seconds
[06-24 14:10:34][DEBUG] jax_fem: CuDSSNewtonSolver: iter=1  res=7.248e-06  rel=1.008e-11
[06-24 14:10:34][INFO] jax_fem: CuDSSNewtonSolver: solve finished in 0.12s  res=7.248e-06
[06-24 14:10:34][DEBUG] jax_fem: CuDSSNewtonSolver: starting Newton loop
[06-24 14:10:34][DEBUG] jax_fem: JaxAssembledMixin: computing Jacobian on device
[06-24 14:10:34][DEBUG] jax_fem: Function split_and_compute_cell took 0.0265 seconds
[06-24 14:10:34][DEBUG] jax_fem: CuDSSNewtonSolver: initial residual = 7.101e+05
[06-24 14:10:34][DEBUG] jax_fem: JaxAssembledMixin: computing Jacobian on device
[06-24 14:10:34][DEBUG] jax_fem: Function split_and_compute_cell took 0.0453 seconds
[06-24 14:10:34][DEBUG] jax_fem: CuDSSNewtonSolver: iter=1  res=6.054e-06  rel=8.526e-12
[06-24 14:10:34][INFO] jax_fem: CuDSSNewtonSolver: solve finished in 0.11s  res=6.054e-06
[06-24 14:10:34][DEBUG] jax_fem: CuDSSNewtonSolver: starting Newton loop
[06-24 14:10:34][DEBUG] jax_fem: JaxAssembledMixin: computing Jacobian on device
[06-24 14:10:35][DEBUG] jax_fem: Function split_and_compute_cell took 0.0464 seconds
[06-24 14:10:35][DEBUG] jax_fem: CuDSSNewtonSolver: initial residual = 7.049e+05
[06-24 14:10:35][DEBUG] jax_fem: JaxAssembledMixin: computing Jacobian on device
[06-24 14:10:35][DEBUG] jax_fem: Function split_and_compute_cell took 0.0550 seconds
[06-24 14:10:35][DEBUG] jax_fem: CuDSSNewtonSolver: iter=1  res=7.027e-06  rel=9.969e-12
[06-24 14:10:35][INFO] jax_fem: CuDSSNewtonSolver: solve finished in 0.15s  res=7.027e-06
[06-24 14:10:35][DEBUG] jax_fem: CuDSSNewtonSolver: starting Newton loop
[06-24 14:10:35][DEBUG] jax_fem: JaxAssembledMixin: computing Jacobian on device
[06-24 14:10:35][DEBUG] jax_fem: Function split_and_compute_cell took 0.0598 seconds
[06-24 14:10:35][DEBUG] jax_fem: CuDSSNewtonSolver: initial residual = 6.891e+05
[06-24 14:10:35][DEBUG] jax_fem: JaxAssembledMixin: computing Jacobian on device
[06-24 14:10:35][DEBUG] jax_fem: Function split_and_compute_cell took 0.0564 seconds
[06-24 14:10:35][DEBUG] jax_fem: CuDSSNewtonSolver: iter=1  res=7.756e-06  rel=1.126e-11
[06-24 14:10:35][INFO] jax_fem: CuDSSNewtonSolver: solve finished in 0.16s  res=7.756e-06
[06-24 14:10:37][DEBUG] jax_fem: CuDSSNewtonSolver: starting Newton loop
[06-24 14:10:37][DEBUG] jax_fem: JaxAssembledMixin: computing Jacobian on device
[06-24 14:10:37][DEBUG] jax_fem: Function split_and_compute_cell took 0.0259 seconds
[06-24 14:10:37][DEBUG] jax_fem: CuDSSNewtonSolver: initial residual = 7.216e+05
[06-24 14:10:37][DEBUG] jax_fem: JaxAssembledMixin: computing Jacobian on device
[06-24 14:10:37][DEBUG] jax_fem: Function split_and_compute_cell took 0.0272 seconds
[06-24 14:10:37][DEBUG] jax_fem: CuDSSNewtonSolver: iter=1  res=6.046e-06  rel=8.378e-12
[06-24 14:10:37][INFO] jax_fem: CuDSSNewtonSolver: solve finished in 0.09s  res=6.046e-06
[06-24 14:10:38][DEBUG] jax_fem: CuDSSNewtonSolver: starting Newton loop
[06-24 14:10:38][DEBUG] jax_fem: JaxAssembledMixin: computing Jacobian on device
[06-24 14:10:38][DEBUG] jax_fem: Function split_and_compute_cell took 0.0262 seconds
[06-24 14:10:38][DEBUG] jax_fem: CuDSSNewtonSolver: initial residual = 7.188e+05
[06-24 14:10:38][DEBUG] jax_fem: JaxAssembledMixin: computing Jacobian on device
[06-24 14:10:38][DEBUG] jax_fem: Function split_and_compute_cell took 0.0242 seconds
[06-24 14:10:38][DEBUG] jax_fem: CuDSSNewtonSolver: iter=1  res=7.176e-06  rel=9.983e-12
[06-24 14:10:38][INFO] jax_fem: CuDSSNewtonSolver: solve finished in 0.09s  res=7.176e-06
[06-24 14:10:38][DEBUG] jax_fem: CuDSSNewtonSolver: starting Newton loop
[06-24 14:10:38][DEBUG] jax_fem: JaxAssembledMixin: computing Jacobian on device
[06-24 14:10:39][DEBUG] jax_fem: Function split_and_compute_cell took 0.0257 seconds
[06-24 14:10:39][DEBUG] jax_fem: CuDSSNewtonSolver: initial residual = 7.101e+05
[06-24 14:10:39][DEBUG] jax_fem: JaxAssembledMixin: computing Jacobian on device
[06-24 14:10:39][DEBUG] jax_fem: Function split_and_compute_cell took 0.0304 seconds
[06-24 14:10:39][DEBUG] jax_fem: CuDSSNewtonSolver: iter=1  res=6.067e-06  rel=8.545e-12
[06-24 14:10:39][INFO] jax_fem: CuDSSNewtonSolver: solve finished in 0.09s  res=6.067e-06
[06-24 14:10:39][DEBUG] jax_fem: CuDSSNewtonSolver: starting Newton loop
[06-24 14:10:39][DEBUG] jax_fem: JaxAssembledMixin: computing Jacobian on device
[06-24 14:10:39][DEBUG] jax_fem: Function split_and_compute_cell took 0.0242 seconds
[06-24 14:10:39][DEBUG] jax_fem: CuDSSNewtonSolver: initial residual = 7.049e+05
[06-24 14:10:39][DEBUG] jax_fem: JaxAssembledMixin: computing Jacobian on device
[06-24 14:10:39][DEBUG] jax_fem: Function split_and_compute_cell took 0.0289 seconds
[06-24 14:10:39][DEBUG] jax_fem: CuDSSNewtonSolver: iter=1  res=7.064e-06  rel=1.002e-11
[06-24 14:10:39][INFO] jax_fem: CuDSSNewtonSolver: solve finished in 0.09s  res=7.064e-06
[06-24 14:10:40][DEBUG] jax_fem: CuDSSNewtonSolver: starting Newton loop
[06-24 14:10:40][DEBUG] jax_fem: JaxAssembledMixin: computing Jacobian on device
[06-24 14:10:40][DEBUG] jax_fem: Function split_and_compute_cell took 0.0261 seconds
[06-24 14:10:40][DEBUG] jax_fem: CuDSSNewtonSolver: initial residual = 6.891e+05
[06-24 14:10:40][DEBUG] jax_fem: JaxAssembledMixin: computing Jacobian on device
[06-24 14:10:40][DEBUG] jax_fem: Function split_and_compute_cell took 0.0284 seconds
[06-24 14:10:40][DEBUG] jax_fem: CuDSSNewtonSolver: iter=1  res=7.804e-06  rel=1.133e-11
[06-24 14:10:40][INFO] jax_fem: CuDSSNewtonSolver: solve finished in 0.09s  res=7.804e-06
[06-24 14:10:40][INFO] jax_fem: CuDSS backward: solving adjoint problem …
[06-24 14:10:40][DEBUG] jax_fem: JaxAssembledMixin: computing Jacobian on device
[06-24 14:10:40][DEBUG] jax_fem: Function split_and_compute_cell took 0.0349 seconds
[06-24 14:10:40][DEBUG] jax_fem: Computing cell residual...
[06-24 14:10:40][DEBUG] jax_fem: Function split_and_compute_cell took 0.0660 seconds
[06-24 14:10:41][INFO] jax_fem: CuDSS backward: solving adjoint problem …
[06-24 14:10:41][DEBUG] jax_fem: JaxAssembledMixin: computing Jacobian on device
[06-24 14:10:41][DEBUG] jax_fem: Function split_and_compute_cell took 0.0350 seconds
[06-24 14:10:41][DEBUG] jax_fem: Computing cell residual...
[06-24 14:10:41][DEBUG] jax_fem: Function split_and_compute_cell took 0.0702 seconds
[06-24 14:10:41][INFO] jax_fem: CuDSS backward: solving adjoint problem …
[06-24 14:10:41][DEBUG] jax_fem: JaxAssembledMixin: computing Jacobian on device
[06-24 14:10:41][DEBUG] jax_fem: Function split_and_compute_cell took 0.0638 seconds
[06-24 14:10:41][DEBUG] jax_fem: Computing cell residual...
[06-24 14:10:41][DEBUG] jax_fem: Function split_and_compute_cell took 0.0686 seconds
[06-24 14:10:41][INFO] jax_fem: CuDSS backward: solving adjoint problem …
[06-24 14:10:41][DEBUG] jax_fem: JaxAssembledMixin: computing Jacobian on device
[06-24 14:10:42][DEBUG] jax_fem: Function split_and_compute_cell took 0.0317 seconds
[06-24 14:10:42][DEBUG] jax_fem: Computing cell residual...
[06-24 14:10:42][DEBUG] jax_fem: Function split_and_compute_cell took 0.0569 seconds
[06-24 14:10:42][INFO] jax_fem: CuDSS backward: solving adjoint problem …
[06-24 14:10:42][DEBUG] jax_fem: JaxAssembledMixin: computing Jacobian on device
[06-24 14:10:42][DEBUG] jax_fem: Function split_and_compute_cell took 0.0323 seconds
[06-24 14:10:42][DEBUG] jax_fem: Computing cell residual...
[06-24 14:10:42][DEBUG] jax_fem: Function split_and_compute_cell took 0.0568 seconds
[06-24 14:10:44][DEBUG] jax_fem: CuDSSNewtonSolver: starting Newton loop
[06-24 14:10:44][DEBUG] jax_fem: JaxAssembledMixin: computing Jacobian on device
[06-24 14:10:44][DEBUG] jax_fem: Function split_and_compute_cell took 0.0398 seconds
[06-24 14:10:44][DEBUG] jax_fem: CuDSSNewtonSolver: initial residual = 7.216e+05
[06-24 14:10:44][DEBUG] jax_fem: JaxAssembledMixin: computing Jacobian on device
[06-24 14:10:44][DEBUG] jax_fem: Function split_and_compute_cell took 0.0529 seconds
[06-24 14:10:44][DEBUG] jax_fem: CuDSSNewtonSolver: iter=1  res=5.871e-06  rel=8.136e-12
[06-24 14:10:44][INFO] jax_fem: CuDSSNewtonSolver: solve finished in 0.14s  res=5.871e-06
[06-24 14:10:44][DEBUG] jax_fem: CuDSSNewtonSolver: starting Newton loop
[06-24 14:10:44][DEBUG] jax_fem: JaxAssembledMixin: computing Jacobian on device
[06-24 14:10:44][DEBUG] jax_fem: Function split_and_compute_cell took 0.0266 seconds
[06-24 14:10:44][DEBUG] jax_fem: CuDSSNewtonSolver: initial residual = 7.188e+05
[06-24 14:10:44][DEBUG] jax_fem: JaxAssembledMixin: computing Jacobian on device
[06-24 14:10:44][DEBUG] jax_fem: Function split_and_compute_cell took 0.0482 seconds
[06-24 14:10:44][DEBUG] jax_fem: CuDSSNewtonSolver: iter=1  res=7.212e-06  rel=1.003e-11
[06-24 14:10:44][INFO] jax_fem: CuDSSNewtonSolver: solve finished in 0.12s  res=7.212e-06
[06-24 14:10:45][DEBUG] jax_fem: CuDSSNewtonSolver: starting Newton loop
[06-24 14:10:45][DEBUG] jax_fem: JaxAssembledMixin: computing Jacobian on device
[06-24 14:10:45][DEBUG] jax_fem: Function split_and_compute_cell took 0.0410 seconds
[06-24 14:10:45][DEBUG] jax_fem: CuDSSNewtonSolver: initial residual = 7.101e+05
[06-24 14:10:45][DEBUG] jax_fem: JaxAssembledMixin: computing Jacobian on device
[06-24 14:10:45][DEBUG] jax_fem: Function split_and_compute_cell took 0.0552 seconds
[06-24 14:10:45][DEBUG] jax_fem: CuDSSNewtonSolver: iter=1  res=6.032e-06  rel=8.495e-12
[06-24 14:10:45][INFO] jax_fem: CuDSSNewtonSolver: solve finished in 0.14s  res=6.032e-06
[06-24 14:10:45][DEBUG] jax_fem: CuDSSNewtonSolver: starting Newton loop
[06-24 14:10:45][DEBUG] jax_fem: JaxAssembledMixin: computing Jacobian on device
[06-24 14:10:45][DEBUG] jax_fem: Function split_and_compute_cell took 0.0394 seconds
[06-24 14:10:45][DEBUG] jax_fem: CuDSSNewtonSolver: initial residual = 7.049e+05
[06-24 14:10:45][DEBUG] jax_fem: JaxAssembledMixin: computing Jacobian on device
[06-24 14:10:45][DEBUG] jax_fem: Function split_and_compute_cell took 0.0390 seconds
[06-24 14:10:45][DEBUG] jax_fem: CuDSSNewtonSolver: iter=1  res=7.200e-06  rel=1.021e-11
[06-24 14:10:45][INFO] jax_fem: CuDSSNewtonSolver: solve finished in 0.12s  res=7.200e-06
[06-24 14:10:46][DEBUG] jax_fem: CuDSSNewtonSolver: starting Newton loop
[06-24 14:10:46][DEBUG] jax_fem: JaxAssembledMixin: computing Jacobian on device
[06-24 14:10:46][DEBUG] jax_fem: Function split_and_compute_cell took 0.0469 seconds
[06-24 14:10:46][DEBUG] jax_fem: CuDSSNewtonSolver: initial residual = 6.891e+05
[06-24 14:10:46][DEBUG] jax_fem: JaxAssembledMixin: computing Jacobian on device
[06-24 14:10:46][DEBUG] jax_fem: Function split_and_compute_cell took 0.0413 seconds
[06-24 14:10:46][DEBUG] jax_fem: CuDSSNewtonSolver: iter=1  res=7.484e-06  rel=1.086e-11
[06-24 14:10:46][INFO] jax_fem: CuDSSNewtonSolver: solve finished in 0.13s  res=7.484e-06
[06-24 14:10:48][DEBUG] jax_fem: CuDSSNewtonSolver: starting Newton loop
[06-24 14:10:48][DEBUG] jax_fem: JaxAssembledMixin: computing Jacobian on device
[06-24 14:10:48][DEBUG] jax_fem: Function split_and_compute_cell took 0.0269 seconds
[06-24 14:10:48][DEBUG] jax_fem: CuDSSNewtonSolver: initial residual = 7.216e+05
[06-24 14:10:48][DEBUG] jax_fem: JaxAssembledMixin: computing Jacobian on device
[06-24 14:10:48][DEBUG] jax_fem: Function split_and_compute_cell took 0.0260 seconds
[06-24 14:10:48][DEBUG] jax_fem: CuDSSNewtonSolver: iter=1  res=6.013e-06  rel=8.333e-12
[06-24 14:10:48][INFO] jax_fem: CuDSSNewtonSolver: solve finished in 0.09s  res=6.013e-06
[06-24 14:10:49][DEBUG] jax_fem: CuDSSNewtonSolver: starting Newton loop
[06-24 14:10:49][DEBUG] jax_fem: JaxAssembledMixin: computing Jacobian on device
[06-24 14:10:49][DEBUG] jax_fem: Function split_and_compute_cell took 0.0267 seconds
[06-24 14:10:49][DEBUG] jax_fem: CuDSSNewtonSolver: initial residual = 7.188e+05
[06-24 14:10:49][DEBUG] jax_fem: JaxAssembledMixin: computing Jacobian on device
[06-24 14:10:49][DEBUG] jax_fem: Function split_and_compute_cell took 0.0249 seconds
[06-24 14:10:49][DEBUG] jax_fem: CuDSSNewtonSolver: iter=1  res=6.903e-06  rel=9.602e-12
[06-24 14:10:49][INFO] jax_fem: CuDSSNewtonSolver: solve finished in 0.09s  res=6.903e-06
[06-24 14:10:49][DEBUG] jax_fem: CuDSSNewtonSolver: starting Newton loop
[06-24 14:10:49][DEBUG] jax_fem: JaxAssembledMixin: computing Jacobian on device
[06-24 14:10:49][DEBUG] jax_fem: Function split_and_compute_cell took 0.0291 seconds
[06-24 14:10:49][DEBUG] jax_fem: CuDSSNewtonSolver: initial residual = 7.101e+05
[06-24 14:10:49][DEBUG] jax_fem: JaxAssembledMixin: computing Jacobian on device
[06-24 14:10:49][DEBUG] jax_fem: Function split_and_compute_cell took 0.0268 seconds
[06-24 14:10:49][DEBUG] jax_fem: CuDSSNewtonSolver: iter=1  res=5.934e-06  rel=8.357e-12
[06-24 14:10:49][INFO] jax_fem: CuDSSNewtonSolver: solve finished in 0.09s  res=5.934e-06
[06-24 14:10:50][DEBUG] jax_fem: CuDSSNewtonSolver: starting Newton loop
[06-24 14:10:50][DEBUG] jax_fem: JaxAssembledMixin: computing Jacobian on device
[06-24 14:10:50][DEBUG] jax_fem: Function split_and_compute_cell took 0.0272 seconds
[06-24 14:10:50][DEBUG] jax_fem: CuDSSNewtonSolver: initial residual = 7.049e+05
[06-24 14:10:50][DEBUG] jax_fem: JaxAssembledMixin: computing Jacobian on device
[06-24 14:10:50][DEBUG] jax_fem: Function split_and_compute_cell took 0.0268 seconds
[06-24 14:10:50][DEBUG] jax_fem: CuDSSNewtonSolver: iter=1  res=7.146e-06  rel=1.014e-11
[06-24 14:10:50][INFO] jax_fem: CuDSSNewtonSolver: solve finished in 0.09s  res=7.146e-06
[06-24 14:10:51][DEBUG] jax_fem: CuDSSNewtonSolver: starting Newton loop
[06-24 14:10:51][DEBUG] jax_fem: JaxAssembledMixin: computing Jacobian on device
[06-24 14:10:51][DEBUG] jax_fem: Function split_and_compute_cell took 0.0251 seconds
[06-24 14:10:51][DEBUG] jax_fem: CuDSSNewtonSolver: initial residual = 6.891e+05
[06-24 14:10:51][DEBUG] jax_fem: JaxAssembledMixin: computing Jacobian on device
[06-24 14:10:51][DEBUG] jax_fem: Function split_and_compute_cell took 0.0279 seconds
[06-24 14:10:51][DEBUG] jax_fem: CuDSSNewtonSolver: iter=1  res=7.689e-06  rel=1.116e-11
[06-24 14:10:51][INFO] jax_fem: CuDSSNewtonSolver: solve finished in 0.09s  res=7.689e-06
[06-24 14:10:51][INFO] jax_fem: CuDSS backward: solving adjoint problem …
[06-24 14:10:51][DEBUG] jax_fem: JaxAssembledMixin: computing Jacobian on device
[06-24 14:10:51][DEBUG] jax_fem: Function split_and_compute_cell took 0.0331 seconds
[06-24 14:10:51][DEBUG] jax_fem: Computing cell residual...
[06-24 14:10:51][DEBUG] jax_fem: Function split_and_compute_cell took 0.0733 seconds
[06-24 14:10:51][INFO] jax_fem: CuDSS backward: solving adjoint problem …
[06-24 14:10:51][DEBUG] jax_fem: JaxAssembledMixin: computing Jacobian on device
[06-24 14:10:51][DEBUG] jax_fem: Function split_and_compute_cell took 0.0506 seconds
[06-24 14:10:51][DEBUG] jax_fem: Computing cell residual...
[06-24 14:10:52][DEBUG] jax_fem: Function split_and_compute_cell took 0.0693 seconds
[06-24 14:10:52][INFO] jax_fem: CuDSS backward: solving adjoint problem …
[06-24 14:10:52][DEBUG] jax_fem: JaxAssembledMixin: computing Jacobian on device
[06-24 14:10:52][DEBUG] jax_fem: Function split_and_compute_cell took 0.0458 seconds
[06-24 14:10:52][DEBUG] jax_fem: Computing cell residual...
[06-24 14:10:52][DEBUG] jax_fem: Function split_and_compute_cell took 0.0687 seconds
[06-24 14:10:52][INFO] jax_fem: CuDSS backward: solving adjoint problem …
[06-24 14:10:52][DEBUG] jax_fem: JaxAssembledMixin: computing Jacobian on device
[06-24 14:10:52][DEBUG] jax_fem: Function split_and_compute_cell took 0.0350 seconds
[06-24 14:10:52][DEBUG] jax_fem: Computing cell residual...
[06-24 14:10:52][DEBUG] jax_fem: Function split_and_compute_cell took 0.0656 seconds
[06-24 14:10:53][INFO] jax_fem: CuDSS backward: solving adjoint problem …
[06-24 14:10:53][DEBUG] jax_fem: JaxAssembledMixin: computing Jacobian on device
[06-24 14:10:53][DEBUG] jax_fem: Function split_and_compute_cell took 0.0464 seconds
[06-24 14:10:53][DEBUG] jax_fem: Computing cell residual...
[06-24 14:10:53][DEBUG] jax_fem: Function split_and_compute_cell took 0.0716 seconds
[06-24 14:10:55][DEBUG] jax_fem: CuDSSNewtonSolver: starting Newton loop
[06-24 14:10:55][DEBUG] jax_fem: JaxAssembledMixin: computing Jacobian on device
[06-24 14:10:55][DEBUG] jax_fem: Function split_and_compute_cell took 0.0595 seconds
[06-24 14:10:55][DEBUG] jax_fem: CuDSSNewtonSolver: initial residual = 7.216e+05
[06-24 14:10:55][DEBUG] jax_fem: JaxAssembledMixin: computing Jacobian on device
[06-24 14:10:55][DEBUG] jax_fem: Function split_and_compute_cell took 0.0467 seconds
[06-24 14:10:55][DEBUG] jax_fem: CuDSSNewtonSolver: iter=1  res=6.062e-06  rel=8.401e-12
[06-24 14:10:55][INFO] jax_fem: CuDSSNewtonSolver: solve finished in 0.15s  res=6.062e-06
[06-24 14:10:55][DEBUG] jax_fem: CuDSSNewtonSolver: starting Newton loop
[06-24 14:10:55][DEBUG] jax_fem: JaxAssembledMixin: computing Jacobian on device
[06-24 14:10:55][DEBUG] jax_fem: Function split_and_compute_cell took 0.0622 seconds
[06-24 14:10:55][DEBUG] jax_fem: CuDSSNewtonSolver: initial residual = 7.188e+05
[06-24 14:10:55][DEBUG] jax_fem: JaxAssembledMixin: computing Jacobian on device
[06-24 14:10:55][DEBUG] jax_fem: Function split_and_compute_cell took 0.0489 seconds
[06-24 14:10:55][DEBUG] jax_fem: CuDSSNewtonSolver: iter=1  res=7.072e-06  rel=9.838e-12
[06-24 14:10:55][INFO] jax_fem: CuDSSNewtonSolver: solve finished in 0.16s  res=7.072e-06
[06-24 14:10:56][DEBUG] jax_fem: CuDSSNewtonSolver: starting Newton loop
[06-24 14:10:56][DEBUG] jax_fem: JaxAssembledMixin: computing Jacobian on device
[06-24 14:10:56][DEBUG] jax_fem: Function split_and_compute_cell took 0.0470 seconds
[06-24 14:10:56][DEBUG] jax_fem: CuDSSNewtonSolver: initial residual = 7.101e+05
[06-24 14:10:56][DEBUG] jax_fem: JaxAssembledMixin: computing Jacobian on device
[06-24 14:10:56][DEBUG] jax_fem: Function split_and_compute_cell took 0.0318 seconds
[06-24 14:10:56][DEBUG] jax_fem: CuDSSNewtonSolver: iter=1  res=6.262e-06  rel=8.819e-12
[06-24 14:10:56][INFO] jax_fem: CuDSSNewtonSolver: solve finished in 0.12s  res=6.262e-06
[06-24 14:10:56][DEBUG] jax_fem: CuDSSNewtonSolver: starting Newton loop
[06-24 14:10:56][DEBUG] jax_fem: JaxAssembledMixin: computing Jacobian on device
[06-24 14:10:56][DEBUG] jax_fem: Function split_and_compute_cell took 0.0541 seconds
[06-24 14:10:56][DEBUG] jax_fem: CuDSSNewtonSolver: initial residual = 7.049e+05
[06-24 14:10:56][DEBUG] jax_fem: JaxAssembledMixin: computing Jacobian on device
[06-24 14:10:56][DEBUG] jax_fem: Function split_and_compute_cell took 0.0584 seconds
[06-24 14:10:56][DEBUG] jax_fem: CuDSSNewtonSolver: iter=1  res=7.191e-06  rel=1.020e-11
[06-24 14:10:56][INFO] jax_fem: CuDSSNewtonSolver: solve finished in 0.16s  res=7.191e-06
[06-24 14:10:56][DEBUG] jax_fem: CuDSSNewtonSolver: starting Newton loop
[06-24 14:10:56][DEBUG] jax_fem: JaxAssembledMixin: computing Jacobian on device
[06-24 14:10:57][DEBUG] jax_fem: Function split_and_compute_cell took 0.0441 seconds
[06-24 14:10:57][DEBUG] jax_fem: CuDSSNewtonSolver: initial residual = 6.891e+05
[06-24 14:10:57][DEBUG] jax_fem: JaxAssembledMixin: computing Jacobian on device
[06-24 14:10:57][DEBUG] jax_fem: Function split_and_compute_cell took 0.0360 seconds
[06-24 14:10:57][DEBUG] jax_fem: CuDSSNewtonSolver: iter=1  res=7.519e-06  rel=1.091e-11
[06-24 14:10:57][INFO] jax_fem: CuDSSNewtonSolver: solve finished in 0.12s  res=7.519e-06
[06-24 14:10:58][DEBUG] jax_fem: CuDSSNewtonSolver: starting Newton loop
[06-24 14:10:58][DEBUG] jax_fem: JaxAssembledMixin: computing Jacobian on device
[06-24 14:10:58][DEBUG] jax_fem: Function split_and_compute_cell took 0.0275 seconds
[06-24 14:10:59][DEBUG] jax_fem: CuDSSNewtonSolver: initial residual = 7.216e+05
[06-24 14:10:59][DEBUG] jax_fem: JaxAssembledMixin: computing Jacobian on device
[06-24 14:10:59][DEBUG] jax_fem: Function split_and_compute_cell took 0.0272 seconds
[06-24 14:10:59][DEBUG] jax_fem: CuDSSNewtonSolver: iter=1  res=5.963e-06  rel=8.264e-12
[06-24 14:10:59][INFO] jax_fem: CuDSSNewtonSolver: solve finished in 0.09s  res=5.963e-06
[06-24 14:10:59][DEBUG] jax_fem: CuDSSNewtonSolver: starting Newton loop
[06-24 14:10:59][DEBUG] jax_fem: JaxAssembledMixin: computing Jacobian on device
[06-24 14:10:59][DEBUG] jax_fem: Function split_and_compute_cell took 0.0256 seconds
[06-24 14:10:59][DEBUG] jax_fem: CuDSSNewtonSolver: initial residual = 7.188e+05
[06-24 14:10:59][DEBUG] jax_fem: JaxAssembledMixin: computing Jacobian on device
[06-24 14:10:59][DEBUG] jax_fem: Function split_and_compute_cell took 0.0260 seconds
[06-24 14:10:59][DEBUG] jax_fem: CuDSSNewtonSolver: iter=1  res=7.088e-06  rel=9.860e-12
[06-24 14:10:59][INFO] jax_fem: CuDSSNewtonSolver: solve finished in 0.09s  res=7.088e-06
[06-24 14:11:00][DEBUG] jax_fem: CuDSSNewtonSolver: starting Newton loop
[06-24 14:11:00][DEBUG] jax_fem: JaxAssembledMixin: computing Jacobian on device
[06-24 14:11:00][DEBUG] jax_fem: Function split_and_compute_cell took 0.0280 seconds
[06-24 14:11:00][DEBUG] jax_fem: CuDSSNewtonSolver: initial residual = 7.101e+05
[06-24 14:11:00][DEBUG] jax_fem: JaxAssembledMixin: computing Jacobian on device
[06-24 14:11:00][DEBUG] jax_fem: Function split_and_compute_cell took 0.0261 seconds
[06-24 14:11:00][DEBUG] jax_fem: CuDSSNewtonSolver: iter=1  res=5.886e-06  rel=8.289e-12
[06-24 14:11:00][INFO] jax_fem: CuDSSNewtonSolver: solve finished in 0.09s  res=5.886e-06
[06-24 14:11:01][DEBUG] jax_fem: CuDSSNewtonSolver: starting Newton loop
[06-24 14:11:01][DEBUG] jax_fem: JaxAssembledMixin: computing Jacobian on device
[06-24 14:11:01][DEBUG] jax_fem: Function split_and_compute_cell took 0.0266 seconds
[06-24 14:11:01][DEBUG] jax_fem: CuDSSNewtonSolver: initial residual = 7.049e+05
[06-24 14:11:01][DEBUG] jax_fem: JaxAssembledMixin: computing Jacobian on device
[06-24 14:11:01][DEBUG] jax_fem: Function split_and_compute_cell took 0.0295 seconds
[06-24 14:11:01][DEBUG] jax_fem: CuDSSNewtonSolver: iter=1  res=7.330e-06  rel=1.040e-11
[06-24 14:11:01][INFO] jax_fem: CuDSSNewtonSolver: solve finished in 0.09s  res=7.330e-06
[06-24 14:11:02][DEBUG] jax_fem: CuDSSNewtonSolver: starting Newton loop
[06-24 14:11:02][DEBUG] jax_fem: JaxAssembledMixin: computing Jacobian on device
[06-24 14:11:02][DEBUG] jax_fem: Function split_and_compute_cell took 0.0249 seconds
[06-24 14:11:02][DEBUG] jax_fem: CuDSSNewtonSolver: initial residual = 6.891e+05
[06-24 14:11:02][DEBUG] jax_fem: JaxAssembledMixin: computing Jacobian on device
[06-24 14:11:02][DEBUG] jax_fem: Function split_and_compute_cell took 0.0260 seconds
[06-24 14:11:02][DEBUG] jax_fem: CuDSSNewtonSolver: iter=1  res=7.667e-06  rel=1.113e-11
[06-24 14:11:02][INFO] jax_fem: CuDSSNewtonSolver: solve finished in 0.09s  res=7.667e-06
[06-24 14:11:02][INFO] jax_fem: CuDSS backward: solving adjoint problem …
[06-24 14:11:02][DEBUG] jax_fem: JaxAssembledMixin: computing Jacobian on device
[06-24 14:11:02][DEBUG] jax_fem: Function split_and_compute_cell took 0.0367 seconds
[06-24 14:11:02][DEBUG] jax_fem: Computing cell residual...
[06-24 14:11:02][DEBUG] jax_fem: Function split_and_compute_cell took 0.0609 seconds
[06-24 14:11:02][INFO] jax_fem: CuDSS backward: solving adjoint problem …
[06-24 14:11:02][DEBUG] jax_fem: JaxAssembledMixin: computing Jacobian on device
[06-24 14:11:02][DEBUG] jax_fem: Function split_and_compute_cell took 0.0344 seconds
[06-24 14:11:02][DEBUG] jax_fem: Computing cell residual...
[06-24 14:11:02][DEBUG] jax_fem: Function split_and_compute_cell took 0.0737 seconds
[06-24 14:11:03][INFO] jax_fem: CuDSS backward: solving adjoint problem …
[06-24 14:11:03][DEBUG] jax_fem: JaxAssembledMixin: computing Jacobian on device
[06-24 14:11:03][DEBUG] jax_fem: Function split_and_compute_cell took 0.0342 seconds
[06-24 14:11:03][DEBUG] jax_fem: Computing cell residual...
[06-24 14:11:03][DEBUG] jax_fem: Function split_and_compute_cell took 0.0726 seconds
[06-24 14:11:03][INFO] jax_fem: CuDSS backward: solving adjoint problem …
[06-24 14:11:03][DEBUG] jax_fem: JaxAssembledMixin: computing Jacobian on device
[06-24 14:11:03][DEBUG] jax_fem: Function split_and_compute_cell took 0.0648 seconds
[06-24 14:11:03][DEBUG] jax_fem: Computing cell residual...
[06-24 14:11:03][DEBUG] jax_fem: Function split_and_compute_cell took 0.0779 seconds
[06-24 14:11:04][INFO] jax_fem: CuDSS backward: solving adjoint problem …
[06-24 14:11:04][DEBUG] jax_fem: JaxAssembledMixin: computing Jacobian on device
[06-24 14:11:04][DEBUG] jax_fem: Function split_and_compute_cell took 0.0515 seconds
[06-24 14:11:04][DEBUG] jax_fem: Computing cell residual...
[06-24 14:11:04][DEBUG] jax_fem: Function split_and_compute_cell took 0.0791 seconds
[06-24 14:11:05][DEBUG] jax_fem: CuDSSNewtonSolver: starting Newton loop
[06-24 14:11:06][DEBUG] jax_fem: JaxAssembledMixin: computing Jacobian on device
[06-24 14:11:06][DEBUG] jax_fem: Function split_and_compute_cell took 0.0560 seconds
[06-24 14:11:06][DEBUG] jax_fem: CuDSSNewtonSolver: initial residual = 7.216e+05
[06-24 14:11:06][DEBUG] jax_fem: JaxAssembledMixin: computing Jacobian on device
[06-24 14:11:06][DEBUG] jax_fem: Function split_and_compute_cell took 0.0314 seconds
[06-24 14:11:06][DEBUG] jax_fem: CuDSSNewtonSolver: iter=1  res=5.975e-06  rel=8.280e-12
[06-24 14:11:06][INFO] jax_fem: CuDSSNewtonSolver: solve finished in 0.13s  res=5.975e-06
[06-24 14:11:06][DEBUG] jax_fem: CuDSSNewtonSolver: starting Newton loop
[06-24 14:11:06][DEBUG] jax_fem: JaxAssembledMixin: computing Jacobian on device
[06-24 14:11:06][DEBUG] jax_fem: Function split_and_compute_cell took 0.0386 seconds
[06-24 14:11:06][DEBUG] jax_fem: CuDSSNewtonSolver: initial residual = 7.188e+05
[06-24 14:11:06][DEBUG] jax_fem: JaxAssembledMixin: computing Jacobian on device
[06-24 14:11:06][DEBUG] jax_fem: Function split_and_compute_cell took 0.0243 seconds
[06-24 14:11:06][DEBUG] jax_fem: CuDSSNewtonSolver: iter=1  res=6.927e-06  rel=9.636e-12
[06-24 14:11:06][INFO] jax_fem: CuDSSNewtonSolver: solve finished in 0.11s  res=6.927e-06
[06-24 14:11:06][DEBUG] jax_fem: CuDSSNewtonSolver: starting Newton loop
[06-24 14:11:06][DEBUG] jax_fem: JaxAssembledMixin: computing Jacobian on device
[06-24 14:11:06][DEBUG] jax_fem: Function split_and_compute_cell took 0.0304 seconds
[06-24 14:11:06][DEBUG] jax_fem: CuDSSNewtonSolver: initial residual = 7.101e+05
[06-24 14:11:06][DEBUG] jax_fem: JaxAssembledMixin: computing Jacobian on device
[06-24 14:11:06][DEBUG] jax_fem: Function split_and_compute_cell took 0.0283 seconds
[06-24 14:11:06][DEBUG] jax_fem: CuDSSNewtonSolver: iter=1  res=5.976e-06  rel=8.416e-12
[06-24 14:11:06][INFO] jax_fem: CuDSSNewtonSolver: solve finished in 0.10s  res=5.976e-06
[06-24 14:11:07][DEBUG] jax_fem: CuDSSNewtonSolver: starting Newton loop
[06-24 14:11:07][DEBUG] jax_fem: JaxAssembledMixin: computing Jacobian on device
[06-24 14:11:07][DEBUG] jax_fem: Function split_and_compute_cell took 0.0469 seconds
[06-24 14:11:07][DEBUG] jax_fem: CuDSSNewtonSolver: initial residual = 7.049e+05
[06-24 14:11:07][DEBUG] jax_fem: JaxAssembledMixin: computing Jacobian on device
[06-24 14:11:07][DEBUG] jax_fem: Function split_and_compute_cell took 0.0565 seconds
[06-24 14:11:07][DEBUG] jax_fem: CuDSSNewtonSolver: iter=1  res=7.215e-06  rel=1.024e-11
[06-24 14:11:07][INFO] jax_fem: CuDSSNewtonSolver: solve finished in 0.15s  res=7.215e-06
[06-24 14:11:07][DEBUG] jax_fem: CuDSSNewtonSolver: starting Newton loop
[06-24 14:11:07][DEBUG] jax_fem: JaxAssembledMixin: computing Jacobian on device
[06-24 14:11:07][DEBUG] jax_fem: Function split_and_compute_cell took 0.0320 seconds
[06-24 14:11:07][DEBUG] jax_fem: CuDSSNewtonSolver: initial residual = 6.891e+05
[06-24 14:11:07][DEBUG] jax_fem: JaxAssembledMixin: computing Jacobian on device
[06-24 14:11:07][DEBUG] jax_fem: Function split_and_compute_cell took 0.0537 seconds
[06-24 14:11:07][DEBUG] jax_fem: CuDSSNewtonSolver: iter=1  res=7.620e-06  rel=1.106e-11
[06-24 14:11:07][INFO] jax_fem: CuDSSNewtonSolver: solve finished in 0.13s  res=7.620e-06
[06-24 14:11:09][DEBUG] jax_fem: CuDSSNewtonSolver: starting Newton loop
[06-24 14:11:09][DEBUG] jax_fem: JaxAssembledMixin: computing Jacobian on device
[06-24 14:11:09][DEBUG] jax_fem: Function split_and_compute_cell took 0.0278 seconds
[06-24 14:11:09][DEBUG] jax_fem: CuDSSNewtonSolver: initial residual = 7.216e+05
[06-24 14:11:09][DEBUG] jax_fem: JaxAssembledMixin: computing Jacobian on device
[06-24 14:11:09][DEBUG] jax_fem: Function split_and_compute_cell took 0.0263 seconds
[06-24 14:11:09][DEBUG] jax_fem: CuDSSNewtonSolver: iter=1  res=6.130e-06  rel=8.495e-12
[06-24 14:11:09][INFO] jax_fem: CuDSSNewtonSolver: solve finished in 0.09s  res=6.130e-06
[06-24 14:11:10][DEBUG] jax_fem: CuDSSNewtonSolver: starting Newton loop
[06-24 14:11:10][DEBUG] jax_fem: JaxAssembledMixin: computing Jacobian on device
[06-24 14:11:10][DEBUG] jax_fem: Function split_and_compute_cell took 0.0286 seconds
[06-24 14:11:10][DEBUG] jax_fem: CuDSSNewtonSolver: initial residual = 7.188e+05
[06-24 14:11:10][DEBUG] jax_fem: JaxAssembledMixin: computing Jacobian on device
[06-24 14:11:10][DEBUG] jax_fem: Function split_and_compute_cell took 0.0257 seconds
[06-24 14:11:10][DEBUG] jax_fem: CuDSSNewtonSolver: iter=1  res=7.292e-06  rel=1.014e-11
[06-24 14:11:10][INFO] jax_fem: CuDSSNewtonSolver: solve finished in 0.09s  res=7.292e-06
[06-24 14:11:11][DEBUG] jax_fem: CuDSSNewtonSolver: starting Newton loop
[06-24 14:11:11][DEBUG] jax_fem: JaxAssembledMixin: computing Jacobian on device
[06-24 14:11:11][DEBUG] jax_fem: Function split_and_compute_cell took 0.0287 seconds
[06-24 14:11:11][DEBUG] jax_fem: CuDSSNewtonSolver: initial residual = 7.101e+05
[06-24 14:11:11][DEBUG] jax_fem: JaxAssembledMixin: computing Jacobian on device
[06-24 14:11:11][DEBUG] jax_fem: Function split_and_compute_cell took 0.0264 seconds
[06-24 14:11:11][DEBUG] jax_fem: CuDSSNewtonSolver: iter=1  res=6.197e-06  rel=8.728e-12
[06-24 14:11:11][INFO] jax_fem: CuDSSNewtonSolver: solve finished in 0.09s  res=6.197e-06
[06-24 14:11:11][DEBUG] jax_fem: CuDSSNewtonSolver: starting Newton loop
[06-24 14:11:11][DEBUG] jax_fem: JaxAssembledMixin: computing Jacobian on device
[06-24 14:11:11][DEBUG] jax_fem: Function split_and_compute_cell took 0.0275 seconds
[06-24 14:11:11][DEBUG] jax_fem: CuDSSNewtonSolver: initial residual = 7.049e+05
[06-24 14:11:11][DEBUG] jax_fem: JaxAssembledMixin: computing Jacobian on device
[06-24 14:11:11][DEBUG] jax_fem: Function split_and_compute_cell took 0.0257 seconds
[06-24 14:11:11][DEBUG] jax_fem: CuDSSNewtonSolver: iter=1  res=7.225e-06  rel=1.025e-11
[06-24 14:11:11][INFO] jax_fem: CuDSSNewtonSolver: solve finished in 0.09s  res=7.225e-06
[06-24 14:11:12][DEBUG] jax_fem: CuDSSNewtonSolver: starting Newton loop
[06-24 14:11:12][DEBUG] jax_fem: JaxAssembledMixin: computing Jacobian on device
[06-24 14:11:12][DEBUG] jax_fem: Function split_and_compute_cell took 0.0276 seconds
[06-24 14:11:12][DEBUG] jax_fem: CuDSSNewtonSolver: initial residual = 6.891e+05
[06-24 14:11:12][DEBUG] jax_fem: JaxAssembledMixin: computing Jacobian on device
[06-24 14:11:12][DEBUG] jax_fem: Function split_and_compute_cell took 0.0266 seconds
[06-24 14:11:12][DEBUG] jax_fem: CuDSSNewtonSolver: iter=1  res=7.359e-06  rel=1.068e-11
[06-24 14:11:12][INFO] jax_fem: CuDSSNewtonSolver: solve finished in 0.09s  res=7.359e-06
[06-24 14:11:12][INFO] jax_fem: CuDSS backward: solving adjoint problem …
[06-24 14:11:13][DEBUG] jax_fem: JaxAssembledMixin: computing Jacobian on device
[06-24 14:11:13][DEBUG] jax_fem: Function split_and_compute_cell took 0.0479 seconds
[06-24 14:11:13][DEBUG] jax_fem: Computing cell residual...
[06-24 14:11:13][DEBUG] jax_fem: Function split_and_compute_cell took 0.0748 seconds
[06-24 14:11:13][INFO] jax_fem: CuDSS backward: solving adjoint problem …
[06-24 14:11:13][DEBUG] jax_fem: JaxAssembledMixin: computing Jacobian on device
[06-24 14:11:13][DEBUG] jax_fem: Function split_and_compute_cell took 0.0477 seconds
[06-24 14:11:13][DEBUG] jax_fem: Computing cell residual...
[06-24 14:11:13][DEBUG] jax_fem: Function split_and_compute_cell took 0.0771 seconds
[06-24 14:11:13][INFO] jax_fem: CuDSS backward: solving adjoint problem …
[06-24 14:11:13][DEBUG] jax_fem: JaxAssembledMixin: computing Jacobian on device
[06-24 14:11:13][DEBUG] jax_fem: Function split_and_compute_cell took 0.0370 seconds
[06-24 14:11:14][DEBUG] jax_fem: Computing cell residual...
[06-24 14:11:14][DEBUG] jax_fem: Function split_and_compute_cell took 0.0652 seconds
[06-24 14:11:14][INFO] jax_fem: CuDSS backward: solving adjoint problem …
[06-24 14:11:14][DEBUG] jax_fem: JaxAssembledMixin: computing Jacobian on device
[06-24 14:11:14][DEBUG] jax_fem: Function split_and_compute_cell took 0.0437 seconds
[06-24 14:11:14][DEBUG] jax_fem: Computing cell residual...
[06-24 14:11:14][DEBUG] jax_fem: Function split_and_compute_cell took 0.0771 seconds
[06-24 14:11:14][INFO] jax_fem: CuDSS backward: solving adjoint problem …
[06-24 14:11:14][DEBUG] jax_fem: JaxAssembledMixin: computing Jacobian on device
[06-24 14:11:14][DEBUG] jax_fem: Function split_and_compute_cell took 0.0463 seconds
[06-24 14:11:14][DEBUG] jax_fem: Computing cell residual...
[06-24 14:11:15][DEBUG] jax_fem: Function split_and_compute_cell took 0.0714 seconds
[06-24 14:11:16][DEBUG] jax_fem: CuDSSNewtonSolver: starting Newton loop
[06-24 14:11:16][DEBUG] jax_fem: JaxAssembledMixin: computing Jacobian on device
[06-24 14:11:16][DEBUG] jax_fem: Function split_and_compute_cell took 0.0421 seconds
[06-24 14:11:16][DEBUG] jax_fem: CuDSSNewtonSolver: initial residual = 7.216e+05
[06-24 14:11:16][DEBUG] jax_fem: JaxAssembledMixin: computing Jacobian on device
[06-24 14:11:16][DEBUG] jax_fem: Function split_and_compute_cell took 0.0422 seconds
[06-24 14:11:16][DEBUG] jax_fem: CuDSSNewtonSolver: iter=1  res=6.124e-06  rel=8.486e-12
[06-24 14:11:16][INFO] jax_fem: CuDSSNewtonSolver: solve finished in 0.13s  res=6.124e-06
[06-24 14:11:17][DEBUG] jax_fem: CuDSSNewtonSolver: starting Newton loop
[06-24 14:11:17][DEBUG] jax_fem: JaxAssembledMixin: computing Jacobian on device
[06-24 14:11:17][DEBUG] jax_fem: Function split_and_compute_cell took 0.0459 seconds
[06-24 14:11:17][DEBUG] jax_fem: CuDSSNewtonSolver: initial residual = 7.188e+05
[06-24 14:11:17][DEBUG] jax_fem: JaxAssembledMixin: computing Jacobian on device
[06-24 14:11:17][DEBUG] jax_fem: Function split_and_compute_cell took 0.0298 seconds
[06-24 14:11:17][DEBUG] jax_fem: CuDSSNewtonSolver: iter=1  res=7.252e-06  rel=1.009e-11
[06-24 14:11:17][INFO] jax_fem: CuDSSNewtonSolver: solve finished in 0.13s  res=7.252e-06
[06-24 14:11:17][DEBUG] jax_fem: CuDSSNewtonSolver: starting Newton loop
[06-24 14:11:17][DEBUG] jax_fem: JaxAssembledMixin: computing Jacobian on device
[06-24 14:11:17][DEBUG] jax_fem: Function split_and_compute_cell took 0.0399 seconds
[06-24 14:11:17][DEBUG] jax_fem: CuDSSNewtonSolver: initial residual = 7.101e+05
[06-24 14:11:17][DEBUG] jax_fem: JaxAssembledMixin: computing Jacobian on device
[06-24 14:11:17][DEBUG] jax_fem: Function split_and_compute_cell took 0.0432 seconds
[06-24 14:11:17][DEBUG] jax_fem: CuDSSNewtonSolver: iter=1  res=5.986e-06  rel=8.431e-12
[06-24 14:11:17][INFO] jax_fem: CuDSSNewtonSolver: solve finished in 0.13s  res=5.986e-06
[06-24 14:11:18][DEBUG] jax_fem: CuDSSNewtonSolver: starting Newton loop
[06-24 14:11:18][DEBUG] jax_fem: JaxAssembledMixin: computing Jacobian on device
[06-24 14:11:18][DEBUG] jax_fem: Function split_and_compute_cell took 0.0427 seconds
[06-24 14:11:18][DEBUG] jax_fem: CuDSSNewtonSolver: initial residual = 7.049e+05
[06-24 14:11:18][DEBUG] jax_fem: JaxAssembledMixin: computing Jacobian on device
[06-24 14:11:18][DEBUG] jax_fem: Function split_and_compute_cell took 0.0403 seconds
[06-24 14:11:18][DEBUG] jax_fem: CuDSSNewtonSolver: iter=1  res=7.059e-06  rel=1.001e-11
[06-24 14:11:18][INFO] jax_fem: CuDSSNewtonSolver: solve finished in 0.13s  res=7.059e-06
[06-24 14:11:18][DEBUG] jax_fem: CuDSSNewtonSolver: starting Newton loop
[06-24 14:11:18][DEBUG] jax_fem: JaxAssembledMixin: computing Jacobian on device
[06-24 14:11:18][DEBUG] jax_fem: Function split_and_compute_cell took 0.0447 seconds
[06-24 14:11:18][DEBUG] jax_fem: CuDSSNewtonSolver: initial residual = 6.891e+05
[06-24 14:11:18][DEBUG] jax_fem: JaxAssembledMixin: computing Jacobian on device
[06-24 14:11:18][DEBUG] jax_fem: Function split_and_compute_cell took 0.0320 seconds
[06-24 14:11:18][DEBUG] jax_fem: CuDSSNewtonSolver: iter=1  res=7.996e-06  rel=1.160e-11
[06-24 14:11:18][INFO] jax_fem: CuDSSNewtonSolver: solve finished in 0.12s  res=7.996e-06
[06-24 14:11:20][DEBUG] jax_fem: CuDSSNewtonSolver: starting Newton loop
[06-24 14:11:20][DEBUG] jax_fem: JaxAssembledMixin: computing Jacobian on device
[06-24 14:11:20][DEBUG] jax_fem: Function split_and_compute_cell took 0.0280 seconds
[06-24 14:11:20][DEBUG] jax_fem: CuDSSNewtonSolver: initial residual = 7.216e+05
[06-24 14:11:20][DEBUG] jax_fem: JaxAssembledMixin: computing Jacobian on device
[06-24 14:11:20][DEBUG] jax_fem: Function split_and_compute_cell took 0.0259 seconds
[06-24 14:11:20][DEBUG] jax_fem: CuDSSNewtonSolver: iter=1  res=5.900e-06  rel=8.176e-12
[06-24 14:11:20][INFO] jax_fem: CuDSSNewtonSolver: solve finished in 0.09s  res=5.900e-06
[06-24 14:11:21][DEBUG] jax_fem: CuDSSNewtonSolver: starting Newton loop
[06-24 14:11:21][DEBUG] jax_fem: JaxAssembledMixin: computing Jacobian on device
[06-24 14:11:21][DEBUG] jax_fem: Function split_and_compute_cell took 0.0260 seconds
[06-24 14:11:21][DEBUG] jax_fem: CuDSSNewtonSolver: initial residual = 7.188e+05
[06-24 14:11:21][DEBUG] jax_fem: JaxAssembledMixin: computing Jacobian on device
[06-24 14:11:21][DEBUG] jax_fem: Function split_and_compute_cell took 0.0274 seconds
[06-24 14:11:21][DEBUG] jax_fem: CuDSSNewtonSolver: iter=1  res=7.548e-06  rel=1.050e-11
[06-24 14:11:21][INFO] jax_fem: CuDSSNewtonSolver: solve finished in 0.09s  res=7.548e-06
[06-24 14:11:21][DEBUG] jax_fem: CuDSSNewtonSolver: starting Newton loop
[06-24 14:11:21][DEBUG] jax_fem: JaxAssembledMixin: computing Jacobian on device
[06-24 14:11:22][DEBUG] jax_fem: Function split_and_compute_cell took 0.0268 seconds
[06-24 14:11:22][DEBUG] jax_fem: CuDSSNewtonSolver: initial residual = 7.101e+05
[06-24 14:11:22][DEBUG] jax_fem: JaxAssembledMixin: computing Jacobian on device
[06-24 14:11:22][DEBUG] jax_fem: Function split_and_compute_cell took 0.0277 seconds
[06-24 14:11:22][DEBUG] jax_fem: CuDSSNewtonSolver: iter=1  res=5.965e-06  rel=8.401e-12
[06-24 14:11:22][INFO] jax_fem: CuDSSNewtonSolver: solve finished in 0.09s  res=5.965e-06
[06-24 14:11:22][DEBUG] jax_fem: CuDSSNewtonSolver: starting Newton loop
[06-24 14:11:22][DEBUG] jax_fem: JaxAssembledMixin: computing Jacobian on device
[06-24 14:11:22][DEBUG] jax_fem: Function split_and_compute_cell took 0.0260 seconds
[06-24 14:11:22][DEBUG] jax_fem: CuDSSNewtonSolver: initial residual = 7.049e+05
[06-24 14:11:22][DEBUG] jax_fem: JaxAssembledMixin: computing Jacobian on device
[06-24 14:11:22][DEBUG] jax_fem: Function split_and_compute_cell took 0.0274 seconds
[06-24 14:11:22][DEBUG] jax_fem: CuDSSNewtonSolver: iter=1  res=7.228e-06  rel=1.025e-11
[06-24 14:11:22][INFO] jax_fem: CuDSSNewtonSolver: solve finished in 0.09s  res=7.228e-06
[06-24 14:11:23][DEBUG] jax_fem: CuDSSNewtonSolver: starting Newton loop
[06-24 14:11:23][DEBUG] jax_fem: JaxAssembledMixin: computing Jacobian on device
[06-24 14:11:23][DEBUG] jax_fem: Function split_and_compute_cell took 0.0261 seconds
[06-24 14:11:23][DEBUG] jax_fem: CuDSSNewtonSolver: initial residual = 6.891e+05
[06-24 14:11:23][DEBUG] jax_fem: JaxAssembledMixin: computing Jacobian on device
[06-24 14:11:23][DEBUG] jax_fem: Function split_and_compute_cell took 0.0269 seconds
[06-24 14:11:23][DEBUG] jax_fem: CuDSSNewtonSolver: iter=1  res=7.674e-06  rel=1.114e-11
[06-24 14:11:23][INFO] jax_fem: CuDSSNewtonSolver: solve finished in 0.09s  res=7.674e-06
[06-24 14:11:23][INFO] jax_fem: CuDSS backward: solving adjoint problem …
[06-24 14:11:23][DEBUG] jax_fem: JaxAssembledMixin: computing Jacobian on device
[06-24 14:11:23][DEBUG] jax_fem: Function split_and_compute_cell took 0.0480 seconds
[06-24 14:11:23][DEBUG] jax_fem: Computing cell residual...
[06-24 14:11:23][DEBUG] jax_fem: Function split_and_compute_cell took 0.0736 seconds
[06-24 14:11:24][INFO] jax_fem: CuDSS backward: solving adjoint problem …
[06-24 14:11:24][DEBUG] jax_fem: JaxAssembledMixin: computing Jacobian on device
[06-24 14:11:24][DEBUG] jax_fem: Function split_and_compute_cell took 0.0474 seconds
[06-24 14:11:24][DEBUG] jax_fem: Computing cell residual...
[06-24 14:11:24][DEBUG] jax_fem: Function split_and_compute_cell took 0.0643 seconds
[06-24 14:11:24][INFO] jax_fem: CuDSS backward: solving adjoint problem …
[06-24 14:11:24][DEBUG] jax_fem: JaxAssembledMixin: computing Jacobian on device
[06-24 14:11:24][DEBUG] jax_fem: Function split_and_compute_cell took 0.0581 seconds
[06-24 14:11:24][DEBUG] jax_fem: Computing cell residual...
[06-24 14:11:24][DEBUG] jax_fem: Function split_and_compute_cell took 0.0666 seconds
[06-24 14:11:24][INFO] jax_fem: CuDSS backward: solving adjoint problem …
[06-24 14:11:24][DEBUG] jax_fem: JaxAssembledMixin: computing Jacobian on device
[06-24 14:11:24][DEBUG] jax_fem: Function split_and_compute_cell took 0.0400 seconds
[06-24 14:11:25][DEBUG] jax_fem: Computing cell residual...
[06-24 14:11:25][DEBUG] jax_fem: Function split_and_compute_cell took 0.0734 seconds
[06-24 14:11:25][INFO] jax_fem: CuDSS backward: solving adjoint problem …
[06-24 14:11:25][DEBUG] jax_fem: JaxAssembledMixin: computing Jacobian on device
[06-24 14:11:25][DEBUG] jax_fem: Function split_and_compute_cell took 0.0534 seconds
[06-24 14:11:25][DEBUG] jax_fem: Computing cell residual...
[06-24 14:11:25][DEBUG] jax_fem: Function split_and_compute_cell took 0.0780 seconds
[06-24 14:11:27][DEBUG] jax_fem: CuDSSNewtonSolver: starting Newton loop
[06-24 14:11:27][DEBUG] jax_fem: JaxAssembledMixin: computing Jacobian on device
[06-24 14:11:27][DEBUG] jax_fem: Function split_and_compute_cell took 0.0398 seconds
[06-24 14:11:27][DEBUG] jax_fem: CuDSSNewtonSolver: initial residual = 7.216e+05
[06-24 14:11:27][DEBUG] jax_fem: JaxAssembledMixin: computing Jacobian on device
[06-24 14:11:27][DEBUG] jax_fem: Function split_and_compute_cell took 0.0344 seconds
[06-24 14:11:27][DEBUG] jax_fem: CuDSSNewtonSolver: iter=1  res=5.950e-06  rel=8.245e-12
[06-24 14:11:27][INFO] jax_fem: CuDSSNewtonSolver: solve finished in 0.12s  res=5.950e-06
[06-24 14:11:27][DEBUG] jax_fem: CuDSSNewtonSolver: starting Newton loop
[06-24 14:11:27][DEBUG] jax_fem: JaxAssembledMixin: computing Jacobian on device
[06-24 14:11:27][DEBUG] jax_fem: Function split_and_compute_cell took 0.0398 seconds
[06-24 14:11:27][DEBUG] jax_fem: CuDSSNewtonSolver: initial residual = 7.188e+05
[06-24 14:11:27][DEBUG] jax_fem: JaxAssembledMixin: computing Jacobian on device
[06-24 14:11:27][DEBUG] jax_fem: Function split_and_compute_cell took 0.0578 seconds
[06-24 14:11:27][DEBUG] jax_fem: CuDSSNewtonSolver: iter=1  res=7.442e-06  rel=1.035e-11
[06-24 14:11:27][INFO] jax_fem: CuDSSNewtonSolver: solve finished in 0.14s  res=7.442e-06
[06-24 14:11:28][DEBUG] jax_fem: CuDSSNewtonSolver: starting Newton loop
[06-24 14:11:28][DEBUG] jax_fem: JaxAssembledMixin: computing Jacobian on device
[06-24 14:11:28][DEBUG] jax_fem: Function split_and_compute_cell took 0.0336 seconds
[06-24 14:11:28][DEBUG] jax_fem: CuDSSNewtonSolver: initial residual = 7.101e+05
[06-24 14:11:28][DEBUG] jax_fem: JaxAssembledMixin: computing Jacobian on device
[06-24 14:11:28][DEBUG] jax_fem: Function split_and_compute_cell took 0.0292 seconds
[06-24 14:11:28][DEBUG] jax_fem: CuDSSNewtonSolver: iter=1  res=6.062e-06  rel=8.537e-12
[06-24 14:11:28][INFO] jax_fem: CuDSSNewtonSolver: solve finished in 0.10s  res=6.062e-06
[06-24 14:11:28][DEBUG] jax_fem: CuDSSNewtonSolver: starting Newton loop
[06-24 14:11:28][DEBUG] jax_fem: JaxAssembledMixin: computing Jacobian on device
[06-24 14:11:28][DEBUG] jax_fem: Function split_and_compute_cell took 0.0392 seconds
[06-24 14:11:28][DEBUG] jax_fem: CuDSSNewtonSolver: initial residual = 7.049e+05
[06-24 14:11:28][DEBUG] jax_fem: JaxAssembledMixin: computing Jacobian on device
[06-24 14:11:28][DEBUG] jax_fem: Function split_and_compute_cell took 0.0387 seconds
[06-24 14:11:28][DEBUG] jax_fem: CuDSSNewtonSolver: iter=1  res=7.128e-06  rel=1.011e-11
[06-24 14:11:28][INFO] jax_fem: CuDSSNewtonSolver: solve finished in 0.13s  res=7.128e-06
[06-24 14:11:29][DEBUG] jax_fem: CuDSSNewtonSolver: starting Newton loop
[06-24 14:11:29][DEBUG] jax_fem: JaxAssembledMixin: computing Jacobian on device
[06-24 14:11:29][DEBUG] jax_fem: Function split_and_compute_cell took 0.0369 seconds
[06-24 14:11:29][DEBUG] jax_fem: CuDSSNewtonSolver: initial residual = 6.891e+05
[06-24 14:11:29][DEBUG] jax_fem: JaxAssembledMixin: computing Jacobian on device
[06-24 14:11:29][DEBUG] jax_fem: Function split_and_compute_cell took 0.0458 seconds
[06-24 14:11:29][DEBUG] jax_fem: CuDSSNewtonSolver: iter=1  res=7.601e-06  rel=1.103e-11
[06-24 14:11:29][INFO] jax_fem: CuDSSNewtonSolver: solve finished in 0.13s  res=7.601e-06
[06-24 14:11:31][DEBUG] jax_fem: CuDSSNewtonSolver: starting Newton loop
[06-24 14:11:31][DEBUG] jax_fem: JaxAssembledMixin: computing Jacobian on device
[06-24 14:11:31][DEBUG] jax_fem: Function split_and_compute_cell took 0.0284 seconds
[06-24 14:11:31][DEBUG] jax_fem: CuDSSNewtonSolver: initial residual = 7.216e+05
[06-24 14:11:31][DEBUG] jax_fem: JaxAssembledMixin: computing Jacobian on device
[06-24 14:11:31][DEBUG] jax_fem: Function split_and_compute_cell took 0.0264 seconds
[06-24 14:11:31][DEBUG] jax_fem: CuDSSNewtonSolver: iter=1  res=5.881e-06  rel=8.150e-12
[06-24 14:11:31][INFO] jax_fem: CuDSSNewtonSolver: solve finished in 0.09s  res=5.881e-06
[06-24 14:11:31][DEBUG] jax_fem: CuDSSNewtonSolver: starting Newton loop
[06-24 14:11:32][DEBUG] jax_fem: JaxAssembledMixin: computing Jacobian on device
[06-24 14:11:32][DEBUG] jax_fem: Function split_and_compute_cell took 0.0280 seconds
[06-24 14:11:32][DEBUG] jax_fem: CuDSSNewtonSolver: initial residual = 7.188e+05
[06-24 14:11:32][DEBUG] jax_fem: JaxAssembledMixin: computing Jacobian on device
[06-24 14:11:32][DEBUG] jax_fem: Function split_and_compute_cell took 0.0245 seconds
[06-24 14:11:32][DEBUG] jax_fem: CuDSSNewtonSolver: iter=1  res=6.931e-06  rel=9.642e-12
[06-24 14:11:32][INFO] jax_fem: CuDSSNewtonSolver: solve finished in 0.09s  res=6.931e-06
[06-24 14:11:32][DEBUG] jax_fem: CuDSSNewtonSolver: starting Newton loop
[06-24 14:11:32][DEBUG] jax_fem: JaxAssembledMixin: computing Jacobian on device
[06-24 14:11:32][DEBUG] jax_fem: Function split_and_compute_cell took 0.0269 seconds
[06-24 14:11:32][DEBUG] jax_fem: CuDSSNewtonSolver: initial residual = 7.101e+05
[06-24 14:11:32][DEBUG] jax_fem: JaxAssembledMixin: computing Jacobian on device
[06-24 14:11:32][DEBUG] jax_fem: Function split_and_compute_cell took 0.0280 seconds
[06-24 14:11:32][DEBUG] jax_fem: CuDSSNewtonSolver: iter=1  res=6.079e-06  rel=8.561e-12
[06-24 14:11:32][INFO] jax_fem: CuDSSNewtonSolver: solve finished in 0.09s  res=6.079e-06
[06-24 14:11:33][DEBUG] jax_fem: CuDSSNewtonSolver: starting Newton loop
[06-24 14:11:33][DEBUG] jax_fem: JaxAssembledMixin: computing Jacobian on device
[06-24 14:11:33][DEBUG] jax_fem: Function split_and_compute_cell took 0.0260 seconds
[06-24 14:11:33][DEBUG] jax_fem: CuDSSNewtonSolver: initial residual = 7.049e+05
[06-24 14:11:33][DEBUG] jax_fem: JaxAssembledMixin: computing Jacobian on device
[06-24 14:11:33][DEBUG] jax_fem: Function split_and_compute_cell took 0.0269 seconds
[06-24 14:11:33][DEBUG] jax_fem: CuDSSNewtonSolver: iter=1  res=7.120e-06  rel=1.010e-11
[06-24 14:11:33][INFO] jax_fem: CuDSSNewtonSolver: solve finished in 0.09s  res=7.120e-06
[06-24 14:11:34][DEBUG] jax_fem: CuDSSNewtonSolver: starting Newton loop
[06-24 14:11:34][DEBUG] jax_fem: JaxAssembledMixin: computing Jacobian on device
[06-24 14:11:34][DEBUG] jax_fem: Function split_and_compute_cell took 0.0271 seconds
[06-24 14:11:34][DEBUG] jax_fem: CuDSSNewtonSolver: initial residual = 6.891e+05
[06-24 14:11:34][DEBUG] jax_fem: JaxAssembledMixin: computing Jacobian on device
[06-24 14:11:34][DEBUG] jax_fem: Function split_and_compute_cell took 0.0267 seconds
[06-24 14:11:34][DEBUG] jax_fem: CuDSSNewtonSolver: iter=1  res=7.687e-06  rel=1.115e-11
[06-24 14:11:34][INFO] jax_fem: CuDSSNewtonSolver: solve finished in 0.09s  res=7.687e-06
[06-24 14:11:34][INFO] jax_fem: CuDSS backward: solving adjoint problem …
[06-24 14:11:34][DEBUG] jax_fem: JaxAssembledMixin: computing Jacobian on device
[06-24 14:11:34][DEBUG] jax_fem: Function split_and_compute_cell took 0.0274 seconds
[06-24 14:11:34][DEBUG] jax_fem: Computing cell residual...
[06-24 14:11:34][DEBUG] jax_fem: Function split_and_compute_cell took 0.0660 seconds
[06-24 14:11:34][INFO] jax_fem: CuDSS backward: solving adjoint problem …
[06-24 14:11:34][DEBUG] jax_fem: JaxAssembledMixin: computing Jacobian on device
[06-24 14:11:34][DEBUG] jax_fem: Function split_and_compute_cell took 0.0451 seconds
[06-24 14:11:34][DEBUG] jax_fem: Computing cell residual...
[06-24 14:11:34][DEBUG] jax_fem: Function split_and_compute_cell took 0.0745 seconds
[06-24 14:11:35][INFO] jax_fem: CuDSS backward: solving adjoint problem …
[06-24 14:11:35][DEBUG] jax_fem: JaxAssembledMixin: computing Jacobian on device
[06-24 14:11:35][DEBUG] jax_fem: Function split_and_compute_cell took 0.0540 seconds
[06-24 14:11:35][DEBUG] jax_fem: Computing cell residual...
[06-24 14:11:35][DEBUG] jax_fem: Function split_and_compute_cell took 0.0693 seconds
[06-24 14:11:35][INFO] jax_fem: CuDSS backward: solving adjoint problem …
[06-24 14:11:35][DEBUG] jax_fem: JaxAssembledMixin: computing Jacobian on device
[06-24 14:11:35][DEBUG] jax_fem: Function split_and_compute_cell took 0.0397 seconds
[06-24 14:11:35][DEBUG] jax_fem: Computing cell residual...
[06-24 14:11:35][DEBUG] jax_fem: Function split_and_compute_cell took 0.0670 seconds
[06-24 14:11:36][INFO] jax_fem: CuDSS backward: solving adjoint problem …
[06-24 14:11:36][DEBUG] jax_fem: JaxAssembledMixin: computing Jacobian on device
[06-24 14:11:36][DEBUG] jax_fem: Function split_and_compute_cell took 0.0460 seconds
[06-24 14:11:36][DEBUG] jax_fem: Computing cell residual...
[06-24 14:11:36][DEBUG] jax_fem: Function split_and_compute_cell took 0.0818 seconds
[06-24 14:11:38][DEBUG] jax_fem: CuDSSNewtonSolver: starting Newton loop
[06-24 14:11:38][DEBUG] jax_fem: JaxAssembledMixin: computing Jacobian on device
[06-24 14:11:38][DEBUG] jax_fem: Function split_and_compute_cell took 0.0571 seconds
[06-24 14:11:38][DEBUG] jax_fem: CuDSSNewtonSolver: initial residual = 7.216e+05
[06-24 14:11:38][DEBUG] jax_fem: JaxAssembledMixin: computing Jacobian on device
[06-24 14:11:38][DEBUG] jax_fem: Function split_and_compute_cell took 0.0425 seconds
[06-24 14:11:38][DEBUG] jax_fem: CuDSSNewtonSolver: iter=1  res=6.201e-06  rel=8.593e-12
[06-24 14:11:38][INFO] jax_fem: CuDSSNewtonSolver: solve finished in 0.14s  res=6.201e-06
[06-24 14:11:38][DEBUG] jax_fem: CuDSSNewtonSolver: starting Newton loop
[06-24 14:11:38][DEBUG] jax_fem: JaxAssembledMixin: computing Jacobian on device
[06-24 14:11:38][DEBUG] jax_fem: Function split_and_compute_cell took 0.0277 seconds
[06-24 14:11:38][DEBUG] jax_fem: CuDSSNewtonSolver: initial residual = 7.188e+05
[06-24 14:11:38][DEBUG] jax_fem: JaxAssembledMixin: computing Jacobian on device
[06-24 14:11:38][DEBUG] jax_fem: Function split_and_compute_cell took 0.0573 seconds
[06-24 14:11:38][DEBUG] jax_fem: CuDSSNewtonSolver: iter=1  res=7.178e-06  rel=9.986e-12
[06-24 14:11:38][INFO] jax_fem: CuDSSNewtonSolver: solve finished in 0.13s  res=7.178e-06
[06-24 14:11:38][DEBUG] jax_fem: CuDSSNewtonSolver: starting Newton loop
[06-24 14:11:38][DEBUG] jax_fem: JaxAssembledMixin: computing Jacobian on device
[06-24 14:11:39][DEBUG] jax_fem: Function split_and_compute_cell took 0.0368 seconds
[06-24 14:11:39][DEBUG] jax_fem: CuDSSNewtonSolver: initial residual = 7.101e+05
[06-24 14:11:39][DEBUG] jax_fem: JaxAssembledMixin: computing Jacobian on device
[06-24 14:11:39][DEBUG] jax_fem: Function split_and_compute_cell took 0.0469 seconds
[06-24 14:11:39][DEBUG] jax_fem: CuDSSNewtonSolver: iter=1  res=6.076e-06  rel=8.558e-12
[06-24 14:11:39][INFO] jax_fem: CuDSSNewtonSolver: solve finished in 0.12s  res=6.076e-06
[06-24 14:11:39][DEBUG] jax_fem: CuDSSNewtonSolver: starting Newton loop
[06-24 14:11:39][DEBUG] jax_fem: JaxAssembledMixin: computing Jacobian on device
[06-24 14:11:39][DEBUG] jax_fem: Function split_and_compute_cell took 0.0501 seconds
[06-24 14:11:39][DEBUG] jax_fem: CuDSSNewtonSolver: initial residual = 7.049e+05
[06-24 14:11:39][DEBUG] jax_fem: JaxAssembledMixin: computing Jacobian on device
[06-24 14:11:39][DEBUG] jax_fem: Function split_and_compute_cell took 0.0681 seconds
[06-24 14:11:39][DEBUG] jax_fem: CuDSSNewtonSolver: iter=1  res=6.959e-06  rel=9.871e-12
[06-24 14:11:39][INFO] jax_fem: CuDSSNewtonSolver: solve finished in 0.16s  res=6.959e-06
[06-24 14:11:39][DEBUG] jax_fem: CuDSSNewtonSolver: starting Newton loop
[06-24 14:11:39][DEBUG] jax_fem: JaxAssembledMixin: computing Jacobian on device
[06-24 14:11:40][DEBUG] jax_fem: Function split_and_compute_cell took 0.0505 seconds
[06-24 14:11:40][DEBUG] jax_fem: CuDSSNewtonSolver: initial residual = 6.891e+05
[06-24 14:11:40][DEBUG] jax_fem: JaxAssembledMixin: computing Jacobian on device
[06-24 14:11:40][DEBUG] jax_fem: Function split_and_compute_cell took 0.0522 seconds
[06-24 14:11:40][DEBUG] jax_fem: CuDSSNewtonSolver: iter=1  res=7.475e-06  rel=1.085e-11
[06-24 14:11:40][INFO] jax_fem: CuDSSNewtonSolver: solve finished in 0.15s  res=7.475e-06
[06-24 14:11:42][DEBUG] jax_fem: CuDSSNewtonSolver: starting Newton loop
[06-24 14:11:42][DEBUG] jax_fem: JaxAssembledMixin: computing Jacobian on device
[06-24 14:11:42][DEBUG] jax_fem: Function split_and_compute_cell took 0.0265 seconds
[06-24 14:11:42][DEBUG] jax_fem: CuDSSNewtonSolver: initial residual = 7.216e+05
[06-24 14:11:42][DEBUG] jax_fem: JaxAssembledMixin: computing Jacobian on device
[06-24 14:11:42][DEBUG] jax_fem: Function split_and_compute_cell took 0.0272 seconds
[06-24 14:11:42][DEBUG] jax_fem: CuDSSNewtonSolver: iter=1  res=6.167e-06  rel=8.547e-12
[06-24 14:11:42][INFO] jax_fem: CuDSSNewtonSolver: solve finished in 0.09s  res=6.167e-06
[06-24 14:11:42][DEBUG] jax_fem: CuDSSNewtonSolver: starting Newton loop
[06-24 14:11:42][DEBUG] jax_fem: JaxAssembledMixin: computing Jacobian on device
[06-24 14:11:42][DEBUG] jax_fem: Function split_and_compute_cell took 0.0263 seconds
[06-24 14:11:42][DEBUG] jax_fem: CuDSSNewtonSolver: initial residual = 7.188e+05
[06-24 14:11:42][DEBUG] jax_fem: JaxAssembledMixin: computing Jacobian on device
[06-24 14:11:42][DEBUG] jax_fem: Function split_and_compute_cell took 0.0259 seconds
[06-24 14:11:42][DEBUG] jax_fem: CuDSSNewtonSolver: iter=1  res=7.487e-06  rel=1.042e-11
[06-24 14:11:42][INFO] jax_fem: CuDSSNewtonSolver: solve finished in 0.09s  res=7.487e-06
[06-24 14:11:43][DEBUG] jax_fem: CuDSSNewtonSolver: starting Newton loop
[06-24 14:11:43][DEBUG] jax_fem: JaxAssembledMixin: computing Jacobian on device
[06-24 14:11:43][DEBUG] jax_fem: Function split_and_compute_cell took 0.0265 seconds
[06-24 14:11:43][DEBUG] jax_fem: CuDSSNewtonSolver: initial residual = 7.101e+05
[06-24 14:11:43][DEBUG] jax_fem: JaxAssembledMixin: computing Jacobian on device
[06-24 14:11:43][DEBUG] jax_fem: Function split_and_compute_cell took 0.0256 seconds
[06-24 14:11:43][DEBUG] jax_fem: CuDSSNewtonSolver: iter=1  res=5.843e-06  rel=8.229e-12
[06-24 14:11:43][INFO] jax_fem: CuDSSNewtonSolver: solve finished in 0.09s  res=5.843e-06
[06-24 14:11:44][DEBUG] jax_fem: CuDSSNewtonSolver: starting Newton loop
[06-24 14:11:44][DEBUG] jax_fem: JaxAssembledMixin: computing Jacobian on device
[06-24 14:11:44][DEBUG] jax_fem: Function split_and_compute_cell took 0.0258 seconds
[06-24 14:11:44][DEBUG] jax_fem: CuDSSNewtonSolver: initial residual = 7.049e+05
[06-24 14:11:44][DEBUG] jax_fem: JaxAssembledMixin: computing Jacobian on device
[06-24 14:11:44][DEBUG] jax_fem: Function split_and_compute_cell took 0.0253 seconds
[06-24 14:11:44][DEBUG] jax_fem: CuDSSNewtonSolver: iter=1  res=7.310e-06  rel=1.037e-11
[06-24 14:11:44][INFO] jax_fem: CuDSSNewtonSolver: solve finished in 0.09s  res=7.310e-06
[06-24 14:11:45][DEBUG] jax_fem: CuDSSNewtonSolver: starting Newton loop
[06-24 14:11:45][DEBUG] jax_fem: JaxAssembledMixin: computing Jacobian on device
[06-24 14:11:45][DEBUG] jax_fem: Function split_and_compute_cell took 0.0268 seconds
[06-24 14:11:45][DEBUG] jax_fem: CuDSSNewtonSolver: initial residual = 6.891e+05
[06-24 14:11:45][DEBUG] jax_fem: JaxAssembledMixin: computing Jacobian on device
[06-24 14:11:45][DEBUG] jax_fem: Function split_and_compute_cell took 0.0282 seconds
[06-24 14:11:45][DEBUG] jax_fem: CuDSSNewtonSolver: iter=1  res=7.765e-06  rel=1.127e-11
[06-24 14:11:45][INFO] jax_fem: CuDSSNewtonSolver: solve finished in 0.09s  res=7.765e-06
[06-24 14:11:45][INFO] jax_fem: CuDSS backward: solving adjoint problem …
[06-24 14:11:45][DEBUG] jax_fem: JaxAssembledMixin: computing Jacobian on device
[06-24 14:11:45][DEBUG] jax_fem: Function split_and_compute_cell took 0.0615 seconds
[06-24 14:11:45][DEBUG] jax_fem: Computing cell residual...
[06-24 14:11:45][DEBUG] jax_fem: Function split_and_compute_cell took 0.0740 seconds
[06-24 14:11:45][INFO] jax_fem: CuDSS backward: solving adjoint problem …
[06-24 14:11:45][DEBUG] jax_fem: JaxAssembledMixin: computing Jacobian on device
[06-24 14:11:45][DEBUG] jax_fem: Function split_and_compute_cell took 0.0630 seconds
[06-24 14:11:45][DEBUG] jax_fem: Computing cell residual...
[06-24 14:11:45][DEBUG] jax_fem: Function split_and_compute_cell took 0.0639 seconds
[06-24 14:11:46][INFO] jax_fem: CuDSS backward: solving adjoint problem …
[06-24 14:11:46][DEBUG] jax_fem: JaxAssembledMixin: computing Jacobian on device
[06-24 14:11:46][DEBUG] jax_fem: Function split_and_compute_cell took 0.0386 seconds
[06-24 14:11:46][DEBUG] jax_fem: Computing cell residual...
[06-24 14:11:46][DEBUG] jax_fem: Function split_and_compute_cell took 0.0740 seconds
[06-24 14:11:46][INFO] jax_fem: CuDSS backward: solving adjoint problem …
[06-24 14:11:46][DEBUG] jax_fem: JaxAssembledMixin: computing Jacobian on device
[06-24 14:11:46][DEBUG] jax_fem: Function split_and_compute_cell took 0.0363 seconds
[06-24 14:11:46][DEBUG] jax_fem: Computing cell residual...
[06-24 14:11:46][DEBUG] jax_fem: Function split_and_compute_cell took 0.0742 seconds
[06-24 14:11:47][INFO] jax_fem: CuDSS backward: solving adjoint problem …
[06-24 14:11:47][DEBUG] jax_fem: JaxAssembledMixin: computing Jacobian on device
[06-24 14:11:47][DEBUG] jax_fem: Function split_and_compute_cell took 0.0572 seconds
[06-24 14:11:47][DEBUG] jax_fem: Computing cell residual...
[06-24 14:11:47][DEBUG] jax_fem: Function split_and_compute_cell took 0.0701 seconds
[06-24 14:11:48][DEBUG] jax_fem: CuDSSNewtonSolver: starting Newton loop
[06-24 14:11:48][DEBUG] jax_fem: JaxAssembledMixin: computing Jacobian on device
[06-24 14:11:48][DEBUG] jax_fem: Function split_and_compute_cell took 0.0501 seconds
[06-24 14:11:48][DEBUG] jax_fem: CuDSSNewtonSolver: initial residual = 7.216e+05
[06-24 14:11:48][DEBUG] jax_fem: JaxAssembledMixin: computing Jacobian on device
[06-24 14:11:49][DEBUG] jax_fem: Function split_and_compute_cell took 0.0362 seconds
[06-24 14:11:49][DEBUG] jax_fem: CuDSSNewtonSolver: iter=1  res=5.978e-06  rel=8.284e-12
[06-24 14:11:49][INFO] jax_fem: CuDSSNewtonSolver: solve finished in 0.13s  res=5.978e-06
[06-24 14:11:49][DEBUG] jax_fem: CuDSSNewtonSolver: starting Newton loop
[06-24 14:11:49][DEBUG] jax_fem: JaxAssembledMixin: computing Jacobian on device
[06-24 14:11:49][DEBUG] jax_fem: Function split_and_compute_cell took 0.0352 seconds
[06-24 14:11:49][DEBUG] jax_fem: CuDSSNewtonSolver: initial residual = 7.188e+05
[06-24 14:11:49][DEBUG] jax_fem: JaxAssembledMixin: computing Jacobian on device
[06-24 14:11:49][DEBUG] jax_fem: Function split_and_compute_cell took 0.0484 seconds
[06-24 14:11:49][DEBUG] jax_fem: CuDSSNewtonSolver: iter=1  res=7.188e-06  rel=9.999e-12
[06-24 14:11:49][INFO] jax_fem: CuDSSNewtonSolver: solve finished in 0.13s  res=7.188e-06
[06-24 14:11:49][DEBUG] jax_fem: CuDSSNewtonSolver: starting Newton loop
[06-24 14:11:49][DEBUG] jax_fem: JaxAssembledMixin: computing Jacobian on device
[06-24 14:11:49][DEBUG] jax_fem: Function split_and_compute_cell took 0.0413 seconds
[06-24 14:11:49][DEBUG] jax_fem: CuDSSNewtonSolver: initial residual = 7.101e+05
[06-24 14:11:49][DEBUG] jax_fem: JaxAssembledMixin: computing Jacobian on device
[06-24 14:11:49][DEBUG] jax_fem: Function split_and_compute_cell took 0.0513 seconds
[06-24 14:11:49][DEBUG] jax_fem: CuDSSNewtonSolver: iter=1  res=6.026e-06  rel=8.487e-12
[06-24 14:11:49][INFO] jax_fem: CuDSSNewtonSolver: solve finished in 0.14s  res=6.026e-06
[06-24 14:11:50][DEBUG] jax_fem: CuDSSNewtonSolver: starting Newton loop
[06-24 14:11:50][DEBUG] jax_fem: JaxAssembledMixin: computing Jacobian on device
[06-24 14:11:50][DEBUG] jax_fem: Function split_and_compute_cell took 0.0443 seconds
[06-24 14:11:50][DEBUG] jax_fem: CuDSSNewtonSolver: initial residual = 7.049e+05
[06-24 14:11:50][DEBUG] jax_fem: JaxAssembledMixin: computing Jacobian on device
[06-24 14:11:50][DEBUG] jax_fem: Function split_and_compute_cell took 0.0439 seconds
[06-24 14:11:50][DEBUG] jax_fem: CuDSSNewtonSolver: iter=1  res=7.252e-06  rel=1.029e-11
[06-24 14:11:50][INFO] jax_fem: CuDSSNewtonSolver: solve finished in 0.13s  res=7.252e-06
[06-24 14:11:50][DEBUG] jax_fem: CuDSSNewtonSolver: starting Newton loop
[06-24 14:11:50][DEBUG] jax_fem: JaxAssembledMixin: computing Jacobian on device
[06-24 14:11:50][DEBUG] jax_fem: Function split_and_compute_cell took 0.0408 seconds
[06-24 14:11:50][DEBUG] jax_fem: CuDSSNewtonSolver: initial residual = 6.891e+05
[06-24 14:11:50][DEBUG] jax_fem: JaxAssembledMixin: computing Jacobian on device
[06-24 14:11:50][DEBUG] jax_fem: Function split_and_compute_cell took 0.0536 seconds
[06-24 14:11:50][DEBUG] jax_fem: CuDSSNewtonSolver: iter=1  res=7.580e-06  rel=1.100e-11
[06-24 14:11:50][INFO] jax_fem: CuDSSNewtonSolver: solve finished in 0.14s  res=7.580e-06
[06-24 14:11:52][DEBUG] jax_fem: CuDSSNewtonSolver: starting Newton loop
[06-24 14:11:52][DEBUG] jax_fem: JaxAssembledMixin: computing Jacobian on device
[06-24 14:11:52][DEBUG] jax_fem: Function split_and_compute_cell took 0.0262 seconds
[06-24 14:11:52][DEBUG] jax_fem: CuDSSNewtonSolver: initial residual = 7.216e+05
[06-24 14:11:52][DEBUG] jax_fem: JaxAssembledMixin: computing Jacobian on device
[06-24 14:11:52][DEBUG] jax_fem: Function split_and_compute_cell took 0.0259 seconds
[06-24 14:11:52][DEBUG] jax_fem: CuDSSNewtonSolver: iter=1  res=6.021e-06  rel=8.344e-12
[06-24 14:11:52][INFO] jax_fem: CuDSSNewtonSolver: solve finished in 0.09s  res=6.021e-06
[06-24 14:11:53][DEBUG] jax_fem: CuDSSNewtonSolver: starting Newton loop
[06-24 14:11:53][DEBUG] jax_fem: JaxAssembledMixin: computing Jacobian on device
[06-24 14:11:53][DEBUG] jax_fem: Function split_and_compute_cell took 0.0283 seconds
[06-24 14:11:53][DEBUG] jax_fem: CuDSSNewtonSolver: initial residual = 7.188e+05
[06-24 14:11:53][DEBUG] jax_fem: JaxAssembledMixin: computing Jacobian on device
[06-24 14:11:53][DEBUG] jax_fem: Function split_and_compute_cell took 0.0267 seconds
[06-24 14:11:53][DEBUG] jax_fem: CuDSSNewtonSolver: iter=1  res=7.077e-06  rel=9.846e-12
[06-24 14:11:53][INFO] jax_fem: CuDSSNewtonSolver: solve finished in 0.09s  res=7.077e-06
[06-24 14:11:54][DEBUG] jax_fem: CuDSSNewtonSolver: starting Newton loop
[06-24 14:11:54][DEBUG] jax_fem: JaxAssembledMixin: computing Jacobian on device
[06-24 14:11:54][DEBUG] jax_fem: Function split_and_compute_cell took 0.0252 seconds
[06-24 14:11:54][DEBUG] jax_fem: CuDSSNewtonSolver: initial residual = 7.101e+05
[06-24 14:11:54][DEBUG] jax_fem: JaxAssembledMixin: computing Jacobian on device
[06-24 14:11:54][DEBUG] jax_fem: Function split_and_compute_cell took 0.0266 seconds
[06-24 14:11:54][DEBUG] jax_fem: CuDSSNewtonSolver: iter=1  res=5.939e-06  rel=8.364e-12
[06-24 14:11:54][INFO] jax_fem: CuDSSNewtonSolver: solve finished in 0.09s  res=5.939e-06
[06-24 14:11:55][DEBUG] jax_fem: CuDSSNewtonSolver: starting Newton loop
[06-24 14:11:55][DEBUG] jax_fem: JaxAssembledMixin: computing Jacobian on device
[06-24 14:11:55][DEBUG] jax_fem: Function split_and_compute_cell took 0.0304 seconds
[06-24 14:11:55][DEBUG] jax_fem: CuDSSNewtonSolver: initial residual = 7.049e+05
[06-24 14:11:55][DEBUG] jax_fem: JaxAssembledMixin: computing Jacobian on device
[06-24 14:11:55][DEBUG] jax_fem: Function split_and_compute_cell took 0.0268 seconds
[06-24 14:11:55][DEBUG] jax_fem: CuDSSNewtonSolver: iter=1  res=7.073e-06  rel=1.003e-11
[06-24 14:11:55][INFO] jax_fem: CuDSSNewtonSolver: solve finished in 0.09s  res=7.073e-06
[06-24 14:11:55][DEBUG] jax_fem: CuDSSNewtonSolver: starting Newton loop
[06-24 14:11:55][DEBUG] jax_fem: JaxAssembledMixin: computing Jacobian on device
[06-24 14:11:55][DEBUG] jax_fem: Function split_and_compute_cell took 0.0252 seconds
[06-24 14:11:55][DEBUG] jax_fem: CuDSSNewtonSolver: initial residual = 6.891e+05
[06-24 14:11:55][DEBUG] jax_fem: JaxAssembledMixin: computing Jacobian on device
[06-24 14:11:56][DEBUG] jax_fem: Function split_and_compute_cell took 0.0265 seconds
[06-24 14:11:56][DEBUG] jax_fem: CuDSSNewtonSolver: iter=1  res=7.814e-06  rel=1.134e-11
[06-24 14:11:56][INFO] jax_fem: CuDSSNewtonSolver: solve finished in 0.09s  res=7.814e-06
[06-24 14:11:56][INFO] jax_fem: CuDSS backward: solving adjoint problem …
[06-24 14:11:56][DEBUG] jax_fem: JaxAssembledMixin: computing Jacobian on device
[06-24 14:11:56][DEBUG] jax_fem: Function split_and_compute_cell took 0.0509 seconds
[06-24 14:11:56][DEBUG] jax_fem: Computing cell residual...
[06-24 14:11:56][DEBUG] jax_fem: Function split_and_compute_cell took 0.0699 seconds
[06-24 14:11:56][INFO] jax_fem: CuDSS backward: solving adjoint problem …
[06-24 14:11:56][DEBUG] jax_fem: JaxAssembledMixin: computing Jacobian on device
[06-24 14:11:56][DEBUG] jax_fem: Function split_and_compute_cell took 0.0564 seconds
[06-24 14:11:56][DEBUG] jax_fem: Computing cell residual...
[06-24 14:11:56][DEBUG] jax_fem: Function split_and_compute_cell took 0.0806 seconds
[06-24 14:11:57][INFO] jax_fem: CuDSS backward: solving adjoint problem …
[06-24 14:11:57][DEBUG] jax_fem: JaxAssembledMixin: computing Jacobian on device
[06-24 14:11:57][DEBUG] jax_fem: Function split_and_compute_cell took 0.0507 seconds
[06-24 14:11:57][DEBUG] jax_fem: Computing cell residual...
[06-24 14:11:57][DEBUG] jax_fem: Function split_and_compute_cell took 0.0802 seconds
[06-24 14:11:57][INFO] jax_fem: CuDSS backward: solving adjoint problem …
[06-24 14:11:57][DEBUG] jax_fem: JaxAssembledMixin: computing Jacobian on device
[06-24 14:11:57][DEBUG] jax_fem: Function split_and_compute_cell took 0.0335 seconds
[06-24 14:11:57][DEBUG] jax_fem: Computing cell residual...
[06-24 14:11:57][DEBUG] jax_fem: Function split_and_compute_cell took 0.0674 seconds
[06-24 14:11:57][INFO] jax_fem: CuDSS backward: solving adjoint problem …
[06-24 14:11:57][DEBUG] jax_fem: JaxAssembledMixin: computing Jacobian on device
[06-24 14:11:57][DEBUG] jax_fem: Function split_and_compute_cell took 0.0326 seconds
[06-24 14:11:58][DEBUG] jax_fem: Computing cell residual...
[06-24 14:11:58][DEBUG] jax_fem: Function split_and_compute_cell took 0.0691 seconds
[06-24 14:11:59][DEBUG] jax_fem: CuDSSNewtonSolver: starting Newton loop
[06-24 14:11:59][DEBUG] jax_fem: JaxAssembledMixin: computing Jacobian on device
[06-24 14:11:59][DEBUG] jax_fem: Function split_and_compute_cell took 0.0461 seconds
[06-24 14:11:59][DEBUG] jax_fem: CuDSSNewtonSolver: initial residual = 7.216e+05
[06-24 14:11:59][DEBUG] jax_fem: JaxAssembledMixin: computing Jacobian on device
[06-24 14:11:59][DEBUG] jax_fem: Function split_and_compute_cell took 0.0371 seconds
[06-24 14:11:59][DEBUG] jax_fem: CuDSSNewtonSolver: iter=1  res=5.984e-06  rel=8.292e-12
[06-24 14:11:59][INFO] jax_fem: CuDSSNewtonSolver: solve finished in 0.13s  res=5.984e-06
[06-24 14:12:00][DEBUG] jax_fem: CuDSSNewtonSolver: starting Newton loop
[06-24 14:12:00][DEBUG] jax_fem: JaxAssembledMixin: computing Jacobian on device
[06-24 14:12:00][DEBUG] jax_fem: Function split_and_compute_cell took 0.0263 seconds
[06-24 14:12:00][DEBUG] jax_fem: CuDSSNewtonSolver: initial residual = 7.188e+05
[06-24 14:12:00][DEBUG] jax_fem: JaxAssembledMixin: computing Jacobian on device
[06-24 14:12:00][DEBUG] jax_fem: Function split_and_compute_cell took 0.0415 seconds
[06-24 14:12:00][DEBUG] jax_fem: CuDSSNewtonSolver: iter=1  res=6.959e-06  rel=9.681e-12
[06-24 14:12:00][INFO] jax_fem: CuDSSNewtonSolver: solve finished in 0.11s  res=6.959e-06
[06-24 14:12:00][DEBUG] jax_fem: CuDSSNewtonSolver: starting Newton loop
[06-24 14:12:00][DEBUG] jax_fem: JaxAssembledMixin: computing Jacobian on device
[06-24 14:12:00][DEBUG] jax_fem: Function split_and_compute_cell took 0.0417 seconds
[06-24 14:12:00][DEBUG] jax_fem: CuDSSNewtonSolver: initial residual = 7.101e+05
[06-24 14:12:00][DEBUG] jax_fem: JaxAssembledMixin: computing Jacobian on device
[06-24 14:12:00][DEBUG] jax_fem: Function split_and_compute_cell took 0.0462 seconds
[06-24 14:12:00][DEBUG] jax_fem: CuDSSNewtonSolver: iter=1  res=5.990e-06  rel=8.436e-12
[06-24 14:12:00][INFO] jax_fem: CuDSSNewtonSolver: solve finished in 0.14s  res=5.990e-06
[06-24 14:12:01][DEBUG] jax_fem: CuDSSNewtonSolver: starting Newton loop
[06-24 14:12:01][DEBUG] jax_fem: JaxAssembledMixin: computing Jacobian on device
[06-24 14:12:01][DEBUG] jax_fem: Function split_and_compute_cell took 0.0640 seconds
[06-24 14:12:01][DEBUG] jax_fem: CuDSSNewtonSolver: initial residual = 7.049e+05
[06-24 14:12:01][DEBUG] jax_fem: JaxAssembledMixin: computing Jacobian on device
[06-24 14:12:01][DEBUG] jax_fem: Function split_and_compute_cell took 0.0445 seconds
[06-24 14:12:01][DEBUG] jax_fem: CuDSSNewtonSolver: iter=1  res=7.395e-06  rel=1.049e-11
[06-24 14:12:01][INFO] jax_fem: CuDSSNewtonSolver: solve finished in 0.16s  res=7.395e-06
[06-24 14:12:01][DEBUG] jax_fem: CuDSSNewtonSolver: starting Newton loop
[06-24 14:12:01][DEBUG] jax_fem: JaxAssembledMixin: computing Jacobian on device
[06-24 14:12:01][DEBUG] jax_fem: Function split_and_compute_cell took 0.0409 seconds
[06-24 14:12:01][DEBUG] jax_fem: CuDSSNewtonSolver: initial residual = 6.891e+05
[06-24 14:12:01][DEBUG] jax_fem: JaxAssembledMixin: computing Jacobian on device
[06-24 14:12:01][DEBUG] jax_fem: Function split_and_compute_cell took 0.0364 seconds
[06-24 14:12:01][DEBUG] jax_fem: CuDSSNewtonSolver: iter=1  res=7.656e-06  rel=1.111e-11
[06-24 14:12:01][INFO] jax_fem: CuDSSNewtonSolver: solve finished in 0.13s  res=7.656e-06
[06-24 14:12:03][DEBUG] jax_fem: CuDSSNewtonSolver: starting Newton loop
[06-24 14:12:03][DEBUG] jax_fem: JaxAssembledMixin: computing Jacobian on device
[06-24 14:12:03][DEBUG] jax_fem: Function split_and_compute_cell took 0.0276 seconds
[06-24 14:12:03][DEBUG] jax_fem: CuDSSNewtonSolver: initial residual = 7.216e+05
[06-24 14:12:03][DEBUG] jax_fem: JaxAssembledMixin: computing Jacobian on device
[06-24 14:12:03][DEBUG] jax_fem: Function split_and_compute_cell took 0.0263 seconds
[06-24 14:12:03][DEBUG] jax_fem: CuDSSNewtonSolver: iter=1  res=5.996e-06  rel=8.309e-12
[06-24 14:12:03][INFO] jax_fem: CuDSSNewtonSolver: solve finished in 0.09s  res=5.996e-06
[06-24 14:12:04][DEBUG] jax_fem: CuDSSNewtonSolver: starting Newton loop
[06-24 14:12:04][DEBUG] jax_fem: JaxAssembledMixin: computing Jacobian on device
[06-24 14:12:04][DEBUG] jax_fem: Function split_and_compute_cell took 0.0277 seconds
[06-24 14:12:04][DEBUG] jax_fem: CuDSSNewtonSolver: initial residual = 7.188e+05
[06-24 14:12:04][DEBUG] jax_fem: JaxAssembledMixin: computing Jacobian on device
[06-24 14:12:04][DEBUG] jax_fem: Function split_and_compute_cell took 0.0273 seconds
[06-24 14:12:04][DEBUG] jax_fem: CuDSSNewtonSolver: iter=1  res=7.237e-06  rel=1.007e-11
[06-24 14:12:04][INFO] jax_fem: CuDSSNewtonSolver: solve finished in 0.10s  res=7.237e-06
[06-24 14:12:05][DEBUG] jax_fem: CuDSSNewtonSolver: starting Newton loop
[06-24 14:12:05][DEBUG] jax_fem: JaxAssembledMixin: computing Jacobian on device
[06-24 14:12:05][DEBUG] jax_fem: Function split_and_compute_cell took 0.0263 seconds
[06-24 14:12:05][DEBUG] jax_fem: CuDSSNewtonSolver: initial residual = 7.101e+05
[06-24 14:12:05][DEBUG] jax_fem: JaxAssembledMixin: computing Jacobian on device
[06-24 14:12:05][DEBUG] jax_fem: Function split_and_compute_cell took 0.0267 seconds
[06-24 14:12:05][DEBUG] jax_fem: CuDSSNewtonSolver: iter=1  res=6.088e-06  rel=8.574e-12
[06-24 14:12:05][INFO] jax_fem: CuDSSNewtonSolver: solve finished in 0.09s  res=6.088e-06
[06-24 14:12:05][DEBUG] jax_fem: CuDSSNewtonSolver: starting Newton loop
[06-24 14:12:05][DEBUG] jax_fem: JaxAssembledMixin: computing Jacobian on device
[06-24 14:12:05][DEBUG] jax_fem: Function split_and_compute_cell took 0.0266 seconds
[06-24 14:12:05][DEBUG] jax_fem: CuDSSNewtonSolver: initial residual = 7.049e+05
[06-24 14:12:05][DEBUG] jax_fem: JaxAssembledMixin: computing Jacobian on device
[06-24 14:12:05][DEBUG] jax_fem: Function split_and_compute_cell took 0.0260 seconds
[06-24 14:12:05][DEBUG] jax_fem: CuDSSNewtonSolver: iter=1  res=7.206e-06  rel=1.022e-11
[06-24 14:12:05][INFO] jax_fem: CuDSSNewtonSolver: solve finished in 0.09s  res=7.206e-06
[06-24 14:12:06][DEBUG] jax_fem: CuDSSNewtonSolver: starting Newton loop
[06-24 14:12:06][DEBUG] jax_fem: JaxAssembledMixin: computing Jacobian on device
[06-24 14:12:06][DEBUG] jax_fem: Function split_and_compute_cell took 0.0268 seconds
[06-24 14:12:06][DEBUG] jax_fem: CuDSSNewtonSolver: initial residual = 6.891e+05
[06-24 14:12:06][DEBUG] jax_fem: JaxAssembledMixin: computing Jacobian on device
[06-24 14:12:06][DEBUG] jax_fem: Function split_and_compute_cell took 0.0295 seconds
[06-24 14:12:06][DEBUG] jax_fem: CuDSSNewtonSolver: iter=1  res=7.721e-06  rel=1.120e-11
[06-24 14:12:06][INFO] jax_fem: CuDSSNewtonSolver: solve finished in 0.09s  res=7.721e-06
[06-24 14:12:06][INFO] jax_fem: CuDSS backward: solving adjoint problem …
[06-24 14:12:07][DEBUG] jax_fem: JaxAssembledMixin: computing Jacobian on device
[06-24 14:12:07][DEBUG] jax_fem: Function split_and_compute_cell took 0.0485 seconds
[06-24 14:12:07][DEBUG] jax_fem: Computing cell residual...
[06-24 14:12:07][DEBUG] jax_fem: Function split_and_compute_cell took 0.0772 seconds
[06-24 14:12:07][INFO] jax_fem: CuDSS backward: solving adjoint problem …
[06-24 14:12:07][DEBUG] jax_fem: JaxAssembledMixin: computing Jacobian on device
[06-24 14:12:07][DEBUG] jax_fem: Function split_and_compute_cell took 0.0481 seconds
[06-24 14:12:07][DEBUG] jax_fem: Computing cell residual...
[06-24 14:12:07][DEBUG] jax_fem: Function split_and_compute_cell took 0.0859 seconds
[06-24 14:12:07][INFO] jax_fem: CuDSS backward: solving adjoint problem …
[06-24 14:12:07][DEBUG] jax_fem: JaxAssembledMixin: computing Jacobian on device
[06-24 14:12:07][DEBUG] jax_fem: Function split_and_compute_cell took 0.0249 seconds
[06-24 14:12:08][DEBUG] jax_fem: Computing cell residual...
[06-24 14:12:08][DEBUG] jax_fem: Function split_and_compute_cell took 0.0655 seconds
[06-24 14:12:08][INFO] jax_fem: CuDSS backward: solving adjoint problem …
[06-24 14:12:08][DEBUG] jax_fem: JaxAssembledMixin: computing Jacobian on device
[06-24 14:12:08][DEBUG] jax_fem: Function split_and_compute_cell took 0.0401 seconds
[06-24 14:12:08][DEBUG] jax_fem: Computing cell residual...
[06-24 14:12:08][DEBUG] jax_fem: Function split_and_compute_cell took 0.0757 seconds
[06-24 14:12:08][INFO] jax_fem: CuDSS backward: solving adjoint problem …
[06-24 14:12:08][DEBUG] jax_fem: JaxAssembledMixin: computing Jacobian on device
[06-24 14:12:08][DEBUG] jax_fem: Function split_and_compute_cell took 0.0330 seconds
[06-24 14:12:08][DEBUG] jax_fem: Computing cell residual...
[06-24 14:12:08][DEBUG] jax_fem: Function split_and_compute_cell took 0.0592 seconds
[06-24 14:12:10][DEBUG] jax_fem: CuDSSNewtonSolver: starting Newton loop
[06-24 14:12:10][DEBUG] jax_fem: JaxAssembledMixin: computing Jacobian on device
[06-24 14:12:10][DEBUG] jax_fem: Function split_and_compute_cell took 0.0332 seconds
[06-24 14:12:10][DEBUG] jax_fem: CuDSSNewtonSolver: initial residual = 7.216e+05
[06-24 14:12:10][DEBUG] jax_fem: JaxAssembledMixin: computing Jacobian on device
[06-24 14:12:10][DEBUG] jax_fem: Function split_and_compute_cell took 0.0462 seconds
[06-24 14:12:10][DEBUG] jax_fem: CuDSSNewtonSolver: iter=1  res=5.909e-06  rel=8.188e-12
[06-24 14:12:10][INFO] jax_fem: CuDSSNewtonSolver: solve finished in 0.12s  res=5.909e-06
[06-24 14:12:11][DEBUG] jax_fem: CuDSSNewtonSolver: starting Newton loop
[06-24 14:12:11][DEBUG] jax_fem: JaxAssembledMixin: computing Jacobian on device
[06-24 14:12:11][DEBUG] jax_fem: Function split_and_compute_cell took 0.0639 seconds
[06-24 14:12:11][DEBUG] jax_fem: CuDSSNewtonSolver: initial residual = 7.188e+05
[06-24 14:12:11][DEBUG] jax_fem: JaxAssembledMixin: computing Jacobian on device
[06-24 14:12:11][DEBUG] jax_fem: Function split_and_compute_cell took 0.0572 seconds
[06-24 14:12:11][DEBUG] jax_fem: CuDSSNewtonSolver: iter=1  res=7.100e-06  rel=9.878e-12
[06-24 14:12:11][INFO] jax_fem: CuDSSNewtonSolver: solve finished in 0.17s  res=7.100e-06
[06-24 14:12:11][DEBUG] jax_fem: CuDSSNewtonSolver: starting Newton loop
[06-24 14:12:11][DEBUG] jax_fem: JaxAssembledMixin: computing Jacobian on device
[06-24 14:12:11][DEBUG] jax_fem: Function split_and_compute_cell took 0.0530 seconds
[06-24 14:12:11][DEBUG] jax_fem: CuDSSNewtonSolver: initial residual = 7.101e+05
[06-24 14:12:11][DEBUG] jax_fem: JaxAssembledMixin: computing Jacobian on device
[06-24 14:12:11][DEBUG] jax_fem: Function split_and_compute_cell took 0.0446 seconds
[06-24 14:12:11][DEBUG] jax_fem: CuDSSNewtonSolver: iter=1  res=6.063e-06  rel=8.538e-12
[06-24 14:12:11][INFO] jax_fem: CuDSSNewtonSolver: solve finished in 0.14s  res=6.063e-06
[06-24 14:12:12][DEBUG] jax_fem: CuDSSNewtonSolver: starting Newton loop
[06-24 14:12:12][DEBUG] jax_fem: JaxAssembledMixin: computing Jacobian on device
[06-24 14:12:12][DEBUG] jax_fem: Function split_and_compute_cell took 0.0454 seconds
[06-24 14:12:12][DEBUG] jax_fem: CuDSSNewtonSolver: initial residual = 7.049e+05
[06-24 14:12:12][DEBUG] jax_fem: JaxAssembledMixin: computing Jacobian on device
[06-24 14:12:12][DEBUG] jax_fem: Function split_and_compute_cell took 0.0249 seconds
[06-24 14:12:12][DEBUG] jax_fem: CuDSSNewtonSolver: iter=1  res=7.139e-06  rel=1.013e-11
[06-24 14:12:12][INFO] jax_fem: CuDSSNewtonSolver: solve finished in 0.12s  res=7.139e-06
[06-24 14:12:12][DEBUG] jax_fem: CuDSSNewtonSolver: starting Newton loop
[06-24 14:12:12][DEBUG] jax_fem: JaxAssembledMixin: computing Jacobian on device
[06-24 14:12:12][DEBUG] jax_fem: Function split_and_compute_cell took 0.0313 seconds
[06-24 14:12:12][DEBUG] jax_fem: CuDSSNewtonSolver: initial residual = 6.891e+05
[06-24 14:12:12][DEBUG] jax_fem: JaxAssembledMixin: computing Jacobian on device
[06-24 14:12:12][DEBUG] jax_fem: Function split_and_compute_cell took 0.0263 seconds
[06-24 14:12:12][DEBUG] jax_fem: CuDSSNewtonSolver: iter=1  res=7.765e-06  rel=1.127e-11
[06-24 14:12:12][INFO] jax_fem: CuDSSNewtonSolver: solve finished in 0.10s  res=7.765e-06
[06-24 14:12:14][DEBUG] jax_fem: CuDSSNewtonSolver: starting Newton loop
[06-24 14:12:14][DEBUG] jax_fem: JaxAssembledMixin: computing Jacobian on device
[06-24 14:12:14][DEBUG] jax_fem: Function split_and_compute_cell took 0.0260 seconds
[06-24 14:12:14][DEBUG] jax_fem: CuDSSNewtonSolver: initial residual = 7.216e+05
[06-24 14:12:14][DEBUG] jax_fem: JaxAssembledMixin: computing Jacobian on device
[06-24 14:12:14][DEBUG] jax_fem: Function split_and_compute_cell took 0.0253 seconds
[06-24 14:12:14][DEBUG] jax_fem: CuDSSNewtonSolver: iter=1  res=5.997e-06  rel=8.310e-12
[06-24 14:12:14][INFO] jax_fem: CuDSSNewtonSolver: solve finished in 0.09s  res=5.997e-06
[06-24 14:12:15][DEBUG] jax_fem: CuDSSNewtonSolver: starting Newton loop
[06-24 14:12:15][DEBUG] jax_fem: JaxAssembledMixin: computing Jacobian on device
[06-24 14:12:15][DEBUG] jax_fem: Function split_and_compute_cell took 0.0284 seconds
[06-24 14:12:15][DEBUG] jax_fem: CuDSSNewtonSolver: initial residual = 7.188e+05
[06-24 14:12:15][DEBUG] jax_fem: JaxAssembledMixin: computing Jacobian on device
[06-24 14:12:15][DEBUG] jax_fem: Function split_and_compute_cell took 0.0256 seconds
[06-24 14:12:15][DEBUG] jax_fem: CuDSSNewtonSolver: iter=1  res=7.027e-06  rel=9.776e-12
[06-24 14:12:15][INFO] jax_fem: CuDSSNewtonSolver: solve finished in 0.09s  res=7.027e-06
[06-24 14:12:15][DEBUG] jax_fem: CuDSSNewtonSolver: starting Newton loop
[06-24 14:12:15][DEBUG] jax_fem: JaxAssembledMixin: computing Jacobian on device
[06-24 14:12:15][DEBUG] jax_fem: Function split_and_compute_cell took 0.0293 seconds
[06-24 14:12:15][DEBUG] jax_fem: CuDSSNewtonSolver: initial residual = 7.101e+05
[06-24 14:12:15][DEBUG] jax_fem: JaxAssembledMixin: computing Jacobian on device
[06-24 14:12:15][DEBUG] jax_fem: Function split_and_compute_cell took 0.0259 seconds
[06-24 14:12:15][DEBUG] jax_fem: CuDSSNewtonSolver: iter=1  res=6.055e-06  rel=8.528e-12
[06-24 14:12:15][INFO] jax_fem: CuDSSNewtonSolver: solve finished in 0.09s  res=6.055e-06
[06-24 14:12:16][DEBUG] jax_fem: CuDSSNewtonSolver: starting Newton loop
[06-24 14:12:16][DEBUG] jax_fem: JaxAssembledMixin: computing Jacobian on device
[06-24 14:12:16][DEBUG] jax_fem: Function split_and_compute_cell took 0.0268 seconds
[06-24 14:12:16][DEBUG] jax_fem: CuDSSNewtonSolver: initial residual = 7.049e+05
[06-24 14:12:16][DEBUG] jax_fem: JaxAssembledMixin: computing Jacobian on device
[06-24 14:12:16][DEBUG] jax_fem: Function split_and_compute_cell took 0.0265 seconds
[06-24 14:12:16][DEBUG] jax_fem: CuDSSNewtonSolver: iter=1  res=7.178e-06  rel=1.018e-11
[06-24 14:12:16][INFO] jax_fem: CuDSSNewtonSolver: solve finished in 0.09s  res=7.178e-06
[06-24 14:12:17][DEBUG] jax_fem: CuDSSNewtonSolver: starting Newton loop
[06-24 14:12:17][DEBUG] jax_fem: JaxAssembledMixin: computing Jacobian on device
[06-24 14:12:17][DEBUG] jax_fem: Function split_and_compute_cell took 0.0283 seconds
[06-24 14:12:17][DEBUG] jax_fem: CuDSSNewtonSolver: initial residual = 6.891e+05
[06-24 14:12:17][DEBUG] jax_fem: JaxAssembledMixin: computing Jacobian on device
[06-24 14:12:17][DEBUG] jax_fem: Function split_and_compute_cell took 0.0247 seconds
[06-24 14:12:17][DEBUG] jax_fem: CuDSSNewtonSolver: iter=1  res=7.734e-06  rel=1.122e-11
[06-24 14:12:17][INFO] jax_fem: CuDSSNewtonSolver: solve finished in 0.09s  res=7.734e-06
[06-24 14:12:17][INFO] jax_fem: CuDSS backward: solving adjoint problem …
[06-24 14:12:17][DEBUG] jax_fem: JaxAssembledMixin: computing Jacobian on device
[06-24 14:12:17][DEBUG] jax_fem: Function split_and_compute_cell took 0.0324 seconds
[06-24 14:12:17][DEBUG] jax_fem: Computing cell residual...
[06-24 14:12:17][DEBUG] jax_fem: Function split_and_compute_cell took 0.0742 seconds
[06-24 14:12:17][INFO] jax_fem: CuDSS backward: solving adjoint problem …
[06-24 14:12:17][DEBUG] jax_fem: JaxAssembledMixin: computing Jacobian on device
[06-24 14:12:17][DEBUG] jax_fem: Function split_and_compute_cell took 0.0391 seconds
[06-24 14:12:17][DEBUG] jax_fem: Computing cell residual...
[06-24 14:12:18][DEBUG] jax_fem: Function split_and_compute_cell took 0.0609 seconds
[06-24 14:12:18][INFO] jax_fem: CuDSS backward: solving adjoint problem …
[06-24 14:12:18][DEBUG] jax_fem: JaxAssembledMixin: computing Jacobian on device
[06-24 14:12:18][DEBUG] jax_fem: Function split_and_compute_cell took 0.0505 seconds
[06-24 14:12:18][DEBUG] jax_fem: Computing cell residual...
[06-24 14:12:18][DEBUG] jax_fem: Function split_and_compute_cell took 0.0679 seconds
[06-24 14:12:18][INFO] jax_fem: CuDSS backward: solving adjoint problem …
[06-24 14:12:18][DEBUG] jax_fem: JaxAssembledMixin: computing Jacobian on device
[06-24 14:12:18][DEBUG] jax_fem: Function split_and_compute_cell took 0.0419 seconds
[06-24 14:12:18][DEBUG] jax_fem: Computing cell residual...
[06-24 14:12:18][DEBUG] jax_fem: Function split_and_compute_cell took 0.0580 seconds
[06-24 14:12:19][INFO] jax_fem: CuDSS backward: solving adjoint problem …
[06-24 14:12:19][DEBUG] jax_fem: JaxAssembledMixin: computing Jacobian on device
[06-24 14:12:19][DEBUG] jax_fem: Function split_and_compute_cell took 0.0477 seconds
[06-24 14:12:19][DEBUG] jax_fem: Computing cell residual...
[06-24 14:12:19][DEBUG] jax_fem: Function split_and_compute_cell took 0.0726 seconds
[06-24 14:12:21][DEBUG] jax_fem: CuDSSNewtonSolver: starting Newton loop
[06-24 14:12:21][DEBUG] jax_fem: JaxAssembledMixin: computing Jacobian on device
[06-24 14:12:21][DEBUG] jax_fem: Function split_and_compute_cell took 0.0527 seconds
[06-24 14:12:21][DEBUG] jax_fem: CuDSSNewtonSolver: initial residual = 7.216e+05
[06-24 14:12:21][DEBUG] jax_fem: JaxAssembledMixin: computing Jacobian on device
[06-24 14:12:21][DEBUG] jax_fem: Function split_and_compute_cell took 0.0389 seconds
[06-24 14:12:21][DEBUG] jax_fem: CuDSSNewtonSolver: iter=1  res=5.929e-06  rel=8.216e-12
[06-24 14:12:21][INFO] jax_fem: CuDSSNewtonSolver: solve finished in 0.14s  res=5.929e-06
[06-24 14:12:21][DEBUG] jax_fem: CuDSSNewtonSolver: starting Newton loop
[06-24 14:12:21][DEBUG] jax_fem: JaxAssembledMixin: computing Jacobian on device
[06-24 14:12:21][DEBUG] jax_fem: Function split_and_compute_cell took 0.0440 seconds
[06-24 14:12:21][DEBUG] jax_fem: CuDSSNewtonSolver: initial residual = 7.188e+05
[06-24 14:12:21][DEBUG] jax_fem: JaxAssembledMixin: computing Jacobian on device
[06-24 14:12:21][DEBUG] jax_fem: Function split_and_compute_cell took 0.0567 seconds
[06-24 14:12:21][DEBUG] jax_fem: CuDSSNewtonSolver: iter=1  res=7.203e-06  rel=1.002e-11
[06-24 14:12:21][INFO] jax_fem: CuDSSNewtonSolver: solve finished in 0.15s  res=7.203e-06
[06-24 14:12:21][DEBUG] jax_fem: CuDSSNewtonSolver: starting Newton loop
[06-24 14:12:21][DEBUG] jax_fem: JaxAssembledMixin: computing Jacobian on device
[06-24 14:12:22][DEBUG] jax_fem: Function split_and_compute_cell took 0.0245 seconds
[06-24 14:12:22][DEBUG] jax_fem: CuDSSNewtonSolver: initial residual = 7.101e+05
[06-24 14:12:22][DEBUG] jax_fem: JaxAssembledMixin: computing Jacobian on device
[06-24 14:12:22][DEBUG] jax_fem: Function split_and_compute_cell took 0.0433 seconds
[06-24 14:12:22][DEBUG] jax_fem: CuDSSNewtonSolver: iter=1  res=5.971e-06  rel=8.409e-12
[06-24 14:12:22][INFO] jax_fem: CuDSSNewtonSolver: solve finished in 0.11s  res=5.971e-06
[06-24 14:12:22][DEBUG] jax_fem: CuDSSNewtonSolver: starting Newton loop
[06-24 14:12:22][DEBUG] jax_fem: JaxAssembledMixin: computing Jacobian on device
[06-24 14:12:22][DEBUG] jax_fem: Function split_and_compute_cell took 0.0303 seconds
[06-24 14:12:22][DEBUG] jax_fem: CuDSSNewtonSolver: initial residual = 7.049e+05
[06-24 14:12:22][DEBUG] jax_fem: JaxAssembledMixin: computing Jacobian on device
[06-24 14:12:22][DEBUG] jax_fem: Function split_and_compute_cell took 0.0316 seconds
[06-24 14:12:22][DEBUG] jax_fem: CuDSSNewtonSolver: iter=1  res=7.224e-06  rel=1.025e-11
[06-24 14:12:22][INFO] jax_fem: CuDSSNewtonSolver: solve finished in 0.12s  res=7.224e-06
[06-24 14:12:22][DEBUG] jax_fem: CuDSSNewtonSolver: starting Newton loop
[06-24 14:12:22][DEBUG] jax_fem: JaxAssembledMixin: computing Jacobian on device
[06-24 14:12:22][DEBUG] jax_fem: Function split_and_compute_cell took 0.0359 seconds
[06-24 14:12:22][DEBUG] jax_fem: CuDSSNewtonSolver: initial residual = 6.891e+05
[06-24 14:12:22][DEBUG] jax_fem: JaxAssembledMixin: computing Jacobian on device
[06-24 14:12:22][DEBUG] jax_fem: Function split_and_compute_cell took 0.0321 seconds
[06-24 14:12:22][DEBUG] jax_fem: CuDSSNewtonSolver: iter=1  res=7.557e-06  rel=1.097e-11
[06-24 14:12:22][INFO] jax_fem: CuDSSNewtonSolver: solve finished in 0.11s  res=7.557e-06
[06-24 14:12:24][DEBUG] jax_fem: CuDSSNewtonSolver: starting Newton loop
[06-24 14:12:24][DEBUG] jax_fem: JaxAssembledMixin: computing Jacobian on device
[06-24 14:12:24][DEBUG] jax_fem: Function split_and_compute_cell took 0.0283 seconds
[06-24 14:12:24][DEBUG] jax_fem: CuDSSNewtonSolver: initial residual = 7.216e+05
[06-24 14:12:24][DEBUG] jax_fem: JaxAssembledMixin: computing Jacobian on device
[06-24 14:12:25][DEBUG] jax_fem: Function split_and_compute_cell took 0.0239 seconds
[06-24 14:12:25][DEBUG] jax_fem: CuDSSNewtonSolver: iter=1  res=5.873e-06  rel=8.139e-12
[06-24 14:12:25][INFO] jax_fem: CuDSSNewtonSolver: solve finished in 0.09s  res=5.873e-06
[06-24 14:12:25][DEBUG] jax_fem: CuDSSNewtonSolver: starting Newton loop
[06-24 14:12:25][DEBUG] jax_fem: JaxAssembledMixin: computing Jacobian on device
[06-24 14:12:25][DEBUG] jax_fem: Function split_and_compute_cell took 0.0278 seconds
[06-24 14:12:25][DEBUG] jax_fem: CuDSSNewtonSolver: initial residual = 7.188e+05
[06-24 14:12:25][DEBUG] jax_fem: JaxAssembledMixin: computing Jacobian on device
[06-24 14:12:25][DEBUG] jax_fem: Function split_and_compute_cell took 0.0267 seconds
[06-24 14:12:25][DEBUG] jax_fem: CuDSSNewtonSolver: iter=1  res=6.968e-06  rel=9.694e-12
[06-24 14:12:25][INFO] jax_fem: CuDSSNewtonSolver: solve finished in 0.09s  res=6.968e-06
[06-24 14:12:26][DEBUG] jax_fem: CuDSSNewtonSolver: starting Newton loop
[06-24 14:12:26][DEBUG] jax_fem: JaxAssembledMixin: computing Jacobian on device
[06-24 14:12:26][DEBUG] jax_fem: Function split_and_compute_cell took 0.0265 seconds
[06-24 14:12:26][DEBUG] jax_fem: CuDSSNewtonSolver: initial residual = 7.101e+05
[06-24 14:12:26][DEBUG] jax_fem: JaxAssembledMixin: computing Jacobian on device
[06-24 14:12:26][DEBUG] jax_fem: Function split_and_compute_cell took 0.0296 seconds
[06-24 14:12:26][DEBUG] jax_fem: CuDSSNewtonSolver: iter=1  res=6.025e-06  rel=8.485e-12
[06-24 14:12:26][INFO] jax_fem: CuDSSNewtonSolver: solve finished in 0.09s  res=6.025e-06
[06-24 14:12:27][DEBUG] jax_fem: CuDSSNewtonSolver: starting Newton loop
[06-24 14:12:27][DEBUG] jax_fem: JaxAssembledMixin: computing Jacobian on device
[06-24 14:12:27][DEBUG] jax_fem: Function split_and_compute_cell took 0.0273 seconds
[06-24 14:12:27][DEBUG] jax_fem: CuDSSNewtonSolver: initial residual = 7.049e+05
[06-24 14:12:27][DEBUG] jax_fem: JaxAssembledMixin: computing Jacobian on device
[06-24 14:12:27][DEBUG] jax_fem: Function split_and_compute_cell took 0.0256 seconds
[06-24 14:12:27][DEBUG] jax_fem: CuDSSNewtonSolver: iter=1  res=7.194e-06  rel=1.021e-11
[06-24 14:12:27][INFO] jax_fem: CuDSSNewtonSolver: solve finished in 0.09s  res=7.194e-06
[06-24 14:12:27][DEBUG] jax_fem: CuDSSNewtonSolver: starting Newton loop
[06-24 14:12:27][DEBUG] jax_fem: JaxAssembledMixin: computing Jacobian on device
[06-24 14:12:27][DEBUG] jax_fem: Function split_and_compute_cell took 0.0277 seconds
[06-24 14:12:27][DEBUG] jax_fem: CuDSSNewtonSolver: initial residual = 6.891e+05
[06-24 14:12:27][DEBUG] jax_fem: JaxAssembledMixin: computing Jacobian on device
[06-24 14:12:27][DEBUG] jax_fem: Function split_and_compute_cell took 0.0250 seconds
[06-24 14:12:27][DEBUG] jax_fem: CuDSSNewtonSolver: iter=1  res=7.289e-06  rel=1.058e-11
[06-24 14:12:27][INFO] jax_fem: CuDSSNewtonSolver: solve finished in 0.09s  res=7.289e-06
[06-24 14:12:28][INFO] jax_fem: CuDSS backward: solving adjoint problem …
[06-24 14:12:28][DEBUG] jax_fem: JaxAssembledMixin: computing Jacobian on device
[06-24 14:12:28][DEBUG] jax_fem: Function split_and_compute_cell took 0.0501 seconds
[06-24 14:12:28][DEBUG] jax_fem: Computing cell residual...
[06-24 14:12:28][DEBUG] jax_fem: Function split_and_compute_cell took 0.0831 seconds
[06-24 14:12:28][INFO] jax_fem: CuDSS backward: solving adjoint problem …
[06-24 14:12:28][DEBUG] jax_fem: JaxAssembledMixin: computing Jacobian on device
[06-24 14:12:28][DEBUG] jax_fem: Function split_and_compute_cell took 0.0250 seconds
[06-24 14:12:28][DEBUG] jax_fem: Computing cell residual...
[06-24 14:12:28][DEBUG] jax_fem: Function split_and_compute_cell took 0.0641 seconds
[06-24 14:12:28][INFO] jax_fem: CuDSS backward: solving adjoint problem …
[06-24 14:12:28][DEBUG] jax_fem: JaxAssembledMixin: computing Jacobian on device
[06-24 14:12:28][DEBUG] jax_fem: Function split_and_compute_cell took 0.0479 seconds
[06-24 14:12:29][DEBUG] jax_fem: Computing cell residual...
[06-24 14:12:29][DEBUG] jax_fem: Function split_and_compute_cell took 0.0654 seconds
[06-24 14:12:29][INFO] jax_fem: CuDSS backward: solving adjoint problem …
[06-24 14:12:29][DEBUG] jax_fem: JaxAssembledMixin: computing Jacobian on device
[06-24 14:12:29][DEBUG] jax_fem: Function split_and_compute_cell took 0.0557 seconds
[06-24 14:12:29][DEBUG] jax_fem: Computing cell residual...
[06-24 14:12:29][DEBUG] jax_fem: Function split_and_compute_cell took 0.0701 seconds
[06-24 14:12:29][INFO] jax_fem: CuDSS backward: solving adjoint problem …
[06-24 14:12:29][DEBUG] jax_fem: JaxAssembledMixin: computing Jacobian on device
[06-24 14:12:29][DEBUG] jax_fem: Function split_and_compute_cell took 0.0420 seconds
[06-24 14:12:29][DEBUG] jax_fem: Computing cell residual...
[06-24 14:12:29][DEBUG] jax_fem: Function split_and_compute_cell took 0.0624 seconds
[06-24 14:12:31][DEBUG] jax_fem: CuDSSNewtonSolver: starting Newton loop
[06-24 14:12:31][DEBUG] jax_fem: JaxAssembledMixin: computing Jacobian on device
[06-24 14:12:31][DEBUG] jax_fem: Function split_and_compute_cell took 0.0378 seconds
[06-24 14:12:31][DEBUG] jax_fem: CuDSSNewtonSolver: initial residual = 7.216e+05
[06-24 14:12:31][DEBUG] jax_fem: JaxAssembledMixin: computing Jacobian on device
[06-24 14:12:31][DEBUG] jax_fem: Function split_and_compute_cell took 0.0463 seconds
[06-24 14:12:31][DEBUG] jax_fem: CuDSSNewtonSolver: iter=1  res=5.746e-06  rel=7.963e-12
[06-24 14:12:31][INFO] jax_fem: CuDSSNewtonSolver: solve finished in 0.13s  res=5.746e-06
[06-24 14:12:32][DEBUG] jax_fem: CuDSSNewtonSolver: starting Newton loop
[06-24 14:12:32][DEBUG] jax_fem: JaxAssembledMixin: computing Jacobian on device
[06-24 14:12:32][DEBUG] jax_fem: Function split_and_compute_cell took 0.0271 seconds
[06-24 14:12:32][DEBUG] jax_fem: CuDSSNewtonSolver: initial residual = 7.188e+05
[06-24 14:12:32][DEBUG] jax_fem: JaxAssembledMixin: computing Jacobian on device
[06-24 14:12:32][DEBUG] jax_fem: Function split_and_compute_cell took 0.0290 seconds
[06-24 14:12:32][DEBUG] jax_fem: CuDSSNewtonSolver: iter=1  res=7.281e-06  rel=1.013e-11
[06-24 14:12:32][INFO] jax_fem: CuDSSNewtonSolver: solve finished in 0.10s  res=7.281e-06
[06-24 14:12:32][DEBUG] jax_fem: CuDSSNewtonSolver: starting Newton loop
[06-24 14:12:32][DEBUG] jax_fem: JaxAssembledMixin: computing Jacobian on device
[06-24 14:12:32][DEBUG] jax_fem: Function split_and_compute_cell took 0.0269 seconds
[06-24 14:12:32][DEBUG] jax_fem: CuDSSNewtonSolver: initial residual = 7.101e+05
[06-24 14:12:32][DEBUG] jax_fem: JaxAssembledMixin: computing Jacobian on device
[06-24 14:12:32][DEBUG] jax_fem: Function split_and_compute_cell took 0.0459 seconds
[06-24 14:12:32][DEBUG] jax_fem: CuDSSNewtonSolver: iter=1  res=6.012e-06  rel=8.467e-12
[06-24 14:12:32][INFO] jax_fem: CuDSSNewtonSolver: solve finished in 0.12s  res=6.012e-06
[06-24 14:12:33][DEBUG] jax_fem: CuDSSNewtonSolver: starting Newton loop
[06-24 14:12:33][DEBUG] jax_fem: JaxAssembledMixin: computing Jacobian on device
[06-24 14:12:33][DEBUG] jax_fem: Function split_and_compute_cell took 0.0505 seconds
[06-24 14:12:33][DEBUG] jax_fem: CuDSSNewtonSolver: initial residual = 7.049e+05
[06-24 14:12:33][DEBUG] jax_fem: JaxAssembledMixin: computing Jacobian on device
[06-24 14:12:33][DEBUG] jax_fem: Function split_and_compute_cell took 0.0440 seconds
[06-24 14:12:33][DEBUG] jax_fem: CuDSSNewtonSolver: iter=1  res=6.968e-06  rel=9.884e-12
[06-24 14:12:33][INFO] jax_fem: CuDSSNewtonSolver: solve finished in 0.15s  res=6.968e-06
[06-24 14:12:33][DEBUG] jax_fem: CuDSSNewtonSolver: starting Newton loop
[06-24 14:12:33][DEBUG] jax_fem: JaxAssembledMixin: computing Jacobian on device
[06-24 14:12:33][DEBUG] jax_fem: Function split_and_compute_cell took 0.0524 seconds
[06-24 14:12:33][DEBUG] jax_fem: CuDSSNewtonSolver: initial residual = 6.891e+05
[06-24 14:12:33][DEBUG] jax_fem: JaxAssembledMixin: computing Jacobian on device
[06-24 14:12:33][DEBUG] jax_fem: Function split_and_compute_cell took 0.0429 seconds
[06-24 14:12:33][DEBUG] jax_fem: CuDSSNewtonSolver: iter=1  res=7.602e-06  rel=1.103e-11
[06-24 14:12:33][INFO] jax_fem: CuDSSNewtonSolver: solve finished in 0.14s  res=7.602e-06
[06-24 14:12:35][DEBUG] jax_fem: CuDSSNewtonSolver: starting Newton loop
[06-24 14:12:35][DEBUG] jax_fem: JaxAssembledMixin: computing Jacobian on device
[06-24 14:12:35][DEBUG] jax_fem: Function split_and_compute_cell took 0.0265 seconds
[06-24 14:12:35][DEBUG] jax_fem: CuDSSNewtonSolver: initial residual = 7.216e+05
[06-24 14:12:35][DEBUG] jax_fem: JaxAssembledMixin: computing Jacobian on device
[06-24 14:12:35][DEBUG] jax_fem: Function split_and_compute_cell took 0.0270 seconds
[06-24 14:12:35][DEBUG] jax_fem: CuDSSNewtonSolver: iter=1  res=5.911e-06  rel=8.191e-12
[06-24 14:12:35][INFO] jax_fem: CuDSSNewtonSolver: solve finished in 0.09s  res=5.911e-06
[06-24 14:12:36][DEBUG] jax_fem: CuDSSNewtonSolver: starting Newton loop
[06-24 14:12:36][DEBUG] jax_fem: JaxAssembledMixin: computing Jacobian on device
[06-24 14:12:36][DEBUG] jax_fem: Function split_and_compute_cell took 0.0254 seconds
[06-24 14:12:36][DEBUG] jax_fem: CuDSSNewtonSolver: initial residual = 7.188e+05
[06-24 14:12:36][DEBUG] jax_fem: JaxAssembledMixin: computing Jacobian on device
[06-24 14:12:36][DEBUG] jax_fem: Function split_and_compute_cell took 0.0258 seconds
[06-24 14:12:36][DEBUG] jax_fem: CuDSSNewtonSolver: iter=1  res=7.219e-06  rel=1.004e-11
[06-24 14:12:36][INFO] jax_fem: CuDSSNewtonSolver: solve finished in 0.09s  res=7.219e-06
[06-24 14:12:37][DEBUG] jax_fem: CuDSSNewtonSolver: starting Newton loop
[06-24 14:12:37][DEBUG] jax_fem: JaxAssembledMixin: computing Jacobian on device
[06-24 14:12:37][DEBUG] jax_fem: Function split_and_compute_cell took 0.0257 seconds
[06-24 14:12:37][DEBUG] jax_fem: CuDSSNewtonSolver: initial residual = 7.101e+05
[06-24 14:12:37][DEBUG] jax_fem: JaxAssembledMixin: computing Jacobian on device
[06-24 14:12:37][DEBUG] jax_fem: Function split_and_compute_cell took 0.0254 seconds
[06-24 14:12:37][DEBUG] jax_fem: CuDSSNewtonSolver: iter=1  res=5.899e-06  rel=8.308e-12
[06-24 14:12:37][INFO] jax_fem: CuDSSNewtonSolver: solve finished in 0.09s  res=5.899e-06
[06-24 14:12:37][DEBUG] jax_fem: CuDSSNewtonSolver: starting Newton loop
[06-24 14:12:37][DEBUG] jax_fem: JaxAssembledMixin: computing Jacobian on device
[06-24 14:12:37][DEBUG] jax_fem: Function split_and_compute_cell took 0.0270 seconds
[06-24 14:12:37][DEBUG] jax_fem: CuDSSNewtonSolver: initial residual = 7.049e+05
[06-24 14:12:37][DEBUG] jax_fem: JaxAssembledMixin: computing Jacobian on device
[06-24 14:12:37][DEBUG] jax_fem: Function split_and_compute_cell took 0.0268 seconds
[06-24 14:12:37][DEBUG] jax_fem: CuDSSNewtonSolver: iter=1  res=7.185e-06  rel=1.019e-11
[06-24 14:12:37][INFO] jax_fem: CuDSSNewtonSolver: solve finished in 0.09s  res=7.185e-06
[06-24 14:12:38][DEBUG] jax_fem: CuDSSNewtonSolver: starting Newton loop
[06-24 14:12:38][DEBUG] jax_fem: JaxAssembledMixin: computing Jacobian on device
[06-24 14:12:38][DEBUG] jax_fem: Function split_and_compute_cell took 0.0271 seconds
[06-24 14:12:38][DEBUG] jax_fem: CuDSSNewtonSolver: initial residual = 6.891e+05
[06-24 14:12:38][DEBUG] jax_fem: JaxAssembledMixin: computing Jacobian on device
[06-24 14:12:38][DEBUG] jax_fem: Function split_and_compute_cell took 0.0265 seconds
[06-24 14:12:38][DEBUG] jax_fem: CuDSSNewtonSolver: iter=1  res=7.800e-06  rel=1.132e-11
[06-24 14:12:38][INFO] jax_fem: CuDSSNewtonSolver: solve finished in 0.09s  res=7.800e-06
[06-24 14:12:38][INFO] jax_fem: CuDSS backward: solving adjoint problem …
[06-24 14:12:38][DEBUG] jax_fem: JaxAssembledMixin: computing Jacobian on device
[06-24 14:12:38][DEBUG] jax_fem: Function split_and_compute_cell took 0.0575 seconds
[06-24 14:12:38][DEBUG] jax_fem: Computing cell residual...
[06-24 14:12:38][DEBUG] jax_fem: Function split_and_compute_cell took 0.0778 seconds
[06-24 14:12:39][INFO] jax_fem: CuDSS backward: solving adjoint problem …
[06-24 14:12:39][DEBUG] jax_fem: JaxAssembledMixin: computing Jacobian on device
[06-24 14:12:39][DEBUG] jax_fem: Function split_and_compute_cell took 0.0448 seconds
[06-24 14:12:39][DEBUG] jax_fem: Computing cell residual...
[06-24 14:12:39][DEBUG] jax_fem: Function split_and_compute_cell took 0.0651 seconds
[06-24 14:12:39][INFO] jax_fem: CuDSS backward: solving adjoint problem …
[06-24 14:12:39][DEBUG] jax_fem: JaxAssembledMixin: computing Jacobian on device
[06-24 14:12:39][DEBUG] jax_fem: Function split_and_compute_cell took 0.0454 seconds
[06-24 14:12:39][DEBUG] jax_fem: Computing cell residual...
[06-24 14:12:39][DEBUG] jax_fem: Function split_and_compute_cell took 0.0736 seconds
[06-24 14:12:40][INFO] jax_fem: CuDSS backward: solving adjoint problem …
[06-24 14:12:40][DEBUG] jax_fem: JaxAssembledMixin: computing Jacobian on device
[06-24 14:12:40][DEBUG] jax_fem: Function split_and_compute_cell took 0.0585 seconds
[06-24 14:12:40][DEBUG] jax_fem: Computing cell residual...
[06-24 14:12:40][DEBUG] jax_fem: Function split_and_compute_cell took 0.0778 seconds
[06-24 14:12:40][INFO] jax_fem: CuDSS backward: solving adjoint problem …
[06-24 14:12:40][DEBUG] jax_fem: JaxAssembledMixin: computing Jacobian on device
[06-24 14:12:40][DEBUG] jax_fem: Function split_and_compute_cell took 0.0615 seconds
[06-24 14:12:40][DEBUG] jax_fem: Computing cell residual...
[06-24 14:12:40][DEBUG] jax_fem: Function split_and_compute_cell took 0.0724 seconds
[06-24 14:12:42][DEBUG] jax_fem: CuDSSNewtonSolver: starting Newton loop
[06-24 14:12:42][DEBUG] jax_fem: JaxAssembledMixin: computing Jacobian on device
[06-24 14:12:42][DEBUG] jax_fem: Function split_and_compute_cell took 0.0250 seconds
[06-24 14:12:42][DEBUG] jax_fem: CuDSSNewtonSolver: initial residual = 7.216e+05
[06-24 14:12:42][DEBUG] jax_fem: JaxAssembledMixin: computing Jacobian on device
[06-24 14:12:42][DEBUG] jax_fem: Function split_and_compute_cell took 0.0351 seconds
[06-24 14:12:42][DEBUG] jax_fem: CuDSSNewtonSolver: iter=1  res=5.795e-06  rel=8.031e-12
[06-24 14:12:42][INFO] jax_fem: CuDSSNewtonSolver: solve finished in 0.10s  res=5.795e-06
[06-24 14:12:42][DEBUG] jax_fem: CuDSSNewtonSolver: starting Newton loop
[06-24 14:12:43][DEBUG] jax_fem: JaxAssembledMixin: computing Jacobian on device
[06-24 14:12:43][DEBUG] jax_fem: Function split_and_compute_cell took 0.0439 seconds
[06-24 14:12:43][DEBUG] jax_fem: CuDSSNewtonSolver: initial residual = 7.188e+05
[06-24 14:12:43][DEBUG] jax_fem: JaxAssembledMixin: computing Jacobian on device
[06-24 14:12:43][DEBUG] jax_fem: Function split_and_compute_cell took 0.0507 seconds
[06-24 14:12:43][DEBUG] jax_fem: CuDSSNewtonSolver: iter=1  res=7.256e-06  rel=1.009e-11
[06-24 14:12:43][INFO] jax_fem: CuDSSNewtonSolver: solve finished in 0.14s  res=7.256e-06
[06-24 14:12:43][DEBUG] jax_fem: CuDSSNewtonSolver: starting Newton loop
[06-24 14:12:43][DEBUG] jax_fem: JaxAssembledMixin: computing Jacobian on device
[06-24 14:12:43][DEBUG] jax_fem: Function split_and_compute_cell took 0.0652 seconds
[06-24 14:12:43][DEBUG] jax_fem: CuDSSNewtonSolver: initial residual = 7.101e+05
[06-24 14:12:43][DEBUG] jax_fem: JaxAssembledMixin: computing Jacobian on device
[06-24 14:12:43][DEBUG] jax_fem: Function split_and_compute_cell took 0.0457 seconds
[06-24 14:12:43][DEBUG] jax_fem: CuDSSNewtonSolver: iter=1  res=5.822e-06  rel=8.199e-12
[06-24 14:12:43][INFO] jax_fem: CuDSSNewtonSolver: solve finished in 0.16s  res=5.822e-06
[06-24 14:12:43][DEBUG] jax_fem: CuDSSNewtonSolver: starting Newton loop
[06-24 14:12:43][DEBUG] jax_fem: JaxAssembledMixin: computing Jacobian on device
[06-24 14:12:44][DEBUG] jax_fem: Function split_and_compute_cell took 0.0349 seconds
[06-24 14:12:44][DEBUG] jax_fem: CuDSSNewtonSolver: initial residual = 7.049e+05
[06-24 14:12:44][DEBUG] jax_fem: JaxAssembledMixin: computing Jacobian on device
[06-24 14:12:44][DEBUG] jax_fem: Function split_and_compute_cell took 0.0412 seconds
[06-24 14:12:44][DEBUG] jax_fem: CuDSSNewtonSolver: iter=1  res=7.268e-06  rel=1.031e-11
[06-24 14:12:44][INFO] jax_fem: CuDSSNewtonSolver: solve finished in 0.12s  res=7.268e-06
[06-24 14:12:44][DEBUG] jax_fem: CuDSSNewtonSolver: starting Newton loop
[06-24 14:12:44][DEBUG] jax_fem: JaxAssembledMixin: computing Jacobian on device
[06-24 14:12:44][DEBUG] jax_fem: Function split_and_compute_cell took 0.0317 seconds
[06-24 14:12:44][DEBUG] jax_fem: CuDSSNewtonSolver: initial residual = 6.891e+05
[06-24 14:12:44][DEBUG] jax_fem: JaxAssembledMixin: computing Jacobian on device
[06-24 14:12:44][DEBUG] jax_fem: Function split_and_compute_cell took 0.0422 seconds
[06-24 14:12:44][DEBUG] jax_fem: CuDSSNewtonSolver: iter=1  res=7.606e-06  rel=1.104e-11
[06-24 14:12:44][INFO] jax_fem: CuDSSNewtonSolver: solve finished in 0.12s  res=7.606e-06
[06-24 14:12:46][DEBUG] jax_fem: CuDSSNewtonSolver: starting Newton loop
[06-24 14:12:46][DEBUG] jax_fem: JaxAssembledMixin: computing Jacobian on device
[06-24 14:12:46][DEBUG] jax_fem: Function split_and_compute_cell took 0.0250 seconds
[06-24 14:12:46][DEBUG] jax_fem: CuDSSNewtonSolver: initial residual = 7.216e+05
[06-24 14:12:46][DEBUG] jax_fem: JaxAssembledMixin: computing Jacobian on device
[06-24 14:12:46][DEBUG] jax_fem: Function split_and_compute_cell took 0.0256 seconds
[06-24 14:12:46][DEBUG] jax_fem: CuDSSNewtonSolver: iter=1  res=5.913e-06  rel=8.194e-12
[06-24 14:12:46][INFO] jax_fem: CuDSSNewtonSolver: solve finished in 0.09s  res=5.913e-06
[06-24 14:12:47][DEBUG] jax_fem: CuDSSNewtonSolver: starting Newton loop
[06-24 14:12:47][DEBUG] jax_fem: JaxAssembledMixin: computing Jacobian on device
[06-24 14:12:47][DEBUG] jax_fem: Function split_and_compute_cell took 0.0262 seconds
[06-24 14:12:47][DEBUG] jax_fem: CuDSSNewtonSolver: initial residual = 7.188e+05
[06-24 14:12:47][DEBUG] jax_fem: JaxAssembledMixin: computing Jacobian on device
[06-24 14:12:47][DEBUG] jax_fem: Function split_and_compute_cell took 0.0305 seconds
[06-24 14:12:47][DEBUG] jax_fem: CuDSSNewtonSolver: iter=1  res=7.045e-06  rel=9.801e-12
[06-24 14:12:47][INFO] jax_fem: CuDSSNewtonSolver: solve finished in 0.10s  res=7.045e-06
[06-24 14:12:47][DEBUG] jax_fem: CuDSSNewtonSolver: starting Newton loop
[06-24 14:12:47][DEBUG] jax_fem: JaxAssembledMixin: computing Jacobian on device
[06-24 14:12:47][DEBUG] jax_fem: Function split_and_compute_cell took 0.0270 seconds
[06-24 14:12:47][DEBUG] jax_fem: CuDSSNewtonSolver: initial residual = 7.101e+05
[06-24 14:12:47][DEBUG] jax_fem: JaxAssembledMixin: computing Jacobian on device
[06-24 14:12:47][DEBUG] jax_fem: Function split_and_compute_cell took 0.0272 seconds
[06-24 14:12:47][DEBUG] jax_fem: CuDSSNewtonSolver: iter=1  res=6.032e-06  rel=8.495e-12
[06-24 14:12:47][INFO] jax_fem: CuDSSNewtonSolver: solve finished in 0.09s  res=6.032e-06
[06-24 14:12:48][DEBUG] jax_fem: CuDSSNewtonSolver: starting Newton loop
[06-24 14:12:48][DEBUG] jax_fem: JaxAssembledMixin: computing Jacobian on device
[06-24 14:12:48][DEBUG] jax_fem: Function split_and_compute_cell took 0.0262 seconds
[06-24 14:12:48][DEBUG] jax_fem: CuDSSNewtonSolver: initial residual = 7.049e+05
[06-24 14:12:48][DEBUG] jax_fem: JaxAssembledMixin: computing Jacobian on device
[06-24 14:12:48][DEBUG] jax_fem: Function split_and_compute_cell took 0.0269 seconds
[06-24 14:12:48][DEBUG] jax_fem: CuDSSNewtonSolver: iter=1  res=7.049e-06  rel=9.999e-12
[06-24 14:12:48][INFO] jax_fem: CuDSSNewtonSolver: solve finished in 0.09s  res=7.049e-06
[06-24 14:12:49][DEBUG] jax_fem: CuDSSNewtonSolver: starting Newton loop
[06-24 14:12:49][DEBUG] jax_fem: JaxAssembledMixin: computing Jacobian on device
[06-24 14:12:49][DEBUG] jax_fem: Function split_and_compute_cell took 0.0260 seconds
[06-24 14:12:49][DEBUG] jax_fem: CuDSSNewtonSolver: initial residual = 6.891e+05
[06-24 14:12:49][DEBUG] jax_fem: JaxAssembledMixin: computing Jacobian on device
[06-24 14:12:49][DEBUG] jax_fem: Function split_and_compute_cell took 0.0303 seconds
[06-24 14:12:49][DEBUG] jax_fem: CuDSSNewtonSolver: iter=1  res=7.852e-06  rel=1.139e-11
[06-24 14:12:49][INFO] jax_fem: CuDSSNewtonSolver: solve finished in 0.09s  res=7.852e-06
[06-24 14:12:49][INFO] jax_fem: CuDSS backward: solving adjoint problem …
[06-24 14:12:49][DEBUG] jax_fem: JaxAssembledMixin: computing Jacobian on device
[06-24 14:12:49][DEBUG] jax_fem: Function split_and_compute_cell took 0.0496 seconds
[06-24 14:12:49][DEBUG] jax_fem: Computing cell residual...
[06-24 14:12:49][DEBUG] jax_fem: Function split_and_compute_cell took 0.0736 seconds
[06-24 14:12:50][INFO] jax_fem: CuDSS backward: solving adjoint problem …
[06-24 14:12:50][DEBUG] jax_fem: JaxAssembledMixin: computing Jacobian on device
[06-24 14:12:50][DEBUG] jax_fem: Function split_and_compute_cell took 0.0487 seconds
[06-24 14:12:50][DEBUG] jax_fem: Computing cell residual...
[06-24 14:12:50][DEBUG] jax_fem: Function split_and_compute_cell took 0.0599 seconds
[06-24 14:12:50][INFO] jax_fem: CuDSS backward: solving adjoint problem …
[06-24 14:12:50][DEBUG] jax_fem: JaxAssembledMixin: computing Jacobian on device
[06-24 14:12:50][DEBUG] jax_fem: Function split_and_compute_cell took 0.0418 seconds
[06-24 14:12:50][DEBUG] jax_fem: Computing cell residual...
[06-24 14:12:50][DEBUG] jax_fem: Function split_and_compute_cell took 0.0608 seconds
[06-24 14:12:50][INFO] jax_fem: CuDSS backward: solving adjoint problem …
[06-24 14:12:50][DEBUG] jax_fem: JaxAssembledMixin: computing Jacobian on device
[06-24 14:12:51][DEBUG] jax_fem: Function split_and_compute_cell took 0.0433 seconds
[06-24 14:12:51][DEBUG] jax_fem: Computing cell residual...
[06-24 14:12:51][DEBUG] jax_fem: Function split_and_compute_cell took 0.0678 seconds
[06-24 14:12:51][INFO] jax_fem: CuDSS backward: solving adjoint problem …
[06-24 14:12:51][DEBUG] jax_fem: JaxAssembledMixin: computing Jacobian on device
[06-24 14:12:51][DEBUG] jax_fem: Function split_and_compute_cell took 0.0366 seconds
[06-24 14:12:51][DEBUG] jax_fem: Computing cell residual...
[06-24 14:12:51][DEBUG] jax_fem: Function split_and_compute_cell took 0.0714 seconds
[06-24 14:12:53][DEBUG] jax_fem: CuDSSNewtonSolver: starting Newton loop
[06-24 14:12:53][DEBUG] jax_fem: JaxAssembledMixin: computing Jacobian on device
[06-24 14:12:53][DEBUG] jax_fem: Function split_and_compute_cell took 0.0427 seconds
[06-24 14:12:53][DEBUG] jax_fem: CuDSSNewtonSolver: initial residual = 7.216e+05
[06-24 14:12:53][DEBUG] jax_fem: JaxAssembledMixin: computing Jacobian on device
[06-24 14:12:53][DEBUG] jax_fem: Function split_and_compute_cell took 0.0499 seconds
[06-24 14:12:53][DEBUG] jax_fem: CuDSSNewtonSolver: iter=1  res=5.760e-06  rel=7.982e-12
[06-24 14:12:53][INFO] jax_fem: CuDSSNewtonSolver: solve finished in 0.14s  res=5.760e-06
[06-24 14:12:53][DEBUG] jax_fem: CuDSSNewtonSolver: starting Newton loop
[06-24 14:12:53][DEBUG] jax_fem: JaxAssembledMixin: computing Jacobian on device
[06-24 14:12:53][DEBUG] jax_fem: Function split_and_compute_cell took 0.0422 seconds
[06-24 14:12:53][DEBUG] jax_fem: CuDSSNewtonSolver: initial residual = 7.188e+05
[06-24 14:12:53][DEBUG] jax_fem: JaxAssembledMixin: computing Jacobian on device
[06-24 14:12:54][DEBUG] jax_fem: Function split_and_compute_cell took 0.0351 seconds
[06-24 14:12:54][DEBUG] jax_fem: CuDSSNewtonSolver: iter=1  res=7.249e-06  rel=1.008e-11
[06-24 14:12:54][INFO] jax_fem: CuDSSNewtonSolver: solve finished in 0.12s  res=7.249e-06
[06-24 14:12:54][DEBUG] jax_fem: CuDSSNewtonSolver: starting Newton loop
[06-24 14:12:54][DEBUG] jax_fem: JaxAssembledMixin: computing Jacobian on device
[06-24 14:12:54][DEBUG] jax_fem: Function split_and_compute_cell took 0.0339 seconds
[06-24 14:12:54][DEBUG] jax_fem: CuDSSNewtonSolver: initial residual = 7.101e+05
[06-24 14:12:54][DEBUG] jax_fem: JaxAssembledMixin: computing Jacobian on device
[06-24 14:12:54][DEBUG] jax_fem: Function split_and_compute_cell took 0.0456 seconds
[06-24 14:12:54][DEBUG] jax_fem: CuDSSNewtonSolver: iter=1  res=6.132e-06  rel=8.636e-12
[06-24 14:12:54][INFO] jax_fem: CuDSSNewtonSolver: solve finished in 0.12s  res=6.132e-06
[06-24 14:12:54][DEBUG] jax_fem: CuDSSNewtonSolver: starting Newton loop
[06-24 14:12:54][DEBUG] jax_fem: JaxAssembledMixin: computing Jacobian on device
[06-24 14:12:54][DEBUG] jax_fem: Function split_and_compute_cell took 0.0357 seconds
[06-24 14:12:54][DEBUG] jax_fem: CuDSSNewtonSolver: initial residual = 7.049e+05
[06-24 14:12:54][DEBUG] jax_fem: JaxAssembledMixin: computing Jacobian on device
[06-24 14:12:54][DEBUG] jax_fem: Function split_and_compute_cell took 0.0315 seconds
[06-24 14:12:54][DEBUG] jax_fem: CuDSSNewtonSolver: iter=1  res=7.381e-06  rel=1.047e-11
[06-24 14:12:54][INFO] jax_fem: CuDSSNewtonSolver: solve finished in 0.11s  res=7.381e-06
[06-24 14:12:55][DEBUG] jax_fem: CuDSSNewtonSolver: starting Newton loop
[06-24 14:12:55][DEBUG] jax_fem: JaxAssembledMixin: computing Jacobian on device
[06-24 14:12:55][DEBUG] jax_fem: Function split_and_compute_cell took 0.0372 seconds
[06-24 14:12:55][DEBUG] jax_fem: CuDSSNewtonSolver: initial residual = 6.891e+05
[06-24 14:12:55][DEBUG] jax_fem: JaxAssembledMixin: computing Jacobian on device
[06-24 14:12:55][DEBUG] jax_fem: Function split_and_compute_cell took 0.0443 seconds
[06-24 14:12:55][DEBUG] jax_fem: CuDSSNewtonSolver: iter=1  res=7.759e-06  rel=1.126e-11
[06-24 14:12:55][INFO] jax_fem: CuDSSNewtonSolver: solve finished in 0.13s  res=7.759e-06
[06-24 14:12:57][DEBUG] jax_fem: CuDSSNewtonSolver: starting Newton loop
[06-24 14:12:57][DEBUG] jax_fem: JaxAssembledMixin: computing Jacobian on device
[06-24 14:12:57][DEBUG] jax_fem: Function split_and_compute_cell took 0.0259 seconds
[06-24 14:12:57][DEBUG] jax_fem: CuDSSNewtonSolver: initial residual = 7.216e+05
[06-24 14:12:57][DEBUG] jax_fem: JaxAssembledMixin: computing Jacobian on device
[06-24 14:12:57][DEBUG] jax_fem: Function split_and_compute_cell took 0.0282 seconds
[06-24 14:12:57][DEBUG] jax_fem: CuDSSNewtonSolver: iter=1  res=5.790e-06  rel=8.024e-12
[06-24 14:12:57][INFO] jax_fem: CuDSSNewtonSolver: solve finished in 0.09s  res=5.790e-06
[06-24 14:12:57][DEBUG] jax_fem: CuDSSNewtonSolver: starting Newton loop
[06-24 14:12:57][DEBUG] jax_fem: JaxAssembledMixin: computing Jacobian on device
[06-24 14:12:57][DEBUG] jax_fem: Function split_and_compute_cell took 0.0259 seconds
[06-24 14:12:57][DEBUG] jax_fem: CuDSSNewtonSolver: initial residual = 7.188e+05
[06-24 14:12:57][DEBUG] jax_fem: JaxAssembledMixin: computing Jacobian on device
[06-24 14:12:58][DEBUG] jax_fem: Function split_and_compute_cell took 0.0272 seconds
[06-24 14:12:58][DEBUG] jax_fem: CuDSSNewtonSolver: iter=1  res=7.106e-06  rel=9.886e-12
[06-24 14:12:58][INFO] jax_fem: CuDSSNewtonSolver: solve finished in 0.09s  res=7.106e-06
[06-24 14:12:58][DEBUG] jax_fem: CuDSSNewtonSolver: starting Newton loop
[06-24 14:12:58][DEBUG] jax_fem: JaxAssembledMixin: computing Jacobian on device
[06-24 14:12:58][DEBUG] jax_fem: Function split_and_compute_cell took 0.0269 seconds
[06-24 14:12:58][DEBUG] jax_fem: CuDSSNewtonSolver: initial residual = 7.101e+05
[06-24 14:12:58][DEBUG] jax_fem: JaxAssembledMixin: computing Jacobian on device
[06-24 14:12:58][DEBUG] jax_fem: Function split_and_compute_cell took 0.0273 seconds
[06-24 14:12:58][DEBUG] jax_fem: CuDSSNewtonSolver: iter=1  res=6.212e-06  rel=8.748e-12
[06-24 14:12:58][INFO] jax_fem: CuDSSNewtonSolver: solve finished in 0.09s  res=6.212e-06
[06-24 14:12:59][DEBUG] jax_fem: CuDSSNewtonSolver: starting Newton loop
[06-24 14:12:59][DEBUG] jax_fem: JaxAssembledMixin: computing Jacobian on device
[06-24 14:12:59][DEBUG] jax_fem: Function split_and_compute_cell took 0.0263 seconds
[06-24 14:12:59][DEBUG] jax_fem: CuDSSNewtonSolver: initial residual = 7.049e+05
[06-24 14:12:59][DEBUG] jax_fem: JaxAssembledMixin: computing Jacobian on device
[06-24 14:12:59][DEBUG] jax_fem: Function split_and_compute_cell took 0.0274 seconds
[06-24 14:12:59][DEBUG] jax_fem: CuDSSNewtonSolver: iter=1  res=7.115e-06  rel=1.009e-11
[06-24 14:12:59][INFO] jax_fem: CuDSSNewtonSolver: solve finished in 0.09s  res=7.115e-06
[06-24 14:13:00][DEBUG] jax_fem: CuDSSNewtonSolver: starting Newton loop
[06-24 14:13:00][DEBUG] jax_fem: JaxAssembledMixin: computing Jacobian on device
[06-24 14:13:00][DEBUG] jax_fem: Function split_and_compute_cell took 0.0258 seconds
[06-24 14:13:00][DEBUG] jax_fem: CuDSSNewtonSolver: initial residual = 6.891e+05
[06-24 14:13:00][DEBUG] jax_fem: JaxAssembledMixin: computing Jacobian on device
[06-24 14:13:00][DEBUG] jax_fem: Function split_and_compute_cell took 0.0262 seconds
[06-24 14:13:00][DEBUG] jax_fem: CuDSSNewtonSolver: iter=1  res=7.498e-06  rel=1.088e-11
[06-24 14:13:00][INFO] jax_fem: CuDSSNewtonSolver: solve finished in 0.09s  res=7.498e-06
[06-24 14:13:00][INFO] jax_fem: CuDSS backward: solving adjoint problem …
[06-24 14:13:00][DEBUG] jax_fem: JaxAssembledMixin: computing Jacobian on device
[06-24 14:13:00][DEBUG] jax_fem: Function split_and_compute_cell took 0.0518 seconds
[06-24 14:13:00][DEBUG] jax_fem: Computing cell residual...
[06-24 14:13:00][DEBUG] jax_fem: Function split_and_compute_cell took 0.0778 seconds
[06-24 14:13:00][INFO] jax_fem: CuDSS backward: solving adjoint problem …
[06-24 14:13:00][DEBUG] jax_fem: JaxAssembledMixin: computing Jacobian on device
[06-24 14:13:00][DEBUG] jax_fem: Function split_and_compute_cell took 0.0345 seconds
[06-24 14:13:00][DEBUG] jax_fem: Computing cell residual...
[06-24 14:13:00][DEBUG] jax_fem: Function split_and_compute_cell took 0.0635 seconds
[06-24 14:13:01][INFO] jax_fem: CuDSS backward: solving adjoint problem …
[06-24 14:13:01][DEBUG] jax_fem: JaxAssembledMixin: computing Jacobian on device
[06-24 14:13:01][DEBUG] jax_fem: Function split_and_compute_cell took 0.0550 seconds
[06-24 14:13:01][DEBUG] jax_fem: Computing cell residual...
[06-24 14:13:01][DEBUG] jax_fem: Function split_and_compute_cell took 0.0700 seconds
[06-24 14:13:01][INFO] jax_fem: CuDSS backward: solving adjoint problem …
[06-24 14:13:01][DEBUG] jax_fem: JaxAssembledMixin: computing Jacobian on device
[06-24 14:13:01][DEBUG] jax_fem: Function split_and_compute_cell took 0.0488 seconds
[06-24 14:13:01][DEBUG] jax_fem: Computing cell residual...
[06-24 14:13:01][DEBUG] jax_fem: Function split_and_compute_cell took 0.0785 seconds
[06-24 14:13:02][INFO] jax_fem: CuDSS backward: solving adjoint problem …
[06-24 14:13:02][DEBUG] jax_fem: JaxAssembledMixin: computing Jacobian on device
[06-24 14:13:02][DEBUG] jax_fem: Function split_and_compute_cell took 0.0567 seconds
[06-24 14:13:02][DEBUG] jax_fem: Computing cell residual...
[06-24 14:13:02][DEBUG] jax_fem: Function split_and_compute_cell took 0.0582 seconds
[06-24 14:13:04][DEBUG] jax_fem: CuDSSNewtonSolver: starting Newton loop
[06-24 14:13:04][DEBUG] jax_fem: JaxAssembledMixin: computing Jacobian on device
[06-24 14:13:04][DEBUG] jax_fem: Function split_and_compute_cell took 0.0505 seconds
[06-24 14:13:04][DEBUG] jax_fem: CuDSSNewtonSolver: initial residual = 7.216e+05
[06-24 14:13:04][DEBUG] jax_fem: JaxAssembledMixin: computing Jacobian on device
[06-24 14:13:04][DEBUG] jax_fem: Function split_and_compute_cell took 0.0307 seconds
[06-24 14:13:04][DEBUG] jax_fem: CuDSSNewtonSolver: iter=1  res=5.770e-06  rel=7.995e-12
[06-24 14:13:04][INFO] jax_fem: CuDSSNewtonSolver: solve finished in 0.13s  res=5.770e-06
[06-24 14:13:04][DEBUG] jax_fem: CuDSSNewtonSolver: starting Newton loop
[06-24 14:13:04][DEBUG] jax_fem: JaxAssembledMixin: computing Jacobian on device
[06-24 14:13:04][DEBUG] jax_fem: Function split_and_compute_cell took 0.0334 seconds
[06-24 14:13:04][DEBUG] jax_fem: CuDSSNewtonSolver: initial residual = 7.188e+05
[06-24 14:13:04][DEBUG] jax_fem: JaxAssembledMixin: computing Jacobian on device
[06-24 14:13:04][DEBUG] jax_fem: Function split_and_compute_cell took 0.0572 seconds
[06-24 14:13:04][DEBUG] jax_fem: CuDSSNewtonSolver: iter=1  res=7.152e-06  rel=9.949e-12
[06-24 14:13:04][INFO] jax_fem: CuDSSNewtonSolver: solve finished in 0.14s  res=7.152e-06
[06-24 14:13:05][DEBUG] jax_fem: CuDSSNewtonSolver: starting Newton loop
[06-24 14:13:05][DEBUG] jax_fem: JaxAssembledMixin: computing Jacobian on device
[06-24 14:13:05][DEBUG] jax_fem: Function split_and_compute_cell took 0.0337 seconds
[06-24 14:13:05][DEBUG] jax_fem: CuDSSNewtonSolver: initial residual = 7.101e+05
[06-24 14:13:05][DEBUG] jax_fem: JaxAssembledMixin: computing Jacobian on device
[06-24 14:13:05][DEBUG] jax_fem: Function split_and_compute_cell took 0.0385 seconds
[06-24 14:13:05][DEBUG] jax_fem: CuDSSNewtonSolver: iter=1  res=5.922e-06  rel=8.341e-12
[06-24 14:13:05][INFO] jax_fem: CuDSSNewtonSolver: solve finished in 0.12s  res=5.922e-06
[06-24 14:13:05][DEBUG] jax_fem: CuDSSNewtonSolver: starting Newton loop
[06-24 14:13:05][DEBUG] jax_fem: JaxAssembledMixin: computing Jacobian on device
[06-24 14:13:05][DEBUG] jax_fem: Function split_and_compute_cell took 0.0447 seconds
[06-24 14:13:05][DEBUG] jax_fem: CuDSSNewtonSolver: initial residual = 7.049e+05
[06-24 14:13:05][DEBUG] jax_fem: JaxAssembledMixin: computing Jacobian on device
[06-24 14:13:05][DEBUG] jax_fem: Function split_and_compute_cell took 0.0355 seconds
[06-24 14:13:05][DEBUG] jax_fem: CuDSSNewtonSolver: iter=1  res=7.169e-06  rel=1.017e-11
[06-24 14:13:05][INFO] jax_fem: CuDSSNewtonSolver: solve finished in 0.12s  res=7.169e-06
[06-24 14:13:06][DEBUG] jax_fem: CuDSSNewtonSolver: starting Newton loop
[06-24 14:13:06][DEBUG] jax_fem: JaxAssembledMixin: computing Jacobian on device
[06-24 14:13:06][DEBUG] jax_fem: Function split_and_compute_cell took 0.0398 seconds
[06-24 14:13:06][DEBUG] jax_fem: CuDSSNewtonSolver: initial residual = 6.891e+05
[06-24 14:13:06][DEBUG] jax_fem: JaxAssembledMixin: computing Jacobian on device
[06-24 14:13:06][DEBUG] jax_fem: Function split_and_compute_cell took 0.0419 seconds
[06-24 14:13:06][DEBUG] jax_fem: CuDSSNewtonSolver: iter=1  res=7.494e-06  rel=1.088e-11
[06-24 14:13:06][INFO] jax_fem: CuDSSNewtonSolver: solve finished in 0.12s  res=7.494e-06
[06-24 14:13:08][DEBUG] jax_fem: CuDSSNewtonSolver: starting Newton loop
[06-24 14:13:08][DEBUG] jax_fem: JaxAssembledMixin: computing Jacobian on device
[06-24 14:13:08][DEBUG] jax_fem: Function split_and_compute_cell took 0.0265 seconds
[06-24 14:13:08][DEBUG] jax_fem: CuDSSNewtonSolver: initial residual = 7.216e+05
[06-24 14:13:08][DEBUG] jax_fem: JaxAssembledMixin: computing Jacobian on device
[06-24 14:13:08][DEBUG] jax_fem: Function split_and_compute_cell took 0.0271 seconds
[06-24 14:13:08][DEBUG] jax_fem: CuDSSNewtonSolver: iter=1  res=5.709e-06  rel=7.912e-12
[06-24 14:13:08][INFO] jax_fem: CuDSSNewtonSolver: solve finished in 0.09s  res=5.709e-06
[06-24 14:13:08][DEBUG] jax_fem: CuDSSNewtonSolver: starting Newton loop
[06-24 14:13:08][DEBUG] jax_fem: JaxAssembledMixin: computing Jacobian on device
[06-24 14:13:08][DEBUG] jax_fem: Function split_and_compute_cell took 0.0269 seconds
[06-24 14:13:08][DEBUG] jax_fem: CuDSSNewtonSolver: initial residual = 7.188e+05
[06-24 14:13:08][DEBUG] jax_fem: JaxAssembledMixin: computing Jacobian on device
[06-24 14:13:08][DEBUG] jax_fem: Function split_and_compute_cell took 0.0255 seconds
[06-24 14:13:08][DEBUG] jax_fem: CuDSSNewtonSolver: iter=1  res=7.492e-06  rel=1.042e-11
[06-24 14:13:08][INFO] jax_fem: CuDSSNewtonSolver: solve finished in 0.09s  res=7.492e-06
[06-24 14:13:09][DEBUG] jax_fem: CuDSSNewtonSolver: starting Newton loop
[06-24 14:13:09][DEBUG] jax_fem: JaxAssembledMixin: computing Jacobian on device
[06-24 14:13:09][DEBUG] jax_fem: Function split_and_compute_cell took 0.0253 seconds
[06-24 14:13:09][DEBUG] jax_fem: CuDSSNewtonSolver: initial residual = 7.101e+05
[06-24 14:13:09][DEBUG] jax_fem: JaxAssembledMixin: computing Jacobian on device
[06-24 14:13:09][DEBUG] jax_fem: Function split_and_compute_cell took 0.0267 seconds
[06-24 14:13:09][DEBUG] jax_fem: CuDSSNewtonSolver: iter=1  res=5.945e-06  rel=8.372e-12
[06-24 14:13:09][INFO] jax_fem: CuDSSNewtonSolver: solve finished in 0.09s  res=5.945e-06
[06-24 14:13:10][DEBUG] jax_fem: CuDSSNewtonSolver: starting Newton loop
[06-24 14:13:10][DEBUG] jax_fem: JaxAssembledMixin: computing Jacobian on device
[06-24 14:13:10][DEBUG] jax_fem: Function split_and_compute_cell took 0.0268 seconds
[06-24 14:13:10][DEBUG] jax_fem: CuDSSNewtonSolver: initial residual = 7.049e+05
[06-24 14:13:10][DEBUG] jax_fem: JaxAssembledMixin: computing Jacobian on device
[06-24 14:13:10][DEBUG] jax_fem: Function split_and_compute_cell took 0.0252 seconds
[06-24 14:13:10][DEBUG] jax_fem: CuDSSNewtonSolver: iter=1  res=6.761e-06  rel=9.591e-12
[06-24 14:13:10][INFO] jax_fem: CuDSSNewtonSolver: solve finished in 0.09s  res=6.761e-06
[06-24 14:13:11][DEBUG] jax_fem: CuDSSNewtonSolver: starting Newton loop
[06-24 14:13:11][DEBUG] jax_fem: JaxAssembledMixin: computing Jacobian on device
[06-24 14:13:11][DEBUG] jax_fem: Function split_and_compute_cell took 0.0307 seconds
[06-24 14:13:11][DEBUG] jax_fem: CuDSSNewtonSolver: initial residual = 6.891e+05
[06-24 14:13:11][DEBUG] jax_fem: JaxAssembledMixin: computing Jacobian on device
[06-24 14:13:11][DEBUG] jax_fem: Function split_and_compute_cell took 0.0262 seconds
[06-24 14:13:11][DEBUG] jax_fem: CuDSSNewtonSolver: iter=1  res=7.479e-06  rel=1.085e-11
[06-24 14:13:11][INFO] jax_fem: CuDSSNewtonSolver: solve finished in 0.09s  res=7.479e-06
[06-24 14:13:11][INFO] jax_fem: CuDSS backward: solving adjoint problem …
[06-24 14:13:11][DEBUG] jax_fem: JaxAssembledMixin: computing Jacobian on device
[06-24 14:13:11][DEBUG] jax_fem: Function split_and_compute_cell took 0.0357 seconds
[06-24 14:13:11][DEBUG] jax_fem: Computing cell residual...
[06-24 14:13:11][DEBUG] jax_fem: Function split_and_compute_cell took 0.0774 seconds
[06-24 14:13:11][INFO] jax_fem: CuDSS backward: solving adjoint problem …
[06-24 14:13:11][DEBUG] jax_fem: JaxAssembledMixin: computing Jacobian on device
[06-24 14:13:11][DEBUG] jax_fem: Function split_and_compute_cell took 0.0492 seconds
[06-24 14:13:11][DEBUG] jax_fem: Computing cell residual...
[06-24 14:13:11][DEBUG] jax_fem: Function split_and_compute_cell took 0.0707 seconds
[06-24 14:13:12][INFO] jax_fem: CuDSS backward: solving adjoint problem …
[06-24 14:13:12][DEBUG] jax_fem: JaxAssembledMixin: computing Jacobian on device
[06-24 14:13:12][DEBUG] jax_fem: Function split_and_compute_cell took 0.0305 seconds
[06-24 14:13:12][DEBUG] jax_fem: Computing cell residual...
[06-24 14:13:12][DEBUG] jax_fem: Function split_and_compute_cell took 0.0735 seconds
[06-24 14:13:12][INFO] jax_fem: CuDSS backward: solving adjoint problem …
[06-24 14:13:12][DEBUG] jax_fem: JaxAssembledMixin: computing Jacobian on device
[06-24 14:13:12][DEBUG] jax_fem: Function split_and_compute_cell took 0.0625 seconds
[06-24 14:13:12][DEBUG] jax_fem: Computing cell residual...
[06-24 14:13:12][DEBUG] jax_fem: Function split_and_compute_cell took 0.0839 seconds
[06-24 14:13:13][INFO] jax_fem: CuDSS backward: solving adjoint problem …
[06-24 14:13:13][DEBUG] jax_fem: JaxAssembledMixin: computing Jacobian on device
[06-24 14:13:13][DEBUG] jax_fem: Function split_and_compute_cell took 0.0263 seconds
[06-24 14:13:13][DEBUG] jax_fem: Computing cell residual...
[06-24 14:13:13][DEBUG] jax_fem: Function split_and_compute_cell took 0.0802 seconds
[06-24 14:13:14][DEBUG] jax_fem: CuDSSNewtonSolver: starting Newton loop
[06-24 14:13:14][DEBUG] jax_fem: JaxAssembledMixin: computing Jacobian on device
[06-24 14:13:14][DEBUG] jax_fem: Function split_and_compute_cell took 0.0282 seconds
[06-24 14:13:14][DEBUG] jax_fem: CuDSSNewtonSolver: initial residual = 7.216e+05
[06-24 14:13:14][DEBUG] jax_fem: JaxAssembledMixin: computing Jacobian on device
[06-24 14:13:14][DEBUG] jax_fem: Function split_and_compute_cell took 0.0396 seconds
[06-24 14:13:14][DEBUG] jax_fem: CuDSSNewtonSolver: iter=1  res=5.854e-06  rel=8.112e-12
[06-24 14:13:14][INFO] jax_fem: CuDSSNewtonSolver: solve finished in 0.11s  res=5.854e-06
[06-24 14:13:15][DEBUG] jax_fem: CuDSSNewtonSolver: starting Newton loop
[06-24 14:13:15][DEBUG] jax_fem: JaxAssembledMixin: computing Jacobian on device
[06-24 14:13:15][DEBUG] jax_fem: Function split_and_compute_cell took 0.0416 seconds
[06-24 14:13:15][DEBUG] jax_fem: CuDSSNewtonSolver: initial residual = 7.188e+05
[06-24 14:13:15][DEBUG] jax_fem: JaxAssembledMixin: computing Jacobian on device
[06-24 14:13:15][DEBUG] jax_fem: Function split_and_compute_cell took 0.0438 seconds
[06-24 14:13:15][DEBUG] jax_fem: CuDSSNewtonSolver: iter=1  res=7.121e-06  rel=9.906e-12
[06-24 14:13:15][INFO] jax_fem: CuDSSNewtonSolver: solve finished in 0.13s  res=7.121e-06
[06-24 14:13:15][DEBUG] jax_fem: CuDSSNewtonSolver: starting Newton loop
[06-24 14:13:15][DEBUG] jax_fem: JaxAssembledMixin: computing Jacobian on device
[06-24 14:13:15][DEBUG] jax_fem: Function split_and_compute_cell took 0.0431 seconds
[06-24 14:13:15][DEBUG] jax_fem: CuDSSNewtonSolver: initial residual = 7.101e+05
[06-24 14:13:15][DEBUG] jax_fem: JaxAssembledMixin: computing Jacobian on device
[06-24 14:13:15][DEBUG] jax_fem: Function split_and_compute_cell took 0.0418 seconds
[06-24 14:13:15][DEBUG] jax_fem: CuDSSNewtonSolver: iter=1  res=6.006e-06  rel=8.458e-12
[06-24 14:13:15][INFO] jax_fem: CuDSSNewtonSolver: solve finished in 0.13s  res=6.006e-06
[06-24 14:13:16][DEBUG] jax_fem: CuDSSNewtonSolver: starting Newton loop
[06-24 14:13:16][DEBUG] jax_fem: JaxAssembledMixin: computing Jacobian on device
[06-24 14:13:16][DEBUG] jax_fem: Function split_and_compute_cell took 0.0277 seconds
[06-24 14:13:16][DEBUG] jax_fem: CuDSSNewtonSolver: initial residual = 7.049e+05
[06-24 14:13:16][DEBUG] jax_fem: JaxAssembledMixin: computing Jacobian on device
[06-24 14:13:16][DEBUG] jax_fem: Function split_and_compute_cell took 0.0431 seconds
[06-24 14:13:16][DEBUG] jax_fem: CuDSSNewtonSolver: iter=1  res=7.168e-06  rel=1.017e-11
[06-24 14:13:16][INFO] jax_fem: CuDSSNewtonSolver: solve finished in 0.11s  res=7.168e-06
[06-24 14:13:16][DEBUG] jax_fem: CuDSSNewtonSolver: starting Newton loop
[06-24 14:13:16][DEBUG] jax_fem: JaxAssembledMixin: computing Jacobian on device
[06-24 14:13:16][DEBUG] jax_fem: Function split_and_compute_cell took 0.0353 seconds
[06-24 14:13:16][DEBUG] jax_fem: CuDSSNewtonSolver: initial residual = 6.891e+05
[06-24 14:13:16][DEBUG] jax_fem: JaxAssembledMixin: computing Jacobian on device
[06-24 14:13:16][DEBUG] jax_fem: Function split_and_compute_cell took 0.0294 seconds
[06-24 14:13:16][DEBUG] jax_fem: CuDSSNewtonSolver: iter=1  res=7.675e-06  rel=1.114e-11
[06-24 14:13:16][INFO] jax_fem: CuDSSNewtonSolver: solve finished in 0.11s  res=7.675e-06
[06-24 14:13:18][DEBUG] jax_fem: CuDSSNewtonSolver: starting Newton loop
[06-24 14:13:18][DEBUG] jax_fem: JaxAssembledMixin: computing Jacobian on device
[06-24 14:13:18][DEBUG] jax_fem: Function split_and_compute_cell took 0.0282 seconds
[06-24 14:13:18][DEBUG] jax_fem: CuDSSNewtonSolver: initial residual = 7.216e+05
[06-24 14:13:18][DEBUG] jax_fem: JaxAssembledMixin: computing Jacobian on device
[06-24 14:13:18][DEBUG] jax_fem: Function split_and_compute_cell took 0.0271 seconds
[06-24 14:13:18][DEBUG] jax_fem: CuDSSNewtonSolver: iter=1  res=5.710e-06  rel=7.912e-12
[06-24 14:13:18][INFO] jax_fem: CuDSSNewtonSolver: solve finished in 0.09s  res=5.710e-06
[06-24 14:13:19][DEBUG] jax_fem: CuDSSNewtonSolver: starting Newton loop
[06-24 14:13:19][DEBUG] jax_fem: JaxAssembledMixin: computing Jacobian on device
[06-24 14:13:19][DEBUG] jax_fem: Function split_and_compute_cell took 0.0276 seconds
[06-24 14:13:19][DEBUG] jax_fem: CuDSSNewtonSolver: initial residual = 7.188e+05
[06-24 14:13:19][DEBUG] jax_fem: JaxAssembledMixin: computing Jacobian on device
[06-24 14:13:19][DEBUG] jax_fem: Function split_and_compute_cell took 0.0263 seconds
[06-24 14:13:19][DEBUG] jax_fem: CuDSSNewtonSolver: iter=1  res=7.167e-06  rel=9.971e-12
[06-24 14:13:19][INFO] jax_fem: CuDSSNewtonSolver: solve finished in 0.09s  res=7.167e-06
[06-24 14:13:20][DEBUG] jax_fem: CuDSSNewtonSolver: starting Newton loop
[06-24 14:13:20][DEBUG] jax_fem: JaxAssembledMixin: computing Jacobian on device
[06-24 14:13:20][DEBUG] jax_fem: Function split_and_compute_cell took 0.0269 seconds
[06-24 14:13:20][DEBUG] jax_fem: CuDSSNewtonSolver: initial residual = 7.101e+05
[06-24 14:13:20][DEBUG] jax_fem: JaxAssembledMixin: computing Jacobian on device
[06-24 14:13:20][DEBUG] jax_fem: Function split_and_compute_cell took 0.0257 seconds
[06-24 14:13:20][DEBUG] jax_fem: CuDSSNewtonSolver: iter=1  res=5.892e-06  rel=8.298e-12
[06-24 14:13:20][INFO] jax_fem: CuDSSNewtonSolver: solve finished in 0.09s  res=5.892e-06
[06-24 14:13:20][DEBUG] jax_fem: CuDSSNewtonSolver: starting Newton loop
[06-24 14:13:20][DEBUG] jax_fem: JaxAssembledMixin: computing Jacobian on device
[06-24 14:13:21][DEBUG] jax_fem: Function split_and_compute_cell took 0.0265 seconds
[06-24 14:13:21][DEBUG] jax_fem: CuDSSNewtonSolver: initial residual = 7.049e+05
[06-24 14:13:21][DEBUG] jax_fem: JaxAssembledMixin: computing Jacobian on device
[06-24 14:13:21][DEBUG] jax_fem: Function split_and_compute_cell took 0.0268 seconds
[06-24 14:13:21][DEBUG] jax_fem: CuDSSNewtonSolver: iter=1  res=7.243e-06  rel=1.028e-11
[06-24 14:13:21][INFO] jax_fem: CuDSSNewtonSolver: solve finished in 0.09s  res=7.243e-06
[06-24 14:13:21][DEBUG] jax_fem: CuDSSNewtonSolver: starting Newton loop
[06-24 14:13:21][DEBUG] jax_fem: JaxAssembledMixin: computing Jacobian on device
[06-24 14:13:21][DEBUG] jax_fem: Function split_and_compute_cell took 0.0267 seconds
[06-24 14:13:21][DEBUG] jax_fem: CuDSSNewtonSolver: initial residual = 6.891e+05
[06-24 14:13:21][DEBUG] jax_fem: JaxAssembledMixin: computing Jacobian on device
[06-24 14:13:21][DEBUG] jax_fem: Function split_and_compute_cell took 0.0269 seconds
[06-24 14:13:21][DEBUG] jax_fem: CuDSSNewtonSolver: iter=1  res=7.565e-06  rel=1.098e-11
[06-24 14:13:21][INFO] jax_fem: CuDSSNewtonSolver: solve finished in 0.09s  res=7.565e-06
[06-24 14:13:21][INFO] jax_fem: CuDSS backward: solving adjoint problem …
[06-24 14:13:21][DEBUG] jax_fem: JaxAssembledMixin: computing Jacobian on device
[06-24 14:13:21][DEBUG] jax_fem: Function split_and_compute_cell took 0.0478 seconds
[06-24 14:13:21][DEBUG] jax_fem: Computing cell residual...
[06-24 14:13:22][DEBUG] jax_fem: Function split_and_compute_cell took 0.0676 seconds
[06-24 14:13:22][INFO] jax_fem: CuDSS backward: solving adjoint problem …
[06-24 14:13:22][DEBUG] jax_fem: JaxAssembledMixin: computing Jacobian on device
[06-24 14:13:22][DEBUG] jax_fem: Function split_and_compute_cell took 0.0265 seconds
[06-24 14:13:22][DEBUG] jax_fem: Computing cell residual...
[06-24 14:13:22][DEBUG] jax_fem: Function split_and_compute_cell took 0.0630 seconds
[06-24 14:13:22][INFO] jax_fem: CuDSS backward: solving adjoint problem …
[06-24 14:13:22][DEBUG] jax_fem: JaxAssembledMixin: computing Jacobian on device
[06-24 14:13:22][DEBUG] jax_fem: Function split_and_compute_cell took 0.0423 seconds
[06-24 14:13:22][DEBUG] jax_fem: Computing cell residual...
[06-24 14:13:22][DEBUG] jax_fem: Function split_and_compute_cell took 0.0631 seconds
[06-24 14:13:23][INFO] jax_fem: CuDSS backward: solving adjoint problem …
[06-24 14:13:23][DEBUG] jax_fem: JaxAssembledMixin: computing Jacobian on device
[06-24 14:13:23][DEBUG] jax_fem: Function split_and_compute_cell took 0.0646 seconds
[06-24 14:13:23][DEBUG] jax_fem: Computing cell residual...
[06-24 14:13:23][DEBUG] jax_fem: Function split_and_compute_cell took 0.0569 seconds
[06-24 14:13:23][INFO] jax_fem: CuDSS backward: solving adjoint problem …
[06-24 14:13:23][DEBUG] jax_fem: JaxAssembledMixin: computing Jacobian on device
[06-24 14:13:23][DEBUG] jax_fem: Function split_and_compute_cell took 0.0528 seconds
[06-24 14:13:23][DEBUG] jax_fem: Computing cell residual...
[06-24 14:13:23][DEBUG] jax_fem: Function split_and_compute_cell took 0.0788 seconds
[06-24 14:13:25][DEBUG] jax_fem: CuDSSNewtonSolver: starting Newton loop
[06-24 14:13:25][DEBUG] jax_fem: JaxAssembledMixin: computing Jacobian on device
[06-24 14:13:25][DEBUG] jax_fem: Function split_and_compute_cell took 0.0278 seconds
[06-24 14:13:25][DEBUG] jax_fem: CuDSSNewtonSolver: initial residual = 7.216e+05
[06-24 14:13:25][DEBUG] jax_fem: JaxAssembledMixin: computing Jacobian on device
[06-24 14:13:25][DEBUG] jax_fem: Function split_and_compute_cell took 0.0492 seconds
[06-24 14:13:25][DEBUG] jax_fem: CuDSSNewtonSolver: iter=1  res=5.752e-06  rel=7.970e-12
[06-24 14:13:25][INFO] jax_fem: CuDSSNewtonSolver: solve finished in 0.12s  res=5.752e-06
[06-24 14:13:26][DEBUG] jax_fem: CuDSSNewtonSolver: starting Newton loop
[06-24 14:13:26][DEBUG] jax_fem: JaxAssembledMixin: computing Jacobian on device
[06-24 14:13:26][DEBUG] jax_fem: Function split_and_compute_cell took 0.0257 seconds
[06-24 14:13:26][DEBUG] jax_fem: CuDSSNewtonSolver: initial residual = 7.188e+05
[06-24 14:13:26][DEBUG] jax_fem: JaxAssembledMixin: computing Jacobian on device
[06-24 14:13:26][DEBUG] jax_fem: Function split_and_compute_cell took 0.0341 seconds
[06-24 14:13:26][DEBUG] jax_fem: CuDSSNewtonSolver: iter=1  res=7.169e-06  rel=9.973e-12
[06-24 14:13:26][INFO] jax_fem: CuDSSNewtonSolver: solve finished in 0.10s  res=7.169e-06
[06-24 14:13:26][DEBUG] jax_fem: CuDSSNewtonSolver: starting Newton loop
[06-24 14:13:26][DEBUG] jax_fem: JaxAssembledMixin: computing Jacobian on device
[06-24 14:13:26][DEBUG] jax_fem: Function split_and_compute_cell took 0.0442 seconds
[06-24 14:13:26][DEBUG] jax_fem: CuDSSNewtonSolver: initial residual = 7.101e+05
[06-24 14:13:26][DEBUG] jax_fem: JaxAssembledMixin: computing Jacobian on device
[06-24 14:13:26][DEBUG] jax_fem: Function split_and_compute_cell took 0.0330 seconds
[06-24 14:13:26][DEBUG] jax_fem: CuDSSNewtonSolver: iter=1  res=5.900e-06  rel=8.309e-12
[06-24 14:13:26][INFO] jax_fem: CuDSSNewtonSolver: solve finished in 0.12s  res=5.900e-06
[06-24 14:13:26][DEBUG] jax_fem: CuDSSNewtonSolver: starting Newton loop
[06-24 14:13:26][DEBUG] jax_fem: JaxAssembledMixin: computing Jacobian on device
[06-24 14:13:26][DEBUG] jax_fem: Function split_and_compute_cell took 0.0356 seconds
[06-24 14:13:26][DEBUG] jax_fem: CuDSSNewtonSolver: initial residual = 7.049e+05
[06-24 14:13:26][DEBUG] jax_fem: JaxAssembledMixin: computing Jacobian on device
[06-24 14:13:26][DEBUG] jax_fem: Function split_and_compute_cell took 0.0242 seconds
[06-24 14:13:26][DEBUG] jax_fem: CuDSSNewtonSolver: iter=1  res=7.480e-06  rel=1.061e-11
[06-24 14:13:26][INFO] jax_fem: CuDSSNewtonSolver: solve finished in 0.10s  res=7.480e-06
[06-24 14:13:27][DEBUG] jax_fem: CuDSSNewtonSolver: starting Newton loop
[06-24 14:13:27][DEBUG] jax_fem: JaxAssembledMixin: computing Jacobian on device
[06-24 14:13:27][DEBUG] jax_fem: Function split_and_compute_cell took 0.0406 seconds
[06-24 14:13:27][DEBUG] jax_fem: CuDSSNewtonSolver: initial residual = 6.891e+05
[06-24 14:13:27][DEBUG] jax_fem: JaxAssembledMixin: computing Jacobian on device
[06-24 14:13:27][DEBUG] jax_fem: Function split_and_compute_cell took 0.0554 seconds
[06-24 14:13:27][DEBUG] jax_fem: CuDSSNewtonSolver: iter=1  res=7.347e-06  rel=1.066e-11
[06-24 14:13:27][INFO] jax_fem: CuDSSNewtonSolver: solve finished in 0.14s  res=7.347e-06
[06-24 14:13:29][DEBUG] jax_fem: CuDSSNewtonSolver: starting Newton loop
[06-24 14:13:29][DEBUG] jax_fem: JaxAssembledMixin: computing Jacobian on device
[06-24 14:13:29][DEBUG] jax_fem: Function split_and_compute_cell took 0.0252 seconds
[06-24 14:13:29][DEBUG] jax_fem: CuDSSNewtonSolver: initial residual = 7.216e+05
[06-24 14:13:29][DEBUG] jax_fem: JaxAssembledMixin: computing Jacobian on device
[06-24 14:13:29][DEBUG] jax_fem: Function split_and_compute_cell took 0.0271 seconds
[06-24 14:13:29][DEBUG] jax_fem: CuDSSNewtonSolver: iter=1  res=5.900e-06  rel=8.176e-12
[06-24 14:13:29][INFO] jax_fem: CuDSSNewtonSolver: solve finished in 0.09s  res=5.900e-06
[06-24 14:13:30][DEBUG] jax_fem: CuDSSNewtonSolver: starting Newton loop
[06-24 14:13:30][DEBUG] jax_fem: JaxAssembledMixin: computing Jacobian on device
[06-24 14:13:30][DEBUG] jax_fem: Function split_and_compute_cell took 0.0274 seconds
[06-24 14:13:30][DEBUG] jax_fem: CuDSSNewtonSolver: initial residual = 7.188e+05
[06-24 14:13:30][DEBUG] jax_fem: JaxAssembledMixin: computing Jacobian on device
[06-24 14:13:30][DEBUG] jax_fem: Function split_and_compute_cell took 0.0273 seconds
[06-24 14:13:30][DEBUG] jax_fem: CuDSSNewtonSolver: iter=1  res=6.909e-06  rel=9.611e-12
[06-24 14:13:30][INFO] jax_fem: CuDSSNewtonSolver: solve finished in 0.10s  res=6.909e-06
[06-24 14:13:30][DEBUG] jax_fem: CuDSSNewtonSolver: starting Newton loop
[06-24 14:13:30][DEBUG] jax_fem: JaxAssembledMixin: computing Jacobian on device
[06-24 14:13:30][DEBUG] jax_fem: Function split_and_compute_cell took 0.0257 seconds
[06-24 14:13:30][DEBUG] jax_fem: CuDSSNewtonSolver: initial residual = 7.101e+05
[06-24 14:13:30][DEBUG] jax_fem: JaxAssembledMixin: computing Jacobian on device
[06-24 14:13:30][DEBUG] jax_fem: Function split_and_compute_cell took 0.0249 seconds
[06-24 14:13:30][DEBUG] jax_fem: CuDSSNewtonSolver: iter=1  res=6.052e-06  rel=8.523e-12
[06-24 14:13:30][INFO] jax_fem: CuDSSNewtonSolver: solve finished in 0.09s  res=6.052e-06
[06-24 14:13:31][DEBUG] jax_fem: CuDSSNewtonSolver: starting Newton loop
[06-24 14:13:31][DEBUG] jax_fem: JaxAssembledMixin: computing Jacobian on device
[06-24 14:13:31][DEBUG] jax_fem: Function split_and_compute_cell took 0.0277 seconds
[06-24 14:13:31][DEBUG] jax_fem: CuDSSNewtonSolver: initial residual = 7.049e+05
[06-24 14:13:31][DEBUG] jax_fem: JaxAssembledMixin: computing Jacobian on device
[06-24 14:13:31][DEBUG] jax_fem: Function split_and_compute_cell took 0.0262 seconds
[06-24 14:13:31][DEBUG] jax_fem: CuDSSNewtonSolver: iter=1  res=7.261e-06  rel=1.030e-11
[06-24 14:13:31][INFO] jax_fem: CuDSSNewtonSolver: solve finished in 0.09s  res=7.261e-06
[06-24 14:13:32][DEBUG] jax_fem: CuDSSNewtonSolver: starting Newton loop
[06-24 14:13:32][DEBUG] jax_fem: JaxAssembledMixin: computing Jacobian on device
[06-24 14:13:32][DEBUG] jax_fem: Function split_and_compute_cell took 0.0276 seconds
[06-24 14:13:32][DEBUG] jax_fem: CuDSSNewtonSolver: initial residual = 6.891e+05
[06-24 14:13:32][DEBUG] jax_fem: JaxAssembledMixin: computing Jacobian on device
[06-24 14:13:32][DEBUG] jax_fem: Function split_and_compute_cell took 0.0278 seconds
[06-24 14:13:32][DEBUG] jax_fem: CuDSSNewtonSolver: iter=1  res=7.568e-06  rel=1.098e-11
[06-24 14:13:32][INFO] jax_fem: CuDSSNewtonSolver: solve finished in 0.09s  res=7.568e-06
[06-24 14:13:32][INFO] jax_fem: CuDSS backward: solving adjoint problem …
[06-24 14:13:32][DEBUG] jax_fem: JaxAssembledMixin: computing Jacobian on device
[06-24 14:13:32][DEBUG] jax_fem: Function split_and_compute_cell took 0.0399 seconds
[06-24 14:13:32][DEBUG] jax_fem: Computing cell residual...
[06-24 14:13:32][DEBUG] jax_fem: Function split_and_compute_cell took 0.0619 seconds
[06-24 14:13:33][INFO] jax_fem: CuDSS backward: solving adjoint problem …
[06-24 14:13:33][DEBUG] jax_fem: JaxAssembledMixin: computing Jacobian on device
[06-24 14:13:33][DEBUG] jax_fem: Function split_and_compute_cell took 0.0587 seconds
[06-24 14:13:33][DEBUG] jax_fem: Computing cell residual...
[06-24 14:13:33][DEBUG] jax_fem: Function split_and_compute_cell took 0.0633 seconds
[06-24 14:13:33][INFO] jax_fem: CuDSS backward: solving adjoint problem …
[06-24 14:13:33][DEBUG] jax_fem: JaxAssembledMixin: computing Jacobian on device
[06-24 14:13:33][DEBUG] jax_fem: Function split_and_compute_cell took 0.0530 seconds
[06-24 14:13:33][DEBUG] jax_fem: Computing cell residual...
[06-24 14:13:33][DEBUG] jax_fem: Function split_and_compute_cell took 0.0673 seconds
[06-24 14:13:34][INFO] jax_fem: CuDSS backward: solving adjoint problem …
[06-24 14:13:34][DEBUG] jax_fem: JaxAssembledMixin: computing Jacobian on device
[06-24 14:13:34][DEBUG] jax_fem: Function split_and_compute_cell took 0.0273 seconds
[06-24 14:13:34][DEBUG] jax_fem: Computing cell residual...
[06-24 14:13:34][DEBUG] jax_fem: Function split_and_compute_cell took 0.0735 seconds
[06-24 14:13:34][INFO] jax_fem: CuDSS backward: solving adjoint problem …
[06-24 14:13:34][DEBUG] jax_fem: JaxAssembledMixin: computing Jacobian on device
[06-24 14:13:34][DEBUG] jax_fem: Function split_and_compute_cell took 0.0305 seconds
[06-24 14:13:34][DEBUG] jax_fem: Computing cell residual...
[06-24 14:13:34][DEBUG] jax_fem: Function split_and_compute_cell took 0.0639 seconds
[06-24 14:13:36][DEBUG] jax_fem: CuDSSNewtonSolver: starting Newton loop
[06-24 14:13:36][DEBUG] jax_fem: JaxAssembledMixin: computing Jacobian on device
[06-24 14:13:36][DEBUG] jax_fem: Function split_and_compute_cell took 0.0277 seconds
[06-24 14:13:36][DEBUG] jax_fem: CuDSSNewtonSolver: initial residual = 7.216e+05
[06-24 14:13:36][DEBUG] jax_fem: JaxAssembledMixin: computing Jacobian on device
[06-24 14:13:36][DEBUG] jax_fem: Function split_and_compute_cell took 0.0247 seconds
[06-24 14:13:36][DEBUG] jax_fem: CuDSSNewtonSolver: iter=1  res=5.954e-06  rel=8.251e-12
[06-24 14:13:36][INFO] jax_fem: CuDSSNewtonSolver: solve finished in 0.10s  res=5.954e-06
[06-24 14:13:36][DEBUG] jax_fem: CuDSSNewtonSolver: starting Newton loop
[06-24 14:13:36][DEBUG] jax_fem: JaxAssembledMixin: computing Jacobian on device
[06-24 14:13:36][DEBUG] jax_fem: Function split_and_compute_cell took 0.0419 seconds
[06-24 14:13:36][DEBUG] jax_fem: CuDSSNewtonSolver: initial residual = 7.188e+05
[06-24 14:13:36][DEBUG] jax_fem: JaxAssembledMixin: computing Jacobian on device
[06-24 14:13:36][DEBUG] jax_fem: Function split_and_compute_cell took 0.0447 seconds
[06-24 14:13:36][DEBUG] jax_fem: CuDSSNewtonSolver: iter=1  res=7.245e-06  rel=1.008e-11
[06-24 14:13:36][INFO] jax_fem: CuDSSNewtonSolver: solve finished in 0.13s  res=7.245e-06
[06-24 14:13:37][DEBUG] jax_fem: CuDSSNewtonSolver: starting Newton loop
[06-24 14:13:37][DEBUG] jax_fem: JaxAssembledMixin: computing Jacobian on device
[06-24 14:13:37][DEBUG] jax_fem: Function split_and_compute_cell took 0.0404 seconds
[06-24 14:13:37][DEBUG] jax_fem: CuDSSNewtonSolver: initial residual = 7.101e+05
[06-24 14:13:37][DEBUG] jax_fem: JaxAssembledMixin: computing Jacobian on device
[06-24 14:13:37][DEBUG] jax_fem: Function split_and_compute_cell took 0.0480 seconds
[06-24 14:13:37][DEBUG] jax_fem: CuDSSNewtonSolver: iter=1  res=6.012e-06  rel=8.466e-12
[06-24 14:13:37][INFO] jax_fem: CuDSSNewtonSolver: solve finished in 0.13s  res=6.012e-06
[06-24 14:13:37][DEBUG] jax_fem: CuDSSNewtonSolver: starting Newton loop
[06-24 14:13:37][DEBUG] jax_fem: JaxAssembledMixin: computing Jacobian on device
[06-24 14:13:37][DEBUG] jax_fem: Function split_and_compute_cell took 0.0518 seconds
[06-24 14:13:37][DEBUG] jax_fem: CuDSSNewtonSolver: initial residual = 7.049e+05
[06-24 14:13:37][DEBUG] jax_fem: JaxAssembledMixin: computing Jacobian on device
[06-24 14:13:37][DEBUG] jax_fem: Function split_and_compute_cell took 0.0561 seconds
[06-24 14:13:37][DEBUG] jax_fem: CuDSSNewtonSolver: iter=1  res=6.813e-06  rel=9.665e-12
[06-24 14:13:37][INFO] jax_fem: CuDSSNewtonSolver: solve finished in 0.15s  res=6.813e-06
[06-24 14:13:38][DEBUG] jax_fem: CuDSSNewtonSolver: starting Newton loop
[06-24 14:13:38][DEBUG] jax_fem: JaxAssembledMixin: computing Jacobian on device
[06-24 14:13:38][DEBUG] jax_fem: Function split_and_compute_cell took 0.0505 seconds
[06-24 14:13:38][DEBUG] jax_fem: CuDSSNewtonSolver: initial residual = 6.891e+05
[06-24 14:13:38][DEBUG] jax_fem: JaxAssembledMixin: computing Jacobian on device
[06-24 14:13:38][DEBUG] jax_fem: Function split_and_compute_cell took 0.0280 seconds
[06-24 14:13:38][DEBUG] jax_fem: CuDSSNewtonSolver: iter=1  res=7.849e-06  rel=1.139e-11
[06-24 14:13:38][INFO] jax_fem: CuDSSNewtonSolver: solve finished in 0.12s  res=7.849e-06
[06-24 14:13:40][DEBUG] jax_fem: CuDSSNewtonSolver: starting Newton loop
[06-24 14:13:40][DEBUG] jax_fem: JaxAssembledMixin: computing Jacobian on device
[06-24 14:13:40][DEBUG] jax_fem: Function split_and_compute_cell took 0.0257 seconds
[06-24 14:13:40][DEBUG] jax_fem: CuDSSNewtonSolver: initial residual = 7.216e+05
[06-24 14:13:40][DEBUG] jax_fem: JaxAssembledMixin: computing Jacobian on device
[06-24 14:13:40][DEBUG] jax_fem: Function split_and_compute_cell took 0.0250 seconds
[06-24 14:13:40][DEBUG] jax_fem: CuDSSNewtonSolver: iter=1  res=5.921e-06  rel=8.206e-12
[06-24 14:13:40][INFO] jax_fem: CuDSSNewtonSolver: solve finished in 0.09s  res=5.921e-06
[06-24 14:13:40][DEBUG] jax_fem: CuDSSNewtonSolver: starting Newton loop
[06-24 14:13:41][DEBUG] jax_fem: JaxAssembledMixin: computing Jacobian on device
[06-24 14:13:41][DEBUG] jax_fem: Function split_and_compute_cell took 0.0265 seconds
[06-24 14:13:41][DEBUG] jax_fem: CuDSSNewtonSolver: initial residual = 7.188e+05
[06-24 14:13:41][DEBUG] jax_fem: JaxAssembledMixin: computing Jacobian on device
[06-24 14:13:41][DEBUG] jax_fem: Function split_and_compute_cell took 0.0287 seconds
[06-24 14:13:41][DEBUG] jax_fem: CuDSSNewtonSolver: iter=1  res=6.976e-06  rel=9.705e-12
[06-24 14:13:41][INFO] jax_fem: CuDSSNewtonSolver: solve finished in 0.09s  res=6.976e-06
[06-24 14:13:41][DEBUG] jax_fem: CuDSSNewtonSolver: starting Newton loop
[06-24 14:13:41][DEBUG] jax_fem: JaxAssembledMixin: computing Jacobian on device
[06-24 14:13:41][DEBUG] jax_fem: Function split_and_compute_cell took 0.0253 seconds
[06-24 14:13:41][DEBUG] jax_fem: CuDSSNewtonSolver: initial residual = 7.101e+05
[06-24 14:13:41][DEBUG] jax_fem: JaxAssembledMixin: computing Jacobian on device
[06-24 14:13:41][DEBUG] jax_fem: Function split_and_compute_cell took 0.0253 seconds
[06-24 14:13:41][DEBUG] jax_fem: CuDSSNewtonSolver: iter=1  res=5.964e-06  rel=8.399e-12
[06-24 14:13:41][INFO] jax_fem: CuDSSNewtonSolver: solve finished in 0.09s  res=5.964e-06
[06-24 14:13:42][DEBUG] jax_fem: CuDSSNewtonSolver: starting Newton loop
[06-24 14:13:42][DEBUG] jax_fem: JaxAssembledMixin: computing Jacobian on device
[06-24 14:13:42][DEBUG] jax_fem: Function split_and_compute_cell took 0.0320 seconds
[06-24 14:13:42][DEBUG] jax_fem: CuDSSNewtonSolver: initial residual = 7.049e+05
[06-24 14:13:42][DEBUG] jax_fem: JaxAssembledMixin: computing Jacobian on device
[06-24 14:13:42][DEBUG] jax_fem: Function split_and_compute_cell took 0.0279 seconds
[06-24 14:13:42][DEBUG] jax_fem: CuDSSNewtonSolver: iter=1  res=7.011e-06  rel=9.946e-12
[06-24 14:13:42][INFO] jax_fem: CuDSSNewtonSolver: solve finished in 0.10s  res=7.011e-06
[06-24 14:13:43][DEBUG] jax_fem: CuDSSNewtonSolver: starting Newton loop
[06-24 14:13:43][DEBUG] jax_fem: JaxAssembledMixin: computing Jacobian on device
[06-24 14:13:43][DEBUG] jax_fem: Function split_and_compute_cell took 0.0274 seconds
[06-24 14:13:43][DEBUG] jax_fem: CuDSSNewtonSolver: initial residual = 6.891e+05
[06-24 14:13:43][DEBUG] jax_fem: JaxAssembledMixin: computing Jacobian on device
[06-24 14:13:43][DEBUG] jax_fem: Function split_and_compute_cell took 0.0285 seconds
[06-24 14:13:43][DEBUG] jax_fem: CuDSSNewtonSolver: iter=1  res=7.725e-06  rel=1.121e-11
[06-24 14:13:43][INFO] jax_fem: CuDSSNewtonSolver: solve finished in 0.09s  res=7.725e-06
[06-24 14:13:43][INFO] jax_fem: CuDSS backward: solving adjoint problem …
[06-24 14:13:43][DEBUG] jax_fem: JaxAssembledMixin: computing Jacobian on device
[06-24 14:13:43][DEBUG] jax_fem: Function split_and_compute_cell took 0.0535 seconds
[06-24 14:13:43][DEBUG] jax_fem: Computing cell residual...
[06-24 14:13:43][DEBUG] jax_fem: Function split_and_compute_cell took 0.2955 seconds
[06-24 14:13:44][INFO] jax_fem: CuDSS backward: solving adjoint problem …
[06-24 14:13:44][DEBUG] jax_fem: JaxAssembledMixin: computing Jacobian on device
[06-24 14:13:44][DEBUG] jax_fem: Function split_and_compute_cell took 0.0555 seconds
[06-24 14:13:44][DEBUG] jax_fem: Computing cell residual...
[06-24 14:13:44][DEBUG] jax_fem: Function split_and_compute_cell took 0.0779 seconds
[06-24 14:13:44][INFO] jax_fem: CuDSS backward: solving adjoint problem …
[06-24 14:13:44][DEBUG] jax_fem: JaxAssembledMixin: computing Jacobian on device
[06-24 14:13:44][DEBUG] jax_fem: Function split_and_compute_cell took 0.0410 seconds
[06-24 14:13:44][DEBUG] jax_fem: Computing cell residual...
[06-24 14:13:44][DEBUG] jax_fem: Function split_and_compute_cell took 0.0754 seconds
[06-24 14:13:44][INFO] jax_fem: CuDSS backward: solving adjoint problem …
[06-24 14:13:45][DEBUG] jax_fem: JaxAssembledMixin: computing Jacobian on device
[06-24 14:13:45][DEBUG] jax_fem: Function split_and_compute_cell took 0.0608 seconds
[06-24 14:13:45][DEBUG] jax_fem: Computing cell residual...
[06-24 14:13:45][DEBUG] jax_fem: Function split_and_compute_cell took 0.0767 seconds
[06-24 14:13:45][INFO] jax_fem: CuDSS backward: solving adjoint problem …
[06-24 14:13:45][DEBUG] jax_fem: JaxAssembledMixin: computing Jacobian on device
[06-24 14:13:45][DEBUG] jax_fem: Function split_and_compute_cell took 0.0512 seconds
[06-24 14:13:45][DEBUG] jax_fem: Computing cell residual...
[06-24 14:13:45][DEBUG] jax_fem: Function split_and_compute_cell took 0.0742 seconds
[06-24 14:13:47][DEBUG] jax_fem: CuDSSNewtonSolver: starting Newton loop
[06-24 14:13:47][DEBUG] jax_fem: JaxAssembledMixin: computing Jacobian on device
[06-24 14:13:47][DEBUG] jax_fem: Function split_and_compute_cell took 0.0613 seconds
[06-24 14:13:47][DEBUG] jax_fem: CuDSSNewtonSolver: initial residual = 7.216e+05
[06-24 14:13:47][DEBUG] jax_fem: JaxAssembledMixin: computing Jacobian on device
[06-24 14:13:47][DEBUG] jax_fem: Function split_and_compute_cell took 0.0704 seconds
[06-24 14:13:47][DEBUG] jax_fem: CuDSSNewtonSolver: iter=1  res=5.748e-06  rel=7.966e-12
[06-24 14:13:47][INFO] jax_fem: CuDSSNewtonSolver: solve finished in 0.18s  res=5.748e-06
[06-24 14:13:48][DEBUG] jax_fem: CuDSSNewtonSolver: starting Newton loop
[06-24 14:13:48][DEBUG] jax_fem: JaxAssembledMixin: computing Jacobian on device
[06-24 14:13:48][DEBUG] jax_fem: Function split_and_compute_cell took 0.0562 seconds
[06-24 14:13:48][DEBUG] jax_fem: CuDSSNewtonSolver: initial residual = 7.188e+05
[06-24 14:13:48][DEBUG] jax_fem: JaxAssembledMixin: computing Jacobian on device
[06-24 14:13:48][DEBUG] jax_fem: Function split_and_compute_cell took 0.0427 seconds
[06-24 14:13:48][DEBUG] jax_fem: CuDSSNewtonSolver: iter=1  res=6.907e-06  rel=9.608e-12
[06-24 14:13:48][INFO] jax_fem: CuDSSNewtonSolver: solve finished in 0.14s  res=6.907e-06
[06-24 14:13:48][DEBUG] jax_fem: CuDSSNewtonSolver: starting Newton loop
[06-24 14:13:48][DEBUG] jax_fem: JaxAssembledMixin: computing Jacobian on device
[06-24 14:13:48][DEBUG] jax_fem: Function split_and_compute_cell took 0.0384 seconds
[06-24 14:13:48][DEBUG] jax_fem: CuDSSNewtonSolver: initial residual = 7.101e+05
[06-24 14:13:48][DEBUG] jax_fem: JaxAssembledMixin: computing Jacobian on device
[06-24 14:13:48][DEBUG] jax_fem: Function split_and_compute_cell took 0.0463 seconds
[06-24 14:13:48][DEBUG] jax_fem: CuDSSNewtonSolver: iter=1  res=6.062e-06  rel=8.537e-12
[06-24 14:13:48][INFO] jax_fem: CuDSSNewtonSolver: solve finished in 0.12s  res=6.062e-06
[06-24 14:13:48][DEBUG] jax_fem: CuDSSNewtonSolver: starting Newton loop
[06-24 14:13:49][DEBUG] jax_fem: JaxAssembledMixin: computing Jacobian on device
[06-24 14:13:49][DEBUG] jax_fem: Function split_and_compute_cell took 0.0483 seconds
[06-24 14:13:49][DEBUG] jax_fem: CuDSSNewtonSolver: initial residual = 7.049e+05
[06-24 14:13:49][DEBUG] jax_fem: JaxAssembledMixin: computing Jacobian on device
[06-24 14:13:49][DEBUG] jax_fem: Function split_and_compute_cell took 0.0414 seconds
[06-24 14:13:49][DEBUG] jax_fem: CuDSSNewtonSolver: iter=1  res=7.112e-06  rel=1.009e-11
[06-24 14:13:49][INFO] jax_fem: CuDSSNewtonSolver: solve finished in 0.13s  res=7.112e-06
[06-24 14:13:49][DEBUG] jax_fem: CuDSSNewtonSolver: starting Newton loop
[06-24 14:13:49][DEBUG] jax_fem: JaxAssembledMixin: computing Jacobian on device
[06-24 14:13:49][DEBUG] jax_fem: Function split_and_compute_cell took 0.0546 seconds
[06-24 14:13:49][DEBUG] jax_fem: CuDSSNewtonSolver: initial residual = 6.891e+05
[06-24 14:13:49][DEBUG] jax_fem: JaxAssembledMixin: computing Jacobian on device
[06-24 14:13:49][DEBUG] jax_fem: Function split_and_compute_cell took 0.0363 seconds
[06-24 14:13:49][DEBUG] jax_fem: CuDSSNewtonSolver: iter=1  res=7.683e-06  rel=1.115e-11
[06-24 14:13:49][INFO] jax_fem: CuDSSNewtonSolver: solve finished in 0.14s  res=7.683e-06
[06-24 14:13:51][DEBUG] jax_fem: CuDSSNewtonSolver: starting Newton loop
[06-24 14:13:51][DEBUG] jax_fem: JaxAssembledMixin: computing Jacobian on device
[06-24 14:13:51][DEBUG] jax_fem: Function split_and_compute_cell took 0.0278 seconds
[06-24 14:13:51][DEBUG] jax_fem: CuDSSNewtonSolver: initial residual = 7.216e+05
[06-24 14:13:51][DEBUG] jax_fem: JaxAssembledMixin: computing Jacobian on device
[06-24 14:13:51][DEBUG] jax_fem: Function split_and_compute_cell took 0.0241 seconds
[06-24 14:13:51][DEBUG] jax_fem: CuDSSNewtonSolver: iter=1  res=5.956e-06  rel=8.254e-12
[06-24 14:13:51][INFO] jax_fem: CuDSSNewtonSolver: solve finished in 0.09s  res=5.956e-06
[06-24 14:13:52][DEBUG] jax_fem: CuDSSNewtonSolver: starting Newton loop
[06-24 14:13:52][DEBUG] jax_fem: JaxAssembledMixin: computing Jacobian on device
[06-24 14:13:52][DEBUG] jax_fem: Function split_and_compute_cell took 0.0257 seconds
[06-24 14:13:52][DEBUG] jax_fem: CuDSSNewtonSolver: initial residual = 7.188e+05
[06-24 14:13:52][DEBUG] jax_fem: JaxAssembledMixin: computing Jacobian on device
[06-24 14:13:52][DEBUG] jax_fem: Function split_and_compute_cell took 0.0273 seconds
[06-24 14:13:52][DEBUG] jax_fem: CuDSSNewtonSolver: iter=1  res=7.349e-06  rel=1.022e-11
[06-24 14:13:52][INFO] jax_fem: CuDSSNewtonSolver: solve finished in 0.09s  res=7.349e-06
[06-24 14:13:52][DEBUG] jax_fem: CuDSSNewtonSolver: starting Newton loop
[06-24 14:13:52][DEBUG] jax_fem: JaxAssembledMixin: computing Jacobian on device
[06-24 14:13:52][DEBUG] jax_fem: Function split_and_compute_cell took 0.0269 seconds
[06-24 14:13:52][DEBUG] jax_fem: CuDSSNewtonSolver: initial residual = 7.101e+05
[06-24 14:13:52][DEBUG] jax_fem: JaxAssembledMixin: computing Jacobian on device
[06-24 14:13:52][DEBUG] jax_fem: Function split_and_compute_cell took 0.0242 seconds
[06-24 14:13:52][DEBUG] jax_fem: CuDSSNewtonSolver: iter=1  res=6.223e-06  rel=8.764e-12
[06-24 14:13:52][INFO] jax_fem: CuDSSNewtonSolver: solve finished in 0.09s  res=6.223e-06
[06-24 14:13:53][DEBUG] jax_fem: CuDSSNewtonSolver: starting Newton loop
[06-24 14:13:53][DEBUG] jax_fem: JaxAssembledMixin: computing Jacobian on device
[06-24 14:13:53][DEBUG] jax_fem: Function split_and_compute_cell took 0.0269 seconds
[06-24 14:13:53][DEBUG] jax_fem: CuDSSNewtonSolver: initial residual = 7.049e+05
[06-24 14:13:53][DEBUG] jax_fem: JaxAssembledMixin: computing Jacobian on device
[06-24 14:13:53][DEBUG] jax_fem: Function split_and_compute_cell took 0.0275 seconds
[06-24 14:13:53][DEBUG] jax_fem: CuDSSNewtonSolver: iter=1  res=7.344e-06  rel=1.042e-11
[06-24 14:13:53][INFO] jax_fem: CuDSSNewtonSolver: solve finished in 0.11s  res=7.344e-06
[06-24 14:13:54][DEBUG] jax_fem: CuDSSNewtonSolver: starting Newton loop
[06-24 14:13:54][DEBUG] jax_fem: JaxAssembledMixin: computing Jacobian on device
[06-24 14:13:54][DEBUG] jax_fem: Function split_and_compute_cell took 0.0270 seconds
[06-24 14:13:54][DEBUG] jax_fem: CuDSSNewtonSolver: initial residual = 6.891e+05
[06-24 14:13:54][DEBUG] jax_fem: JaxAssembledMixin: computing Jacobian on device
[06-24 14:13:54][DEBUG] jax_fem: Function split_and_compute_cell took 0.0267 seconds
[06-24 14:13:54][DEBUG] jax_fem: CuDSSNewtonSolver: iter=1  res=7.579e-06  rel=1.100e-11
[06-24 14:13:54][INFO] jax_fem: CuDSSNewtonSolver: solve finished in 0.09s  res=7.579e-06
[06-24 14:13:54][INFO] jax_fem: CuDSS backward: solving adjoint problem …
[06-24 14:13:54][DEBUG] jax_fem: JaxAssembledMixin: computing Jacobian on device
[06-24 14:13:54][DEBUG] jax_fem: Function split_and_compute_cell took 0.0273 seconds
[06-24 14:13:54][DEBUG] jax_fem: Computing cell residual...
[06-24 14:13:54][DEBUG] jax_fem: Function split_and_compute_cell took 0.0587 seconds
[06-24 14:13:54][INFO] jax_fem: CuDSS backward: solving adjoint problem …
[06-24 14:13:54][DEBUG] jax_fem: JaxAssembledMixin: computing Jacobian on device
[06-24 14:13:54][DEBUG] jax_fem: Function split_and_compute_cell took 0.0400 seconds
[06-24 14:13:54][DEBUG] jax_fem: Computing cell residual...
[06-24 14:13:55][DEBUG] jax_fem: Function split_and_compute_cell took 0.0798 seconds
[06-24 14:13:55][INFO] jax_fem: CuDSS backward: solving adjoint problem …
[06-24 14:13:55][DEBUG] jax_fem: JaxAssembledMixin: computing Jacobian on device
[06-24 14:13:55][DEBUG] jax_fem: Function split_and_compute_cell took 0.0492 seconds
[06-24 14:13:55][DEBUG] jax_fem: Computing cell residual...
[06-24 14:13:55][DEBUG] jax_fem: Function split_and_compute_cell took 0.0772 seconds
[06-24 14:13:55][INFO] jax_fem: CuDSS backward: solving adjoint problem …
[06-24 14:13:55][DEBUG] jax_fem: JaxAssembledMixin: computing Jacobian on device
[06-24 14:13:55][DEBUG] jax_fem: Function split_and_compute_cell took 0.0583 seconds
[06-24 14:13:55][DEBUG] jax_fem: Computing cell residual...
[06-24 14:13:56][DEBUG] jax_fem: Function split_and_compute_cell took 0.0732 seconds
[06-24 14:13:56][INFO] jax_fem: CuDSS backward: solving adjoint problem …
[06-24 14:13:56][DEBUG] jax_fem: JaxAssembledMixin: computing Jacobian on device
[06-24 14:13:56][DEBUG] jax_fem: Function split_and_compute_cell took 0.0233 seconds
[06-24 14:13:56][DEBUG] jax_fem: Computing cell residual...
[06-24 14:13:56][DEBUG] jax_fem: Function split_and_compute_cell took 0.0671 seconds
[06-24 14:13:58][DEBUG] jax_fem: CuDSSNewtonSolver: starting Newton loop
[06-24 14:13:58][DEBUG] jax_fem: JaxAssembledMixin: computing Jacobian on device
[06-24 14:13:58][DEBUG] jax_fem: Function split_and_compute_cell took 0.0369 seconds
[06-24 14:13:58][DEBUG] jax_fem: CuDSSNewtonSolver: initial residual = 7.216e+05
[06-24 14:13:58][DEBUG] jax_fem: JaxAssembledMixin: computing Jacobian on device
[06-24 14:13:58][DEBUG] jax_fem: Function split_and_compute_cell took 0.0336 seconds
[06-24 14:13:58][DEBUG] jax_fem: CuDSSNewtonSolver: iter=1  res=5.832e-06  rel=8.083e-12
[06-24 14:13:58][INFO] jax_fem: CuDSSNewtonSolver: solve finished in 0.12s  res=5.832e-06
[06-24 14:13:58][DEBUG] jax_fem: CuDSSNewtonSolver: starting Newton loop
[06-24 14:13:58][DEBUG] jax_fem: JaxAssembledMixin: computing Jacobian on device
[06-24 14:13:58][DEBUG] jax_fem: Function split_and_compute_cell took 0.0538 seconds
[06-24 14:13:58][DEBUG] jax_fem: CuDSSNewtonSolver: initial residual = 7.188e+05
[06-24 14:13:58][DEBUG] jax_fem: JaxAssembledMixin: computing Jacobian on device
[06-24 14:13:58][DEBUG] jax_fem: Function split_and_compute_cell took 0.0342 seconds
[06-24 14:13:58][DEBUG] jax_fem: CuDSSNewtonSolver: iter=1  res=7.137e-06  rel=9.929e-12
[06-24 14:13:58][INFO] jax_fem: CuDSSNewtonSolver: solve finished in 0.13s  res=7.137e-06
[06-24 14:13:59][DEBUG] jax_fem: CuDSSNewtonSolver: starting Newton loop
[06-24 14:13:59][DEBUG] jax_fem: JaxAssembledMixin: computing Jacobian on device
[06-24 14:13:59][DEBUG] jax_fem: Function split_and_compute_cell took 0.0391 seconds
[06-24 14:13:59][DEBUG] jax_fem: CuDSSNewtonSolver: initial residual = 7.101e+05
[06-24 14:13:59][DEBUG] jax_fem: JaxAssembledMixin: computing Jacobian on device
[06-24 14:13:59][DEBUG] jax_fem: Function split_and_compute_cell took 0.0257 seconds
[06-24 14:13:59][DEBUG] jax_fem: CuDSSNewtonSolver: iter=1  res=5.950e-06  rel=8.380e-12
[06-24 14:13:59][INFO] jax_fem: CuDSSNewtonSolver: solve finished in 0.11s  res=5.950e-06
[06-24 14:13:59][DEBUG] jax_fem: CuDSSNewtonSolver: starting Newton loop
[06-24 14:13:59][DEBUG] jax_fem: JaxAssembledMixin: computing Jacobian on device
[06-24 14:13:59][DEBUG] jax_fem: Function split_and_compute_cell took 0.0607 seconds
[06-24 14:13:59][DEBUG] jax_fem: CuDSSNewtonSolver: initial residual = 7.049e+05
[06-24 14:13:59][DEBUG] jax_fem: JaxAssembledMixin: computing Jacobian on device
[06-24 14:13:59][DEBUG] jax_fem: Function split_and_compute_cell took 0.0520 seconds
[06-24 14:13:59][DEBUG] jax_fem: CuDSSNewtonSolver: iter=1  res=7.213e-06  rel=1.023e-11
[06-24 14:13:59][INFO] jax_fem: CuDSSNewtonSolver: solve finished in 0.16s  res=7.213e-06
[06-24 14:14:00][DEBUG] jax_fem: CuDSSNewtonSolver: starting Newton loop
[06-24 14:14:00][DEBUG] jax_fem: JaxAssembledMixin: computing Jacobian on device
[06-24 14:14:00][DEBUG] jax_fem: Function split_and_compute_cell took 0.0419 seconds
[06-24 14:14:00][DEBUG] jax_fem: CuDSSNewtonSolver: initial residual = 6.891e+05
[06-24 14:14:00][DEBUG] jax_fem: JaxAssembledMixin: computing Jacobian on device
[06-24 14:14:00][DEBUG] jax_fem: Function split_and_compute_cell took 0.0330 seconds
[06-24 14:14:00][DEBUG] jax_fem: CuDSSNewtonSolver: iter=1  res=7.590e-06  rel=1.101e-11
[06-24 14:14:00][INFO] jax_fem: CuDSSNewtonSolver: solve finished in 0.12s  res=7.590e-06
[06-24 14:14:02][DEBUG] jax_fem: CuDSSNewtonSolver: starting Newton loop
[06-24 14:14:02][DEBUG] jax_fem: JaxAssembledMixin: computing Jacobian on device
[06-24 14:14:02][DEBUG] jax_fem: Function split_and_compute_cell took 0.0266 seconds
[06-24 14:14:02][DEBUG] jax_fem: CuDSSNewtonSolver: initial residual = 7.216e+05
[06-24 14:14:02][DEBUG] jax_fem: JaxAssembledMixin: computing Jacobian on device
[06-24 14:14:02][DEBUG] jax_fem: Function split_and_compute_cell took 0.0264 seconds
[06-24 14:14:02][DEBUG] jax_fem: CuDSSNewtonSolver: iter=1  res=5.999e-06  rel=8.313e-12
[06-24 14:14:02][INFO] jax_fem: CuDSSNewtonSolver: solve finished in 0.09s  res=5.999e-06
[06-24 14:14:03][DEBUG] jax_fem: CuDSSNewtonSolver: starting Newton loop
[06-24 14:14:03][DEBUG] jax_fem: JaxAssembledMixin: computing Jacobian on device
[06-24 14:14:03][DEBUG] jax_fem: Function split_and_compute_cell took 0.0271 seconds
[06-24 14:14:03][DEBUG] jax_fem: CuDSSNewtonSolver: initial residual = 7.188e+05
[06-24 14:14:03][DEBUG] jax_fem: JaxAssembledMixin: computing Jacobian on device
[06-24 14:14:03][DEBUG] jax_fem: Function split_and_compute_cell took 0.0268 seconds
[06-24 14:14:03][DEBUG] jax_fem: CuDSSNewtonSolver: iter=1  res=7.026e-06  rel=9.774e-12
[06-24 14:14:03][INFO] jax_fem: CuDSSNewtonSolver: solve finished in 0.09s  res=7.026e-06
[06-24 14:14:03][DEBUG] jax_fem: CuDSSNewtonSolver: starting Newton loop
[06-24 14:14:03][DEBUG] jax_fem: JaxAssembledMixin: computing Jacobian on device
[06-24 14:14:03][DEBUG] jax_fem: Function split_and_compute_cell took 0.0266 seconds
[06-24 14:14:03][DEBUG] jax_fem: CuDSSNewtonSolver: initial residual = 7.101e+05
[06-24 14:14:03][DEBUG] jax_fem: JaxAssembledMixin: computing Jacobian on device
[06-24 14:14:03][DEBUG] jax_fem: Function split_and_compute_cell took 0.0280 seconds
[06-24 14:14:03][DEBUG] jax_fem: CuDSSNewtonSolver: iter=1  res=5.971e-06  rel=8.409e-12
[06-24 14:14:03][INFO] jax_fem: CuDSSNewtonSolver: solve finished in 0.12s  res=5.971e-06
[06-24 14:14:04][DEBUG] jax_fem: CuDSSNewtonSolver: starting Newton loop
[06-24 14:14:04][DEBUG] jax_fem: JaxAssembledMixin: computing Jacobian on device
[06-24 14:14:04][DEBUG] jax_fem: Function split_and_compute_cell took 0.0269 seconds
[06-24 14:14:04][DEBUG] jax_fem: CuDSSNewtonSolver: initial residual = 7.049e+05
[06-24 14:14:04][DEBUG] jax_fem: JaxAssembledMixin: computing Jacobian on device
[06-24 14:14:04][DEBUG] jax_fem: Function split_and_compute_cell took 0.0259 seconds
[06-24 14:14:04][DEBUG] jax_fem: CuDSSNewtonSolver: iter=1  res=7.062e-06  rel=1.002e-11
[06-24 14:14:04][INFO] jax_fem: CuDSSNewtonSolver: solve finished in 0.09s  res=7.062e-06
[06-24 14:14:05][DEBUG] jax_fem: CuDSSNewtonSolver: starting Newton loop
[06-24 14:14:05][DEBUG] jax_fem: JaxAssembledMixin: computing Jacobian on device
[06-24 14:14:05][DEBUG] jax_fem: Function split_and_compute_cell took 0.0269 seconds
[06-24 14:14:05][DEBUG] jax_fem: CuDSSNewtonSolver: initial residual = 6.891e+05
[06-24 14:14:05][DEBUG] jax_fem: JaxAssembledMixin: computing Jacobian on device
[06-24 14:14:05][DEBUG] jax_fem: Function split_and_compute_cell took 0.0265 seconds
[06-24 14:14:05][DEBUG] jax_fem: CuDSSNewtonSolver: iter=1  res=7.364e-06  rel=1.069e-11
[06-24 14:14:05][INFO] jax_fem: CuDSSNewtonSolver: solve finished in 0.09s  res=7.364e-06
[06-24 14:14:05][INFO] jax_fem: CuDSS backward: solving adjoint problem …
[06-24 14:14:05][DEBUG] jax_fem: JaxAssembledMixin: computing Jacobian on device
[06-24 14:14:05][DEBUG] jax_fem: Function split_and_compute_cell took 0.0493 seconds
[06-24 14:14:05][DEBUG] jax_fem: Computing cell residual...
[06-24 14:14:05][DEBUG] jax_fem: Function split_and_compute_cell took 0.0659 seconds
[06-24 14:14:05][INFO] jax_fem: CuDSS backward: solving adjoint problem …
[06-24 14:14:05][DEBUG] jax_fem: JaxAssembledMixin: computing Jacobian on device
[06-24 14:14:05][DEBUG] jax_fem: Function split_and_compute_cell took 0.0391 seconds
[06-24 14:14:05][DEBUG] jax_fem: Computing cell residual...
[06-24 14:14:06][DEBUG] jax_fem: Function split_and_compute_cell took 0.0610 seconds
[06-24 14:14:06][INFO] jax_fem: CuDSS backward: solving adjoint problem …
[06-24 14:14:06][DEBUG] jax_fem: JaxAssembledMixin: computing Jacobian on device
[06-24 14:14:06][DEBUG] jax_fem: Function split_and_compute_cell took 0.0344 seconds
[06-24 14:14:06][DEBUG] jax_fem: Computing cell residual...
[06-24 14:14:06][DEBUG] jax_fem: Function split_and_compute_cell took 0.0625 seconds
[06-24 14:14:06][INFO] jax_fem: CuDSS backward: solving adjoint problem …
[06-24 14:14:06][DEBUG] jax_fem: JaxAssembledMixin: computing Jacobian on device
[06-24 14:14:06][DEBUG] jax_fem: Function split_and_compute_cell took 0.0411 seconds
[06-24 14:14:06][DEBUG] jax_fem: Computing cell residual...
[06-24 14:14:06][DEBUG] jax_fem: Function split_and_compute_cell took 0.0740 seconds
[06-24 14:14:07][INFO] jax_fem: CuDSS backward: solving adjoint problem …
[06-24 14:14:07][DEBUG] jax_fem: JaxAssembledMixin: computing Jacobian on device
[06-24 14:14:07][DEBUG] jax_fem: Function split_and_compute_cell took 0.0495 seconds
[06-24 14:14:07][DEBUG] jax_fem: Computing cell residual...
[06-24 14:14:07][DEBUG] jax_fem: Function split_and_compute_cell took 0.0756 seconds
[06-24 14:14:09][DEBUG] jax_fem: CuDSSNewtonSolver: starting Newton loop
[06-24 14:14:09][DEBUG] jax_fem: JaxAssembledMixin: computing Jacobian on device
[06-24 14:14:09][DEBUG] jax_fem: Function split_and_compute_cell took 0.0494 seconds
[06-24 14:14:09][DEBUG] jax_fem: CuDSSNewtonSolver: initial residual = 7.216e+05
[06-24 14:14:09][DEBUG] jax_fem: JaxAssembledMixin: computing Jacobian on device
[06-24 14:14:09][DEBUG] jax_fem: Function split_and_compute_cell took 0.0638 seconds
[06-24 14:14:09][DEBUG] jax_fem: CuDSSNewtonSolver: iter=1  res=5.747e-06  rel=7.964e-12
[06-24 14:14:09][INFO] jax_fem: CuDSSNewtonSolver: solve finished in 0.16s  res=5.747e-06
[06-24 14:14:09][DEBUG] jax_fem: CuDSSNewtonSolver: starting Newton loop
[06-24 14:14:09][DEBUG] jax_fem: JaxAssembledMixin: computing Jacobian on device
[06-24 14:14:09][DEBUG] jax_fem: Function split_and_compute_cell took 0.0396 seconds
[06-24 14:14:09][DEBUG] jax_fem: CuDSSNewtonSolver: initial residual = 7.188e+05
[06-24 14:14:09][DEBUG] jax_fem: JaxAssembledMixin: computing Jacobian on device
[06-24 14:14:09][DEBUG] jax_fem: Function split_and_compute_cell took 0.0435 seconds
[06-24 14:14:09][DEBUG] jax_fem: CuDSSNewtonSolver: iter=1  res=7.618e-06  rel=1.060e-11
[06-24 14:14:09][INFO] jax_fem: CuDSSNewtonSolver: solve finished in 0.13s  res=7.618e-06
[06-24 14:14:10][DEBUG] jax_fem: CuDSSNewtonSolver: starting Newton loop
[06-24 14:14:10][DEBUG] jax_fem: JaxAssembledMixin: computing Jacobian on device
[06-24 14:14:10][DEBUG] jax_fem: Function split_and_compute_cell took 0.0271 seconds
[06-24 14:14:10][DEBUG] jax_fem: CuDSSNewtonSolver: initial residual = 7.101e+05
[06-24 14:14:10][DEBUG] jax_fem: JaxAssembledMixin: computing Jacobian on device
[06-24 14:14:10][DEBUG] jax_fem: Function split_and_compute_cell took 0.0273 seconds
[06-24 14:14:10][DEBUG] jax_fem: CuDSSNewtonSolver: iter=1  res=5.952e-06  rel=8.383e-12
[06-24 14:14:10][INFO] jax_fem: CuDSSNewtonSolver: solve finished in 0.10s  res=5.952e-06
[06-24 14:14:10][DEBUG] jax_fem: CuDSSNewtonSolver: starting Newton loop
[06-24 14:14:10][DEBUG] jax_fem: JaxAssembledMixin: computing Jacobian on device
[06-24 14:14:10][DEBUG] jax_fem: Function split_and_compute_cell took 0.0525 seconds
[06-24 14:14:10][DEBUG] jax_fem: CuDSSNewtonSolver: initial residual = 7.049e+05
[06-24 14:14:10][DEBUG] jax_fem: JaxAssembledMixin: computing Jacobian on device
[06-24 14:14:10][DEBUG] jax_fem: Function split_and_compute_cell took 0.0279 seconds
[06-24 14:14:10][DEBUG] jax_fem: CuDSSNewtonSolver: iter=1  res=6.950e-06  rel=9.860e-12
[06-24 14:14:10][INFO] jax_fem: CuDSSNewtonSolver: solve finished in 0.13s  res=6.950e-06
[06-24 14:14:10][DEBUG] jax_fem: CuDSSNewtonSolver: starting Newton loop
[06-24 14:14:10][DEBUG] jax_fem: JaxAssembledMixin: computing Jacobian on device
[06-24 14:14:11][DEBUG] jax_fem: Function split_and_compute_cell took 0.0413 seconds
[06-24 14:14:11][DEBUG] jax_fem: CuDSSNewtonSolver: initial residual = 6.891e+05
[06-24 14:14:11][DEBUG] jax_fem: JaxAssembledMixin: computing Jacobian on device
[06-24 14:14:11][DEBUG] jax_fem: Function split_and_compute_cell took 0.0466 seconds
[06-24 14:14:11][DEBUG] jax_fem: CuDSSNewtonSolver: iter=1  res=7.534e-06  rel=1.093e-11
[06-24 14:14:11][INFO] jax_fem: CuDSSNewtonSolver: solve finished in 0.13s  res=7.534e-06
[06-24 14:14:12][DEBUG] jax_fem: CuDSSNewtonSolver: starting Newton loop
[06-24 14:14:12][DEBUG] jax_fem: JaxAssembledMixin: computing Jacobian on device
[06-24 14:14:13][DEBUG] jax_fem: Function split_and_compute_cell took 0.0275 seconds
[06-24 14:14:13][DEBUG] jax_fem: CuDSSNewtonSolver: initial residual = 7.216e+05
[06-24 14:14:13][DEBUG] jax_fem: JaxAssembledMixin: computing Jacobian on device
[06-24 14:14:13][DEBUG] jax_fem: Function split_and_compute_cell took 0.0273 seconds
[06-24 14:14:13][DEBUG] jax_fem: CuDSSNewtonSolver: iter=1  res=5.605e-06  rel=7.768e-12
[06-24 14:14:13][INFO] jax_fem: CuDSSNewtonSolver: solve finished in 0.09s  res=5.605e-06
[06-24 14:14:13][DEBUG] jax_fem: CuDSSNewtonSolver: starting Newton loop
[06-24 14:14:13][DEBUG] jax_fem: JaxAssembledMixin: computing Jacobian on device
[06-24 14:14:13][DEBUG] jax_fem: Function split_and_compute_cell took 0.0270 seconds
[06-24 14:14:13][DEBUG] jax_fem: CuDSSNewtonSolver: initial residual = 7.188e+05
[06-24 14:14:13][DEBUG] jax_fem: JaxAssembledMixin: computing Jacobian on device
[06-24 14:14:13][DEBUG] jax_fem: Function split_and_compute_cell took 0.0252 seconds
[06-24 14:14:13][DEBUG] jax_fem: CuDSSNewtonSolver: iter=1  res=7.119e-06  rel=9.903e-12
[06-24 14:14:13][INFO] jax_fem: CuDSSNewtonSolver: solve finished in 0.09s  res=7.119e-06
[06-24 14:14:14][DEBUG] jax_fem: CuDSSNewtonSolver: starting Newton loop
[06-24 14:14:14][DEBUG] jax_fem: JaxAssembledMixin: computing Jacobian on device
[06-24 14:14:14][DEBUG] jax_fem: Function split_and_compute_cell took 0.0254 seconds
[06-24 14:14:14][DEBUG] jax_fem: CuDSSNewtonSolver: initial residual = 7.101e+05
[06-24 14:14:14][DEBUG] jax_fem: JaxAssembledMixin: computing Jacobian on device
[06-24 14:14:14][DEBUG] jax_fem: Function split_and_compute_cell took 0.0258 seconds
[06-24 14:14:14][DEBUG] jax_fem: CuDSSNewtonSolver: iter=1  res=5.983e-06  rel=8.427e-12
[06-24 14:14:14][INFO] jax_fem: CuDSSNewtonSolver: solve finished in 0.09s  res=5.983e-06
[06-24 14:14:15][DEBUG] jax_fem: CuDSSNewtonSolver: starting Newton loop
[06-24 14:14:15][DEBUG] jax_fem: JaxAssembledMixin: computing Jacobian on device
[06-24 14:14:15][DEBUG] jax_fem: Function split_and_compute_cell took 0.0262 seconds
[06-24 14:14:15][DEBUG] jax_fem: CuDSSNewtonSolver: initial residual = 7.049e+05
[06-24 14:14:15][DEBUG] jax_fem: JaxAssembledMixin: computing Jacobian on device
[06-24 14:14:15][DEBUG] jax_fem: Function split_and_compute_cell took 0.0261 seconds
[06-24 14:14:15][DEBUG] jax_fem: CuDSSNewtonSolver: iter=1  res=7.110e-06  rel=1.009e-11
[06-24 14:14:15][INFO] jax_fem: CuDSSNewtonSolver: solve finished in 0.09s  res=7.110e-06
[06-24 14:14:16][DEBUG] jax_fem: CuDSSNewtonSolver: starting Newton loop
[06-24 14:14:16][DEBUG] jax_fem: JaxAssembledMixin: computing Jacobian on device
[06-24 14:14:16][DEBUG] jax_fem: Function split_and_compute_cell took 0.0272 seconds
[06-24 14:14:16][DEBUG] jax_fem: CuDSSNewtonSolver: initial residual = 6.891e+05
[06-24 14:14:16][DEBUG] jax_fem: JaxAssembledMixin: computing Jacobian on device
[06-24 14:14:16][DEBUG] jax_fem: Function split_and_compute_cell took 0.0255 seconds
[06-24 14:14:16][DEBUG] jax_fem: CuDSSNewtonSolver: iter=1  res=7.887e-06  rel=1.145e-11
[06-24 14:14:16][INFO] jax_fem: CuDSSNewtonSolver: solve finished in 0.09s  res=7.887e-06
[06-24 14:14:16][INFO] jax_fem: CuDSS backward: solving adjoint problem …
[06-24 14:14:16][DEBUG] jax_fem: JaxAssembledMixin: computing Jacobian on device
[06-24 14:14:16][DEBUG] jax_fem: Function split_and_compute_cell took 0.0475 seconds
[06-24 14:14:16][DEBUG] jax_fem: Computing cell residual...
[06-24 14:14:16][DEBUG] jax_fem: Function split_and_compute_cell took 0.0619 seconds
[06-24 14:14:16][INFO] jax_fem: CuDSS backward: solving adjoint problem …
[06-24 14:14:16][DEBUG] jax_fem: JaxAssembledMixin: computing Jacobian on device
[06-24 14:14:16][DEBUG] jax_fem: Function split_and_compute_cell took 0.0435 seconds
[06-24 14:14:16][DEBUG] jax_fem: Computing cell residual...
[06-24 14:14:16][DEBUG] jax_fem: Function split_and_compute_cell took 0.0707 seconds
[06-24 14:14:17][INFO] jax_fem: CuDSS backward: solving adjoint problem …
[06-24 14:14:17][DEBUG] jax_fem: JaxAssembledMixin: computing Jacobian on device
[06-24 14:14:17][DEBUG] jax_fem: Function split_and_compute_cell took 0.0633 seconds
[06-24 14:14:17][DEBUG] jax_fem: Computing cell residual...
[06-24 14:14:17][DEBUG] jax_fem: Function split_and_compute_cell took 0.0763 seconds
[06-24 14:14:17][INFO] jax_fem: CuDSS backward: solving adjoint problem …
[06-24 14:14:17][DEBUG] jax_fem: JaxAssembledMixin: computing Jacobian on device
[06-24 14:14:17][DEBUG] jax_fem: Function split_and_compute_cell took 0.0289 seconds
[06-24 14:14:17][DEBUG] jax_fem: Computing cell residual...
[06-24 14:14:17][DEBUG] jax_fem: Function split_and_compute_cell took 0.0744 seconds
[06-24 14:14:18][INFO] jax_fem: CuDSS backward: solving adjoint problem …
[06-24 14:14:18][DEBUG] jax_fem: JaxAssembledMixin: computing Jacobian on device
[06-24 14:14:18][DEBUG] jax_fem: Function split_and_compute_cell took 0.0398 seconds
[06-24 14:14:18][DEBUG] jax_fem: Computing cell residual...
[06-24 14:14:18][DEBUG] jax_fem: Function split_and_compute_cell took 0.0645 seconds
[06-24 14:14:19][DEBUG] jax_fem: CuDSSNewtonSolver: starting Newton loop
[06-24 14:14:20][DEBUG] jax_fem: JaxAssembledMixin: computing Jacobian on device
[06-24 14:14:20][DEBUG] jax_fem: Function split_and_compute_cell took 0.0487 seconds
[06-24 14:14:20][DEBUG] jax_fem: CuDSSNewtonSolver: initial residual = 7.216e+05
[06-24 14:14:20][DEBUG] jax_fem: JaxAssembledMixin: computing Jacobian on device
[06-24 14:14:20][DEBUG] jax_fem: Function split_and_compute_cell took 0.0443 seconds
[06-24 14:14:20][DEBUG] jax_fem: CuDSSNewtonSolver: iter=1  res=5.708e-06  rel=7.910e-12
[06-24 14:14:20][INFO] jax_fem: CuDSSNewtonSolver: solve finished in 0.14s  res=5.708e-06
[06-24 14:14:20][DEBUG] jax_fem: CuDSSNewtonSolver: starting Newton loop
[06-24 14:14:20][DEBUG] jax_fem: JaxAssembledMixin: computing Jacobian on device
[06-24 14:14:20][DEBUG] jax_fem: Function split_and_compute_cell took 0.0511 seconds
[06-24 14:14:20][DEBUG] jax_fem: CuDSSNewtonSolver: initial residual = 7.188e+05
[06-24 14:14:20][DEBUG] jax_fem: JaxAssembledMixin: computing Jacobian on device
[06-24 14:14:20][DEBUG] jax_fem: Function split_and_compute_cell took 0.0540 seconds
[06-24 14:14:20][DEBUG] jax_fem: CuDSSNewtonSolver: iter=1  res=6.960e-06  rel=9.682e-12
[06-24 14:14:20][INFO] jax_fem: CuDSSNewtonSolver: solve finished in 0.15s  res=6.960e-06
[06-24 14:14:20][DEBUG] jax_fem: CuDSSNewtonSolver: starting Newton loop
[06-24 14:14:20][DEBUG] jax_fem: JaxAssembledMixin: computing Jacobian on device
[06-24 14:14:21][DEBUG] jax_fem: Function split_and_compute_cell took 0.0467 seconds
[06-24 14:14:21][DEBUG] jax_fem: CuDSSNewtonSolver: initial residual = 7.101e+05
[06-24 14:14:21][DEBUG] jax_fem: JaxAssembledMixin: computing Jacobian on device
[06-24 14:14:21][DEBUG] jax_fem: Function split_and_compute_cell took 0.0271 seconds
[06-24 14:14:21][DEBUG] jax_fem: CuDSSNewtonSolver: iter=1  res=6.056e-06  rel=8.528e-12
[06-24 14:14:21][INFO] jax_fem: CuDSSNewtonSolver: solve finished in 0.11s  res=6.056e-06
[06-24 14:14:21][DEBUG] jax_fem: CuDSSNewtonSolver: starting Newton loop
[06-24 14:14:21][DEBUG] jax_fem: JaxAssembledMixin: computing Jacobian on device
[06-24 14:14:21][DEBUG] jax_fem: Function split_and_compute_cell took 0.0466 seconds
[06-24 14:14:21][DEBUG] jax_fem: CuDSSNewtonSolver: initial residual = 7.049e+05
[06-24 14:14:21][DEBUG] jax_fem: JaxAssembledMixin: computing Jacobian on device
[06-24 14:14:21][DEBUG] jax_fem: Function split_and_compute_cell took 0.0489 seconds
[06-24 14:14:21][DEBUG] jax_fem: CuDSSNewtonSolver: iter=1  res=6.781e-06  rel=9.620e-12
[06-24 14:14:21][INFO] jax_fem: CuDSSNewtonSolver: solve finished in 0.14s  res=6.781e-06
[06-24 14:14:21][DEBUG] jax_fem: CuDSSNewtonSolver: starting Newton loop
[06-24 14:14:21][DEBUG] jax_fem: JaxAssembledMixin: computing Jacobian on device
[06-24 14:14:21][DEBUG] jax_fem: Function split_and_compute_cell took 0.0401 seconds
[06-24 14:14:21][DEBUG] jax_fem: CuDSSNewtonSolver: initial residual = 6.891e+05
[06-24 14:14:21][DEBUG] jax_fem: JaxAssembledMixin: computing Jacobian on device
[06-24 14:14:21][DEBUG] jax_fem: Function split_and_compute_cell took 0.0253 seconds
[06-24 14:14:21][DEBUG] jax_fem: CuDSSNewtonSolver: iter=1  res=7.373e-06  rel=1.070e-11
[06-24 14:14:21][INFO] jax_fem: CuDSSNewtonSolver: solve finished in 0.11s  res=7.373e-06
[06-24 14:14:23][DEBUG] jax_fem: CuDSSNewtonSolver: starting Newton loop
[06-24 14:14:23][DEBUG] jax_fem: JaxAssembledMixin: computing Jacobian on device
[06-24 14:14:23][DEBUG] jax_fem: Function split_and_compute_cell took 0.0278 seconds
[06-24 14:14:23][DEBUG] jax_fem: CuDSSNewtonSolver: initial residual = 7.216e+05
[06-24 14:14:23][DEBUG] jax_fem: JaxAssembledMixin: computing Jacobian on device
[06-24 14:14:23][DEBUG] jax_fem: Function split_and_compute_cell took 0.0267 seconds
[06-24 14:14:23][DEBUG] jax_fem: CuDSSNewtonSolver: iter=1  res=5.685e-06  rel=7.879e-12
[06-24 14:14:23][INFO] jax_fem: CuDSSNewtonSolver: solve finished in 0.09s  res=5.685e-06
[06-24 14:14:24][DEBUG] jax_fem: CuDSSNewtonSolver: starting Newton loop
[06-24 14:14:24][DEBUG] jax_fem: JaxAssembledMixin: computing Jacobian on device
[06-24 14:14:24][DEBUG] jax_fem: Function split_and_compute_cell took 0.0292 seconds
[06-24 14:14:24][DEBUG] jax_fem: CuDSSNewtonSolver: initial residual = 7.188e+05
[06-24 14:14:24][DEBUG] jax_fem: JaxAssembledMixin: computing Jacobian on device
[06-24 14:14:24][DEBUG] jax_fem: Function split_and_compute_cell took 0.0271 seconds
[06-24 14:14:24][DEBUG] jax_fem: CuDSSNewtonSolver: iter=1  res=7.297e-06  rel=1.015e-11
[06-24 14:14:24][INFO] jax_fem: CuDSSNewtonSolver: solve finished in 0.09s  res=7.297e-06
[06-24 14:14:25][DEBUG] jax_fem: CuDSSNewtonSolver: starting Newton loop
[06-24 14:14:25][DEBUG] jax_fem: JaxAssembledMixin: computing Jacobian on device
[06-24 14:14:25][DEBUG] jax_fem: Function split_and_compute_cell took 0.0274 seconds
[06-24 14:14:25][DEBUG] jax_fem: CuDSSNewtonSolver: initial residual = 7.101e+05
[06-24 14:14:25][DEBUG] jax_fem: JaxAssembledMixin: computing Jacobian on device
[06-24 14:14:25][DEBUG] jax_fem: Function split_and_compute_cell took 0.0265 seconds
[06-24 14:14:25][DEBUG] jax_fem: CuDSSNewtonSolver: iter=1  res=6.080e-06  rel=8.563e-12
[06-24 14:14:25][INFO] jax_fem: CuDSSNewtonSolver: solve finished in 0.10s  res=6.080e-06
[06-24 14:14:26][DEBUG] jax_fem: CuDSSNewtonSolver: starting Newton loop
[06-24 14:14:26][DEBUG] jax_fem: JaxAssembledMixin: computing Jacobian on device
[06-24 14:14:26][DEBUG] jax_fem: Function split_and_compute_cell took 0.0261 seconds
[06-24 14:14:26][DEBUG] jax_fem: CuDSSNewtonSolver: initial residual = 7.049e+05
[06-24 14:14:26][DEBUG] jax_fem: JaxAssembledMixin: computing Jacobian on device
[06-24 14:14:26][DEBUG] jax_fem: Function split_and_compute_cell took 0.0285 seconds
[06-24 14:14:26][DEBUG] jax_fem: CuDSSNewtonSolver: iter=1  res=6.907e-06  rel=9.798e-12
[06-24 14:14:26][INFO] jax_fem: CuDSSNewtonSolver: solve finished in 0.09s  res=6.907e-06
[06-24 14:14:26][DEBUG] jax_fem: CuDSSNewtonSolver: starting Newton loop
[06-24 14:14:26][DEBUG] jax_fem: JaxAssembledMixin: computing Jacobian on device
[06-24 14:14:26][DEBUG] jax_fem: Function split_and_compute_cell took 0.0273 seconds
[06-24 14:14:26][DEBUG] jax_fem: CuDSSNewtonSolver: initial residual = 6.891e+05
[06-24 14:14:26][DEBUG] jax_fem: JaxAssembledMixin: computing Jacobian on device
[06-24 14:14:26][DEBUG] jax_fem: Function split_and_compute_cell took 0.0259 seconds
[06-24 14:14:26][DEBUG] jax_fem: CuDSSNewtonSolver: iter=1  res=7.639e-06  rel=1.109e-11
[06-24 14:14:26][INFO] jax_fem: CuDSSNewtonSolver: solve finished in 0.09s  res=7.639e-06
[06-24 14:14:27][INFO] jax_fem: CuDSS backward: solving adjoint problem …
[06-24 14:14:27][DEBUG] jax_fem: JaxAssembledMixin: computing Jacobian on device
[06-24 14:14:27][DEBUG] jax_fem: Function split_and_compute_cell took 0.0566 seconds
[06-24 14:14:27][DEBUG] jax_fem: Computing cell residual...
[06-24 14:14:27][DEBUG] jax_fem: Function split_and_compute_cell took 0.0614 seconds
[06-24 14:14:27][INFO] jax_fem: CuDSS backward: solving adjoint problem …
[06-24 14:14:27][DEBUG] jax_fem: JaxAssembledMixin: computing Jacobian on device
[06-24 14:14:27][DEBUG] jax_fem: Function split_and_compute_cell took 0.0629 seconds
[06-24 14:14:27][DEBUG] jax_fem: Computing cell residual...
[06-24 14:14:27][DEBUG] jax_fem: Function split_and_compute_cell took 0.0703 seconds
[06-24 14:14:28][INFO] jax_fem: CuDSS backward: solving adjoint problem …
[06-24 14:14:28][DEBUG] jax_fem: JaxAssembledMixin: computing Jacobian on device
[06-24 14:14:28][DEBUG] jax_fem: Function split_and_compute_cell took 0.0496 seconds
[06-24 14:14:28][DEBUG] jax_fem: Computing cell residual...
[06-24 14:14:28][DEBUG] jax_fem: Function split_and_compute_cell took 0.0726 seconds
[06-24 14:14:28][INFO] jax_fem: CuDSS backward: solving adjoint problem …
[06-24 14:14:28][DEBUG] jax_fem: JaxAssembledMixin: computing Jacobian on device
[06-24 14:14:28][DEBUG] jax_fem: Function split_and_compute_cell took 0.0400 seconds
[06-24 14:14:28][DEBUG] jax_fem: Computing cell residual...
[06-24 14:14:28][DEBUG] jax_fem: Function split_and_compute_cell took 0.0736 seconds
[06-24 14:14:28][INFO] jax_fem: CuDSS backward: solving adjoint problem …
[06-24 14:14:28][DEBUG] jax_fem: JaxAssembledMixin: computing Jacobian on device
[06-24 14:14:29][DEBUG] jax_fem: Function split_and_compute_cell took 0.0594 seconds
[06-24 14:14:29][DEBUG] jax_fem: Computing cell residual...
[06-24 14:14:29][DEBUG] jax_fem: Function split_and_compute_cell took 0.0789 seconds
[06-24 14:14:30][DEBUG] jax_fem: CuDSSNewtonSolver: starting Newton loop
[06-24 14:14:30][DEBUG] jax_fem: JaxAssembledMixin: computing Jacobian on device
[06-24 14:14:30][DEBUG] jax_fem: Function split_and_compute_cell took 0.0247 seconds
[06-24 14:14:30][DEBUG] jax_fem: CuDSSNewtonSolver: initial residual = 7.216e+05
[06-24 14:14:30][DEBUG] jax_fem: JaxAssembledMixin: computing Jacobian on device
[06-24 14:14:30][DEBUG] jax_fem: Function split_and_compute_cell took 0.0349 seconds
[06-24 14:14:30][DEBUG] jax_fem: CuDSSNewtonSolver: iter=1  res=5.776e-06  rel=8.004e-12
[06-24 14:14:30][INFO] jax_fem: CuDSSNewtonSolver: solve finished in 0.10s  res=5.776e-06
[06-24 14:14:31][DEBUG] jax_fem: CuDSSNewtonSolver: starting Newton loop
[06-24 14:14:31][DEBUG] jax_fem: JaxAssembledMixin: computing Jacobian on device
[06-24 14:14:31][DEBUG] jax_fem: Function split_and_compute_cell took 0.0598 seconds
[06-24 14:14:31][DEBUG] jax_fem: CuDSSNewtonSolver: initial residual = 7.188e+05
[06-24 14:14:31][DEBUG] jax_fem: JaxAssembledMixin: computing Jacobian on device
[06-24 14:14:31][DEBUG] jax_fem: Function split_and_compute_cell took 0.0558 seconds
[06-24 14:14:31][DEBUG] jax_fem: CuDSSNewtonSolver: iter=1  res=6.945e-06  rel=9.661e-12
[06-24 14:14:31][INFO] jax_fem: CuDSSNewtonSolver: solve finished in 0.16s  res=6.945e-06
[06-24 14:14:31][DEBUG] jax_fem: CuDSSNewtonSolver: starting Newton loop
[06-24 14:14:31][DEBUG] jax_fem: JaxAssembledMixin: computing Jacobian on device
[06-24 14:14:31][DEBUG] jax_fem: Function split_and_compute_cell took 0.0526 seconds
[06-24 14:14:31][DEBUG] jax_fem: CuDSSNewtonSolver: initial residual = 7.101e+05
[06-24 14:14:31][DEBUG] jax_fem: JaxAssembledMixin: computing Jacobian on device
[06-24 14:14:31][DEBUG] jax_fem: Function split_and_compute_cell took 0.0504 seconds
[06-24 14:14:31][DEBUG] jax_fem: CuDSSNewtonSolver: iter=1  res=6.090e-06  rel=8.576e-12
[06-24 14:14:31][INFO] jax_fem: CuDSSNewtonSolver: solve finished in 0.15s  res=6.090e-06
[06-24 14:14:32][DEBUG] jax_fem: CuDSSNewtonSolver: starting Newton loop
[06-24 14:14:32][DEBUG] jax_fem: JaxAssembledMixin: computing Jacobian on device
[06-24 14:14:32][DEBUG] jax_fem: Function split_and_compute_cell took 0.0351 seconds
[06-24 14:14:32][DEBUG] jax_fem: CuDSSNewtonSolver: initial residual = 7.049e+05
[06-24 14:14:32][DEBUG] jax_fem: JaxAssembledMixin: computing Jacobian on device
[06-24 14:14:32][DEBUG] jax_fem: Function split_and_compute_cell took 0.0496 seconds
[06-24 14:14:32][DEBUG] jax_fem: CuDSSNewtonSolver: iter=1  res=6.749e-06  rel=9.574e-12
[06-24 14:14:32][INFO] jax_fem: CuDSSNewtonSolver: solve finished in 0.13s  res=6.749e-06
[06-24 14:14:32][DEBUG] jax_fem: CuDSSNewtonSolver: starting Newton loop
[06-24 14:14:32][DEBUG] jax_fem: JaxAssembledMixin: computing Jacobian on device
[06-24 14:14:32][DEBUG] jax_fem: Function split_and_compute_cell took 0.0415 seconds
[06-24 14:14:32][DEBUG] jax_fem: CuDSSNewtonSolver: initial residual = 6.891e+05
[06-24 14:14:32][DEBUG] jax_fem: JaxAssembledMixin: computing Jacobian on device
[06-24 14:14:32][DEBUG] jax_fem: Function split_and_compute_cell took 0.0330 seconds
[06-24 14:14:32][DEBUG] jax_fem: CuDSSNewtonSolver: iter=1  res=7.759e-06  rel=1.126e-11
[06-24 14:14:32][INFO] jax_fem: CuDSSNewtonSolver: solve finished in 0.12s  res=7.759e-06
[06-24 14:14:34][DEBUG] jax_fem: CuDSSNewtonSolver: starting Newton loop
[06-24 14:14:34][DEBUG] jax_fem: JaxAssembledMixin: computing Jacobian on device
[06-24 14:14:34][DEBUG] jax_fem: Function split_and_compute_cell took 0.0290 seconds
[06-24 14:14:34][DEBUG] jax_fem: CuDSSNewtonSolver: initial residual = 7.216e+05
[06-24 14:14:34][DEBUG] jax_fem: JaxAssembledMixin: computing Jacobian on device
[06-24 14:14:34][DEBUG] jax_fem: Function split_and_compute_cell took 0.0400 seconds
[06-24 14:14:34][DEBUG] jax_fem: CuDSSNewtonSolver: iter=1  res=5.602e-06  rel=7.764e-12
[06-24 14:14:34][INFO] jax_fem: CuDSSNewtonSolver: solve finished in 0.11s  res=5.602e-06
[06-24 14:14:35][DEBUG] jax_fem: CuDSSNewtonSolver: starting Newton loop
[06-24 14:14:35][DEBUG] jax_fem: JaxAssembledMixin: computing Jacobian on device
[06-24 14:14:35][DEBUG] jax_fem: Function split_and_compute_cell took 0.0266 seconds
[06-24 14:14:35][DEBUG] jax_fem: CuDSSNewtonSolver: initial residual = 7.188e+05
[06-24 14:14:35][DEBUG] jax_fem: JaxAssembledMixin: computing Jacobian on device
[06-24 14:14:35][DEBUG] jax_fem: Function split_and_compute_cell took 0.0235 seconds
[06-24 14:14:35][DEBUG] jax_fem: CuDSSNewtonSolver: iter=1  res=7.043e-06  rel=9.798e-12
[06-24 14:14:35][INFO] jax_fem: CuDSSNewtonSolver: solve finished in 0.09s  res=7.043e-06
[06-24 14:14:35][DEBUG] jax_fem: CuDSSNewtonSolver: starting Newton loop
[06-24 14:14:35][DEBUG] jax_fem: JaxAssembledMixin: computing Jacobian on device
[06-24 14:14:36][DEBUG] jax_fem: Function split_and_compute_cell took 0.0268 seconds
[06-24 14:14:36][DEBUG] jax_fem: CuDSSNewtonSolver: initial residual = 7.101e+05
[06-24 14:14:36][DEBUG] jax_fem: JaxAssembledMixin: computing Jacobian on device
[06-24 14:14:36][DEBUG] jax_fem: Function split_and_compute_cell took 0.0280 seconds
[06-24 14:14:36][DEBUG] jax_fem: CuDSSNewtonSolver: iter=1  res=5.839e-06  rel=8.224e-12
[06-24 14:14:36][INFO] jax_fem: CuDSSNewtonSolver: solve finished in 0.09s  res=5.839e-06
[06-24 14:14:36][DEBUG] jax_fem: CuDSSNewtonSolver: starting Newton loop
[06-24 14:14:36][DEBUG] jax_fem: JaxAssembledMixin: computing Jacobian on device
[06-24 14:14:36][DEBUG] jax_fem: Function split_and_compute_cell took 0.0277 seconds
[06-24 14:14:36][DEBUG] jax_fem: CuDSSNewtonSolver: initial residual = 7.049e+05
[06-24 14:14:36][DEBUG] jax_fem: JaxAssembledMixin: computing Jacobian on device
[06-24 14:14:36][DEBUG] jax_fem: Function split_and_compute_cell took 0.0252 seconds
[06-24 14:14:36][DEBUG] jax_fem: CuDSSNewtonSolver: iter=1  res=7.190e-06  rel=1.020e-11
[06-24 14:14:36][INFO] jax_fem: CuDSSNewtonSolver: solve finished in 0.09s  res=7.190e-06
[06-24 14:14:37][DEBUG] jax_fem: CuDSSNewtonSolver: starting Newton loop
[06-24 14:14:37][DEBUG] jax_fem: JaxAssembledMixin: computing Jacobian on device
[06-24 14:14:37][DEBUG] jax_fem: Function split_and_compute_cell took 0.0255 seconds
[06-24 14:14:37][DEBUG] jax_fem: CuDSSNewtonSolver: initial residual = 6.891e+05
[06-24 14:14:37][DEBUG] jax_fem: JaxAssembledMixin: computing Jacobian on device
[06-24 14:14:37][DEBUG] jax_fem: Function split_and_compute_cell took 0.0253 seconds
[06-24 14:14:37][DEBUG] jax_fem: CuDSSNewtonSolver: iter=1  res=7.470e-06  rel=1.084e-11
[06-24 14:14:37][INFO] jax_fem: CuDSSNewtonSolver: solve finished in 0.09s  res=7.470e-06
[06-24 14:14:37][INFO] jax_fem: CuDSS backward: solving adjoint problem …
[06-24 14:14:37][DEBUG] jax_fem: JaxAssembledMixin: computing Jacobian on device
[06-24 14:14:37][DEBUG] jax_fem: Function split_and_compute_cell took 0.0481 seconds
[06-24 14:14:37][DEBUG] jax_fem: Computing cell residual...
[06-24 14:14:37][DEBUG] jax_fem: Function split_and_compute_cell took 0.0694 seconds
[06-24 14:14:38][INFO] jax_fem: CuDSS backward: solving adjoint problem …
[06-24 14:14:38][DEBUG] jax_fem: JaxAssembledMixin: computing Jacobian on device
[06-24 14:14:38][DEBUG] jax_fem: Function split_and_compute_cell took 0.0289 seconds
[06-24 14:14:38][DEBUG] jax_fem: Computing cell residual...
[06-24 14:14:38][DEBUG] jax_fem: Function split_and_compute_cell took 0.0757 seconds
[06-24 14:14:38][INFO] jax_fem: CuDSS backward: solving adjoint problem …
[06-24 14:14:38][DEBUG] jax_fem: JaxAssembledMixin: computing Jacobian on device
[06-24 14:14:38][DEBUG] jax_fem: Function split_and_compute_cell took 0.0297 seconds
[06-24 14:14:38][DEBUG] jax_fem: Computing cell residual...
[06-24 14:14:38][DEBUG] jax_fem: Function split_and_compute_cell took 0.0590 seconds
[06-24 14:14:38][INFO] jax_fem: CuDSS backward: solving adjoint problem …
[06-24 14:14:38][DEBUG] jax_fem: JaxAssembledMixin: computing Jacobian on device
[06-24 14:14:38][DEBUG] jax_fem: Function split_and_compute_cell took 0.0260 seconds
[06-24 14:14:38][DEBUG] jax_fem: Computing cell residual...
[06-24 14:14:38][DEBUG] jax_fem: Function split_and_compute_cell took 0.0600 seconds
[06-24 14:14:39][INFO] jax_fem: CuDSS backward: solving adjoint problem …
[06-24 14:14:39][DEBUG] jax_fem: JaxAssembledMixin: computing Jacobian on device
[06-24 14:14:39][DEBUG] jax_fem: Function split_and_compute_cell took 0.0554 seconds
[06-24 14:14:39][DEBUG] jax_fem: Computing cell residual...
[06-24 14:14:39][DEBUG] jax_fem: Function split_and_compute_cell took 0.0845 seconds
[06-24 14:14:41][DEBUG] jax_fem: CuDSSNewtonSolver: starting Newton loop
[06-24 14:14:41][DEBUG] jax_fem: JaxAssembledMixin: computing Jacobian on device
[06-24 14:14:41][DEBUG] jax_fem: Function split_and_compute_cell took 0.0370 seconds
[06-24 14:14:41][DEBUG] jax_fem: CuDSSNewtonSolver: initial residual = 7.216e+05
[06-24 14:14:41][DEBUG] jax_fem: JaxAssembledMixin: computing Jacobian on device
[06-24 14:14:41][DEBUG] jax_fem: Function split_and_compute_cell took 0.0378 seconds
[06-24 14:14:41][DEBUG] jax_fem: CuDSSNewtonSolver: iter=1  res=5.877e-06  rel=8.144e-12
[06-24 14:14:41][INFO] jax_fem: CuDSSNewtonSolver: solve finished in 0.12s  res=5.877e-06
[06-24 14:14:41][DEBUG] jax_fem: CuDSSNewtonSolver: starting Newton loop
[06-24 14:14:41][DEBUG] jax_fem: JaxAssembledMixin: computing Jacobian on device
[06-24 14:14:41][DEBUG] jax_fem: Function split_and_compute_cell took 0.0410 seconds
[06-24 14:14:41][DEBUG] jax_fem: CuDSSNewtonSolver: initial residual = 7.188e+05
[06-24 14:14:41][DEBUG] jax_fem: JaxAssembledMixin: computing Jacobian on device
[06-24 14:14:41][DEBUG] jax_fem: Function split_and_compute_cell took 0.0338 seconds
[06-24 14:14:41][DEBUG] jax_fem: CuDSSNewtonSolver: iter=1  res=7.141e-06  rel=9.934e-12
[06-24 14:14:41][INFO] jax_fem: CuDSSNewtonSolver: solve finished in 0.12s  res=7.141e-06
[06-24 14:14:41][DEBUG] jax_fem: CuDSSNewtonSolver: starting Newton loop
[06-24 14:14:42][DEBUG] jax_fem: JaxAssembledMixin: computing Jacobian on device
[06-24 14:14:42][DEBUG] jax_fem: Function split_and_compute_cell took 0.0395 seconds
[06-24 14:14:42][DEBUG] jax_fem: CuDSSNewtonSolver: initial residual = 7.101e+05
[06-24 14:14:42][DEBUG] jax_fem: JaxAssembledMixin: computing Jacobian on device
[06-24 14:14:42][DEBUG] jax_fem: Function split_and_compute_cell took 0.0494 seconds
[06-24 14:14:42][DEBUG] jax_fem: CuDSSNewtonSolver: iter=1  res=5.968e-06  rel=8.405e-12
[06-24 14:14:42][INFO] jax_fem: CuDSSNewtonSolver: solve finished in 0.14s  res=5.968e-06
[06-24 14:14:42][DEBUG] jax_fem: CuDSSNewtonSolver: starting Newton loop
[06-24 14:14:42][DEBUG] jax_fem: JaxAssembledMixin: computing Jacobian on device
[06-24 14:14:42][DEBUG] jax_fem: Function split_and_compute_cell took 0.0421 seconds
[06-24 14:14:42][DEBUG] jax_fem: CuDSSNewtonSolver: initial residual = 7.049e+05
[06-24 14:14:42][DEBUG] jax_fem: JaxAssembledMixin: computing Jacobian on device
[06-24 14:14:42][DEBUG] jax_fem: Function split_and_compute_cell took 0.0344 seconds
[06-24 14:14:42][DEBUG] jax_fem: CuDSSNewtonSolver: iter=1  res=6.941e-06  rel=9.847e-12
[06-24 14:14:42][INFO] jax_fem: CuDSSNewtonSolver: solve finished in 0.12s  res=6.941e-06
[06-24 14:14:42][DEBUG] jax_fem: CuDSSNewtonSolver: starting Newton loop
[06-24 14:14:42][DEBUG] jax_fem: JaxAssembledMixin: computing Jacobian on device
[06-24 14:14:42][DEBUG] jax_fem: Function split_and_compute_cell took 0.0589 seconds
[06-24 14:14:42][DEBUG] jax_fem: CuDSSNewtonSolver: initial residual = 6.891e+05
[06-24 14:14:42][DEBUG] jax_fem: JaxAssembledMixin: computing Jacobian on device
[06-24 14:14:42][DEBUG] jax_fem: Function split_and_compute_cell took 0.0402 seconds
[06-24 14:14:42][DEBUG] jax_fem: CuDSSNewtonSolver: iter=1  res=7.366e-06  rel=1.069e-11
[06-24 14:14:42][INFO] jax_fem: CuDSSNewtonSolver: solve finished in 0.14s  res=7.366e-06
[06-24 14:14:44][DEBUG] jax_fem: CuDSSNewtonSolver: starting Newton loop
[06-24 14:14:44][DEBUG] jax_fem: JaxAssembledMixin: computing Jacobian on device
[06-24 14:14:44][DEBUG] jax_fem: Function split_and_compute_cell took 0.0277 seconds
[06-24 14:14:45][DEBUG] jax_fem: CuDSSNewtonSolver: initial residual = 7.216e+05
[06-24 14:14:45][DEBUG] jax_fem: JaxAssembledMixin: computing Jacobian on device
[06-24 14:14:45][DEBUG] jax_fem: Function split_and_compute_cell took 0.0267 seconds
[06-24 14:14:45][DEBUG] jax_fem: CuDSSNewtonSolver: iter=1  res=5.720e-06  rel=7.927e-12
[06-24 14:14:45][INFO] jax_fem: CuDSSNewtonSolver: solve finished in 0.09s  res=5.720e-06
[06-24 14:14:45][DEBUG] jax_fem: CuDSSNewtonSolver: starting Newton loop
[06-24 14:14:45][DEBUG] jax_fem: JaxAssembledMixin: computing Jacobian on device
[06-24 14:14:45][DEBUG] jax_fem: Function split_and_compute_cell took 0.0254 seconds
[06-24 14:14:45][DEBUG] jax_fem: CuDSSNewtonSolver: initial residual = 7.188e+05
[06-24 14:14:45][DEBUG] jax_fem: JaxAssembledMixin: computing Jacobian on device
[06-24 14:14:45][DEBUG] jax_fem: Function split_and_compute_cell took 0.0267 seconds
[06-24 14:14:45][DEBUG] jax_fem: CuDSSNewtonSolver: iter=1  res=7.134e-06  rel=9.925e-12
[06-24 14:14:45][INFO] jax_fem: CuDSSNewtonSolver: solve finished in 0.09s  res=7.134e-06
[06-24 14:14:46][DEBUG] jax_fem: CuDSSNewtonSolver: starting Newton loop
[06-24 14:14:46][DEBUG] jax_fem: JaxAssembledMixin: computing Jacobian on device
[06-24 14:14:46][DEBUG] jax_fem: Function split_and_compute_cell took 0.0288 seconds
[06-24 14:14:46][DEBUG] jax_fem: CuDSSNewtonSolver: initial residual = 7.101e+05
[06-24 14:14:46][DEBUG] jax_fem: JaxAssembledMixin: computing Jacobian on device
[06-24 14:14:46][DEBUG] jax_fem: Function split_and_compute_cell took 0.0260 seconds
[06-24 14:14:46][DEBUG] jax_fem: CuDSSNewtonSolver: iter=1  res=5.942e-06  rel=8.368e-12
[06-24 14:14:46][INFO] jax_fem: CuDSSNewtonSolver: solve finished in 0.09s  res=5.942e-06
[06-24 14:14:47][DEBUG] jax_fem: CuDSSNewtonSolver: starting Newton loop
[06-24 14:14:47][DEBUG] jax_fem: JaxAssembledMixin: computing Jacobian on device
[06-24 14:14:47][DEBUG] jax_fem: Function split_and_compute_cell took 0.0280 seconds
[06-24 14:14:47][DEBUG] jax_fem: CuDSSNewtonSolver: initial residual = 7.049e+05
[06-24 14:14:47][DEBUG] jax_fem: JaxAssembledMixin: computing Jacobian on device
[06-24 14:14:47][DEBUG] jax_fem: Function split_and_compute_cell took 0.0265 seconds
[06-24 14:14:47][DEBUG] jax_fem: CuDSSNewtonSolver: iter=1  res=7.128e-06  rel=1.011e-11
[06-24 14:14:47][INFO] jax_fem: CuDSSNewtonSolver: solve finished in 0.09s  res=7.128e-06
[06-24 14:14:47][DEBUG] jax_fem: CuDSSNewtonSolver: starting Newton loop
[06-24 14:14:47][DEBUG] jax_fem: JaxAssembledMixin: computing Jacobian on device
[06-24 14:14:47][DEBUG] jax_fem: Function split_and_compute_cell took 0.0270 seconds
[06-24 14:14:47][DEBUG] jax_fem: CuDSSNewtonSolver: initial residual = 6.891e+05
[06-24 14:14:47][DEBUG] jax_fem: JaxAssembledMixin: computing Jacobian on device
[06-24 14:14:47][DEBUG] jax_fem: Function split_and_compute_cell took 0.0276 seconds
[06-24 14:14:47][DEBUG] jax_fem: CuDSSNewtonSolver: iter=1  res=7.620e-06  rel=1.106e-11
[06-24 14:14:47][INFO] jax_fem: CuDSSNewtonSolver: solve finished in 0.09s  res=7.620e-06
[06-24 14:14:48][INFO] jax_fem: CuDSS backward: solving adjoint problem …
[06-24 14:14:48][DEBUG] jax_fem: JaxAssembledMixin: computing Jacobian on device
[06-24 14:14:48][DEBUG] jax_fem: Function split_and_compute_cell took 0.0397 seconds
[06-24 14:14:48][DEBUG] jax_fem: Computing cell residual...
[06-24 14:14:48][DEBUG] jax_fem: Function split_and_compute_cell took 0.0722 seconds
[06-24 14:14:48][INFO] jax_fem: CuDSS backward: solving adjoint problem …
[06-24 14:14:48][DEBUG] jax_fem: JaxAssembledMixin: computing Jacobian on device
[06-24 14:14:48][DEBUG] jax_fem: Function split_and_compute_cell took 0.0329 seconds
[06-24 14:14:48][DEBUG] jax_fem: Computing cell residual...
[06-24 14:14:48][DEBUG] jax_fem: Function split_and_compute_cell took 0.0749 seconds
[06-24 14:14:48][INFO] jax_fem: CuDSS backward: solving adjoint problem …
[06-24 14:14:48][DEBUG] jax_fem: JaxAssembledMixin: computing Jacobian on device
[06-24 14:14:49][DEBUG] jax_fem: Function split_and_compute_cell took 0.0527 seconds
[06-24 14:14:49][DEBUG] jax_fem: Computing cell residual...
[06-24 14:14:49][DEBUG] jax_fem: Function split_and_compute_cell took 0.0715 seconds
[06-24 14:14:49][INFO] jax_fem: CuDSS backward: solving adjoint problem …
[06-24 14:14:49][DEBUG] jax_fem: JaxAssembledMixin: computing Jacobian on device
[06-24 14:14:49][DEBUG] jax_fem: Function split_and_compute_cell took 0.0398 seconds
[06-24 14:14:49][DEBUG] jax_fem: Computing cell residual...
[06-24 14:14:49][DEBUG] jax_fem: Function split_and_compute_cell took 0.0712 seconds
[06-24 14:14:49][INFO] jax_fem: CuDSS backward: solving adjoint problem …
[06-24 14:14:49][DEBUG] jax_fem: JaxAssembledMixin: computing Jacobian on device
[06-24 14:14:49][DEBUG] jax_fem: Function split_and_compute_cell took 0.0422 seconds
[06-24 14:14:49][DEBUG] jax_fem: Computing cell residual...
[06-24 14:14:50][DEBUG] jax_fem: Function split_and_compute_cell took 0.0780 seconds
[06-24 14:14:51][DEBUG] jax_fem: CuDSSNewtonSolver: starting Newton loop
[06-24 14:14:51][DEBUG] jax_fem: JaxAssembledMixin: computing Jacobian on device
[06-24 14:14:51][DEBUG] jax_fem: Function split_and_compute_cell took 0.0509 seconds
[06-24 14:14:51][DEBUG] jax_fem: CuDSSNewtonSolver: initial residual = 7.216e+05
[06-24 14:14:51][DEBUG] jax_fem: JaxAssembledMixin: computing Jacobian on device
[06-24 14:14:52][DEBUG] jax_fem: Function split_and_compute_cell took 0.0368 seconds
[06-24 14:14:52][DEBUG] jax_fem: CuDSSNewtonSolver: iter=1  res=5.731e-06  rel=7.942e-12
[06-24 14:14:52][INFO] jax_fem: CuDSSNewtonSolver: solve finished in 0.13s  res=5.731e-06
[06-24 14:14:52][DEBUG] jax_fem: CuDSSNewtonSolver: starting Newton loop
[06-24 14:14:52][DEBUG] jax_fem: JaxAssembledMixin: computing Jacobian on device
[06-24 14:14:52][DEBUG] jax_fem: Function split_and_compute_cell took 0.0346 seconds
[06-24 14:14:52][DEBUG] jax_fem: CuDSSNewtonSolver: initial residual = 7.188e+05
[06-24 14:14:52][DEBUG] jax_fem: JaxAssembledMixin: computing Jacobian on device
[06-24 14:14:52][DEBUG] jax_fem: Function split_and_compute_cell took 0.0350 seconds
[06-24 14:14:52][DEBUG] jax_fem: CuDSSNewtonSolver: iter=1  res=7.364e-06  rel=1.024e-11
[06-24 14:14:52][INFO] jax_fem: CuDSSNewtonSolver: solve finished in 0.11s  res=7.364e-06
[06-24 14:14:52][DEBUG] jax_fem: CuDSSNewtonSolver: starting Newton loop
[06-24 14:14:52][DEBUG] jax_fem: JaxAssembledMixin: computing Jacobian on device
[06-24 14:14:52][DEBUG] jax_fem: Function split_and_compute_cell took 0.0245 seconds
[06-24 14:14:52][DEBUG] jax_fem: CuDSSNewtonSolver: initial residual = 7.101e+05
[06-24 14:14:52][DEBUG] jax_fem: JaxAssembledMixin: computing Jacobian on device
[06-24 14:14:52][DEBUG] jax_fem: Function split_and_compute_cell took 0.0603 seconds
[06-24 14:14:52][DEBUG] jax_fem: CuDSSNewtonSolver: iter=1  res=6.028e-06  rel=8.490e-12
[06-24 14:14:52][INFO] jax_fem: CuDSSNewtonSolver: solve finished in 0.13s  res=6.028e-06
[06-24 14:14:53][DEBUG] jax_fem: CuDSSNewtonSolver: starting Newton loop
[06-24 14:14:53][DEBUG] jax_fem: JaxAssembledMixin: computing Jacobian on device
[06-24 14:14:53][DEBUG] jax_fem: Function split_and_compute_cell took 0.0626 seconds
[06-24 14:14:53][DEBUG] jax_fem: CuDSSNewtonSolver: initial residual = 7.049e+05
[06-24 14:14:53][DEBUG] jax_fem: JaxAssembledMixin: computing Jacobian on device
[06-24 14:14:53][DEBUG] jax_fem: Function split_and_compute_cell took 0.0555 seconds
[06-24 14:14:53][DEBUG] jax_fem: CuDSSNewtonSolver: iter=1  res=6.735e-06  rel=9.554e-12
[06-24 14:14:53][INFO] jax_fem: CuDSSNewtonSolver: solve finished in 0.16s  res=6.735e-06
[06-24 14:14:53][DEBUG] jax_fem: CuDSSNewtonSolver: starting Newton loop
[06-24 14:14:53][DEBUG] jax_fem: JaxAssembledMixin: computing Jacobian on device
[06-24 14:14:53][DEBUG] jax_fem: Function split_and_compute_cell took 0.0296 seconds
[06-24 14:14:53][DEBUG] jax_fem: CuDSSNewtonSolver: initial residual = 6.891e+05
[06-24 14:14:53][DEBUG] jax_fem: JaxAssembledMixin: computing Jacobian on device
[06-24 14:14:53][DEBUG] jax_fem: Function split_and_compute_cell took 0.0316 seconds
[06-24 14:14:53][DEBUG] jax_fem: CuDSSNewtonSolver: iter=1  res=7.883e-06  rel=1.144e-11
[06-24 14:14:53][INFO] jax_fem: CuDSSNewtonSolver: solve finished in 0.10s  res=7.883e-06
[06-24 14:14:55][DEBUG] jax_fem: CuDSSNewtonSolver: starting Newton loop
[06-24 14:14:55][DEBUG] jax_fem: JaxAssembledMixin: computing Jacobian on device
[06-24 14:14:55][DEBUG] jax_fem: Function split_and_compute_cell took 0.0285 seconds
[06-24 14:14:55][DEBUG] jax_fem: CuDSSNewtonSolver: initial residual = 7.216e+05
[06-24 14:14:55][DEBUG] jax_fem: JaxAssembledMixin: computing Jacobian on device
[06-24 14:14:55][DEBUG] jax_fem: Function split_and_compute_cell took 0.0275 seconds
[06-24 14:14:55][DEBUG] jax_fem: CuDSSNewtonSolver: iter=1  res=6.188e-06  rel=8.575e-12
[06-24 14:14:55][INFO] jax_fem: CuDSSNewtonSolver: solve finished in 0.10s  res=6.188e-06
[06-24 14:14:56][DEBUG] jax_fem: CuDSSNewtonSolver: starting Newton loop
[06-24 14:14:56][DEBUG] jax_fem: JaxAssembledMixin: computing Jacobian on device
[06-24 14:14:56][DEBUG] jax_fem: Function split_and_compute_cell took 0.0272 seconds
[06-24 14:14:56][DEBUG] jax_fem: CuDSSNewtonSolver: initial residual = 7.188e+05
[06-24 14:14:56][DEBUG] jax_fem: JaxAssembledMixin: computing Jacobian on device
[06-24 14:14:56][DEBUG] jax_fem: Function split_and_compute_cell took 0.0267 seconds
[06-24 14:14:56][DEBUG] jax_fem: CuDSSNewtonSolver: iter=1  res=7.579e-06  rel=1.054e-11
[06-24 14:14:56][INFO] jax_fem: CuDSSNewtonSolver: solve finished in 0.09s  res=7.579e-06
[06-24 14:14:57][DEBUG] jax_fem: CuDSSNewtonSolver: starting Newton loop
[06-24 14:14:57][DEBUG] jax_fem: JaxAssembledMixin: computing Jacobian on device
[06-24 14:14:57][DEBUG] jax_fem: Function split_and_compute_cell took 0.0267 seconds
[06-24 14:14:57][DEBUG] jax_fem: CuDSSNewtonSolver: initial residual = 7.101e+05
[06-24 14:14:57][DEBUG] jax_fem: JaxAssembledMixin: computing Jacobian on device
[06-24 14:14:57][DEBUG] jax_fem: Function split_and_compute_cell took 0.0265 seconds
[06-24 14:14:57][DEBUG] jax_fem: CuDSSNewtonSolver: iter=1  res=6.128e-06  rel=8.630e-12
[06-24 14:14:57][INFO] jax_fem: CuDSSNewtonSolver: solve finished in 0.09s  res=6.128e-06
[06-24 14:14:58][DEBUG] jax_fem: CuDSSNewtonSolver: starting Newton loop
[06-24 14:14:58][DEBUG] jax_fem: JaxAssembledMixin: computing Jacobian on device
[06-24 14:14:58][DEBUG] jax_fem: Function split_and_compute_cell took 0.0278 seconds
[06-24 14:14:58][DEBUG] jax_fem: CuDSSNewtonSolver: initial residual = 7.049e+05
[06-24 14:14:58][DEBUG] jax_fem: JaxAssembledMixin: computing Jacobian on device
[06-24 14:14:58][DEBUG] jax_fem: Function split_and_compute_cell took 0.0263 seconds
[06-24 14:14:58][DEBUG] jax_fem: CuDSSNewtonSolver: iter=1  res=6.660e-06  rel=9.448e-12
[06-24 14:14:58][INFO] jax_fem: CuDSSNewtonSolver: solve finished in 0.09s  res=6.660e-06
[06-24 14:14:58][DEBUG] jax_fem: CuDSSNewtonSolver: starting Newton loop
[06-24 14:14:58][DEBUG] jax_fem: JaxAssembledMixin: computing Jacobian on device
[06-24 14:14:58][DEBUG] jax_fem: Function split_and_compute_cell took 0.0271 seconds
[06-24 14:14:58][DEBUG] jax_fem: CuDSSNewtonSolver: initial residual = 6.891e+05
[06-24 14:14:58][DEBUG] jax_fem: JaxAssembledMixin: computing Jacobian on device
[06-24 14:14:58][DEBUG] jax_fem: Function split_and_compute_cell took 0.0273 seconds
[06-24 14:14:58][DEBUG] jax_fem: CuDSSNewtonSolver: iter=1  res=7.813e-06  rel=1.134e-11
[06-24 14:14:58][INFO] jax_fem: CuDSSNewtonSolver: solve finished in 0.09s  res=7.813e-06
[06-24 14:14:59][INFO] jax_fem: CuDSS backward: solving adjoint problem …
[06-24 14:14:59][DEBUG] jax_fem: JaxAssembledMixin: computing Jacobian on device
[06-24 14:14:59][DEBUG] jax_fem: Function split_and_compute_cell took 0.0390 seconds
[06-24 14:14:59][DEBUG] jax_fem: Computing cell residual...
[06-24 14:14:59][DEBUG] jax_fem: Function split_and_compute_cell took 0.0843 seconds
[06-24 14:14:59][INFO] jax_fem: CuDSS backward: solving adjoint problem …
[06-24 14:14:59][DEBUG] jax_fem: JaxAssembledMixin: computing Jacobian on device
[06-24 14:14:59][DEBUG] jax_fem: Function split_and_compute_cell took 0.0580 seconds
[06-24 14:14:59][DEBUG] jax_fem: Computing cell residual...
[06-24 14:14:59][DEBUG] jax_fem: Function split_and_compute_cell took 0.0684 seconds
[06-24 14:14:59][INFO] jax_fem: CuDSS backward: solving adjoint problem …
[06-24 14:14:59][DEBUG] jax_fem: JaxAssembledMixin: computing Jacobian on device
[06-24 14:14:59][DEBUG] jax_fem: Function split_and_compute_cell took 0.0348 seconds
[06-24 14:15:00][DEBUG] jax_fem: Computing cell residual...
[06-24 14:15:00][DEBUG] jax_fem: Function split_and_compute_cell took 0.0721 seconds
[06-24 14:15:00][INFO] jax_fem: CuDSS backward: solving adjoint problem …
[06-24 14:15:00][DEBUG] jax_fem: JaxAssembledMixin: computing Jacobian on device
[06-24 14:15:00][DEBUG] jax_fem: Function split_and_compute_cell took 0.0470 seconds
[06-24 14:15:00][DEBUG] jax_fem: Computing cell residual...
[06-24 14:15:00][DEBUG] jax_fem: Function split_and_compute_cell took 0.0728 seconds
[06-24 14:15:00][INFO] jax_fem: CuDSS backward: solving adjoint problem …
[06-24 14:15:00][DEBUG] jax_fem: JaxAssembledMixin: computing Jacobian on device
[06-24 14:15:00][DEBUG] jax_fem: Function split_and_compute_cell took 0.0327 seconds
[06-24 14:15:00][DEBUG] jax_fem: Computing cell residual...
[06-24 14:15:01][DEBUG] jax_fem: Function split_and_compute_cell took 0.0636 seconds
[06-24 14:15:02][DEBUG] jax_fem: CuDSSNewtonSolver: starting Newton loop
[06-24 14:15:02][DEBUG] jax_fem: JaxAssembledMixin: computing Jacobian on device
[06-24 14:15:02][DEBUG] jax_fem: Function split_and_compute_cell took 0.0633 seconds
[06-24 14:15:02][DEBUG] jax_fem: CuDSSNewtonSolver: initial residual = 7.216e+05
[06-24 14:15:02][DEBUG] jax_fem: JaxAssembledMixin: computing Jacobian on device
[06-24 14:15:02][DEBUG] jax_fem: Function split_and_compute_cell took 0.0463 seconds
[06-24 14:15:02][DEBUG] jax_fem: CuDSSNewtonSolver: iter=1  res=5.706e-06  rel=7.907e-12
[06-24 14:15:02][INFO] jax_fem: CuDSSNewtonSolver: solve finished in 0.16s  res=5.706e-06
[06-24 14:15:03][DEBUG] jax_fem: CuDSSNewtonSolver: starting Newton loop
[06-24 14:15:03][DEBUG] jax_fem: JaxAssembledMixin: computing Jacobian on device
[06-24 14:15:03][DEBUG] jax_fem: Function split_and_compute_cell took 0.0518 seconds
[06-24 14:15:03][DEBUG] jax_fem: CuDSSNewtonSolver: initial residual = 7.188e+05
[06-24 14:15:03][DEBUG] jax_fem: JaxAssembledMixin: computing Jacobian on device
[06-24 14:15:03][DEBUG] jax_fem: Function split_and_compute_cell took 0.0431 seconds
[06-24 14:15:03][DEBUG] jax_fem: CuDSSNewtonSolver: iter=1  res=7.054e-06  rel=9.813e-12
[06-24 14:15:03][INFO] jax_fem: CuDSSNewtonSolver: solve finished in 0.14s  res=7.054e-06
[06-24 14:15:03][DEBUG] jax_fem: CuDSSNewtonSolver: starting Newton loop
[06-24 14:15:03][DEBUG] jax_fem: JaxAssembledMixin: computing Jacobian on device
[06-24 14:15:03][DEBUG] jax_fem: Function split_and_compute_cell took 0.0506 seconds
[06-24 14:15:03][DEBUG] jax_fem: CuDSSNewtonSolver: initial residual = 7.101e+05
[06-24 14:15:03][DEBUG] jax_fem: JaxAssembledMixin: computing Jacobian on device
[06-24 14:15:03][DEBUG] jax_fem: Function split_and_compute_cell took 0.0370 seconds
[06-24 14:15:03][DEBUG] jax_fem: CuDSSNewtonSolver: iter=1  res=6.071e-06  rel=8.550e-12
[06-24 14:15:03][INFO] jax_fem: CuDSSNewtonSolver: solve finished in 0.13s  res=6.071e-06
[06-24 14:15:04][DEBUG] jax_fem: CuDSSNewtonSolver: starting Newton loop
[06-24 14:15:04][DEBUG] jax_fem: JaxAssembledMixin: computing Jacobian on device
[06-24 14:15:04][DEBUG] jax_fem: Function split_and_compute_cell took 0.0509 seconds
[06-24 14:15:04][DEBUG] jax_fem: CuDSSNewtonSolver: initial residual = 7.049e+05
[06-24 14:15:04][DEBUG] jax_fem: JaxAssembledMixin: computing Jacobian on device
[06-24 14:15:04][DEBUG] jax_fem: Function split_and_compute_cell took 0.0385 seconds
[06-24 14:15:04][DEBUG] jax_fem: CuDSSNewtonSolver: iter=1  res=6.766e-06  rel=9.599e-12
[06-24 14:15:04][INFO] jax_fem: CuDSSNewtonSolver: solve finished in 0.14s  res=6.766e-06
[06-24 14:15:04][DEBUG] jax_fem: CuDSSNewtonSolver: starting Newton loop
[06-24 14:15:04][DEBUG] jax_fem: JaxAssembledMixin: computing Jacobian on device
[06-24 14:15:04][DEBUG] jax_fem: Function split_and_compute_cell took 0.0350 seconds
[06-24 14:15:04][DEBUG] jax_fem: CuDSSNewtonSolver: initial residual = 6.891e+05
[06-24 14:15:04][DEBUG] jax_fem: JaxAssembledMixin: computing Jacobian on device
[06-24 14:15:04][DEBUG] jax_fem: Function split_and_compute_cell took 0.0385 seconds
[06-24 14:15:04][DEBUG] jax_fem: CuDSSNewtonSolver: iter=1  res=7.533e-06  rel=1.093e-11
[06-24 14:15:04][INFO] jax_fem: CuDSSNewtonSolver: solve finished in 0.12s  res=7.533e-06
[06-24 14:15:06][DEBUG] jax_fem: CuDSSNewtonSolver: starting Newton loop
[06-24 14:15:06][DEBUG] jax_fem: JaxAssembledMixin: computing Jacobian on device
[06-24 14:15:06][DEBUG] jax_fem: Function split_and_compute_cell took 0.0265 seconds
[06-24 14:15:06][DEBUG] jax_fem: CuDSSNewtonSolver: initial residual = 7.216e+05
[06-24 14:15:06][DEBUG] jax_fem: JaxAssembledMixin: computing Jacobian on device
[06-24 14:15:06][DEBUG] jax_fem: Function split_and_compute_cell took 0.0267 seconds
[06-24 14:15:06][DEBUG] jax_fem: CuDSSNewtonSolver: iter=1  res=5.484e-06  rel=7.599e-12
[06-24 14:15:06][INFO] jax_fem: CuDSSNewtonSolver: solve finished in 0.09s  res=5.484e-06
[06-24 14:15:07][DEBUG] jax_fem: CuDSSNewtonSolver: starting Newton loop
[06-24 14:15:07][DEBUG] jax_fem: JaxAssembledMixin: computing Jacobian on device
[06-24 14:15:07][DEBUG] jax_fem: Function split_and_compute_cell took 0.0263 seconds
[06-24 14:15:07][DEBUG] jax_fem: CuDSSNewtonSolver: initial residual = 7.188e+05
[06-24 14:15:07][DEBUG] jax_fem: JaxAssembledMixin: computing Jacobian on device
[06-24 14:15:07][DEBUG] jax_fem: Function split_and_compute_cell took 0.0266 seconds
[06-24 14:15:07][DEBUG] jax_fem: CuDSSNewtonSolver: iter=1  res=7.120e-06  rel=9.904e-12
[06-24 14:15:07][INFO] jax_fem: CuDSSNewtonSolver: solve finished in 0.09s  res=7.120e-06
[06-24 14:15:08][DEBUG] jax_fem: CuDSSNewtonSolver: starting Newton loop
[06-24 14:15:08][DEBUG] jax_fem: JaxAssembledMixin: computing Jacobian on device
[06-24 14:15:08][DEBUG] jax_fem: Function split_and_compute_cell took 0.0289 seconds
[06-24 14:15:08][DEBUG] jax_fem: CuDSSNewtonSolver: initial residual = 7.101e+05
[06-24 14:15:08][DEBUG] jax_fem: JaxAssembledMixin: computing Jacobian on device
[06-24 14:15:08][DEBUG] jax_fem: Function split_and_compute_cell took 0.0283 seconds
[06-24 14:15:08][DEBUG] jax_fem: CuDSSNewtonSolver: iter=1  res=6.059e-06  rel=8.534e-12
[06-24 14:15:08][INFO] jax_fem: CuDSSNewtonSolver: solve finished in 0.10s  res=6.059e-06
[06-24 14:15:08][DEBUG] jax_fem: CuDSSNewtonSolver: starting Newton loop
[06-24 14:15:08][DEBUG] jax_fem: JaxAssembledMixin: computing Jacobian on device
[06-24 14:15:08][DEBUG] jax_fem: Function split_and_compute_cell took 0.0273 seconds
[06-24 14:15:08][DEBUG] jax_fem: CuDSSNewtonSolver: initial residual = 7.049e+05
[06-24 14:15:08][DEBUG] jax_fem: JaxAssembledMixin: computing Jacobian on device
[06-24 14:15:08][DEBUG] jax_fem: Function split_and_compute_cell took 0.0266 seconds
[06-24 14:15:08][DEBUG] jax_fem: CuDSSNewtonSolver: iter=1  res=6.721e-06  rel=9.535e-12
[06-24 14:15:08][INFO] jax_fem: CuDSSNewtonSolver: solve finished in 0.09s  res=6.721e-06
[06-24 14:15:09][DEBUG] jax_fem: CuDSSNewtonSolver: starting Newton loop
[06-24 14:15:09][DEBUG] jax_fem: JaxAssembledMixin: computing Jacobian on device
[06-24 14:15:09][DEBUG] jax_fem: Function split_and_compute_cell took 0.0298 seconds
[06-24 14:15:09][DEBUG] jax_fem: CuDSSNewtonSolver: initial residual = 6.891e+05
[06-24 14:15:09][DEBUG] jax_fem: JaxAssembledMixin: computing Jacobian on device
[06-24 14:15:09][DEBUG] jax_fem: Function split_and_compute_cell took 0.0253 seconds
[06-24 14:15:09][DEBUG] jax_fem: CuDSSNewtonSolver: iter=1  res=7.878e-06  rel=1.143e-11
[06-24 14:15:09][INFO] jax_fem: CuDSSNewtonSolver: solve finished in 0.10s  res=7.878e-06
[06-24 14:15:10][INFO] jax_fem: CuDSS backward: solving adjoint problem …
[06-24 14:15:10][DEBUG] jax_fem: JaxAssembledMixin: computing Jacobian on device
[06-24 14:15:10][DEBUG] jax_fem: Function split_and_compute_cell took 0.0298 seconds
[06-24 14:15:10][DEBUG] jax_fem: Computing cell residual...
[06-24 14:15:10][DEBUG] jax_fem: Function split_and_compute_cell took 0.0662 seconds
[06-24 14:15:10][INFO] jax_fem: CuDSS backward: solving adjoint problem …
[06-24 14:15:10][DEBUG] jax_fem: JaxAssembledMixin: computing Jacobian on device
[06-24 14:15:10][DEBUG] jax_fem: Function split_and_compute_cell took 0.0353 seconds
[06-24 14:15:10][DEBUG] jax_fem: Computing cell residual...
[06-24 14:15:10][DEBUG] jax_fem: Function split_and_compute_cell took 0.0572 seconds
[06-24 14:15:10][INFO] jax_fem: CuDSS backward: solving adjoint problem …
[06-24 14:15:10][DEBUG] jax_fem: JaxAssembledMixin: computing Jacobian on device
[06-24 14:15:11][DEBUG] jax_fem: Function split_and_compute_cell took 0.0387 seconds
[06-24 14:15:11][DEBUG] jax_fem: Computing cell residual...
[06-24 14:15:11][DEBUG] jax_fem: Function split_and_compute_cell took 0.0786 seconds
[06-24 14:15:11][INFO] jax_fem: CuDSS backward: solving adjoint problem …
[06-24 14:15:11][DEBUG] jax_fem: JaxAssembledMixin: computing Jacobian on device
[06-24 14:15:11][DEBUG] jax_fem: Function split_and_compute_cell took 0.0488 seconds
[06-24 14:15:11][DEBUG] jax_fem: Computing cell residual...
[06-24 14:15:11][DEBUG] jax_fem: Function split_and_compute_cell took 0.0704 seconds
[06-24 14:15:11][INFO] jax_fem: CuDSS backward: solving adjoint problem …
[06-24 14:15:11][DEBUG] jax_fem: JaxAssembledMixin: computing Jacobian on device
[06-24 14:15:11][DEBUG] jax_fem: Function split_and_compute_cell took 0.0438 seconds
[06-24 14:15:11][DEBUG] jax_fem: Computing cell residual...
[06-24 14:15:12][DEBUG] jax_fem: Function split_and_compute_cell took 0.0581 seconds
[06-24 14:15:13][DEBUG] jax_fem: CuDSSNewtonSolver: starting Newton loop
[06-24 14:15:13][DEBUG] jax_fem: JaxAssembledMixin: computing Jacobian on device
[06-24 14:15:14][DEBUG] jax_fem: Function split_and_compute_cell took 0.0345 seconds
[06-24 14:15:14][DEBUG] jax_fem: CuDSSNewtonSolver: initial residual = 7.216e+05
[06-24 14:15:14][DEBUG] jax_fem: JaxAssembledMixin: computing Jacobian on device
[06-24 14:15:14][DEBUG] jax_fem: Function split_and_compute_cell took 0.0400 seconds
[06-24 14:15:14][DEBUG] jax_fem: CuDSSNewtonSolver: iter=1  res=5.699e-06  rel=7.898e-12
[06-24 14:15:14][INFO] jax_fem: CuDSSNewtonSolver: solve finished in 0.12s  res=5.699e-06
[06-24 14:15:14][DEBUG] jax_fem: CuDSSNewtonSolver: starting Newton loop
[06-24 14:15:14][DEBUG] jax_fem: JaxAssembledMixin: computing Jacobian on device
[06-24 14:15:14][DEBUG] jax_fem: Function split_and_compute_cell took 0.0410 seconds
[06-24 14:15:14][DEBUG] jax_fem: CuDSSNewtonSolver: initial residual = 7.188e+05
[06-24 14:15:14][DEBUG] jax_fem: JaxAssembledMixin: computing Jacobian on device
[06-24 14:15:14][DEBUG] jax_fem: Function split_and_compute_cell took 0.0342 seconds
[06-24 14:15:14][DEBUG] jax_fem: CuDSSNewtonSolver: iter=1  res=7.258e-06  rel=1.010e-11
[06-24 14:15:14][INFO] jax_fem: CuDSSNewtonSolver: solve finished in 0.12s  res=7.258e-06
[06-24 14:15:14][DEBUG] jax_fem: CuDSSNewtonSolver: starting Newton loop
[06-24 14:15:14][DEBUG] jax_fem: JaxAssembledMixin: computing Jacobian on device
[06-24 14:15:14][DEBUG] jax_fem: Function split_and_compute_cell took 0.0455 seconds
[06-24 14:15:14][DEBUG] jax_fem: CuDSSNewtonSolver: initial residual = 7.101e+05
[06-24 14:15:14][DEBUG] jax_fem: JaxAssembledMixin: computing Jacobian on device
[06-24 14:15:14][DEBUG] jax_fem: Function split_and_compute_cell took 0.0386 seconds
[06-24 14:15:14][DEBUG] jax_fem: CuDSSNewtonSolver: iter=1  res=6.042e-06  rel=8.510e-12
[06-24 14:15:14][INFO] jax_fem: CuDSSNewtonSolver: solve finished in 0.13s  res=6.042e-06
[06-24 14:15:15][DEBUG] jax_fem: CuDSSNewtonSolver: starting Newton loop
[06-24 14:15:15][DEBUG] jax_fem: JaxAssembledMixin: computing Jacobian on device
[06-24 14:15:15][DEBUG] jax_fem: Function split_and_compute_cell took 0.0488 seconds
[06-24 14:15:15][DEBUG] jax_fem: CuDSSNewtonSolver: initial residual = 7.049e+05
[06-24 14:15:15][DEBUG] jax_fem: JaxAssembledMixin: computing Jacobian on device
[06-24 14:15:15][DEBUG] jax_fem: Function split_and_compute_cell took 0.0348 seconds
[06-24 14:15:15][DEBUG] jax_fem: CuDSSNewtonSolver: iter=1  res=6.930e-06  rel=9.831e-12
[06-24 14:15:15][INFO] jax_fem: CuDSSNewtonSolver: solve finished in 0.13s  res=6.930e-06
[06-24 14:15:15][DEBUG] jax_fem: CuDSSNewtonSolver: starting Newton loop
[06-24 14:15:15][DEBUG] jax_fem: JaxAssembledMixin: computing Jacobian on device
[06-24 14:15:15][DEBUG] jax_fem: Function split_and_compute_cell took 0.0250 seconds
[06-24 14:15:15][DEBUG] jax_fem: CuDSSNewtonSolver: initial residual = 6.891e+05
[06-24 14:15:15][DEBUG] jax_fem: JaxAssembledMixin: computing Jacobian on device
[06-24 14:15:15][DEBUG] jax_fem: Function split_and_compute_cell took 0.0499 seconds
[06-24 14:15:15][DEBUG] jax_fem: CuDSSNewtonSolver: iter=1  res=7.634e-06  rel=1.108e-11
[06-24 14:15:15][INFO] jax_fem: CuDSSNewtonSolver: solve finished in 0.12s  res=7.634e-06
[06-24 14:15:17][DEBUG] jax_fem: CuDSSNewtonSolver: starting Newton loop
[06-24 14:15:17][DEBUG] jax_fem: JaxAssembledMixin: computing Jacobian on device
[06-24 14:15:17][DEBUG] jax_fem: Function split_and_compute_cell took 0.0280 seconds
[06-24 14:15:17][DEBUG] jax_fem: CuDSSNewtonSolver: initial residual = 7.216e+05
[06-24 14:15:17][DEBUG] jax_fem: JaxAssembledMixin: computing Jacobian on device
[06-24 14:15:17][DEBUG] jax_fem: Function split_and_compute_cell took 0.0286 seconds
[06-24 14:15:17][DEBUG] jax_fem: CuDSSNewtonSolver: iter=1  res=5.689e-06  rel=7.884e-12
[06-24 14:15:17][INFO] jax_fem: CuDSSNewtonSolver: solve finished in 0.10s  res=5.689e-06
[06-24 14:15:18][DEBUG] jax_fem: CuDSSNewtonSolver: starting Newton loop
[06-24 14:15:18][DEBUG] jax_fem: JaxAssembledMixin: computing Jacobian on device
[06-24 14:15:18][DEBUG] jax_fem: Function split_and_compute_cell took 0.0264 seconds
[06-24 14:15:18][DEBUG] jax_fem: CuDSSNewtonSolver: initial residual = 7.188e+05
[06-24 14:15:18][DEBUG] jax_fem: JaxAssembledMixin: computing Jacobian on device
[06-24 14:15:18][DEBUG] jax_fem: Function split_and_compute_cell took 0.0257 seconds
[06-24 14:15:18][DEBUG] jax_fem: CuDSSNewtonSolver: iter=1  res=7.259e-06  rel=1.010e-11
[06-24 14:15:18][INFO] jax_fem: CuDSSNewtonSolver: solve finished in 0.09s  res=7.259e-06
[06-24 14:15:19][DEBUG] jax_fem: CuDSSNewtonSolver: starting Newton loop
[06-24 14:15:19][DEBUG] jax_fem: JaxAssembledMixin: computing Jacobian on device
[06-24 14:15:19][DEBUG] jax_fem: Function split_and_compute_cell took 0.0272 seconds
[06-24 14:15:19][DEBUG] jax_fem: CuDSSNewtonSolver: initial residual = 7.101e+05
[06-24 14:15:19][DEBUG] jax_fem: JaxAssembledMixin: computing Jacobian on device
[06-24 14:15:19][DEBUG] jax_fem: Function split_and_compute_cell took 0.0276 seconds
[06-24 14:15:19][DEBUG] jax_fem: CuDSSNewtonSolver: iter=1  res=6.052e-06  rel=8.523e-12
[06-24 14:15:19][INFO] jax_fem: CuDSSNewtonSolver: solve finished in 0.09s  res=6.052e-06
[06-24 14:15:19][DEBUG] jax_fem: CuDSSNewtonSolver: starting Newton loop
[06-24 14:15:19][DEBUG] jax_fem: JaxAssembledMixin: computing Jacobian on device
[06-24 14:15:19][DEBUG] jax_fem: Function split_and_compute_cell took 0.0275 seconds
[06-24 14:15:19][DEBUG] jax_fem: CuDSSNewtonSolver: initial residual = 7.049e+05
[06-24 14:15:19][DEBUG] jax_fem: JaxAssembledMixin: computing Jacobian on device
[06-24 14:15:20][DEBUG] jax_fem: Function split_and_compute_cell took 0.0277 seconds
[06-24 14:15:20][DEBUG] jax_fem: CuDSSNewtonSolver: iter=1  res=6.843e-06  rel=9.708e-12
[06-24 14:15:20][INFO] jax_fem: CuDSSNewtonSolver: solve finished in 0.09s  res=6.843e-06
[06-24 14:15:20][DEBUG] jax_fem: CuDSSNewtonSolver: starting Newton loop
[06-24 14:15:20][DEBUG] jax_fem: JaxAssembledMixin: computing Jacobian on device
[06-24 14:15:20][DEBUG] jax_fem: Function split_and_compute_cell took 0.0253 seconds
[06-24 14:15:20][DEBUG] jax_fem: CuDSSNewtonSolver: initial residual = 6.891e+05
[06-24 14:15:20][DEBUG] jax_fem: JaxAssembledMixin: computing Jacobian on device
[06-24 14:15:20][DEBUG] jax_fem: Function split_and_compute_cell took 0.0281 seconds
[06-24 14:15:20][DEBUG] jax_fem: CuDSSNewtonSolver: iter=1  res=7.609e-06  rel=1.104e-11
[06-24 14:15:20][INFO] jax_fem: CuDSSNewtonSolver: solve finished in 0.09s  res=7.609e-06
[06-24 14:15:20][INFO] jax_fem: CuDSS backward: solving adjoint problem …
[06-24 14:15:20][DEBUG] jax_fem: JaxAssembledMixin: computing Jacobian on device
[06-24 14:15:20][DEBUG] jax_fem: Function split_and_compute_cell took 0.0280 seconds
[06-24 14:15:20][DEBUG] jax_fem: Computing cell residual...
[06-24 14:15:20][DEBUG] jax_fem: Function split_and_compute_cell took 0.0626 seconds
[06-24 14:15:21][INFO] jax_fem: CuDSS backward: solving adjoint problem …
[06-24 14:15:21][DEBUG] jax_fem: JaxAssembledMixin: computing Jacobian on device
[06-24 14:15:21][DEBUG] jax_fem: Function split_and_compute_cell took 0.0327 seconds
[06-24 14:15:21][DEBUG] jax_fem: Computing cell residual...
[06-24 14:15:21][DEBUG] jax_fem: Function split_and_compute_cell took 0.0817 seconds
[06-24 14:15:21][INFO] jax_fem: CuDSS backward: solving adjoint problem …
[06-24 14:15:21][DEBUG] jax_fem: JaxAssembledMixin: computing Jacobian on device
[06-24 14:15:21][DEBUG] jax_fem: Function split_and_compute_cell took 0.0355 seconds
[06-24 14:15:21][DEBUG] jax_fem: Computing cell residual...
[06-24 14:15:21][DEBUG] jax_fem: Function split_and_compute_cell took 0.0681 seconds
[06-24 14:15:22][INFO] jax_fem: CuDSS backward: solving adjoint problem …
[06-24 14:15:22][DEBUG] jax_fem: JaxAssembledMixin: computing Jacobian on device
[06-24 14:15:22][DEBUG] jax_fem: Function split_and_compute_cell took 0.0321 seconds
[06-24 14:15:22][DEBUG] jax_fem: Computing cell residual...
[06-24 14:15:22][DEBUG] jax_fem: Function split_and_compute_cell took 0.0767 seconds
[06-24 14:15:22][INFO] jax_fem: CuDSS backward: solving adjoint problem …
[06-24 14:15:22][DEBUG] jax_fem: JaxAssembledMixin: computing Jacobian on device
[06-24 14:15:22][DEBUG] jax_fem: Function split_and_compute_cell took 0.0259 seconds
[06-24 14:15:22][DEBUG] jax_fem: Computing cell residual...
[06-24 14:15:22][DEBUG] jax_fem: Function split_and_compute_cell took 0.0735 seconds
[06-24 14:15:24][DEBUG] jax_fem: CuDSSNewtonSolver: starting Newton loop
[06-24 14:15:24][DEBUG] jax_fem: JaxAssembledMixin: computing Jacobian on device
[06-24 14:15:24][DEBUG] jax_fem: Function split_and_compute_cell took 0.0493 seconds
[06-24 14:15:24][DEBUG] jax_fem: CuDSSNewtonSolver: initial residual = 7.216e+05
[06-24 14:15:24][DEBUG] jax_fem: JaxAssembledMixin: computing Jacobian on device
[06-24 14:15:24][DEBUG] jax_fem: Function split_and_compute_cell took 0.0321 seconds
[06-24 14:15:24][DEBUG] jax_fem: CuDSSNewtonSolver: iter=1  res=5.816e-06  rel=8.059e-12
[06-24 14:15:24][INFO] jax_fem: CuDSSNewtonSolver: solve finished in 0.13s  res=5.816e-06
[06-24 14:15:25][DEBUG] jax_fem: CuDSSNewtonSolver: starting Newton loop
[06-24 14:15:25][DEBUG] jax_fem: JaxAssembledMixin: computing Jacobian on device
[06-24 14:15:25][DEBUG] jax_fem: Function split_and_compute_cell took 0.0389 seconds
[06-24 14:15:25][DEBUG] jax_fem: CuDSSNewtonSolver: initial residual = 7.188e+05
[06-24 14:15:25][DEBUG] jax_fem: JaxAssembledMixin: computing Jacobian on device
[06-24 14:15:25][DEBUG] jax_fem: Function split_and_compute_cell took 0.0573 seconds
[06-24 14:15:25][DEBUG] jax_fem: CuDSSNewtonSolver: iter=1  res=7.515e-06  rel=1.045e-11
[06-24 14:15:25][INFO] jax_fem: CuDSSNewtonSolver: solve finished in 0.14s  res=7.515e-06
[06-24 14:15:25][DEBUG] jax_fem: CuDSSNewtonSolver: starting Newton loop
[06-24 14:15:25][DEBUG] jax_fem: JaxAssembledMixin: computing Jacobian on device
[06-24 14:15:25][DEBUG] jax_fem: Function split_and_compute_cell took 0.0346 seconds
[06-24 14:15:25][DEBUG] jax_fem: CuDSSNewtonSolver: initial residual = 7.101e+05
[06-24 14:15:25][DEBUG] jax_fem: JaxAssembledMixin: computing Jacobian on device
[06-24 14:15:25][DEBUG] jax_fem: Function split_and_compute_cell took 0.0485 seconds
[06-24 14:15:25][DEBUG] jax_fem: CuDSSNewtonSolver: iter=1  res=5.859e-06  rel=8.252e-12
[06-24 14:15:25][INFO] jax_fem: CuDSSNewtonSolver: solve finished in 0.13s  res=5.859e-06
[06-24 14:15:26][DEBUG] jax_fem: CuDSSNewtonSolver: starting Newton loop
[06-24 14:15:26][DEBUG] jax_fem: JaxAssembledMixin: computing Jacobian on device
[06-24 14:15:26][DEBUG] jax_fem: Function split_and_compute_cell took 0.0293 seconds
[06-24 14:15:26][DEBUG] jax_fem: CuDSSNewtonSolver: initial residual = 7.049e+05
[06-24 14:15:26][DEBUG] jax_fem: JaxAssembledMixin: computing Jacobian on device
[06-24 14:15:26][DEBUG] jax_fem: Function split_and_compute_cell took 0.0293 seconds
[06-24 14:15:26][DEBUG] jax_fem: CuDSSNewtonSolver: iter=1  res=6.825e-06  rel=9.681e-12
[06-24 14:15:26][INFO] jax_fem: CuDSSNewtonSolver: solve finished in 0.10s  res=6.825e-06
[06-24 14:15:26][DEBUG] jax_fem: CuDSSNewtonSolver: starting Newton loop
[06-24 14:15:26][DEBUG] jax_fem: JaxAssembledMixin: computing Jacobian on device
[06-24 14:15:26][DEBUG] jax_fem: Function split_and_compute_cell took 0.0393 seconds
[06-24 14:15:26][DEBUG] jax_fem: CuDSSNewtonSolver: initial residual = 6.891e+05
[06-24 14:15:26][DEBUG] jax_fem: JaxAssembledMixin: computing Jacobian on device
[06-24 14:15:26][DEBUG] jax_fem: Function split_and_compute_cell took 0.0378 seconds
[06-24 14:15:26][DEBUG] jax_fem: CuDSSNewtonSolver: iter=1  res=7.681e-06  rel=1.115e-11
[06-24 14:15:26][INFO] jax_fem: CuDSSNewtonSolver: solve finished in 0.12s  res=7.681e-06
[06-24 14:15:28][DEBUG] jax_fem: CuDSSNewtonSolver: starting Newton loop
[06-24 14:15:28][DEBUG] jax_fem: JaxAssembledMixin: computing Jacobian on device
[06-24 14:15:28][DEBUG] jax_fem: Function split_and_compute_cell took 0.0268 seconds
[06-24 14:15:28][DEBUG] jax_fem: CuDSSNewtonSolver: initial residual = 7.216e+05
[06-24 14:15:28][DEBUG] jax_fem: JaxAssembledMixin: computing Jacobian on device
[06-24 14:15:28][DEBUG] jax_fem: Function split_and_compute_cell took 0.0261 seconds
[06-24 14:15:28][DEBUG] jax_fem: CuDSSNewtonSolver: iter=1  res=5.969e-06  rel=8.272e-12
[06-24 14:15:28][INFO] jax_fem: CuDSSNewtonSolver: solve finished in 0.10s  res=5.969e-06
[06-24 14:15:29][DEBUG] jax_fem: CuDSSNewtonSolver: starting Newton loop
[06-24 14:15:29][DEBUG] jax_fem: JaxAssembledMixin: computing Jacobian on device
[06-24 14:15:29][DEBUG] jax_fem: Function split_and_compute_cell took 0.0264 seconds
[06-24 14:15:29][DEBUG] jax_fem: CuDSSNewtonSolver: initial residual = 7.188e+05
[06-24 14:15:29][DEBUG] jax_fem: JaxAssembledMixin: computing Jacobian on device
[06-24 14:15:29][DEBUG] jax_fem: Function split_and_compute_cell took 0.0257 seconds
[06-24 14:15:29][DEBUG] jax_fem: CuDSSNewtonSolver: iter=1  res=7.199e-06  rel=1.001e-11
[06-24 14:15:29][INFO] jax_fem: CuDSSNewtonSolver: solve finished in 0.09s  res=7.199e-06
[06-24 14:15:30][DEBUG] jax_fem: CuDSSNewtonSolver: starting Newton loop
[06-24 14:15:30][DEBUG] jax_fem: JaxAssembledMixin: computing Jacobian on device
[06-24 14:15:30][DEBUG] jax_fem: Function split_and_compute_cell took 0.0253 seconds
[06-24 14:15:30][DEBUG] jax_fem: CuDSSNewtonSolver: initial residual = 7.101e+05
[06-24 14:15:30][DEBUG] jax_fem: JaxAssembledMixin: computing Jacobian on device
[06-24 14:15:30][DEBUG] jax_fem: Function split_and_compute_cell took 0.0258 seconds
[06-24 14:15:30][DEBUG] jax_fem: CuDSSNewtonSolver: iter=1  res=5.960e-06  rel=8.394e-12
[06-24 14:15:30][INFO] jax_fem: CuDSSNewtonSolver: solve finished in 0.09s  res=5.960e-06
[06-24 14:15:30][DEBUG] jax_fem: CuDSSNewtonSolver: starting Newton loop
[06-24 14:15:30][DEBUG] jax_fem: JaxAssembledMixin: computing Jacobian on device
[06-24 14:15:30][DEBUG] jax_fem: Function split_and_compute_cell took 0.0293 seconds
[06-24 14:15:30][DEBUG] jax_fem: CuDSSNewtonSolver: initial residual = 7.049e+05
[06-24 14:15:30][DEBUG] jax_fem: JaxAssembledMixin: computing Jacobian on device
[06-24 14:15:30][DEBUG] jax_fem: Function split_and_compute_cell took 0.0265 seconds
[06-24 14:15:30][DEBUG] jax_fem: CuDSSNewtonSolver: iter=1  res=6.954e-06  rel=9.865e-12
[06-24 14:15:30][INFO] jax_fem: CuDSSNewtonSolver: solve finished in 0.09s  res=6.954e-06
[06-24 14:15:31][DEBUG] jax_fem: CuDSSNewtonSolver: starting Newton loop
[06-24 14:15:31][DEBUG] jax_fem: JaxAssembledMixin: computing Jacobian on device
[06-24 14:15:31][DEBUG] jax_fem: Function split_and_compute_cell took 0.0237 seconds
[06-24 14:15:31][DEBUG] jax_fem: CuDSSNewtonSolver: initial residual = 6.891e+05
[06-24 14:15:31][DEBUG] jax_fem: JaxAssembledMixin: computing Jacobian on device
[06-24 14:15:31][DEBUG] jax_fem: Function split_and_compute_cell took 0.0278 seconds
[06-24 14:15:31][DEBUG] jax_fem: CuDSSNewtonSolver: iter=1  res=7.669e-06  rel=1.113e-11
[06-24 14:15:31][INFO] jax_fem: CuDSSNewtonSolver: solve finished in 0.09s  res=7.669e-06
[06-24 14:15:31][INFO] jax_fem: CuDSS backward: solving adjoint problem …
[06-24 14:15:31][DEBUG] jax_fem: JaxAssembledMixin: computing Jacobian on device
[06-24 14:15:31][DEBUG] jax_fem: Function split_and_compute_cell took 0.0541 seconds
[06-24 14:15:31][DEBUG] jax_fem: Computing cell residual...
[06-24 14:15:31][DEBUG] jax_fem: Function split_and_compute_cell took 0.0679 seconds
[06-24 14:15:32][INFO] jax_fem: CuDSS backward: solving adjoint problem …
[06-24 14:15:32][DEBUG] jax_fem: JaxAssembledMixin: computing Jacobian on device
[06-24 14:15:32][DEBUG] jax_fem: Function split_and_compute_cell took 0.0422 seconds
[06-24 14:15:32][DEBUG] jax_fem: Computing cell residual...
[06-24 14:15:32][DEBUG] jax_fem: Function split_and_compute_cell took 0.0707 seconds
[06-24 14:15:32][INFO] jax_fem: CuDSS backward: solving adjoint problem …
[06-24 14:15:32][DEBUG] jax_fem: JaxAssembledMixin: computing Jacobian on device
[06-24 14:15:32][DEBUG] jax_fem: Function split_and_compute_cell took 0.0433 seconds
[06-24 14:15:32][DEBUG] jax_fem: Computing cell residual...
[06-24 14:15:32][DEBUG] jax_fem: Function split_and_compute_cell took 0.0783 seconds
[06-24 14:15:33][INFO] jax_fem: CuDSS backward: solving adjoint problem …
[06-24 14:15:33][DEBUG] jax_fem: JaxAssembledMixin: computing Jacobian on device
[06-24 14:15:33][DEBUG] jax_fem: Function split_and_compute_cell took 0.0385 seconds
[06-24 14:15:33][DEBUG] jax_fem: Computing cell residual...
[06-24 14:15:33][DEBUG] jax_fem: Function split_and_compute_cell took 0.0814 seconds
[06-24 14:15:33][INFO] jax_fem: CuDSS backward: solving adjoint problem …
[06-24 14:15:33][DEBUG] jax_fem: JaxAssembledMixin: computing Jacobian on device
[06-24 14:15:33][DEBUG] jax_fem: Function split_and_compute_cell took 0.0645 seconds
[06-24 14:15:33][DEBUG] jax_fem: Computing cell residual...
[06-24 14:15:33][DEBUG] jax_fem: Function split_and_compute_cell took 0.0630 seconds
[06-24 14:15:35][DEBUG] jax_fem: CuDSSNewtonSolver: starting Newton loop
[06-24 14:15:35][DEBUG] jax_fem: JaxAssembledMixin: computing Jacobian on device
[06-24 14:15:35][DEBUG] jax_fem: Function split_and_compute_cell took 0.0663 seconds
[06-24 14:15:35][DEBUG] jax_fem: CuDSSNewtonSolver: initial residual = 7.216e+05
[06-24 14:15:35][DEBUG] jax_fem: JaxAssembledMixin: computing Jacobian on device
[06-24 14:15:35][DEBUG] jax_fem: Function split_and_compute_cell took 0.0563 seconds
[06-24 14:15:35][DEBUG] jax_fem: CuDSSNewtonSolver: iter=1  res=5.862e-06  rel=8.123e-12
[06-24 14:15:35][INFO] jax_fem: CuDSSNewtonSolver: solve finished in 0.18s  res=5.862e-06
[06-24 14:15:36][DEBUG] jax_fem: CuDSSNewtonSolver: starting Newton loop
[06-24 14:15:36][DEBUG] jax_fem: JaxAssembledMixin: computing Jacobian on device
[06-24 14:15:36][DEBUG] jax_fem: Function split_and_compute_cell took 0.0463 seconds
[06-24 14:15:36][DEBUG] jax_fem: CuDSSNewtonSolver: initial residual = 7.188e+05
[06-24 14:15:36][DEBUG] jax_fem: JaxAssembledMixin: computing Jacobian on device
[06-24 14:15:36][DEBUG] jax_fem: Function split_and_compute_cell took 0.0544 seconds
[06-24 14:15:36][DEBUG] jax_fem: CuDSSNewtonSolver: iter=1  res=7.004e-06  rel=9.744e-12
[06-24 14:15:36][INFO] jax_fem: CuDSSNewtonSolver: solve finished in 0.15s  res=7.004e-06
[06-24 14:15:36][DEBUG] jax_fem: CuDSSNewtonSolver: starting Newton loop
[06-24 14:15:36][DEBUG] jax_fem: JaxAssembledMixin: computing Jacobian on device
[06-24 14:15:36][DEBUG] jax_fem: Function split_and_compute_cell took 0.0577 seconds
[06-24 14:15:36][DEBUG] jax_fem: CuDSSNewtonSolver: initial residual = 7.101e+05
[06-24 14:15:36][DEBUG] jax_fem: JaxAssembledMixin: computing Jacobian on device
[06-24 14:15:36][DEBUG] jax_fem: Function split_and_compute_cell took 0.0355 seconds
[06-24 14:15:36][DEBUG] jax_fem: CuDSSNewtonSolver: iter=1  res=5.959e-06  rel=8.392e-12
[06-24 14:15:36][INFO] jax_fem: CuDSSNewtonSolver: solve finished in 0.14s  res=5.959e-06
[06-24 14:15:37][DEBUG] jax_fem: CuDSSNewtonSolver: starting Newton loop
[06-24 14:15:37][DEBUG] jax_fem: JaxAssembledMixin: computing Jacobian on device
[06-24 14:15:37][DEBUG] jax_fem: Function split_and_compute_cell took 0.0389 seconds
[06-24 14:15:37][DEBUG] jax_fem: CuDSSNewtonSolver: initial residual = 7.049e+05
[06-24 14:15:37][DEBUG] jax_fem: JaxAssembledMixin: computing Jacobian on device
[06-24 14:15:37][DEBUG] jax_fem: Function split_and_compute_cell took 0.0533 seconds
[06-24 14:15:37][DEBUG] jax_fem: CuDSSNewtonSolver: iter=1  res=6.857e-06  rel=9.727e-12
[06-24 14:15:37][INFO] jax_fem: CuDSSNewtonSolver: solve finished in 0.13s  res=6.857e-06
[06-24 14:15:37][DEBUG] jax_fem: CuDSSNewtonSolver: starting Newton loop
[06-24 14:15:37][DEBUG] jax_fem: JaxAssembledMixin: computing Jacobian on device
[06-24 14:15:37][DEBUG] jax_fem: Function split_and_compute_cell took 0.0506 seconds
[06-24 14:15:37][DEBUG] jax_fem: CuDSSNewtonSolver: initial residual = 6.891e+05
[06-24 14:15:37][DEBUG] jax_fem: JaxAssembledMixin: computing Jacobian on device
[06-24 14:15:37][DEBUG] jax_fem: Function split_and_compute_cell took 0.0313 seconds
[06-24 14:15:37][DEBUG] jax_fem: CuDSSNewtonSolver: iter=1  res=7.406e-06  rel=1.075e-11
[06-24 14:15:37][INFO] jax_fem: CuDSSNewtonSolver: solve finished in 0.13s  res=7.406e-06
[06-24 14:15:39][DEBUG] jax_fem: CuDSSNewtonSolver: starting Newton loop
[06-24 14:15:39][DEBUG] jax_fem: JaxAssembledMixin: computing Jacobian on device
[06-24 14:15:39][DEBUG] jax_fem: Function split_and_compute_cell took 0.0273 seconds
[06-24 14:15:39][DEBUG] jax_fem: CuDSSNewtonSolver: initial residual = 7.216e+05
[06-24 14:15:39][DEBUG] jax_fem: JaxAssembledMixin: computing Jacobian on device
[06-24 14:15:39][DEBUG] jax_fem: Function split_and_compute_cell took 0.0243 seconds
[06-24 14:15:39][DEBUG] jax_fem: CuDSSNewtonSolver: iter=1  res=6.016e-06  rel=8.336e-12
[06-24 14:15:39][INFO] jax_fem: CuDSSNewtonSolver: solve finished in 0.09s  res=6.016e-06
[06-24 14:15:40][DEBUG] jax_fem: CuDSSNewtonSolver: starting Newton loop
[06-24 14:15:40][DEBUG] jax_fem: JaxAssembledMixin: computing Jacobian on device
[06-24 14:15:40][DEBUG] jax_fem: Function split_and_compute_cell took 0.0267 seconds
[06-24 14:15:40][DEBUG] jax_fem: CuDSSNewtonSolver: initial residual = 7.188e+05
[06-24 14:15:40][DEBUG] jax_fem: JaxAssembledMixin: computing Jacobian on device
[06-24 14:15:40][DEBUG] jax_fem: Function split_and_compute_cell took 0.0286 seconds
[06-24 14:15:40][DEBUG] jax_fem: CuDSSNewtonSolver: iter=1  res=7.046e-06  rel=9.802e-12
[06-24 14:15:40][INFO] jax_fem: CuDSSNewtonSolver: solve finished in 0.09s  res=7.046e-06
[06-24 14:15:41][DEBUG] jax_fem: CuDSSNewtonSolver: starting Newton loop
[06-24 14:15:41][DEBUG] jax_fem: JaxAssembledMixin: computing Jacobian on device
[06-24 14:15:41][DEBUG] jax_fem: Function split_and_compute_cell took 0.0277 seconds
[06-24 14:15:41][DEBUG] jax_fem: CuDSSNewtonSolver: initial residual = 7.101e+05
[06-24 14:15:41][DEBUG] jax_fem: JaxAssembledMixin: computing Jacobian on device
[06-24 14:15:41][DEBUG] jax_fem: Function split_and_compute_cell took 0.0257 seconds
[06-24 14:15:41][DEBUG] jax_fem: CuDSSNewtonSolver: iter=1  res=6.158e-06  rel=8.673e-12
[06-24 14:15:41][INFO] jax_fem: CuDSSNewtonSolver: solve finished in 0.09s  res=6.158e-06
[06-24 14:15:41][DEBUG] jax_fem: CuDSSNewtonSolver: starting Newton loop
[06-24 14:15:41][DEBUG] jax_fem: JaxAssembledMixin: computing Jacobian on device
[06-24 14:15:41][DEBUG] jax_fem: Function split_and_compute_cell took 0.0258 seconds
[06-24 14:15:41][DEBUG] jax_fem: CuDSSNewtonSolver: initial residual = 7.049e+05
[06-24 14:15:41][DEBUG] jax_fem: JaxAssembledMixin: computing Jacobian on device
[06-24 14:15:41][DEBUG] jax_fem: Function split_and_compute_cell took 0.0280 seconds
[06-24 14:15:41][DEBUG] jax_fem: CuDSSNewtonSolver: iter=1  res=6.874e-06  rel=9.751e-12
[06-24 14:15:41][INFO] jax_fem: CuDSSNewtonSolver: solve finished in 0.09s  res=6.874e-06
[06-24 14:15:42][DEBUG] jax_fem: CuDSSNewtonSolver: starting Newton loop
[06-24 14:15:42][DEBUG] jax_fem: JaxAssembledMixin: computing Jacobian on device
[06-24 14:15:42][DEBUG] jax_fem: Function split_and_compute_cell took 0.0281 seconds
[06-24 14:15:42][DEBUG] jax_fem: CuDSSNewtonSolver: initial residual = 6.891e+05
[06-24 14:15:42][DEBUG] jax_fem: JaxAssembledMixin: computing Jacobian on device
[06-24 14:15:42][DEBUG] jax_fem: Function split_and_compute_cell took 0.0264 seconds
[06-24 14:15:42][DEBUG] jax_fem: CuDSSNewtonSolver: iter=1  res=7.547e-06  rel=1.095e-11
[06-24 14:15:42][INFO] jax_fem: CuDSSNewtonSolver: solve finished in 0.09s  res=7.547e-06
[06-24 14:15:42][INFO] jax_fem: CuDSS backward: solving adjoint problem …
[06-24 14:15:42][DEBUG] jax_fem: JaxAssembledMixin: computing Jacobian on device
[06-24 14:15:42][DEBUG] jax_fem: Function split_and_compute_cell took 0.0388 seconds
[06-24 14:15:42][DEBUG] jax_fem: Computing cell residual...
[06-24 14:15:42][DEBUG] jax_fem: Function split_and_compute_cell took 0.0802 seconds
[06-24 14:15:43][INFO] jax_fem: CuDSS backward: solving adjoint problem …
[06-24 14:15:43][DEBUG] jax_fem: JaxAssembledMixin: computing Jacobian on device
[06-24 14:15:43][DEBUG] jax_fem: Function split_and_compute_cell took 0.0507 seconds
[06-24 14:15:43][DEBUG] jax_fem: Computing cell residual...
[06-24 14:15:43][DEBUG] jax_fem: Function split_and_compute_cell took 0.0750 seconds
[06-24 14:15:43][INFO] jax_fem: CuDSS backward: solving adjoint problem …
[06-24 14:15:43][DEBUG] jax_fem: JaxAssembledMixin: computing Jacobian on device
[06-24 14:15:43][DEBUG] jax_fem: Function split_and_compute_cell took 0.0582 seconds
[06-24 14:15:43][DEBUG] jax_fem: Computing cell residual...
[06-24 14:15:43][DEBUG] jax_fem: Function split_and_compute_cell took 0.0696 seconds
[06-24 14:15:44][INFO] jax_fem: CuDSS backward: solving adjoint problem …
[06-24 14:15:44][DEBUG] jax_fem: JaxAssembledMixin: computing Jacobian on device
[06-24 14:15:44][DEBUG] jax_fem: Function split_and_compute_cell took 0.0408 seconds
[06-24 14:15:44][DEBUG] jax_fem: Computing cell residual...
[06-24 14:15:44][DEBUG] jax_fem: Function split_and_compute_cell took 0.0624 seconds
[06-24 14:15:44][INFO] jax_fem: CuDSS backward: solving adjoint problem …
[06-24 14:15:44][DEBUG] jax_fem: JaxAssembledMixin: computing Jacobian on device
[06-24 14:15:44][DEBUG] jax_fem: Function split_and_compute_cell took 0.0414 seconds
[06-24 14:15:44][DEBUG] jax_fem: Computing cell residual...
[06-24 14:15:44][DEBUG] jax_fem: Function split_and_compute_cell took 0.0692 seconds
[06-24 14:15:46][DEBUG] jax_fem: CuDSSNewtonSolver: starting Newton loop
[06-24 14:15:46][DEBUG] jax_fem: JaxAssembledMixin: computing Jacobian on device
[06-24 14:15:46][DEBUG] jax_fem: Function split_and_compute_cell took 0.0394 seconds
[06-24 14:15:46][DEBUG] jax_fem: CuDSSNewtonSolver: initial residual = 7.216e+05
[06-24 14:15:46][DEBUG] jax_fem: JaxAssembledMixin: computing Jacobian on device
[06-24 14:15:46][DEBUG] jax_fem: Function split_and_compute_cell took 0.0255 seconds
[06-24 14:15:46][DEBUG] jax_fem: CuDSSNewtonSolver: iter=1  res=5.782e-06  rel=8.012e-12
[06-24 14:15:46][INFO] jax_fem: CuDSSNewtonSolver: solve finished in 0.11s  res=5.782e-06
[06-24 14:15:46][DEBUG] jax_fem: CuDSSNewtonSolver: starting Newton loop
[06-24 14:15:46][DEBUG] jax_fem: JaxAssembledMixin: computing Jacobian on device
[06-24 14:15:46][DEBUG] jax_fem: Function split_and_compute_cell took 0.0345 seconds
[06-24 14:15:46][DEBUG] jax_fem: CuDSSNewtonSolver: initial residual = 7.188e+05
[06-24 14:15:46][DEBUG] jax_fem: JaxAssembledMixin: computing Jacobian on device
[06-24 14:15:46][DEBUG] jax_fem: Function split_and_compute_cell took 0.0586 seconds
[06-24 14:15:46][DEBUG] jax_fem: CuDSSNewtonSolver: iter=1  res=7.141e-06  rel=9.934e-12
[06-24 14:15:46][INFO] jax_fem: CuDSSNewtonSolver: solve finished in 0.14s  res=7.141e-06
[06-24 14:15:47][DEBUG] jax_fem: CuDSSNewtonSolver: starting Newton loop
[06-24 14:15:47][DEBUG] jax_fem: JaxAssembledMixin: computing Jacobian on device
[06-24 14:15:47][DEBUG] jax_fem: Function split_and_compute_cell took 0.0469 seconds
[06-24 14:15:47][DEBUG] jax_fem: CuDSSNewtonSolver: initial residual = 7.101e+05
[06-24 14:15:47][DEBUG] jax_fem: JaxAssembledMixin: computing Jacobian on device
[06-24 14:15:47][DEBUG] jax_fem: Function split_and_compute_cell took 0.0421 seconds
[06-24 14:15:47][DEBUG] jax_fem: CuDSSNewtonSolver: iter=1  res=6.168e-06  rel=8.686e-12
[06-24 14:15:47][INFO] jax_fem: CuDSSNewtonSolver: solve finished in 0.14s  res=6.168e-06
[06-24 14:15:47][DEBUG] jax_fem: CuDSSNewtonSolver: starting Newton loop
[06-24 14:15:47][DEBUG] jax_fem: JaxAssembledMixin: computing Jacobian on device
[06-24 14:15:47][DEBUG] jax_fem: Function split_and_compute_cell took 0.0558 seconds
[06-24 14:15:47][DEBUG] jax_fem: CuDSSNewtonSolver: initial residual = 7.049e+05
[06-24 14:15:47][DEBUG] jax_fem: JaxAssembledMixin: computing Jacobian on device
[06-24 14:15:47][DEBUG] jax_fem: Function split_and_compute_cell took 0.0534 seconds
[06-24 14:15:47][DEBUG] jax_fem: CuDSSNewtonSolver: iter=1  res=6.688e-06  rel=9.488e-12
[06-24 14:15:47][INFO] jax_fem: CuDSSNewtonSolver: solve finished in 0.16s  res=6.688e-06
[06-24 14:15:48][DEBUG] jax_fem: CuDSSNewtonSolver: starting Newton loop
[06-24 14:15:48][DEBUG] jax_fem: JaxAssembledMixin: computing Jacobian on device
[06-24 14:15:48][DEBUG] jax_fem: Function split_and_compute_cell took 0.0439 seconds
[06-24 14:15:48][DEBUG] jax_fem: CuDSSNewtonSolver: initial residual = 6.891e+05
[06-24 14:15:48][DEBUG] jax_fem: JaxAssembledMixin: computing Jacobian on device
[06-24 14:15:48][DEBUG] jax_fem: Function split_and_compute_cell took 0.0399 seconds
[06-24 14:15:48][DEBUG] jax_fem: CuDSSNewtonSolver: iter=1  res=7.770e-06  rel=1.128e-11
[06-24 14:15:48][INFO] jax_fem: CuDSSNewtonSolver: solve finished in 0.13s  res=7.770e-06
[06-24 14:15:50][DEBUG] jax_fem: CuDSSNewtonSolver: starting Newton loop
[06-24 14:15:50][DEBUG] jax_fem: JaxAssembledMixin: computing Jacobian on device
[06-24 14:15:50][DEBUG] jax_fem: Function split_and_compute_cell took 0.0268 seconds
[06-24 14:15:50][DEBUG] jax_fem: CuDSSNewtonSolver: initial residual = 7.216e+05
[06-24 14:15:50][DEBUG] jax_fem: JaxAssembledMixin: computing Jacobian on device
[06-24 14:15:50][DEBUG] jax_fem: Function split_and_compute_cell took 0.0226 seconds
[06-24 14:15:50][DEBUG] jax_fem: CuDSSNewtonSolver: iter=1  res=5.810e-06  rel=8.051e-12
[06-24 14:15:50][INFO] jax_fem: CuDSSNewtonSolver: solve finished in 0.09s  res=5.810e-06
[06-24 14:15:50][DEBUG] jax_fem: CuDSSNewtonSolver: starting Newton loop
[06-24 14:15:50][DEBUG] jax_fem: JaxAssembledMixin: computing Jacobian on device
[06-24 14:15:50][DEBUG] jax_fem: Function split_and_compute_cell took 0.0252 seconds
[06-24 14:15:50][DEBUG] jax_fem: CuDSSNewtonSolver: initial residual = 7.188e+05
[06-24 14:15:50][DEBUG] jax_fem: JaxAssembledMixin: computing Jacobian on device
[06-24 14:15:50][DEBUG] jax_fem: Function split_and_compute_cell took 0.0265 seconds
[06-24 14:15:50][DEBUG] jax_fem: CuDSSNewtonSolver: iter=1  res=7.019e-06  rel=9.764e-12
[06-24 14:15:50][INFO] jax_fem: CuDSSNewtonSolver: solve finished in 0.09s  res=7.019e-06
[06-24 14:15:51][DEBUG] jax_fem: CuDSSNewtonSolver: starting Newton loop
[06-24 14:15:51][DEBUG] jax_fem: JaxAssembledMixin: computing Jacobian on device
[06-24 14:15:51][DEBUG] jax_fem: Function split_and_compute_cell took 0.0274 seconds
[06-24 14:15:51][DEBUG] jax_fem: CuDSSNewtonSolver: initial residual = 7.101e+05
[06-24 14:15:51][DEBUG] jax_fem: JaxAssembledMixin: computing Jacobian on device
[06-24 14:15:51][DEBUG] jax_fem: Function split_and_compute_cell took 0.0264 seconds
[06-24 14:15:51][DEBUG] jax_fem: CuDSSNewtonSolver: iter=1  res=6.005e-06  rel=8.458e-12
[06-24 14:15:51][INFO] jax_fem: CuDSSNewtonSolver: solve finished in 0.09s  res=6.005e-06
[06-24 14:15:52][DEBUG] jax_fem: CuDSSNewtonSolver: starting Newton loop
[06-24 14:15:52][DEBUG] jax_fem: JaxAssembledMixin: computing Jacobian on device
[06-24 14:15:52][DEBUG] jax_fem: Function split_and_compute_cell took 0.0263 seconds
[06-24 14:15:52][DEBUG] jax_fem: CuDSSNewtonSolver: initial residual = 7.049e+05
[06-24 14:15:52][DEBUG] jax_fem: JaxAssembledMixin: computing Jacobian on device
[06-24 14:15:52][DEBUG] jax_fem: Function split_and_compute_cell took 0.0258 seconds
[06-24 14:15:52][DEBUG] jax_fem: CuDSSNewtonSolver: iter=1  res=6.835e-06  rel=9.695e-12
[06-24 14:15:52][INFO] jax_fem: CuDSSNewtonSolver: solve finished in 0.09s  res=6.835e-06
[06-24 14:15:53][DEBUG] jax_fem: CuDSSNewtonSolver: starting Newton loop
[06-24 14:15:53][DEBUG] jax_fem: JaxAssembledMixin: computing Jacobian on device
[06-24 14:15:53][DEBUG] jax_fem: Function split_and_compute_cell took 0.0264 seconds
[06-24 14:15:53][DEBUG] jax_fem: CuDSSNewtonSolver: initial residual = 6.891e+05
[06-24 14:15:53][DEBUG] jax_fem: JaxAssembledMixin: computing Jacobian on device
[06-24 14:15:53][DEBUG] jax_fem: Function split_and_compute_cell took 0.0275 seconds
[06-24 14:15:53][DEBUG] jax_fem: CuDSSNewtonSolver: iter=1  res=7.769e-06  rel=1.127e-11
[06-24 14:15:53][INFO] jax_fem: CuDSSNewtonSolver: solve finished in 0.09s  res=7.769e-06
[06-24 14:15:53][INFO] jax_fem: CuDSS backward: solving adjoint problem …
[06-24 14:15:53][DEBUG] jax_fem: JaxAssembledMixin: computing Jacobian on device
[06-24 14:15:53][DEBUG] jax_fem: Function split_and_compute_cell took 0.0399 seconds
[06-24 14:15:53][DEBUG] jax_fem: Computing cell residual...
[06-24 14:15:53][DEBUG] jax_fem: Function split_and_compute_cell took 0.0823 seconds
[06-24 14:15:53][INFO] jax_fem: CuDSS backward: solving adjoint problem …
[06-24 14:15:53][DEBUG] jax_fem: JaxAssembledMixin: computing Jacobian on device
[06-24 14:15:54][DEBUG] jax_fem: Function split_and_compute_cell took 0.0372 seconds
[06-24 14:15:54][DEBUG] jax_fem: Computing cell residual...
[06-24 14:15:54][DEBUG] jax_fem: Function split_and_compute_cell took 0.0668 seconds
[06-24 14:15:54][INFO] jax_fem: CuDSS backward: solving adjoint problem …
[06-24 14:15:54][DEBUG] jax_fem: JaxAssembledMixin: computing Jacobian on device
[06-24 14:15:54][DEBUG] jax_fem: Function split_and_compute_cell took 0.0319 seconds
[06-24 14:15:54][DEBUG] jax_fem: Computing cell residual...
[06-24 14:15:54][DEBUG] jax_fem: Function split_and_compute_cell took 0.0722 seconds
[06-24 14:15:54][INFO] jax_fem: CuDSS backward: solving adjoint problem …
[06-24 14:15:54][DEBUG] jax_fem: JaxAssembledMixin: computing Jacobian on device
[06-24 14:15:54][DEBUG] jax_fem: Function split_and_compute_cell took 0.0438 seconds
[06-24 14:15:54][DEBUG] jax_fem: Computing cell residual...
[06-24 14:15:55][DEBUG] jax_fem: Function split_and_compute_cell took 0.0677 seconds
[06-24 14:15:55][INFO] jax_fem: CuDSS backward: solving adjoint problem …
[06-24 14:15:55][DEBUG] jax_fem: JaxAssembledMixin: computing Jacobian on device
[06-24 14:15:55][DEBUG] jax_fem: Function split_and_compute_cell took 0.0525 seconds
[06-24 14:15:55][DEBUG] jax_fem: Computing cell residual...
[06-24 14:15:55][DEBUG] jax_fem: Function split_and_compute_cell took 0.0691 seconds
[06-24 14:15:57][DEBUG] jax_fem: CuDSSNewtonSolver: starting Newton loop
[06-24 14:15:57][DEBUG] jax_fem: JaxAssembledMixin: computing Jacobian on device
[06-24 14:15:57][DEBUG] jax_fem: Function split_and_compute_cell took 0.0461 seconds
[06-24 14:15:57][DEBUG] jax_fem: CuDSSNewtonSolver: initial residual = 7.216e+05
[06-24 14:15:57][DEBUG] jax_fem: JaxAssembledMixin: computing Jacobian on device
[06-24 14:15:57][DEBUG] jax_fem: Function split_and_compute_cell took 0.0387 seconds
[06-24 14:15:57][DEBUG] jax_fem: CuDSSNewtonSolver: iter=1  res=5.668e-06  rel=7.854e-12
[06-24 14:15:57][INFO] jax_fem: CuDSSNewtonSolver: solve finished in 0.13s  res=5.668e-06
[06-24 14:15:57][DEBUG] jax_fem: CuDSSNewtonSolver: starting Newton loop
[06-24 14:15:57][DEBUG] jax_fem: JaxAssembledMixin: computing Jacobian on device
[06-24 14:15:57][DEBUG] jax_fem: Function split_and_compute_cell took 0.0431 seconds
[06-24 14:15:57][DEBUG] jax_fem: CuDSSNewtonSolver: initial residual = 7.188e+05
[06-24 14:15:57][DEBUG] jax_fem: JaxAssembledMixin: computing Jacobian on device
[06-24 14:15:57][DEBUG] jax_fem: Function split_and_compute_cell took 0.0372 seconds
[06-24 14:15:57][DEBUG] jax_fem: CuDSSNewtonSolver: iter=1  res=7.050e-06  rel=9.807e-12
[06-24 14:15:57][INFO] jax_fem: CuDSSNewtonSolver: solve finished in 0.12s  res=7.050e-06
[06-24 14:15:58][DEBUG] jax_fem: CuDSSNewtonSolver: starting Newton loop
[06-24 14:15:58][DEBUG] jax_fem: JaxAssembledMixin: computing Jacobian on device
[06-24 14:15:58][DEBUG] jax_fem: Function split_and_compute_cell took 0.0256 seconds
[06-24 14:15:58][DEBUG] jax_fem: CuDSSNewtonSolver: initial residual = 7.101e+05
[06-24 14:15:58][DEBUG] jax_fem: JaxAssembledMixin: computing Jacobian on device
[06-24 14:15:58][DEBUG] jax_fem: Function split_and_compute_cell took 0.0320 seconds
[06-24 14:15:58][DEBUG] jax_fem: CuDSSNewtonSolver: iter=1  res=5.772e-06  rel=8.130e-12
[06-24 14:15:58][INFO] jax_fem: CuDSSNewtonSolver: solve finished in 0.10s  res=5.772e-06
[06-24 14:15:58][DEBUG] jax_fem: CuDSSNewtonSolver: starting Newton loop
[06-24 14:15:58][DEBUG] jax_fem: JaxAssembledMixin: computing Jacobian on device
[06-24 14:15:58][DEBUG] jax_fem: Function split_and_compute_cell took 0.0320 seconds
[06-24 14:15:58][DEBUG] jax_fem: CuDSSNewtonSolver: initial residual = 7.049e+05
[06-24 14:15:58][DEBUG] jax_fem: JaxAssembledMixin: computing Jacobian on device
[06-24 14:15:58][DEBUG] jax_fem: Function split_and_compute_cell took 0.0490 seconds
[06-24 14:15:58][DEBUG] jax_fem: CuDSSNewtonSolver: iter=1  res=6.939e-06  rel=9.844e-12
[06-24 14:15:58][INFO] jax_fem: CuDSSNewtonSolver: solve finished in 0.13s  res=6.939e-06
[06-24 14:15:59][DEBUG] jax_fem: CuDSSNewtonSolver: starting Newton loop
[06-24 14:15:59][DEBUG] jax_fem: JaxAssembledMixin: computing Jacobian on device
[06-24 14:15:59][DEBUG] jax_fem: Function split_and_compute_cell took 0.0655 seconds
[06-24 14:15:59][DEBUG] jax_fem: CuDSSNewtonSolver: initial residual = 6.891e+05
[06-24 14:15:59][DEBUG] jax_fem: JaxAssembledMixin: computing Jacobian on device
[06-24 14:15:59][DEBUG] jax_fem: Function split_and_compute_cell took 0.0573 seconds
[06-24 14:15:59][DEBUG] jax_fem: CuDSSNewtonSolver: iter=1  res=7.588e-06  rel=1.101e-11
[06-24 14:15:59][INFO] jax_fem: CuDSSNewtonSolver: solve finished in 0.17s  res=7.588e-06
[06-24 14:16:01][DEBUG] jax_fem: CuDSSNewtonSolver: starting Newton loop
[06-24 14:16:01][DEBUG] jax_fem: JaxAssembledMixin: computing Jacobian on device
[06-24 14:16:01][DEBUG] jax_fem: Function split_and_compute_cell took 0.0266 seconds
[06-24 14:16:01][DEBUG] jax_fem: CuDSSNewtonSolver: initial residual = 7.216e+05
[06-24 14:16:01][DEBUG] jax_fem: JaxAssembledMixin: computing Jacobian on device
[06-24 14:16:01][DEBUG] jax_fem: Function split_and_compute_cell took 0.0297 seconds
[06-24 14:16:01][DEBUG] jax_fem: CuDSSNewtonSolver: iter=1  res=5.867e-06  rel=8.130e-12
[06-24 14:16:01][INFO] jax_fem: CuDSSNewtonSolver: solve finished in 0.10s  res=5.867e-06
[06-24 14:16:01][DEBUG] jax_fem: CuDSSNewtonSolver: starting Newton loop
[06-24 14:16:01][DEBUG] jax_fem: JaxAssembledMixin: computing Jacobian on device
[06-24 14:16:01][DEBUG] jax_fem: Function split_and_compute_cell took 0.0261 seconds
[06-24 14:16:01][DEBUG] jax_fem: CuDSSNewtonSolver: initial residual = 7.188e+05
[06-24 14:16:01][DEBUG] jax_fem: JaxAssembledMixin: computing Jacobian on device
[06-24 14:16:01][DEBUG] jax_fem: Function split_and_compute_cell took 0.0262 seconds
[06-24 14:16:01][DEBUG] jax_fem: CuDSSNewtonSolver: iter=1  res=6.937e-06  rel=9.650e-12
[06-24 14:16:01][INFO] jax_fem: CuDSSNewtonSolver: solve finished in 0.09s  res=6.937e-06
[06-24 14:16:02][DEBUG] jax_fem: CuDSSNewtonSolver: starting Newton loop
[06-24 14:16:02][DEBUG] jax_fem: JaxAssembledMixin: computing Jacobian on device
[06-24 14:16:02][DEBUG] jax_fem: Function split_and_compute_cell took 0.0285 seconds
[06-24 14:16:02][DEBUG] jax_fem: CuDSSNewtonSolver: initial residual = 7.101e+05
[06-24 14:16:02][DEBUG] jax_fem: JaxAssembledMixin: computing Jacobian on device
[06-24 14:16:02][DEBUG] jax_fem: Function split_and_compute_cell took 0.0263 seconds
[06-24 14:16:02][DEBUG] jax_fem: CuDSSNewtonSolver: iter=1  res=5.859e-06  rel=8.252e-12
[06-24 14:16:02][INFO] jax_fem: CuDSSNewtonSolver: solve finished in 0.09s  res=5.859e-06
[06-24 14:16:03][DEBUG] jax_fem: CuDSSNewtonSolver: starting Newton loop
[06-24 14:16:03][DEBUG] jax_fem: JaxAssembledMixin: computing Jacobian on device
[06-24 14:16:03][DEBUG] jax_fem: Function split_and_compute_cell took 0.0276 seconds
[06-24 14:16:03][DEBUG] jax_fem: CuDSSNewtonSolver: initial residual = 7.049e+05
[06-24 14:16:03][DEBUG] jax_fem: JaxAssembledMixin: computing Jacobian on device
[06-24 14:16:03][DEBUG] jax_fem: Function split_and_compute_cell took 0.0272 seconds
[06-24 14:16:03][DEBUG] jax_fem: CuDSSNewtonSolver: iter=1  res=6.989e-06  rel=9.915e-12
[06-24 14:16:03][INFO] jax_fem: CuDSSNewtonSolver: solve finished in 0.09s  res=6.989e-06
[06-24 14:16:04][DEBUG] jax_fem: CuDSSNewtonSolver: starting Newton loop
[06-24 14:16:04][DEBUG] jax_fem: JaxAssembledMixin: computing Jacobian on device
[06-24 14:16:04][DEBUG] jax_fem: Function split_and_compute_cell took 0.0262 seconds
[06-24 14:16:04][DEBUG] jax_fem: CuDSSNewtonSolver: initial residual = 6.891e+05
[06-24 14:16:04][DEBUG] jax_fem: JaxAssembledMixin: computing Jacobian on device
[06-24 14:16:04][DEBUG] jax_fem: Function split_and_compute_cell took 0.0266 seconds
[06-24 14:16:04][DEBUG] jax_fem: CuDSSNewtonSolver: iter=1  res=7.916e-06  rel=1.149e-11
[06-24 14:16:04][INFO] jax_fem: CuDSSNewtonSolver: solve finished in 0.09s  res=7.916e-06
[06-24 14:16:04][INFO] jax_fem: CuDSS backward: solving adjoint problem …
[06-24 14:16:04][DEBUG] jax_fem: JaxAssembledMixin: computing Jacobian on device
[06-24 14:16:04][DEBUG] jax_fem: Function split_and_compute_cell took 0.0481 seconds
[06-24 14:16:04][DEBUG] jax_fem: Computing cell residual...
[06-24 14:16:04][DEBUG] jax_fem: Function split_and_compute_cell took 0.0737 seconds
[06-24 14:16:04][INFO] jax_fem: CuDSS backward: solving adjoint problem …
[06-24 14:16:04][DEBUG] jax_fem: JaxAssembledMixin: computing Jacobian on device
[06-24 14:16:05][DEBUG] jax_fem: Function split_and_compute_cell took 0.0537 seconds
[06-24 14:16:05][DEBUG] jax_fem: Computing cell residual...
[06-24 14:16:05][DEBUG] jax_fem: Function split_and_compute_cell took 0.0815 seconds
[06-24 14:16:05][INFO] jax_fem: CuDSS backward: solving adjoint problem …
[06-24 14:16:05][DEBUG] jax_fem: JaxAssembledMixin: computing Jacobian on device
[06-24 14:16:05][DEBUG] jax_fem: Function split_and_compute_cell took 0.0398 seconds
[06-24 14:16:05][DEBUG] jax_fem: Computing cell residual...
[06-24 14:16:05][DEBUG] jax_fem: Function split_and_compute_cell took 0.0665 seconds
[06-24 14:16:05][INFO] jax_fem: CuDSS backward: solving adjoint problem …
[06-24 14:16:05][DEBUG] jax_fem: JaxAssembledMixin: computing Jacobian on device
[06-24 14:16:05][DEBUG] jax_fem: Function split_and_compute_cell took 0.0574 seconds
[06-24 14:16:05][DEBUG] jax_fem: Computing cell residual...
[06-24 14:16:06][DEBUG] jax_fem: Function split_and_compute_cell took 0.0699 seconds
[06-24 14:16:06][INFO] jax_fem: CuDSS backward: solving adjoint problem …
[06-24 14:16:06][DEBUG] jax_fem: JaxAssembledMixin: computing Jacobian on device
[06-24 14:16:06][DEBUG] jax_fem: Function split_and_compute_cell took 0.0304 seconds
[06-24 14:16:06][DEBUG] jax_fem: Computing cell residual...
[06-24 14:16:06][DEBUG] jax_fem: Function split_and_compute_cell took 0.0678 seconds
[06-24 14:16:08][DEBUG] jax_fem: CuDSSNewtonSolver: starting Newton loop
[06-24 14:16:08][DEBUG] jax_fem: JaxAssembledMixin: computing Jacobian on device
[06-24 14:16:08][DEBUG] jax_fem: Function split_and_compute_cell took 0.0585 seconds
[06-24 14:16:08][DEBUG] jax_fem: CuDSSNewtonSolver: initial residual = 7.216e+05
[06-24 14:16:08][DEBUG] jax_fem: JaxAssembledMixin: computing Jacobian on device
[06-24 14:16:08][DEBUG] jax_fem: Function split_and_compute_cell took 0.0382 seconds
[06-24 14:16:08][DEBUG] jax_fem: CuDSSNewtonSolver: iter=1  res=5.724e-06  rel=7.932e-12
[06-24 14:16:08][INFO] jax_fem: CuDSSNewtonSolver: solve finished in 0.15s  res=5.724e-06
[06-24 14:16:08][DEBUG] jax_fem: CuDSSNewtonSolver: starting Newton loop
[06-24 14:16:08][DEBUG] jax_fem: JaxAssembledMixin: computing Jacobian on device
[06-24 14:16:08][DEBUG] jax_fem: Function split_and_compute_cell took 0.0245 seconds
[06-24 14:16:08][DEBUG] jax_fem: CuDSSNewtonSolver: initial residual = 7.188e+05
[06-24 14:16:08][DEBUG] jax_fem: JaxAssembledMixin: computing Jacobian on device
[06-24 14:16:08][DEBUG] jax_fem: Function split_and_compute_cell took 0.0297 seconds
[06-24 14:16:08][DEBUG] jax_fem: CuDSSNewtonSolver: iter=1  res=7.256e-06  rel=1.009e-11
[06-24 14:16:08][INFO] jax_fem: CuDSSNewtonSolver: solve finished in 0.09s  res=7.256e-06
[06-24 14:16:09][DEBUG] jax_fem: CuDSSNewtonSolver: starting Newton loop
[06-24 14:16:09][DEBUG] jax_fem: JaxAssembledMixin: computing Jacobian on device
[06-24 14:16:09][DEBUG] jax_fem: Function split_and_compute_cell took 0.0413 seconds
[06-24 14:16:09][DEBUG] jax_fem: CuDSSNewtonSolver: initial residual = 7.101e+05
[06-24 14:16:09][DEBUG] jax_fem: JaxAssembledMixin: computing Jacobian on device
[06-24 14:16:09][DEBUG] jax_fem: Function split_and_compute_cell took 0.0535 seconds
[06-24 14:16:09][DEBUG] jax_fem: CuDSSNewtonSolver: iter=1  res=6.063e-06  rel=8.539e-12
[06-24 14:16:09][INFO] jax_fem: CuDSSNewtonSolver: solve finished in 0.15s  res=6.063e-06
[06-24 14:16:09][DEBUG] jax_fem: CuDSSNewtonSolver: starting Newton loop
[06-24 14:16:09][DEBUG] jax_fem: JaxAssembledMixin: computing Jacobian on device
[06-24 14:16:09][DEBUG] jax_fem: Function split_and_compute_cell took 0.0549 seconds
[06-24 14:16:09][DEBUG] jax_fem: CuDSSNewtonSolver: initial residual = 7.049e+05
[06-24 14:16:09][DEBUG] jax_fem: JaxAssembledMixin: computing Jacobian on device
[06-24 14:16:09][DEBUG] jax_fem: Function split_and_compute_cell took 0.0372 seconds
[06-24 14:16:09][DEBUG] jax_fem: CuDSSNewtonSolver: iter=1  res=6.968e-06  rel=9.885e-12
[06-24 14:16:09][INFO] jax_fem: CuDSSNewtonSolver: solve finished in 0.14s  res=6.968e-06
[06-24 14:16:10][DEBUG] jax_fem: CuDSSNewtonSolver: starting Newton loop
[06-24 14:16:10][DEBUG] jax_fem: JaxAssembledMixin: computing Jacobian on device
[06-24 14:16:10][DEBUG] jax_fem: Function split_and_compute_cell took 0.0371 seconds
[06-24 14:16:10][DEBUG] jax_fem: CuDSSNewtonSolver: initial residual = 6.891e+05
[06-24 14:16:10][DEBUG] jax_fem: JaxAssembledMixin: computing Jacobian on device
[06-24 14:16:10][DEBUG] jax_fem: Function split_and_compute_cell took 0.0264 seconds
[06-24 14:16:10][DEBUG] jax_fem: CuDSSNewtonSolver: iter=1  res=7.517e-06  rel=1.091e-11
[06-24 14:16:10][INFO] jax_fem: CuDSSNewtonSolver: solve finished in 0.11s  res=7.517e-06
[06-24 14:16:12][DEBUG] jax_fem: CuDSSNewtonSolver: starting Newton loop
[06-24 14:16:12][DEBUG] jax_fem: JaxAssembledMixin: computing Jacobian on device
[06-24 14:16:12][DEBUG] jax_fem: Function split_and_compute_cell took 0.0259 seconds
[06-24 14:16:12][DEBUG] jax_fem: CuDSSNewtonSolver: initial residual = 7.216e+05
[06-24 14:16:12][DEBUG] jax_fem: JaxAssembledMixin: computing Jacobian on device
[06-24 14:16:12][DEBUG] jax_fem: Function split_and_compute_cell took 0.0242 seconds
[06-24 14:16:12][DEBUG] jax_fem: CuDSSNewtonSolver: iter=1  res=5.670e-06  rel=7.857e-12
[06-24 14:16:12][INFO] jax_fem: CuDSSNewtonSolver: solve finished in 0.09s  res=5.670e-06
[06-24 14:16:12][DEBUG] jax_fem: CuDSSNewtonSolver: starting Newton loop
[06-24 14:16:12][DEBUG] jax_fem: JaxAssembledMixin: computing Jacobian on device
[06-24 14:16:12][DEBUG] jax_fem: Function split_and_compute_cell took 0.0246 seconds
[06-24 14:16:12][DEBUG] jax_fem: CuDSSNewtonSolver: initial residual = 7.188e+05
[06-24 14:16:12][DEBUG] jax_fem: JaxAssembledMixin: computing Jacobian on device
[06-24 14:16:12][DEBUG] jax_fem: Function split_and_compute_cell took 0.0271 seconds
[06-24 14:16:12][DEBUG] jax_fem: CuDSSNewtonSolver: iter=1  res=7.078e-06  rel=9.846e-12
[06-24 14:16:12][INFO] jax_fem: CuDSSNewtonSolver: solve finished in 0.09s  res=7.078e-06
[06-24 14:16:13][DEBUG] jax_fem: CuDSSNewtonSolver: starting Newton loop
[06-24 14:16:13][DEBUG] jax_fem: JaxAssembledMixin: computing Jacobian on device
[06-24 14:16:13][DEBUG] jax_fem: Function split_and_compute_cell took 0.0297 seconds
[06-24 14:16:13][DEBUG] jax_fem: CuDSSNewtonSolver: initial residual = 7.101e+05
[06-24 14:16:13][DEBUG] jax_fem: JaxAssembledMixin: computing Jacobian on device
[06-24 14:16:13][DEBUG] jax_fem: Function split_and_compute_cell took 0.0281 seconds
[06-24 14:16:13][DEBUG] jax_fem: CuDSSNewtonSolver: iter=1  res=6.078e-06  rel=8.560e-12
[06-24 14:16:13][INFO] jax_fem: CuDSSNewtonSolver: solve finished in 0.10s  res=6.078e-06
[06-24 14:16:14][DEBUG] jax_fem: CuDSSNewtonSolver: starting Newton loop
[06-24 14:16:14][DEBUG] jax_fem: JaxAssembledMixin: computing Jacobian on device
[06-24 14:16:14][DEBUG] jax_fem: Function split_and_compute_cell took 0.0270 seconds
[06-24 14:16:14][DEBUG] jax_fem: CuDSSNewtonSolver: initial residual = 7.049e+05
[06-24 14:16:14][DEBUG] jax_fem: JaxAssembledMixin: computing Jacobian on device
[06-24 14:16:14][DEBUG] jax_fem: Function split_and_compute_cell took 0.0265 seconds
[06-24 14:16:14][DEBUG] jax_fem: CuDSSNewtonSolver: iter=1  res=6.873e-06  rel=9.750e-12
[06-24 14:16:14][INFO] jax_fem: CuDSSNewtonSolver: solve finished in 0.09s  res=6.873e-06
[06-24 14:16:15][DEBUG] jax_fem: CuDSSNewtonSolver: starting Newton loop
[06-24 14:16:15][DEBUG] jax_fem: JaxAssembledMixin: computing Jacobian on device
[06-24 14:16:15][DEBUG] jax_fem: Function split_and_compute_cell took 0.0280 seconds
[06-24 14:16:15][DEBUG] jax_fem: CuDSSNewtonSolver: initial residual = 6.891e+05
[06-24 14:16:15][DEBUG] jax_fem: JaxAssembledMixin: computing Jacobian on device
[06-24 14:16:15][DEBUG] jax_fem: Function split_and_compute_cell took 0.0266 seconds
[06-24 14:16:15][DEBUG] jax_fem: CuDSSNewtonSolver: iter=1  res=7.911e-06  rel=1.148e-11
[06-24 14:16:15][INFO] jax_fem: CuDSSNewtonSolver: solve finished in 0.09s  res=7.911e-06
[06-24 14:16:15][INFO] jax_fem: CuDSS backward: solving adjoint problem …
[06-24 14:16:15][DEBUG] jax_fem: JaxAssembledMixin: computing Jacobian on device
[06-24 14:16:15][DEBUG] jax_fem: Function split_and_compute_cell took 0.0500 seconds
[06-24 14:16:15][DEBUG] jax_fem: Computing cell residual...
[06-24 14:16:15][DEBUG] jax_fem: Function split_and_compute_cell took 0.0815 seconds
[06-24 14:16:15][INFO] jax_fem: CuDSS backward: solving adjoint problem …
[06-24 14:16:15][DEBUG] jax_fem: JaxAssembledMixin: computing Jacobian on device
[06-24 14:16:15][DEBUG] jax_fem: Function split_and_compute_cell took 0.0451 seconds
[06-24 14:16:15][DEBUG] jax_fem: Computing cell residual...
[06-24 14:16:15][DEBUG] jax_fem: Function split_and_compute_cell took 0.0707 seconds
[06-24 14:16:16][INFO] jax_fem: CuDSS backward: solving adjoint problem …
[06-24 14:16:16][DEBUG] jax_fem: JaxAssembledMixin: computing Jacobian on device
[06-24 14:16:16][DEBUG] jax_fem: Function split_and_compute_cell took 0.0384 seconds
[06-24 14:16:16][DEBUG] jax_fem: Computing cell residual...
[06-24 14:16:16][DEBUG] jax_fem: Function split_and_compute_cell took 0.0767 seconds
[06-24 14:16:16][INFO] jax_fem: CuDSS backward: solving adjoint problem …
[06-24 14:16:16][DEBUG] jax_fem: JaxAssembledMixin: computing Jacobian on device
[06-24 14:16:16][DEBUG] jax_fem: Function split_and_compute_cell took 0.0512 seconds
[06-24 14:16:16][DEBUG] jax_fem: Computing cell residual...
[06-24 14:16:16][DEBUG] jax_fem: Function split_and_compute_cell took 0.0637 seconds
[06-24 14:16:17][INFO] jax_fem: CuDSS backward: solving adjoint problem …
[06-24 14:16:17][DEBUG] jax_fem: JaxAssembledMixin: computing Jacobian on device
[06-24 14:16:17][DEBUG] jax_fem: Function split_and_compute_cell took 0.0552 seconds
[06-24 14:16:17][DEBUG] jax_fem: Computing cell residual...
[06-24 14:16:17][DEBUG] jax_fem: Function split_and_compute_cell took 0.0719 seconds
[06-24 14:16:19][DEBUG] jax_fem: CuDSSNewtonSolver: starting Newton loop
[06-24 14:16:19][DEBUG] jax_fem: JaxAssembledMixin: computing Jacobian on device
[06-24 14:16:19][DEBUG] jax_fem: Function split_and_compute_cell took 0.0317 seconds
[06-24 14:16:19][DEBUG] jax_fem: CuDSSNewtonSolver: initial residual = 7.216e+05
[06-24 14:16:19][DEBUG] jax_fem: JaxAssembledMixin: computing Jacobian on device
[06-24 14:16:19][DEBUG] jax_fem: Function split_and_compute_cell took 0.0393 seconds
[06-24 14:16:19][DEBUG] jax_fem: CuDSSNewtonSolver: iter=1  res=5.916e-06  rel=8.198e-12
[06-24 14:16:19][INFO] jax_fem: CuDSSNewtonSolver: solve finished in 0.12s  res=5.916e-06
[06-24 14:16:19][DEBUG] jax_fem: CuDSSNewtonSolver: starting Newton loop
[06-24 14:16:19][DEBUG] jax_fem: JaxAssembledMixin: computing Jacobian on device
[06-24 14:16:19][DEBUG] jax_fem: Function split_and_compute_cell took 0.0414 seconds
[06-24 14:16:19][DEBUG] jax_fem: CuDSSNewtonSolver: initial residual = 7.188e+05
[06-24 14:16:19][DEBUG] jax_fem: JaxAssembledMixin: computing Jacobian on device
[06-24 14:16:19][DEBUG] jax_fem: Function split_and_compute_cell took 0.0558 seconds
[06-24 14:16:19][DEBUG] jax_fem: CuDSSNewtonSolver: iter=1  res=7.074e-06  rel=9.841e-12
[06-24 14:16:19][INFO] jax_fem: CuDSSNewtonSolver: solve finished in 0.14s  res=7.074e-06
[06-24 14:16:19][DEBUG] jax_fem: CuDSSNewtonSolver: starting Newton loop
[06-24 14:16:19][DEBUG] jax_fem: JaxAssembledMixin: computing Jacobian on device
[06-24 14:16:20][DEBUG] jax_fem: Function split_and_compute_cell took 0.0413 seconds
[06-24 14:16:20][DEBUG] jax_fem: CuDSSNewtonSolver: initial residual = 7.101e+05
[06-24 14:16:20][DEBUG] jax_fem: JaxAssembledMixin: computing Jacobian on device
[06-24 14:16:20][DEBUG] jax_fem: Function split_and_compute_cell took 0.0427 seconds
[06-24 14:16:20][DEBUG] jax_fem: CuDSSNewtonSolver: iter=1  res=5.899e-06  rel=8.308e-12
[06-24 14:16:20][INFO] jax_fem: CuDSSNewtonSolver: solve finished in 0.13s  res=5.899e-06
[06-24 14:16:20][DEBUG] jax_fem: CuDSSNewtonSolver: starting Newton loop
[06-24 14:16:20][DEBUG] jax_fem: JaxAssembledMixin: computing Jacobian on device
[06-24 14:16:20][DEBUG] jax_fem: Function split_and_compute_cell took 0.0310 seconds
[06-24 14:16:20][DEBUG] jax_fem: CuDSSNewtonSolver: initial residual = 7.049e+05
[06-24 14:16:20][DEBUG] jax_fem: JaxAssembledMixin: computing Jacobian on device
[06-24 14:16:20][DEBUG] jax_fem: Function split_and_compute_cell took 0.0446 seconds
[06-24 14:16:20][DEBUG] jax_fem: CuDSSNewtonSolver: iter=1  res=6.936e-06  rel=9.840e-12
[06-24 14:16:20][INFO] jax_fem: CuDSSNewtonSolver: solve finished in 0.12s  res=6.936e-06
[06-24 14:16:20][DEBUG] jax_fem: CuDSSNewtonSolver: starting Newton loop
[06-24 14:16:20][DEBUG] jax_fem: JaxAssembledMixin: computing Jacobian on device
[06-24 14:16:20][DEBUG] jax_fem: Function split_and_compute_cell took 0.0222 seconds
[06-24 14:16:20][DEBUG] jax_fem: CuDSSNewtonSolver: initial residual = 6.891e+05
[06-24 14:16:20][DEBUG] jax_fem: JaxAssembledMixin: computing Jacobian on device
[06-24 14:16:20][DEBUG] jax_fem: Function split_and_compute_cell took 0.0276 seconds
[06-24 14:16:20][DEBUG] jax_fem: CuDSSNewtonSolver: iter=1  res=7.597e-06  rel=1.102e-11
[06-24 14:16:20][INFO] jax_fem: CuDSSNewtonSolver: solve finished in 0.09s  res=7.597e-06
[06-24 14:16:23][DEBUG] jax_fem: CuDSSNewtonSolver: starting Newton loop
[06-24 14:16:23][DEBUG] jax_fem: JaxAssembledMixin: computing Jacobian on device
[06-24 14:16:23][DEBUG] jax_fem: Function split_and_compute_cell took 0.0266 seconds
[06-24 14:16:23][DEBUG] jax_fem: CuDSSNewtonSolver: initial residual = 7.216e+05
[06-24 14:16:23][DEBUG] jax_fem: JaxAssembledMixin: computing Jacobian on device
[06-24 14:16:23][DEBUG] jax_fem: Function split_and_compute_cell took 0.0256 seconds
[06-24 14:16:23][DEBUG] jax_fem: CuDSSNewtonSolver: iter=1  res=5.845e-06  rel=8.100e-12
[06-24 14:16:23][INFO] jax_fem: CuDSSNewtonSolver: solve finished in 0.09s  res=5.845e-06
[06-24 14:16:23][DEBUG] jax_fem: CuDSSNewtonSolver: starting Newton loop
[06-24 14:16:23][DEBUG] jax_fem: JaxAssembledMixin: computing Jacobian on device
[06-24 14:16:23][DEBUG] jax_fem: Function split_and_compute_cell took 0.0264 seconds
[06-24 14:16:23][DEBUG] jax_fem: CuDSSNewtonSolver: initial residual = 7.188e+05
[06-24 14:16:23][DEBUG] jax_fem: JaxAssembledMixin: computing Jacobian on device
[06-24 14:16:23][DEBUG] jax_fem: Function split_and_compute_cell took 0.0270 seconds
[06-24 14:16:23][DEBUG] jax_fem: CuDSSNewtonSolver: iter=1  res=6.866e-06  rel=9.552e-12
[06-24 14:16:23][INFO] jax_fem: CuDSSNewtonSolver: solve finished in 0.09s  res=6.866e-06
[06-24 14:16:24][DEBUG] jax_fem: CuDSSNewtonSolver: starting Newton loop
[06-24 14:16:24][DEBUG] jax_fem: JaxAssembledMixin: computing Jacobian on device
[06-24 14:16:24][DEBUG] jax_fem: Function split_and_compute_cell took 0.0265 seconds
[06-24 14:16:24][DEBUG] jax_fem: CuDSSNewtonSolver: initial residual = 7.101e+05
[06-24 14:16:24][DEBUG] jax_fem: JaxAssembledMixin: computing Jacobian on device
[06-24 14:16:24][DEBUG] jax_fem: Function split_and_compute_cell took 0.0260 seconds
[06-24 14:16:24][DEBUG] jax_fem: CuDSSNewtonSolver: iter=1  res=5.982e-06  rel=8.425e-12
[06-24 14:16:24][INFO] jax_fem: CuDSSNewtonSolver: solve finished in 0.10s  res=5.982e-06
[06-24 14:16:25][DEBUG] jax_fem: CuDSSNewtonSolver: starting Newton loop
[06-24 14:16:25][DEBUG] jax_fem: JaxAssembledMixin: computing Jacobian on device
[06-24 14:16:25][DEBUG] jax_fem: Function split_and_compute_cell took 0.0280 seconds
[06-24 14:16:25][DEBUG] jax_fem: CuDSSNewtonSolver: initial residual = 7.049e+05
[06-24 14:16:25][DEBUG] jax_fem: JaxAssembledMixin: computing Jacobian on device
[06-24 14:16:25][DEBUG] jax_fem: Function split_and_compute_cell took 0.0265 seconds
[06-24 14:16:25][DEBUG] jax_fem: CuDSSNewtonSolver: iter=1  res=6.802e-06  rel=9.649e-12
[06-24 14:16:25][INFO] jax_fem: CuDSSNewtonSolver: solve finished in 0.09s  res=6.802e-06
[06-24 14:16:25][DEBUG] jax_fem: CuDSSNewtonSolver: starting Newton loop
[06-24 14:16:25][DEBUG] jax_fem: JaxAssembledMixin: computing Jacobian on device
[06-24 14:16:26][DEBUG] jax_fem: Function split_and_compute_cell took 0.0280 seconds
[06-24 14:16:26][DEBUG] jax_fem: CuDSSNewtonSolver: initial residual = 6.891e+05
[06-24 14:16:26][DEBUG] jax_fem: JaxAssembledMixin: computing Jacobian on device
[06-24 14:16:26][DEBUG] jax_fem: Function split_and_compute_cell took 0.0270 seconds
[06-24 14:16:26][DEBUG] jax_fem: CuDSSNewtonSolver: iter=1  res=7.689e-06  rel=1.116e-11
[06-24 14:16:26][INFO] jax_fem: CuDSSNewtonSolver: solve finished in 0.09s  res=7.689e-06
[06-24 14:16:26][INFO] jax_fem: CuDSS backward: solving adjoint problem …
[06-24 14:16:26][DEBUG] jax_fem: JaxAssembledMixin: computing Jacobian on device
[06-24 14:16:26][DEBUG] jax_fem: Function split_and_compute_cell took 0.0416 seconds
[06-24 14:16:26][DEBUG] jax_fem: Computing cell residual...
[06-24 14:16:26][DEBUG] jax_fem: Function split_and_compute_cell took 0.0679 seconds
[06-24 14:16:26][INFO] jax_fem: CuDSS backward: solving adjoint problem …
[06-24 14:16:26][DEBUG] jax_fem: JaxAssembledMixin: computing Jacobian on device
[06-24 14:16:26][DEBUG] jax_fem: Function split_and_compute_cell took 0.0363 seconds
[06-24 14:16:26][DEBUG] jax_fem: Computing cell residual...
[06-24 14:16:26][DEBUG] jax_fem: Function split_and_compute_cell took 0.0707 seconds
[06-24 14:16:27][INFO] jax_fem: CuDSS backward: solving adjoint problem …
[06-24 14:16:27][DEBUG] jax_fem: JaxAssembledMixin: computing Jacobian on device
[06-24 14:16:27][DEBUG] jax_fem: Function split_and_compute_cell took 0.0567 seconds
[06-24 14:16:27][DEBUG] jax_fem: Computing cell residual...
[06-24 14:16:27][DEBUG] jax_fem: Function split_and_compute_cell took 0.0832 seconds
[06-24 14:16:27][INFO] jax_fem: CuDSS backward: solving adjoint problem …
[06-24 14:16:27][DEBUG] jax_fem: JaxAssembledMixin: computing Jacobian on device
[06-24 14:16:27][DEBUG] jax_fem: Function split_and_compute_cell took 0.0444 seconds
[06-24 14:16:27][DEBUG] jax_fem: Computing cell residual...
[06-24 14:16:27][DEBUG] jax_fem: Function split_and_compute_cell took 0.0797 seconds
[06-24 14:16:27][INFO] jax_fem: CuDSS backward: solving adjoint problem …
[06-24 14:16:27][DEBUG] jax_fem: JaxAssembledMixin: computing Jacobian on device
[06-24 14:16:28][DEBUG] jax_fem: Function split_and_compute_cell took 0.0365 seconds
[06-24 14:16:28][DEBUG] jax_fem: Computing cell residual...
[06-24 14:16:28][DEBUG] jax_fem: Function split_and_compute_cell took 0.0732 seconds
[06-24 14:16:29][DEBUG] jax_fem: CuDSSNewtonSolver: starting Newton loop
[06-24 14:16:29][DEBUG] jax_fem: JaxAssembledMixin: computing Jacobian on device
[06-24 14:16:30][DEBUG] jax_fem: Function split_and_compute_cell took 0.0499 seconds
[06-24 14:16:30][DEBUG] jax_fem: CuDSSNewtonSolver: initial residual = 7.216e+05
[06-24 14:16:30][DEBUG] jax_fem: JaxAssembledMixin: computing Jacobian on device
[06-24 14:16:30][DEBUG] jax_fem: Function split_and_compute_cell took 0.0330 seconds
[06-24 14:16:30][DEBUG] jax_fem: CuDSSNewtonSolver: iter=1  res=5.674e-06  rel=7.863e-12
[06-24 14:16:30][INFO] jax_fem: CuDSSNewtonSolver: solve finished in 0.13s  res=5.674e-06
[06-24 14:16:30][DEBUG] jax_fem: CuDSSNewtonSolver: starting Newton loop
[06-24 14:16:30][DEBUG] jax_fem: JaxAssembledMixin: computing Jacobian on device
[06-24 14:16:30][DEBUG] jax_fem: Function split_and_compute_cell took 0.0500 seconds
[06-24 14:16:30][DEBUG] jax_fem: CuDSSNewtonSolver: initial residual = 7.188e+05
[06-24 14:16:30][DEBUG] jax_fem: JaxAssembledMixin: computing Jacobian on device
[06-24 14:16:30][DEBUG] jax_fem: Function split_and_compute_cell took 0.0431 seconds
[06-24 14:16:30][DEBUG] jax_fem: CuDSSNewtonSolver: iter=1  res=7.039e-06  rel=9.792e-12
[06-24 14:16:30][INFO] jax_fem: CuDSSNewtonSolver: solve finished in 0.14s  res=7.039e-06
[06-24 14:16:30][DEBUG] jax_fem: CuDSSNewtonSolver: starting Newton loop
[06-24 14:16:30][DEBUG] jax_fem: JaxAssembledMixin: computing Jacobian on device
[06-24 14:16:30][DEBUG] jax_fem: Function split_and_compute_cell took 0.0505 seconds
[06-24 14:16:30][DEBUG] jax_fem: CuDSSNewtonSolver: initial residual = 7.101e+05
[06-24 14:16:30][DEBUG] jax_fem: JaxAssembledMixin: computing Jacobian on device
[06-24 14:16:30][DEBUG] jax_fem: Function split_and_compute_cell took 0.0258 seconds
[06-24 14:16:30][DEBUG] jax_fem: CuDSSNewtonSolver: iter=1  res=6.055e-06  rel=8.528e-12
[06-24 14:16:30][INFO] jax_fem: CuDSSNewtonSolver: solve finished in 0.12s  res=6.055e-06
[06-24 14:16:31][DEBUG] jax_fem: CuDSSNewtonSolver: starting Newton loop
[06-24 14:16:31][DEBUG] jax_fem: JaxAssembledMixin: computing Jacobian on device
[06-24 14:16:31][DEBUG] jax_fem: Function split_and_compute_cell took 0.0508 seconds
[06-24 14:16:31][DEBUG] jax_fem: CuDSSNewtonSolver: initial residual = 7.049e+05
[06-24 14:16:31][DEBUG] jax_fem: JaxAssembledMixin: computing Jacobian on device
[06-24 14:16:31][DEBUG] jax_fem: Function split_and_compute_cell took 0.0539 seconds
[06-24 14:16:31][DEBUG] jax_fem: CuDSSNewtonSolver: iter=1  res=7.015e-06  rel=9.952e-12
[06-24 14:16:31][INFO] jax_fem: CuDSSNewtonSolver: solve finished in 0.15s  res=7.015e-06
[06-24 14:16:31][DEBUG] jax_fem: CuDSSNewtonSolver: starting Newton loop
[06-24 14:16:31][DEBUG] jax_fem: JaxAssembledMixin: computing Jacobian on device
[06-24 14:16:31][DEBUG] jax_fem: Function split_and_compute_cell took 0.0498 seconds
[06-24 14:16:31][DEBUG] jax_fem: CuDSSNewtonSolver: initial residual = 6.891e+05
[06-24 14:16:31][DEBUG] jax_fem: JaxAssembledMixin: computing Jacobian on device
[06-24 14:16:31][DEBUG] jax_fem: Function split_and_compute_cell took 0.0462 seconds
[06-24 14:16:31][DEBUG] jax_fem: CuDSSNewtonSolver: iter=1  res=7.457e-06  rel=1.082e-11
[06-24 14:16:31][INFO] jax_fem: CuDSSNewtonSolver: solve finished in 0.14s  res=7.457e-06
[06-24 14:16:33][DEBUG] jax_fem: CuDSSNewtonSolver: starting Newton loop
[06-24 14:16:33][DEBUG] jax_fem: JaxAssembledMixin: computing Jacobian on device
[06-24 14:16:33][DEBUG] jax_fem: Function split_and_compute_cell took 0.0284 seconds
[06-24 14:16:33][DEBUG] jax_fem: CuDSSNewtonSolver: initial residual = 7.216e+05
[06-24 14:16:33][DEBUG] jax_fem: JaxAssembledMixin: computing Jacobian on device
[06-24 14:16:33][DEBUG] jax_fem: Function split_and_compute_cell took 0.0267 seconds
[06-24 14:16:33][DEBUG] jax_fem: CuDSSNewtonSolver: iter=1  res=5.869e-06  rel=8.133e-12
[06-24 14:16:33][INFO] jax_fem: CuDSSNewtonSolver: solve finished in 0.09s  res=5.869e-06
[06-24 14:16:34][DEBUG] jax_fem: CuDSSNewtonSolver: starting Newton loop
[06-24 14:16:34][DEBUG] jax_fem: JaxAssembledMixin: computing Jacobian on device
[06-24 14:16:34][DEBUG] jax_fem: Function split_and_compute_cell took 0.0275 seconds
[06-24 14:16:34][DEBUG] jax_fem: CuDSSNewtonSolver: initial residual = 7.188e+05
[06-24 14:16:34][DEBUG] jax_fem: JaxAssembledMixin: computing Jacobian on device
[06-24 14:16:34][DEBUG] jax_fem: Function split_and_compute_cell took 0.0270 seconds
[06-24 14:16:34][DEBUG] jax_fem: CuDSSNewtonSolver: iter=1  res=7.160e-06  rel=9.961e-12
[06-24 14:16:34][INFO] jax_fem: CuDSSNewtonSolver: solve finished in 0.09s  res=7.160e-06
[06-24 14:16:35][DEBUG] jax_fem: CuDSSNewtonSolver: starting Newton loop
[06-24 14:16:35][DEBUG] jax_fem: JaxAssembledMixin: computing Jacobian on device
[06-24 14:16:35][DEBUG] jax_fem: Function split_and_compute_cell took 0.0244 seconds
[06-24 14:16:35][DEBUG] jax_fem: CuDSSNewtonSolver: initial residual = 7.101e+05
[06-24 14:16:35][DEBUG] jax_fem: JaxAssembledMixin: computing Jacobian on device
[06-24 14:16:35][DEBUG] jax_fem: Function split_and_compute_cell took 0.0247 seconds
[06-24 14:16:35][DEBUG] jax_fem: CuDSSNewtonSolver: iter=1  res=5.860e-06  rel=8.252e-12
[06-24 14:16:35][INFO] jax_fem: CuDSSNewtonSolver: solve finished in 0.09s  res=5.860e-06
[06-24 14:16:36][DEBUG] jax_fem: CuDSSNewtonSolver: starting Newton loop
[06-24 14:16:36][DEBUG] jax_fem: JaxAssembledMixin: computing Jacobian on device
[06-24 14:16:36][DEBUG] jax_fem: Function split_and_compute_cell took 0.0273 seconds
[06-24 14:16:36][DEBUG] jax_fem: CuDSSNewtonSolver: initial residual = 7.049e+05
[06-24 14:16:36][DEBUG] jax_fem: JaxAssembledMixin: computing Jacobian on device
[06-24 14:16:36][DEBUG] jax_fem: Function split_and_compute_cell took 0.0270 seconds
[06-24 14:16:36][DEBUG] jax_fem: CuDSSNewtonSolver: iter=1  res=6.999e-06  rel=9.928e-12
[06-24 14:16:36][INFO] jax_fem: CuDSSNewtonSolver: solve finished in 0.09s  res=6.999e-06
[06-24 14:16:36][DEBUG] jax_fem: CuDSSNewtonSolver: starting Newton loop
[06-24 14:16:36][DEBUG] jax_fem: JaxAssembledMixin: computing Jacobian on device
[06-24 14:16:36][DEBUG] jax_fem: Function split_and_compute_cell took 0.0274 seconds
[06-24 14:16:36][DEBUG] jax_fem: CuDSSNewtonSolver: initial residual = 6.891e+05
[06-24 14:16:36][DEBUG] jax_fem: JaxAssembledMixin: computing Jacobian on device
[06-24 14:16:36][DEBUG] jax_fem: Function split_and_compute_cell took 0.0278 seconds
[06-24 14:16:36][DEBUG] jax_fem: CuDSSNewtonSolver: iter=1  res=8.125e-06  rel=1.179e-11
[06-24 14:16:36][INFO] jax_fem: CuDSSNewtonSolver: solve finished in 0.09s  res=8.125e-06
[06-24 14:16:36][INFO] jax_fem: CuDSS backward: solving adjoint problem …
[06-24 14:16:36][DEBUG] jax_fem: JaxAssembledMixin: computing Jacobian on device
[06-24 14:16:36][DEBUG] jax_fem: Function split_and_compute_cell took 0.0439 seconds
[06-24 14:16:37][DEBUG] jax_fem: Computing cell residual...
[06-24 14:16:37][DEBUG] jax_fem: Function split_and_compute_cell took 0.0782 seconds
[06-24 14:16:37][INFO] jax_fem: CuDSS backward: solving adjoint problem …
[06-24 14:16:37][DEBUG] jax_fem: JaxAssembledMixin: computing Jacobian on device
[06-24 14:16:37][DEBUG] jax_fem: Function split_and_compute_cell took 0.0514 seconds
[06-24 14:16:37][DEBUG] jax_fem: Computing cell residual...
[06-24 14:16:37][DEBUG] jax_fem: Function split_and_compute_cell took 0.0773 seconds
[06-24 14:16:37][INFO] jax_fem: CuDSS backward: solving adjoint problem …
[06-24 14:16:37][DEBUG] jax_fem: JaxAssembledMixin: computing Jacobian on device
[06-24 14:16:37][DEBUG] jax_fem: Function split_and_compute_cell took 0.0259 seconds
[06-24 14:16:37][DEBUG] jax_fem: Computing cell residual...
[06-24 14:16:38][DEBUG] jax_fem: Function split_and_compute_cell took 0.0687 seconds
[06-24 14:16:38][INFO] jax_fem: CuDSS backward: solving adjoint problem …
[06-24 14:16:38][DEBUG] jax_fem: JaxAssembledMixin: computing Jacobian on device
[06-24 14:16:38][DEBUG] jax_fem: Function split_and_compute_cell took 0.0365 seconds
[06-24 14:16:38][DEBUG] jax_fem: Computing cell residual...
[06-24 14:16:38][DEBUG] jax_fem: Function split_and_compute_cell took 0.0708 seconds
[06-24 14:16:38][INFO] jax_fem: CuDSS backward: solving adjoint problem …
[06-24 14:16:38][DEBUG] jax_fem: JaxAssembledMixin: computing Jacobian on device
[06-24 14:16:38][DEBUG] jax_fem: Function split_and_compute_cell took 0.0630 seconds
[06-24 14:16:38][DEBUG] jax_fem: Computing cell residual...
[06-24 14:16:38][DEBUG] jax_fem: Function split_and_compute_cell took 0.0679 seconds
[06-24 14:16:40][DEBUG] jax_fem: CuDSSNewtonSolver: starting Newton loop
[06-24 14:16:40][DEBUG] jax_fem: JaxAssembledMixin: computing Jacobian on device
[06-24 14:16:40][DEBUG] jax_fem: Function split_and_compute_cell took 0.0466 seconds
[06-24 14:16:40][DEBUG] jax_fem: CuDSSNewtonSolver: initial residual = 7.216e+05
[06-24 14:16:40][DEBUG] jax_fem: JaxAssembledMixin: computing Jacobian on device
[06-24 14:16:40][DEBUG] jax_fem: Function split_and_compute_cell took 0.0572 seconds
[06-24 14:16:40][DEBUG] jax_fem: CuDSSNewtonSolver: iter=1  res=5.875e-06  rel=8.141e-12
[06-24 14:16:40][INFO] jax_fem: CuDSSNewtonSolver: solve finished in 0.15s  res=5.875e-06
[06-24 14:16:41][DEBUG] jax_fem: CuDSSNewtonSolver: starting Newton loop
[06-24 14:16:41][DEBUG] jax_fem: JaxAssembledMixin: computing Jacobian on device
[06-24 14:16:41][DEBUG] jax_fem: Function split_and_compute_cell took 0.0395 seconds
[06-24 14:16:41][DEBUG] jax_fem: CuDSSNewtonSolver: initial residual = 7.188e+05
[06-24 14:16:41][DEBUG] jax_fem: JaxAssembledMixin: computing Jacobian on device
[06-24 14:16:41][DEBUG] jax_fem: Function split_and_compute_cell took 0.0354 seconds
[06-24 14:16:41][DEBUG] jax_fem: CuDSSNewtonSolver: iter=1  res=7.260e-06  rel=1.010e-11
[06-24 14:16:41][INFO] jax_fem: CuDSSNewtonSolver: solve finished in 0.12s  res=7.260e-06
[06-24 14:16:41][DEBUG] jax_fem: CuDSSNewtonSolver: starting Newton loop
[06-24 14:16:41][DEBUG] jax_fem: JaxAssembledMixin: computing Jacobian on device
[06-24 14:16:41][DEBUG] jax_fem: Function split_and_compute_cell took 0.0393 seconds
[06-24 14:16:41][DEBUG] jax_fem: CuDSSNewtonSolver: initial residual = 7.101e+05
[06-24 14:16:41][DEBUG] jax_fem: JaxAssembledMixin: computing Jacobian on device
[06-24 14:16:41][DEBUG] jax_fem: Function split_and_compute_cell took 0.0477 seconds
[06-24 14:16:41][DEBUG] jax_fem: CuDSSNewtonSolver: iter=1  res=6.049e-06  rel=8.519e-12
[06-24 14:16:41][INFO] jax_fem: CuDSSNewtonSolver: solve finished in 0.13s  res=6.049e-06
[06-24 14:16:41][DEBUG] jax_fem: CuDSSNewtonSolver: starting Newton loop
[06-24 14:16:41][DEBUG] jax_fem: JaxAssembledMixin: computing Jacobian on device
[06-24 14:16:41][DEBUG] jax_fem: Function split_and_compute_cell took 0.0323 seconds
[06-24 14:16:41][DEBUG] jax_fem: CuDSSNewtonSolver: initial residual = 7.049e+05
[06-24 14:16:42][DEBUG] jax_fem: JaxAssembledMixin: computing Jacobian on device
[06-24 14:16:42][DEBUG] jax_fem: Function split_and_compute_cell took 0.0534 seconds
[06-24 14:16:42][DEBUG] jax_fem: CuDSSNewtonSolver: iter=1  res=6.919e-06  rel=9.815e-12
[06-24 14:16:42][INFO] jax_fem: CuDSSNewtonSolver: solve finished in 0.13s  res=6.919e-06
[06-24 14:16:42][DEBUG] jax_fem: CuDSSNewtonSolver: starting Newton loop
[06-24 14:16:42][DEBUG] jax_fem: JaxAssembledMixin: computing Jacobian on device
[06-24 14:16:42][DEBUG] jax_fem: Function split_and_compute_cell took 0.0459 seconds
[06-24 14:16:42][DEBUG] jax_fem: CuDSSNewtonSolver: initial residual = 6.891e+05
[06-24 14:16:42][DEBUG] jax_fem: JaxAssembledMixin: computing Jacobian on device
[06-24 14:16:42][DEBUG] jax_fem: Function split_and_compute_cell took 0.0282 seconds
[06-24 14:16:42][DEBUG] jax_fem: CuDSSNewtonSolver: iter=1  res=7.417e-06  rel=1.076e-11
[06-24 14:16:42][INFO] jax_fem: CuDSSNewtonSolver: solve finished in 0.11s  res=7.417e-06
[06-24 14:16:44][DEBUG] jax_fem: CuDSSNewtonSolver: starting Newton loop
[06-24 14:16:44][DEBUG] jax_fem: JaxAssembledMixin: computing Jacobian on device
[06-24 14:16:44][DEBUG] jax_fem: Function split_and_compute_cell took 0.0268 seconds
[06-24 14:16:44][DEBUG] jax_fem: CuDSSNewtonSolver: initial residual = 7.216e+05
[06-24 14:16:44][DEBUG] jax_fem: JaxAssembledMixin: computing Jacobian on device
[06-24 14:16:44][DEBUG] jax_fem: Function split_and_compute_cell took 0.0277 seconds
[06-24 14:16:44][DEBUG] jax_fem: CuDSSNewtonSolver: iter=1  res=5.825e-06  rel=8.073e-12
[06-24 14:16:44][INFO] jax_fem: CuDSSNewtonSolver: solve finished in 0.09s  res=5.825e-06
[06-24 14:16:45][DEBUG] jax_fem: CuDSSNewtonSolver: starting Newton loop
[06-24 14:16:45][DEBUG] jax_fem: JaxAssembledMixin: computing Jacobian on device
[06-24 14:16:45][DEBUG] jax_fem: Function split_and_compute_cell took 0.0260 seconds
[06-24 14:16:45][DEBUG] jax_fem: CuDSSNewtonSolver: initial residual = 7.188e+05
[06-24 14:16:45][DEBUG] jax_fem: JaxAssembledMixin: computing Jacobian on device
[06-24 14:16:45][DEBUG] jax_fem: Function split_and_compute_cell took 0.0251 seconds
[06-24 14:16:45][DEBUG] jax_fem: CuDSSNewtonSolver: iter=1  res=7.144e-06  rel=9.938e-12
[06-24 14:16:45][INFO] jax_fem: CuDSSNewtonSolver: solve finished in 0.09s  res=7.144e-06
[06-24 14:16:45][DEBUG] jax_fem: CuDSSNewtonSolver: starting Newton loop
[06-24 14:16:45][DEBUG] jax_fem: JaxAssembledMixin: computing Jacobian on device
[06-24 14:16:45][DEBUG] jax_fem: Function split_and_compute_cell took 0.0250 seconds
[06-24 14:16:45][DEBUG] jax_fem: CuDSSNewtonSolver: initial residual = 7.101e+05
[06-24 14:16:45][DEBUG] jax_fem: JaxAssembledMixin: computing Jacobian on device
[06-24 14:16:45][DEBUG] jax_fem: Function split_and_compute_cell took 0.0280 seconds
[06-24 14:16:45][DEBUG] jax_fem: CuDSSNewtonSolver: iter=1  res=6.001e-06  rel=8.451e-12
[06-24 14:16:45][INFO] jax_fem: CuDSSNewtonSolver: solve finished in 0.09s  res=6.001e-06
[06-24 14:16:46][DEBUG] jax_fem: CuDSSNewtonSolver: starting Newton loop
[06-24 14:16:46][DEBUG] jax_fem: JaxAssembledMixin: computing Jacobian on device
[06-24 14:16:46][DEBUG] jax_fem: Function split_and_compute_cell took 0.0283 seconds
[06-24 14:16:46][DEBUG] jax_fem: CuDSSNewtonSolver: initial residual = 7.049e+05
[06-24 14:16:46][DEBUG] jax_fem: JaxAssembledMixin: computing Jacobian on device
[06-24 14:16:46][DEBUG] jax_fem: Function split_and_compute_cell took 0.0264 seconds
[06-24 14:16:46][DEBUG] jax_fem: CuDSSNewtonSolver: iter=1  res=6.996e-06  rel=9.925e-12
[06-24 14:16:46][INFO] jax_fem: CuDSSNewtonSolver: solve finished in 0.11s  res=6.996e-06
[06-24 14:16:47][DEBUG] jax_fem: CuDSSNewtonSolver: starting Newton loop
[06-24 14:16:47][DEBUG] jax_fem: JaxAssembledMixin: computing Jacobian on device
[06-24 14:16:47][DEBUG] jax_fem: Function split_and_compute_cell took 0.0267 seconds
[06-24 14:16:47][DEBUG] jax_fem: CuDSSNewtonSolver: initial residual = 6.891e+05
[06-24 14:16:47][DEBUG] jax_fem: JaxAssembledMixin: computing Jacobian on device
[06-24 14:16:47][DEBUG] jax_fem: Function split_and_compute_cell took 0.0260 seconds
[06-24 14:16:47][DEBUG] jax_fem: CuDSSNewtonSolver: iter=1  res=7.327e-06  rel=1.063e-11
[06-24 14:16:47][INFO] jax_fem: CuDSSNewtonSolver: solve finished in 0.09s  res=7.327e-06
[06-24 14:16:47][INFO] jax_fem: CuDSS backward: solving adjoint problem …
[06-24 14:16:47][DEBUG] jax_fem: JaxAssembledMixin: computing Jacobian on device
[06-24 14:16:47][DEBUG] jax_fem: Function split_and_compute_cell took 0.0531 seconds
[06-24 14:16:47][DEBUG] jax_fem: Computing cell residual...
[06-24 14:16:47][DEBUG] jax_fem: Function split_and_compute_cell took 0.0843 seconds
[06-24 14:16:48][INFO] jax_fem: CuDSS backward: solving adjoint problem …
[06-24 14:16:48][DEBUG] jax_fem: JaxAssembledMixin: computing Jacobian on device
[06-24 14:16:48][DEBUG] jax_fem: Function split_and_compute_cell took 0.0430 seconds
[06-24 14:16:48][DEBUG] jax_fem: Computing cell residual...
[06-24 14:16:48][DEBUG] jax_fem: Function split_and_compute_cell took 0.0591 seconds
[06-24 14:16:48][INFO] jax_fem: CuDSS backward: solving adjoint problem …
[06-24 14:16:48][DEBUG] jax_fem: JaxAssembledMixin: computing Jacobian on device
[06-24 14:16:48][DEBUG] jax_fem: Function split_and_compute_cell took 0.0481 seconds
[06-24 14:16:48][DEBUG] jax_fem: Computing cell residual...
[06-24 14:16:48][DEBUG] jax_fem: Function split_and_compute_cell took 0.0652 seconds
[06-24 14:16:49][INFO] jax_fem: CuDSS backward: solving adjoint problem …
[06-24 14:16:49][DEBUG] jax_fem: JaxAssembledMixin: computing Jacobian on device
[06-24 14:16:49][DEBUG] jax_fem: Function split_and_compute_cell took 0.0260 seconds
[06-24 14:16:49][DEBUG] jax_fem: Computing cell residual...
[06-24 14:16:49][DEBUG] jax_fem: Function split_and_compute_cell took 0.0647 seconds
[06-24 14:16:49][INFO] jax_fem: CuDSS backward: solving adjoint problem …
[06-24 14:16:49][DEBUG] jax_fem: JaxAssembledMixin: computing Jacobian on device
[06-24 14:16:49][DEBUG] jax_fem: Function split_and_compute_cell took 0.0440 seconds
[06-24 14:16:49][DEBUG] jax_fem: Computing cell residual...
[06-24 14:16:49][DEBUG] jax_fem: Function split_and_compute_cell took 0.0752 seconds
[06-24 14:16:51][DEBUG] jax_fem: CuDSSNewtonSolver: starting Newton loop
[06-24 14:16:51][DEBUG] jax_fem: JaxAssembledMixin: computing Jacobian on device
[06-24 14:16:51][DEBUG] jax_fem: Function split_and_compute_cell took 0.0392 seconds
[06-24 14:16:51][DEBUG] jax_fem: CuDSSNewtonSolver: initial residual = 7.216e+05
[06-24 14:16:51][DEBUG] jax_fem: JaxAssembledMixin: computing Jacobian on device
[06-24 14:16:51][DEBUG] jax_fem: Function split_and_compute_cell took 0.0247 seconds
[06-24 14:16:51][DEBUG] jax_fem: CuDSSNewtonSolver: iter=1  res=5.933e-06  rel=8.222e-12
[06-24 14:16:51][INFO] jax_fem: CuDSSNewtonSolver: solve finished in 0.11s  res=5.933e-06
[06-24 14:16:51][DEBUG] jax_fem: CuDSSNewtonSolver: starting Newton loop
[06-24 14:16:51][DEBUG] jax_fem: JaxAssembledMixin: computing Jacobian on device
[06-24 14:16:51][DEBUG] jax_fem: Function split_and_compute_cell took 0.0519 seconds
[06-24 14:16:51][DEBUG] jax_fem: CuDSSNewtonSolver: initial residual = 7.188e+05
[06-24 14:16:51][DEBUG] jax_fem: JaxAssembledMixin: computing Jacobian on device
[06-24 14:16:51][DEBUG] jax_fem: Function split_and_compute_cell took 0.0507 seconds
[06-24 14:16:51][DEBUG] jax_fem: CuDSSNewtonSolver: iter=1  res=7.009e-06  rel=9.750e-12
[06-24 14:16:51][INFO] jax_fem: CuDSSNewtonSolver: solve finished in 0.15s  res=7.009e-06
[06-24 14:16:52][DEBUG] jax_fem: CuDSSNewtonSolver: starting Newton loop
[06-24 14:16:52][DEBUG] jax_fem: JaxAssembledMixin: computing Jacobian on device
[06-24 14:16:52][DEBUG] jax_fem: Function split_and_compute_cell took 0.0444 seconds
[06-24 14:16:52][DEBUG] jax_fem: CuDSSNewtonSolver: initial residual = 7.101e+05
[06-24 14:16:52][DEBUG] jax_fem: JaxAssembledMixin: computing Jacobian on device
[06-24 14:16:52][DEBUG] jax_fem: Function split_and_compute_cell took 0.0407 seconds
[06-24 14:16:52][DEBUG] jax_fem: CuDSSNewtonSolver: iter=1  res=6.134e-06  rel=8.639e-12
[06-24 14:16:52][INFO] jax_fem: CuDSSNewtonSolver: solve finished in 0.13s  res=6.134e-06
[06-24 14:16:52][DEBUG] jax_fem: CuDSSNewtonSolver: starting Newton loop
[06-24 14:16:52][DEBUG] jax_fem: JaxAssembledMixin: computing Jacobian on device
[06-24 14:16:52][DEBUG] jax_fem: Function split_and_compute_cell took 0.0476 seconds
[06-24 14:16:52][DEBUG] jax_fem: CuDSSNewtonSolver: initial residual = 7.049e+05
[06-24 14:16:52][DEBUG] jax_fem: JaxAssembledMixin: computing Jacobian on device
[06-24 14:16:52][DEBUG] jax_fem: Function split_and_compute_cell took 0.0389 seconds
[06-24 14:16:52][DEBUG] jax_fem: CuDSSNewtonSolver: iter=1  res=6.951e-06  rel=9.860e-12
[06-24 14:16:52][INFO] jax_fem: CuDSSNewtonSolver: solve finished in 0.13s  res=6.951e-06
[06-24 14:16:53][DEBUG] jax_fem: CuDSSNewtonSolver: starting Newton loop
[06-24 14:16:53][DEBUG] jax_fem: JaxAssembledMixin: computing Jacobian on device
[06-24 14:16:53][DEBUG] jax_fem: Function split_and_compute_cell took 0.0640 seconds
[06-24 14:16:53][DEBUG] jax_fem: CuDSSNewtonSolver: initial residual = 6.891e+05
[06-24 14:16:53][DEBUG] jax_fem: JaxAssembledMixin: computing Jacobian on device
[06-24 14:16:53][DEBUG] jax_fem: Function split_and_compute_cell took 0.0632 seconds
[06-24 14:16:53][DEBUG] jax_fem: CuDSSNewtonSolver: iter=1  res=7.658e-06  rel=1.111e-11
[06-24 14:16:53][INFO] jax_fem: CuDSSNewtonSolver: solve finished in 0.18s  res=7.658e-06
[06-24 14:16:55][DEBUG] jax_fem: CuDSSNewtonSolver: starting Newton loop
[06-24 14:16:55][DEBUG] jax_fem: JaxAssembledMixin: computing Jacobian on device
[06-24 14:16:55][DEBUG] jax_fem: Function split_and_compute_cell took 0.0246 seconds
[06-24 14:16:55][DEBUG] jax_fem: CuDSSNewtonSolver: initial residual = 7.216e+05
[06-24 14:16:55][DEBUG] jax_fem: JaxAssembledMixin: computing Jacobian on device
[06-24 14:16:55][DEBUG] jax_fem: Function split_and_compute_cell took 0.0289 seconds
[06-24 14:16:55][DEBUG] jax_fem: CuDSSNewtonSolver: iter=1  res=5.808e-06  rel=8.048e-12
[06-24 14:16:55][INFO] jax_fem: CuDSSNewtonSolver: solve finished in 0.09s  res=5.808e-06
[06-24 14:16:55][DEBUG] jax_fem: CuDSSNewtonSolver: starting Newton loop
[06-24 14:16:55][DEBUG] jax_fem: JaxAssembledMixin: computing Jacobian on device
[06-24 14:16:56][DEBUG] jax_fem: Function split_and_compute_cell took 0.0274 seconds
[06-24 14:16:56][DEBUG] jax_fem: CuDSSNewtonSolver: initial residual = 7.188e+05
[06-24 14:16:56][DEBUG] jax_fem: JaxAssembledMixin: computing Jacobian on device
[06-24 14:16:56][DEBUG] jax_fem: Function split_and_compute_cell took 0.0274 seconds
[06-24 14:16:56][DEBUG] jax_fem: CuDSSNewtonSolver: iter=1  res=7.064e-06  rel=9.827e-12
[06-24 14:16:56][INFO] jax_fem: CuDSSNewtonSolver: solve finished in 0.09s  res=7.064e-06
[06-24 14:16:56][DEBUG] jax_fem: CuDSSNewtonSolver: starting Newton loop
[06-24 14:16:56][DEBUG] jax_fem: JaxAssembledMixin: computing Jacobian on device
[06-24 14:16:56][DEBUG] jax_fem: Function split_and_compute_cell took 0.0266 seconds
[06-24 14:16:56][DEBUG] jax_fem: CuDSSNewtonSolver: initial residual = 7.101e+05
[06-24 14:16:56][DEBUG] jax_fem: JaxAssembledMixin: computing Jacobian on device
[06-24 14:16:56][DEBUG] jax_fem: Function split_and_compute_cell took 0.0260 seconds
[06-24 14:16:56][DEBUG] jax_fem: CuDSSNewtonSolver: iter=1  res=5.930e-06  rel=8.352e-12
[06-24 14:16:56][INFO] jax_fem: CuDSSNewtonSolver: solve finished in 0.09s  res=5.930e-06
[06-24 14:16:57][DEBUG] jax_fem: CuDSSNewtonSolver: starting Newton loop
[06-24 14:16:57][DEBUG] jax_fem: JaxAssembledMixin: computing Jacobian on device
[06-24 14:16:57][DEBUG] jax_fem: Function split_and_compute_cell took 0.0279 seconds
[06-24 14:16:57][DEBUG] jax_fem: CuDSSNewtonSolver: initial residual = 7.049e+05
[06-24 14:16:57][DEBUG] jax_fem: JaxAssembledMixin: computing Jacobian on device
[06-24 14:16:57][DEBUG] jax_fem: Function split_and_compute_cell took 0.0270 seconds
[06-24 14:16:57][DEBUG] jax_fem: CuDSSNewtonSolver: iter=1  res=6.919e-06  rel=9.815e-12
[06-24 14:16:57][INFO] jax_fem: CuDSSNewtonSolver: solve finished in 0.09s  res=6.919e-06
[06-24 14:16:58][DEBUG] jax_fem: CuDSSNewtonSolver: starting Newton loop
[06-24 14:16:58][DEBUG] jax_fem: JaxAssembledMixin: computing Jacobian on device
[06-24 14:16:58][DEBUG] jax_fem: Function split_and_compute_cell took 0.0264 seconds
[06-24 14:16:58][DEBUG] jax_fem: CuDSSNewtonSolver: initial residual = 6.891e+05
[06-24 14:16:58][DEBUG] jax_fem: JaxAssembledMixin: computing Jacobian on device
[06-24 14:16:58][DEBUG] jax_fem: Function split_and_compute_cell took 0.0272 seconds
[06-24 14:16:58][DEBUG] jax_fem: CuDSSNewtonSolver: iter=1  res=7.732e-06  rel=1.122e-11
[06-24 14:16:58][INFO] jax_fem: CuDSSNewtonSolver: solve finished in 0.09s  res=7.732e-06
[06-24 14:16:58][INFO] jax_fem: CuDSS backward: solving adjoint problem …
[06-24 14:16:58][DEBUG] jax_fem: JaxAssembledMixin: computing Jacobian on device
[06-24 14:16:58][DEBUG] jax_fem: Function split_and_compute_cell took 0.0353 seconds
[06-24 14:16:58][DEBUG] jax_fem: Computing cell residual...
[06-24 14:16:58][DEBUG] jax_fem: Function split_and_compute_cell took 0.0767 seconds
[06-24 14:16:58][INFO] jax_fem: CuDSS backward: solving adjoint problem …
[06-24 14:16:58][DEBUG] jax_fem: JaxAssembledMixin: computing Jacobian on device
[06-24 14:16:58][DEBUG] jax_fem: Function split_and_compute_cell took 0.0418 seconds
[06-24 14:16:58][DEBUG] jax_fem: Computing cell residual...
[06-24 14:16:58][DEBUG] jax_fem: Function split_and_compute_cell took 0.0788 seconds
[06-24 14:16:59][INFO] jax_fem: CuDSS backward: solving adjoint problem …
[06-24 14:16:59][DEBUG] jax_fem: JaxAssembledMixin: computing Jacobian on device
[06-24 14:16:59][DEBUG] jax_fem: Function split_and_compute_cell took 0.0554 seconds
[06-24 14:16:59][DEBUG] jax_fem: Computing cell residual...
[06-24 14:16:59][DEBUG] jax_fem: Function split_and_compute_cell took 0.0745 seconds
[06-24 14:16:59][INFO] jax_fem: CuDSS backward: solving adjoint problem …
[06-24 14:16:59][DEBUG] jax_fem: JaxAssembledMixin: computing Jacobian on device
[06-24 14:16:59][DEBUG] jax_fem: Function split_and_compute_cell took 0.0258 seconds
[06-24 14:16:59][DEBUG] jax_fem: Computing cell residual...
[06-24 14:16:59][DEBUG] jax_fem: Function split_and_compute_cell took 0.0681 seconds
[06-24 14:17:00][INFO] jax_fem: CuDSS backward: solving adjoint problem …
[06-24 14:17:00][DEBUG] jax_fem: JaxAssembledMixin: computing Jacobian on device
[06-24 14:17:00][DEBUG] jax_fem: Function split_and_compute_cell took 0.0499 seconds
[06-24 14:17:00][DEBUG] jax_fem: Computing cell residual...
[06-24 14:17:00][DEBUG] jax_fem: Function split_and_compute_cell took 0.0662 seconds
[06-24 14:17:02][DEBUG] jax_fem: CuDSSNewtonSolver: starting Newton loop
[06-24 14:17:02][DEBUG] jax_fem: JaxAssembledMixin: computing Jacobian on device
[06-24 14:17:02][DEBUG] jax_fem: Function split_and_compute_cell took 0.0315 seconds
[06-24 14:17:02][DEBUG] jax_fem: CuDSSNewtonSolver: initial residual = 7.216e+05
[06-24 14:17:02][DEBUG] jax_fem: JaxAssembledMixin: computing Jacobian on device
[06-24 14:17:02][DEBUG] jax_fem: Function split_and_compute_cell took 0.0574 seconds
[06-24 14:17:02][DEBUG] jax_fem: CuDSSNewtonSolver: iter=1  res=5.836e-06  rel=8.087e-12
[06-24 14:17:02][INFO] jax_fem: CuDSSNewtonSolver: solve finished in 0.13s  res=5.836e-06
[06-24 14:17:02][DEBUG] jax_fem: CuDSSNewtonSolver: starting Newton loop
[06-24 14:17:02][DEBUG] jax_fem: JaxAssembledMixin: computing Jacobian on device
[06-24 14:17:02][DEBUG] jax_fem: Function split_and_compute_cell took 0.0494 seconds
[06-24 14:17:02][DEBUG] jax_fem: CuDSSNewtonSolver: initial residual = 7.188e+05
[06-24 14:17:02][DEBUG] jax_fem: JaxAssembledMixin: computing Jacobian on device
[06-24 14:17:02][DEBUG] jax_fem: Function split_and_compute_cell took 0.0231 seconds
[06-24 14:17:02][DEBUG] jax_fem: CuDSSNewtonSolver: iter=1  res=7.147e-06  rel=9.942e-12
[06-24 14:17:02][INFO] jax_fem: CuDSSNewtonSolver: solve finished in 0.11s  res=7.147e-06
[06-24 14:17:02][DEBUG] jax_fem: CuDSSNewtonSolver: starting Newton loop
[06-24 14:17:02][DEBUG] jax_fem: JaxAssembledMixin: computing Jacobian on device
[06-24 14:17:03][DEBUG] jax_fem: Function split_and_compute_cell took 0.0439 seconds
[06-24 14:17:03][DEBUG] jax_fem: CuDSSNewtonSolver: initial residual = 7.101e+05
[06-24 14:17:03][DEBUG] jax_fem: JaxAssembledMixin: computing Jacobian on device
[06-24 14:17:03][DEBUG] jax_fem: Function split_and_compute_cell took 0.0492 seconds
[06-24 14:17:03][DEBUG] jax_fem: CuDSSNewtonSolver: iter=1  res=6.029e-06  rel=8.491e-12
[06-24 14:17:03][INFO] jax_fem: CuDSSNewtonSolver: solve finished in 0.14s  res=6.029e-06
[06-24 14:17:03][DEBUG] jax_fem: CuDSSNewtonSolver: starting Newton loop
[06-24 14:17:03][DEBUG] jax_fem: JaxAssembledMixin: computing Jacobian on device
[06-24 14:17:03][DEBUG] jax_fem: Function split_and_compute_cell took 0.0568 seconds
[06-24 14:17:03][DEBUG] jax_fem: CuDSSNewtonSolver: initial residual = 7.049e+05
[06-24 14:17:03][DEBUG] jax_fem: JaxAssembledMixin: computing Jacobian on device
[06-24 14:17:03][DEBUG] jax_fem: Function split_and_compute_cell took 0.0620 seconds
[06-24 14:17:03][DEBUG] jax_fem: CuDSSNewtonSolver: iter=1  res=6.766e-06  rel=9.598e-12
[06-24 14:17:03][INFO] jax_fem: CuDSSNewtonSolver: solve finished in 0.17s  res=6.766e-06
[06-24 14:17:03][DEBUG] jax_fem: CuDSSNewtonSolver: starting Newton loop
[06-24 14:17:03][DEBUG] jax_fem: JaxAssembledMixin: computing Jacobian on device
[06-24 14:17:04][DEBUG] jax_fem: Function split_and_compute_cell took 0.0473 seconds
[06-24 14:17:04][DEBUG] jax_fem: CuDSSNewtonSolver: initial residual = 6.891e+05
[06-24 14:17:04][DEBUG] jax_fem: JaxAssembledMixin: computing Jacobian on device
[06-24 14:17:04][DEBUG] jax_fem: Function split_and_compute_cell took 0.0453 seconds
[06-24 14:17:04][DEBUG] jax_fem: CuDSSNewtonSolver: iter=1  res=7.622e-06  rel=1.106e-11
[06-24 14:17:04][INFO] jax_fem: CuDSSNewtonSolver: solve finished in 0.14s  res=7.622e-06
[06-24 14:17:06][DEBUG] jax_fem: CuDSSNewtonSolver: starting Newton loop
[06-24 14:17:06][DEBUG] jax_fem: JaxAssembledMixin: computing Jacobian on device
[06-24 14:17:06][DEBUG] jax_fem: Function split_and_compute_cell took 0.0261 seconds
[06-24 14:17:06][DEBUG] jax_fem: CuDSSNewtonSolver: initial residual = 7.216e+05
[06-24 14:17:06][DEBUG] jax_fem: JaxAssembledMixin: computing Jacobian on device
[06-24 14:17:06][DEBUG] jax_fem: Function split_and_compute_cell took 0.0263 seconds
[06-24 14:17:06][DEBUG] jax_fem: CuDSSNewtonSolver: iter=1  res=5.917e-06  rel=8.200e-12
[06-24 14:17:06][INFO] jax_fem: CuDSSNewtonSolver: solve finished in 0.09s  res=5.917e-06
[06-24 14:17:06][DEBUG] jax_fem: CuDSSNewtonSolver: starting Newton loop
[06-24 14:17:06][DEBUG] jax_fem: JaxAssembledMixin: computing Jacobian on device
[06-24 14:17:06][DEBUG] jax_fem: Function split_and_compute_cell took 0.0272 seconds
[06-24 14:17:06][DEBUG] jax_fem: CuDSSNewtonSolver: initial residual = 7.188e+05
[06-24 14:17:06][DEBUG] jax_fem: JaxAssembledMixin: computing Jacobian on device
[06-24 14:17:06][DEBUG] jax_fem: Function split_and_compute_cell took 0.0274 seconds
[06-24 14:17:06][DEBUG] jax_fem: CuDSSNewtonSolver: iter=1  res=6.917e-06  rel=9.623e-12
[06-24 14:17:06][INFO] jax_fem: CuDSSNewtonSolver: solve finished in 0.09s  res=6.917e-06
[06-24 14:17:07][DEBUG] jax_fem: CuDSSNewtonSolver: starting Newton loop
[06-24 14:17:07][DEBUG] jax_fem: JaxAssembledMixin: computing Jacobian on device
[06-24 14:17:07][DEBUG] jax_fem: Function split_and_compute_cell took 0.0278 seconds
[06-24 14:17:07][DEBUG] jax_fem: CuDSSNewtonSolver: initial residual = 7.101e+05
[06-24 14:17:07][DEBUG] jax_fem: JaxAssembledMixin: computing Jacobian on device
[06-24 14:17:07][DEBUG] jax_fem: Function split_and_compute_cell took 0.0265 seconds
[06-24 14:17:07][DEBUG] jax_fem: CuDSSNewtonSolver: iter=1  res=5.901e-06  rel=8.310e-12
[06-24 14:17:07][INFO] jax_fem: CuDSSNewtonSolver: solve finished in 0.10s  res=5.901e-06
[06-24 14:17:08][DEBUG] jax_fem: CuDSSNewtonSolver: starting Newton loop
[06-24 14:17:08][DEBUG] jax_fem: JaxAssembledMixin: computing Jacobian on device
[06-24 14:17:08][DEBUG] jax_fem: Function split_and_compute_cell took 0.0271 seconds
[06-24 14:17:08][DEBUG] jax_fem: CuDSSNewtonSolver: initial residual = 7.049e+05
[06-24 14:17:08][DEBUG] jax_fem: JaxAssembledMixin: computing Jacobian on device
[06-24 14:17:08][DEBUG] jax_fem: Function split_and_compute_cell took 0.0277 seconds
[06-24 14:17:08][DEBUG] jax_fem: CuDSSNewtonSolver: iter=1  res=6.859e-06  rel=9.731e-12
[06-24 14:17:08][INFO] jax_fem: CuDSSNewtonSolver: solve finished in 0.09s  res=6.859e-06
[06-24 14:17:09][DEBUG] jax_fem: CuDSSNewtonSolver: starting Newton loop
[06-24 14:17:09][DEBUG] jax_fem: JaxAssembledMixin: computing Jacobian on device
[06-24 14:17:09][DEBUG] jax_fem: Function split_and_compute_cell took 0.0269 seconds
[06-24 14:17:09][DEBUG] jax_fem: CuDSSNewtonSolver: initial residual = 6.891e+05
[06-24 14:17:09][DEBUG] jax_fem: JaxAssembledMixin: computing Jacobian on device
[06-24 14:17:09][DEBUG] jax_fem: Function split_and_compute_cell took 0.0270 seconds
[06-24 14:17:09][DEBUG] jax_fem: CuDSSNewtonSolver: iter=1  res=7.451e-06  rel=1.081e-11
[06-24 14:17:09][INFO] jax_fem: CuDSSNewtonSolver: solve finished in 0.09s  res=7.451e-06
[06-24 14:17:09][INFO] jax_fem: CuDSS backward: solving adjoint problem …
[06-24 14:17:09][DEBUG] jax_fem: JaxAssembledMixin: computing Jacobian on device
[06-24 14:17:09][DEBUG] jax_fem: Function split_and_compute_cell took 0.0512 seconds
[06-24 14:17:09][DEBUG] jax_fem: Computing cell residual...
[06-24 14:17:09][DEBUG] jax_fem: Function split_and_compute_cell took 0.0663 seconds
[06-24 14:17:09][INFO] jax_fem: CuDSS backward: solving adjoint problem …
[06-24 14:17:09][DEBUG] jax_fem: JaxAssembledMixin: computing Jacobian on device
[06-24 14:17:09][DEBUG] jax_fem: Function split_and_compute_cell took 0.0551 seconds
[06-24 14:17:09][DEBUG] jax_fem: Computing cell residual...
[06-24 14:17:09][DEBUG] jax_fem: Function split_and_compute_cell took 0.0599 seconds
[06-24 14:17:10][INFO] jax_fem: CuDSS backward: solving adjoint problem …
[06-24 14:17:10][DEBUG] jax_fem: JaxAssembledMixin: computing Jacobian on device
[06-24 14:17:10][DEBUG] jax_fem: Function split_and_compute_cell took 0.0404 seconds
[06-24 14:17:10][DEBUG] jax_fem: Computing cell residual...
[06-24 14:17:10][DEBUG] jax_fem: Function split_and_compute_cell took 0.0691 seconds
[06-24 14:17:10][INFO] jax_fem: CuDSS backward: solving adjoint problem …
[06-24 14:17:10][DEBUG] jax_fem: JaxAssembledMixin: computing Jacobian on device
[06-24 14:17:10][DEBUG] jax_fem: Function split_and_compute_cell took 0.0476 seconds
[06-24 14:17:10][DEBUG] jax_fem: Computing cell residual...
[06-24 14:17:10][DEBUG] jax_fem: Function split_and_compute_cell took 0.0757 seconds
[06-24 14:17:11][INFO] jax_fem: CuDSS backward: solving adjoint problem …
[06-24 14:17:11][DEBUG] jax_fem: JaxAssembledMixin: computing Jacobian on device
[06-24 14:17:11][DEBUG] jax_fem: Function split_and_compute_cell took 0.0451 seconds
[06-24 14:17:11][DEBUG] jax_fem: Computing cell residual...
[06-24 14:17:11][DEBUG] jax_fem: Function split_and_compute_cell took 0.0640 seconds
[06-24 14:17:13][DEBUG] jax_fem: CuDSSNewtonSolver: starting Newton loop
[06-24 14:17:13][DEBUG] jax_fem: JaxAssembledMixin: computing Jacobian on device
[06-24 14:17:13][DEBUG] jax_fem: Function split_and_compute_cell took 0.0637 seconds
[06-24 14:17:13][DEBUG] jax_fem: CuDSSNewtonSolver: initial residual = 7.216e+05
[06-24 14:17:13][DEBUG] jax_fem: JaxAssembledMixin: computing Jacobian on device
[06-24 14:17:13][DEBUG] jax_fem: Function split_and_compute_cell took 0.0535 seconds
[06-24 14:17:13][DEBUG] jax_fem: CuDSSNewtonSolver: iter=1  res=5.683e-06  rel=7.875e-12
[06-24 14:17:13][INFO] jax_fem: CuDSSNewtonSolver: solve finished in 0.16s  res=5.683e-06
[06-24 14:17:13][DEBUG] jax_fem: CuDSSNewtonSolver: starting Newton loop
[06-24 14:17:13][DEBUG] jax_fem: JaxAssembledMixin: computing Jacobian on device
[06-24 14:17:13][DEBUG] jax_fem: Function split_and_compute_cell took 0.0401 seconds
[06-24 14:17:13][DEBUG] jax_fem: CuDSSNewtonSolver: initial residual = 7.188e+05
[06-24 14:17:13][DEBUG] jax_fem: JaxAssembledMixin: computing Jacobian on device
[06-24 14:17:13][DEBUG] jax_fem: Function split_and_compute_cell took 0.0285 seconds
[06-24 14:17:13][DEBUG] jax_fem: CuDSSNewtonSolver: iter=1  res=7.117e-06  rel=9.901e-12
[06-24 14:17:13][INFO] jax_fem: CuDSSNewtonSolver: solve finished in 0.11s  res=7.117e-06
[06-24 14:17:14][DEBUG] jax_fem: CuDSSNewtonSolver: starting Newton loop
[06-24 14:17:14][DEBUG] jax_fem: JaxAssembledMixin: computing Jacobian on device
[06-24 14:17:14][DEBUG] jax_fem: Function split_and_compute_cell took 0.0364 seconds
[06-24 14:17:14][DEBUG] jax_fem: CuDSSNewtonSolver: initial residual = 7.101e+05
[06-24 14:17:14][DEBUG] jax_fem: JaxAssembledMixin: computing Jacobian on device
[06-24 14:17:14][DEBUG] jax_fem: Function split_and_compute_cell took 0.0430 seconds
[06-24 14:17:14][DEBUG] jax_fem: CuDSSNewtonSolver: iter=1  res=5.891e-06  rel=8.297e-12
[06-24 14:17:14][INFO] jax_fem: CuDSSNewtonSolver: solve finished in 0.12s  res=5.891e-06
[06-24 14:17:14][DEBUG] jax_fem: CuDSSNewtonSolver: starting Newton loop
[06-24 14:17:14][DEBUG] jax_fem: JaxAssembledMixin: computing Jacobian on device
[06-24 14:17:14][DEBUG] jax_fem: Function split_and_compute_cell took 0.0346 seconds
[06-24 14:17:14][DEBUG] jax_fem: CuDSSNewtonSolver: initial residual = 7.049e+05
[06-24 14:17:14][DEBUG] jax_fem: JaxAssembledMixin: computing Jacobian on device
[06-24 14:17:14][DEBUG] jax_fem: Function split_and_compute_cell took 0.0244 seconds
[06-24 14:17:14][DEBUG] jax_fem: CuDSSNewtonSolver: iter=1  res=6.760e-06  rel=9.589e-12
[06-24 14:17:14][INFO] jax_fem: CuDSSNewtonSolver: solve finished in 0.10s  res=6.760e-06
[06-24 14:17:14][DEBUG] jax_fem: CuDSSNewtonSolver: starting Newton loop
[06-24 14:17:14][DEBUG] jax_fem: JaxAssembledMixin: computing Jacobian on device
[06-24 14:17:15][DEBUG] jax_fem: Function split_and_compute_cell took 0.0520 seconds
[06-24 14:17:15][DEBUG] jax_fem: CuDSSNewtonSolver: initial residual = 6.891e+05
[06-24 14:17:15][DEBUG] jax_fem: JaxAssembledMixin: computing Jacobian on device
[06-24 14:17:15][DEBUG] jax_fem: Function split_and_compute_cell took 0.0494 seconds
[06-24 14:17:15][DEBUG] jax_fem: CuDSSNewtonSolver: iter=1  res=7.616e-06  rel=1.105e-11
[06-24 14:17:15][INFO] jax_fem: CuDSSNewtonSolver: solve finished in 0.15s  res=7.616e-06
[06-24 14:17:16][DEBUG] jax_fem: CuDSSNewtonSolver: starting Newton loop
[06-24 14:17:16][DEBUG] jax_fem: JaxAssembledMixin: computing Jacobian on device
[06-24 14:17:17][DEBUG] jax_fem: Function split_and_compute_cell took 0.0278 seconds
[06-24 14:17:17][DEBUG] jax_fem: CuDSSNewtonSolver: initial residual = 7.216e+05
[06-24 14:17:17][DEBUG] jax_fem: JaxAssembledMixin: computing Jacobian on device
[06-24 14:17:17][DEBUG] jax_fem: Function split_and_compute_cell took 0.0279 seconds
[06-24 14:17:17][DEBUG] jax_fem: CuDSSNewtonSolver: iter=1  res=5.855e-06  rel=8.113e-12
[06-24 14:17:17][INFO] jax_fem: CuDSSNewtonSolver: solve finished in 0.09s  res=5.855e-06
[06-24 14:17:17][DEBUG] jax_fem: CuDSSNewtonSolver: starting Newton loop
[06-24 14:17:17][DEBUG] jax_fem: JaxAssembledMixin: computing Jacobian on device
[06-24 14:17:17][DEBUG] jax_fem: Function split_and_compute_cell took 0.0268 seconds
[06-24 14:17:17][DEBUG] jax_fem: CuDSSNewtonSolver: initial residual = 7.188e+05
[06-24 14:17:17][DEBUG] jax_fem: JaxAssembledMixin: computing Jacobian on device
[06-24 14:17:17][DEBUG] jax_fem: Function split_and_compute_cell took 0.0251 seconds
[06-24 14:17:17][DEBUG] jax_fem: CuDSSNewtonSolver: iter=1  res=7.273e-06  rel=1.012e-11
[06-24 14:17:17][INFO] jax_fem: CuDSSNewtonSolver: solve finished in 0.09s  res=7.273e-06
[06-24 14:17:18][DEBUG] jax_fem: CuDSSNewtonSolver: starting Newton loop
[06-24 14:17:18][DEBUG] jax_fem: JaxAssembledMixin: computing Jacobian on device
[06-24 14:17:18][DEBUG] jax_fem: Function split_and_compute_cell took 0.0263 seconds
[06-24 14:17:18][DEBUG] jax_fem: CuDSSNewtonSolver: initial residual = 7.101e+05
[06-24 14:17:18][DEBUG] jax_fem: JaxAssembledMixin: computing Jacobian on device
[06-24 14:17:18][DEBUG] jax_fem: Function split_and_compute_cell took 0.0258 seconds
[06-24 14:17:18][DEBUG] jax_fem: CuDSSNewtonSolver: iter=1  res=5.881e-06  rel=8.283e-12
[06-24 14:17:18][INFO] jax_fem: CuDSSNewtonSolver: solve finished in 0.09s  res=5.881e-06
[06-24 14:17:19][DEBUG] jax_fem: CuDSSNewtonSolver: starting Newton loop
[06-24 14:17:19][DEBUG] jax_fem: JaxAssembledMixin: computing Jacobian on device
[06-24 14:17:19][DEBUG] jax_fem: Function split_and_compute_cell took 0.0264 seconds
[06-24 14:17:19][DEBUG] jax_fem: CuDSSNewtonSolver: initial residual = 7.049e+05
[06-24 14:17:19][DEBUG] jax_fem: JaxAssembledMixin: computing Jacobian on device
[06-24 14:17:19][DEBUG] jax_fem: Function split_and_compute_cell took 0.0258 seconds
[06-24 14:17:19][DEBUG] jax_fem: CuDSSNewtonSolver: iter=1  res=7.009e-06  rel=9.943e-12
[06-24 14:17:19][INFO] jax_fem: CuDSSNewtonSolver: solve finished in 0.09s  res=7.009e-06
[06-24 14:17:20][DEBUG] jax_fem: CuDSSNewtonSolver: starting Newton loop
[06-24 14:17:20][DEBUG] jax_fem: JaxAssembledMixin: computing Jacobian on device
[06-24 14:17:20][DEBUG] jax_fem: Function split_and_compute_cell took 0.0278 seconds
[06-24 14:17:20][DEBUG] jax_fem: CuDSSNewtonSolver: initial residual = 6.891e+05
[06-24 14:17:20][DEBUG] jax_fem: JaxAssembledMixin: computing Jacobian on device
[06-24 14:17:20][DEBUG] jax_fem: Function split_and_compute_cell took 0.0265 seconds
[06-24 14:17:20][DEBUG] jax_fem: CuDSSNewtonSolver: iter=1  res=7.574e-06  rel=1.099e-11
[06-24 14:17:20][INFO] jax_fem: CuDSSNewtonSolver: solve finished in 0.10s  res=7.574e-06
[06-24 14:17:20][INFO] jax_fem: CuDSS backward: solving adjoint problem …
[06-24 14:17:20][DEBUG] jax_fem: JaxAssembledMixin: computing Jacobian on device
[06-24 14:17:20][DEBUG] jax_fem: Function split_and_compute_cell took 0.0455 seconds
[06-24 14:17:20][DEBUG] jax_fem: Computing cell residual...
[06-24 14:17:20][DEBUG] jax_fem: Function split_and_compute_cell took 0.0772 seconds
[06-24 14:17:20][INFO] jax_fem: CuDSS backward: solving adjoint problem …
[06-24 14:17:20][DEBUG] jax_fem: JaxAssembledMixin: computing Jacobian on device
[06-24 14:17:20][DEBUG] jax_fem: Function split_and_compute_cell took 0.0370 seconds
[06-24 14:17:20][DEBUG] jax_fem: Computing cell residual...
[06-24 14:17:20][DEBUG] jax_fem: Function split_and_compute_cell took 0.0811 seconds
[06-24 14:17:21][INFO] jax_fem: CuDSS backward: solving adjoint problem …
[06-24 14:17:21][DEBUG] jax_fem: JaxAssembledMixin: computing Jacobian on device
[06-24 14:17:21][DEBUG] jax_fem: Function split_and_compute_cell took 0.0572 seconds
[06-24 14:17:21][DEBUG] jax_fem: Computing cell residual...
[06-24 14:17:21][DEBUG] jax_fem: Function split_and_compute_cell took 0.0718 seconds
[06-24 14:17:21][INFO] jax_fem: CuDSS backward: solving adjoint problem …
[06-24 14:17:21][DEBUG] jax_fem: JaxAssembledMixin: computing Jacobian on device
[06-24 14:17:21][DEBUG] jax_fem: Function split_and_compute_cell took 0.0460 seconds
[06-24 14:17:21][DEBUG] jax_fem: Computing cell residual...
[06-24 14:17:21][DEBUG] jax_fem: Function split_and_compute_cell took 0.0736 seconds
[06-24 14:17:22][INFO] jax_fem: CuDSS backward: solving adjoint problem …
[06-24 14:17:22][DEBUG] jax_fem: JaxAssembledMixin: computing Jacobian on device
[06-24 14:17:22][DEBUG] jax_fem: Function split_and_compute_cell took 0.0366 seconds
[06-24 14:17:22][DEBUG] jax_fem: Computing cell residual...
[06-24 14:17:22][DEBUG] jax_fem: Function split_and_compute_cell took 0.0648 seconds
[06-24 14:17:24][DEBUG] jax_fem: CuDSSNewtonSolver: starting Newton loop
[06-24 14:17:24][DEBUG] jax_fem: JaxAssembledMixin: computing Jacobian on device
[06-24 14:17:24][DEBUG] jax_fem: Function split_and_compute_cell took 0.0433 seconds
[06-24 14:17:24][DEBUG] jax_fem: CuDSSNewtonSolver: initial residual = 7.216e+05
[06-24 14:17:24][DEBUG] jax_fem: JaxAssembledMixin: computing Jacobian on device
[06-24 14:17:24][DEBUG] jax_fem: Function split_and_compute_cell took 0.0491 seconds
[06-24 14:17:24][DEBUG] jax_fem: CuDSSNewtonSolver: iter=1  res=5.887e-06  rel=8.158e-12
[06-24 14:17:24][INFO] jax_fem: CuDSSNewtonSolver: solve finished in 0.14s  res=5.887e-06
[06-24 14:17:24][DEBUG] jax_fem: CuDSSNewtonSolver: starting Newton loop
[06-24 14:17:24][DEBUG] jax_fem: JaxAssembledMixin: computing Jacobian on device
[06-24 14:17:24][DEBUG] jax_fem: Function split_and_compute_cell took 0.0553 seconds
[06-24 14:17:24][DEBUG] jax_fem: CuDSSNewtonSolver: initial residual = 7.188e+05
[06-24 14:17:24][DEBUG] jax_fem: JaxAssembledMixin: computing Jacobian on device
[06-24 14:17:24][DEBUG] jax_fem: Function split_and_compute_cell took 0.0485 seconds
[06-24 14:17:24][DEBUG] jax_fem: CuDSSNewtonSolver: iter=1  res=7.107e-06  rel=9.887e-12
[06-24 14:17:24][INFO] jax_fem: CuDSSNewtonSolver: solve finished in 0.15s  res=7.107e-06
[06-24 14:17:24][DEBUG] jax_fem: CuDSSNewtonSolver: starting Newton loop
[06-24 14:17:24][DEBUG] jax_fem: JaxAssembledMixin: computing Jacobian on device
[06-24 14:17:25][DEBUG] jax_fem: Function split_and_compute_cell took 0.0351 seconds
[06-24 14:17:25][DEBUG] jax_fem: CuDSSNewtonSolver: initial residual = 7.101e+05
[06-24 14:17:25][DEBUG] jax_fem: JaxAssembledMixin: computing Jacobian on device
[06-24 14:17:25][DEBUG] jax_fem: Function split_and_compute_cell took 0.0612 seconds
[06-24 14:17:25][DEBUG] jax_fem: CuDSSNewtonSolver: iter=1  res=5.871e-06  rel=8.268e-12
[06-24 14:17:25][INFO] jax_fem: CuDSSNewtonSolver: solve finished in 0.14s  res=5.871e-06
[06-24 14:17:25][DEBUG] jax_fem: CuDSSNewtonSolver: starting Newton loop
[06-24 14:17:25][DEBUG] jax_fem: JaxAssembledMixin: computing Jacobian on device
[06-24 14:17:25][DEBUG] jax_fem: Function split_and_compute_cell took 0.0533 seconds
[06-24 14:17:25][DEBUG] jax_fem: CuDSSNewtonSolver: initial residual = 7.049e+05
[06-24 14:17:25][DEBUG] jax_fem: JaxAssembledMixin: computing Jacobian on device
[06-24 14:17:25][DEBUG] jax_fem: Function split_and_compute_cell took 0.0423 seconds
[06-24 14:17:25][DEBUG] jax_fem: CuDSSNewtonSolver: iter=1  res=7.019e-06  rel=9.958e-12
[06-24 14:17:25][INFO] jax_fem: CuDSSNewtonSolver: solve finished in 0.14s  res=7.019e-06
[06-24 14:17:25][DEBUG] jax_fem: CuDSSNewtonSolver: starting Newton loop
[06-24 14:17:25][DEBUG] jax_fem: JaxAssembledMixin: computing Jacobian on device
[06-24 14:17:26][DEBUG] jax_fem: Function split_and_compute_cell took 0.0362 seconds
[06-24 14:17:26][DEBUG] jax_fem: CuDSSNewtonSolver: initial residual = 6.891e+05
[06-24 14:17:26][DEBUG] jax_fem: JaxAssembledMixin: computing Jacobian on device
[06-24 14:17:26][DEBUG] jax_fem: Function split_and_compute_cell took 0.0351 seconds
[06-24 14:17:26][DEBUG] jax_fem: CuDSSNewtonSolver: iter=1  res=7.706e-06  rel=1.118e-11
[06-24 14:17:26][INFO] jax_fem: CuDSSNewtonSolver: solve finished in 0.12s  res=7.706e-06
[06-24 14:17:27][DEBUG] jax_fem: CuDSSNewtonSolver: starting Newton loop
[06-24 14:17:27][DEBUG] jax_fem: JaxAssembledMixin: computing Jacobian on device
[06-24 14:17:27][DEBUG] jax_fem: Function split_and_compute_cell took 0.0287 seconds
[06-24 14:17:28][DEBUG] jax_fem: CuDSSNewtonSolver: initial residual = 7.216e+05
[06-24 14:17:28][DEBUG] jax_fem: JaxAssembledMixin: computing Jacobian on device
[06-24 14:17:28][DEBUG] jax_fem: Function split_and_compute_cell took 0.0264 seconds
[06-24 14:17:28][DEBUG] jax_fem: CuDSSNewtonSolver: iter=1  res=5.818e-06  rel=8.062e-12
[06-24 14:17:28][INFO] jax_fem: CuDSSNewtonSolver: solve finished in 0.09s  res=5.818e-06
[06-24 14:17:28][DEBUG] jax_fem: CuDSSNewtonSolver: starting Newton loop
[06-24 14:17:28][DEBUG] jax_fem: JaxAssembledMixin: computing Jacobian on device
[06-24 14:17:28][DEBUG] jax_fem: Function split_and_compute_cell took 0.0262 seconds
[06-24 14:17:28][DEBUG] jax_fem: CuDSSNewtonSolver: initial residual = 7.188e+05
[06-24 14:17:28][DEBUG] jax_fem: JaxAssembledMixin: computing Jacobian on device
[06-24 14:17:28][DEBUG] jax_fem: Function split_and_compute_cell took 0.0260 seconds
[06-24 14:17:28][DEBUG] jax_fem: CuDSSNewtonSolver: iter=1  res=7.260e-06  rel=1.010e-11
[06-24 14:17:28][INFO] jax_fem: CuDSSNewtonSolver: solve finished in 0.09s  res=7.260e-06
[06-24 14:17:29][DEBUG] jax_fem: CuDSSNewtonSolver: starting Newton loop
[06-24 14:17:29][DEBUG] jax_fem: JaxAssembledMixin: computing Jacobian on device
[06-24 14:17:29][DEBUG] jax_fem: Function split_and_compute_cell took 0.0283 seconds
[06-24 14:17:29][DEBUG] jax_fem: CuDSSNewtonSolver: initial residual = 7.101e+05
[06-24 14:17:29][DEBUG] jax_fem: JaxAssembledMixin: computing Jacobian on device
[06-24 14:17:29][DEBUG] jax_fem: Function split_and_compute_cell took 0.0257 seconds
[06-24 14:17:29][DEBUG] jax_fem: CuDSSNewtonSolver: iter=1  res=6.098e-06  rel=8.588e-12
[06-24 14:17:29][INFO] jax_fem: CuDSSNewtonSolver: solve finished in 0.09s  res=6.098e-06
[06-24 14:17:30][DEBUG] jax_fem: CuDSSNewtonSolver: starting Newton loop
[06-24 14:17:30][DEBUG] jax_fem: JaxAssembledMixin: computing Jacobian on device
[06-24 14:17:30][DEBUG] jax_fem: Function split_and_compute_cell took 0.0273 seconds
[06-24 14:17:30][DEBUG] jax_fem: CuDSSNewtonSolver: initial residual = 7.049e+05
[06-24 14:17:30][DEBUG] jax_fem: JaxAssembledMixin: computing Jacobian on device
[06-24 14:17:30][DEBUG] jax_fem: Function split_and_compute_cell took 0.0263 seconds
[06-24 14:17:30][DEBUG] jax_fem: CuDSSNewtonSolver: iter=1  res=7.105e-06  rel=1.008e-11
[06-24 14:17:30][INFO] jax_fem: CuDSSNewtonSolver: solve finished in 0.09s  res=7.105e-06
[06-24 14:17:30][DEBUG] jax_fem: CuDSSNewtonSolver: starting Newton loop
[06-24 14:17:30][DEBUG] jax_fem: JaxAssembledMixin: computing Jacobian on device
[06-24 14:17:30][DEBUG] jax_fem: Function split_and_compute_cell took 0.0265 seconds
[06-24 14:17:30][DEBUG] jax_fem: CuDSSNewtonSolver: initial residual = 6.891e+05
[06-24 14:17:30][DEBUG] jax_fem: JaxAssembledMixin: computing Jacobian on device
[06-24 14:17:30][DEBUG] jax_fem: Function split_and_compute_cell took 0.0306 seconds
[06-24 14:17:30][DEBUG] jax_fem: CuDSSNewtonSolver: iter=1  res=7.590e-06  rel=1.101e-11
[06-24 14:17:30][INFO] jax_fem: CuDSSNewtonSolver: solve finished in 0.09s  res=7.590e-06
[06-24 14:17:31][INFO] jax_fem: CuDSS backward: solving adjoint problem …
[06-24 14:17:31][DEBUG] jax_fem: JaxAssembledMixin: computing Jacobian on device
[06-24 14:17:31][DEBUG] jax_fem: Function split_and_compute_cell took 0.0613 seconds
[06-24 14:17:31][DEBUG] jax_fem: Computing cell residual...
[06-24 14:17:31][DEBUG] jax_fem: Function split_and_compute_cell took 0.0787 seconds
[06-24 14:17:31][INFO] jax_fem: CuDSS backward: solving adjoint problem …
[06-24 14:17:31][DEBUG] jax_fem: JaxAssembledMixin: computing Jacobian on device
[06-24 14:17:31][DEBUG] jax_fem: Function split_and_compute_cell took 0.0530 seconds
[06-24 14:17:31][DEBUG] jax_fem: Computing cell residual...
[06-24 14:17:31][DEBUG] jax_fem: Function split_and_compute_cell took 0.0802 seconds
[06-24 14:17:32][INFO] jax_fem: CuDSS backward: solving adjoint problem …
[06-24 14:17:32][DEBUG] jax_fem: JaxAssembledMixin: computing Jacobian on device
[06-24 14:17:32][DEBUG] jax_fem: Function split_and_compute_cell took 0.0481 seconds
[06-24 14:17:32][DEBUG] jax_fem: Computing cell residual...
[06-24 14:17:32][DEBUG] jax_fem: Function split_and_compute_cell took 0.0669 seconds
[06-24 14:17:32][INFO] jax_fem: CuDSS backward: solving adjoint problem …
[06-24 14:17:32][DEBUG] jax_fem: JaxAssembledMixin: computing Jacobian on device
[06-24 14:17:32][DEBUG] jax_fem: Function split_and_compute_cell took 0.0519 seconds
[06-24 14:17:32][DEBUG] jax_fem: Computing cell residual...
[06-24 14:17:32][DEBUG] jax_fem: Function split_and_compute_cell took 0.0758 seconds
[06-24 14:17:33][INFO] jax_fem: CuDSS backward: solving adjoint problem …
[06-24 14:17:33][DEBUG] jax_fem: JaxAssembledMixin: computing Jacobian on device
[06-24 14:17:33][DEBUG] jax_fem: Function split_and_compute_cell took 0.0490 seconds
[06-24 14:17:33][DEBUG] jax_fem: Computing cell residual...
[06-24 14:17:33][DEBUG] jax_fem: Function split_and_compute_cell took 0.0553 seconds
[06-24 14:17:35][DEBUG] jax_fem: CuDSSNewtonSolver: starting Newton loop
[06-24 14:17:35][DEBUG] jax_fem: JaxAssembledMixin: computing Jacobian on device
[06-24 14:17:35][DEBUG] jax_fem: Function split_and_compute_cell took 0.0498 seconds
[06-24 14:17:35][DEBUG] jax_fem: CuDSSNewtonSolver: initial residual = 7.216e+05
[06-24 14:17:35][DEBUG] jax_fem: JaxAssembledMixin: computing Jacobian on device
[06-24 14:17:35][DEBUG] jax_fem: Function split_and_compute_cell took 0.0556 seconds
[06-24 14:17:35][DEBUG] jax_fem: CuDSSNewtonSolver: iter=1  res=5.884e-06  rel=8.154e-12
[06-24 14:17:35][INFO] jax_fem: CuDSSNewtonSolver: solve finished in 0.15s  res=5.884e-06
[06-24 14:17:35][DEBUG] jax_fem: CuDSSNewtonSolver: starting Newton loop
[06-24 14:17:35][DEBUG] jax_fem: JaxAssembledMixin: computing Jacobian on device
[06-24 14:17:35][DEBUG] jax_fem: Function split_and_compute_cell took 0.0548 seconds
[06-24 14:17:35][DEBUG] jax_fem: CuDSSNewtonSolver: initial residual = 7.188e+05
[06-24 14:17:35][DEBUG] jax_fem: JaxAssembledMixin: computing Jacobian on device
[06-24 14:17:35][DEBUG] jax_fem: Function split_and_compute_cell took 0.0604 seconds
[06-24 14:17:35][DEBUG] jax_fem: CuDSSNewtonSolver: iter=1  res=7.411e-06  rel=1.031e-11
[06-24 14:17:35][INFO] jax_fem: CuDSSNewtonSolver: solve finished in 0.16s  res=7.411e-06
[06-24 14:17:36][DEBUG] jax_fem: CuDSSNewtonSolver: starting Newton loop
[06-24 14:17:36][DEBUG] jax_fem: JaxAssembledMixin: computing Jacobian on device
[06-24 14:17:36][DEBUG] jax_fem: Function split_and_compute_cell took 0.0398 seconds
[06-24 14:17:36][DEBUG] jax_fem: CuDSSNewtonSolver: initial residual = 7.101e+05
[06-24 14:17:36][DEBUG] jax_fem: JaxAssembledMixin: computing Jacobian on device
[06-24 14:17:36][DEBUG] jax_fem: Function split_and_compute_cell took 0.0379 seconds
[06-24 14:17:36][DEBUG] jax_fem: CuDSSNewtonSolver: iter=1  res=6.064e-06  rel=8.541e-12
[06-24 14:17:36][INFO] jax_fem: CuDSSNewtonSolver: solve finished in 0.13s  res=6.064e-06
[06-24 14:17:36][DEBUG] jax_fem: CuDSSNewtonSolver: starting Newton loop
[06-24 14:17:36][DEBUG] jax_fem: JaxAssembledMixin: computing Jacobian on device
[06-24 14:17:36][DEBUG] jax_fem: Function split_and_compute_cell took 0.0419 seconds
[06-24 14:17:36][DEBUG] jax_fem: CuDSSNewtonSolver: initial residual = 7.049e+05
[06-24 14:17:36][DEBUG] jax_fem: JaxAssembledMixin: computing Jacobian on device
[06-24 14:17:36][DEBUG] jax_fem: Function split_and_compute_cell took 0.0412 seconds
[06-24 14:17:36][DEBUG] jax_fem: CuDSSNewtonSolver: iter=1  res=6.980e-06  rel=9.902e-12
[06-24 14:17:36][INFO] jax_fem: CuDSSNewtonSolver: solve finished in 0.12s  res=6.980e-06
[06-24 14:17:36][DEBUG] jax_fem: CuDSSNewtonSolver: starting Newton loop
[06-24 14:17:36][DEBUG] jax_fem: JaxAssembledMixin: computing Jacobian on device
[06-24 14:17:37][DEBUG] jax_fem: Function split_and_compute_cell took 0.0469 seconds
[06-24 14:17:37][DEBUG] jax_fem: CuDSSNewtonSolver: initial residual = 6.891e+05
[06-24 14:17:37][DEBUG] jax_fem: JaxAssembledMixin: computing Jacobian on device
[06-24 14:17:37][DEBUG] jax_fem: Function split_and_compute_cell took 0.0559 seconds
[06-24 14:17:37][DEBUG] jax_fem: CuDSSNewtonSolver: iter=1  res=7.554e-06  rel=1.096e-11
[06-24 14:17:37][INFO] jax_fem: CuDSSNewtonSolver: solve finished in 0.15s  res=7.554e-06
[06-24 14:17:39][DEBUG] jax_fem: CuDSSNewtonSolver: starting Newton loop
[06-24 14:17:39][DEBUG] jax_fem: JaxAssembledMixin: computing Jacobian on device
[06-24 14:17:39][DEBUG] jax_fem: Function split_and_compute_cell took 0.0257 seconds
[06-24 14:17:39][DEBUG] jax_fem: CuDSSNewtonSolver: initial residual = 7.216e+05
[06-24 14:17:39][DEBUG] jax_fem: JaxAssembledMixin: computing Jacobian on device
[06-24 14:17:39][DEBUG] jax_fem: Function split_and_compute_cell took 0.0293 seconds
[06-24 14:17:39][DEBUG] jax_fem: CuDSSNewtonSolver: iter=1  res=5.822e-06  rel=8.068e-12
[06-24 14:17:39][INFO] jax_fem: CuDSSNewtonSolver: solve finished in 0.09s  res=5.822e-06
[06-24 14:17:39][DEBUG] jax_fem: CuDSSNewtonSolver: starting Newton loop
[06-24 14:17:39][DEBUG] jax_fem: JaxAssembledMixin: computing Jacobian on device
[06-24 14:17:39][DEBUG] jax_fem: Function split_and_compute_cell took 0.0278 seconds
[06-24 14:17:39][DEBUG] jax_fem: CuDSSNewtonSolver: initial residual = 7.188e+05
[06-24 14:17:39][DEBUG] jax_fem: JaxAssembledMixin: computing Jacobian on device
[06-24 14:17:39][DEBUG] jax_fem: Function split_and_compute_cell took 0.0258 seconds
[06-24 14:17:39][DEBUG] jax_fem: CuDSSNewtonSolver: iter=1  res=7.072e-06  rel=9.837e-12
[06-24 14:17:39][INFO] jax_fem: CuDSSNewtonSolver: solve finished in 0.10s  res=7.072e-06
[06-24 14:17:40][DEBUG] jax_fem: CuDSSNewtonSolver: starting Newton loop
[06-24 14:17:40][DEBUG] jax_fem: JaxAssembledMixin: computing Jacobian on device
[06-24 14:17:40][DEBUG] jax_fem: Function split_and_compute_cell took 0.0252 seconds
[06-24 14:17:40][DEBUG] jax_fem: CuDSSNewtonSolver: initial residual = 7.101e+05
[06-24 14:17:40][DEBUG] jax_fem: JaxAssembledMixin: computing Jacobian on device
[06-24 14:17:40][DEBUG] jax_fem: Function split_and_compute_cell took 0.0270 seconds
[06-24 14:17:40][DEBUG] jax_fem: CuDSSNewtonSolver: iter=1  res=5.985e-06  rel=8.428e-12
[06-24 14:17:40][INFO] jax_fem: CuDSSNewtonSolver: solve finished in 0.09s  res=5.985e-06
[06-24 14:17:41][DEBUG] jax_fem: CuDSSNewtonSolver: starting Newton loop
[06-24 14:17:41][DEBUG] jax_fem: JaxAssembledMixin: computing Jacobian on device
[06-24 14:17:41][DEBUG] jax_fem: Function split_and_compute_cell took 0.0258 seconds
[06-24 14:17:41][DEBUG] jax_fem: CuDSSNewtonSolver: initial residual = 7.049e+05
[06-24 14:17:41][DEBUG] jax_fem: JaxAssembledMixin: computing Jacobian on device
[06-24 14:17:41][DEBUG] jax_fem: Function split_and_compute_cell took 0.0254 seconds
[06-24 14:17:41][DEBUG] jax_fem: CuDSSNewtonSolver: iter=1  res=6.759e-06  rel=9.588e-12
[06-24 14:17:41][INFO] jax_fem: CuDSSNewtonSolver: solve finished in 0.09s  res=6.759e-06
[06-24 14:17:41][DEBUG] jax_fem: CuDSSNewtonSolver: starting Newton loop
[06-24 14:17:41][DEBUG] jax_fem: JaxAssembledMixin: computing Jacobian on device
[06-24 14:17:42][DEBUG] jax_fem: Function split_and_compute_cell took 0.0258 seconds
[06-24 14:17:42][DEBUG] jax_fem: CuDSSNewtonSolver: initial residual = 6.891e+05
[06-24 14:17:42][DEBUG] jax_fem: JaxAssembledMixin: computing Jacobian on device
[06-24 14:17:42][DEBUG] jax_fem: Function split_and_compute_cell took 0.0261 seconds
[06-24 14:17:42][DEBUG] jax_fem: CuDSSNewtonSolver: iter=1  res=7.838e-06  rel=1.138e-11
[06-24 14:17:42][INFO] jax_fem: CuDSSNewtonSolver: solve finished in 0.09s  res=7.838e-06
[06-24 14:17:42][INFO] jax_fem: CuDSS backward: solving adjoint problem …
[06-24 14:17:42][DEBUG] jax_fem: JaxAssembledMixin: computing Jacobian on device
[06-24 14:17:42][DEBUG] jax_fem: Function split_and_compute_cell took 0.0441 seconds
[06-24 14:17:42][DEBUG] jax_fem: Computing cell residual...
[06-24 14:17:42][DEBUG] jax_fem: Function split_and_compute_cell took 0.0764 seconds
[06-24 14:17:42][INFO] jax_fem: CuDSS backward: solving adjoint problem …
[06-24 14:17:42][DEBUG] jax_fem: JaxAssembledMixin: computing Jacobian on device
[06-24 14:17:42][DEBUG] jax_fem: Function split_and_compute_cell took 0.0262 seconds
[06-24 14:17:42][DEBUG] jax_fem: Computing cell residual...
[06-24 14:17:42][DEBUG] jax_fem: Function split_and_compute_cell took 0.0748 seconds
[06-24 14:17:43][INFO] jax_fem: CuDSS backward: solving adjoint problem …
[06-24 14:17:43][DEBUG] jax_fem: JaxAssembledMixin: computing Jacobian on device
[06-24 14:17:43][DEBUG] jax_fem: Function split_and_compute_cell took 0.0407 seconds
[06-24 14:17:43][DEBUG] jax_fem: Computing cell residual...
[06-24 14:17:43][DEBUG] jax_fem: Function split_and_compute_cell took 0.0762 seconds
[06-24 14:17:43][INFO] jax_fem: CuDSS backward: solving adjoint problem …
[06-24 14:17:43][DEBUG] jax_fem: JaxAssembledMixin: computing Jacobian on device
[06-24 14:17:43][DEBUG] jax_fem: Function split_and_compute_cell took 0.0660 seconds
[06-24 14:17:43][DEBUG] jax_fem: Computing cell residual...
[06-24 14:17:43][DEBUG] jax_fem: Function split_and_compute_cell took 0.0779 seconds
[06-24 14:17:43][INFO] jax_fem: CuDSS backward: solving adjoint problem …
[06-24 14:17:43][DEBUG] jax_fem: JaxAssembledMixin: computing Jacobian on device
[06-24 14:17:44][DEBUG] jax_fem: Function split_and_compute_cell took 0.0496 seconds
[06-24 14:17:44][DEBUG] jax_fem: Computing cell residual...
[06-24 14:17:44][DEBUG] jax_fem: Function split_and_compute_cell took 0.0654 seconds
[06-24 14:17:45][DEBUG] jax_fem: CuDSSNewtonSolver: starting Newton loop
[06-24 14:17:45][DEBUG] jax_fem: JaxAssembledMixin: computing Jacobian on device
[06-24 14:17:46][DEBUG] jax_fem: Function split_and_compute_cell took 0.0261 seconds
[06-24 14:17:46][DEBUG] jax_fem: CuDSSNewtonSolver: initial residual = 7.216e+05
[06-24 14:17:46][DEBUG] jax_fem: JaxAssembledMixin: computing Jacobian on device
[06-24 14:17:46][DEBUG] jax_fem: Function split_and_compute_cell took 0.0356 seconds
[06-24 14:17:46][DEBUG] jax_fem: CuDSSNewtonSolver: iter=1  res=5.942e-06  rel=8.235e-12
[06-24 14:17:46][INFO] jax_fem: CuDSSNewtonSolver: solve finished in 0.11s  res=5.942e-06
[06-24 14:17:46][DEBUG] jax_fem: CuDSSNewtonSolver: starting Newton loop
[06-24 14:17:46][DEBUG] jax_fem: JaxAssembledMixin: computing Jacobian on device
[06-24 14:17:46][DEBUG] jax_fem: Function split_and_compute_cell took 0.0306 seconds
[06-24 14:17:46][DEBUG] jax_fem: CuDSSNewtonSolver: initial residual = 7.188e+05
[06-24 14:17:46][DEBUG] jax_fem: JaxAssembledMixin: computing Jacobian on device
[06-24 14:17:46][DEBUG] jax_fem: Function split_and_compute_cell took 0.0301 seconds
[06-24 14:17:46][DEBUG] jax_fem: CuDSSNewtonSolver: iter=1  res=7.148e-06  rel=9.943e-12
[06-24 14:17:46][INFO] jax_fem: CuDSSNewtonSolver: solve finished in 0.10s  res=7.148e-06
[06-24 14:17:46][DEBUG] jax_fem: CuDSSNewtonSolver: starting Newton loop
[06-24 14:17:46][DEBUG] jax_fem: JaxAssembledMixin: computing Jacobian on device
[06-24 14:17:46][DEBUG] jax_fem: Function split_and_compute_cell took 0.0469 seconds
[06-24 14:17:46][DEBUG] jax_fem: CuDSSNewtonSolver: initial residual = 7.101e+05
[06-24 14:17:46][DEBUG] jax_fem: JaxAssembledMixin: computing Jacobian on device
[06-24 14:17:46][DEBUG] jax_fem: Function split_and_compute_cell took 0.0457 seconds
[06-24 14:17:46][DEBUG] jax_fem: CuDSSNewtonSolver: iter=1  res=6.124e-06  rel=8.625e-12
[06-24 14:17:46][INFO] jax_fem: CuDSSNewtonSolver: solve finished in 0.14s  res=6.124e-06
[06-24 14:17:47][DEBUG] jax_fem: CuDSSNewtonSolver: starting Newton loop
[06-24 14:17:47][DEBUG] jax_fem: JaxAssembledMixin: computing Jacobian on device
[06-24 14:17:47][DEBUG] jax_fem: Function split_and_compute_cell took 0.0603 seconds
[06-24 14:17:47][DEBUG] jax_fem: CuDSSNewtonSolver: initial residual = 7.049e+05
[06-24 14:17:47][DEBUG] jax_fem: JaxAssembledMixin: computing Jacobian on device
[06-24 14:17:47][DEBUG] jax_fem: Function split_and_compute_cell took 0.0585 seconds
[06-24 14:17:47][DEBUG] jax_fem: CuDSSNewtonSolver: iter=1  res=6.986e-06  rel=9.911e-12
[06-24 14:17:47][INFO] jax_fem: CuDSSNewtonSolver: solve finished in 0.17s  res=6.986e-06
[06-24 14:17:47][DEBUG] jax_fem: CuDSSNewtonSolver: starting Newton loop
[06-24 14:17:47][DEBUG] jax_fem: JaxAssembledMixin: computing Jacobian on device
[06-24 14:17:47][DEBUG] jax_fem: Function split_and_compute_cell took 0.0539 seconds
[06-24 14:17:47][DEBUG] jax_fem: CuDSSNewtonSolver: initial residual = 6.891e+05
[06-24 14:17:47][DEBUG] jax_fem: JaxAssembledMixin: computing Jacobian on device
[06-24 14:17:47][DEBUG] jax_fem: Function split_and_compute_cell took 0.0607 seconds
[06-24 14:17:47][DEBUG] jax_fem: CuDSSNewtonSolver: iter=1  res=7.448e-06  rel=1.081e-11
[06-24 14:17:47][INFO] jax_fem: CuDSSNewtonSolver: solve finished in 0.16s  res=7.448e-06
[06-24 14:17:49][DEBUG] jax_fem: CuDSSNewtonSolver: starting Newton loop
[06-24 14:17:49][DEBUG] jax_fem: JaxAssembledMixin: computing Jacobian on device
[06-24 14:17:50][DEBUG] jax_fem: Function split_and_compute_cell took 0.0276 seconds
[06-24 14:17:50][DEBUG] jax_fem: CuDSSNewtonSolver: initial residual = 7.216e+05
[06-24 14:17:50][DEBUG] jax_fem: JaxAssembledMixin: computing Jacobian on device
[06-24 14:17:50][DEBUG] jax_fem: Function split_and_compute_cell took 0.0280 seconds
[06-24 14:17:50][DEBUG] jax_fem: CuDSSNewtonSolver: iter=1  res=5.935e-06  rel=8.225e-12
[06-24 14:17:50][INFO] jax_fem: CuDSSNewtonSolver: solve finished in 0.09s  res=5.935e-06
[06-24 14:17:50][DEBUG] jax_fem: CuDSSNewtonSolver: starting Newton loop
[06-24 14:17:50][DEBUG] jax_fem: JaxAssembledMixin: computing Jacobian on device
[06-24 14:17:50][DEBUG] jax_fem: Function split_and_compute_cell took 0.0270 seconds
[06-24 14:17:50][DEBUG] jax_fem: CuDSSNewtonSolver: initial residual = 7.188e+05
[06-24 14:17:50][DEBUG] jax_fem: JaxAssembledMixin: computing Jacobian on device
[06-24 14:17:50][DEBUG] jax_fem: Function split_and_compute_cell took 0.0278 seconds
[06-24 14:17:50][DEBUG] jax_fem: CuDSSNewtonSolver: iter=1  res=7.467e-06  rel=1.039e-11
[06-24 14:17:50][INFO] jax_fem: CuDSSNewtonSolver: solve finished in 0.09s  res=7.467e-06
[06-24 14:17:51][DEBUG] jax_fem: CuDSSNewtonSolver: starting Newton loop
[06-24 14:17:51][DEBUG] jax_fem: JaxAssembledMixin: computing Jacobian on device
[06-24 14:17:51][DEBUG] jax_fem: Function split_and_compute_cell took 0.0256 seconds
[06-24 14:17:51][DEBUG] jax_fem: CuDSSNewtonSolver: initial residual = 7.101e+05
[06-24 14:17:51][DEBUG] jax_fem: JaxAssembledMixin: computing Jacobian on device
[06-24 14:17:51][DEBUG] jax_fem: Function split_and_compute_cell took 0.0261 seconds
[06-24 14:17:51][DEBUG] jax_fem: CuDSSNewtonSolver: iter=1  res=5.928e-06  rel=8.349e-12
[06-24 14:17:51][INFO] jax_fem: CuDSSNewtonSolver: solve finished in 0.09s  res=5.928e-06
[06-24 14:17:52][DEBUG] jax_fem: CuDSSNewtonSolver: starting Newton loop
[06-24 14:17:52][DEBUG] jax_fem: JaxAssembledMixin: computing Jacobian on device
[06-24 14:17:52][DEBUG] jax_fem: Function split_and_compute_cell took 0.0263 seconds
[06-24 14:17:52][DEBUG] jax_fem: CuDSSNewtonSolver: initial residual = 7.049e+05
[06-24 14:17:52][DEBUG] jax_fem: JaxAssembledMixin: computing Jacobian on device
[06-24 14:17:52][DEBUG] jax_fem: Function split_and_compute_cell took 0.0270 seconds
[06-24 14:17:52][DEBUG] jax_fem: CuDSSNewtonSolver: iter=1  res=6.971e-06  rel=9.889e-12
[06-24 14:17:52][INFO] jax_fem: CuDSSNewtonSolver: solve finished in 0.09s  res=6.971e-06
[06-24 14:17:52][DEBUG] jax_fem: CuDSSNewtonSolver: starting Newton loop
[06-24 14:17:52][DEBUG] jax_fem: JaxAssembledMixin: computing Jacobian on device
[06-24 14:17:52][DEBUG] jax_fem: Function split_and_compute_cell took 0.0257 seconds
[06-24 14:17:52][DEBUG] jax_fem: CuDSSNewtonSolver: initial residual = 6.891e+05
[06-24 14:17:52][DEBUG] jax_fem: JaxAssembledMixin: computing Jacobian on device
[06-24 14:17:53][DEBUG] jax_fem: Function split_and_compute_cell took 0.0261 seconds
[06-24 14:17:53][DEBUG] jax_fem: CuDSSNewtonSolver: iter=1  res=7.692e-06  rel=1.116e-11
[06-24 14:17:53][INFO] jax_fem: CuDSSNewtonSolver: solve finished in 0.09s  res=7.692e-06
[06-24 14:17:53][INFO] jax_fem: CuDSS backward: solving adjoint problem …
[06-24 14:17:53][DEBUG] jax_fem: JaxAssembledMixin: computing Jacobian on device
[06-24 14:17:53][DEBUG] jax_fem: Function split_and_compute_cell took 0.0385 seconds
[06-24 14:17:53][DEBUG] jax_fem: Computing cell residual...
[06-24 14:17:53][DEBUG] jax_fem: Function split_and_compute_cell took 0.0609 seconds
[06-24 14:17:53][INFO] jax_fem: CuDSS backward: solving adjoint problem …
[06-24 14:17:53][DEBUG] jax_fem: JaxAssembledMixin: computing Jacobian on device
[06-24 14:17:53][DEBUG] jax_fem: Function split_and_compute_cell took 0.0495 seconds
[06-24 14:17:53][DEBUG] jax_fem: Computing cell residual...
[06-24 14:17:53][DEBUG] jax_fem: Function split_and_compute_cell took 0.0661 seconds
[06-24 14:17:53][INFO] jax_fem: CuDSS backward: solving adjoint problem …
[06-24 14:17:53][DEBUG] jax_fem: JaxAssembledMixin: computing Jacobian on device
[06-24 14:17:54][DEBUG] jax_fem: Function split_and_compute_cell took 0.0483 seconds
[06-24 14:17:54][DEBUG] jax_fem: Computing cell residual...
[06-24 14:17:54][DEBUG] jax_fem: Function split_and_compute_cell took 0.0646 seconds
[06-24 14:17:54][INFO] jax_fem: CuDSS backward: solving adjoint problem …
[06-24 14:17:54][DEBUG] jax_fem: JaxAssembledMixin: computing Jacobian on device
[06-24 14:17:54][DEBUG] jax_fem: Function split_and_compute_cell took 0.0287 seconds
[06-24 14:17:54][DEBUG] jax_fem: Computing cell residual...
[06-24 14:17:54][DEBUG] jax_fem: Function split_and_compute_cell took 0.0721 seconds
[06-24 14:17:54][INFO] jax_fem: CuDSS backward: solving adjoint problem …
[06-24 14:17:54][DEBUG] jax_fem: JaxAssembledMixin: computing Jacobian on device
[06-24 14:17:54][DEBUG] jax_fem: Function split_and_compute_cell took 0.0352 seconds
[06-24 14:17:54][DEBUG] jax_fem: Computing cell residual...
[06-24 14:17:54][DEBUG] jax_fem: Function split_and_compute_cell took 0.0580 seconds
